timestamp,robot_id,v_cmd,w_cmd
1777384359.061737,tb7,-0.007465685748127417,-1.5
1777384359.1050608,tb1,0.18,-0.1888504769128427
1777384359.1117382,tb7,-0.006276996036164375,-1.5
1777384359.1548648,tb1,0.18,-0.18868008079946433
1777384359.1617281,tb7,-0.006250800111342853,-1.5
1777384359.2048898,tb1,0.18,-0.18824099788717014
1777384359.2117043,tb7,-0.006211709206589183,-1.5
1777384359.2560017,tb1,0.18,-0.189666573743269
1777384359.2617178,tb7,-0.007458471979094917,-1.5000000000000002
1777384359.3050952,tb1,0.18,-0.18898729520136112
1777384359.3118317,tb7,-0.006339602033965723,-1.5
1777384359.3548536,tb1,0.18,-0.1887838776774467
1777384359.361637,tb7,-0.006258795068860053,-1.5
1777384359.4050188,tb1,0.18,-0.18845337215517627
1777384359.4117281,tb7,-0.006249273686448744,-1.5
1777384359.4547193,tb1,0.18,-0.18938892133352045
1777384359.4619596,tb7,-0.0075187024606369075,-1.5
1777384359.5048406,tb1,0.18,-0.1888446202489758
1777384359.5117111,tb7,-0.006273851522846992,-1.5
1777384359.554739,tb1,0.18,-0.18856761722091755
1777384359.5617056,tb7,-0.006272679728747665,-1.5
1777384359.6047385,tb1,0.18,-0.18852732454022073
1777384359.611817,tb7,-0.006127517618905847,-1.5
1777384359.6547318,tb1,0.18,-0.18959721790914688
1777384359.6616392,tb7,-0.007606106261648735,-1.5
1777384359.705159,tb1,0.18,-0.18880470053422785
1777384359.7117367,tb7,-0.006236804478515986,-1.5
1777384359.755028,tb1,0.18,-0.188670871465369
1777384359.7616074,tb7,-0.006101910110561359,-1.5
1777384359.8050249,tb1,0.18,-0.18893526604426733
1777384359.8115766,tb7,-0.0062713462842909455,-1.5000000000000002
1777384359.8553143,tb1,0.18,-0.18941688466369286
1777384359.8615756,tb7,-0.007768901246561833,-1.5
1777384359.9050188,tb1,0.18,-0.18881313179641962
1777384359.9116235,tb7,-0.006275018375051814,-1.5
1777384359.9551888,tb1,0.18,-0.18861533458081353
1777384359.961733,tb7,-0.006155898128190306,-1.5
1777384360.0047262,tb1,0.18,-0.1886419346726866
1777384360.0117402,tb7,-0.006254606114350133,-1.5
1777384360.0549757,tb1,0.18,-0.1890186908478822
1777384360.0617611,tb7,-0.007830713659178203,-1.5
1777384360.1049411,tb1,0.18,-0.18883504434607973
1777384360.111743,tb7,-0.0063098571926332,-1.4999999999999998
1777384360.1549492,tb1,0.18,-0.18867139437484834
1777384360.161702,tb7,-0.006250897777980227,-1.5
1777384360.2049942,tb1,0.18,-0.18859135405352523
1777384360.2116902,tb7,-0.006321836464320351,-1.5
1777384360.2548103,tb1,0.18,-0.18928542093735184
1777384360.2616632,tb7,-0.00786015691739104,-1.4999999999999998
1777384360.3048244,tb1,0.18,-0.18887648580189745
1777384360.3116653,tb7,-0.006311682113355881,-1.5
1777384360.3550735,tb1,0.18,-0.1887184753840776
1777384360.3616815,tb7,-0.006259613573465026,-1.5
1777384360.4049473,tb1,0.18,-0.18856033107809708
1777384360.4117103,tb7,-0.006177926350974269,-1.4999999999999998
1777384360.4550006,tb1,0.18,-0.18918512304078086
1777384360.461768,tb7,-0.007912849916028891,-1.5
1777384360.504709,tb1,0.18,-0.18888284862300161
1777384360.5116758,tb7,-0.006075060554570491,-1.5
1777384360.5550086,tb1,0.18,-0.18856197479625464
1777384360.5619094,tb7,-0.006259932317491052,-1.5
1777384360.6047573,tb1,0.18,-0.18879465008302346
1777384360.6119084,tb7,-0.006228487477249573,-1.5
1777384360.654936,tb1,0.18,-0.18932818694881054
1777384360.6617687,tb7,-0.008004944371426528,-1.4999999999999998
1777384360.7049122,tb1,0.18,-0.18860016653370995
1777384360.711739,tb7,-0.0062347795209615935,-1.4999999999999998
1777384360.754752,tb1,0.18,-0.18849585822495926
1777384360.761707,tb7,-0.006144698259686339,-1.5
1777384360.8048356,tb1,0.18,-0.1886175656169854
1777384360.8116937,tb7,-0.006122423334721968,-1.5
1777384360.8547688,tb1,0.18,-0.18897976836310776
1777384360.8616524,tb7,-0.008075543743647466,-1.5
1777384360.9048088,tb1,0.18,-0.1929176021155055
1777384360.911704,tb7,-0.006253573091535079,-1.5
1777384360.95494,tb1,0.18,-0.19307024024987435
1777384360.961673,tb7,-0.006196287254716789,-1.5
1777384361.004763,tb1,0.18,-0.19308037087966318
1777384361.01167,tb7,-0.006235039099670408,-1.5000000000000002
1777384361.0549407,tb1,0.18,-0.19319505155846622
1777384361.061708,tb7,-0.00811839882625361,-1.5
1777384361.1047304,tb1,0.18,-0.19301908866587472
1777384361.1117642,tb7,-0.0062006970384058824,-1.5
1777384361.1550045,tb1,0.18,-0.1931461761940606
1777384361.1616967,tb7,-0.0062222152603889054,-1.5
1777384361.2051532,tb1,0.18,-0.19294057956933572
1777384361.2116406,tb7,-0.006301160211585448,-1.5
1777384361.2547634,tb1,0.18,-0.19297344341980743
1777384361.2615995,tb7,-0.008174063772877747,-1.4999999999999998
1777384361.3050215,tb1,0.18,-0.1930507680525137
1777384361.3115513,tb7,-0.006045503639672315,-1.5
1777384361.3547351,tb1,0.18,-0.19266479729371444
1777384361.361708,tb7,-0.0062603645766508296,-1.5
1777384361.4047503,tb1,0.18,-0.19291417439799657
1777384361.4115677,tb7,-0.006098639863230607,-1.5
1777384361.4548004,tb1,0.18,-0.1934402820937992
1777384361.4617066,tb7,-0.008184479642636381,-1.5
1777384361.5047176,tb1,0.18,-0.1931176603919851
1777384361.511719,tb7,-0.006238262799616014,-1.5000000000000002
1777384361.554755,tb1,0.18,-0.1929302278877276
1777384361.5617328,tb7,-0.006264418738309421,-1.5
1777384361.6047509,tb1,0.18,-0.1932207989770857
1777384361.6115346,tb7,-0.006278444239236832,-1.5
1777384361.6549132,tb1,0.18,-0.19303235691735623
1777384361.6617224,tb7,-0.006180402008462816,-1.5
1777384361.7047348,tb1,0.18,-0.19262860769191367
1777384361.7114842,tb7,-0.006117860766421469,-1.5000000000000002
1777384361.7550917,tb1,0.18,-0.19315680699864266
1777384361.761735,tb7,-0.0061993532933296526,-1.5
1777384361.8051982,tb1,0.18,-0.19312500575941696
1777384361.811625,tb7,-0.006232230023878656,-1.5
1777384361.854759,tb1,0.18,-0.1930590896300034
1777384361.8616402,tb7,-0.006232381250428358,-1.5
1777384361.9051077,tb1,0.18,-0.18466292906434592
1777384361.9116457,tb7,-0.00623818918411243,-1.5
1777384361.9549177,tb1,0.18,-0.18467328167025665
1777384361.961604,tb7,-0.006264602888010685,-1.5
1777384362.005165,tb1,0.18,-0.18476834076895038
1777384362.0116396,tb7,-0.0061811058848875965,-1.5
1777384362.0547333,tb1,0.18,-0.1846699260568495
1777384362.0616543,tb7,-0.006131103425758264,-1.5
1777384362.104734,tb1,0.18,-0.18448672107875974
1777384362.111567,tb7,-0.006079497013073085,-1.5
1777384362.1547139,tb1,0.18,-0.18184938019037306
1777384362.1616223,tb7,-0.006251858686396638,-1.5
1777384362.2050323,tb1,0.18,-0.18191616667027685
1777384362.2116804,tb7,-0.006239174535124192,-1.5
1777384362.2548347,tb1,0.18,-0.1818220148978544
1777384362.2615795,tb7,-0.006206636792282406,-1.5
1777384362.3047426,tb1,0.18,-0.1817051375028834
1777384362.311745,tb7,-0.006183329608915543,-1.5
1777384362.3552527,tb1,0.18,-0.18171855549569477
1777384362.3616357,tb7,-0.0069915018772655985,-1.4999999999999998
1777384362.405086,tb1,0.18,-0.18189406807730482
1777384362.4117815,tb7,-0.006247609307873975,-1.5
1777384362.4549727,tb1,0.18,-0.18163406875626245
1777384362.461724,tb7,-0.00617994247220927,-1.5
1777384362.5052838,tb1,0.18,-0.18168460959880833
1777384362.511698,tb7,-0.006207931066071004,-1.5
1777384362.554749,tb1,0.18,-0.18182311948014765
1777384362.561694,tb7,-0.006274255711012183,-1.5
1777384362.604994,tb1,0.18,-0.1819792312508446
1777384362.6116776,tb7,-0.006055982008755092,-1.5
1777384362.6551642,tb1,0.18,-0.18402475680605754
1777384362.6616042,tb7,-0.00606865975244283,-1.5
1777384362.7051919,tb1,0.18,-0.18412295847829152
1777384362.711569,tb7,-0.006237106008153517,-1.5
1777384362.7552547,tb1,0.18,-0.19581643289370057
1777384362.7617066,tb7,-0.006199188671519762,-1.5
1777384362.804824,tb1,0.18,-0.1956972621846302
1777384362.8115528,tb7,-0.006235548792200414,-1.5
1777384362.8549368,tb1,0.18,-0.19562659336587396
1777384362.8615687,tb7,-0.006220350146643232,-1.5
1777384362.9049368,tb1,0.18,-0.19591122591796217
1777384362.911549,tb7,-0.006259110405851022,-1.5
1777384362.9547946,tb1,0.18,-0.19588628627082175
1777384362.9616065,tb7,-0.0071099909011694525,-1.4999999999999998
1777384363.0051634,tb1,0.18,-0.19060518459402187
1777384363.0118759,tb7,-0.0062194111436645804,-1.5
1777384363.0548928,tb1,0.18,-0.19012833408333585
1777384363.0617306,tb7,-0.006210057889880601,-1.5
1777384363.1047828,tb1,0.18,-0.19053590618363633
1777384363.1117918,tb7,-0.006094135612305073,-1.5
1777384363.1551232,tb1,0.18,-0.19073527360268516
1777384363.1616466,tb7,-0.0071565288431034366,-1.5
1777384363.2048335,tb1,0.18,-0.19042198708299438
1777384363.2117069,tb7,-0.006207220896326606,-1.5
1777384363.2548316,tb1,0.18,-0.19002123215377323
1777384363.2617197,tb7,-0.0062389061651270065,-1.5
1777384363.3047767,tb1,0.18,-0.19070565304375456
1777384363.3124764,tb7,-0.006176887501609458,-1.5000000000000002
1777384363.354732,tb1,0.18,-0.19078423429930072
1777384363.3617358,tb7,-0.0072287499695097256,-1.5
1777384363.4047165,tb1,0.18,-0.19058003674806628
1777384363.411528,tb7,-0.006297464622372624,-1.5
1777384363.4548383,tb1,0.18,-0.1901602519875535
1777384363.4617054,tb7,-0.006245929084849347,-1.5
1777384363.5047414,tb1,0.18,-0.19066636400511214
1777384363.5116844,tb7,-0.006210378193263115,-1.5
1777384363.5547245,tb1,0.18,-0.19054507165155143
1777384363.5615559,tb7,-0.007274756069667133,-1.4999999999999998
1777384363.6048908,tb1,0.18,-0.19043531069368388
1777384363.611713,tb7,-0.006093043124943204,-1.5
1777384363.6549406,tb1,0.18,-0.19028134979202843
1777384363.6616929,tb7,-0.006122184211870681,-1.4999999999999998
1777384363.705111,tb1,0.18,-0.1906842496956977
1777384363.711712,tb7,-0.00625340938358682,-1.5
1777384363.754949,tb1,0.18,-0.19049718003950775
1777384363.761724,tb7,-0.0073513486936660115,-1.5
1777384363.804759,tb1,0.18,-0.1906214150104079
1777384363.811758,tb7,-0.006076953701927657,-1.5
1777384363.85492,tb1,0.18,-0.19029583482515888
1777384363.8615544,tb7,-0.006205586314111842,-1.5
1777384363.9047449,tb1,0.18,-0.19046477054137906
1777384363.9116206,tb7,-0.006244350780475196,-1.5
1777384363.9551878,tb1,0.18,-0.19072668337107734
1777384363.9617808,tb7,-0.00752450924786941,-1.5
1777384364.0049367,tb1,0.18,-0.19046119484937724
1777384364.0117347,tb7,-0.006212804705309537,-1.4999999999999998
1777384364.0549176,tb1,0.18,-0.1903068164936603
1777384364.0617676,tb7,-0.006252327051422738,-1.5
1777384364.1058035,tb1,0.18,-0.19066612144376505
1777384364.111555,tb7,-0.006156222195011375,-1.5000000000000002
1777384364.1553705,tb1,0.18,-0.19040897880526658
1777384364.1611917,tb3,-0.18,0.22828533581564
1777384364.1615715,tb7,-0.007586833403364141,-1.5
1777384364.2050302,tb1,0.18,-0.19069092708154128
1777384364.2112057,tb3,-0.18,0.2282950348916914
1777384364.2117655,tb7,-0.006229228858573045,-1.5
1777384364.2548492,tb1,0.18,-0.19065590618552353
1777384364.2611845,tb3,-0.18,0.22827708576429134
1777384364.261745,tb7,-0.006262739391776559,-1.5
1777384364.3052666,tb1,0.18,-0.15946450232811166
1777384364.311195,tb3,-0.18,0.22833974968619894
1777384364.3116984,tb7,-0.006239148095720158,-1.5
1777384364.354704,tb1,0.18,-0.15965228184554028
1777384364.3611233,tb3,-0.18,0.22826322359555723
1777384364.3616827,tb7,-0.007673927392445782,-1.5
1777384364.4048555,tb1,0.18,-0.15941071591027473
1777384364.4112222,tb3,-0.18,0.2284395752349964
1777384364.4117346,tb7,-0.006227324852190175,-1.5
1777384364.4547179,tb1,0.18,-0.15950368304415452
1777384364.4611733,tb3,-0.18,0.22837636514436294
1777384364.461822,tb7,-0.006271253448522308,-1.5
1777384364.5047274,tb1,0.18,-0.15959376664504063
1777384364.5112174,tb3,-0.18,0.22834974588068827
1777384364.5116441,tb7,-0.006241850224339766,-1.5
1777384364.5547283,tb1,0.18,-0.16602937727849126
1777384364.5610993,tb3,-0.18,0.22838305942449202
1777384364.5617814,tb7,-0.007715647492488196,-1.5
1777384364.604897,tb1,0.18,-0.16572952829523666
1777384364.6113691,tb3,-0.18,0.22841640841656044
1777384364.6117163,tb7,-0.006231939293288317,-1.4999999999999998
1777384364.655094,tb1,0.18,-0.1656130337148661
1777384364.6612306,tb3,-0.18,0.2283544065871436
1777384364.6617253,tb7,-0.00628846363056468,-1.5
1777384364.7049692,tb1,0.18,-0.1658677334102551
1777384364.7111888,tb3,-0.18,0.22825157401049484
1777384364.7115183,tb7,-0.006175356986268032,-1.5
1777384364.7550907,tb1,0.18,-0.16559378358197216
1777384364.7611768,tb3,-0.18,0.22831070090234332
1777384364.7617183,tb7,-0.007775030367194009,-1.5
1777384364.8049233,tb1,0.18,-0.16618627067769154
1777384364.8112218,tb3,-0.18,0.22825618679311624
1777384364.811733,tb7,-0.006249126851366571,-1.5
1777384364.8547597,tb1,0.18,-0.1654729872184024
1777384364.8611908,tb3,-0.18,0.22829975876342487
1777384364.8615153,tb7,-0.006248147182033577,-1.5
1777384364.9050694,tb1,0.18,-0.16560154214588327
1777384364.9111493,tb3,-0.18,0.2282047498714036
1777384364.9116697,tb7,-0.006111310420239355,-1.5
1777384364.9548583,tb1,0.18,-0.16584441748993312
1777384364.9611669,tb3,-0.18,0.22831539557134348
1777384364.9616656,tb7,-0.00781251088970758,-1.5
1777384365.0047288,tb1,0.18,-0.1420563605583348
1777384365.011104,tb3,-0.18,0.22832411191382915
1777384365.0117831,tb7,-0.006306188492983785,-1.5
1777384365.0547566,tb1,0.18,-0.1415997243374241
1777384365.0612693,tb3,-0.18,0.22785043678786612
1777384365.061656,tb7,-0.006233276043464706,-1.5
1777384365.1049337,tb1,0.18,-0.14181408310434382
1777384365.1111515,tb3,-0.18,0.22833489921378014
1777384365.1116958,tb7,-0.006206739213716281,-1.5
1777384365.1549423,tb1,0.18,-0.14179898658646234
1777384365.1611607,tb3,-0.18,0.2282857239720827
1777384365.161536,tb7,-0.007844427317703247,-1.5
1777384365.2047458,tb1,0.18,-0.1417095918844572
1777384365.2111738,tb3,-0.18,0.22831899092805483
1777384365.2116258,tb7,-0.006278385255688788,-1.5
1777384365.254731,tb1,0.18,-0.1415300017723441
1777384365.2612894,tb3,-0.18,0.22803187587563287
1777384365.261694,tb7,-0.006242954956971382,-1.4999999999999998
1777384365.3047805,tb1,0.18,-0.14191915006450975
1777384365.311162,tb3,-0.18,0.22826585223569576
1777384365.311563,tb7,-0.006268878259520627,-1.5
1777384365.3547702,tb1,0.18,-0.14185752339681165
1777384365.3610919,tb3,-0.18,0.228381842889287
1777384365.361673,tb7,-0.007887642937751951,-1.5
1777384365.405062,tb1,0.18,-0.1417153605308263
1777384365.4112263,tb3,-0.18,0.22819349040515052
1777384365.411711,tb7,-0.00625408446817691,-1.5
1777384365.4547231,tb1,0.18,-0.141563986919355
1777384365.4611936,tb3,-0.18,0.22816150744307137
1777384365.461705,tb7,-0.006330584813346166,-1.5
1777384365.5047352,tb1,0.18,-0.14209407243353722
1777384365.5111094,tb3,-0.18,0.22832303758422776
1777384365.511656,tb7,-0.006246144916956605,-1.5
1777384365.5548053,tb1,0.18,-0.14186665603292936
1777384365.5611837,tb3,-0.18,0.2283327390386555
1777384365.5616229,tb7,-0.007925277688541635,-1.5
1777384365.6049159,tb1,0.18,-0.1417248309417295
1777384365.6112273,tb3,-0.18,0.22824124917481345
1777384365.6115358,tb7,-0.006242589874022112,-1.5
1777384365.6549635,tb1,0.18,-0.14167226662953492
1777384365.6612394,tb3,-0.18,0.22818605480452253
1777384365.6615734,tb7,-0.006156192569000341,-1.5
1777384365.7047484,tb1,0.18,-0.14136793117643393
1777384365.7111888,tb3,-0.18,0.22823066176656256
1777384365.711592,tb7,-0.006250587012755656,-1.5
1777384365.754767,tb1,0.18,-0.14172483244099449
1777384365.761061,tb3,-0.18,0.22834588796965322
1777384365.7615068,tb7,-0.007975948810077044,-1.4999999999999998
1777384365.8049083,tb1,0.18,-0.14177848346627886
1777384365.8112688,tb3,-0.18,0.22833207804626726
1777384365.8117347,tb7,-0.006299203072244886,-1.5
1777384365.8547645,tb1,0.18,-0.1418132739278132
1777384365.861245,tb3,-0.18,0.22829726427148456
1777384365.8616407,tb7,-0.0063060056818494345,-1.5000000000000002
1777384365.9047322,tb1,0.18,-0.14168115699279688
1777384365.9111595,tb3,-0.18,0.2282303840310728
1777384365.911634,tb7,-0.006256328984563771,-1.5
1777384365.9547083,tb1,0.18,-0.14169103358115745
1777384365.9612586,tb3,-0.18,0.22829554722386763
1777384365.9616776,tb7,-0.00805368575076778,-1.5
1777384366.0050766,tb1,0.18,-0.14202853019508738
1777384366.0110862,tb3,-0.18,0.2282118521877705
1777384366.011718,tb7,-0.006247979441732122,-1.5000000000000002
1777384366.0547132,tb1,0.18,-0.14172697145710547
1777384366.061173,tb3,-0.18,0.22823519315846547
1777384366.061691,tb7,-0.006268410901505906,-1.5
1777384366.1047144,tb1,0.18,-0.13275734635643127
1777384366.11136,tb3,-0.18,0.2282914202337396
1777384366.111584,tb7,-0.006278795242330895,-1.5
1777384366.1551712,tb1,0.18,-0.13279489852856285
1777384366.1612566,tb3,-0.18,0.22826193580890758
1777384366.1617534,tb7,-0.008070068569260685,-1.5
1777384366.2048373,tb1,0.18,-0.13299438976987504
1777384366.211232,tb3,-0.18,0.22835036209340354
1777384366.2116876,tb7,-0.006279144859127614,-1.5
1777384366.2551718,tb1,0.18,-0.13268814320060884
1777384366.2614045,tb3,-0.18,0.22808123233190153
1777384366.261582,tb7,-0.006203996141268542,-1.4999999999999998
1777384366.3047407,tb1,0.18,-0.13288424150344763
1777384366.31122,tb3,-0.18,0.22833808142525783
1777384366.311707,tb7,-0.006191355697491256,-1.5
1777384366.3549573,tb1,0.18,-0.13975243466846157
1777384366.3611555,tb3,-0.18,0.228457500128501
1777384366.40474,tb1,0.18,-0.13965719890926445
1777384366.4112263,tb3,-0.18,0.22835330800317707
1777384366.4547377,tb1,0.18,-0.1394518241864904
1777384366.4611876,tb3,-0.18,0.2282730103476818
1777384366.5047147,tb1,0.18,-0.12110255649379499
1777384366.5111647,tb3,-0.18,0.22842952019476545
1777384366.5547097,tb1,0.18,-0.12177494251243598
1777384366.5612586,tb3,-0.18,0.22835714244390723
1777384366.6047385,tb1,0.18,-0.12168148867369577
1777384366.6112306,tb3,-0.18,0.22825855477209805
1777384366.6547291,tb1,0.18,-0.1212859490748409
1777384366.6611285,tb3,-0.18,0.22826970244937164
1777384366.7047415,tb1,0.18,-0.12132909118684822
1777384366.7112026,tb3,-0.18,0.22827499542514246
1777384366.754796,tb1,0.18,-0.12158772135808756
1777384366.761222,tb3,-0.18,0.22830648132481607
1777384366.8047888,tb1,0.18,-0.14102750136199216
1777384366.811072,tb3,-0.18,0.22817497139731005
1777384366.8549862,tb1,0.18,-0.14081864786848242
1777384366.8550506,tb2,0.043468841146984655,-1.5
1777384366.8611257,tb3,-0.18,0.2282678223464692
1777384366.9049125,tb1,0.18,-0.14099933280654595
1777384366.9050155,tb2,0.04350431547398528,-1.5
1777384366.9111767,tb3,-0.18,0.2282659643837472
1777384366.9547563,tb1,0.18,-0.1415116213159208
1777384366.954929,tb2,0.043477019094951525,-1.5
1777384366.9613166,tb3,-0.18,0.22826031629065732
1777384367.0047407,tb1,0.18,-0.14091303690715906
1777384367.0050125,tb2,0.04352844944095615,-1.5
1777384367.0112379,tb3,-0.18,0.22818692864175044
1777384367.0548704,tb1,0.18,-0.1409373323588452
1777384367.0549483,tb2,0.043461773426918565,-1.5
1777384367.0613434,tb3,-0.18,0.22832387077831934
1777384367.1047435,tb1,0.18,-0.1410863788368535
1777384367.1049156,tb2,0.04352988473223283,-1.5
1777384367.1112776,tb3,-0.18,0.22841785308372003
1777384367.1547408,tb1,0.18,-0.14152649099494038
1777384367.1550574,tb2,0.043476504023837674,-1.5
1777384367.161224,tb3,-0.18,0.2283209455486688
1777384367.2051134,tb2,0.04351648352998427,-1.5
1777384367.2051818,tb1,0.18,-0.14133817906046808
1777384367.2113135,tb3,-0.18,0.22829209966918526
1777384367.255045,tb1,0.18,-0.14115437297311134
1777384367.255113,tb2,0.0434624118597107,-1.5
1777384367.2612247,tb3,-0.18,0.2283166125033798
1777384367.3047233,tb1,0.18,-0.14133349023757324
1777384367.3049772,tb2,0.0435223696332233,-1.5
1777384367.3112457,tb3,-0.18,0.22835454342170902
1777384367.3548841,tb1,0.18,-0.1415701815623778
1777384367.3552585,tb2,0.043479281184938316,-1.5
1777384367.3612084,tb3,-0.18,0.2283389494195662
1777384367.4048638,tb1,0.18,-0.1414464107474274
1777384367.4049308,tb2,0.04350713013484849,-1.5
1777384367.4112623,tb3,-0.18,0.22825917271013255
1777384367.454709,tb1,0.18,-0.14134604240631932
1777384367.4549763,tb2,0.043471978064445214,-1.5
1777384367.4613302,tb3,-0.18,0.228373566529751
1777384367.5047588,tb1,0.18,-0.14143997688969054
1777384367.5049732,tb2,0.04351781963944466,-1.5
1777384367.5112395,tb3,-0.18,0.22839311611298618
1777384367.5549526,tb1,0.18,-0.1412478033910967
1777384367.5549836,tb2,0.04347818059735638,-1.5
1777384367.5611901,tb3,-0.18,0.22834751533296752
1777384367.561638,tb7,-0.0062090366492215995,-1.5
1777384367.604853,tb1,0.18,-0.1412714850798271
1777384367.6050105,tb2,0.04350788741239819,-1.5
1777384367.611113,tb3,-0.18,0.22816962399786192
1777384367.6116388,tb7,-0.006174011818928085,-1.5
1777384367.6547325,tb1,0.18,-0.14121086143615613
1777384367.6549444,tb2,0.043468823954172515,-1.5
1777384367.6612523,tb3,-0.18,0.22830203840827
1777384367.6616626,tb7,-0.006245098985299561,-1.5
1777384367.705052,tb2,0.0435218098359582,-1.5
1777384367.7058187,tb1,0.18,-0.14128261208381127
1777384367.7112331,tb3,-0.18,0.2283328330273043
1777384367.7116907,tb7,-0.006222189703325837,-1.5000000000000002
1777384367.7547877,tb1,0.18,-0.14142923862129952
1777384367.754929,tb2,0.04348517116260023,-1.5
1777384367.7611563,tb3,-0.18,0.2283987996006782
1777384367.7615893,tb7,-0.006108032735364371,-1.5
1777384367.804715,tb1,0.18,-0.14138127201600528
1777384367.8049736,tb2,0.04349601479964955,-1.5
1777384367.811196,tb3,-0.18,0.22828826015912704
1777384367.811585,tb7,-0.006212276874582588,-1.4999999999999998
1777384367.8548665,tb1,0.18,-0.1410042773077723
1777384367.8549438,tb2,0.043480908300046,-1.5
1777384367.8611858,tb3,-0.18,0.22829719141395954
1777384367.8615315,tb7,-0.0061411884590749964,-1.5
1777384367.904993,tb2,0.043527091263117164,-1.5
1777384367.905196,tb1,0.18,-0.14124943484642763
1777384367.911309,tb3,-0.18,0.22830345679237632
1777384367.9117045,tb7,-0.0061615336467568975,-1.5
1777384367.9547224,tb1,0.18,-0.14124588946766836
1777384367.954963,tb2,0.04346399283958051,-1.5
1777384367.961337,tb3,-0.18,0.22830718221002397
1777384367.9615862,tb7,-0.006236944524685005,-1.5
1777384368.0049858,tb2,0.04347752534232033,-1.5
1777384368.0052407,tb1,0.18,-0.14124331313410782
1777384368.011213,tb3,-0.18,0.22835566621963707
1777384368.012047,tb7,-0.006262951744665392,-1.5
1777384368.0549486,tb2,0.0434655872499253,-1.5
1777384368.0549772,tb1,0.18,-0.1412219324599894
1777384368.061187,tb3,-0.18,0.22829761240705726
1777384368.0615792,tb7,-0.006196336813732614,-1.5
1777384368.1050105,tb2,0.04351335305300344,-1.5
1777384368.1050458,tb1,0.18,-0.14106292548768812
1777384368.1112237,tb3,-0.18,0.22835207522094253
1777384368.111661,tb7,-0.006220608394915629,-1.5
1777384368.1548316,tb1,0.18,-0.1416907896750106
1777384368.1549418,tb2,0.0434782788028218,-1.5
1777384368.1612191,tb3,-0.18,0.22831254019514544
1777384368.161596,tb7,-0.00611753750155949,-1.5
1777384368.2049146,tb1,0.18,-0.14145774665313743
1777384368.204954,tb2,0.04349096075396883,-1.5
1777384368.2111647,tb3,-0.18,0.2282261490615131
1777384368.2117567,tb7,-0.006241149395161416,-1.5
1777384368.2547626,tb1,0.18,-0.14097023764070205
1777384368.2550266,tb2,0.04347615451051222,-1.5
1777384368.261173,tb3,-0.18,0.22834041143159722
1777384368.2616665,tb7,-0.006277066347541329,-1.4999999999999998
1777384368.3047402,tb1,0.18,-0.14153044023472247
1777384368.305275,tb2,0.043518282075361556,-1.5
1777384368.3112016,tb3,-0.18,0.22830293162076182
1777384368.3116345,tb7,-0.006304130750755132,-1.5
1777384368.3549788,tb1,0.18,-0.1387061298873677
1777384368.355101,tb2,0.04347541752828322,-1.5
1777384368.3612652,tb3,-0.18,0.2282407035751046
1777384368.3617663,tb7,-0.00626702249698814,-1.5000000000000002
1777384368.4047432,tb1,0.18,-0.1383566957889039
1777384368.405317,tb2,0.043489771259323226,-1.5
1777384368.4111683,tb3,-0.18,0.22837030311512538
1777384368.4116945,tb7,-0.006104411050318806,-1.5
1777384368.4547355,tb1,0.18,-0.1383717452988252
1777384368.4551682,tb2,0.04347803695708482,-1.5
1777384368.4611,tb3,-0.18,0.228229712940611
1777384368.461733,tb7,-0.006142134686498261,-1.5
1777384368.504974,tb2,0.04351097155610351,-1.5
1777384368.5054533,tb1,0.18,-0.13825046603354219
1777384368.511167,tb3,-0.18,0.22835145512358918
1777384368.5117788,tb7,-0.006148928779867383,-1.5
1777384368.5547564,tb1,0.18,-0.13873799481342997
1777384368.5551941,tb2,0.04347935004688623,-1.5
1777384368.5612164,tb3,-0.18,0.22817783580810294
1777384368.5617223,tb7,-0.006142990826512125,-1.5
1777384368.6049173,tb1,0.18,-0.13858864646110342
1777384368.6051393,tb2,0.043491589169033514,-1.5
1777384368.6111767,tb3,-0.18,0.2282238795048505
1777384368.6116707,tb7,-0.0062175491391063915,-1.5
1777384368.654802,tb1,0.18,-0.13825204825374937
1777384368.6553361,tb2,0.043477783901871805,-1.5
1777384368.6611724,tb3,-0.18,0.22813006079507506
1777384368.6617854,tb7,-0.006270168141243765,-1.5
1777384368.7047532,tb1,0.18,-0.13824618328374957
1777384368.7049792,tb2,0.04352270492618863,-1.5
1777384368.7111514,tb3,-0.18,0.22828230705386268
1777384368.7119033,tb7,-0.006261937914282337,-1.5
1777384368.7547338,tb1,0.18,-0.13172952833029392
1777384368.7549872,tb2,0.04348055724623079,-1.5
1777384368.7613215,tb3,-0.18,0.22810401775689887
1777384368.7617822,tb7,-0.006135895885544932,-1.5
1777384368.804737,tb1,0.18,-0.13161137303786252
1777384368.8052697,tb2,0.04349938374645138,-1.5
1777384368.8112113,tb3,-0.18,0.2281879798930782
1777384368.8116727,tb7,-0.0071558111906741126,-1.5
1777384368.854722,tb1,0.18,-0.13142241105586977
1777384368.861261,tb3,-0.18,0.2283245328072448
1777384368.8616917,tb7,-0.006252718852213785,-1.5
1777384368.9047463,tb1,0.18,-0.13134147258342174
1777384368.9112196,tb3,-0.18,0.22831051930510438
1777384368.9115489,tb7,-0.006206294437539046,-1.5000000000000002
1777384368.9547358,tb1,0.18,-0.13153226599902207
1777384368.9612136,tb3,-0.18,0.22825674188043543
1777384368.9617777,tb7,-0.006253484776708278,-1.5
1777384369.004728,tb1,0.18,-0.13113625338005863
1777384369.0112839,tb3,-0.18,0.22836316020759456
1777384369.0117474,tb7,-0.00717262422779468,-1.5000000000000002
1777384369.055237,tb1,0.18,-0.1313308763168504
1777384369.0612113,tb3,-0.18,0.2281717053608623
1777384369.06176,tb7,-0.006241196068129199,-1.5
1777384369.1047215,tb1,0.18,-0.1311967278465039
1777384369.1111825,tb3,-0.18,0.2283380263943204
1777384369.1116807,tb7,-0.006227249965130037,-1.5
1777384369.1548069,tb1,0.18,-0.13772039097042968
1777384369.1612854,tb3,-0.18,0.22819989071948676
1777384369.161732,tb7,-0.006277620220494161,-1.5
1777384369.2049365,tb1,0.18,-0.1374596751333023
1777384369.211193,tb3,-0.18,0.22827432531768888
1777384369.2116883,tb7,-0.007303201768239372,-1.5
1777384369.2549884,tb1,0.18,-0.137510975181623
1777384369.2612145,tb3,-0.18,0.22822772389231366
1777384369.2616942,tb7,-0.0062546956397987975,-1.5
1777384369.304715,tb1,0.18,-0.13737350728980335
1777384369.3112059,tb3,-0.18,0.2281763644948518
1777384369.3117726,tb7,-0.006246039162643476,-1.5
1777384369.3547444,tb1,0.18,-0.13762179994363166
1777384369.3613508,tb3,-0.18,0.2280817420899106
1777384369.3617225,tb7,-0.006246779656215184,-1.5
1777384369.4050078,tb1,0.18,-0.13771082232825366
1777384369.411335,tb3,-0.18,0.22821958631991288
1777384369.4116526,tb7,-0.007371740920245502,-1.5
1777384369.4551935,tb1,0.18,-0.13740603270670107
1777384369.4612494,tb3,-0.18,0.2283194030341645
1777384369.4617503,tb7,-0.006263837101205817,-1.5
1777384369.5049224,tb1,0.18,-0.1375028460208926
1777384369.5112112,tb3,-0.18,0.22828778689807974
1777384369.51167,tb7,-0.006250177707663541,-1.5
1777384369.5548546,tb1,0.18,-0.13773125735030442
1777384369.561238,tb3,-0.18,0.22837297357517783
1777384369.5617328,tb7,-0.006256158375884035,-1.5
1777384369.60501,tb1,0.18,-0.13759369669609237
1777384369.6112108,tb3,-0.18,0.2282822428796217
1777384369.6116843,tb7,-0.007478731303367549,-1.5000000000000002
1777384369.654814,tb1,0.18,-0.13754212494931733
1777384369.6611562,tb3,-0.18,0.22820953960152254
1777384369.66166,tb7,-0.006293660355909376,-1.5
1777384369.704748,tb1,0.18,-0.1376338265201715
1777384369.7049332,tb2,0.04350807153151908,-1.5
1777384369.7111793,tb3,-0.18,0.22821228979368577
1777384369.7117827,tb7,-0.006157897811847582,-1.4999999999999998
1777384369.754941,tb2,0.04348876455035884,-1.5
1777384369.755089,tb1,0.18,-0.14946686110540397
1777384369.7611814,tb3,-0.18,0.22826039362413858
1777384369.761634,tb7,-0.006249581407216271,-1.5
1777384369.8048372,tb1,0.18,-0.14940051112531563
1777384369.8050137,tb2,0.04353395415279608,-1.5
1777384369.8111174,tb3,-0.18,0.22831097381153934
1777384369.8119106,tb7,-0.007538315205132257,-1.5
1777384369.8549926,tb1,0.18,-0.14903884248966295
1777384369.85504,tb2,0.043475747774376274,-1.5
1777384369.8612068,tb3,-0.18,0.22825751024877478
1777384369.8615816,tb7,-0.006235526641341461,-1.5
1777384369.905012,tb2,0.04351565740956036,-1.5
1777384369.9050882,tb1,0.18,-0.1491573549737211
1777384369.9111395,tb3,-0.18,0.22833132792153768
1777384369.9117067,tb7,-0.006252013815686337,-1.5
1777384369.9548218,tb1,0.18,-0.1419508855844098
1777384369.9549692,tb2,0.043473401200361965,-1.5
1777384369.961216,tb3,-0.18,0.22816241982921942
1777384369.9617472,tb7,-0.006215240268353613,-1.5
1777384370.0047412,tb1,0.18,-0.14217950182233452
1777384370.004982,tb2,0.04354996138896287,-1.5
1777384370.0111854,tb3,-0.18,0.2281973057682296
1777384370.0117056,tb7,-0.007622557551868327,-1.5
1777384370.0550466,tb1,0.18,-0.14193548236309989
1777384370.0551472,tb2,0.04348164708766253,-1.5
1777384370.0612466,tb3,-0.18,0.22826423481867397
1777384370.0617433,tb7,-0.006243878574058782,-1.5
1777384370.1047316,tb1,0.18,-0.14178366835938946
1777384370.1049967,tb2,0.04350505347662862,-1.5
1777384370.111186,tb3,-0.18,0.22827828591020108
1777384370.1115487,tb7,-0.0061703648175123645,-1.5
1777384370.1550016,tb2,0.04346612066086934,-1.5
1777384370.1550379,tb1,0.18,-0.18025343737790625
1777384370.1612322,tb3,-0.18,0.22828376718690743
1777384370.1617572,tb7,-0.006132546523902572,-1.4999999999999998
1777384370.2050138,tb2,0.04354966513012615,-1.5
1777384370.2049868,tb1,0.18,-0.1802061130711758
1777384370.2111325,tb3,-0.18,0.22825850720578877
1777384370.2117102,tb7,-0.007655504152579325,-1.5
1777384370.2549965,tb1,0.18,-0.18004985557787953
1777384370.255135,tb2,0.04349000998449874,-1.5
1777384370.2611191,tb3,-0.18,0.22827702296157257
1777384370.3047655,tb1,0.18,-0.18017729599207002
1777384370.3049657,tb2,0.04350474311990761,-1.5
1777384370.3111947,tb3,-0.18,0.22817244582032398
1777384370.35475,tb1,0.18,-0.19215051157661278
1777384370.3549645,tb2,0.04349808443683342,-1.5
1777384370.3611772,tb3,-0.18,0.2282461075889919
1777384370.4047372,tb1,0.18,-0.1922045589949835
1777384370.405006,tb2,0.04354056255524397,-1.5
1777384370.411236,tb3,-0.18,0.22828199075111757
1777384370.4547305,tb1,0.18,-0.19215460940520548
1777384370.4549785,tb2,0.04348803466317957,-1.5
1777384370.461101,tb3,-0.18,0.22832372498187667
1777384370.5050657,tb1,0.18,-0.19228762270833447
1777384370.5051734,tb2,0.04349336395763206,-1.5
1777384370.554906,tb1,0.18,-0.17721814359505925
1777384370.554951,tb2,0.04347782003201587,-1.5
1777384370.6047268,tb1,0.18,-0.1769142603292081
1777384370.6050072,tb2,0.043529207147067976,-1.5
1777384370.6548235,tb1,0.18,-0.17685400269602305
1777384370.6551852,tb2,0.04348834833970315,-1.5
1777384370.7047422,tb1,0.18,-0.1766619811216441
1777384370.705077,tb2,0.04349019581459415,-1.5
1777384370.7548852,tb1,0.18,-0.17715075899881919
1777384370.7549303,tb2,0.04348248945179768,-1.5
1777384370.8047252,tb1,0.18,-0.17701581365095692
1777384370.8050053,tb2,0.04351961438978972,-1.5
1777384370.8547258,tb1,0.18,-0.1769181793527163
1777384370.8549547,tb2,0.04345904904856627,-1.5
1777384370.9051206,tb2,0.04348871390266919,-1.5
1777384370.9051194,tb1,0.18,-0.17698285040788475
1777384370.9550292,tb2,0.043462888359598065,-1.5
1777384370.9553926,tb1,0.18,-0.1769868021233086
1777384371.0047476,tb1,0.18,-0.17700507314498481
1777384371.0053234,tb2,0.043528192595705194,-1.5
1777384371.054991,tb2,0.04348522003397939,-1.5
1777384371.0551043,tb1,0.18,-0.1768135994435744
1777384371.1049883,tb1,0.18,-0.17711788801059478
1777384371.1051917,tb2,0.043467217241191305,-1.5
1777384371.1548455,tb1,0.18,-0.1769653212383305
1777384371.1549551,tb2,0.043480967930014075,-1.5
1777384371.204782,tb1,0.18,-0.1770089546263925
1777384371.20521,tb2,0.0435400058131596,-1.5
1777384371.254731,tb1,0.18,-0.1768337266365842
1777384371.2553387,tb2,0.04346752867478482,-1.5
1777384371.3047254,tb1,0.18,-0.17693849299762043
1777384371.3052683,tb2,0.043474216415992493,-1.5
1777384371.3549426,tb1,0.18,-0.17461131874227437
1777384371.3552153,tb2,0.04347688531149569,-1.5
1777384371.4047093,tb1,0.18,-0.1745347324533503
1777384371.404926,tb2,0.04353852544760598,-1.5
1777384371.4547167,tb1,0.18,-0.17444867321271063
1777384371.455109,tb2,0.04347945380751159,-1.5
1777384371.5047367,tb1,0.18,-0.17457418585821183
1777384371.505184,tb2,0.04345420647092321,-1.5
1777384371.5117214,tb7,-0.007162448666403562,-1.5
1777384371.5547302,tb1,0.18,-0.17466275813213653
1777384371.5552151,tb2,0.043485430105669194,-1.5
1777384371.561767,tb7,-0.006259569001380403,-1.5
1777384371.604735,tb1,0.18,-0.17432312009373382
1777384371.605055,tb2,0.04352936985981584,-1.5
1777384371.6117191,tb7,-0.006263251300768467,-1.5
1777384371.6547232,tb1,0.18,-0.17460363172391122
1777384371.6550038,tb2,0.043487984806715195,-1.5
1777384371.6618147,tb7,-0.006260831741781153,-1.5
1777384371.7047257,tb1,0.18,-0.17463112846016796
1777384371.7051556,tb2,0.043467659332758084,-1.5
1777384371.711663,tb7,-0.00715548965693034,-1.5
1777384371.7546992,tb1,0.18,-0.1640362526680521
1777384371.754967,tb2,0.043478350150373074,-1.5
1777384371.7616765,tb7,-0.006246036606979823,-1.5
1777384371.8047245,tb1,0.18,-0.11136456892314471
1777384371.8051033,tb2,0.04354087225925269,-1.5
1777384371.8115673,tb7,-0.006244488391741886,-1.5
1777384371.8549645,tb2,0.04347637949825487,-1.5
1777384371.854973,tb1,0.18,-0.06029377120948329
1777384371.8618438,tb7,-0.006224826598197962,-1.5
1777384371.9047372,tb1,0.18,-0.019223784136927918
1777384371.905,tb2,0.04345978391189891,-1.5
1777384371.9117246,tb7,-0.007156674279718463,-1.5
1777384371.9549131,tb1,0.18,0.018357470123634756
1777384371.9549673,tb2,0.04347495738577597,-1.5
1777384371.9617393,tb7,-0.0061025276864766515,-1.5
1777384372.0048573,tb1,0.18,0.0814341567955622
1777384372.0049706,tb2,0.043536578203024846,-1.5
1777384372.0116794,tb7,-0.00625446300769326,-1.5
1777384372.0549092,tb1,0.18,0.12902351957496827
1777384372.0549645,tb2,0.04348123410379588,-1.5
1777384372.0617096,tb7,-0.006256140017654484,-1.4999999999999998
1777384372.1048005,tb1,0.18,0.18758296425537987
1777384372.1119342,tb7,-0.00715639618166541,-1.4999999999999998
1777384372.1547315,tb1,0.18,0.23869590409514505
1777384372.1549318,tb2,0.043465308701065956,-1.5
1777384372.161804,tb7,-0.006239092482200533,-1.5
1777384372.2047415,tb1,0.18,0.3178474306445249
1777384372.2049532,tb2,0.043521400957109276,-1.5
1777384372.2117991,tb7,-0.006242801339086231,-1.5
1777384372.2547286,tb1,0.18,0.3801765427255779
1777384372.25503,tb2,0.04346999886114516,-1.5
1777384372.2616932,tb7,-0.0061356324747877024,-1.5
1777384372.3049538,tb2,0.04344083259040862,-1.5
1777384372.305129,tb1,0.18,0.43641351638093556
1777384372.3116746,tb7,-0.007208384455967089,-1.5
1777384372.3549562,tb1,0.18,0.499618156620578
1777384372.3550127,tb2,0.04347348240979546,-1.5
1777384372.3618424,tb7,-0.006263719605780109,-1.5000000000000002
1777384372.4047554,tb1,0.18,0.5968077038978404
1777384372.4049344,tb2,0.04352014905802379,-1.5
1777384372.4115217,tb7,-0.006032601815077694,-1.5
1777384372.4549463,tb2,0.04346056821465431,-1.5
1777384372.455028,tb1,0.18,0.6455344436113486
1777384372.4615858,tb7,-0.0062829686350909745,-1.5
1777384372.5047872,tb1,0.18,0.737502010716489
1777384372.5053763,tb2,0.04345172180937239,-1.5
1777384372.5117273,tb7,-0.007212167077243882,-1.5
1777384372.5548434,tb1,0.18,0.8541167194941353
1777384372.5552907,tb2,0.043468459959737894,-1.5
1777384372.561731,tb7,-0.006290907339280136,-1.5
1777384372.6050174,tb1,0.18,0.9759489069759625
1777384372.6053088,tb2,0.0435288129725514,-1.5
1777384372.611781,tb7,-0.006164760068450162,-1.5
1777384372.6551054,tb2,0.043449422752807006,-1.5
1777384372.655162,tb1,0.18,1.1508578671602907
1777384372.661827,tb7,-0.006258533454017826,-1.4999999999999998
1777384372.7047136,tb1,0.18000000000000002,1.2926102774654493
1777384372.7049754,tb2,0.043445975631541615,-1.5
1777384372.7116897,tb7,-0.0071949306123056545,-1.5
1777384372.7548969,tb1,0.18,1.4328656529565764
1777384372.7550027,tb2,0.04244130734778249,-1.5
1777384372.7617507,tb7,-0.006251758971954889,-1.5000000000000002
1777384372.8047767,tb1,0.16068072711254477,1.5
1777384372.8052418,tb2,0.04237135858824289,-1.5
1777384372.8117728,tb7,-0.0060849150162675765,-1.5
1777384372.854731,tb1,0.14018505130635397,1.5
1777384372.854984,tb2,0.0423031170821484,-1.5
1777384372.861726,tb7,-0.0061423185641779265,-1.5
1777384372.9047112,tb1,0.1236275214321962,1.5
1777384372.9049697,tb2,0.04229296364768696,-1.5
1777384372.9115846,tb7,-0.007265445534812874,-1.5
1777384372.9551528,tb1,0.10827115691908881,1.5
1777384372.9551756,tb2,0.0423212976483269,-1.5
1777384372.9615686,tb7,-0.006264886263809944,-1.5
1777384373.0047688,tb1,0.0919080932254005,1.5
1777384373.0049398,tb2,0.04235490863142386,-1.5
1777384373.0119193,tb7,-0.006241488151995798,-1.5
1777384373.0549548,tb1,0.07958162880110103,1.5
1777384373.0552974,tb2,0.04231057163453487,-1.5
1777384373.0617218,tb7,-0.006107747625277959,-1.5
1777384373.1049342,tb2,0.04230105434559909,-1.5
1777384373.1049426,tb1,0.06391278698536948,1.5
1777384373.111591,tb7,-0.007254967164073888,-1.5
1777384373.1548753,tb1,0.05206318072430319,1.5000000000000002
1777384373.155364,tb2,0.04230251612938279,-1.5
1777384373.161819,tb7,-0.006287875148253379,-1.5
1777384373.2052476,tb2,0.04236127877759816,-1.5
1777384373.2052548,tb1,0.04027736475231337,1.5
1777384373.2117646,tb7,-0.006258330171769065,-1.5000000000000002
1777384373.2552204,tb2,0.04231735899053862,-1.5
1777384373.255233,tb1,0.027052280233604693,1.5
1777384373.2617052,tb7,-0.006267401341673527,-1.5
1777384373.3049119,tb1,0.018120750839810275,1.5
1777384373.305208,tb2,0.04231194780799884,-1.5
1777384373.3117392,tb7,-0.007280213649181872,-1.5
1777384373.3549118,tb1,0.006562854411338496,1.5
1777384373.3552587,tb2,0.042317422980467534,-1.5
1777384373.3617184,tb7,-0.006227508906541925,-1.5
1777384373.40471,tb1,-0.004000943511035006,1.5
1777384373.4050167,tb2,0.04234518332352708,-1.5
1777384373.4117506,tb7,-0.006286347052487848,-1.5
1777384373.4547443,tb1,-0.013551360937260705,1.5
1777384373.4552422,tb2,0.042308254630023016,-1.5
1777384373.4617107,tb7,-0.006286154924915025,-1.5
1777384373.5048537,tb1,-0.023310382315865918,1.5
1777384373.504952,tb2,0.0423020341638317,-1.5
1777384373.5549598,tb1,-0.03310595687083496,1.5
1777384373.5551932,tb2,0.04231964424285478,-1.5
1777384373.6049492,tb1,-0.04433317922384049,1.5
1777384373.605009,tb2,0.042373413848890734,-1.5
1777384373.6548388,tb1,-0.054568480802259324,1.5
1777384373.6549084,tb2,0.04231958988784861,-1.5
1777384373.704956,tb2,0.04227360843123723,-1.5
1777384373.7049503,tb1,-0.06270756587884642,1.5
1777384373.7116687,tb7,-0.007300738037029583,-1.5
1777384373.7550614,tb2,0.04231272723559142,-1.5
1777384373.7552023,tb1,-0.06637779294124353,1.5
1777384373.761598,tb7,-0.006239728644663719,-1.5
1777384373.8047423,tb1,-0.06771291458949916,1.5000000000000002
1777384373.8049226,tb2,0.04236450797255334,-1.5
1777384373.8110921,tb3,-0.18,0.22835423128324153
1777384373.8115642,tb7,-0.006235069345609109,-1.5
1777384373.8549511,tb2,0.04232677767609623,-1.5
1777384373.8551407,tb1,-0.0686514354776589,1.5
1777384373.8612173,tb3,-0.18,0.22837035774884853
1777384373.8615994,tb7,-0.00622598711529471,-1.5
1777384373.9049704,tb2,0.042311016972100664,-1.5
1777384373.9051003,tb1,-0.06971545759514225,1.4999999999999998
1777384373.9112034,tb3,-0.18,0.2284015578088235
1777384373.911604,tb7,-0.0073005490294092545,-1.5
1777384373.9547524,tb1,-0.07103748957870623,1.5
1777384373.9549742,tb2,0.04231202534340332,-1.5
1777384373.9612029,tb3,-0.18,0.22842942268044858
1777384373.9616401,tb7,-0.0062584762668472325,-1.5
1777384374.004939,tb1,-0.0731436788865156,1.5
1777384374.004985,tb2,0.042372120101109884,-1.5
1777384374.0111773,tb3,-0.18,0.22835660416832584
1777384374.0115337,tb7,-0.006293815425961795,-1.5
1777384374.054878,tb1,-0.07537817307033544,1.5
1777384374.0551636,tb2,0.04232872874814556,-1.5
1777384374.061303,tb3,-0.18,0.22845083428824525
1777384374.0617325,tb7,-0.0062022689600391735,-1.5
1777384374.1047463,tb1,-0.07333212516860431,1.5
1777384374.1049986,tb2,0.04229625620792625,-1.5
1777384374.1112678,tb3,-0.18,0.22843564514974804
1777384374.1116576,tb7,-0.00737263800148032,-1.4999999999999998
1777384374.154794,tb1,-0.06893409233869992,1.5
1777384374.1550145,tb2,0.04231789966564702,-1.5
1777384374.1612258,tb3,-0.18,0.2285206950294537
1777384374.1617575,tb7,-0.006245850263240931,-1.5
1777384374.2049396,tb2,0.04237456202870498,-1.5
1777384374.2048998,tb1,-0.06403367312464711,1.5
1777384374.2112048,tb3,-0.18,0.22855041043470326
1777384374.2116594,tb7,-0.006203673892842796,-1.5
1777384374.2547193,tb1,-0.05774362657822195,1.5
1777384374.2550528,tb2,0.042352393486007014,-1.5
1777384374.2612016,tb3,-0.18,0.22850696469510567
1777384374.2617044,tb7,-0.006255509366429369,-1.4999999999999998
1777384374.3048134,tb1,-0.05123549451283597,1.5
1777384374.304997,tb2,0.04231351989737769,-1.5
1777384374.311145,tb3,-0.18,0.2283759872939945
1777384374.3115916,tb7,-0.00739389858847783,-1.5
1777384374.3547626,tb1,-0.045131393441316635,1.5
1777384374.3549488,tb2,0.0423042294464472,-1.5
1777384374.3611398,tb3,-0.18,0.22850378721953848
1777384374.3617449,tb7,-0.006237485597015623,-1.5
1777384374.404862,tb1,-0.039805915441530434,1.5000000000000002
1777384374.4050019,tb2,0.04235141330638519,-1.5
1777384374.4112277,tb3,-0.18,0.22855929759491989
1777384374.411633,tb7,-0.0062187534095698655,-1.5
1777384374.454987,tb2,0.04235725055242549,-1.5
1777384374.4552784,tb1,-0.03455445107740179,1.5
1777384374.46127,tb3,-0.18,0.22845500637735097
1777384374.4616458,tb7,-0.006135732988256962,-1.5
1777384374.5048525,tb1,-0.02883257477522466,1.4999999999999998
1777384374.5049977,tb2,0.042310203900486704,-1.5
1777384374.5112326,tb3,-0.18,0.2284500519026253
1777384374.5116866,tb7,-0.007323327646131481,-1.5
1777384374.5550413,tb1,-0.020460573419699153,1.5
1777384374.5550456,tb2,0.04229410203950037,-1.5
1777384374.5612519,tb3,-0.18,0.2285005808794644
1777384374.5617197,tb7,-0.006073657880624696,-1.5
1777384374.604876,tb1,-0.010920869149399355,1.5
1777384374.6053178,tb2,0.04236035647002064,-1.5
1777384374.6113353,tb3,-0.18,0.22858977334508537
1777384374.611695,tb7,-0.0060718633181974764,-1.5
1777384374.6549532,tb2,0.042352655069572955,-1.5
1777384374.654924,tb1,-0.0006242217696010658,1.5
1777384374.6612327,tb3,-0.18,0.22856414355100965
1777384374.6616952,tb7,-0.0061211419741900785,-1.5
1777384374.704934,tb1,0.00915798414507027,1.5
1777384374.7051504,tb2,0.04230388248232326,-1.5
1777384374.7111883,tb3,-0.18,0.22846701333356262
1777384374.7117202,tb7,-0.007352219183659849,-1.5
1777384374.7547932,tb1,0.021907875719027175,1.5
1777384374.754974,tb2,0.04231008117909972,-1.5
1777384374.7612214,tb3,-0.18,0.2285830185856345
1777384374.7617202,tb7,-0.006018243126538433,-1.5
1777384374.8047273,tb1,0.042699496391198084,1.5
1777384374.8049414,tb2,0.037243241123071646,-1.5
1777384374.8112717,tb3,-0.18,0.22857691380335987
1777384374.8116813,tb7,-0.006107254285242779,-1.5
1777384374.8547788,tb1,0.06449506219210328,1.5
1777384374.8549771,tb2,0.037238415345939,-1.5
1777384374.8611996,tb3,-0.18,0.22852166710379915
1777384374.8615596,tb7,-0.00616527291701857,-1.5
1777384374.9047205,tb1,0.09064627339475362,1.5
1777384374.9050026,tb2,0.03719910418646372,-1.5
1777384374.9111996,tb3,-0.18,0.2284832142456148
1777384374.9115922,tb7,-0.007401318658191907,-1.5
1777384374.9547217,tb1,0.12301280370615983,1.5
1777384374.9551125,tb2,0.03719427392697926,-1.5
1777384374.9611802,tb3,-0.18,0.2284285993109343
1777384374.9618242,tb7,-0.0061054931678545974,-1.5
1777384375.0047605,tb1,0.1687241628566433,1.5
1777384375.004988,tb2,0.03722515325229682,-1.5
1777384375.0111024,tb3,-0.18,0.22853696143095917
1777384375.0116582,tb7,-0.0061172775454623966,-1.5
1777384375.0547593,tb1,0.18,1.1875513659892032
1777384375.054979,tb2,0.037252889616079074,-1.5
1777384375.0611074,tb3,-0.18,0.22851981654873826
1777384375.0615072,tb7,-0.0061579883382941,-1.5
1777384375.104831,tb1,0.18,0.8337920948094756
1777384375.1049817,tb2,0.03706816666463703,-1.5
1777384375.1111748,tb3,-0.18,0.22851007014892144
1777384375.1118622,tb7,-0.007404740707385905,-1.5
1777384375.1550572,tb2,0.037058180527632247,-1.5
1777384375.1550481,tb1,0.18,0.5689609173737579
1777384375.1611497,tb3,-0.18,0.22860965876242056
1777384375.161724,tb7,-0.006094507420135024,-1.5
1777384375.2048898,tb1,0.18,0.29039235858436346
1777384375.2049558,tb2,0.03713569144586399,-1.5
1777384375.2111554,tb3,-0.18,0.22852702576288617
1777384375.211706,tb7,-0.006127757702691838,-1.5
1777384375.2547512,tb1,0.18,0.08372133921646127
1777384375.2549372,tb2,0.037134956296131415,-1.5
1777384375.2612102,tb3,-0.18,0.22861532838045812
1777384375.2617981,tb7,-0.006041965237140181,-1.5
1777384375.3048482,tb1,0.18,-0.11822619955862439
1777384375.3051455,tb2,0.037068699675040444,-1.5
1777384375.3112125,tb3,-0.18,0.22851604840486153
1777384375.3117013,tb7,-0.007550925747056315,-1.5
1777384375.354879,tb1,0.18,-0.26797223234405826
1777384375.3549633,tb2,0.037062940259479246,-1.5
1777384375.3612514,tb3,-0.18,0.22855572191575393
1777384375.3617313,tb7,-0.006096584936950512,-1.5
1777384375.4047825,tb1,0.18,-0.4105804999428791
1777384375.4049559,tb2,0.03712112701711541,-1.5
1777384375.4113913,tb3,-0.18,0.2284055073563254
1777384375.4117615,tb7,-0.006107119901147855,-1.5
1777384375.4548357,tb1,0.18,-0.5922175429143957
1777384375.4549417,tb2,0.037143222169797284,-1.5
1777384375.461176,tb3,-0.18,0.22854660030610296
1777384375.4617803,tb7,-0.006112631969425979,-1.5
1777384375.5049253,tb1,0.18,-0.7376257804399198
1777384375.5049586,tb2,0.03707365466744424,-1.5
1777384375.5113773,tb3,-0.18,0.2285481557723011
1777384375.5117671,tb7,-0.00761077062330837,-1.5
1777384375.5548763,tb1,0.18,-0.8760451491433243
1777384375.5549564,tb2,0.037077717008891405,-1.5
1777384375.5613308,tb3,-0.18,0.22852776828756982
1777384375.561599,tb7,-0.006097019134490633,-1.5
1777384375.6049883,tb1,0.18,-0.9788568002919642
1777384375.6049678,tb2,0.03713302818382334,-1.5
1777384375.6113615,tb3,-0.18,0.22857690860120983
1777384375.6117885,tb7,-0.005961375875319341,-1.5
1777384375.65493,tb2,0.03714070677381519,-1.5
1777384375.655104,tb1,0.18,-1.089928101172937
1777384375.6611772,tb3,-0.18,0.228534735583191
1777384375.6618676,tb7,-0.0060779049472694914,-1.5
1777384375.7048645,tb1,0.18,-1.2225117519913575
1777384375.7049634,tb2,0.03705614757929142,-1.5
1777384375.7112293,tb3,-0.18,0.22851717624584245
1777384375.7117558,tb7,-0.007717992291533168,-1.5
1777384375.7547393,tb1,0.18,-1.3080088829851175
1777384375.7549517,tb2,0.03707664350463549,-1.5
1777384375.7612867,tb3,-0.18,0.22850523723758434
1777384375.7616558,tb7,-0.005971271398812626,-1.5
1777384375.8049731,tb2,0.037122423748609516,-1.5
1777384375.8049407,tb1,0.18,-1.304420400076304
1777384375.81133,tb3,-0.18,0.22853688127172417
1777384375.8117976,tb7,-0.00607551136191609,-1.5
1777384375.8547654,tb1,0.18,-1.392770543098814
1777384375.8550131,tb2,0.03712882098939956,-1.5
1777384375.8612425,tb3,-0.18,0.22839287036244824
1777384375.8615289,tb7,-0.006109194313871891,-1.5
1777384375.9049718,tb1,0.18,-1.4511279957369203
1777384375.9051003,tb2,0.036270586003614845,-1.5
1777384375.9112923,tb3,-0.18,0.22850586685972488
1777384375.9117208,tb7,-0.00776822822092633,-1.5
1777384375.9547942,tb1,0.18,-1.4696068550203034
1777384375.9549701,tb2,0.03628085457937449,-1.5
1777384375.9612598,tb3,-0.18,0.22863433053654114
1777384375.9615543,tb7,-0.0061223443632437155,-1.5
1777384376.0048923,tb1,0.18,-1.4841679317637348
1777384376.0049474,tb2,0.036327682123503284,-1.5
1777384376.011167,tb3,-0.18,0.22847634692975527
1777384376.0115392,tb7,-0.005957552015939562,-1.5
1777384376.054944,tb2,0.036342400087702946,-1.5
1777384376.0548851,tb1,0.18,-1.4529352326229854
1777384376.0612533,tb3,-0.18,0.22847245118336781
1777384376.0617008,tb7,-0.0061616367275561705,-1.5
1777384376.1047976,tb1,0.18,-1.4612440310994879
1777384376.1050656,tb2,0.035985790632031715,-1.5
1777384376.1111805,tb3,-0.18,0.22855594872785154
1777384376.1117089,tb7,-0.007840862865436154,-1.5
1777384376.1547472,tb1,0.18,-1.4564227904221558
1777384376.1549542,tb2,0.03599539785872836,-1.5
1777384376.1611023,tb3,-0.18,0.22851442359813645
1777384376.1618598,tb7,-0.006066731699524251,-1.5
1777384376.2047398,tb1,0.18,-1.4507876311107502
1777384376.2049706,tb2,0.036043833897286874,-1.5
1777384376.211314,tb3,-0.18,0.22853563395763152
1777384376.2115204,tb7,-0.006105097102273386,-1.5
1777384376.2550933,tb2,0.03604028610837771,-1.5
1777384376.2550828,tb1,0.18,-1.4498735807710157
1777384376.2611966,tb3,-0.18,0.2285286529681855
1777384376.2617278,tb7,-0.006000224660594216,-1.5
1777384376.3048182,tb1,0.16095149256288627,-1.5
1777384376.30532,tb2,0.03469843177971529,-1.5
1777384376.311253,tb3,-0.18,0.22856948963247403
1777384376.3117678,tb7,-0.007931643545851146,-1.5
1777384376.354912,tb1,0.13811616593321152,-1.5
1777384376.354972,tb2,0.03471367735250516,-1.5
1777384376.3612273,tb3,-0.18,0.2284940498215413
1777384376.3617218,tb7,-0.006032612053569334,-1.5
1777384376.40474,tb1,0.11925633091927693,-1.5
1777384376.4051552,tb2,0.03474865753061059,-1.5
1777384376.4117377,tb7,-0.006121028183022049,-1.5
1777384376.4547331,tb1,0.10359509140354695,-1.5
1777384376.4550645,tb2,0.03477883831175012,-1.5
1777384376.4617596,tb7,-0.006112076001244512,-1.5
1777384376.504816,tb1,0.08806777021477256,-1.5000000000000002
1777384376.505024,tb2,0.03444488584446282,-1.5
1777384376.5547457,tb1,0.07389082190496152,-1.5
1777384376.554993,tb2,0.034451097385281675,-1.5
1777384376.6050816,tb1,0.060975956385652154,-1.5
1777384376.605154,tb2,0.034515868436988895,-1.5
1777384376.6549425,tb1,0.04809124462217214,-1.5
1777384376.6550262,tb2,0.03450655319237943,-1.5
1777384376.7048783,tb1,0.03869284173488401,-1.5
1777384376.705157,tb2,0.03447266156972065,-1.5
1777384376.7547724,tb1,0.03215654388216299,-1.5
1777384376.754987,tb2,0.034458981855298464,-1.5
1777384376.8048244,tb1,0.026399672211397822,-1.5
1777384376.8050137,tb2,0.03449168165917771,-1.5
1777384376.8548326,tb1,0.019399646860475548,-1.5
1777384376.854981,tb2,0.03451783796901386,-1.5
1777384376.9046905,tb1,0.011636667883056534,-1.5
1777384376.9048984,tb2,0.03445930960783167,-1.5
1777384376.9547894,tb1,0.004129754643970805,-1.5000000000000002
1777384376.95518,tb2,0.03447186021416258,-1.5
1777384377.0050418,tb1,-0.003210604341916113,-1.5000000000000002
1777384377.005042,tb2,0.03451177100849452,-1.5
1777384377.0548098,tb1,-0.010454817345163037,-1.4999999999999998
1777384377.055277,tb2,0.03451496119124885,-1.5
1777384377.1048563,tb1,-0.018187596985632867,-1.5
1777384377.1050556,tb2,0.03445972326904416,-1.5
1777384377.1547248,tb1,-0.026179979564129437,-1.5
1777384377.155021,tb2,0.03447340320771024,-1.5
1777384377.204744,tb1,-0.033517766283929384,-1.4999999999999998
1777384377.205035,tb2,0.034483896119007484,-1.5
1777384377.2547336,tb1,-0.03918446735305739,-1.5
1777384377.254988,tb2,0.03450890332967659,-1.5
1777384377.3051357,tb2,0.03384907979708606,-1.5
1777384377.3051834,tb1,-0.042373101318986625,-1.5
1777384377.354826,tb1,-0.04475129389246982,-1.5
1777384377.3553126,tb2,0.03386267145655422,-1.5
1777384377.4047658,tb1,-0.04634687735368867,-1.4999999999999998
1777384377.4052536,tb2,0.033884684982359706,-1.5
1777384377.4547486,tb1,-0.04792169262221118,-1.5000000000000002
1777384377.4550087,tb2,0.03391217401021787,-1.5
1777384377.5047565,tb1,-0.04825723573573538,-1.5
1777384377.5049744,tb2,0.033632238008545055,-1.5
1777384377.5547698,tb1,-0.048583780243627785,-1.5
1777384377.5550184,tb2,0.033621786662567266,-1.5
1777384377.604927,tb2,0.03362057361664512,-1.5
1777384377.604944,tb1,-0.049984420069325707,-1.5000000000000002
1777384377.6549447,tb2,0.033665141659559694,-1.5
1777384377.6548972,tb1,-0.051151010448248505,-1.5
1777384377.7047408,tb1,-0.05248479672821097,-1.5
1777384377.7049873,tb2,0.03346018777681757,-1.5
1777384377.754759,tb1,-0.05367846007176947,-1.5
1777384377.755273,tb2,0.033454501074881765,-1.5
1777384377.804929,tb1,-0.05506591109022446,-1.4999999999999998
1777384377.805002,tb2,0.033433048855947396,-1.5
1777384377.8548844,tb1,-0.0559435612614741,-1.5
1777384377.855325,tb2,0.03350909323721167,-1.5
1777384377.9048724,tb1,-0.05729665807096912,-1.5
1777384377.9049282,tb2,0.03345221249968807,-1.5
1777384377.9547381,tb1,-0.058547413768230576,-1.5
1777384377.9551232,tb2,0.03322732484489976,-1.5
1777384378.0049155,tb1,-0.05978366291463302,-1.5
1777384378.0054176,tb2,0.03319085411832216,-1.5
1777384378.0549874,tb1,-0.06098163817837676,-1.5
1777384378.0550675,tb2,0.03324526215910641,-1.5
1777384378.1047716,tb1,-0.06185712638177816,-1.5
1777384378.1053252,tb2,0.03305439985262033,-1.5
1777384378.154947,tb1,-0.0628555928429293,-1.5
1777384378.1552408,tb2,0.033034717764008265,-1.5
1777384378.2047546,tb1,-0.06397802291863776,-1.4999999999999998
1777384378.2049336,tb2,0.03302454041099619,-1.5
1777384378.255085,tb1,-0.06530067327227908,-1.5
1777384378.255236,tb2,0.03310274258484806,-1.5
1777384378.2619455,tb7,0.18,0.9063980807230496
1777384378.3049634,tb2,0.032820727280481285,-1.5
1777384378.3049588,tb1,-0.06656204005434606,-1.5
1777384378.3117695,tb7,0.18,0.9055811673170578
1777384378.354752,tb1,-0.06790633450651995,-1.5
1777384378.3549755,tb2,0.03281266818052436,-1.5
1777384378.3616936,tb7,0.18,0.9049216842272514
1777384378.4049137,tb1,-0.06915292922539258,-1.5
1777384378.4054167,tb2,0.03279074192317487,-1.5
1777384378.411707,tb7,0.18,0.8899415783226707
1777384378.45494,tb1,-0.07034260508568904,-1.5
1777384378.455165,tb2,0.03287676513401888,-1.5
1777384378.4617152,tb7,0.18000000000000002,0.90572480326432
1777384378.5051703,tb2,0.0328208181307473,-1.5
1777384378.5051749,tb1,-0.07172217366222736,-1.5
1777384378.5117025,tb7,0.18,0.9064479396763547
1777384378.5549166,tb1,-0.07307725300701277,-1.5
1777384378.5550275,tb2,0.0324866089830695,-1.5
1777384378.5617056,tb7,0.18,0.9066089131515257
1777384378.6047184,tb1,-0.07450388125678702,-1.5
1777384378.6051476,tb2,0.03248855226736158,-1.5
1777384378.6118312,tb7,0.18,0.8887005863775276
1777384378.6549177,tb1,-0.07575987002765097,-1.5
1777384378.6553664,tb2,0.03254555619318929,-1.5
1777384378.6618724,tb7,0.18,0.9065971106072915
1777384378.704888,tb1,-0.07297191455002136,-1.5
1777384378.7049344,tb2,0.03249739742007119,-1.5
1777384378.7117076,tb7,0.18,0.9055542900908427
1777384378.7547174,tb1,-0.06583890223120574,-1.5
1777384378.7549872,tb2,0.03249315104168284,-1.5
1777384378.7619102,tb7,0.18,0.9058180436085471
1777384378.804722,tb1,-0.05753896866798646,-1.5
1777384378.8051293,tb2,0.03248593319149759,-1.5
1777384378.8118215,tb7,0.18,0.886961331616246
1777384378.854769,tb1,-0.04823837780838004,-1.5
1777384378.8549378,tb2,0.0325454737914659,-1.5
1777384378.861742,tb7,0.18,0.9058985292602604
1777384378.9047637,tb1,-0.037469360722381155,-1.5
1777384378.9049299,tb2,0.03212267417579042,-1.5
1777384378.9116611,tb7,0.18,0.9066764711288605
1777384378.9547246,tb1,-0.02634352386863954,-1.5
1777384378.95515,tb2,0.03212561617573775,-1.5
1777384378.961816,tb7,0.18,0.9067248151658304
1777384379.0048544,tb1,-0.015011330976509245,-1.5
1777384379.0050943,tb2,0.03211646885929443,-1.5
1777384379.0117202,tb7,0.18,0.8857295964209531
1777384379.0547938,tb1,-0.00430264444169994,-1.5
1777384379.0549357,tb2,0.03217997651774347,-1.5
1777384379.0617774,tb7,0.18,0.9056604290088481
1777384379.104731,tb1,0.00497009087034564,-1.5
1777384379.1049893,tb2,0.03214092474793266,-1.5
1777384379.1117196,tb7,0.18,0.9069493343150861
1777384379.155089,tb2,0.034021279059158166,-1.5
1777384379.1552403,tb1,0.01604663589228187,-1.5
1777384379.1619284,tb7,0.18,0.9050129987576632
1777384379.204831,tb1,0.026669590190710853,-1.5
1777384379.2049768,tb2,0.039208584603558944,-1.5
1777384379.2117715,tb7,0.18,0.8841650888222945
1777384379.2547438,tb1,0.03780690404456752,-1.5000000000000002
1777384379.2549794,tb2,0.04786064297165339,-1.5
1777384379.2617126,tb7,0.18,0.9059566115574549
1777384379.304833,tb1,0.049015832925184084,-1.5000000000000002
1777384379.304993,tb2,0.05696391638509127,-1.5
1777384379.311903,tb7,0.18,0.9051601503032498
1777384379.3552709,tb2,0.0674186500955441,-1.5
1777384379.3554327,tb1,0.06067808063264478,-1.5
1777384379.361728,tb7,0.18,0.9066136285192419
1777384379.4049554,tb2,0.0783445729195268,-1.5
1777384379.404931,tb1,0.0733359593513964,-1.5
1777384379.411981,tb7,0.18,0.882497056583973
1777384379.455096,tb1,0.08463839151200672,-1.5
1777384379.455252,tb2,0.09141519298680757,-1.5
1777384379.4617774,tb7,0.18,0.906847080453503
1777384379.5050573,tb1,0.09837371779676868,-1.5
1777384379.5051923,tb2,0.1060765319071828,-1.5
1777384379.5116954,tb7,0.18,0.9085133158287246
1777384379.554711,tb1,0.11413207532382323,-1.5
1777384379.5549805,tb2,0.12302726141015002,-1.5
1777384379.5618086,tb7,0.18,0.9077231517595734
1777384379.6047266,tb1,0.1305772659956841,-1.5
1777384379.6050103,tb2,0.1430919268210628,-1.5
1777384379.6116803,tb7,0.18,0.8788303285208403
1777384379.654751,tb1,0.1488840002874257,-1.5
1777384379.654942,tb2,0.16500384849173844,-1.5
1777384379.6617885,tb7,0.18,0.9032975951144664
1777384379.7048433,tb1,0.17122332518805788,-1.5
1777384379.7050002,tb2,0.18,-1.4240702483000065
1777384379.711589,tb7,0.18,0.9021495908086612
1777384379.7546966,tb1,0.18,-1.3623952897971343
1777384379.755045,tb2,0.18,-1.199668695393578
1777384379.7615826,tb7,0.18,0.8990318279498302
1777384379.804728,tb1,0.18,-1.1879837247740201
1777384379.8049796,tb2,0.18,-1.0156497965295581
1777384379.8115282,tb7,0.17999999999999997,0.8710910484586502
1777384379.8547523,tb1,0.18,-1.0095374783815596
1777384379.8550231,tb2,0.18000000000000002,-0.837417644822519
1777384379.8612096,tb3,-0.18,0.2441011358357712
1777384379.8615704,tb7,0.18,0.9001723730467412
1777384379.9047227,tb1,0.18,-0.8457968347685788
1777384379.9049368,tb2,0.18,-0.6760759655155074
1777384379.9111218,tb3,-0.18,0.24400529626272474
1777384379.9116898,tb7,0.18,0.8988360808574051
1777384379.9547396,tb1,0.18,-0.6887317352091689
1777384379.9549837,tb2,0.17999999999999997,-0.5034244512506673
1777384379.961151,tb3,-0.18,0.24412065668970326
1777384379.9623098,tb7,0.18,0.8990666779003129
1777384380.004728,tb1,0.18,-0.543146880907341
1777384380.0049078,tb2,0.18,-0.3583753254409794
1777384380.0111344,tb3,-0.18,0.2442992042771596
1777384380.0115674,tb7,0.18,0.8705864700415185
1777384380.0547473,tb1,0.18,-0.4072381465539108
1777384380.054979,tb2,0.17999999999999997,-0.21292648933196626
1777384380.0612133,tb3,-0.18,0.24409976571537
1777384380.061646,tb7,0.18,0.8934850163031258
1777384380.1047735,tb1,0.18,-0.27233646749967416
1777384380.10501,tb2,0.18,-0.06681746453584893
1777384380.1111643,tb3,-0.18,0.24375487158421355
1777384380.1117084,tb7,0.18,0.8950828055050045
1777384380.1547954,tb1,0.18,-0.14190201389099155
1777384380.1550536,tb2,0.18000000000000002,0.05799716420836187
1777384380.16124,tb3,-0.18,0.24415675527623545
1777384380.1616337,tb7,0.18,0.8959145894864671
1777384380.2047498,tb1,0.18,-0.027660187559907064
1777384380.2051523,tb2,0.18,0.21568584149311393
1777384380.2112026,tb3,-0.18,0.24415711964661718
1777384380.2117083,tb7,0.18,0.8649023178629066
1777384380.2547348,tb1,0.18,0.09557693423950041
1777384380.2549863,tb2,0.18,0.36873873169037635
1777384380.2611966,tb3,-0.18,0.24423294823759362
1777384380.2616022,tb7,0.18,0.8929433262621245
1777384380.3048816,tb1,0.18,0.22527853774684226
1777384380.3050098,tb2,0.18000000000000002,0.5250198807397222
1777384380.3111808,tb3,-0.18,0.24390397896152097
1777384380.3117886,tb7,0.18,0.8993216057928536
1777384380.354738,tb1,0.18,0.35804010488227606
1777384380.3549485,tb2,0.18000000000000002,0.6947341568476953
1777384380.3611722,tb3,-0.18,0.24407856640112005
1777384380.361859,tb7,0.17999999999999997,0.9003160284084987
1777384380.4047298,tb1,0.18,0.4965066135821799
1777384380.405217,tb2,0.18,0.880879857126997
1777384380.4111662,tb3,-0.18,0.244036108786281
1777384380.4117484,tb7,0.18,0.8704967677565096
1777384380.4549904,tb1,0.18,0.641076987310005
1777384380.4549994,tb2,0.18,1.0626662661108972
1777384380.4611907,tb3,-0.18,0.24403079834119493
1777384380.461699,tb7,0.18,0.9008440640020816
1777384380.5048761,tb1,0.18,0.7771024227575337
1777384380.5061224,tb2,0.17999999999999997,1.262964961916124
1777384380.5112238,tb3,-0.18,0.24394354275686003
1777384380.5116951,tb7,0.18,0.912544265467783
1777384380.5550098,tb1,0.18,0.9424970194037963
1777384380.5550156,tb2,0.17941564936498655,1.5
1777384380.5612495,tb3,-0.18,0.24399137846507243
1777384380.561797,tb7,0.18,0.9141491795272826
1777384380.6049697,tb2,0.15184468079311228,1.5
1777384380.6055582,tb1,0.18,1.1058878842294175
1777384380.611161,tb3,-0.18,0.24407965470441884
1777384380.611675,tb7,0.18,0.8818130826544626
1777384380.6547384,tb1,0.18,1.270680708482796
1777384380.654934,tb2,0.1299506187833047,1.5000000000000002
1777384380.6612482,tb3,-0.18,0.24401969264855
1777384380.6618123,tb7,0.18,0.9126704863204664
1777384380.7048569,tb1,0.18,1.435367316924601
1777384380.7051237,tb2,0.10901204084454205,1.5
1777384380.711315,tb3,-0.18,0.24399542117472303
1777384380.711697,tb7,0.18,0.9155097038797964
1777384380.7547336,tb1,0.16829878955544397,1.5
1777384380.7549815,tb2,0.09179622285219688,1.5
1777384380.7612405,tb3,-0.18,0.24410495012123554
1777384380.7617953,tb7,0.18000000000000002,0.9129085267354797
1777384380.80504,tb1,0.1522067393553482,1.5
1777384380.8050272,tb2,0.07849008885589401,1.5
1777384380.8112965,tb3,-0.18,0.24416523860646483
1777384380.811785,tb7,0.18,0.8801861502198304
1777384380.8547797,tb1,0.13910237579399382,1.5
1777384380.8549764,tb2,0.0641272403405737,1.5
1777384380.8612275,tb3,-0.18,0.2440567538956586
1777384380.8616905,tb7,0.18,0.9121190590074869
1777384380.9047148,tb1,0.1256444624443804,1.5
1777384380.9049854,tb2,0.05117090323054877,1.5
1777384380.9112484,tb3,-0.18,0.24405504911825204
1777384380.9116962,tb7,0.18000000000000002,0.9144504134869872
1777384380.9547203,tb1,0.1149710149709443,1.5
1777384380.9550862,tb2,0.03845470665222649,1.5
1777384380.9613183,tb3,-0.18,0.24410286068200082
1777384380.961711,tb7,0.18,0.9124637017569733
1777384381.0047555,tb1,0.10496634386034799,1.5
1777384381.0053704,tb2,0.02581335030011499,1.5
1777384381.0113838,tb3,-0.18,0.24416043930497697
1777384381.0117261,tb7,0.18,0.8800367256770893
1777384381.0547147,tb1,0.09617682583876722,1.5
1777384381.0549805,tb2,0.01337421952703006,1.5
1777384381.061184,tb3,-0.18,0.24404060742041805
1777384381.0616627,tb7,0.18,0.9120906507339682
1777384381.104723,tb1,0.0882012739815897,1.5
1777384381.104937,tb2,0.0031535388094089466,1.5
1777384381.111241,tb3,-0.18,0.2440922710704616
1777384381.1118212,tb7,0.18,0.9125396708192302
1777384381.1550148,tb1,0.08027871342259225,1.5
1777384381.154965,tb2,-0.008641787537991396,1.5
1777384381.1612952,tb3,-0.18,0.2441363210384697
1777384381.1617932,tb7,0.18,0.9129061830836571
1777384381.2050905,tb2,-0.02007998145084515,1.5
1777384381.205058,tb1,0.07231932592422177,1.5
1777384381.2112222,tb3,-0.18,0.24411061308471524
1777384381.2115932,tb7,0.18,0.8792988026647949
1777384381.2548242,tb1,0.06509573886090363,1.5
1777384381.2549357,tb2,-0.031860442305314485,1.5
1777384381.2612731,tb3,-0.18,0.2440505263671048
1777384381.2617717,tb7,0.18,0.9118182842172853
1777384381.3049314,tb2,-0.04400075201090487,1.5
1777384381.305104,tb1,0.05885229681391942,1.5
1777384381.3111544,tb3,-0.18,0.2440660158235572
1777384381.31172,tb7,0.18,0.911610790282464
1777384381.3547177,tb1,0.05260105206832501,1.5
1777384381.355227,tb2,-0.05685840932859294,1.5
1777384381.361272,tb3,-0.18,0.24412968078064223
1777384381.361808,tb7,0.18,0.9131678886409759
1777384381.4050345,tb1,0.04607191778943701,1.5
1777384381.405157,tb2,-0.07001054732521783,1.5
1777384381.4112518,tb3,-0.18,0.24406421336172923
1777384381.4117532,tb7,0.18,0.8780303278721266
1777384381.4549687,tb1,0.040611857593434116,1.4999999999999998
1777384381.4550962,tb2,-0.0835192518857002,1.5
1777384381.461262,tb3,-0.18,0.24409295853428045
1777384381.461798,tb7,0.18,0.9127056204175168
1777384381.5047574,tb1,0.03518113233612336,1.5000000000000002
1777384381.5051618,tb2,-0.09439312019088483,1.5
1777384381.511237,tb3,-0.18,0.2440665284926567
1777384381.511782,tb7,0.18,0.9134115832043913
1777384381.5550685,tb2,-0.10003103647797362,1.5
1777384381.555091,tb1,0.030147841211103435,1.5
1777384381.561283,tb3,-0.18,0.2441425351561845
1777384381.5617578,tb7,0.18,0.9130657985449891
1777384381.6047974,tb1,0.025035196256171156,1.5
1777384381.604966,tb2,-0.10553165121342299,1.5
1777384381.6112854,tb3,-0.18,0.244148338981978
1777384381.611949,tb7,0.18,0.8774162918485673
1777384381.6548223,tb1,0.020364700988667522,1.5
1777384381.6550417,tb2,-0.11352695482885826,1.5
1777384381.6612124,tb3,-0.18,0.24409027415817416
1777384381.661701,tb7,0.18,0.9125031887898292
1777384381.7049935,tb2,-0.12121603189118066,1.5
1777384381.7050772,tb1,0.01607895841669074,1.5
1777384381.71122,tb3,-0.18,0.24407538449288113
1777384381.7117035,tb7,0.17999999999999997,0.9127408632154491
1777384381.7548556,tb1,0.012015090442119179,1.5
1777384381.7552776,tb2,-0.12886154452333687,1.5
1777384381.7612731,tb3,-0.18,0.24406789008713958
1777384381.761729,tb7,0.18,0.9127226228411158
1777384381.804772,tb1,0.007279520480439236,1.5
1777384381.8052719,tb2,-0.13719363724934114,1.5
1777384381.8111668,tb3,-0.18,0.2440877471926653
1777384381.8118026,tb7,0.18,0.8762890049591537
1777384381.8548746,tb1,0.0027194495215888364,1.5
1777384381.854991,tb2,-0.14579668393131365,1.5
1777384381.8612912,tb3,-0.18,0.24410284852683928
1777384381.8616939,tb7,0.17999999999999997,0.9134497959098878
1777384381.905052,tb1,-0.0006592681109778693,1.5
1777384381.9052455,tb2,-0.1559495424874794,1.5
1777384381.9112384,tb3,-0.18,0.24402488273912545
1777384381.9117134,tb7,0.18,0.913253193244603
1777384381.95502,tb1,-0.003948094475009692,1.5
1777384381.9551382,tb2,-0.16304114832530323,1.5
1777384381.961328,tb3,-0.18,0.24418080836821482
1777384381.961722,tb7,0.18,0.9126725694165876
1777384382.0048366,tb1,-0.007662214093987887,1.5
1777384382.005051,tb2,-0.17164720991108576,1.5
1777384382.0112538,tb3,-0.18,0.24410055572776426
1777384382.011689,tb7,0.18,0.8762704183974052
1777384382.0550177,tb2,-0.18,1.4935137537559326
1777384382.0550044,tb1,-0.010919897649597903,1.5
1777384382.061265,tb3,-0.18,0.24408411227266877
1777384382.0617347,tb7,0.18,0.8972546351204059
1777384382.1049402,tb2,-0.18,1.428877496311676
1777384382.104936,tb1,-0.014276315274199107,1.5
1777384382.1112096,tb3,-0.18,0.24409055905974494
1777384382.1115887,tb7,0.18,0.912254774033174
1777384382.1550944,tb1,-0.01800715347381935,1.4999999999999998
1777384382.1550846,tb2,-0.18,1.3440960505136845
1777384382.1613176,tb3,-0.18,0.24422003996364777
1777384382.1618767,tb7,0.18000000000000002,0.9129146127824989
1777384382.2048101,tb1,-0.02127711245741893,1.5
1777384382.2052402,tb2,-0.18,1.2871846644901346
1777384382.2111578,tb3,-0.18,0.2440909982890161
1777384382.2117302,tb7,0.18,0.869123220019555
1777384382.2549968,tb2,-0.18,1.2271013662361356
1777384382.2550328,tb1,-0.024718168963950862,1.5
1777384382.2613006,tb3,-0.18,0.24411137300040506
1777384382.2616823,tb7,0.18,0.8972179324674787
1777384382.3050787,tb1,-0.028344052126845185,1.5
1777384382.3050747,tb2,-0.18,1.1620950821601144
1777384382.3111784,tb3,-0.18,0.24419848924142012
1777384382.3116684,tb7,0.18,0.9116674939807993
1777384382.3549795,tb2,-0.18,1.1147670761410449
1777384382.3550131,tb1,-0.031745638380837896,1.5
1777384382.3612053,tb3,-0.18,0.24406032798978528
1777384382.361696,tb7,0.18,0.9124657386285947
1777384382.4050028,tb1,-0.03546589325513012,1.5
1777384382.4050217,tb2,-0.18,1.0550329258149802
1777384382.4111993,tb3,-0.18,0.24620921253509134
1777384382.411698,tb7,0.18,0.8697411401037928
1777384382.454943,tb2,-0.18,0.989703274689002
1777384382.455058,tb1,-0.03894228366534367,1.5
1777384382.4616926,tb7,0.18,0.9122888625011798
1777384382.505042,tb2,-0.18,0.9318707131338309
1777384382.5050187,tb1,-0.04236818477728442,1.5
1777384382.5548117,tb1,-0.045925838271783176,1.4999999999999998
1777384382.554967,tb2,-0.18,0.8991030156402864
1777384382.6049314,tb1,-0.04961135234475849,1.5
1777384382.6050816,tb2,-0.18,0.882409165636093
1777384382.6548507,tb1,-0.05341131465787392,1.5
1777384382.6553202,tb2,-0.18,0.8765475884980563
1777384382.7049625,tb1,-0.05662809589556642,1.5
1777384382.7049937,tb2,-0.18,0.8744272921528522
1777384382.7549093,tb1,-0.05814615148009102,1.5
1777384382.7549767,tb2,-0.18,0.8742582799670999
1777384382.8049705,tb1,-0.05487576327034078,1.5
1777384382.8049984,tb2,-0.18,0.8740048864031877
1777384382.8548262,tb1,-0.047726613721531246,1.5
1777384382.8553636,tb2,-0.18,0.8739864295535085
1777384382.9047031,tb1,-0.038181237250212635,1.5
1777384382.904963,tb2,-0.18,0.8741567976718774
1777384382.9547424,tb1,-0.028092218898395607,1.5
1777384382.9551957,tb2,-0.18,0.8742669646125121
1777384382.961222,tb3,-0.18,0.41374860276043646
1777384383.0047204,tb1,-0.01707794037987813,1.5000000000000002
1777384383.0049863,tb2,-0.18,0.8739945987747016
1777384383.011189,tb3,-0.18,0.42260310376567145
1777384383.0547714,tb1,-0.0064162749020484225,1.5
1777384383.055006,tb2,-0.18,0.8741867155609604
1777384383.0611854,tb3,-0.18,0.4269286890607568
1777384383.1047258,tb1,0.0042380891177349,1.5
1777384383.1050024,tb2,-0.18,0.8740789908100985
1777384383.1111763,tb3,-0.18,0.4386481779934994
1777384383.1549299,tb2,-0.18,0.8743691374792264
1777384383.154916,tb1,0.014962228662743274,1.5
1777384383.161227,tb3,-0.18,0.45155309606780475
1777384383.2048597,tb1,0.02482578911934929,1.5
1777384383.2053254,tb2,-0.18,0.8739319410928144
1777384383.211281,tb3,-0.18,0.46518385873606005
1777384383.2548919,tb1,0.03638668960710344,1.5
1777384383.2553859,tb2,-0.18000000000000002,0.8740350972249281
1777384383.2611606,tb3,-0.18,0.4831846060744966
1777384383.304985,tb1,0.04799859021740039,1.5
1777384383.3058329,tb2,-0.18,0.8741213842902621
1777384383.3111842,tb3,-0.18,0.510072811273674
1777384383.3547852,tb1,0.05903984822267893,1.5
1777384383.3552089,tb2,-0.18,0.8743869569328321
1777384383.361164,tb3,-0.18,0.5348117537536877
1777384383.404931,tb2,-0.18,0.8739970707107846
1777384383.4049895,tb1,0.0719261387659145,1.5
1777384383.411176,tb3,-0.18,0.5394667747071942
1777384383.4549897,tb1,0.08355875457315294,1.5
1777384383.4549637,tb2,-0.18,0.8741095820639619
1777384383.461249,tb3,-0.18,0.5591454574105467
1777384383.50478,tb1,0.0985797033207834,1.4999999999999998
1777384383.5050194,tb2,-0.18,0.8742155161264924
1777384383.5111556,tb3,-0.18,0.5768860870127532
1777384383.5548117,tb1,0.11532431595674242,1.5
1777384383.5550234,tb2,-0.18,0.8743543511110746
1777384383.561262,tb3,-0.18,0.6054236902544257
1777384383.6051,tb1,0.13413539179223805,1.5
1777384383.6051943,tb2,-0.18,0.8741786098597913
1777384383.6112714,tb3,-0.18,0.6248535525701321
1777384383.654949,tb1,0.15526861266633768,1.5
1777384383.6549916,tb2,-0.18,0.8740843237955153
1777384383.6612637,tb3,-0.18,0.6434631291610416
1777384383.7049367,tb2,-0.18,0.8739031438673815
1777384383.7051601,tb1,0.18,1.4952620853845275
1777384383.711185,tb3,-0.18,0.671795655867653
1777384383.7549658,tb2,-0.18,0.8742129127675309
1777384383.7552938,tb1,0.18,1.2872608318717764
1777384383.761441,tb3,-0.18,0.6945070756894904
1777384383.804723,tb1,0.18,1.1042921359635893
1777384383.8050854,tb2,-0.18,0.8740548290573965
1777384383.8111365,tb3,-0.18,0.7171031124683085
1777384383.854722,tb1,0.18,0.9276447429237682
1777384383.8549385,tb2,-0.18,0.8741055066339544
1777384383.8612218,tb3,-0.18,0.7309138107107686
1777384383.9049232,tb2,-0.18,0.8740837906073372
1777384383.9049525,tb1,0.18,0.7815101205545775
1777384383.911294,tb3,-0.18,0.7375922256665499
1777384383.9547777,tb1,0.18,0.6447488068592627
1777384383.954937,tb2,-0.18,0.8742195196772525
1777384383.9612436,tb3,-0.18,0.7376910747610235
1777384384.0052989,tb1,0.18,0.5061933606962606
1777384384.0054846,tb2,-0.18,0.8740933700605128
1777384384.0112543,tb3,-0.18,0.7381318839355347
1777384384.054939,tb2,-0.18,0.8741404272434994
1777384384.0550663,tb1,0.18,0.38389129457397975
1777384384.0612497,tb3,-0.18,0.7389616863025479
1777384384.1050386,tb2,-0.18,0.8739795684900584
1777384384.105109,tb1,0.18,0.27918559981542473
1777384384.1112604,tb3,-0.18,0.7296378055617617
1777384384.1552997,tb1,0.18,0.19146026374530503
1777384384.1613212,tb3,-0.18,0.690437397320712
1777384384.2049415,tb1,0.18,0.12250967440189903
1777384384.2111804,tb3,-0.18,0.6258583082343486
1777384384.2548308,tb1,0.18,0.06256163562466929
1777384384.261272,tb3,-0.18,0.5542196239483806
1777384384.3047462,tb1,0.18,0.007292681721156657
1777384384.311328,tb3,-0.18,0.4796566064129127
1777384384.3548768,tb1,0.18,-0.00955725790315422
1777384384.36138,tb3,-0.18,0.39992248128929625
1777384384.4048705,tb1,0.18,-0.02856600027900287
1777384384.4113746,tb3,-0.18,0.3140709800406297
1777384384.4549475,tb1,0.18,-0.03794505693185717
1777384384.461521,tb3,-0.18,0.22966171491291232
1777384384.5047472,tb1,0.18,-0.10282114170718806
1777384384.5114045,tb3,-0.18,0.1512336615330026
1777384384.5549128,tb1,0.18,-0.26479355375380514
1777384384.561256,tb3,-0.18,0.06923379939620586
1777384384.6047404,tb1,0.18,-0.45879452535302584
1777384384.6113546,tb3,-0.18,-0.005547615733118584
1777384384.6549103,tb1,0.18,-0.6612313915821002
1777384384.6614668,tb3,-0.18,-0.08331879001292243
1777384384.7049677,tb1,0.18,-0.8928851189160827
1777384384.71124,tb3,-0.18,-0.154850051249356
1777384384.7548292,tb1,0.18,-1.2475193403045093
1777384384.761226,tb3,-0.18,-0.22639170852798915
1777384384.8047314,tb1,0.1628817064219987,-1.5
1777384384.8113153,tb3,-0.18,-0.28811137932910635
1777384384.85494,tb1,0.1288918350996286,-1.5000000000000002
1777384384.861345,tb3,-0.18,-0.3620339455772695
1777384384.9049556,tb1,0.10203326480226191,-1.5
1777384384.9113991,tb3,-0.18,-0.43295137150627305
1777384384.9547365,tb1,0.08932743902537439,-1.5000000000000002
1777384384.961329,tb3,-0.18,-0.5843753319070608
1777384385.0048738,tb1,0.07819306340597755,-1.5
1777384385.011178,tb3,-0.18,-0.7849177839641278
1777384385.054764,tb1,0.07688666439367547,-1.5
1777384385.0611713,tb3,-0.18,-0.9796077018885948
1777384385.1050556,tb1,0.08074931454952461,-1.5
1777384385.111147,tb3,-0.18,-1.1337801934079923
1777384385.1552641,tb1,0.08548873772986447,-1.5
1777384385.1612384,tb3,-0.18,-1.3872456733422562
1777384385.2048838,tb1,0.059035168118274514,-1.5
1777384385.211238,tb3,-0.13602390620228005,-1.4999999999999998
1777384385.254969,tb1,0.06805446779093925,-1.5000000000000002
1777384385.261315,tb3,-0.10222352303534617,-1.5
1777384385.30477,tb1,0.08022172481462274,-1.5
1777384385.3111813,tb3,-0.06443384519150139,-1.5
1777384385.3548443,tb1,0.09704597036129554,-1.5
1777384385.3612385,tb3,-0.04018002395820793,-1.5
1777384385.4048796,tb1,0.11753453778194851,-1.5
1777384385.4113445,tb3,-0.009124787382596714,-1.5
1777384385.4548388,tb1,0.14267145568209422,-1.5
1777384385.4612124,tb3,0.01711467517949414,-1.5
1777384385.5047493,tb1,0.17681224407011997,-1.5
1777384385.511096,tb3,0.04968966423374755,-1.5
1777384385.5547326,tb1,0.18,-1.2474982622691762
1777384385.5612237,tb3,0.07864886748649536,-1.5
1777384385.6048613,tb1,0.18,-1.2877683682185923
1777384385.6049914,tb2,-0.18,1.0329943289883146
1777384385.611225,tb3,0.10495768175456299,-1.5
1777384385.6547322,tb1,0.18,-1.0454310407384615
1777384385.6549585,tb2,-0.18,1.0349346159541106
1777384385.6611726,tb3,0.0883494518743602,-1.5
1777384385.7046854,tb1,0.18,-0.8217062010659841
1777384385.7049432,tb2,-0.18,1.0298613818919857
1777384385.7111087,tb3,0.11446674168348672,-1.5
1777384385.711598,tb7,0.03709019780876882,1.5
1777384385.7550232,tb2,-0.18,1.0173958590472172
1777384385.754882,tb1,0.18,-0.5601390128567264
1777384385.76117,tb3,0.1466561669947732,-1.5
1777384385.7617295,tb7,0.038983195065713634,1.5
1777384385.8047607,tb1,0.18,-0.44784784163727615
1777384385.8049288,tb2,-0.18,1.000434852304423
1777384385.8111994,tb3,0.18,-1.4474850338481429
1777384385.8117976,tb7,0.04053362605201084,1.5
1777384385.8547487,tb1,0.18,-0.20198761834495718
1777384385.85493,tb2,-0.18,0.9891031586861523
1777384385.8611205,tb3,0.18,-1.3250774869907482
1777384385.8619192,tb7,0.04272242887829145,1.5
1777384385.9050348,tb1,0.18,0.06671950897598188
1777384385.90501,tb2,-0.18,0.9806804095493369
1777384385.9111784,tb3,0.18,-1.0560046399038263
1777384385.911696,tb7,0.040451469123963406,1.5
1777384385.9547708,tb1,0.18,0.3665330162773267
1777384385.9549868,tb2,-0.18,0.9775728589913564
1777384385.9610813,tb3,0.18,-0.804922964560713
1777384385.961571,tb7,0.045341484837485756,1.5
1777384386.0049937,tb2,-0.18,0.9770611206233794
1777384386.0049994,tb1,0.18,0.5908447844403082
1777384386.0111442,tb3,0.18,-0.5625688284652294
1777384386.0117095,tb7,0.045238569028456736,1.5
1777384386.05494,tb2,-0.18,0.9771854386194593
1777384386.055177,tb1,0.18,0.9920524479127222
1777384386.0611165,tb3,0.18,-0.764578527569312
1777384386.061789,tb7,0.048131392843278734,1.5
1777384386.104931,tb2,-0.18,0.9771961999932445
1777384386.1051185,tb1,0.18,1.3720488874564696
1777384386.111114,tb3,0.18,-0.5448654223814235
1777384386.1117332,tb7,0.04614297207053282,1.5
1777384386.1549447,tb2,-0.18,0.9745640090892284
1777384386.1549695,tb1,0.14859086675472444,1.5
1777384386.1611469,tb3,0.17999999999999997,-0.3338177313489727
1777384386.1617224,tb7,0.046925449426800575,1.5
1777384386.2049565,tb2,-0.18,0.956304054231265
1777384386.2049544,tb1,0.11313352059989859,1.5
1777384386.2113166,tb3,0.18,-0.15945046898889736
1777384386.2117274,tb7,0.04705074154495555,1.5
1777384386.2548337,tb1,0.08114573574492166,1.5
1777384386.2550683,tb2,-0.18,0.923310568218949
1777384386.2611713,tb3,0.18,0.010478437608792846
1777384386.2617424,tb7,0.04910840415841529,1.4999999999999998
1777384386.304877,tb1,0.05569859474976622,1.5
1777384386.3052409,tb2,-0.18,0.8786841226491234
1777384386.311205,tb3,0.18,0.15029548610119858
1777384386.311693,tb7,0.0470006268944356,1.5
1777384386.3547504,tb1,0.03736692899287819,1.5
1777384386.3549538,tb2,-0.18,0.8298473711406366
1777384386.361327,tb3,0.18,0.3190169048079728
1777384386.3616786,tb7,0.04623384876258743,1.5
1777384386.4047284,tb1,0.01937608969227503,1.5
1777384386.404941,tb2,-0.18,0.7786554177007249
1777384386.4112327,tb3,0.18,0.49044506318509573
1777384386.411681,tb7,0.04622727904301374,1.5
1777384386.4547265,tb1,0.00665259281006811,1.5
1777384386.4549284,tb2,-0.18,0.729126797631843
1777384386.461224,tb3,0.18,0.7222113451702891
1777384386.4617026,tb7,0.048847656976289316,1.5
1777384386.504936,tb2,-0.18,0.7085932159640144
1777384386.5049713,tb1,-0.0064786126903936285,1.4999999999999998
1777384386.5111563,tb3,0.18,0.9559170061238259
1777384386.5116754,tb7,0.056244271666268095,1.5
1777384386.5547404,tb1,-0.014463092379130058,1.5
1777384386.5549862,tb2,-0.18,0.6947081012716269
1777384386.5611656,tb3,0.18,1.175474339387588
1777384386.5617478,tb7,0.062015088241287285,1.5
1777384386.6049774,tb2,-0.18,0.6545913435938431
1777384386.6049845,tb1,-0.024160700156075195,1.5
1777384386.6112676,tb3,0.18,1.3883744733212995
1777384386.6117256,tb7,0.07785737782872901,1.5
1777384386.654968,tb1,-0.029392681066837296,1.4999999999999998
1777384386.6549685,tb2,-0.18,0.6056593831500496
1777384386.661253,tb3,0.1631093505921315,1.5
1777384386.6616974,tb7,0.09976412649451608,1.5
1777384386.7049067,tb1,-0.03190995986999261,1.5
1777384386.7052038,tb2,-0.18,0.5541967361785569
1777384386.7112353,tb3,0.13912658739529082,1.5
1777384386.7116923,tb7,0.1290604061722691,1.5
1777384386.7550464,tb2,-0.18,0.5024834474015935
1777384386.755163,tb1,-0.03512604519677763,1.5
1777384386.7611637,tb3,0.1196016887635428,1.5
1777384386.7617033,tb7,0.16957067527237185,1.5
1777384386.805233,tb1,-0.03260787290668511,1.5
1777384386.8052342,tb2,-0.18,0.45229293514174107
1777384386.8112955,tb3,0.10424546652325317,1.4999999999999998
1777384386.8118167,tb7,0.18,1.184762069569761
1777384386.855047,tb2,-0.18,0.40662720284843934
1777384386.8553133,tb1,-0.023258064109689783,1.5
1777384386.861257,tb3,0.08661015188150353,1.4999999999999998
1777384386.8617966,tb7,0.18,0.8044469329207159
1777384386.904749,tb1,-0.007931582256529198,1.4999999999999998
1777384386.9049463,tb2,-0.18,0.35820563059487054
1777384386.9112098,tb3,0.07441177828610714,1.4999999999999998
1777384386.9117362,tb7,0.18,0.4478728428117196
1777384386.9548128,tb1,0.00956644402140237,1.5
1777384386.9552884,tb2,-0.18,0.31177561098035544
1777384386.9612675,tb3,0.06279771979190911,1.5
1777384386.961703,tb7,0.18,0.06407763095643774
1777384387.004989,tb1,0.030479274961534856,1.5
1777384387.0050306,tb2,-0.18,0.28678700794815876
1777384387.0112863,tb3,0.05369450282690126,1.4999999999999998
1777384387.0117733,tb7,0.18,-0.419937626802358
1777384387.0550284,tb1,0.05394342217176879,1.5
1777384387.0551329,tb2,-0.18,0.2509251062516405
1777384387.0612693,tb3,0.047541595700484746,1.5
1777384387.0617025,tb7,0.18,-1.0466473515528942
1777384387.1050563,tb1,0.08556216301861892,1.4999999999999998
1777384387.1052406,tb2,-0.18,0.20263974031736873
1777384387.111185,tb3,0.046096900295463296,1.5
1777384387.111714,tb7,0.12112427131465926,-1.5
1777384387.1547577,tb1,0.12044420760843581,1.5
1777384387.1549675,tb2,-0.18,0.15230777447921107
1777384387.1612294,tb3,0.053351744498513515,1.5
1777384387.1617544,tb7,0.061879497088022345,-1.5
1777384387.2047248,tb1,0.1752094722951595,1.5
1777384387.2050066,tb2,-0.18,0.13517638930672873
1777384387.2112138,tb3,0.06680636806409675,1.4999999999999998
1777384387.2118323,tb7,0.023195850097045542,-1.5
1777384387.2550423,tb1,0.18,0.9838915855166964
1777384387.2551672,tb2,-0.18,0.14790990218027938
1777384387.261158,tb3,0.08276252359190497,1.5000000000000002
1777384387.2617228,tb7,0.003335771779612208,-1.5
1777384387.3047147,tb1,0.18,0.5732443408197636
1777384387.3053224,tb2,-0.18,0.16971289092492567
1777384387.311162,tb3,0.10206853588600893,1.5
1777384387.3117733,tb7,0.01603471281922847,-1.5
1777384387.3548434,tb1,0.18,0.2108851543549506
1777384387.3549383,tb2,-0.18,0.19600090622737143
1777384387.3613443,tb3,0.12464253487325687,1.5
1777384387.36174,tb7,0.029553944496001187,-1.5
1777384387.4048805,tb1,0.18,-0.12733329179698105
1777384387.405434,tb2,-0.18,0.24847137972502115
1777384387.4113297,tb3,0.14862572711947983,1.5
1777384387.411731,tb7,0.05961392402440835,-1.5
1777384387.4547093,tb1,0.18,-0.5319134595554685
1777384387.4549708,tb2,-0.18,0.3013446648731547
1777384387.4612467,tb3,0.1789509225076049,1.5
1777384387.4617233,tb7,0.10465808109006831,-1.5
1777384387.5047245,tb1,0.18,-0.8131674945869938
1777384387.505267,tb2,-0.18,0.3645665104869969
1777384387.5112517,tb3,0.18,1.274111905599207
1777384387.5117311,tb7,0.1692927323610394,-1.5
1777384387.55473,tb1,0.18,-1.0903682462974653
1777384387.5549862,tb2,-0.18,0.4484217977377621
1777384387.561312,tb3,0.18,1.0986654699224307
1777384387.5616212,tb7,0.18,-0.929375186508205
1777384387.6047304,tb1,0.18,-1.306415864242694
1777384387.6051672,tb2,-0.18,0.5318107450611006
1777384387.6112237,tb3,0.18,0.9523438206442582
1777384387.6117125,tb7,0.18,-0.6153754186469876
1777384387.654731,tb1,0.18,-1.354775033667305
1777384387.6549642,tb2,-0.18,0.6502044757780359
1777384387.6612616,tb3,0.18,0.8105017770665011
1777384387.6616488,tb7,0.18,0.7645782209583882
1777384387.7048273,tb1,0.17999999999999997,-1.3358079750744984
1777384387.7056024,tb2,-0.18,0.786975543304324
1777384387.711359,tb3,0.18,0.7054903050525947
1777384387.7117991,tb7,0.18,0.8839703327995323
1777384387.7548606,tb2,-0.18,0.9682717056322471
1777384387.754956,tb1,0.18,-1.2975882729096158
1777384387.7611582,tb3,0.18,0.5952538937214882
1777384387.7617836,tb7,0.18,0.8545317105034212
1777384387.804913,tb2,-0.18,1.1807866632345858
1777384387.8048916,tb1,0.18,-1.1885716910937345
1777384387.8112304,tb3,0.18,0.5095298489624623
1777384387.8115437,tb7,0.18,0.8312970174137402
1777384387.8547955,tb1,0.18,-0.994763598906856
1777384387.854888,tb2,-0.17979974350834854,1.5
1777384387.861114,tb3,0.18,0.4370242471604626
1777384387.861688,tb7,0.17999999999999997,0.7300385837696706
1777384387.9046602,tb1,0.18,-0.8415522672922554
1777384387.9048994,tb2,-0.1379607862142888,1.5
1777384387.9110541,tb3,0.18,0.36419474464395585
1777384387.9116557,tb7,0.18,0.6093844412486378
1777384387.9547825,tb1,0.18,-0.7277410209377075
1777384387.9548979,tb2,-0.09542341596990808,1.5
1777384387.961056,tb3,0.18,0.29174705246154814
1777384387.9615521,tb7,0.18,0.4627645355613657
1777384388.004934,tb1,0.18,-0.6137704919608802
1777384388.005205,tb2,-0.07176119254914472,1.5
1777384388.0112815,tb3,0.18,0.21437734427775368
1777384388.011807,tb7,0.18,0.33078270289716266
1777384388.0550902,tb1,0.18,-0.4826198701633258
1777384388.055943,tb2,-0.04071929698498735,1.5
1777384388.06121,tb3,0.18,0.14962480549485324
1777384388.0616612,tb7,0.18,0.1893316805893514
1777384388.1048899,tb1,0.18,-0.3486697472956923
1777384388.105118,tb2,-0.01665260450425228,1.5
1777384388.1111906,tb3,0.18,0.11113629989823258
1777384388.1117036,tb7,0.18,0.006919770366983084
1777384388.1551807,tb2,0.00713682108740159,1.5
1777384388.1551468,tb1,0.18000000000000002,-0.28531487970503416
1777384388.1611824,tb3,0.18,0.05756162836714784
1777384388.1616979,tb7,0.18,-0.2649514387650764
1777384388.20473,tb1,0.18,-0.21744634617028238
1777384388.2053876,tb2,0.028340008064118006,1.5
1777384388.211343,tb3,0.18,0.01130747331990119
1777384388.2117438,tb7,0.18,-0.5221471935623231
1777384388.2548902,tb1,0.18,-0.1397995599033435
1777384388.255226,tb2,0.048886874449603934,1.5
1777384388.2610939,tb3,0.18,-0.0313396116710828
1777384388.2616947,tb7,0.18,-0.8840436243995057
1777384388.3048294,tb1,0.17999999999999997,-0.041720864954989646
1777384388.3053617,tb2,0.055620995189377354,1.5
1777384388.3112671,tb3,0.18,-0.057609095339417056
1777384388.3117108,tb7,0.18,-1.175057922280126
1777384388.3548377,tb1,0.18,-0.015464122533678985
1777384388.3551939,tb2,0.06022045885515724,1.5
1777384388.3611531,tb3,0.18,-0.09667773913269785
1777384388.3617105,tb7,0.18,-1.45409023372954
1777384388.4047463,tb1,0.18,-0.008588742548394626
1777384388.4052598,tb2,0.06348037286542065,1.5
1777384388.4112616,tb3,0.18,-0.13788174776760878
1777384388.411707,tb7,0.1525919730581801,-1.5
1777384388.454721,tb1,0.18,0.13401498679379228
1777384388.454984,tb2,0.06561985482530655,1.5
1777384388.461173,tb3,0.18,-0.15540882788629362
1777384388.4616673,tb7,0.13834050030209252,-1.5
1777384388.504719,tb1,0.18,0.13251969471495573
1777384388.5051217,tb2,0.07270596798295567,1.5
1777384388.5111687,tb3,0.18,-0.16633718740272718
1777384388.5117176,tb7,0.11706868748014797,-1.5
1777384388.5547843,tb1,0.18,0.14138986514106075
1777384388.5612237,tb3,0.18,-0.20535425303132335
1777384388.5617461,tb7,0.1099654390971838,-1.5
1777384388.605528,tb1,0.18,0.09420201880275042
1777384388.6112685,tb3,0.18,-0.20804115493210495
1777384388.6117027,tb7,0.007678876203823594,-1.5
1777384388.6547925,tb1,0.18,0.02864620428970546
1777384388.6611528,tb3,0.18,-0.21607248247916275
1777384388.6616476,tb7,0.007121034031386283,-1.5
1777384388.7047007,tb1,0.18,-0.014924763136701035
1777384388.7113514,tb3,0.18,-0.20082727539626008
1777384388.7117066,tb7,0.01371028679291816,-1.5
1777384388.7549171,tb1,0.0877638187313239,-1.5
1777384388.7612252,tb3,0.18,-0.21261511633350816
1777384388.761621,tb7,0.02903821906065365,-1.5
1777384388.804843,tb1,0.08546039593612284,-1.5
1777384388.805061,tb2,0.18,0.34621433295427123
1777384388.8111668,tb3,0.18,-0.20515633025181806
1777384388.811716,tb7,0.04638783565536521,-1.5
1777384388.8547149,tb1,0.0870659686977844,-1.5000000000000002
1777384388.8549306,tb2,0.18,0.34247018425295694
1777384388.861228,tb3,0.18,-0.1974193418938452
1777384388.8617108,tb7,0.06820342939571235,-1.5
1777384388.9049428,tb1,0.09613615174197669,-1.5
1777384388.9052677,tb2,0.18,0.4195661917600486
1777384388.911204,tb3,0.18,-0.2048735883730683
1777384388.9117005,tb7,0.10393581820121107,-1.5
1777384388.9549854,tb1,0.11368621038980138,-1.5
1777384388.9552674,tb2,0.18,0.6614906224198478
1777384388.9612484,tb3,0.07410703352955085,-1.5
1777384388.9617052,tb7,0.16502007109133893,-1.5
1777384389.0051372,tb1,0.13588277863018566,-1.5
1777384389.0053651,tb2,0.18,1.081264766031204
1777384389.0111387,tb3,0.0744126602093872,-1.5
1777384389.0117362,tb7,0.18,-0.8942325493372927
1777384389.0547497,tb1,0.16596785505010367,-1.5
1777384389.0549605,tb2,0.15198170047692647,1.5
1777384389.061213,tb3,0.07101969846888749,-1.5
1777384389.0617058,tb7,0.18,-0.32243153015297304
1777384389.1048315,tb1,0.18,-1.2899456220665426
1777384389.1049917,tb2,0.013280216044212015,1.5
1777384389.1112506,tb3,0.08604929628041633,-1.4999999999999998
1777384389.111728,tb7,0.15869025260035782,-1.5
1777384389.154846,tb1,0.18,-1.0025922179327473
1777384389.1552649,tb2,0.007911887540997536,1.5
1777384389.1611998,tb3,0.1174732610945068,-1.5
1777384389.161651,tb7,0.18,-1.3742581520483013
1777384389.2049506,tb2,0.008886163832587161,1.5
1777384389.205016,tb1,0.18,-0.7599754468108895
1777384389.2112944,tb3,0.1673944053299432,-1.5
1777384389.2117102,tb7,0.18,-0.9809623200293345
1777384389.2549284,tb2,0.015865070176056966,1.5
1777384389.2549338,tb1,0.18,-0.27722738697666666
1777384389.2612708,tb3,0.18,-1.0686733240125126
1777384389.2617862,tb7,0.18,-0.5467705558876129
1777384389.3048205,tb1,0.18,-0.06729891306874249
1777384389.3049288,tb2,0.0253713442920799,1.5
1777384389.3112922,tb3,0.030661786122597828,1.5
1777384389.3117893,tb7,0.18,-0.033340240834722285
1777384389.3547196,tb1,0.18,0.21660408277658255
1777384389.355304,tb2,0.04200929537511814,1.5
1777384389.3612552,tb3,0.007883802110132754,1.5
1777384389.3616822,tb7,0.18000000000000002,-0.00024253118733949725
1777384389.4047248,tb1,0.18,0.513533145217825
1777384389.4049475,tb2,0.061742050005492544,1.5
1777384389.4113302,tb3,-0.0054249443780024645,1.5
1777384389.4118054,tb7,0.18,0.6707419182075722
1777384389.4547338,tb1,0.18,0.7987055999321353
1777384389.455088,tb2,0.08774172233615143,1.5
1777384389.4613242,tb3,-0.002040809723368334,1.5
1777384389.4617007,tb7,0.18,1.3415154290340017
1777384389.5050159,tb1,0.18,1.0205589589672226
1777384389.5049999,tb2,0.11717653774548202,1.5
1777384389.5112717,tb3,0.013173947513449615,1.5
1777384389.5117893,tb7,0.11146122770175233,1.5
1777384389.554832,tb1,0.18,1.3080504867739513
1777384389.554963,tb2,0.15883815722984457,1.5
1777384389.5613384,tb3,0.03523471567064883,1.5
1777384389.5618947,tb7,0.08833583774961262,1.5
1777384389.6048977,tb1,0.18,1.4513760488648308
1777384389.6049628,tb2,0.18,1.3012116615189837
1777384389.611226,tb3,0.07151105452325589,1.5
1777384389.6117797,tb7,0.09351604520366702,1.5000000000000002
1777384389.6549168,tb1,0.17674916225653978,1.5
1777384389.6553888,tb2,0.18,0.9674035153769854
1777384389.6610632,tb3,0.043746744466803704,1.5
1777384389.6617646,tb7,0.11412551370715185,1.5
1777384389.7049634,tb2,0.18,0.6332164103891599
1777384389.7050242,tb1,0.18,1.4344876969873934
1777384389.711361,tb3,0.07991497520152244,1.5
1777384389.7117357,tb7,0.18,1.4540503483801661
1777384389.7547133,tb1,0.18,1.36410128985853
1777384389.7549288,tb2,0.18,0.3944478924145567
1777384389.7612214,tb3,0.12955605853666552,1.5
1777384389.7616038,tb7,0.18,0.7167316450906299
1777384389.8048842,tb1,0.14106362085036342,1.5
1777384389.8050184,tb2,0.18,0.2615180813478568
1777384389.8111825,tb3,0.18,0.8965638448536793
1777384389.81156,tb7,0.06471823694841505,1.5
1777384389.854934,tb2,0.18,0.15778828384216545
1777384389.85501,tb1,0.1558483366583816,1.5
1777384389.861227,tb3,0.18,-0.5696335804661671
1777384389.8616822,tb7,0.0922033585515732,1.5
1777384389.9047203,tb1,0.18,1.3396859639665137
1777384389.9049232,tb2,0.18,-0.003907472940296766
1777384389.9112914,tb3,0.09101482338785233,-1.5
1777384389.9116848,tb7,0.16148773743197412,1.5000000000000002
1777384389.9549356,tb2,0.18,-0.07023900093908793
1777384389.9549959,tb1,0.18,0.9944963254510858
1777384389.9612658,tb3,0.014354496271244525,-1.5
1777384389.9617145,tb7,0.18,1.1335398172277698
1777384390.0048711,tb1,0.09072901876676019,1.5
1777384390.0051646,tb2,0.18,-0.2152166409621084
1777384390.011095,tb3,-0.006023756170127875,-1.5
1777384390.0116405,tb7,0.18,-0.2548621681890169
1777384390.0547354,tb1,0.11318477436493624,1.5000000000000002
1777384390.0549939,tb2,0.18,-0.22009725484188633
1777384390.0612817,tb3,0.00575992282983202,-1.5
1777384390.0617013,tb7,0.16853790749463532,-1.5
1777384390.1049342,tb2,0.18000000000000002,-0.1881527117605776
1777384390.1050599,tb1,0.15837761385330837,1.5
1777384390.1112828,tb3,0.18,-0.7475526873153625
1777384390.1117666,tb7,0.08920739809576998,-1.5
1777384390.154935,tb2,0.17999999999999997,-0.14747184177654843
1777384390.1548948,tb1,0.18,1.0762001224878952
1777384390.1612628,tb3,0.18,-0.1846984364399206
1777384390.1618538,tb7,0.0640518306996394,-1.5
1777384390.2047305,tb1,0.18,0.5989314932912095
1777384390.2048967,tb2,0.18,0.7236509608125329
1777384390.2110612,tb3,0.18,0.1770252795838536
1777384390.2114797,tb7,0.07082879922878849,-1.5
1777384390.2549627,tb2,0.18,0.8164585503238879
1777384390.2551932,tb1,0.18,0.18424683122431423
1777384390.2612693,tb3,0.18,0.2633514503841689
1777384390.2617216,tb7,0.11937518676467841,-1.5
1777384390.3047457,tb1,0.18,-0.201573311782566
1777384390.3052547,tb2,0.18,0.8891371498263444
1777384390.3112118,tb3,0.17896154194108563,-1.5
1777384390.3116739,tb7,0.18,-0.5207378581923384
1777384390.3549035,tb1,0.18,-0.46369714416998165
1777384390.354961,tb2,0.18,0.9286342172389779
1777384390.3612819,tb3,0.16640823724710502,-1.5
1777384390.3619497,tb7,0.18,1.3201999531799782
1777384390.40477,tb1,0.18,-0.6147496760375183
1777384390.404984,tb2,0.18,0.9274976007030219
1777384390.4111612,tb3,0.16217963022440005,-1.5
1777384390.4115548,tb7,0.10485561125450743,1.5
1777384390.4549034,tb1,0.028607559651746182,1.5
1777384390.4549758,tb2,0.18,0.8933242963746114
1777384390.461224,tb3,0.1635962468205969,-1.5
1777384390.461727,tb7,0.0675654121100367,1.5
1777384390.5049784,tb1,0.028224852205654412,1.5
1777384390.5049958,tb2,0.18,0.8238116758198202
1777384390.5112698,tb3,0.17999999999999997,-1.481683054791972
1777384390.5118153,tb7,0.06388864820114583,1.5
1777384390.5547035,tb1,0.029459463032222646,1.5
1777384390.5549397,tb2,0.17999999999999997,0.6734573663301117
1777384390.5612879,tb3,0.18,-1.2793001803922244
1777384390.5617929,tb7,0.08673416784170397,1.5000000000000002
1777384390.605021,tb1,0.03745497833894719,1.5
1777384390.6050463,tb2,0.18,0.6217107118656405
1777384390.6112702,tb3,0.18,-1.4580944573317947
1777384390.61191,tb7,0.18,1.2352040803175828
1777384390.6549323,tb1,0.04895488397583809,1.5
1777384390.6553,tb2,0.18,0.4893414964679403
1777384390.6613038,tb3,0.18,-1.190331668778118
1777384390.6618285,tb7,0.18,-0.4092731017018867
1777384390.7051249,tb2,0.18,0.3649855284683717
1777384390.705341,tb1,0.06537577060334991,1.5
1777384390.7113626,tb3,0.18,-1.0293857425522648
1777384390.7118387,tb7,0.09514860477437653,-1.5000000000000002
1777384390.7547762,tb1,0.08211619007178361,1.5
1777384390.755031,tb2,0.18,0.29884012139255645
1777384390.7611532,tb3,0.18,-0.8573110266597891
1777384390.7617218,tb7,0.04045752626908519,-1.5
1777384390.8047545,tb1,0.10717530174095347,1.5
1777384390.8050013,tb2,0.18,0.8705855687548375
1777384390.8113363,tb3,0.18,-0.653998889643201
1777384390.8117561,tb7,0.029608192068422086,-1.5
1777384390.8547273,tb1,0.15114849296286895,1.5
1777384390.8551106,tb2,0.18,0.8304569058640776
1777384390.8611445,tb3,0.18,-0.46638610547639214
1777384390.8618112,tb7,0.042825187839501885,-1.5
1777384390.9050086,tb2,0.18,0.7226274838742563
1777384390.9053705,tb1,0.18,1.3956208608727707
1777384390.911224,tb3,0.18,-0.33963588846500475
1777384390.911734,tb7,0.07196152860826595,-1.5
1777384390.954811,tb1,0.18,0.8876544314636852
1777384390.9550846,tb2,0.18,0.6269906191715862
1777384390.9611626,tb3,0.18,-0.25687600950897005
1777384390.9617124,tb7,0.18,-0.9589043792912357
1777384391.0049636,tb1,0.18,0.3684553254086173
1777384391.005034,tb2,0.18,0.38702016972420344
1777384391.0112405,tb3,0.18,-0.22765137385222065
1777384391.0116825,tb7,0.08695276826836969,-1.5
1777384391.0547528,tb1,0.18000000000000002,-1.001947617433182
1777384391.0549471,tb2,0.18000000000000002,0.17959543680021364
1777384391.061193,tb3,0.18,-0.11777618967622074
1777384391.0616772,tb7,0.18,-0.6346414539841498
1777384391.1049366,tb1,0.12360418540569813,-1.5000000000000002
1777384391.104984,tb2,0.18,0.002710147557565095
1777384391.1112003,tb3,0.18,0.0017603036210638255
1777384391.11174,tb7,0.16731896691937415,1.4999999999999998
1777384391.154953,tb1,0.05915006405283583,-1.5
1777384391.1549754,tb2,0.18,-0.15520172588699066
1777384391.1611814,tb3,0.18,0.05972172589055155
1777384391.161595,tb7,0.18,-0.47720716715337613
1777384391.2049577,tb1,0.18,-1.4757960525283296
1777384391.2049942,tb2,0.18,-0.3929776436234509
1777384391.2112103,tb3,0.18,0.12578606052773386
1777384391.2116997,tb7,0.18,1.3275722031092185
1777384391.254969,tb1,0.17999999999999997,-1.416436015577475
1777384391.2550478,tb2,0.18,-0.6494751919916626
1777384391.2613618,tb3,0.18,0.17015507366331523
1777384391.2618358,tb7,0.1464519938951166,1.4999999999999998
1777384391.3048885,tb1,0.18,-1.3929895320648302
1777384391.3050892,tb2,0.18,-0.7089297228388683
1777384391.3113341,tb3,0.18,0.5765206020143426
1777384391.3118486,tb7,0.10571582770881076,1.5
1777384391.3551598,tb2,0.18,-0.7599363522211047
1777384391.3551624,tb1,0.18,-1.2643957229457201
1777384391.3612032,tb3,0.18,0.5937104167188987
1777384391.361713,tb7,0.18,-1.305204530378527
1777384391.405097,tb2,0.18,-0.7915561554841228
1777384391.4051623,tb1,0.18,-0.5639854065336827
1777384391.411186,tb3,0.18,0.5735057065751672
1777384391.4119918,tb7,0.12174853539451526,-1.5
1777384391.4548085,tb1,0.18,-0.530583215111874
1777384391.4552054,tb2,0.18,-0.7499859866306597
1777384391.461237,tb3,0.18,0.48455861482689316
1777384391.4617898,tb7,0.07391997696726094,-1.5
1777384391.5049362,tb2,0.18,-0.5994055083618529
1777384391.5050275,tb1,0.18,-0.9096375392897372
1777384391.5112243,tb3,0.18,0.7864060375295107
1777384391.5117223,tb7,0.05799328884999468,-1.5
1777384391.5551085,tb1,0.18,-1.203700313936057
1777384391.5551834,tb2,0.18,-0.39814191973254504
1777384391.561155,tb3,0.18,0.74317523819257
1777384391.5619411,tb7,0.054083596616167046,-1.5
1777384391.604932,tb2,0.18,-0.3113403647659476
1777384391.6049318,tb1,-0.01276603185016192,-1.5
1777384391.611258,tb3,0.18,0.5296773433326074
1777384391.6117506,tb7,0.07673352979669203,-1.5
1777384391.6551728,tb1,-0.011869149552836987,-1.5
1777384391.655283,tb2,0.18,-0.22695978481113424
1777384391.6612365,tb3,0.18,0.3960926355605209
1777384391.661703,tb7,0.14913079370813065,-1.5
1777384391.704745,tb1,-0.007368489744404072,-1.5
1777384391.7049603,tb2,0.18,-0.09076345053881402
1777384391.7112195,tb3,0.18,0.4417926831772848
1777384391.7118256,tb7,0.18,0.7289633631075946
1777384391.754761,tb1,0.001461257002935642,-1.5
1777384391.7553217,tb2,0.18,0.11886501332918746
1777384391.7612147,tb3,0.18,0.29636667390515303
1777384391.7618027,tb7,0.18,0.41315517790336764
1777384391.80474,tb1,0.014463964546787713,-1.5
1777384391.804988,tb2,0.18,0.08244258576312422
1777384391.8113625,tb3,0.18,0.10694383080752778
1777384391.8117146,tb7,0.048063091536632,1.5
1777384391.8547423,tb1,0.026303902284059502,-1.5
1777384391.8549821,tb2,0.18,0.14560677488301102
1777384391.861369,tb3,0.18,-0.009435155440818013
1777384391.861883,tb7,-0.001117551655045366,1.5
1777384391.9047544,tb1,0.04419344956395932,-1.5
1777384391.9049385,tb2,0.18,0.07706512164903863
1777384391.911246,tb3,0.18,0.09982087386592414
1777384391.9117277,tb7,-0.014592245922403633,1.5
1777384391.9547687,tb1,0.06712784934737186,-1.5
1777384391.9550223,tb2,0.18,0.45327599948051805
1777384391.9612586,tb3,0.18,0.00391042175503859
1777384391.9619355,tb7,-0.011310443005778633,1.5
1777384392.0052648,tb2,0.18,0.3904566111772455
1777384392.0054255,tb1,0.06119565259742339,-1.5
1777384392.0114408,tb3,0.18,-0.18163557177832404
1777384392.0117626,tb7,0.0036234934117959938,1.5000000000000002
1777384392.05472,tb1,0.08142253732915707,-1.4999999999999998
1777384392.0550027,tb2,0.18,0.3228997070166728
1777384392.0613732,tb3,0.17999999999999997,-0.283959590990233
1777384392.0617635,tb7,0.04409138012851438,1.5
1777384392.1047277,tb1,0.11153462802178554,-1.5
1777384392.105116,tb2,0.18,0.10598895852651459
1777384392.1112525,tb3,0.17999999999999997,-0.0350309887621843
1777384392.111699,tb7,0.1536356175229862,0.7367592339442265
1777384392.1548846,tb1,0.15846644068443816,-1.5
1777384392.1551976,tb2,0.18,0.4871618883068439
1777384392.161171,tb3,0.18,-0.08160796067539283
1777384392.161734,tb7,0.06158759581805465,-1.5
1777384392.2049994,tb2,0.18,0.3437529784849151
1777384392.2050233,tb1,0.11701081441726927,-1.5
1777384392.2112517,tb3,0.18000000000000002,-0.16247937247903818
1777384392.2117054,tb7,0.03949354776125756,-1.5
1777384392.2547243,tb1,0.14564892186256212,-1.5
1777384392.2551525,tb2,0.18,0.09419587679911674
1777384392.2612238,tb3,0.18,-0.18988077196690803
1777384392.2617733,tb7,0.03229034289841269,-1.5
1777384392.304711,tb1,0.18,-1.4370396303986626
1777384392.3050773,tb2,0.18,-0.08460670239886818
1777384392.3113308,tb3,0.18000000000000002,-0.07789335925482356
1777384392.3118434,tb7,0.03687595467080201,-1.5
1777384392.3548326,tb1,0.18,-1.0648231378597044
1777384392.35495,tb2,0.18,0.29099533433378877
1777384392.3613737,tb3,0.18,-0.14689949875553668
1777384392.3618293,tb7,0.044604982931956326,-1.5
1777384392.40488,tb1,0.18,-0.631588462468075
1777384392.40514,tb2,0.18,0.1311714675184637
1777384392.4113333,tb3,0.18,-0.18004487964464386
1777384392.4117107,tb7,0.0689899236635232,-1.5
1777384392.4550612,tb2,0.18000000000000002,-0.07885670169663904
1777384392.455311,tb1,0.18,-0.17536869237690256
1777384392.4611807,tb3,0.18,-0.26532317327485383
1777384392.4618495,tb7,0.17562536197707299,-1.5
1777384392.5050268,tb2,0.18,-0.4805062821086983
1777384392.5050266,tb1,0.18,0.3705802384792937
1777384392.5112221,tb3,0.18,-0.04358067370800744
1777384392.5121577,tb7,0.07994449142104616,1.5
1777384392.5549746,tb1,0.18,1.1644816837705263
1777384392.5549955,tb2,0.18,0.06014195238058782
1777384392.5612533,tb3,0.18,-0.10835282246988295
1777384392.561716,tb7,-0.014041931143278369,1.4999999999999998
1777384392.6047268,tb1,0.08713520968893519,1.4999999999999998
1777384392.6049864,tb2,0.18,-0.24478974364737102
1777384392.6113713,tb3,0.18,-0.10987013703560579
1777384392.6115305,tb7,-0.02641855777499172,1.5
1777384392.654727,tb1,0.045986872475507146,1.5
1777384392.6549778,tb2,0.18,-0.4333142811697892
1777384392.6613612,tb3,0.18,-0.07851593962056545
1777384392.661663,tb7,-0.02176316273528472,1.5
1777384392.704893,tb1,0.046270785698816284,1.5
1777384392.7051232,tb2,0.18,-0.5210936498640243
1777384392.7113225,tb3,0.18,0.3249810413736772
1777384392.7115834,tb7,-0.002081405861233825,1.5
1777384392.754926,tb1,0.07206292486215672,1.5000000000000002
1777384392.7551286,tb2,0.18,0.07378187151096344
1777384392.7613723,tb3,0.18,0.26241853625974626
1777384392.7619495,tb7,0.05276297059655229,1.5
1777384392.804718,tb1,0.13437375591734965,1.5
1777384392.8049839,tb2,0.18,0.07120229621839247
1777384392.8114045,tb3,0.18,0.30769784208864376
1777384392.8116994,tb7,0.14080203450692447,-1.2493737881681293
1777384392.8547168,tb1,0.18,0.9869025399198393
1777384392.855073,tb2,0.18,0.07992612189681368
1777384392.8612823,tb3,0.18,0.19087665516072588
1777384392.8617043,tb7,0.05390080066922843,-1.4999999999999998
1777384392.9047372,tb1,0.18,0.1504397900819941
1777384392.9052472,tb2,0.18,0.06983923128937661
1777384392.9113696,tb3,0.18,0.24993196163115156
1777384392.9117317,tb7,0.029434346380097703,-1.5
1777384392.9549816,tb1,0.18,-0.42536653180495987
1777384392.9551332,tb2,0.18,0.4968871869716273
1777384392.9618437,tb7,0.027667018534994738,-1.5
1777384392.9611976,tb3,0.18,0.0815199970717831
1777384393.0047166,tb1,0.18,-0.10442885049932478
1777384393.0049987,tb2,0.18,0.29957362387001457
1777384393.0111597,tb3,0.18000000000000002,-0.053000751892456406
1777384393.0117905,tb7,0.034311946244897,-1.5
1777384393.0548558,tb1,0.18,-0.15181923277583378
1777384393.054947,tb2,0.18,0.01305907741147473
1777384393.0612772,tb3,0.18,-0.26601061145378607
1777384393.061784,tb7,0.07411968267050377,-1.5000000000000002
1777384393.1047227,tb1,0.18,-0.11248034253938728
1777384393.1049109,tb2,0.18,-0.14218377480157743
1777384393.111191,tb3,0.18,-0.3173621995733197
1777384393.1116736,tb7,0.08729235468377547,1.377991964203411
1777384393.1549184,tb1,0.18000000000000002,0.25261115411083396
1777384393.1551387,tb2,0.18,0.30425063160041116
1777384393.161269,tb3,0.18,-0.49736396489696727
1777384393.161971,tb7,0.0013407320915885784,1.5
1777384393.204929,tb2,0.18,-0.05992245439262181
1777384393.2049627,tb1,0.10910987394262563,1.5
1777384393.2112408,tb3,0.17999999999999997,-0.6019225865718422
1777384393.212518,tb7,-0.010581815555802437,1.5
1777384393.2548583,tb1,0.08792583444842426,1.5
1777384393.254914,tb2,0.18,-0.40763762567224593
1777384393.261292,tb3,0.17999999999999997,-0.6103772470819556
1777384393.2617922,tb7,-0.008481230043852256,1.5
1777384393.3049705,tb2,0.18,-0.7408204044399168
1777384393.3050716,tb1,0.0843298744115269,1.5
1777384393.3112566,tb3,0.17999999999999997,-0.24925920384690964
1777384393.3117485,tb7,0.01375314362691411,1.5
1777384393.3551035,tb2,0.18,0.5432375172274464
1777384393.3550997,tb1,0.1348627918414327,1.5000000000000002
1777384393.3614142,tb3,0.18,-0.04574692661218581
1777384393.3617027,tb7,0.09767527981058445,-0.5443534352829524
1777384393.4047482,tb1,0.011987223202908895,1.5
1777384393.4049342,tb2,0.18000000000000002,0.43870494280351774
1777384393.4113605,tb3,0.17999999999999997,-0.0028563025762630735
1777384393.4117122,tb7,0.03207561510768984,-1.5
1777384393.4551463,tb2,0.18,0.5040223662523711
1777384393.4550912,tb1,0.025374892320683903,1.5
1777384393.4613948,tb3,0.18,0.15174134067137385
1777384393.4619415,tb7,0.01680298326411744,-1.5
1777384393.5049226,tb2,0.18,0.5949146937288973
1777384393.504902,tb1,0.04349798158004574,1.5
1777384393.5112917,tb3,0.18,0.4731287494805816
1777384393.5116599,tb7,0.018165605378940845,-1.5
1777384393.5550835,tb2,0.1661619518374185,1.5
1777384393.5551033,tb1,0.06971422708166893,1.5
1777384393.5611637,tb3,0.18,0.5043938098264398
1777384393.5616918,tb7,0.019653388849576924,-1.5000000000000002
1777384393.6049867,tb2,0.15241963332337027,1.5000000000000002
1777384393.6050117,tb1,0.048134298716994754,1.5
1777384393.6112869,tb3,0.18,0.4593170851825232
1777384393.6117163,tb7,0.039292999725279436,-1.5
1777384393.6547275,tb1,0.06588137677959907,1.5
1777384393.6549668,tb2,0.16704098232881584,1.5
1777384393.6612685,tb3,0.18,0.3386370162898411
1777384393.6617486,tb7,0.02723295958283413,1.5
1777384393.7050176,tb1,0.08999513090299809,1.5
1777384393.7052627,tb2,0.18,1.0487447518175521
1777384393.7112682,tb3,0.18,0.3554080446866827
1777384393.7118185,tb7,-0.0197169017776608,1.5000000000000002
1777384393.7550197,tb1,0.1262248526523437,1.5
1777384393.7550228,tb2,0.18,1.2624133580886614
1777384393.7612762,tb3,0.18,0.1202028409316407
1777384393.761781,tb7,-0.023077260215632323,1.5
1777384393.8047376,tb1,0.12918824699405482,1.4999999999999998
1777384393.8052876,tb2,0.18,0.6153451576648724
1777384393.8112907,tb3,0.18,-0.18471629201203613
1777384393.8117015,tb7,-0.01946895608116896,1.5
1777384393.8548176,tb1,0.18,1.440827582257612
1777384393.8552015,tb2,0.18,0.2077044793627157
1777384393.8613188,tb3,0.18,-0.441461599549893
1777384393.8618417,tb7,0.0011356218163671376,1.5
1777384393.9048243,tb1,0.18,0.7500494586721508
1777384393.9049733,tb2,0.18,-0.24277533347951963
1777384393.9112172,tb3,0.18,-0.370048832832638
1777384393.9118152,tb7,0.06941304673983031,-1.5
1777384393.954725,tb1,0.18,-0.39253675819368916
1777384393.955151,tb2,0.18,0.6321509597992836
1777384393.9613824,tb3,0.18,-0.533019680493866
1777384393.9618967,tb7,0.022410759020015488,-1.5
1777384394.0050106,tb2,0.1634634043177733,0.18118367907712507
1777384394.005037,tb1,0.12162328102950919,-1.5
1777384394.0113623,tb3,0.18,-0.5647445944569698
1777384394.0118654,tb7,0.014559312152969902,-1.5
1777384394.0547023,tb1,-0.0027812287300583685,-1.4999999999999998
1777384394.0550146,tb2,0.13807808959192205,-0.412552448087919
1777384394.0614939,tb3,0.18,-0.2815026701607198
1777384394.061798,tb7,0.016299845419111763,-1.5
1777384394.1047282,tb1,-0.03834767368273186,-1.5
1777384394.104945,tb2,0.11066021595333782,-1.0583127823963443
1777384394.1111803,tb3,0.18,0.2040088090369497
1777384394.1118455,tb7,0.025214848742626732,-1.5
1777384394.154884,tb1,-0.041127340502081104,-1.5
1777384394.1552958,tb2,0.1310655082776517,1.0323385062677217
1777384394.1611388,tb3,0.18,0.38220770060455633
1777384394.1616423,tb7,0.023734235428919444,-1.5
1777384394.204667,tb1,-0.05756942479420255,-1.5
1777384394.2049057,tb2,0.11536234388310865,0.9891515336920338
1777384394.2111394,tb3,0.18,0.5731572304984388
1777384394.21163,tb7,0.03614742413217255,-1.5
1777384394.254989,tb2,0.10535128292830313,1.5
1777384394.2551017,tb1,-0.041003333656741546,-1.5
1777384394.2612402,tb3,0.18,0.5755361307554783
1777384394.2617962,tb7,0.060823509998975234,-1.5
1777384394.3049448,tb1,-0.01768924448802281,-1.5
1777384394.3049698,tb2,0.09971241914024576,1.3174448238212118
1777384394.3112144,tb3,0.18,0.9985635343275954
1777384394.3116975,tb7,0.0024127108638959563,1.5
1777384394.354731,tb1,0.04047498211141232,-1.5
1777384394.3552458,tb2,0.07450620579668443,-0.016656939419996807
1777384394.361164,tb3,0.18,0.7942000489853275
1777384394.361689,tb7,-0.04172369323482718,1.4999999999999998
1777384394.4047353,tb1,0.18,-0.583557540980696
1777384394.404983,tb2,0.023904150353360125,-1.5
1777384394.4111667,tb3,0.18,0.35795287837604217
1777384394.4117987,tb7,-0.052754080874824937,1.5
1777384394.454745,tb1,0.18,1.0383824126976562
1777384394.4550958,tb2,-0.010448867721684976,-1.5
1777384394.4611502,tb3,0.18,-0.3464645353090379
1777384394.4617095,tb7,-0.04768307962073293,1.5
1777384394.5051413,tb1,0.1432701524454363,1.5
1777384394.5052042,tb2,-0.017190462316676362,-1.5
1777384394.511155,tb3,0.18,-0.44928238180849983
1777384394.5117128,tb7,-0.024648288021298672,1.5
1777384394.5549314,tb2,0.04611824227010711,-0.06304782217676502
1777384394.55502,tb1,0.1220473470697637,1.5
1777384394.5612476,tb3,0.18,-1.044265836427607
1777384394.5616906,tb7,0.09545251734652281,-1.5
1777384394.6047235,tb1,0.12218707207627119,1.5
1777384394.604936,tb2,0.06033119093096256,1.5
1777384394.611248,tb3,0.18,-1.3881073217010926
1777384394.6118212,tb7,0.048226094746774945,-1.5
1777384394.6547494,tb1,0.15396115455945444,1.5
1777384394.6550639,tb2,0.03731557814410594,1.5
1777384394.661224,tb3,0.16528232036679089,-1.5
1777384394.661697,tb7,0.03989579440874142,-1.5
1777384394.7047083,tb1,0.18,0.8924892922323597
1777384394.704972,tb2,0.029516579629656488,1.5
1777384394.7113519,tb3,0.18,-1.1657197296866406
1777384394.7117152,tb7,0.043159142355104256,-1.5
1777384394.7549155,tb1,0.17419639909963147,-0.4673982231487316
1777384394.7549527,tb2,0.03162863951401619,1.5
1777384394.7612462,tb3,0.18,-0.41583663369710966
1777384394.7615478,tb7,0.045501094243217466,-1.5
1777384394.804848,tb1,-0.03038837987486145,-1.5
1777384394.8050692,tb2,0.0456477577423479,1.5
1777384394.811257,tb3,0.18,0.3316303385808285
1777384394.8119142,tb7,0.05937872875958087,-1.5
1777384394.8547134,tb1,-0.03374651975757262,-1.5
1777384394.8549712,tb2,0.04237878509024871,0.31732152136208663
1777384394.861251,tb3,0.18,0.735176702345406
1777384394.8619447,tb7,0.11141984659172181,-1.5
1777384394.9047785,tb1,-0.0310760109412113,-1.5
1777384394.904967,tb2,-0.010147310009303483,-1.5
1777384394.9112148,tb3,0.18,1.213424375928638
1777384394.9117115,tb7,-0.05106958107412042,1.5
1777384394.9547217,tb1,-0.022660402413451405,-1.5000000000000002
1777384394.9550614,tb2,0.0150025093295815,-0.5313112583582354
1777384394.9611642,tb3,0.18,1.435873693160252
1777384394.9617093,tb7,0.11632638100123464,-0.7368710706768679
1777384395.0047238,tb1,-0.013791252144261116,-1.5
1777384395.0049946,tb2,0.0024112843020556787,-0.8666221422643188
1777384395.0112567,tb3,0.18,1.0753638233770384
1777384395.0116918,tb7,-0.048344192002083196,1.5
1777384395.0549347,tb2,0.017460418483327977,-0.3448274966440711
1777384395.0550253,tb1,-0.001760554510273888,-1.5
1777384395.061314,tb3,0.18,0.5938268159949799
1777384395.0617003,tb7,-0.06956654036075488,1.5
1777384395.1047096,tb1,0.014194331143645352,-1.5
1777384395.1049714,tb2,0.04061019958884027,0.5627401049958882
1777384395.111369,tb3,0.18,-0.29875368842490596
1777384395.1117136,tb7,-0.07712428082099723,1.5000000000000002
1777384395.1547513,tb1,0.03337758461403228,-1.5000000000000002
1777384395.1549406,tb2,0.051885152293754996,1.5
1777384395.1613348,tb3,0.18,-1.063821996183249
1777384395.1617012,tb7,-0.06576887750265892,1.5
1777384395.2048302,tb1,0.050441964868050866,-1.5
1777384395.2049468,tb2,0.04840198236160203,1.5
1777384395.2112613,tb3,0.13907001150825152,-1.5
1777384395.211971,tb7,0.012209576887815578,0.9126096219919966
1777384395.2550986,tb2,0.055154627688699505,1.5
1777384395.255098,tb1,0.09677995984536308,-1.5000000000000002
1777384395.2613232,tb3,0.1278365281805505,-1.5
1777384395.2616925,tb7,0.09461469708503914,-1.5
1777384395.3049486,tb2,0.03698841463548104,0.5932120964762708
1777384395.3049922,tb1,0.1434144631076676,-0.2657088991330931
1777384395.3112423,tb3,0.18,-0.27793258991220976
1777384395.3116982,tb7,0.06878550034485048,-1.5
1777384395.3549383,tb2,-0.024810373863296306,-1.4223489519758394
1777384395.3548799,tb1,0.061682080294689474,1.5
1777384395.361339,tb3,0.18,0.32310461308086996
1777384395.361744,tb7,0.06157581503685356,-1.5
1777384395.4047241,tb1,0.06221368640442956,1.5
1777384395.4049714,tb2,-0.046470429842320235,-1.5
1777384395.4112382,tb3,0.18,0.8661836134613236
1777384395.4117208,tb7,0.06499625571622535,-1.5
1777384395.4547298,tb1,0.03199948811829774,1.5
1777384395.455042,tb2,-0.04732376337759222,-1.5
1777384395.4613888,tb3,0.18,1.3949183135166174
1777384395.4617746,tb7,0.07346713446778402,-1.5
1777384395.5047483,tb1,0.05646105851011847,1.5
1777384395.5049787,tb2,-0.038357388794587555,-1.5
1777384395.511233,tb3,0.18,1.4687349346750538
1777384395.5117638,tb7,0.09098380689536957,-1.4999999999999998
1777384395.555019,tb2,0.053335946483963136,1.5
1777384395.555181,tb1,0.0866303040549509,0.8349310687974005
1777384395.5612497,tb3,0.18,1.4082670371200292
1777384395.5619307,tb7,-0.007547988243449898,1.093766290938789
1777384395.6049323,tb2,0.03900516388175965,1.5
1777384395.6049004,tb1,0.11033593571374596,-0.803900777501898
1777384395.6112425,tb3,0.18,0.7652379450795974
1777384395.6117826,tb7,-0.08815474406966221,1.5
1777384395.654787,tb1,0.07605979544063361,-1.5
1777384395.6551795,tb2,0.03449110150777769,1.5
1777384395.6612155,tb3,0.18,-0.15873616181396788
1777384395.6616604,tb7,-0.0999329167278056,1.5
1777384395.704777,tb1,0.05818032545974383,-1.5
1777384395.7049441,tb2,0.037225831541115924,1.5
1777384395.7112486,tb3,0.18,-0.23268673374078652
1777384395.711775,tb7,-0.0983205603580078,1.5
1777384395.7549417,tb2,0.04526117579397191,1.4999999999999998
1777384395.754962,tb1,0.06508404501942143,-1.5000000000000002
1777384395.761309,tb3,0.18,-1.0132441062947175
1777384395.7617154,tb7,-0.08678895116262468,1.5
1777384395.804972,tb1,0.05394475902862745,1.1102057075137763
1777384395.8050292,tb2,0.04745676132520578,1.0284566395640065
1777384395.8112624,tb3,0.1730989479754217,-1.5
1777384395.8116977,tb7,-0.05530455845167864,1.5
1777384395.8548121,tb1,0.001128236785781183,1.5
1777384395.8549645,tb2,-0.035753336041781617,-1.4168228755777588
1777384395.8613567,tb3,0.12687242262138818,-1.5
1777384395.8616989,tb7,0.09560780631580929,-1.5
1777384395.9049518,tb1,-0.015152461147220962,1.5000000000000002
1777384395.9049819,tb2,-0.0594206466475752,-1.5
1777384395.9113247,tb3,0.15379383819041903,-1.5
1777384395.9116876,tb7,0.07057077567463227,-1.5
1777384395.9547234,tb1,-0.013207698487178846,1.5
1777384395.954961,tb2,-0.01597748932075747,-0.6320111877584262
1777384395.9612443,tb3,0.18,-0.9365285379541795
1777384395.9616852,tb7,0.06021852356804049,-1.5
1777384396.0047295,tb1,0.04366083685903264,-1.5
1777384396.0050724,tb2,0.017294738244206003,0.0560235147733916
1777384396.0113425,tb3,0.18,-0.1579980309305528
1777384396.011765,tb7,0.06042804439891096,-1.5
1777384396.0547159,tb1,0.0322077075552324,-1.5
1777384396.0550091,tb2,0.06310946426329891,1.1755520497858944
1777384396.0612516,tb3,0.18,0.49489976366608446
1777384396.0616832,tb7,0.06352875630375737,-1.5
1777384396.1047559,tb1,0.028796910815406553,-1.5
1777384396.105125,tb2,0.07385890729514401,1.5
1777384396.11123,tb3,0.18,1.0080145515742294
1777384396.1116767,tb7,0.0690679145887913,-1.5000000000000002
1777384396.154709,tb1,0.03229345820879252,-1.4999999999999998
1777384396.1549976,tb2,0.0705127128412055,1.5
1777384396.16124,tb3,0.18,1.3889135744310845
1777384396.1617286,tb7,0.08346523890412762,-1.5
1777384396.2047117,tb1,0.06705763025776915,-1.1662082526781314
1777384396.2050858,tb2,0.061974861551568006,1.1509428373781931
1777384396.2112117,tb3,0.1737078128808993,1.5
1777384396.2116914,tb7,-0.03208443130312148,1.5
1777384396.255004,tb1,0.03716181555622671,0.44477491185801904
1777384396.2550411,tb2,-0.023737596957064292,-0.6906667554737458
1777384396.2613192,tb3,0.18,1.3320210258555254
1777384396.2616973,tb7,-0.0849518301757231,1.5
1777384396.3049178,tb2,-0.07636683156089158,-1.4999999999999998
1777384396.3050966,tb1,-0.011886803379422035,1.5
1777384396.3111875,tb3,0.18,0.7944038381862208
1777384396.3117943,tb7,-0.0926258843749654,1.5
1777384396.3547082,tb1,-0.03178889936767142,1.5
1777384396.3549714,tb2,-0.08344092784780782,-1.5
1777384396.3611608,tb3,0.18,0.18472736024544528
1777384396.3619287,tb7,-0.0873744211672538,1.5
1777384396.404719,tb1,-0.033048421771703425,1.5
1777384396.4053595,tb2,-0.08089093716086158,-1.5
1777384396.4113317,tb3,0.18,-0.6772242553705617
1777384396.4118059,tb7,-0.07116056365977387,1.5
1777384396.454713,tb1,-0.02102036050466135,1.5
1777384396.454987,tb2,-0.052593068318269647,-1.1846425288910578
1777384396.4611995,tb3,0.13833503962826812,-1.5
1777384396.4616861,tb7,0.10810940049005206,-1.5000000000000002
1777384396.5047169,tb1,0.012418464270180424,1.0834138518501713
1777384396.5051146,tb2,0.0612209714953084,1.1245246639016035
1777384396.511323,tb3,0.17999999999999997,-0.287500233204312
1777384396.5115979,tb7,0.06926326218890103,-1.5
1777384396.5549762,tb2,0.06302381396536672,1.5
1777384396.555359,tb1,0.05100605049119818,-0.64539251093289
1777384396.5613065,tb3,0.18,-0.3235943988723623
1777384396.561706,tb7,0.05808057191162881,-1.5
1777384396.6047118,tb1,0.035776433828543765,0.29853626605105094
1777384396.6049755,tb2,0.059848525177195265,1.4999999999999998
1777384396.6113405,tb3,0.18,0.07918214613621971
1777384396.6117575,tb7,0.05449978985485542,-1.5
1777384396.6547346,tb1,0.042779874194925356,-0.613432970677925
1777384396.655027,tb2,0.06295130106428372,1.5
1777384396.6611636,tb3,0.18,0.4925189424152823
1777384396.661816,tb7,0.05809945709217402,-1.5
1777384396.7049747,tb2,0.07158064686606307,1.5
1777384396.7050233,tb1,0.04297949132955671,-1.132843126685163
1777384396.7112164,tb3,0.18,-0.5707655113658476
1777384396.7116702,tb7,0.0715420964784451,-1.5000000000000002
1777384396.7551,tb1,0.040757126092478405,-1.2200666008308783
1777384396.7552063,tb2,0.039759796067778644,0.566104257932427
1777384396.7613847,tb3,0.17999999999999997,-0.6549174428521704
1777384396.7617137,tb7,0.10915854868103572,-1.5
1777384396.8049283,tb2,-0.0591023875815375,-1.2936744955449657
1777384396.80498,tb1,-0.0005539812433954194,1.5
1777384396.8112419,tb3,0.18,-0.4892803479708516
1777384396.8117778,tb7,-0.07560643133959354,1.5
1777384396.854997,tb2,-0.08628644370465686,-1.5
1777384396.8550074,tb1,-0.008259129782808098,1.5
1777384396.8613195,tb3,0.18,-0.5973000765573256
1777384396.8616989,tb7,-0.08967336135755774,1.5
1777384396.904989,tb2,-0.0876844437664467,-1.5
1777384396.9049342,tb1,-0.008683419757389793,1.5
1777384396.9112644,tb3,0.18,0.31176047972554083
1777384396.9117973,tb7,-0.094077150204072,1.5
1777384396.954714,tb1,-0.0021642673794260796,1.5
1777384396.9550142,tb2,-0.005080223512211707,-0.2710420618322685
1777384396.9613297,tb3,0.17999999999999997,0.04987199556842503
1777384396.9616568,tb7,-0.08140065179688069,1.5
1777384397.004714,tb1,0.011696606351388923,1.5
1777384397.00501,tb2,0.0891897115187199,1.5
1777384397.0113068,tb3,0.17999999999999997,-0.012608256115167903
1777384397.011695,tb7,0.10210256357166478,-0.47783387402085437
1777384397.0548215,tb1,0.02390427605522686,0.32789634224734066
1777384397.0549934,tb2,0.07729050726803471,1.5
1777384397.0612621,tb3,0.18,-0.42759481034644686
1777384397.061791,tb7,0.08170428947117624,-1.5
1777384397.1047263,tb1,0.008550702527654878,-1.5
1777384397.105049,tb2,0.0764795037674626,1.5
1777384397.111412,tb3,0.18,-0.4740960195351433
1777384397.1117833,tb7,0.07213036107724158,-1.5
1777384397.1548529,tb1,-0.01001656740880543,-1.5
1777384397.1552877,tb2,0.08243082904818154,1.5
1777384397.1613216,tb3,0.17999999999999997,-0.5411242393957414
1777384397.161727,tb7,0.07275827050672469,-1.5
1777384397.2048683,tb1,-0.010279972036631304,-1.5
1777384397.2050157,tb2,0.07357094482738923,1.1151332575988266
1777384397.2112029,tb3,0.18,-0.9075450508211281
1777384397.2117555,tb7,0.08027181303728571,-1.5
1777384397.2548475,tb1,-0.001453121225195776,-1.5
1777384397.255318,tb2,-0.013944181625474892,-0.4727129149569499
1777384397.2612243,tb3,0.18,-1.0731471358486804
1777384397.2618124,tb7,0.10169216641459816,-1.5
1777384397.3048885,tb1,0.01775233319296447,-0.6241375354266013
1777384397.3050613,tb2,-0.09016253808662504,-1.5
1777384397.3111777,tb3,0.18,-1.0779445206595097
1777384397.3116758,tb7,-0.06783159827227254,1.5
1777384397.3548293,tb1,0.023614102749773887,1.2626404405469114
1777384397.3549328,tb2,-0.09877426909530689,-1.5
1777384397.361246,tb3,0.17999999999999997,-0.6424897600176752
1777384397.3616338,tb7,0.11057764397389933,-1.5
1777384397.4047327,tb1,0.01714129108048069,1.2177457159037854
1777384397.404983,tb2,-0.09786268088555589,-1.5
1777384397.4112194,tb3,0.18,-0.17229146719929803
1777384397.4117627,tb7,0.1331601127354485,-1.5
1777384397.4549158,tb2,-0.014868595121562685,-0.4070469716724274
1777384397.4548914,tb1,0.005362758432225219,1.5
1777384397.46119,tb3,0.18,0.28114437206231285
1777384397.4617012,tb7,0.1227008075313457,-1.5
1777384397.5049274,tb2,0.10186839457976546,1.4880750251235821
1777384397.505001,tb1,0.006758119567380016,1.5
1777384397.5111706,tb3,0.09131851470371814,1.5000000000000002
1777384397.5117686,tb7,0.10825256876916046,-1.5
1777384397.554935,tb2,0.08641001945144676,1.5
1777384397.555035,tb1,0.017711311976716024,0.8639672551197533
1777384397.5610693,tb3,0.08061217739373164,1.5000000000000002
1777384397.5617602,tb7,0.09557852115997811,-1.5000000000000002
1777384397.6049414,tb1,0.018493933954865746,-0.7602674624794501
1777384397.6050577,tb2,0.08011925221770023,1.5
1777384397.6112895,tb3,0.09295821619049094,1.4999999999999998
1777384397.6116953,tb7,0.0841237880726285,-1.5
1777384397.6549082,tb1,0.004129730275746263,-1.5
1777384397.6550431,tb2,0.08174766329656741,1.5
1777384397.6612206,tb3,0.17152442976426907,1.5
1777384397.6617057,tb7,0.07768324913874601,-1.5
1777384397.7047236,tb1,-0.0034023302692625912,-1.5
1777384397.704935,tb2,0.0887567048559607,1.5
1777384397.711348,tb3,0.0935723377873159,-1.5
1777384397.7117062,tb7,0.08140402406606816,-1.5
1777384397.754744,tb1,1.7357712338386593e-06,-1.5
1777384397.7550218,tb2,0.09608590162944163,1.5000000000000002
1777384397.7612138,tb3,0.029921003320171675,-1.5
1777384397.7616868,tb7,0.08851985638520846,-1.5
1777384397.8049283,tb2,0.09400056091515503,1.2069896291202478
1777384397.8051252,tb1,0.015928338613998942,1.5
1777384397.8112292,tb3,0.004594934561993193,-1.5
1777384397.811543,tb7,0.10117988452985394,-1.5
1777384397.85474,tb1,0.005237228415730453,1.5
1777384397.8550448,tb2,-0.03576014858901187,-0.7434329149410861
1777384397.861341,tb3,0.002365228981794571,-1.5
1777384397.8619282,tb7,0.12620038437307202,-1.5
1777384397.9047318,tb1,0.004306795988615967,1.5
1777384397.9050484,tb2,-0.11408882617347063,-1.5000000000000002
1777384397.9112659,tb3,0.025401029529115306,-1.5
1777384397.9116557,tb7,-0.10666126577143548,1.5
1777384397.9547346,tb1,0.009201770306358187,1.5
1777384397.954938,tb2,-0.12646212873837245,-1.4999999999999998
1777384397.9614043,tb3,0.07775898148652072,-1.5
1777384397.9615731,tb7,-0.12208537204036378,1.5
1777384398.0048807,tb1,0.019765050454586548,1.5
1777384398.005194,tb2,-0.13045453124016562,-1.5
1777384398.0111566,tb3,0.18,-0.27933240549816646
1777384398.011665,tb7,-0.151396740286367,1.4999999999999998
1777384398.0547287,tb1,0.029854867080199514,0.7450844268008825
1777384398.0549839,tb2,-0.12797037447237938,-1.5
1777384398.061279,tb3,0.11539453334816782,1.5
1777384398.0616815,tb7,-0.1745118182778153,1.5000000000000002
1777384398.1048338,tb1,-0.0005815888984613757,-1.3512338960437142
1777384398.104976,tb2,-0.12086683404458973,-1.5
1777384398.1111448,tb3,0.09727478923087782,1.5
1777384398.1119561,tb7,-0.18,1.3510772328522183
1777384398.154731,tb1,-0.023985560566761488,-1.5
1777384398.1549432,tb2,-0.12237788269085033,-1.5
1777384398.1613193,tb3,0.07191785313979646,1.5
1777384398.1615572,tb7,-0.18,1.1536676958040475
1777384398.2047343,tb1,0.054140663875550714,1.5
1777384398.204949,tb2,-0.11593400117591039,-1.5
1777384398.2111263,tb3,0.08083794857540673,1.5
1777384398.2115862,tb7,-0.18,0.9838948842081884
1777384398.2547197,tb1,0.050938555773070646,1.5
1777384398.2549362,tb2,-0.10907929139806004,-1.5
1777384398.2613523,tb3,0.11629476686634783,1.5
1777384398.2616878,tb7,-0.18,0.8139288390602187
1777384398.30473,tb1,0.054402957764326874,1.5
1777384398.3049324,tb2,-0.10189859156049434,-1.5
1777384398.3112361,tb3,0.18,0.9538748633136922
1777384398.311725,tb7,-0.18,0.6380494001528004
1777384398.3549378,tb2,-0.09589540236762009,-1.5
1777384398.3552263,tb1,0.07205625618500396,1.4990845617605886
1777384398.3612566,tb3,0.18,-0.7613096462184874
1777384398.3616555,tb7,-0.18,0.4632529521669558
1777384398.4050398,tb2,-0.08774859349052629,-1.5
1777384398.4050853,tb1,0.02198825188344206,-0.1491432316032532
1777384398.4111707,tb3,0.11235579600436389,-1.5
1777384398.411787,tb7,-0.18,0.28405794303715826
1777384398.4549756,tb2,-0.07680024444906494,-1.5
1777384398.45497,tb1,-0.04216921189089594,-1.5
1777384398.4612823,tb3,0.06007696765433008,-1.5
1777384398.4616857,tb7,-0.18,0.10084240249665521
1777384398.5047514,tb1,-0.05740735296766121,-1.5
1777384398.5053117,tb2,-0.06470706882906152,-1.5
1777384398.511344,tb3,0.18,-0.2897805912563826
1777384398.5117176,tb7,-0.18,-0.023593680103623105
1777384398.5547452,tb1,-0.058914765868229656,-1.5
1777384398.554991,tb2,0.029779942985636736,-0.010241893770774196
1777384398.561224,tb3,0.18,-0.08546415812922925
1777384398.5617983,tb7,-0.18,-0.07997741355129823
1777384398.604841,tb1,-0.049729936816816575,-1.5
1777384398.6049666,tb2,0.06691293921393536,1.5
1777384398.6111603,tb3,0.18,-0.05719831413228745
1777384398.6116002,tb7,-0.18,-0.10348515836637764
1777384398.6548052,tb1,0.061939043038503415,1.5
1777384398.6549685,tb2,0.05266402369191177,1.5
1777384398.6611679,tb3,0.18,0.14164788362806213
1777384398.6618009,tb7,-0.18,-0.1095663511641171
1777384398.70515,tb1,0.05017378581865088,1.5
1777384398.7051613,tb2,0.05155218372592711,1.4999999999999998
1777384398.7113914,tb3,0.07196803676682521,1.5
1777384398.711727,tb7,-0.17999999999999997,-0.11598503529871192
1777384398.75472,tb1,0.04562830548623441,1.5
1777384398.7551284,tb2,0.05771256010180237,1.5
1777384398.7612967,tb3,0.0746051047958079,1.5
1777384398.76179,tb7,-0.17999999999999997,-0.10798635305621701
1777384398.8049316,tb2,0.07606908851822393,1.5
1777384398.8049154,tb1,0.04757152627214741,1.5
1777384398.8112128,tb3,0.08457775357080753,1.5000000000000002
1777384398.8116875,tb7,-0.18,-0.10099030018628598
1777384398.855098,tb2,0.03468073964634769,0.062497900545261074
1777384398.8551595,tb1,0.054458179269019504,1.5
1777384398.8611715,tb3,0.1356758333265592,1.5
1777384398.8617837,tb7,-0.18,-0.08241895637605506
1777384398.9048092,tb1,0.06526246079913739,1.5
1777384398.905011,tb2,-0.05780941033106808,-1.5000000000000002
1777384398.911165,tb3,-0.02064001019876025,-1.5
1777384398.9117155,tb7,-0.18,-0.0393570276198824
1777384398.9547815,tb1,0.08054763528810341,1.5
1777384398.9549766,tb2,-0.0498956612239673,-1.4296639798689306
1777384398.9611483,tb3,-0.04248622682981346,-1.5
1777384398.9622421,tb7,-0.115834868431407,1.3740291331017371
1777384399.0047326,tb1,0.10593257663498977,1.5
1777384399.004942,tb2,-0.04837653423101666,-1.4053027735944854
1777384399.0111272,tb3,-0.05153713717681751,-1.5
1777384399.0117204,tb7,0.18,0.3162935017966346
1777384399.055072,tb1,-0.08863489445959641,-1.5
1777384399.0551786,tb2,-0.012864148257825482,-0.74693050552716
1777384399.061241,tb3,-0.04797866095486131,-1.5
1777384399.0617516,tb7,0.18,0.21220886888369028
1777384399.1048422,tb1,-0.10255014326887739,-1.5
1777384399.1049533,tb2,0.027139503963203172,0.08367029529453254
1777384399.1113765,tb3,-0.047049333288810107,-1.5
1777384399.111747,tb7,0.17999999999999997,0.15994600257696565
1777384399.1547108,tb1,-0.1127637925345334,-1.5
1777384399.154969,tb2,-0.058874204382818124,-1.5
1777384399.1612313,tb3,-0.03956128322702506,-1.5
1777384399.1622133,tb7,0.18,0.11300075981628628
1777384399.2048466,tb1,-0.10976226153331697,-1.5000000000000002
1777384399.2052255,tb2,-0.04885468127373396,-1.5
1777384399.2111688,tb3,-0.03052037826248426,-1.5
1777384399.2116046,tb7,0.18,0.08855883745046067
1777384399.2551324,tb1,-0.10471752661298464,-1.5
1777384399.2551577,tb2,-0.0025751625469699647,-0.6909496573259724
1777384399.2612157,tb3,0.18,1.1640902932671462
1777384399.2617095,tb7,0.17999999999999997,0.10282473136001812
1777384399.3047378,tb1,-0.09516445081217327,-1.5
1777384399.3049264,tb2,0.06206692052927504,1.360137352236381
1777384399.3111918,tb3,0.18,1.2971661219864303
1777384399.3116896,tb7,0.18,0.6347650385178862
1777384399.3549204,tb2,0.04560842590572962,1.5
1777384399.3549645,tb1,-0.08156817274269769,-1.5
1777384399.361222,tb3,0.17059014690939606,1.5
1777384399.3617566,tb7,-0.18,0.139927995852797
1777384399.4047363,tb1,-0.06775147900850621,-1.5
1777384399.4049714,tb2,0.044073051113404656,1.5000000000000002
1777384399.4112015,tb3,0.1395745259140911,1.5
1777384399.4116926,tb7,-0.18,0.12136489605012209
1777384399.454956,tb1,-0.010524340637038852,-1.1535784423159356
1777384399.454981,tb2,0.048538950146750914,1.5
1777384399.4613185,tb3,-0.021257441486248956,1.5
1777384399.461704,tb7,-0.18,0.11511497895365831
1777384399.504975,tb1,0.0760791622840826,1.1085585575262615
1777384399.5050466,tb2,0.058566868152038404,1.5000000000000002
1777384399.5112214,tb3,-0.027467583253679498,1.5000000000000002
1777384399.5115538,tb7,-0.18,0.1351638084146929
1777384399.5547338,tb1,0.055901858448161576,1.5
1777384399.5549452,tb2,0.01499013178756076,-0.09991038758050716
1777384399.5612988,tb3,-0.031805166460740546,1.5
1777384399.5616987,tb7,-0.18000000000000002,0.14639328690333148
1777384399.6049378,tb2,-0.05856026950857688,-1.4999999999999998
1777384399.605076,tb1,0.04595481417213932,1.4999999999999998
1777384399.61118,tb3,-0.027322300340916972,1.5
1777384399.6117313,tb7,-0.18,0.17164730087643865
1777384399.6549654,tb2,-0.0705180096800562,-1.5
1777384399.6549487,tb1,0.04083011687176086,1.5
1777384399.661183,tb3,-0.017533984497221863,1.5
1777384399.661707,tb7,-0.18,0.9544238825144643
1777384399.7049296,tb2,-0.07157150474136992,-1.5
1777384399.7049956,tb1,0.047155730465397665,1.4999999999999998
1777384399.711169,tb3,-0.01576555925144086,1.5
1777384399.7117145,tb7,0.18,0.07587649288041817
1777384399.754833,tb1,0.057432304053009434,1.5
1777384399.7549217,tb2,-0.0633784132786921,-1.5
1777384399.7612112,tb3,-0.0015479582064088784,1.5
1777384399.7615862,tb7,0.18,-0.02796493977847377
1777384399.8047264,tb1,0.07371515450411781,1.5000000000000002
1777384399.8049207,tb2,-0.05079133438848348,-1.5
1777384399.8112235,tb3,0.026169814361263248,1.5
1777384399.8116703,tb7,0.18,-0.06357426326072138
1777384399.85472,tb1,0.09746977317382301,1.5000000000000002
1777384399.8549342,tb2,0.008940669139412253,-0.3010067348305206
1777384399.8612998,tb3,0.0030538365351598386,-1.5
1777384399.861713,tb7,0.18,-0.05224392543274153
1777384399.904731,tb1,0.06338743344412431,0.2728799934047431
1777384399.904947,tb2,0.05711877516747665,1.5
1777384399.911237,tb3,-0.023856703619685428,-1.5
1777384399.9116967,tb7,0.18,-0.0279680603857764
1777384399.9549296,tb2,0.044848992049616586,1.5
1777384399.9548895,tb1,-0.06089025453151413,-1.5
1777384399.9612086,tb3,-0.029702035078212907,-1.5
1777384399.961757,tb7,0.18,0.002249436918915353
1777384400.0048838,tb1,-0.08228463806919874,-1.5
1777384400.0049963,tb2,0.035860617990252905,1.5
1777384400.011256,tb3,-0.028196666878226452,-1.5
1777384400.0116928,tb7,0.18,0.30154418032055663
1777384400.054893,tb1,-0.08343748326309462,-1.5
1777384400.054944,tb2,0.03884021428489515,1.5
1777384400.0613809,tb3,-0.02209436672670611,-1.5
1777384400.0617661,tb7,-0.18,0.24315077179615363
1777384400.1047235,tb1,-0.0729713861052686,-1.5
1777384400.1049352,tb2,0.04457680254866104,1.5
1777384400.1112826,tb3,-0.013501162892930544,-1.5
1777384400.11181,tb7,-0.18,0.12708356905423238
1777384400.1550403,tb2,0.052424299222929044,1.5
1777384400.154972,tb1,-0.045628536154354714,-1.4473984005240412
1777384400.1611564,tb3,0.0048949504428349765,1.5
1777384400.1616056,tb7,-0.18000000000000002,0.12395602032298618
1777384400.2047217,tb1,0.0791716456408296,0.6454033831097756
1777384400.2049346,tb2,0.06427352118643404,1.5
1777384400.2111979,tb3,-0.004395889096068021,1.5
1777384400.2116678,tb7,-0.18,0.14407808810185455
1777384400.2548018,tb1,0.07717162667807849,1.5000000000000002
1777384400.254959,tb2,0.07778409430594686,1.5
1777384400.2612016,tb3,-0.009596585873988837,1.5
1777384400.2615201,tb7,-0.18,0.15447692343570688
1777384400.3047242,tb1,0.07109104560604725,1.5
1777384400.3049402,tb2,0.09231941169643369,1.5
1777384400.3112535,tb3,-0.006764004446663778,1.5
1777384400.3117392,tb7,-0.18,0.17314700091196744
1777384400.35474,tb1,0.07232358310207239,1.5
1777384400.354933,tb2,0.10658097334454943,1.5
1777384400.3613942,tb3,0.0012715068313510086,1.5
1777384400.3617456,tb7,-0.18,0.2627766616699524
1777384400.4049277,tb2,0.12209353812280666,1.5
1777384400.4071271,tb1,0.07859867964170768,1.4999999999999998
1777384400.4112117,tb3,0.014008459339530753,1.5
1777384400.4117453,tb7,0.18,0.23367583048723475
1777384400.4547482,tb1,0.08967394798466334,1.5
1777384400.4549322,tb2,0.14134641362834965,1.5
1777384400.4613466,tb3,0.03425384452955588,1.5000000000000002
1777384400.46171,tb7,0.18,-0.04108621082194886
1777384400.505025,tb2,0.16497410932723822,1.5
1777384400.5051436,tb1,0.10673222393463697,1.5
1777384400.5112333,tb3,0.18,0.540737971465598
1777384400.511776,tb7,0.18,-0.08604866442854166
1777384400.5547788,tb1,0.12625571201339642,1.5000000000000002
1777384400.5550854,tb2,0.1563968481486867,1.0901418284964228
1777384400.561163,tb3,-0.010828571471489067,-1.5
1777384400.5619938,tb7,0.18,-0.08534732674145695
1777384400.604949,tb1,0.15337170893330576,1.4999999999999998
1777384400.6049826,tb2,-0.17999999999999997,-1.4047200557740258
1777384400.611228,tb3,-0.0343931195985355,-1.5
1777384400.6115296,tb7,0.18,-0.01875218758095799
1777384400.654892,tb1,-0.13168661601451415,-1.5
1777384400.654962,tb2,-0.18,-1.277410171643851
1777384400.6612504,tb3,-0.04089717746018104,-1.5000000000000002
1777384400.6616478,tb7,0.18,0.13253305619087852
1777384400.7048671,tb1,-0.14947030355422156,-1.5
1777384400.7049348,tb2,-0.17999999999999997,-1.1260665075028333
1777384400.7113113,tb3,-0.044277320446104045,-1.5
1777384400.711574,tb7,-0.18,0.8877248843864117
1777384400.754905,tb1,-0.17048691464527632,-1.5
1777384400.754979,tb2,-0.18,-0.9619024747732422
1777384400.7611718,tb3,-0.037041952011607114,-1.5
1777384400.7615461,tb7,-0.18,0.29573024601588177
1777384400.8047144,tb1,-0.18000000000000002,-1.3924102191537824
1777384400.8049345,tb2,-0.18,-0.796001806049526
1777384400.8112648,tb3,-0.02723625484609857,-1.5
1777384400.8117669,tb7,-0.18,0.19158279112207116
1777384400.8550293,tb1,-0.18,-1.2271080671460042
1777384400.8550348,tb2,-0.18,-0.626581974592516
1777384400.8611753,tb3,0.18,1.1298694611079896
1777384400.8616922,tb7,-0.18,0.09126982156618839
1777384400.9047246,tb1,-0.18,-1.0663072118381536
1777384400.9049985,tb2,-0.18,-0.46990827081429076
1777384400.911235,tb3,0.00938684267735597,1.5
1777384400.9116585,tb7,-0.18,0.07650578858390622
1777384400.9548166,tb1,-0.18,-0.8937432342411994
1777384400.955172,tb2,-0.18,-0.2865266074620477
1777384400.9611928,tb3,-0.002546346303600228,1.5000000000000002
1777384400.9617722,tb7,-0.18,0.08931513729866641
1777384401.0049448,tb2,-0.18,-0.09586110677678054
1777384401.0051045,tb1,-0.18,-0.7292115986034129
1777384401.0111794,tb3,-0.008942167360976257,1.5
1777384401.011804,tb7,-0.18,0.6477772478978578
1777384401.0550182,tb1,-0.18,-0.56302990764884
1777384401.0551438,tb2,-0.18,0.04470190168729925
1777384401.0612016,tb3,-0.008541575788070072,1.4999999999999998
1777384401.0617728,tb7,0.18,0.3993038524929312
1777384401.1049285,tb2,-0.18,0.11204211242704865
1777384401.1049526,tb1,-0.18,-0.4045244107023222
1777384401.1111965,tb3,-0.003187875338927112,1.5
1777384401.1117334,tb7,0.18,0.1124554911428648
1777384401.1549852,tb1,-0.18,-0.2506291175247401
1777384401.1549613,tb2,-0.18,0.14594346749310505
1777384401.161167,tb3,0.005087147055394594,1.5
1777384401.1617174,tb7,0.18,0.08806569055920498
1777384401.204894,tb1,-0.18,-0.07559155069024395
1777384401.2050252,tb2,-0.18,0.059387848584642314
1777384401.2113018,tb3,0.01983363272806819,1.5
1777384401.211697,tb7,0.18,0.1093693224332548
1777384401.2550426,tb2,-0.18,0.019848728858822273
1777384401.2550058,tb1,-0.18,0.060977246633093826
1777384401.2613611,tb3,0.15270375966714617,1.5
1777384401.2617595,tb7,0.17999999999999997,0.11611944584529969
1777384401.3049352,tb2,-0.17999999999999997,-0.07603560028538996
1777384401.3049753,tb1,-0.18,0.12392434437402867
1777384401.3111632,tb3,-0.03413808701887716,-1.5000000000000002
1777384401.3117862,tb7,0.18,0.1317822863631618
1777384401.3547208,tb1,-0.18,0.1485873998053031
1777384401.3549843,tb2,-0.18,-0.42212205516271234
1777384401.3611975,tb3,-0.043293220922022334,-1.5
1777384401.361685,tb7,0.18,0.22297848198524342
1777384401.4048347,tb1,-0.18,0.16259166341305276
1777384401.4049802,tb2,-0.029102377621715844,-0.9275558698499393
1777384401.4111547,tb3,-0.04562999927738843,-1.5
1777384401.4116619,tb7,0.10787965539638833,1.2813821790659208
1777384401.4550254,tb1,-0.18,0.1490834300052802
1777384401.4550261,tb2,0.18,-0.7774984742152157
1777384401.4613714,tb3,-0.04204144332564918,-1.5
1777384401.4617631,tb7,-0.18,0.24875742761779668
1777384401.504801,tb1,-0.18,0.13348185195038584
1777384401.5051887,tb2,0.18,-0.4811177091705196
1777384401.511225,tb3,-0.03494044042493991,-1.5
1777384401.511725,tb7,-0.18,0.15168304255904297
1777384401.5551186,tb1,-0.18,0.11524497595132847
1777384401.5551186,tb2,0.18,-0.4031052509720481
1777384401.561241,tb3,-0.02627849000072953,-1.5
1777384401.5617275,tb7,-0.18,0.17473335500572032
1777384401.6049232,tb1,-0.18,0.06575362855885422
1777384401.604976,tb2,0.09252480460383974,-0.9432768981753564
1777384401.6112242,tb3,-0.013911826673057686,-1.5
1777384401.6116965,tb7,-0.18,0.13474252285280142
1777384401.6550663,tb1,-0.18,0.12825127030365488
1777384401.655073,tb2,-0.01061830319641914,-0.8868043161290162
1777384401.6613243,tb3,0.0010754082474679124,-1.5000000000000002
1777384401.661735,tb7,-0.18,0.12079644426475049
1777384401.7050366,tb1,-0.18,0.04967347501685643
1777384401.7051558,tb2,-0.16961789212759326,-0.756016239970798
1777384401.711237,tb3,0.04436857357128908,-1.5
1777384401.711697,tb7,-0.18,0.12338906466010653
1777384401.7549744,tb2,-0.18,-0.5005560922711636
1777384401.7552137,tb1,-0.18,-0.03890170173912545
1777384401.76117,tb3,0.07336676787003268,-1.5
1777384401.7617397,tb7,-0.18,0.1518794386317473
1777384401.8049397,tb1,-0.18,-0.38659590817881995
1777384401.8049426,tb2,-0.18,-0.33596628116738403
1777384401.8112032,tb3,0.12146731742911114,-1.5
1777384401.8117173,tb7,-0.18,0.16975863157635632
1777384401.8553665,tb2,-0.18,-0.5140459319928815
1777384401.8554742,tb1,-0.18,-0.5954556844364746
1777384401.8611817,tb3,0.18000000000000002,-1.0815771366457205
1777384401.8617213,tb7,-0.18,0.21358406971910515
1777384401.9047818,tb1,0.08083608230474393,-1.5
1777384401.9049456,tb2,-0.055764380447125665,-0.7975267582004772
1777384401.9113002,tb3,0.07441002675597087,-1.5
1777384401.9117887,tb7,-0.18,0.41199795035768316
1777384401.9548273,tb1,0.18,-1.186263815362699
1777384401.9550178,tb2,0.18,-0.7659665257212916
1777384401.9612057,tb3,0.09835719339969044,-1.5
1777384401.9617128,tb7,0.18,-0.06497096353822203
1777384402.0047216,tb1,0.18,-0.7827090895256454
1777384402.0049846,tb2,-0.18,-0.09458410197556273
1777384402.0113485,tb3,0.14395316088084983,-1.5
1777384402.0117204,tb7,0.18,-0.12822158638499812
1777384402.0547216,tb1,-0.15269602950750713,-0.9877912456149646
1777384402.055013,tb2,-0.18,-0.13733522448682678
1777384402.0613565,tb3,0.18,-0.6414947070371384
1777384402.0617023,tb7,0.18,-0.17556313466979365
1777384402.1048203,tb1,-0.18,-0.686823420213419
1777384402.104993,tb2,-0.18,-0.16922056957709533
1777384402.1111987,tb3,0.11217562330246925,-1.5
1777384402.1115813,tb7,0.18,-0.17723767364397763
1777384402.1547077,tb1,-0.18,-0.4033721802414476
1777384402.1549323,tb2,-0.18,-0.23192546137849032
1777384402.1612103,tb3,0.14777222066369264,-1.5
1777384402.1617227,tb7,0.18,-0.15870605897007545
1777384402.2049396,tb2,-0.04809906080128866,-0.7597187392407965
1777384402.2051525,tb1,-0.18,-0.32233393630710766
1777384402.2111535,tb3,0.18,-1.1077800848663695
1777384402.2117708,tb7,-0.18,0.44978966689903066
1777384402.2549376,tb1,-0.18000000000000002,-0.30023980169624315
1777384402.2551115,tb2,0.18,-0.4493494364362451
1777384402.261249,tb3,0.18,0.2293124790632804
1777384402.2617114,tb7,-0.18,0.23113372817152872
1777384402.3049212,tb1,-0.18,-0.5636294101726269
1777384402.3049805,tb2,0.18,-0.1798563558409105
1777384402.311197,tb3,0.18,0.6079687470770232
1777384402.3116374,tb7,-0.18,0.1599665138828173
1777384402.3550048,tb2,0.18000000000000002,-0.12618231683439007
1777384402.3551128,tb1,-0.09704680640952101,-1.169797525555223
1777384402.3612897,tb3,0.044887799318334004,1.5
1777384402.3617055,tb7,-0.18,0.0880980360871316
1777384402.4049392,tb1,0.11171257558014616,-1.5
1777384402.404981,tb2,0.18,-0.21053759770666122
1777384402.4111795,tb3,-0.030719749682027772,1.5
1777384402.4117696,tb7,-0.18,0.04501779041427856
1777384402.4547544,tb1,0.18,-0.7939600311487515
1777384402.4551404,tb2,0.18,-0.29880301184994223
1777384402.4611764,tb3,-0.054100541352355466,1.5
1777384402.461782,tb7,-0.18,0.0359647867325788
1777384402.5050912,tb1,0.18,-0.6535260678977762
1777384402.5051367,tb2,0.18,-0.5792162473475639
1777384402.5111852,tb3,-0.04944206370965465,1.5
1777384402.5117133,tb7,0.18,0.07023994646811721
1777384402.555073,tb1,0.18,-0.6334922767505162
1777384402.5551262,tb2,-0.0784870009005628,-0.7499897652108639
1777384402.5612538,tb3,-0.025078561508115278,1.5
1777384402.5617871,tb7,0.18,-0.013889506767741444
1777384402.6048656,tb1,0.18,-0.6686079958688627
1777384402.6052616,tb2,-0.18,-0.17139117720888564
1777384402.6111655,tb3,0.018375342151618693,1.5
1777384402.6118293,tb7,-0.18,0.3835923491095655
1777384402.655038,tb2,-0.18,-0.1930655029565263
1777384402.6550436,tb1,-0.18,-0.2496587119363894
1777384402.661179,tb3,0.15157203659128574,1.5
1777384402.6618342,tb7,0.18,0.26870893552297936
1777384402.7047167,tb1,-0.18,-0.12321942962317183
1777384402.7049496,tb2,-0.18,-0.22921822821375293
1777384402.7112281,tb3,0.18,-0.20918524070232772
1777384402.7117794,tb7,0.18,0.43444504511311505
1777384402.7547967,tb1,-0.18,-0.24082291923788884
1777384402.755174,tb2,-0.18,-0.2705250156488022
1777384402.7612667,tb3,0.1656080889127217,-1.5
1777384402.7616918,tb7,0.18,1.2125186635782554
1777384402.8048017,tb1,-0.18,-0.7669717368799216
1777384402.80528,tb2,-0.18,-0.21730359823022893
1777384402.811195,tb3,0.12623565090122704,-1.5
1777384402.8116872,tb7,-0.18,0.07835108018919003
1777384402.8547301,tb1,-0.18,0.10686763144356576
1777384402.855186,tb2,-0.18,-0.24062307575644176
1777384402.8612473,tb3,0.12515497312911283,-1.5
1777384402.8617194,tb7,-0.18,0.06731032681581688
1777384402.904715,tb1,-0.18,-0.08442879782598264
1777384402.9051094,tb2,-0.18,-0.2620010446979049
1777384402.9111924,tb3,0.18,-1.1384792425636376
1777384402.911733,tb7,-0.18,0.1008569201188527
1777384402.9548721,tb1,-0.16346977938647458,-0.7663941591371061
1777384402.9550653,tb2,-0.18,-0.2839404665768924
1777384402.9611552,tb3,0.18,0.10991438560083662
1777384402.961673,tb7,-0.18,0.12167221557545195
1777384403.0047314,tb1,0.05042632511513593,-1.3701814063327595
1777384403.005067,tb2,-0.18,-0.3089724275841697
1777384403.0112443,tb3,0.08953394955498427,1.5
1777384403.0117412,tb7,-0.18,0.11958821918376643
1777384403.0549417,tb1,0.18,-0.9345388610611275
1777384403.0551522,tb2,-0.18,-0.3417610436011101
1777384403.061134,tb3,0.030496066661135992,1.5
1777384403.061693,tb7,-0.17999999999999997,0.1393099864727508
1777384403.1049373,tb2,-0.18000000000000002,-0.37553798840621583
1777384403.1051924,tb1,0.18,-0.7736684937115531
1777384403.1112428,tb3,0.18,0.43028655472969074
1777384403.1117258,tb7,-0.18,0.26972090626524065
1777384403.1548903,tb1,0.18,-0.6771271683899468
1777384403.1552305,tb2,-0.18,-0.4027827087561342
1777384403.1612844,tb3,0.18,0.4767998752061199
1777384403.1617403,tb7,0.18,-0.08717666911923705
1777384403.2048998,tb1,0.18,-0.650260425189283
1777384403.204984,tb2,-0.18,-0.43038366640352227
1777384403.211368,tb3,0.18,0.3833454942930312
1777384403.2116053,tb7,0.18,-0.14755695206682853
1777384403.2550588,tb1,0.057050444943118006,-1.0168761170582115
1777384403.2551048,tb2,-0.18,-0.4696636758377241
1777384403.2613254,tb3,0.18,0.49052693055342117
1777384403.2617664,tb7,0.18,-0.1572976889483692
1777384403.305082,tb2,-0.18,-0.5081363759052009
1777384403.3051546,tb1,-0.1283539365923722,-0.6934416305181443
1777384403.3111105,tb3,0.12521975452569167,-1.5
1777384403.311701,tb7,0.18,-0.14568718540796885
1777384403.354918,tb1,-0.18,-0.36090121439083556
1777384403.3550024,tb2,-0.18,-0.5859225675486391
1777384403.361218,tb3,0.18,-1.390402237711316
1777384403.361737,tb7,0.18,-0.13154907816385084
1777384403.4049296,tb2,-0.18,-0.6221298433265376
1777384403.4049048,tb1,-0.18,-0.24674103701849706
1777384403.411275,tb3,0.18,-0.6642255890927611
1777384403.4117105,tb7,0.18,-0.010624025277889837
1777384403.4550214,tb1,-0.18,-0.15865535992384242
1777384403.454998,tb2,-0.18,-0.7420458779169959
1777384403.46121,tb3,0.11739311582057978,1.5
1777384403.4617186,tb7,-0.18,0.13406874623996057
1777384403.5050046,tb1,-0.17999999999999997,-0.3033060222201303
1777384403.5053854,tb2,-0.18,-1.1065475156661897
1777384403.5111427,tb3,-0.008180494836855687,1.5
1777384403.5117002,tb7,-0.18,0.11082897115634442
1777384403.5549257,tb2,0.1749220654881148,-0.2853596341834679
1777384403.5548928,tb1,-0.12572322966868252,-0.6341714555659305
1777384403.56121,tb3,-0.017383236875315827,1.5
1777384403.5617354,tb7,-0.18,0.10789217402764249
1777384403.6050627,tb2,0.18,0.6192441243436194
1777384403.6050625,tb1,0.052784805544652084,-0.677583442383396
1777384403.6113153,tb3,-0.01160355285996995,1.5
1777384403.6116211,tb7,-0.18,0.11487224918285634
1777384403.6548412,tb1,0.18,-0.22720917576429633
1777384403.6552708,tb2,0.18,0.671703295982635
1777384403.6612167,tb3,0.014796528885403738,1.5
1777384403.6617475,tb7,-0.18,0.12226791192896588
1777384403.7049904,tb1,0.18,-0.10783210192131476
1777384403.7050736,tb2,0.18,0.6763568108682886
1777384403.7112668,tb3,0.18,1.3182423271060673
1777384403.7117107,tb7,-0.18,0.1303458294990095
1777384403.7549736,tb1,0.18,-0.07233776108014454
1777384403.755005,tb2,0.18,0.6816199363478211
1777384403.7612457,tb3,0.08794857660445557,-1.5
1777384403.761709,tb7,-0.18,0.14376459176159925
1777384403.8049574,tb1,0.18,-0.0746282850483097
1777384403.8063185,tb2,0.18,0.6812453885075234
1777384403.8115122,tb3,0.04239164289628716,-1.5
1777384403.8116722,tb7,-0.18,0.671520095851944
1777384403.8550868,tb2,0.18,0.6764291837877879
1777384403.855521,tb1,0.18,-0.23284027499961732
1777384403.8611784,tb3,0.030356689412379394,-1.5
1777384403.8617668,tb7,0.18,-0.14675390440811178
1777384403.904993,tb2,0.18,0.6644516639108525
1777384403.9050143,tb1,-0.0024603384868843656,-0.4351022372285868
1777384403.9111495,tb3,0.03534576847581125,-1.5
1777384403.9117095,tb7,0.18,-0.16112619403170841
1777384403.9552813,tb2,0.18,0.6550148643527448
1777384403.9557676,tb1,-0.18,-0.439545539079414
1777384403.9613552,tb3,0.020321854438167287,-1.5
1777384403.9617825,tb7,0.18,-0.16952300252930597
1777384404.0049372,tb2,0.18,0.6370220179478827
1777384404.0050886,tb1,-0.18,-0.32083747249486316
1777384404.0112414,tb3,0.03225231022957331,-1.5
1777384404.0117157,tb7,0.18,-0.1666976459842492
1777384404.0550442,tb2,0.18,0.6331626486888372
1777384404.0550566,tb1,-0.17999999999999997,-0.25802621477644544
1777384404.0613291,tb3,0.050409573094635195,-1.5
1777384404.061739,tb7,0.18,-0.16609871533512605
1777384404.1048923,tb1,-0.18,-0.264422638102804
1777384404.1056705,tb2,0.18,0.6044090365873627
1777384404.1111455,tb3,0.07249129304601513,-1.5
1777384404.1117787,tb7,0.18,-0.17096068428035285
1777384404.1547964,tb1,-0.18,-0.3129779650617344
1777384404.1549842,tb2,0.18,0.5954821936456993
1777384404.161362,tb3,-0.02423132192199497,1.5
1777384404.1617482,tb7,0.18,-0.17211335081511625
1777384404.2050998,tb1,-0.18,-0.41366868396260226
1777384404.2051885,tb2,0.18,0.5357937963917845
1777384404.2112858,tb3,-0.05465250476693489,1.5
1777384404.2116997,tb7,-0.18,0.1799477139561868
1777384404.2550366,tb2,0.18,0.47692700450381637
1777384404.254986,tb1,0.03253656640407616,-0.3959383328266078
1777384404.261177,tb3,-0.06520917166827678,1.5
1777384404.2616897,tb7,-0.18,0.15276351715060732
1777384404.304746,tb1,0.18,-0.07347603071196292
1777384404.3051124,tb2,0.18,0.3711689599452979
1777384404.3115227,tb3,-0.069242542840567,1.5
1777384404.311675,tb7,-0.18,0.1471974842648203
1777384404.354795,tb1,0.17999999999999997,0.083248741622424
1777384404.3549538,tb2,-0.012435141353357592,-0.37661657712462937
1777384404.3612287,tb3,-0.06235176028417453,1.5
1777384404.3616858,tb7,-0.18,0.15194315715561998
1777384404.4050083,tb1,0.18,0.14430147024883724
1777384404.4050255,tb2,-0.17999999999999997,-0.8100064120437336
1777384404.4111629,tb3,-0.052992184274785956,1.5
1777384404.411704,tb7,-0.18,0.15830215238097886
1777384404.4549465,tb1,0.18,0.19147799020450557
1777384404.4551315,tb2,-0.18,-0.7023640188499234
1777384404.4611952,tb3,-0.04266408704011739,1.5
1777384404.461776,tb7,-0.18,0.16707112811661373
1777384404.505029,tb2,-0.18,-0.6844644685145388
1777384404.5050316,tb1,0.18,0.22043643866425974
1777384404.5111709,tb3,-0.029541979027681253,1.5
1777384404.5116773,tb7,0.18,-0.16682121853038412
1777384404.5547833,tb1,0.18,0.23282850691210466
1777384404.555273,tb2,-0.18,-0.6661848532595517
1777384404.5612183,tb3,-0.020324427767884547,1.5
1777384404.5616362,tb7,0.18,-0.18107836421471332
1777384404.6047459,tb1,0.18,0.18583337025402696
1777384404.6049209,tb2,-0.18,-0.5845390743096993
1777384404.6112697,tb3,-0.007153244955910412,1.5
1777384404.6117892,tb7,0.18,-0.1676721606394905
1777384404.654837,tb1,-0.08859967985399383,-0.339540173392121
1777384404.654942,tb2,-0.18,-0.5450574199125165
1777384404.661237,tb3,0.006083051766688282,1.5
1777384404.6616962,tb7,0.18,-0.16321674320977617
1777384404.7047195,tb1,-0.18,-0.41746451428767783
1777384404.7057211,tb2,-0.18,-0.5007349880474821
1777384404.7111516,tb3,0.027418066243499014,1.5
1777384404.711724,tb7,0.18,-0.1589603155188756
1777384404.7547138,tb1,-0.18,-0.379650784359877
1777384404.7549317,tb2,-0.18,-0.4581135387390425
1777384404.7612948,tb3,0.18,1.4631026592138796
1777384404.7619245,tb7,0.18,-0.15560315476498535
1777384404.8047285,tb1,-0.18,-0.37296901691062956
1777384404.8051543,tb2,-0.18,-0.4125360156510525
1777384404.8112497,tb3,0.18,1.1851628149241418
1777384404.8116832,tb7,0.18,-0.14758489693496865
1777384404.855205,tb2,-0.17999999999999997,-0.3711764566587237
1777384404.855244,tb1,-0.18,-0.39821812073310464
1777384404.861219,tb3,-0.040421536518867734,-1.5
1777384404.8617752,tb7,0.18,-0.09378555274809633
1777384404.9050279,tb2,-0.18,-0.33982783530468796
1777384404.905208,tb1,-0.18,-0.46307769979467167
1777384404.91143,tb3,-0.04639606814557766,-1.5
1777384404.9118657,tb7,-0.18,0.14419888937865288
1777384404.9547215,tb1,-0.030298872907802525,-0.2255237155678339
1777384404.9561996,tb2,-0.18,-0.3453520824974913
1777384404.9612622,tb3,-0.048109381529216226,-1.5
1777384404.9616957,tb7,-0.18,0.11582261870569341
1777384405.0051274,tb2,0.18,0.09999434309021964
1777384405.005141,tb1,0.18,0.25433571443430153
1777384405.0113826,tb3,-0.043386513298530764,-1.5
1777384405.0117369,tb7,-0.18,0.11218064746283982
1777384405.0547402,tb1,0.18,0.39641626445922123
1777384405.0549378,tb2,0.17999999999999997,0.15151988965506916
1777384405.0612757,tb3,-0.03333702889602484,-1.5
1777384405.0616977,tb7,-0.18,0.11593044718969489
1777384405.105024,tb1,0.18,0.42604700227195946
1777384405.1050403,tb2,0.18,0.17311529852366495
1777384405.1112368,tb3,-0.007745451746727469,-1.5
1777384405.1117058,tb7,-0.18,0.12408431763884781
1777384405.1548307,tb1,0.18,0.45054504631109576
1777384405.154985,tb2,0.17999999999999997,0.17156099904610422
1777384405.1611567,tb3,0.06460826793297901,1.5
1777384405.1617105,tb7,-0.18,0.1358814993481919
1777384405.2047422,tb1,0.18,0.4673237354445596
1777384405.2050495,tb2,0.18,0.18825638127464747
1777384405.2112737,tb3,0.029401653393455754,1.5
1777384405.211628,tb7,-0.18,0.1596626838748813
1777384405.2548432,tb1,0.18,0.4955468852529718
1777384405.2549865,tb2,0.18,0.20173500843581302
1777384405.2612789,tb3,0.016977262131286967,1.5
1777384405.2617128,tb7,-0.18,0.3039724758570756
1777384405.3051114,tb1,0.18,0.5178477585934838
1777384405.305439,tb2,0.18,0.18702763741366937
1777384405.3112411,tb3,0.01802211256512797,1.5
1777384405.311709,tb7,0.18,-0.13979235348640592
1777384405.3548496,tb1,0.1184480541276696,0.3390942813388151
1777384405.3550432,tb2,0.18,0.1472707502458045
1777384405.3611617,tb3,0.17787994002106192,-1.5
1777384405.361695,tb7,0.18,-0.17100931307426562
1777384405.4048107,tb1,-0.1529188951586091,-0.37117482384330386
1777384405.4051695,tb2,-0.18,-0.8391515454568249
1777384405.4112527,tb3,0.0003511857138432979,-1.5
1777384405.4118109,tb7,0.18,-0.18140336477583657
1777384405.4549036,tb1,-0.18,-0.4107739556190445
1777384405.455306,tb2,-0.18,-0.44805679705645707
1777384405.4612405,tb3,-0.01685622495848279,-1.5
1777384405.4617786,tb7,0.18,-0.18006231192084562
1777384405.504709,tb1,-0.18,-0.3954776749598708
1777384405.5049763,tb2,-0.18,-0.3178371416572958
1777384405.5112062,tb3,-0.02345284132848829,-1.5
1777384405.5117826,tb7,0.18,-0.17179402611515426
1777384405.5549,tb1,-0.18,-0.4002424326164317
1777384405.5553632,tb2,-0.18000000000000002,-0.1865163784020869
1777384405.5613241,tb3,-0.025846270380936495,-1.5
1777384405.5617962,tb7,0.18,-0.16385012531404794
1777384405.604898,tb1,-0.18,-0.4161159880409981
1777384405.605289,tb2,-0.18,-0.08873314498258883
1777384405.6113036,tb3,-0.020366497993511624,-1.5
1777384405.61181,tb7,0.18,-0.15268569277269725
1777384405.654933,tb1,-0.18,-0.44920166207974177
1777384405.6549652,tb2,-0.18,-0.08484937061123561
1777384405.6613092,tb3,-0.012266076193744407,-1.5000000000000002
1777384405.6617072,tb7,0.18,-0.13785582952918143
1777384405.7047672,tb1,-0.10535958187516663,-0.28466111690578577
1777384405.7050128,tb2,-0.18,-0.11977501985301114
1777384405.7112963,tb3,-0.0029645666886812154,-1.5
1777384405.7116945,tb7,0.18,-0.10490055127011413
1777384405.7547112,tb1,0.11639508781532545,0.26996130363918114
1777384405.7549589,tb2,-0.17999999999999997,-0.3673009217598724
1777384405.7611485,tb3,0.17999999999999997,-0.3983309417392237
1777384405.7616978,tb7,0.18,0.028541941579320707
1777384405.8050895,tb2,0.09417296114337295,-0.8064023688693113
1777384405.8052025,tb1,0.18000000000000002,0.46546050456399696
1777384405.81118,tb3,0.031015576774835976,1.5
1777384405.811729,tb7,-0.18,0.10476897957311852
1777384405.85472,tb1,0.18,0.4967483087703663
1777384405.855169,tb2,0.18,-0.3393066732958898
1777384405.8612006,tb3,0.0033577821140243222,1.5000000000000002
1777384405.8616927,tb7,-0.18,0.10015163881105119
1777384405.9047897,tb1,0.18,0.5157132631428526
1777384405.9051,tb2,0.18,-0.2072062001896327
1777384405.9111614,tb3,-8.474045420074055e-05,1.5
1777384405.9117262,tb7,-0.18,0.08570841043031702
1777384405.9547234,tb1,0.18,0.5265566612780006
1777384405.9549732,tb2,0.18000000000000002,-0.15967992447002297
1777384405.961286,tb3,0.009654633917875063,1.5
1777384405.961775,tb7,-0.18,0.06372179093034064
1777384406.004725,tb1,0.18,0.5730376869699083
1777384406.0052967,tb2,0.18000000000000002,-0.06966467827066418
1777384406.0112257,tb3,0.04112632002594392,1.5
1777384406.0117266,tb7,-0.18,0.07030821497574286
1777384406.0548944,tb1,0.18,0.6101828782936852
1777384406.0550568,tb2,0.18,-0.10167740441244237
1777384406.0612867,tb3,0.18,-0.014028654368887193
1777384406.0617456,tb7,-0.18,0.06977198014741373
1777384406.1050503,tb2,0.18,-0.12569438045408507
1777384406.1050894,tb1,0.18,0.6506502478187663
1777384406.111246,tb3,0.030538026433617173,-1.5
1777384406.1117563,tb7,-0.18,0.0749524708471041
1777384406.1549501,tb1,0.18,0.6984499198324684
1777384406.155373,tb2,0.18,-0.1475686677182012
1777384406.1611643,tb3,0.09550661349381143,-1.5
1777384406.1617305,tb7,-0.18,1.0470189558673577
1777384406.2048056,tb1,0.18,0.8049051623388495
1777384406.2049406,tb2,0.18,-0.23779150429988982
1777384406.2112842,tb3,0.07312656626213833,-1.5
1777384406.2117074,tb7,0.18,-0.07751327083070424
1777384406.2548573,tb1,0.1269598170310114,0.7213851258987383
1777384406.254959,tb2,0.18,-0.5961155655387291
1777384406.2612484,tb3,0.10407890194102369,-1.5
1777384406.2617161,tb7,0.18,-0.10118600446505409
1777384406.3050783,tb1,-0.04798605169569528,0.14730057030190252
1777384406.305231,tb2,-0.17312683047649355,-0.7000773739240078
1777384406.3112633,tb3,0.17999999999999997,-1.0559372763374903
1777384406.3117394,tb7,0.18,-0.10219028226377164
1777384406.35476,tb1,-0.18,-0.3126394073057691
1777384406.3549354,tb2,-0.18,-0.23833172141525966
1777384406.3612607,tb3,0.017942875952116535,-1.5
1777384406.3617344,tb7,0.18,-0.08593193689651968
1777384406.4049613,tb2,0.18,-0.22453823924999555
1777384406.4049053,tb1,-0.18,-0.37742556224403356
1777384406.4112923,tb3,0.03665485104058194,-1.5000000000000002
1777384406.4117737,tb7,0.18,-0.08937730486576341
1777384406.4549384,tb2,0.18,-0.25464385086722524
1777384406.4549553,tb1,-0.18,-0.40918784619472076
1777384406.4611714,tb3,0.07749567735315949,-1.5
1777384406.4617007,tb7,0.18,-0.08659925047637691
1777384406.504889,tb1,-0.18,-0.3864174454761662
1777384406.5050743,tb2,0.18,-0.2410569540945749
1777384406.5111785,tb3,0.18,1.3287232874542032
1777384406.5117764,tb7,0.18,-0.040363491091729896
1777384406.5549598,tb2,0.18,-0.31436038427761537
1777384406.5548956,tb1,-0.14211276769832498,-0.19067496843168724
1777384406.5612555,tb3,0.019464270201421677,1.5
1777384406.5616748,tb7,0.18,0.0024998862710977534
1777384406.6047394,tb1,0.05538798536275872,0.42786704857543933
1777384406.604977,tb2,0.07473221045402076,-0.6475078762843813
1777384406.6111627,tb3,-0.013194069292245108,1.5
1777384406.611766,tb7,0.18,0.014268213527320966
1777384406.6547258,tb1,0.18,0.7576741051740177
1777384406.6551976,tb2,-0.18,-0.5545393511262983
1777384406.6612818,tb3,-0.022601023973188396,1.5
1777384406.661785,tb7,0.18,0.01875242266283183
1777384406.7050135,tb1,0.18,0.7472874953908851
1777384406.7052557,tb2,-0.18,-0.2687583285203164
1777384406.711217,tb3,-0.017856945125710805,1.5
1777384406.711772,tb7,0.18,0.027377550804886436
1777384406.7547452,tb1,0.18,0.7536172813851495
1777384406.754942,tb2,-0.18,-0.20025932409852834
1777384406.7611914,tb3,-0.013932161350266734,1.5
1777384406.7617917,tb7,-0.18,0.033578877163845194
1777384406.8048782,tb1,0.18,0.7908433386694035
1777384406.804991,tb2,-0.18,-0.20457757637248203
1777384406.8112533,tb3,0.0003668330849524141,1.5
1777384406.811736,tb7,-0.18,-0.012647422519682396
1777384406.8547704,tb1,0.18,0.7868242580272004
1777384406.8551311,tb2,-0.18,-0.308722755290689
1777384406.861246,tb3,0.021182952258024017,1.5
1777384406.8617275,tb7,-0.18,-0.00819513811394679
1777384406.904951,tb1,0.18,0.8394887197451669
1777384406.9049609,tb2,-0.14675059248811276,-0.6746781771553441
1777384406.9113154,tb3,0.055825342121658975,1.5
1777384406.9117227,tb7,-0.18,-0.007047647632263939
1777384406.954812,tb1,0.18,0.9228534773869346
1777384406.9549801,tb2,0.18,-0.5192902507909064
1777384406.9612594,tb3,0.02799393782259597,1.5
1777384406.9617386,tb7,-0.18,-0.008258750992781068
1777384407.0047388,tb1,0.18,1.111629847813396
1777384407.0051792,tb2,-0.16193856689973693,-0.6965046002402786
1777384407.0111613,tb3,0.047638230348073234,1.5
1777384407.0117116,tb7,0.18,0.5960290082612556
1777384407.054955,tb1,0.18,0.9259543071844119
1777384407.0552852,tb2,0.13033610196450715,-0.5464118495730786
1777384407.061235,tb3,0.07262840281662852,1.5
1777384407.0617032,tb7,0.18,0.01370810540853576
1777384407.1048353,tb1,0.18,1.0050915731381191
1777384407.1080468,tb2,0.17971685586404793,-0.6230986733153534
1777384407.111212,tb3,0.11667407441846306,1.5000000000000002
1777384407.1116867,tb7,0.18,0.02940952963969083
1777384407.1547334,tb1,0.18,1.127178748857243
1777384407.1549737,tb2,0.1307370254404363,-0.6673819144968461
1777384407.1612937,tb3,0.03602548845459896,-1.5
1777384407.1616845,tb7,0.18,0.05923702354168822
1777384407.2049012,tb1,0.18,1.3306973051375202
1777384407.2049897,tb2,-0.18,-0.1471317394483961
1777384407.2112317,tb3,0.003623558678359649,-1.5
1777384407.2117636,tb7,0.18,0.06475683628042268
1777384407.2550302,tb2,-0.18,-0.12938861708778368
1777384407.2550852,tb1,0.01970124713548695,0.8387473538119776
1777384407.2611597,tb3,-0.008622887612743041,-1.4999999999999998
1777384407.2617688,tb7,0.18,0.05667026411982901
1777384407.3048406,tb1,-0.07524715475022174,0.43534020101027804
1777384407.3050516,tb2,-0.17999999999999997,-0.1457168799303224
1777384407.3113532,tb3,-0.004321496731220221,-1.5
1777384407.3117018,tb7,0.18,0.056491861082164765
1777384407.3550763,tb1,-0.16628109843218442,0.02638225062014915
1777384407.355314,tb2,-0.18,-0.17956681245226194
1777384407.3612146,tb3,0.06131722655298675,1.5
1777384407.3616927,tb7,0.18,0.054900262868396284
1777384407.4047134,tb1,-0.18,-0.08188714359904414
1777384407.404982,tb2,-0.18,-0.20872065283875735
1777384407.4112885,tb3,0.047139131273662344,1.5
1777384407.4115644,tb7,0.18,0.06711482064290579
1777384407.454916,tb1,-0.025403108428895635,0.5869164679930116
1777384407.4551132,tb2,-0.18,-0.29224732936168274
1777384407.4613326,tb3,0.039868586262852806,1.5
1777384407.4618995,tb7,0.18,0.38199917580935566
1777384407.5049934,tb1,0.11276625319397093,1.1140109487418413
1777384407.5050046,tb2,-0.06631147896749362,-0.6796586369700746
1777384407.5112166,tb3,0.04210408839537944,1.5
1777384407.511702,tb7,-0.18,0.012141751154990886
1777384407.5547783,tb1,0.18,1.1714532545343936
1777384407.5549786,tb2,0.18,-0.21489500357126218
1777384407.5611475,tb3,0.0490434990474879,1.5
1777384407.5616808,tb7,-0.17999999999999997,-0.0025567070249723615
1777384407.6050093,tb2,0.18,0.007222966973931168
1777384407.6050084,tb1,0.18,1.0230700320978992
1777384407.611322,tb3,0.061032958548568175,1.5
1777384407.6117182,tb7,-0.18,0.007325469342382948
1777384407.655139,tb2,0.18,0.0637268166136611
1777384407.655237,tb1,0.18,0.7560203426978023
1777384407.66115,tb3,0.08048712684734831,1.5
1777384407.6617932,tb7,-0.18,0.017137199191446975
1777384407.7048168,tb1,0.17999999999999997,0.7514034202826818
1777384407.7049289,tb2,0.18,0.0914105740857473
1777384407.711194,tb3,0.13147646870893268,1.5
1777384407.7117088,tb7,-0.18000000000000002,0.01945466363606834
1777384407.7548265,tb1,0.18,0.7805695048112621
1777384407.755213,tb2,0.18,0.06868251829374977
1777384407.761376,tb3,0.10817567749062132,1.5
1777384407.7619045,tb7,-0.18,0.020927799579490872
1777384407.8047278,tb1,0.18,1.0030638689703024
1777384407.8049474,tb2,-0.08752132246905495,-0.6222301146945532
1777384407.8112888,tb3,0.1344690464139943,1.5
1777384407.8117554,tb7,-0.18,0.04935762740863913
1777384407.8549185,tb1,0.140056190156738,0.8485647071445207
1777384407.8552716,tb2,-0.18,-0.40608750457784065
1777384407.861333,tb3,0.17905619773297204,1.5
1777384407.8616953,tb7,-0.18,0.10807067783421548
1777384407.9049418,tb1,-0.10367640106833814,0.21131190968221458
1777384407.9051213,tb2,-0.18,-0.3528163739449555
1777384407.91126,tb3,0.18,0.9466519732564977
1777384407.911786,tb7,-0.05902741090995989,1.2993820455300256
1777384407.9547257,tb1,-0.18,-0.159399764631737
1777384407.9549153,tb2,-0.18,-0.3722704147856647
1777384407.961144,tb3,-0.06859946805345889,-1.4999999999999998
1777384407.9617095,tb7,0.17999999999999997,0.06164824046511776
1777384408.0048854,tb1,-0.18,-0.17849726436701507
1777384408.0063524,tb2,-0.18,-0.5591203834912534
1777384408.0112557,tb3,-0.10216201519013912,-1.5
1777384408.0117445,tb7,0.18,-0.033251078389911766
1777384408.0547142,tb1,-0.18,-0.14035803294517477
1777384408.0549796,tb2,-0.024251153002857018,-0.49094621719795883
1777384408.0613222,tb3,-0.11958252564527966,-1.5
1777384408.0617845,tb7,0.18,-0.08326663704683773
1777384408.1049807,tb1,-0.18,-0.07557121400213258
1777384408.1052616,tb2,0.18,0.14109748162360022
1777384408.1112652,tb3,-0.11516954910149486,-1.5
1777384408.1116955,tb7,0.18,-0.10117893377924975
1777384408.1548083,tb1,-0.09289354265642245,0.17240395004717274
1777384408.155248,tb2,0.18,0.26769220175283776
1777384408.1612651,tb3,-0.1320805072469042,-1.5000000000000002
1777384408.1618123,tb7,0.18,-0.08507179724010051
1777384408.2047324,tb1,0.18,0.5560841052937261
1777384408.2050545,tb2,0.18,0.35434282810070455
1777384408.2112882,tb3,-0.11807111943834439,-1.5000000000000002
1777384408.2118134,tb7,0.18,-0.04861509386839254
1777384408.2549558,tb1,0.13880147406573448,0.5249096753298894
1777384408.254938,tb2,0.18,0.3605691987916449
1777384408.2611926,tb3,-0.10194539317818026,-1.5
1777384408.2617064,tb7,0.18,-0.011267033725062601
1777384408.3049428,tb1,0.18,0.48812364335956177
1777384408.304998,tb2,0.18,0.3659395618920562
1777384408.3111806,tb3,-0.0840299636885169,-1.5
1777384408.3118205,tb7,0.18,0.018348987880619987
1777384408.3548725,tb1,0.18,0.5149186384636478
1777384408.3549786,tb2,0.18000000000000002,0.33558491616897496
1777384408.3611872,tb3,0.006152253845710464,-1.5
1777384408.361759,tb7,0.18,0.0700458804511465
1777384408.404941,tb2,0.18,0.25781204191349544
1777384408.404944,tb1,0.18,0.5784859701769676
1777384408.4112415,tb3,0.17999999999999997,-0.13094111937710096
1777384408.4117198,tb7,-0.18,0.15909932446033737
1777384408.4549503,tb1,0.18,0.5008472867306962
1777384408.4550164,tb2,0.14807498925429882,-0.02477585735620208
1777384408.4611723,tb3,0.16668137223831378,1.5
1777384408.4617567,tb7,-0.18,0.057978851965742526
1777384408.5047271,tb1,0.18,0.5776881293177996
1777384408.504985,tb2,-0.18,-0.5513332969350677
1777384408.5113657,tb3,0.10802795916904984,1.4999999999999998
1777384408.511775,tb7,-0.18,0.043710941242276584
1777384408.5547378,tb1,0.08612136088167459,0.5916212456721208
1777384408.555476,tb2,-0.18,-0.4041509082718012
1777384408.5612454,tb3,0.06244960760964302,1.5
1777384408.561687,tb7,-0.18000000000000002,0.06140837972539363
1777384408.6047137,tb1,-0.1395867883298123,0.1541803936522089
1777384408.604957,tb2,-0.18,-0.3232235248658421
1777384408.611162,tb3,0.0638834543492355,1.5
1777384408.6117842,tb7,-0.18,0.12087428486855994
1777384408.654853,tb1,0.07590854168281154,0.565447088752178
1777384408.654955,tb2,-0.18,-0.2255968498643119
1777384408.6613135,tb3,0.07142449039403517,1.5
1777384408.6617787,tb7,-0.18,0.3455353517439223
1777384408.704741,tb1,-0.02766385443494763,0.348762927457841
1777384408.704944,tb2,-0.18,-0.1832884106360408
1777384408.7112663,tb3,0.08380546281526076,1.5
1777384408.7117984,tb7,0.18,0.15374889014323784
1777384408.7547631,tb1,-0.060545267095649766,0.28492763632065515
1777384408.7549303,tb2,-0.18,-0.18374719983245993
1777384408.761162,tb3,0.0821705682363254,1.5
1777384408.7617216,tb7,0.18,0.0017432865567806402
1777384408.8047245,tb1,-0.08322683930741452,0.23689991477353323
1777384408.805001,tb2,-0.08857862823654195,-0.5068742957301025
1777384408.8113263,tb3,0.0959708182175481,1.5
1777384408.811717,tb7,0.18000000000000002,-0.0325685169032049
1777384408.8547313,tb1,-0.15372412197522145,0.13722790000678828
1777384408.8550575,tb2,0.18,-0.26731470956647485
1777384408.8612375,tb3,0.11510398780983902,1.5
1777384408.861673,tb7,0.18000000000000002,-0.028933470767007908
1777384408.904716,tb1,-0.08919584662934213,0.2008339212524561
1777384408.9049637,tb2,0.18,-0.02757922646716405
1777384408.9112585,tb3,0.13849674639560222,1.5
1777384408.9116948,tb7,0.18,-0.020864175899365556
1777384408.9549735,tb1,0.05453859226128237,0.30758942377416987
1777384408.9550388,tb2,0.18,0.007574591352845793
1777384408.9613404,tb3,0.1396586948039118,1.5
1777384408.961775,tb7,0.17999999999999997,-0.01601661450657326
1777384409.0050888,tb2,0.18,-0.04259942766017714
1777384409.0050979,tb1,0.18,0.3251774352084911
1777384409.0113292,tb3,0.15806458947853563,1.5
1777384409.0117593,tb7,0.18,-0.036252094721210555
1777384409.0547924,tb1,0.18,0.29085386984721634
1777384409.055075,tb2,0.18,-0.16006859565174023
1777384409.0612712,tb3,0.17928266798196643,1.5
1777384409.061914,tb7,0.18,-0.005970823421584608
1777384409.1049,tb1,0.18,0.30684049248131706
1777384409.105288,tb2,0.00627396673307758,-0.4160100980429844
1777384409.1111493,tb3,0.18,1.236505436197344
1777384409.1117158,tb7,0.18,0.1376546424822655
1777384409.1548266,tb1,0.06259507336612828,0.24879202972996992
1777384409.1549287,tb2,-0.18,-0.3588055235400657
1777384409.161326,tb3,0.18,0.8698853279717845
1777384409.1617045,tb7,-0.18,0.26469266206392567
1777384409.2049391,tb2,-0.17999999999999997,-0.28529733598205176
1777384409.204891,tb1,-0.11601650118136135,0.12699671013975267
1777384409.211084,tb3,0.04683571515983741,-1.5
1777384409.2117712,tb7,-0.18,0.18197414679316826
1777384409.2547107,tb1,-0.07502930664232532,0.16623702260709697
1777384409.254927,tb2,-0.18,-0.29696713646997414
1777384409.2612317,tb3,-0.17999999999999997,-1.2536845902644778
1777384409.2617204,tb7,-0.18,0.13069231357426833
1777384409.3047295,tb1,-0.16293967739879958,0.11690049311872455
1777384409.3048882,tb2,-0.18,-0.36685568140942876
1777384409.3111713,tb3,-0.18,-1.0738999663042041
1777384409.3117456,tb7,-0.18,0.15224818010755423
1777384409.3547146,tb1,-0.14131145981997476,0.12267135079705146
1777384409.3550975,tb2,-0.14030499748991096,-0.5284774492827239
1777384409.361168,tb3,0.18,0.4892965506778012
1777384409.3617601,tb7,-0.18,0.24444090086324763
1777384409.4047132,tb1,-0.012349962675096908,0.14512866784534906
1777384409.4051676,tb2,0.18,0.16848855812524555
1777384409.41135,tb3,0.18000000000000002,0.5655281925736568
1777384409.4117193,tb7,0.18000000000000002,-0.02310591308053442
1777384409.4547276,tb1,0.18,0.09114523550625721
1777384409.45515,tb2,0.18,0.2258565179702448
1777384409.4612374,tb3,0.18,0.6922253349641315
1777384409.4617066,tb7,0.18,-0.07777031154605855
1777384409.5047152,tb1,0.18,0.05550095799161539
1777384409.5050955,tb2,0.18,0.27766371479024193
1777384409.5113428,tb3,0.18,0.8524238342534165
1777384409.51181,tb7,0.18,-0.08700795332802409
1777384409.5547314,tb1,0.18,0.04369279063187747
1777384409.55496,tb2,0.18,0.3100679191128808
1777384409.561222,tb3,-0.1431627853464865,-1.4999999999999998
1777384409.5616746,tb7,0.18,-0.0875341059623395
1777384409.6049337,tb2,0.18,0.3175862608272161
1777384409.6049268,tb1,0.17999999999999997,0.05838918365978226
1777384409.6112418,tb3,-0.11974364396935082,-1.5
1777384409.6117067,tb7,0.18,-0.06500381779800629
1777384409.6549094,tb1,0.18,0.0577191728973952
1777384409.6549714,tb2,0.18,0.3140163248169245
1777384409.6613264,tb3,-0.09777798414711913,-1.5
1777384409.6617463,tb7,0.17999999999999997,-0.018399103583350673
1777384409.7047365,tb1,0.1465131135384306,0.12263450609205175
1777384409.705075,tb2,0.18,0.26180497932667957
1777384409.711211,tb3,-0.07089949985309184,-1.5
1777384409.7116454,tb7,0.18,1.0489576006632462
1777384409.7547476,tb1,-0.09927608329989067,0.11778234634119847
1777384409.7549496,tb2,0.06561468784483056,-0.06510046942571626
1777384409.7612476,tb3,-0.03913421705093713,-1.5
1777384409.7617188,tb7,-0.18,0.1947056808527052
1777384409.8047369,tb1,-0.17999999999999997,0.06636161033260893
1777384409.804935,tb2,-0.003223363225848016,-0.1963901117186494
1777384409.8112032,tb3,0.12851569998502319,-1.5
1777384409.8116958,tb7,-0.18,0.1624870635023357
1777384409.85472,tb1,0.14612438211251835,0.08767739078033833
1777384409.8549268,tb2,-0.17999999999999997,-0.3937831919657725
1777384409.8612127,tb3,0.18,0.8169600155244338
1777384409.8617544,tb7,-0.18000000000000002,0.15988844039497063
1777384409.9050498,tb1,0.18,0.06322579129825141
1777384409.9051046,tb2,-0.18,-0.33480296490380246
1777384409.9111779,tb3,0.17302557746831448,1.5
1777384409.9117272,tb7,-0.17999999999999997,0.17562813865385876
1777384409.9548047,tb1,0.13128490562504447,0.0725867652324273
1777384409.955232,tb2,-0.18,-0.35276270590024966
1777384409.9612608,tb3,0.08925561489148397,1.5
1777384409.9617825,tb7,-0.18,0.2169926002388329
1777384410.0050104,tb2,-0.028390988114918168,-0.2127660162367428
1777384410.0051854,tb1,-0.02099339534658005,0.10212863405791493
1777384410.0111635,tb3,0.08369224652432226,1.5
1777384410.011696,tb7,0.18,0.0954277187184261
1777384410.0551176,tb1,-0.08466074257915271,0.10679000893251876
1777384410.0551689,tb2,0.18,0.2277571235278004
1777384410.0612426,tb3,0.08303211331057529,1.5
1777384410.0617394,tb7,0.18,-0.07901570460053363
1777384410.1047165,tb1,-0.18,0.12697989726614542
1777384410.1049883,tb2,0.18,0.31465351276087883
1777384410.111186,tb3,0.08900508217155549,1.5
1777384410.1117027,tb7,0.18,-0.11602828450475237
1777384410.1551259,tb1,-0.18,0.12062803317548691
1777384410.155179,tb2,0.18,0.35391243596940564
1777384410.1612988,tb3,0.10007586727836151,1.5
1777384410.161757,tb7,0.18,-0.1059090890758136
1777384410.2049387,tb2,0.18,0.35726571448991556
1777384410.2049448,tb1,-0.12059644852675452,0.11158230284390847
1777384410.2112331,tb3,0.11638785062536601,1.5
1777384410.2118435,tb7,0.18,-0.04815964457775619
1777384410.2547557,tb1,-0.17999999999999997,0.11151330388591417
1777384410.2549288,tb2,0.18,0.34380215751281396
1777384410.2612762,tb3,0.13687320111259882,1.5
1777384410.2617958,tb7,0.18,0.09376228698445128
1777384410.304913,tb1,-0.12063867914860699,0.10941658035188206
1777384410.3049595,tb2,0.037258928480279965,0.01617333608511384
1777384410.3111668,tb3,0.16522112965135977,1.5
1777384410.311674,tb7,-0.18,0.5418216476137017
1777384410.3549185,tb2,-0.18,-0.4269354450520435
1777384410.3551557,tb1,0.18,-0.05929044902864468
1777384410.3612757,tb3,0.1641238665789393,1.5
1777384410.3617735,tb7,-0.18,0.2677625185242687
1777384410.4047534,tb1,0.18,-0.08827470964501469
1777384410.4049277,tb2,-0.18,-0.388584198077116
1777384410.4112196,tb3,0.18,1.312848315308393
1777384410.4118264,tb7,-0.18,0.1766081890208167
1777384410.4548242,tb1,0.18,-0.09941917297131765
1777384410.4552672,tb2,-0.18,-0.35466065590165735
1777384410.4611876,tb3,0.18000000000000002,0.641750622888756
1777384410.4617078,tb7,-0.18,0.12847683919564468
1777384410.5049722,tb2,-0.18,-0.34997035437186463
1777384410.5050044,tb1,0.18,-0.09645504982249471
1777384410.5111737,tb3,-0.10791908530295063,-1.5
1777384410.5117917,tb7,-0.18,0.13279496399749907
1777384410.5547528,tb1,0.18,-0.07307079132399202
1777384410.5549397,tb2,-0.18,-0.4009229908792452
1777384410.5612266,tb3,0.18,0.8757780288749946
1777384410.5617356,tb7,-0.18,0.19461769814450156
1777384410.6047294,tb1,0.18,-0.03485193381879977
1777384410.604922,tb2,0.18,0.28225568130765966
1777384410.611245,tb3,0.18,0.35268970070834665
1777384410.611664,tb7,0.18000000000000002,-0.04645601476920165
1777384410.6549377,tb2,0.18,0.3170692842647865
1777384410.655051,tb1,0.18,-0.002011943932622343
1777384410.6612704,tb3,-0.09405029887418824,-1.5
1777384410.6617687,tb7,0.18,-0.06549303474656987
1777384410.7048845,tb1,0.06649972502077467,0.0919712341940186
1777384410.7049203,tb2,0.18,0.3140008233696658
1777384410.7112496,tb3,-0.18,-1.267389947474719
1777384410.7116208,tb7,0.18,-0.08953170680460489
1777384410.7547417,tb1,-0.18,0.12584076404552563
1777384410.7549784,tb2,0.18000000000000002,0.30305609436086045
1777384410.7612123,tb3,-0.18,-0.9224714130309544
1777384410.7617102,tb7,0.18,-0.099745830424072
1777384410.8047183,tb1,-0.18,0.08148060327445812
1777384410.8050828,tb2,0.18,0.2980230200445671
1777384410.8112478,tb3,-0.18,-0.9709795306315189
1777384410.811818,tb7,0.18,-0.10490884979426433
1777384410.8547246,tb1,-0.18,0.06751977526931716
1777384410.8549898,tb2,0.18,0.2887421834108549
1777384410.8611677,tb3,-0.18,-1.062219768754181
1777384410.8618004,tb7,0.18,-0.10019726472897857
1777384410.904899,tb2,0.18,0.25120490226740094
1777384410.9053183,tb1,-0.18,0.07441449181343897
1777384410.9112854,tb3,-0.18,-1.1771434188444703
1777384410.9118252,tb7,0.18,-0.09571227899959552
1777384410.9547431,tb1,-0.18,0.08145813010295341
1777384410.9549966,tb2,0.0036772342129173267,-0.08382430571830697
1777384410.9611633,tb3,-0.18,-1.458444448525258
1777384410.961716,tb7,0.18,-0.09064198588014788
1777384411.0047245,tb1,-0.18,0.10332014087183355
1777384411.004978,tb2,-0.14751392876809516,-0.282594691761728
1777384411.0112267,tb3,-0.10539957376779284,-1.5
1777384411.0116942,tb7,0.18,-0.06062477151913535
1777384411.0551295,tb1,0.17999999999999997,-0.014778565093773606
1777384411.0554802,tb2,-0.18,-0.24812769929741219
1777384411.0612574,tb3,0.18,0.7985274123586418
1777384411.0617242,tb7,0.18,-0.01885326303504014
1777384411.1047142,tb1,0.18,-0.06004382899352124
1777384411.104972,tb2,-0.18,-0.22994229517318826
1777384411.1112847,tb3,0.18,1.2541093543055388
1777384411.111672,tb7,-0.18,0.8700166883174341
1777384411.154856,tb1,0.18,-0.0623676517145621
1777384411.1551547,tb2,-0.18,-0.24857206101077262
1777384411.1612816,tb3,0.15768670604198493,1.5
1777384411.1616483,tb7,-0.18,0.1304161326998309
1777384411.2048256,tb1,0.18,-0.05810487572340984
1777384411.2050807,tb2,0.01950869182021815,-0.06502992128871243
1777384411.2114224,tb3,0.13746386277982928,1.5
1777384411.211694,tb7,-0.18,0.015117612239523338
1777384411.2547402,tb1,0.18,-0.058281254452595174
1777384411.2549472,tb2,0.18,0.18881420992882447
1777384411.261321,tb3,0.1202288861375117,1.5
1777384411.2617111,tb7,-0.18,-0.052206529225246635
1777384411.304742,tb1,0.18,-0.046095361161712325
1777384411.3050468,tb2,0.18,0.2494926474779446
1777384411.3111768,tb3,0.10424553233578468,1.5
1777384411.311729,tb7,-0.18000000000000002,-0.07850998173170501
1777384411.3547323,tb1,0.18,-0.04042406600616403
1777384411.3549368,tb2,0.18,0.27402084704576934
1777384411.3612134,tb3,0.09217875170731171,1.5
1777384411.3616028,tb7,-0.18,-0.08838849907439296
1777384411.404752,tb1,0.18,-0.028718029594775325
1777384411.404921,tb2,0.18,0.2738133648989232
1777384411.4112585,tb3,0.07801409037727458,1.5
1777384411.4117355,tb7,-0.18,-0.08105415940024145
1777384411.4547348,tb1,0.17999999999999997,-0.029267012821209
1777384411.454981,tb2,0.17999999999999997,0.3073950020044473
1777384411.46121,tb3,0.07472623496874765,1.5
1777384411.4618478,tb7,-0.18,-0.06472948267523164
1777384411.504721,tb1,0.18,-0.01917257921854073
1777384411.5049202,tb2,0.18,0.3361671729343945
1777384411.5112078,tb3,0.07664699580006298,1.5
1777384411.5116658,tb7,-0.18,0.017714246632356316
1777384411.554967,tb1,0.18,-0.00021026621418105353
1777384411.5549817,tb2,0.18,0.3785875251340684
1777384411.5613694,tb3,0.08325982392389963,1.5
1777384411.561713,tb7,0.025981158397256156,1.2213071304583125
1777384411.6049428,tb1,0.18,0.026693046278274297
1777384411.6049113,tb2,-0.18,-0.3336378025998738
1777384411.6113007,tb3,0.09379356592803978,1.5
1777384411.611532,tb7,0.18,0.14292491480432837
1777384411.6547155,tb1,-0.18,0.1266900735000048
1777384411.6549878,tb2,-0.18,-0.3222191248167135
1777384411.6612673,tb3,0.10962996304665147,1.5
1777384411.6617696,tb7,0.18,0.12336657630125024
1777384411.7047663,tb1,-0.18,0.07605777245413373
1777384411.704972,tb2,-0.18,-0.3015930549083198
1777384411.7113223,tb3,0.12853870931847192,1.5
1777384411.7117321,tb7,0.18,0.10089400378956538
1777384411.7547174,tb1,-0.18,0.06630544039138775
1777384411.7552404,tb2,-0.18,-0.3084031942642134
1777384411.7613513,tb3,0.13787838333653793,1.5
1777384411.761696,tb7,0.18,0.10541554641922471
1777384411.804715,tb1,-0.18,0.07426972313211791
1777384411.8049643,tb2,-0.18,-0.3039856577871725
1777384411.8111002,tb3,0.15756855901466485,1.5
1777384411.8117452,tb7,0.18,0.10624771113802776
1777384411.854716,tb1,-0.18,0.06892587905353342
1777384411.8551967,tb2,0.05508621403857962,0.14638168694685758
1777384411.8612561,tb3,0.18000000000000002,1.455188492678467
1777384411.861724,tb7,0.18,0.0917551156043301
1777384411.905018,tb1,-0.18,0.08643188588011294
1777384411.905245,tb2,0.18,0.407582265582471
1777384411.9112272,tb3,0.18,1.2292158715085824
1777384411.9117208,tb7,0.18,0.08682837438733568
1777384411.9547927,tb1,-0.18,0.10592858636374744
1777384411.9552405,tb2,0.18,0.4153885598390158
1777384411.9611323,tb3,0.18,1.1843479258878429
1777384411.9616828,tb7,0.18,0.075272880172608
1777384412.0047274,tb1,-0.18,0.1602668760348797
1777384412.0050356,tb2,0.18,0.42969238610848837
1777384412.0111923,tb3,0.18,1.0541595525428524
1777384412.0115905,tb7,0.18,0.04891743700445883
1777384412.0547318,tb1,0.1516508149809536,0.03177110437345776
1777384412.0549617,tb2,0.17999999999999997,0.46455922324303395
1777384412.0612302,tb3,0.18,0.9021289303315757
1777384412.0616884,tb7,0.18,0.05597141338031117
1777384412.1047163,tb1,0.18,-0.04760779140059316
1777384412.104981,tb2,0.17999999999999997,0.501325102678418
1777384412.111206,tb3,0.18,0.7189366580216537
1777384412.1116765,tb7,0.18,0.07267300639207505
1777384412.1547241,tb1,0.18,-0.061607979935212116
1777384412.1553376,tb2,0.18,0.5379976781789841
1777384412.1612248,tb3,0.18,0.37155914472501556
1777384412.1617153,tb7,0.18,0.20194436338731409
1777384412.2047393,tb1,0.18,-0.07012990022110782
1777384412.2049687,tb2,0.18,0.5322988145830537
1777384412.2112482,tb3,0.18,-0.2959509885927994
1777384412.2116969,tb7,-0.18,0.017021956720100685
1777384412.2547326,tb1,0.18,-0.08150758103749839
1777384412.2549722,tb2,0.18,0.5685517274720978
1777384412.261236,tb3,-0.12145884453016552,-1.5
1777384412.2616882,tb7,-0.18,0.014982821159948164
1777384412.3048952,tb1,0.18,-0.06615903546791714
1777384412.3050077,tb2,0.1286451621010357,0.5341030210988172
1777384412.311244,tb3,-0.18,-1.0850348435330133
1777384412.3117127,tb7,-0.18,0.018003374579404725
1777384412.3549862,tb2,-0.18,-0.23921882766227942
1777384412.3550727,tb1,0.18,-0.06396975807408474
1777384412.3611746,tb3,-0.07385368734129649,-1.5
1777384412.3617635,tb7,-0.18,0.02719862999972459
1777384412.4048736,tb1,0.18,-0.032746936816464116
1777384412.4049726,tb2,0.07374888025495321,0.3858372697421694
1777384412.4112027,tb3,-0.18,-1.4056557131527567
1777384412.4116213,tb7,0.18,0.16953983395371666
1777384412.4549456,tb1,0.013939643553308633,0.11684441928770914
1777384412.4549813,tb2,-0.08129224185753639,0.07083900922818721
1777384412.461241,tb3,-0.18,-1.155587551267698
1777384412.4617321,tb7,0.18,0.007604896570899331
1777384412.5049746,tb2,-0.09056745207541214,0.049477858649028504
1777384412.5049562,tb1,0.18,-0.023028273829560523
1777384412.5112078,tb3,-0.18,-1.2118943566001688
1777384412.5117698,tb7,0.18,-0.026898826248247607
1777384412.5548344,tb1,0.18,0.020127645183310623
1777384412.5549555,tb2,-0.07352828230981683,0.0747481591991802
1777384412.5616415,tb3,-0.1441982042420385,-1.5
1777384412.5617204,tb7,0.18,-0.04144237812846251
1777384412.6049275,tb2,0.18,0.4090684752068336
1777384412.604903,tb1,0.008949496239019701,0.125424835069719
1777384412.6116748,tb7,0.18,-0.05570665102474068
1777384412.6119418,tb3,0.03418754732530559,-1.5000000000000002
1777384412.6547463,tb1,0.18,0.049269152793024046
1777384412.654979,tb2,0.18,0.3823248215693457
1777384412.6617064,tb7,0.18,-0.06353311509654312
1777384412.6617782,tb3,0.18,-0.39828326114350693
1777384412.705,tb2,0.18,0.4273444278123721
1777384412.7049987,tb1,-0.06373799902551695,0.13813865856033158
1777384412.711695,tb7,0.18,-0.05673750594248622
1777384412.7120297,tb3,0.18,0.11505850755268351
1777384412.7547135,tb1,-0.18,0.1575033165188188
1777384412.7551098,tb2,0.18,0.47978954270105345
1777384412.7612216,tb3,0.18,0.3036596807797217
1777384412.761693,tb7,0.18,-0.03260429442304767
1777384412.804738,tb1,-0.18,0.11835982784383584
1777384412.8049276,tb2,0.18,0.5268896201043388
1777384412.811201,tb3,0.18,0.23103027398020998
1777384412.8116877,tb7,-0.18,0.41609658459105264
1777384412.854777,tb1,-0.18,0.12665753847175804
1777384412.8551009,tb2,0.18,0.6418029367470294
1777384412.8612113,tb3,0.18,-0.0016671959449705176
1777384412.861692,tb7,-0.18,0.12149934967669866
1777384412.9050598,tb1,0.18,-0.06168238274215679
1777384412.9050844,tb2,-0.03843223091665637,0.2334441321358991
1777384412.9110863,tb3,0.18,-1.0901620147932196
1777384412.911711,tb7,-0.18,0.03471016192658175
1777384412.954803,tb1,0.18,-0.08469398329708594
1777384412.9549522,tb2,-0.18,-0.2195718000551728
1777384412.9612176,tb3,0.18,0.395793747623297
1777384412.9617891,tb7,-0.18,-0.050974064527068416
1777384413.0047114,tb1,0.18,-0.09333287086384176
1777384413.004976,tb2,-0.18,-0.10780266918270785
1777384413.0112052,tb3,0.17999999999999997,0.18905681226511173
1777384413.0115733,tb7,-0.18,0.03289007271838386
1777384413.0547428,tb1,0.18,-0.09627137664038667
1777384413.0549228,tb2,-0.18,-0.1194162341346004
1777384413.0611923,tb3,0.18,-0.22204664560574516
1777384413.0616927,tb7,0.18,0.4186715852920997
1777384413.1047127,tb1,0.18,-0.10445774908188309
1777384413.1050978,tb2,-0.15270188152693734,0.04362299071993158
1777384413.1111817,tb3,0.09165316037984127,-1.5
1777384413.1116533,tb7,0.18,0.22837116805264637
1777384413.1548634,tb1,0.18,-0.09571888904198443
1777384413.1553056,tb2,0.07810975112174973,0.39734379331634617
1777384413.1613536,tb3,0.18,-0.4914798995035371
1777384413.161735,tb7,0.18,0.2448145371118249
1777384413.2047431,tb1,0.18,-0.0843107847841898
1777384413.204976,tb2,0.18,0.34075169949563733
1777384413.211204,tb3,0.01787242111497373,-1.5
1777384413.2115507,tb7,0.18,0.28872774124135175
1777384413.2547128,tb1,0.18,-0.05279453609743426
1777384413.2550673,tb2,0.18,0.3298258785205444
1777384413.261392,tb3,-0.08977881088481438,-1.5
1777384413.2617862,tb7,0.18,0.31549480145652375
1777384413.3047857,tb1,-0.18,0.112077152739275
1777384413.3051434,tb2,0.18,0.32941787798486416
1777384413.3112319,tb3,-0.11847571544520717,-1.5
1777384413.3117614,tb7,0.18,0.33099821007916724
1777384413.354822,tb1,-0.18,0.09763839113089882
1777384413.3549497,tb2,0.18,0.327694193563607
1777384413.361254,tb3,-0.16326877021089728,-1.5
1777384413.361774,tb7,0.18,0.34550948075796234
1777384413.4049375,tb2,0.18,0.30516757518172927
1777384413.405044,tb1,-0.18,0.08925113332805999
1777384413.4111867,tb3,-0.13380574470976042,-1.5
1777384413.4114892,tb7,0.18,0.3194689248676208
1777384413.4547174,tb1,-0.18,0.08929986780091102
1777384413.4551997,tb2,0.18,0.2887223318143327
1777384413.4611943,tb3,-0.09602718162409823,-1.5000000000000002
1777384413.4617636,tb7,0.18,0.30572777071357476
1777384413.5049577,tb1,-0.18,0.11297953292504717
1777384413.5051131,tb2,0.18,0.26843317641182984
1777384413.5113242,tb3,-0.028662605558365566,-1.5
1777384413.5116723,tb7,0.18,0.31109444425018423
1777384413.554881,tb1,-0.18,0.14289568008605946
1777384413.555241,tb2,0.18,0.27131063645676534
1777384413.5612667,tb3,0.17999999999999997,1.2781274102016915
1777384413.561667,tb7,0.18,0.3450199683110903
1777384413.60474,tb1,0.1612107154915849,-0.003926947650166757
1777384413.6049225,tb2,0.18,0.3064092878237283
1777384413.611251,tb3,0.16163431735650632,1.5
1777384413.612992,tb7,0.11868671768196924,1.4897269217344316
1777384413.6547232,tb1,0.18,-0.08328849369952204
1777384413.6551433,tb2,0.02602031220492063,0.26399796323117597
1777384413.6612668,tb3,0.13151941118205587,1.5000000000000002
1777384413.6617658,tb7,-0.18,-0.03135063319692798
1777384413.7049322,tb1,0.18,-0.12058852161506622
1777384413.7053037,tb2,-0.18,-0.004983974022384288
1777384413.7111697,tb3,0.11054983465600822,1.5
1777384413.7116885,tb7,-0.18,-0.04763786269080158
1777384413.754738,tb1,0.18,-0.12542698214939796
1777384413.7549994,tb2,-0.18,-0.04236732567040055
1777384413.7611523,tb3,0.09455628489580507,1.5
1777384413.7618117,tb7,-0.18,-0.004540341137776001
1777384413.8047323,tb1,0.18,-0.11803542260083169
1777384413.8056023,tb2,-0.18,-0.009763841919541123
1777384413.8112154,tb3,0.0797827665875199,1.5
1777384413.8115783,tb7,-0.18,0.012721843979295527
1777384413.8547099,tb1,0.18,-0.0981455930830218
1777384413.8551047,tb2,-0.18,0.03772402657223161
1777384413.8613389,tb3,0.07298753771645593,1.5
1777384413.861751,tb7,-0.18,0.05164985813021522
1777384413.9048524,tb1,0.18,-0.10812412953105587
1777384413.9050028,tb2,-0.06555698299774533,0.16582017442694139
1777384413.9112706,tb3,0.07506943800730301,1.5
1777384413.9118373,tb7,-0.18,0.20145822792514692
1777384413.954721,tb1,0.18,-0.09604662704636051
1777384413.9551158,tb2,0.18,0.239625846360199
1777384413.961272,tb3,0.0821839144492541,1.4999999999999998
1777384413.961785,tb7,0.18,0.23234359829888554
1777384414.004982,tb2,0.18,0.149945558431729
1777384414.005128,tb1,0.18,-0.07557787473631251
1777384414.011137,tb3,0.09710583249776761,1.5
1777384414.0118113,tb7,0.18,0.09528407002020703
1777384414.0547168,tb1,0.18,-0.06558582943905039
1777384414.0550702,tb2,0.18,0.12569537602665545
1777384414.0612223,tb3,0.11086379550690971,1.5
1777384414.0616875,tb7,0.18,0.02831112997519388
1777384414.1048388,tb1,0.18,-0.05852288469700637
1777384414.1049583,tb2,0.18,0.13425734807518452
1777384414.1112087,tb3,0.13255600729513262,1.5
1777384414.1117601,tb7,0.18,0.018057293109899612
1777384414.15472,tb1,0.18,-0.018246029835707216
1777384414.1552207,tb2,0.18,0.14183041007515668
1777384414.1613781,tb3,0.1737338210784303,1.5
1777384414.1618078,tb7,0.18,0.02160371948304722
1777384414.205015,tb2,0.18,0.1593686273428983
1777384414.2051234,tb1,-0.11181008462915842,0.13606839340499077
1777384414.2112427,tb3,0.18,1.185652845237308
1777384414.2117612,tb7,0.18,0.022943685240670402
1777384414.254705,tb1,-0.18,0.09443792388116698
1777384414.2549627,tb2,0.18,0.2495579286629289
1777384414.2612138,tb3,0.18,0.7904881359861092
1777384414.2617643,tb7,0.18,0.005998672563883167
1777384414.305068,tb1,-0.18,0.09414474790262188
1777384414.3052413,tb2,-0.056873049733624836,0.19162274777166002
1777384414.3112128,tb3,0.18000000000000002,0.16675953411826908
1777384414.3116992,tb7,0.18,0.028938904938062858
1777384414.3550894,tb1,-0.18,0.10321186709561522
1777384414.355146,tb2,-0.18,0.031275780386081836
1777384414.3612416,tb3,0.18,1.288913885965273
1777384414.3616033,tb7,0.18,0.07520442447158918
1777384414.4047172,tb1,-0.18,0.12732054362208833
1777384414.404975,tb2,-0.18,-0.0033061906746946765
1777384414.4112318,tb3,0.18,1.1550265551491083
1777384414.4117203,tb7,0.18,0.43211997266268737
1777384414.4549005,tb1,0.02086028413927948,0.061956204494707595
1777384414.4549768,tb2,-0.18,0.03531585134743476
1777384414.4612303,tb3,0.18,1.0161106585022321
1777384414.4617686,tb7,0.18,0.1797249822811936
1777384414.5048697,tb2,-0.17999999999999997,0.07612341201085636
1777384414.5050895,tb1,0.18,-0.10322705612793256
1777384414.5112748,tb3,0.18,0.8518828364927415
1777384414.5115893,tb7,-0.18,0.5983686674371917
1777384414.5550458,tb2,-0.05486673688213113,0.1847168908592892
1777384414.5553126,tb1,0.18,-0.10775823309126722
1777384414.5611863,tb3,0.18,1.0446694403668861
1777384414.5619316,tb7,-0.18,0.18870877091375649
1777384414.6049383,tb2,0.1793691527395259,0.19650208692269722
1777384414.605192,tb1,0.18,-0.10919111557718761
1777384414.6112103,tb3,0.18,0.9424125999933574
1777384414.6118,tb7,-0.18,0.11328368178300162
1777384414.6547065,tb1,0.18,-0.09898102077004808
1777384414.6549594,tb2,0.18,0.049073955475573465
1777384414.661233,tb3,0.18,0.825319878215273
1777384414.6616404,tb7,-0.18,0.07286287289021254
1777384414.704915,tb2,0.18,0.040086165565507106
1777384414.7050686,tb1,0.18,-0.090754138844701
1777384414.7111685,tb3,0.18,0.6980030268709134
1777384414.7116342,tb7,-0.18,0.07713436243561583
1777384414.7547965,tb1,0.18,-0.0746764160764
1777384414.7549286,tb2,0.18,0.048735810604895034
1777384414.7612357,tb3,0.18,0.5443182016439988
1777384414.7616925,tb7,-0.18,0.12080554167709567
1777384414.8049357,tb2,0.18,0.06539996070915946
1777384414.8049164,tb1,0.18,-0.06986838204057103
1777384414.8111317,tb3,0.17999999999999997,0.3604705057673945
1777384414.8117406,tb7,-0.004428836926988094,1.2027664035124095
1777384414.8547122,tb1,0.18,-0.05104322030632885
1777384414.8551185,tb2,0.18,0.06440683212612916
1777384414.8611987,tb3,0.18,-0.04242740550794614
1777384414.8616877,tb7,0.18,0.034420895850200924
1777384414.9050817,tb2,0.18,0.05959574470817128
1777384414.9051116,tb1,0.18,-0.04559341804164618
1777384414.911246,tb3,0.1255147014856073,-1.5
1777384414.911736,tb7,0.18,0.0003559243729473536
1777384414.9550662,tb1,0.18,-0.03736841716819986
1777384414.9551528,tb2,0.18,0.07131858958887934
1777384414.96118,tb3,-0.18,-1.3027674024996283
1777384414.9618793,tb7,0.18,-0.01841081216679455
1777384415.0051308,tb1,0.18,-0.030306455412398795
1777384415.0051355,tb2,0.17999999999999997,0.13899786761602045
1777384415.011186,tb3,-0.18,-1.0164946795776975
1777384415.011674,tb7,0.18,-0.017207817390935156
1777384415.0547416,tb1,0.18,0.012811512379704565
1777384415.0550287,tb2,0.18,0.08714484037322057
1777384415.0612657,tb3,-0.18,-0.9650113427178153
1777384415.0617442,tb7,0.18,-0.027864250396925187
1777384415.104904,tb2,0.18,0.1502423278590602
1777384415.105169,tb1,0.16285118554544276,0.12139306168297545
1777384415.1112628,tb3,-0.18,-0.9311135912559865
1777384415.1118004,tb7,0.18,-0.03301836934434478
1777384415.1547873,tb1,-0.18,0.10069387760038323
1777384415.154942,tb2,-0.09443208749622745,0.16840778756050806
1777384415.161342,tb3,-0.18,-0.9005699626867303
1777384415.1617372,tb7,0.18,-0.033562307816713655
1777384415.2049367,tb2,-0.18,0.0825169548951038
1777384415.2049556,tb1,-0.18,0.06568223655683508
1777384415.211249,tb3,-0.18,-0.8751083994241374
1777384415.2117648,tb7,0.18,-0.021413040139369486
1777384415.2547832,tb1,-0.18,0.06195362015407936
1777384415.2549548,tb2,-0.18,0.09861419193545586
1777384415.2611625,tb3,-0.18,-0.8447977641540045
1777384415.261775,tb7,0.18,-0.04456858356568239
1777384415.3048859,tb1,0.04528127111946179,0.12401118974995294
1777384415.305256,tb2,-0.18,0.11056113183621201
1777384415.311164,tb3,-0.18,-0.7979133164523303
1777384415.3117213,tb7,0.18,-0.03420741732468571
1777384415.354739,tb1,0.18,0.014975462180836181
1777384415.3549843,tb2,-0.18,0.17744432723504633
1777384415.3611684,tb3,0.18,0.09728397691457114
1777384415.3617153,tb7,0.17999999999999997,-0.0157493026845071
1777384415.4049013,tb1,0.18,-0.016021309839273707
1777384415.4049256,tb2,0.03230135321019037,0.12022728069773259
1777384415.4111922,tb3,0.18,0.09020688139289065
1777384415.4117315,tb7,0.18,0.005775625548847955
1777384415.4548438,tb1,0.18,-0.015576326300237942
1777384415.4549956,tb2,0.18,-0.0163220182040054
1777384415.4612355,tb3,0.18,0.059330659120658345
1777384415.4616973,tb7,0.18000000000000002,0.005835337009234694
1777384415.5047421,tb1,0.18,-0.010069445712299455
1777384415.5052006,tb2,0.18,-0.03509155829946972
1777384415.5112112,tb3,0.18,0.00723082821982326
1777384415.5117235,tb7,0.18,0.050668817916974175
1777384415.5547807,tb1,0.17156431551551024,0.061811334652378966
1777384415.5549805,tb2,0.18,-0.03334489269006369
1777384415.5612116,tb3,0.18,0.10375715020483658
1777384415.5617232,tb7,0.18,0.23598320322207741
1777384415.6048295,tb1,-0.18,0.13814732298225563
1777384415.6052704,tb2,0.18,-0.01620412547148311
1777384415.611209,tb3,0.18,-0.015266695188978543
1777384415.6117187,tb7,-0.18,0.28949192100168986
1777384415.6549487,tb2,0.18,0.00036036553470991233
1777384415.6549075,tb1,-0.18,0.07869048403750906
1777384415.661333,tb3,0.18,-0.2308974641741847
1777384415.6616735,tb7,-0.18,0.16115887385707123
1777384415.704732,tb1,-0.18,0.11011643969601768
1777384415.7052505,tb2,0.18,0.04096383488480998
1777384415.7112372,tb3,0.18,-1.447956336902261
1777384415.7117932,tb7,-0.18,0.14892354647738257
1777384415.7547572,tb1,-0.18,0.16383863991331937
1777384415.7550871,tb2,0.18,0.08632086987608852
1777384415.7613492,tb3,0.18,-0.24728480006105605
1777384415.7617104,tb7,-0.18,0.17923790088427322
1777384415.8047261,tb1,0.1288130801062899,0.08313441279486927
1777384415.8049486,tb2,0.18,0.16006382903421623
1777384415.811157,tb3,0.18,-0.7028304348454947
1777384415.811798,tb7,-0.18,0.24980402333040408
1777384415.854925,tb2,0.18,0.08714328655468613
1777384415.8547559,tb1,0.18,-0.029297157567984282
1777384415.8612301,tb3,0.07309443970321138,-1.5
1777384415.8616989,tb7,0.18,-0.0181127517260901
1777384415.9047382,tb1,0.18,-0.056580378467615836
1777384415.904937,tb2,0.17709852482302982,0.22572494087064646
1777384415.911286,tb3,-0.15150755814440184,-1.5
1777384415.9117396,tb7,0.18,-0.06328628874328761
1777384415.9547315,tb1,0.18,-0.043996033715351525
1777384415.954994,tb2,-0.12311023057109689,0.19067645221007629
1777384415.961228,tb3,-0.18,-1.2285877664720428
1777384415.9617257,tb7,0.18,-0.09896831121688933
1777384416.0047412,tb1,0.18,-0.030015670741033416
1777384416.004948,tb2,-0.18,0.0841904363182957
1777384416.0112083,tb3,-0.18,-1.0310465861960314
1777384416.0116057,tb7,0.18,-0.10712633695498616
1777384416.0549812,tb2,-0.08406000425883109,0.19024011330331572
1777384416.0550585,tb1,0.18,-0.00502676223651744
1777384416.0611532,tb3,-0.18,-1.0539622079713198
1777384416.061716,tb7,0.18,-0.14095351208947804
1777384416.1047385,tb1,0.18,0.05326266130087281
1777384416.105029,tb2,-0.0635768097891881,0.17679922936123116
1777384416.1112466,tb3,-0.18,-1.1110430413573846
1777384416.111845,tb7,0.18,-0.14436464370421753
1777384416.1547177,tb1,0.018260529870577823,0.18090077097428053
1777384416.1549153,tb2,-0.00077166938128109,0.16085981585504336
1777384416.1613176,tb3,0.037411502290510705,-1.5
1777384416.1618164,tb7,0.18,-0.1341363504084958
1777384416.205016,tb1,-0.18,0.09493096188130845
1777384416.2050261,tb2,0.07905067236099739,0.1265113318738428
1777384416.2113042,tb3,0.18000000000000002,-1.0818071269427563
1777384416.211791,tb7,0.18,-0.1037366140757463
1777384416.2547667,tb1,-0.18,0.06681146514956118
1777384416.2552245,tb2,0.18,-0.029480077028479743
1777384416.2612088,tb3,0.18,-0.30727692554579406
1777384416.261694,tb7,0.18,-0.11132820978102648
1777384416.3049784,tb2,0.18,-0.04054489816193167
1777384416.305109,tb1,0.18,0.08032161493861749
1777384416.311267,tb3,0.18,-0.23798018214910013
1777384416.311697,tb7,0.18,-0.09663433405259367
1777384416.3549309,tb2,0.18,-0.037359781280599774
1777384416.3550828,tb1,0.18,0.020416665872356295
1777384416.361267,tb3,0.18,0.31514202875354663
1777384416.361699,tb7,0.18,-0.0651602496445383
1777384416.4050224,tb2,0.18,-0.023107763123909737
1777384416.4049928,tb1,0.18000000000000002,0.007456848847920526
1777384416.411249,tb3,0.18,0.2624654008064122
1777384416.4116764,tb7,0.18,0.16278783650152506
1777384416.4549417,tb2,0.18,-0.024248844989936052
1777384416.4551847,tb1,0.18,0.0287995155026789
1777384416.4612494,tb3,0.18000000000000002,0.15477189176763276
1777384416.461776,tb7,0.18,-0.006621036626657109
1777384416.5047581,tb1,0.18,-0.014297633398370056
1777384416.5054402,tb2,0.18,-0.00707134683328343
1777384416.511281,tb3,0.18,-0.25733097809113886
1777384416.5117176,tb7,-0.18,0.40577860753509715
1777384416.554926,tb1,0.18,-0.008458826889635437
1777384416.5550263,tb2,0.10656711486256985,0.08686502643592167
1777384416.5611894,tb3,0.18,0.05460749811748258
1777384416.5617275,tb7,-0.18,0.1630152280766132
1777384416.604995,tb1,0.18,0.0010661966315790499
1777384416.605018,tb2,-0.17098415673003428,0.19015692737564233
1777384416.611293,tb3,0.18,-0.5809710158059649
1777384416.611705,tb7,-0.18,0.09742882028975217
1777384416.6548886,tb1,0.18,0.01900169072265618
1777384416.6549747,tb2,0.06239394526165597,0.09057718561003442
1777384416.6613667,tb3,-0.04135107175090517,-1.5000000000000002
1777384416.6616747,tb7,-0.18,0.2426540275658802
1777384416.7051628,tb2,0.001554323439217094,0.10794426918344023
1777384416.7051601,tb1,0.18,-0.011538870682611516
1777384416.7112048,tb3,-0.18,-1.4032626626485176
1777384416.7117157,tb7,0.04244710195092178,1.0707032504636962
1777384416.7549677,tb1,0.18,-0.02276047743972122
1777384416.7549772,tb2,0.03310229273510821,0.09246381653736058
1777384416.7614625,tb3,0.18000000000000002,-1.0241186357652594
1777384416.7618287,tb7,0.18000000000000002,0.0925992489735233
1777384416.804979,tb2,0.03372004347278427,0.08719629012738102
1777384416.8050165,tb1,0.18,-0.010422520853486125
1777384416.8112187,tb3,0.18,-1.1222912477355418
1777384416.8116908,tb7,0.17999999999999997,0.019976603123325606
1777384416.8548295,tb1,0.18000000000000002,0.01959459889974392
1777384416.855027,tb2,0.18,-0.050935078083310686
1777384416.861375,tb3,0.17999999999999997,-0.8452099321749601
1777384416.861745,tb7,0.18,-0.010031252455968212
1777384416.904872,tb1,0.18,-0.011269173081743222
1777384416.905236,tb2,0.18,-0.061459658472852376
1777384416.9113648,tb3,0.18,-0.9415756598001465
1777384416.9117107,tb7,0.18,-0.01103671977621394
1777384416.9547408,tb1,0.18,0.008219765494690967
1777384416.9549139,tb2,0.18,-0.06161078658430743
1777384416.9612432,tb3,0.18,-0.4130989345371534
1777384416.9618256,tb7,0.18,0.08695704478699878
1777384417.0047433,tb1,0.18,0.06256020131190777
1777384417.0049732,tb2,0.18000000000000002,-0.036200372026254375
1777384417.0112085,tb3,0.18,-0.7350618945187709
1777384417.0115678,tb7,-0.18,0.26995841691445954
1777384417.055121,tb2,0.18,-0.022354034831469072
1777384417.055155,tb1,-0.18,0.18175786805628943
1777384417.061194,tb3,0.18,-1.3644206109706156
1777384417.0616813,tb7,0.18,-0.055823730451001405
1777384417.105001,tb1,0.012490933380375827,0.1886192708937469
1777384417.1050975,tb2,0.18,-0.0045445680576952875
1777384417.1114056,tb3,0.07516659241716567,-1.5000000000000002
1777384417.1117432,tb7,0.18,-0.0026161571099127374
1777384417.1549373,tb2,0.07208202697640746,0.06894558056971375
1777384417.1549134,tb1,-0.18,0.19487237509800806
1777384417.161179,tb3,0.18,-0.22155766798455756
1777384417.1618857,tb7,0.18,0.1703721353114684
1777384417.204993,tb2,-0.12023048059361109,0.1515430566880619
1777384417.2052908,tb1,-0.18,0.1514413447123524
1777384417.211242,tb3,0.18,-0.3408966226732612
1777384417.21177,tb7,-0.18,0.43524546532270475
1777384417.2547684,tb1,-0.11594368639619797,0.19534075946063095
1777384417.2549427,tb2,0.08392008604496384,0.09288618540376684
1777384417.2613995,tb3,0.18000000000000002,-0.5327404333702014
1777384417.2618122,tb7,0.18,-0.020766515512021393
1777384417.3048031,tb1,0.18,-0.057417141873403674
1777384417.305185,tb2,-0.004954040604835741,0.10670155968776783
1777384417.3112159,tb3,0.18,-1.2072863414309807
1777384417.3118038,tb7,0.17999999999999997,0.1947433327322904
1777384417.3547285,tb1,0.18,-0.07714166018940491
1777384417.3549654,tb2,0.008679210867624921,0.10001813318118055
1777384417.3613777,tb3,0.18,-0.12134743504856754
1777384417.3616965,tb7,-0.18,1.0095124810398224
1777384417.4048953,tb1,0.18,-0.07540051823232458
1777384417.4049616,tb2,-0.010029487748641572,0.1014012136948232
1777384417.4112146,tb3,0.18,-0.3014746360807301
1777384417.411697,tb7,-0.18000000000000002,0.1638936397435642
1777384417.4549294,tb1,0.18,-0.07057401897032403
1777384417.4554033,tb2,0.18,-0.023854224070890186
1777384417.461156,tb3,0.18,-1.1311965298362257
1777384417.4616897,tb7,0.18,0.2773273825539104
1777384417.5047097,tb1,0.18,-0.05199344354386382
1777384417.5054774,tb2,0.18,-0.02793121486514651
1777384417.511153,tb3,-0.09222210083449656,-1.4999999999999998
1777384417.511835,tb7,0.18,0.7429648160649122
1777384417.554716,tb1,0.17999999999999997,-0.042691283988858394
1777384417.555365,tb2,0.18000000000000002,-0.015864754297773686
1777384417.5611982,tb3,0.18,-1.0221809662082542
1777384417.5617042,tb7,0.18,0.8573367498055646
1777384417.604722,tb1,0.18,-0.03731956051360974
1777384417.6050673,tb2,0.18,0.039525959586533606
1777384417.6111994,tb3,0.014575305971380265,-1.5
1777384417.6117022,tb7,-0.18,0.49372697731127346
1777384417.654712,tb1,0.18,-0.0191071358790363
1777384417.6549745,tb2,0.17999999999999997,0.002509232815294294
1777384417.6612797,tb3,-0.033693735713259405,-1.5
1777384417.6617692,tb7,0.18,0.15858519275994706
1777384417.7047338,tb1,0.18,-0.021438428777668658
1777384417.705137,tb2,0.18,0.006646260516136768
1777384417.7112277,tb3,-0.07408183459560484,-1.5
1777384417.7116978,tb7,0.18,0.20408684656596546
1777384417.7547097,tb1,0.18,-0.010015829813378278
1777384417.7549214,tb2,0.18,0.02723903744633021
1777384417.7611442,tb3,0.18,-0.02714388739495387
1777384417.7617319,tb7,0.18,0.2960803045601862
1777384417.8049986,tb1,0.18,0.0037413994245656785
1777384417.8050814,tb2,0.12758661185192294,0.09346207404198462
1777384417.81115,tb3,0.18,0.25270325247964065
1777384417.811774,tb7,0.18,1.3071597033070854
1777384417.8548512,tb1,0.18,0.11241697829351223
1777384417.854971,tb2,0.18,0.05039745851182767
1777384417.861225,tb3,0.18,0.4694397448419047
1777384417.8616695,tb7,0.18,0.21275873777354737
1777384417.904712,tb1,0.18,0.03404874003938497
1777384417.9049265,tb2,0.08902466648063401,0.11284920914230676
1777384417.9113805,tb3,0.18,0.4940210078601416
1777384417.9117827,tb7,0.18,0.283836650937242
1777384417.9548042,tb1,0.03888435775799504,0.20405610980453212
1777384417.954938,tb2,-0.057377383583820586,0.13173004741855282
1777384417.96135,tb3,0.18,0.30256378634931164
1777384417.9617355,tb7,-0.18,0.8783300683116229
1777384418.004783,tb1,-0.18,0.10594919900315303
1777384418.0049403,tb2,-0.18,0.12910459616861356
1777384418.0113437,tb3,0.18,-0.45097426156111065
1777384418.0116959,tb7,-0.18,0.0859992746670303
1777384418.0547187,tb1,-0.18,0.0682746227854153
1777384418.0549443,tb2,-0.18,0.16200457216241623
1777384418.061212,tb3,-0.04947150962664197,-1.5
1777384418.0616937,tb7,0.18,0.23344656681189918
1777384418.1049848,tb1,-0.0045223862847233835,0.1968386520208731
1777384418.1050243,tb2,-0.11584074476884873,0.15303434074595884
1777384418.111165,tb3,-0.14617943995257326,-1.5
1777384418.1117043,tb7,0.18,0.40177466206710094
1777384418.1547334,tb1,0.18,0.05027861214436872
1777384418.155005,tb2,0.02605964256638168,0.0976520958105947
1777384418.161162,tb3,-0.18,-1.4200816241343452
1777384418.1617281,tb7,0.18,0.3771172968547492
1777384418.2047346,tb1,0.18,-0.005147613156876214
1777384418.2049284,tb2,0.1610029949571031,0.023112135398172813
1777384418.2112117,tb3,0.18,0.6294256255455906
1777384418.2117417,tb7,0.18,0.47363970533001915
1777384418.2549062,tb1,0.18,-0.013507466091551588
1777384418.2550147,tb2,0.18,-0.0599203673131455
1777384418.2612333,tb3,0.18,0.7470188366223183
1777384418.261727,tb7,0.18,0.1485154322191652
1777384418.3047225,tb1,0.18,-0.035672467498100865
1777384418.3049803,tb2,0.18,-0.06850891191948415
1777384418.3111618,tb3,0.18,0.9214666408708191
1777384418.311925,tb7,0.18000000000000002,0.16872140045507225
1777384418.3549435,tb2,0.18,-0.05983771691060984
1777384418.3551145,tb1,0.18,0.0055903618430101455
1777384418.3611524,tb3,0.18,1.2316140021551405
1777384418.361716,tb7,0.18,0.28922996430554604
1777384418.4049318,tb2,0.18,-0.023525101615534408
1777384418.4049976,tb1,-0.171756407140461,0.2325965418868173
1777384418.411174,tb3,0.18,1.4798251730405618
1777384418.411744,tb7,-0.18000000000000002,0.7272389213180043
1777384418.455037,tb2,0.18,-0.0030263296365672346
1777384418.4550617,tb1,-0.18,0.11025481257603152
1777384418.4611623,tb3,0.15557119364415303,1.5
1777384418.4617238,tb7,0.18,0.17398717567191613
1777384418.5050616,tb1,0.18,-0.011169747963667181
1777384418.5051374,tb2,0.1692248756170154,0.08662197623074244
1777384418.511237,tb3,0.13227470952666048,1.5
1777384418.5117118,tb7,0.18,1.1536901056055964
1777384418.554989,tb1,0.18,-0.05179473473770461
1777384418.555138,tb2,-0.045929591188276345,0.12380351567938484
1777384418.5616665,tb7,-0.17999999999999997,0.30341433784083904
1777384418.561756,tb3,0.10987573329221588,1.5
1777384418.60473,tb1,0.18,-0.05066574718309105
1777384418.6049743,tb2,-0.18,0.12730934026237126
1777384418.611317,tb3,0.09700888842595783,1.5
1777384418.6119385,tb7,-0.18000000000000002,0.03739283597839371
1777384418.6548195,tb1,0.18,-0.012245851670645068
1777384418.6553426,tb2,-0.18,0.08321571980916163
1777384418.661333,tb3,0.08436853282244638,1.5
1777384418.661806,tb7,-0.18000000000000002,0.767047843545072
1777384418.7050836,tb2,-0.18,0.08998035098824435
1777384418.7051156,tb1,0.18,-0.057477191300021185
1777384418.711213,tb3,0.0818951590456948,1.5
1777384418.7117767,tb7,0.12538880014500917,1.3137461825986363
1777384418.754875,tb1,0.17999999999999997,-0.02448236613905088
1777384418.7552018,tb2,-0.18,0.10070182271701952
1777384418.7612078,tb3,0.08648299052410614,1.5
1777384418.7616997,tb7,0.18,0.3331689116362702
1777384418.8049264,tb2,-0.18,0.12070567904662018
1777384418.8049,tb1,0.18,0.056432850533571687
1777384418.8113286,tb3,0.09593326747927879,1.4999999999999998
1777384418.8118422,tb7,0.18,0.23381045062081757
1777384418.8548064,tb1,-0.18,0.12164021306956951
1777384418.854932,tb2,-0.020447145705991304,0.0956554078040652
1777384418.8611627,tb3,0.10337866487653666,1.5
1777384418.8617055,tb7,0.18,0.21296394602357394
1777384418.9049642,tb2,0.18,-0.01443509997599701
1777384418.9049478,tb1,-0.03995595339630715,0.18966730666325188
1777384418.91124,tb3,0.11391675398194942,1.5
1777384418.9117055,tb7,0.18,0.22212215780963254
1777384418.9548135,tb1,-0.18,0.15695328885957766
1777384418.9550178,tb2,0.18,-0.02814104217778519
1777384418.9612377,tb3,0.13082794336383233,1.5
1777384418.961723,tb7,0.18,0.26004199763105984
1777384419.0050762,tb1,-0.18,0.19051585672244623
1777384419.0050933,tb2,0.18,-0.03957747618523838
1777384419.0112655,tb3,0.14636315414575368,1.5
1777384419.0117538,tb7,0.18,0.45365087997596293
1777384419.054794,tb1,0.07520453388122296,0.13405731233564921
1777384419.0550382,tb2,0.18,-0.03518975835623261
1777384419.0611615,tb3,0.16821522978903758,1.5
1777384419.06191,tb7,0.18,1.1444611644315137
1777384419.1048717,tb1,0.18,-0.0522161940394231
1777384419.1049898,tb2,0.18,-0.017688972135420554
1777384419.1112206,tb3,0.18,1.4023646679942436
1777384419.111692,tb7,-0.18,0.35305547231731754
1777384419.1551292,tb1,0.18,-0.0675608508912594
1777384419.1554177,tb2,0.18,0.02535111338728172
1777384419.1611507,tb3,0.18,1.2354670374722518
1777384419.1617038,tb7,-0.18,0.1468771930314447
1777384419.204865,tb1,0.18,-0.07145113970055997
1777384419.2049477,tb2,0.18,0.06610905896136846
1777384419.2111611,tb3,0.18,1.122459289359792
1777384419.2117705,tb7,-0.18,0.15827349016413378
1777384419.2549665,tb2,0.18,0.045263402271260515
1777384419.2550263,tb1,0.18,-0.05960238418264451
1777384419.26128,tb3,0.18,0.9925263972406907
1777384419.261714,tb7,-0.086667478949549,1.1486567194119583
1777384419.304732,tb1,0.18,-0.03598215439180769
1777384419.3050668,tb2,0.10580357498935578,0.12726578338313904
1777384419.311303,tb3,0.18,0.8838960686491213
1777384419.3116834,tb7,0.18,0.32709047742481073
1777384419.3547049,tb1,0.18,-0.02634969505206967
1777384419.354978,tb2,-0.12388503125340249,0.16584536855972598
1777384419.361206,tb3,0.18000000000000002,0.794459508246929
1777384419.3616843,tb7,0.18,0.05420784857839064
1777384419.4047234,tb1,0.18,-0.01909263170551812
1777384419.4052188,tb2,-0.18,0.10784593840109967
1777384419.4112208,tb3,0.18,0.7564083897038153
1777384419.4117005,tb7,0.18,-0.04478332364308389
1777384419.4547276,tb1,0.18,0.0029044476844157776
1777384419.45505,tb2,-0.1457960843105401,0.17338194753508812
1777384419.4612298,tb3,0.18,0.6776313534941142
1777384419.4617145,tb7,0.18,-0.14058885259523415
1777384419.5047712,tb1,-0.18,0.20437441202090215
1777384419.505324,tb2,-0.11158740400857932,0.15983723721664977
1777384419.5113037,tb3,0.18,0.5992666951088693
1777384419.5117157,tb7,0.18,-0.1507363463962925
1777384419.554867,tb1,-0.18,0.07888296809805828
1777384419.5549717,tb2,0.00017476618415523582,0.12159297969237341
1777384419.5610816,tb3,0.18,0.5248999112607127
1777384419.5615609,tb7,0.18,-0.15382490381008515
1777384419.6047645,tb1,-0.18,0.0816792004479524
1777384419.6049912,tb2,0.13383749417260138,0.05373429461587581
1777384419.6111672,tb3,0.18,0.505351644286217
1777384419.6117191,tb7,0.17999999999999997,-0.13232903497135698
1777384419.6549838,tb2,0.18,-0.060342913130394187
1777384419.655128,tb1,-0.18,0.09046996809730411
1777384419.6612802,tb3,0.18,0.4431678551051442
1777384419.6617515,tb7,0.18,-0.20521889375382152
1777384419.7049537,tb2,0.18000000000000002,-0.07156181903818518
1777384419.7052362,tb1,0.18,-0.04478916006067338
1777384419.7112634,tb3,0.18,0.3621258082217645
1777384419.7117174,tb7,0.18,-0.18235690544073183
1777384419.754808,tb1,0.18,-0.05841100767525821
1777384419.7549446,tb2,0.18,-0.06447330571944235
1777384419.7612152,tb3,0.18,0.2586898553806351
1777384419.7617397,tb7,0.18,-0.16222962410772465
1777384419.8047311,tb1,0.18,-0.06719354287691272
1777384419.8051796,tb2,0.18,-0.05621318257588511
1777384419.8112757,tb3,0.18,0.238415247016426
1777384419.811892,tb7,0.18,-0.13770621605531774
1777384419.8548193,tb1,0.18,-0.06918014592819109
1777384419.8549614,tb2,0.18,-0.060510916756555976
1777384419.861221,tb3,0.17999999999999997,0.09103399522921284
1777384419.8618288,tb7,0.18,-0.13375152197752593
1777384419.9049425,tb2,0.18,-0.05341513934490546
1777384419.904803,tb1,0.18,-0.07098761566863893
1777384419.9113562,tb3,0.18,-0.45150224807161876
1777384419.9118757,tb7,0.18,-0.0916745477504634
1777384419.9552093,tb2,0.18,-0.024475508791727652
1777384419.955262,tb1,0.17999999999999997,-0.048694748848112535
1777384419.9611683,tb3,-0.14223752611241655,-1.1132176796214066
1777384419.9617581,tb7,0.18,-0.022044044928254052
1777384420.0050104,tb2,0.18,0.008246286798962851
1777384420.0050333,tb1,0.18,-0.044710202715355016
1777384420.0112088,tb3,0.18,-0.09914861698886165
1777384420.011695,tb7,-0.166944752595717,1.0397812283568626
1777384420.0549505,tb2,0.18,-0.014918887263813428
1777384420.0550566,tb1,0.18,-0.04107589735345644
1777384420.0611644,tb3,0.03487048118557605,-0.7538293341688012
1777384420.0618873,tb7,0.18,-0.03783631134394821
1777384420.1049714,tb2,0.17999999999999997,-0.009869649907096916
1777384420.1050818,tb1,0.18,-0.04034349104390403
1777384420.1112542,tb3,-0.18,-1.024804660042107
1777384420.1117017,tb7,0.18,0.5914648565714044
1777384420.1548212,tb1,0.18,-0.03849052058289491
1777384420.155085,tb2,0.16682680794397234,0.05549640060147034
1777384420.1611567,tb3,-0.18,-0.6053801370098603
1777384420.1616983,tb7,-0.18,0.19527735676969726
1777384420.2047915,tb1,0.18,-0.03551482304269307
1777384420.2049453,tb2,-0.028982786818573584,0.09703682721413524
1777384420.21117,tb3,0.18,-0.01170138505896789
1777384420.211747,tb7,-0.18,0.07080684570053414
1777384420.2549322,tb1,0.18,-0.015925352022695457
1777384420.2552667,tb2,0.18,0.017142428047697212
1777384420.2613022,tb3,0.17999999999999997,-0.0304256722113484
1777384420.261946,tb7,0.18,0.16465062299809555
1777384420.3050504,tb1,0.18,-0.011452266115837993
1777384420.305123,tb2,0.10020902614991276,0.0352678927384482
1777384420.3113298,tb3,0.18,-0.04761703065746698
1777384420.3117008,tb7,0.18,0.12489642205986862
1777384420.354905,tb1,0.18,-0.012084078929871534
1777384420.3551118,tb2,0.057205438817987425,0.039236014200206594
1777384420.36128,tb3,0.18,-0.09517310628687471
1777384420.3619204,tb7,0.18,0.07295341327050503
1777384420.4047506,tb1,0.18,-0.006259012999678578
1777384420.4050817,tb2,-0.03161641570266403,0.07623941937913095
1777384420.41126,tb3,0.18,0.05999915355416279
1777384420.4117053,tb7,0.18,0.08466613024662058
1777384420.4549565,tb1,0.18,0.005843814702459539
1777384420.4550712,tb2,0.18,-0.015512413465029323
1777384420.461171,tb3,0.18,-0.005404414691844062
1777384420.4617066,tb7,0.18,0.1170263215853672
1777384420.5047202,tb1,0.18,0.007962650314467369
1777384420.5049858,tb2,0.18,-0.010595610790650613
1777384420.511278,tb3,0.18,-0.19327580467200312
1777384420.511781,tb7,0.18,0.24782394107638273
1777384420.5547225,tb1,0.18,0.012092605506015151
1777384420.5550394,tb2,0.13846962166551266,0.006658725807967688
1777384420.5612504,tb3,0.03662746317246267,-0.7198705976515871
1777384420.5617805,tb7,-0.18,0.658527403240485
1777384420.6047728,tb1,0.18,0.02458287756471047
1777384420.6050286,tb2,0.03368770298193805,0.056419972954435474
1777384420.6111894,tb3,0.18,-0.21645754143469406
1777384420.6118016,tb7,-0.18,0.1536475073788528
1777384420.6551623,tb1,0.17999999999999997,0.0411542413832844
1777384420.6553657,tb2,0.18,-0.025083242255849514
1777384420.661183,tb3,0.03407199499319131,-0.670124428591147
1777384420.6619942,tb7,0.17999999999999997,0.14779934472001413
1777384420.7047305,tb1,0.17999999999999997,0.05208992623429141
1777384420.7049978,tb2,0.18,-0.008806527053880282
1777384420.7112596,tb3,-0.18,-0.7882110454879302
1777384420.7117658,tb7,0.18,0.2675879841395489
1777384420.7547276,tb1,0.05870711182233448,0.28764701782245405
1777384420.755376,tb2,0.18,0.008636259957453289
1777384420.7611492,tb3,-0.18,-0.4937674521322746
1777384420.761687,tb7,0.18,0.3095992892460075
1777384420.8046925,tb1,-0.18,0.06347342555836598
1777384420.8049836,tb2,0.07982597825396331,0.05730311919115377
1777384420.8111598,tb3,0.18,-0.04965944269118233
1777384420.8117347,tb7,0.18,0.6467750578864571
1777384420.8548057,tb1,-0.18,0.05147587658380042
1777384420.8550277,tb2,0.18000000000000002,-0.00789068315449868
1777384420.8612437,tb3,0.18000000000000002,-0.054346601430408856
1777384420.8616967,tb7,0.18,0.14321496816566912
1777384420.9047132,tb1,0.18,0.17049590329195066
1777384420.9051607,tb2,0.18,0.012733339065988426
1777384420.911188,tb3,0.18,-0.08391905805929853
1777384420.9117084,tb7,0.18,0.14319831602299557
1777384420.954747,tb1,0.18,0.035446955064757944
1777384420.9549232,tb2,0.09706869485272637,0.0337827589918075
1777384420.9613233,tb3,0.18,-0.20883265088538708
1777384420.9616241,tb7,0.18,0.16836288778396533
1777384421.004934,tb2,-0.03700512825690086,0.07247526606816046
1777384421.005427,tb1,0.18,0.01568684976459437
1777384421.011577,tb3,0.18,0.0618449159407481
1777384421.0116832,tb7,0.17999999999999997,0.3546275921788702
1777384421.0548797,tb1,0.18,0.05446055803651036
1777384421.0553043,tb2,-0.018707185332100564,0.0551525570189037
1777384421.0611632,tb3,0.18,0.014120021952033743
1777384421.0617018,tb7,0.18,0.13375331365075452
1777384421.104841,tb1,-0.058623030131193216,0.26150618463059705
1777384421.1053338,tb2,-0.11861424565230648,0.09040016990950679
1777384421.111688,tb7,0.18,0.2798432131558888
1777384421.1117108,tb3,0.18,-0.04386529867402197
1777384421.1547413,tb1,-0.18,0.09556668683579193
1777384421.1549373,tb2,-0.1378784518484763,0.09388882261915063
1777384421.161726,tb7,-0.18,0.5565342785237644
1777384421.1620412,tb3,0.18,-0.24445865414711704
1777384421.2049453,tb2,-0.11772183680478711,0.0858650883366742
1777384421.2050047,tb1,-0.18,0.07794664145970745
1777384421.2117074,tb7,-0.18,0.16505237470915157
1777384421.2120306,tb3,0.18,0.035147022345103786
1777384421.2548718,tb1,-0.18,0.09447372328405597
1777384421.2551293,tb2,0.18,-0.06623632562692282
1777384421.2617064,tb7,-0.008116396654012252,1.0752994659013755
1777384421.2619128,tb3,0.18,-0.03494440340196661
1777384421.3049586,tb1,0.18,-0.05245730875793937
1777384421.3049595,tb2,0.18,-0.07680386959215486
1777384421.3113596,tb3,0.18,-0.3926688691233693
1777384421.3117135,tb7,-0.18,0.5914279547022864
1777384421.3549826,tb2,0.18,-0.08120661613248974
1777384421.3549833,tb1,0.18,-0.06238663078067726
1777384421.3613896,tb3,-0.14642126923943488,-0.6466415858840148
1777384421.3617344,tb7,-0.18,0.7434120344058525
1777384421.4050024,tb2,0.18,-0.07984561991013768
1777384421.4052436,tb1,0.18,-0.06370467381929633
1777384421.411227,tb3,0.15836311226560315,-0.34319583218398597
1777384421.4121943,tb7,-0.00938361729090309,1.1149514322565786
1777384421.4548616,tb1,0.18,-0.06413756779811412
1777384421.455459,tb2,0.18,-0.07889060433923994
1777384421.461393,tb3,-0.11761628767197412,-0.576025641565957
1777384421.462306,tb7,0.18,0.10648682394884448
1777384421.5047424,tb1,0.18,-0.05739127526731739
1777384421.5051644,tb2,0.18,-0.07427899219201865
1777384421.5113075,tb3,-0.17319368921835676,-0.6253878428043105
1777384421.5123236,tb7,0.18000000000000002,0.077472516890978
1777384421.5547252,tb1,0.18,-0.038509270009163245
1777384421.5552635,tb2,0.18,-0.06366812585376758
1777384421.5613222,tb3,-0.18,-0.5167805093607454
1777384421.5617743,tb7,0.18,0.0554296522520657
1777384421.6047506,tb1,0.18,-0.008541150850115468
1777384421.6050727,tb2,0.18,-0.04558047294960386
1777384421.611324,tb3,0.18,0.07997839139919534
1777384421.611968,tb7,0.18,0.06535097957200844
1777384421.6549444,tb1,0.18,0.0045827234341643906
1777384421.6550891,tb2,0.18,-0.05183083268027793
1777384421.6611648,tb3,0.18,0.1716585430563307
1777384421.6617281,tb7,0.18,0.05721726504039481
1777384421.704771,tb1,0.18,0.00652547963545706
1777384421.7049272,tb2,0.18,-0.03897175422395025
1777384421.7112725,tb3,0.18,0.2186493077405182
1777384421.7116647,tb7,0.18,0.056434065152933734
1777384421.7549412,tb1,0.18,0.02243140136157597
1777384421.755147,tb2,0.05823554416665912,0.02172467112838394
1777384421.7611773,tb3,0.18,0.20496570579916978
1777384421.7616823,tb7,0.18,0.05582344402671852
1777384421.804728,tb1,0.18,0.03673591574615167
1777384421.8049824,tb2,-0.08742646180827726,0.06606685062366487
1777384421.811251,tb3,0.18,0.2648552201001648
1777384421.811666,tb7,0.18,0.06209810340567612
1777384421.8549242,tb2,-0.1336793381545619,0.06860489733501482
1777384421.8549085,tb1,0.18,0.0533810710357921
1777384421.8613274,tb3,0.18,0.2747191503688767
1777384421.8617084,tb7,0.18,0.0534505911380951
1777384421.904961,tb1,0.18,0.03765258179128745
1777384421.905029,tb2,-0.18,0.07719892592220023
1777384421.9113524,tb3,0.18,0.28006735443332603
1777384421.911623,tb7,0.18,0.06463675513668582
1777384421.955027,tb1,0.18,0.04389905074631141
1777384421.9550958,tb2,-0.16149254863861365,0.07316254439523073
1777384421.9613554,tb3,0.18,0.24498012437604977
1777384421.9617155,tb7,0.18000000000000002,0.1075444498769645
1777384422.0049248,tb2,-0.07747171374943797,0.05778361796797887
1777384422.005123,tb1,0.18,0.0614219953217645
1777384422.0113285,tb3,0.18,0.2649319442666045
1777384422.0117056,tb7,0.18,0.3797868603281983
1777384422.054788,tb1,0.18,0.26845913388241305
1777384422.0549467,tb2,0.17999999999999997,-0.04573813170179278
1777384422.0614586,tb3,0.18,0.23500105485765463
1777384422.061726,tb7,0.18,0.0634285988138588
1777384422.1049397,tb2,0.18,-0.049091446847465206
1777384422.104949,tb1,0.18,0.036257969351227666
1777384422.1111646,tb3,0.18,0.2065180426490712
1777384422.1119785,tb7,0.18,0.12011801084973049
1777384422.154925,tb2,0.18,-0.05080030157681745
1777384422.1551325,tb1,0.18,0.03236209533964914
1777384422.1613224,tb3,0.18,0.1510831248874615
1777384422.1617887,tb7,0.18,0.6889704133572
1777384422.2047498,tb1,0.18,0.03889898865140733
1777384422.204924,tb2,0.17999999999999997,-0.04782528709836822
1777384422.2113216,tb3,0.18,0.15253930720289668
1777384422.2117383,tb7,-0.18,0.30014453772595495
1777384422.2548609,tb1,0.18,0.07068221231820221
1777384422.2549562,tb2,0.18,-0.0324912452945694
1777384422.2611682,tb3,0.18,0.015158528718896275
1777384422.2617402,tb7,0.18,0.036720168475910094
1777384422.3051033,tb1,0.18,0.00032362570136500765
1777384422.3051066,tb2,0.18000000000000002,-0.028950884002467266
1777384422.3112805,tb3,-0.13005785129352154,-0.31617970058540973
1777384422.3117855,tb7,0.18,0.1310874645475313
1777384422.3550098,tb1,0.17999999999999997,0.005355067793796179
1777384422.3550293,tb2,0.17999999999999997,-0.017180068740536354
1777384422.3614697,tb3,-0.18,-0.22188770350798864
1777384422.361964,tb7,0.18000000000000002,0.20260547978203325
1777384422.4050486,tb2,0.18,-0.010892569891344529
1777384422.4050477,tb1,0.18,0.018053845909093508
1777384422.41117,tb3,0.010716227597621381,-0.1534156609850481
1777384422.4116619,tb7,0.04366704655377199,0.9909557629944544
1777384422.454874,tb1,0.18,0.11707502803386473
1777384422.4549544,tb2,0.18,-0.01909303725364115
1777384422.4611745,tb3,0.03385457989055639,-0.12374664764198186
1777384422.4617836,tb7,0.18,-0.08086648937152523
1777384422.5050602,tb1,0.18,0.031626930727673835
1777384422.5051832,tb2,0.18,-0.01877751058090047
1777384422.511272,tb3,0.1326056700972265,-0.022893414959759724
1777384422.511724,tb7,0.18,-0.06764049812940497
1777384422.5549655,tb1,-0.005555884417586212,0.361554704977228
1777384422.5550735,tb2,0.18,-0.010212233132634842
1777384422.5612018,tb3,0.18,0.045837731181895096
1777384422.5617886,tb7,0.18,0.0038602185994869517
1777384422.604924,tb2,0.18000000000000002,-0.0002884419645140143
1777384422.6050434,tb1,-0.18,0.10650128987913368
1777384422.6113477,tb3,0.18,0.17232919020998635
1777384422.6119065,tb7,-0.1279985655617131,1.04356733758416
1777384422.6550667,tb1,-0.18,0.08874246490110034
1777384422.6552496,tb2,0.18,0.016185438129161782
1777384422.6611876,tb3,0.18,0.1642973544795115
1777384422.6617239,tb7,0.18,-0.11738271138457393
1777384422.7050166,tb1,0.17999999999999997,-0.05520947229467478
1777384422.7051651,tb2,0.11940786805678945,0.06327548057641613
1777384422.711252,tb3,0.18,0.13243883561410488
1777384422.7117033,tb7,0.18,0.06747806353737285
1777384422.7549512,tb2,-0.006947948096409344,0.07060170649619749
1777384422.7552812,tb1,0.18,-0.06713565414288916
1777384422.761369,tb3,0.18,0.09153388071007462
1777384422.7617085,tb7,0.023696977039868485,0.75351200359433
1777384422.8048997,tb1,0.18000000000000002,-0.06666137137396755
1777384422.8049047,tb2,-0.1301897298259182,0.09085976690077371
1777384422.8112407,tb3,0.18,0.12182156262181632
1777384422.8117185,tb7,-0.18,0.566012798468487
1777384422.8549833,tb2,-0.07360667996344294,0.08034003128759097
1777384422.8550951,tb1,0.18,-0.06619876871806989
1777384422.8613167,tb3,0.18,0.10930675203886049
1777384422.861687,tb7,0.18,-0.29339775196759066
1777384422.904753,tb1,0.18,-0.06519877305461821
1777384422.9049766,tb2,-0.0762691481846481,0.0784436254822714
1777384422.9114199,tb3,0.18,0.08746232434178071
1777384422.9117155,tb7,0.18,-0.29018510791255314
1777384422.954735,tb1,0.18,-0.05975167312976278
1777384422.9549565,tb2,-0.044537329851652985,0.07433809754778155
1777384422.9611464,tb3,0.18,0.015745700629907294
1777384422.9617023,tb7,0.18,-0.29621646692789355
1777384423.004701,tb1,0.18,-0.0509514557814013
1777384423.0049183,tb2,0.0022684904786056787,0.06565532196542144
1777384423.011493,tb3,0.18,0.09272286135994662
1777384423.0116794,tb7,0.18,-0.3030832680767997
1777384423.0549712,tb2,0.18,0.006857710761487056
1777384423.0551739,tb1,0.18000000000000002,-0.026808556677352408
1777384423.061338,tb3,0.18,0.07885532027435821
1777384423.0616927,tb7,0.18,-0.38753068601558466
1777384423.1048567,tb1,0.18,-0.027532419571076775
1777384423.10497,tb2,0.18,-0.008321038915054825
1777384423.1113098,tb3,0.15208769283549292,0.017095400476404843
1777384423.1118124,tb7,0.18,-0.3709978022854403
1777384423.1549149,tb2,0.18,-0.01599246828090971
1777384423.1548886,tb1,0.18,-0.02044474655748872
1777384423.161307,tb3,-0.18,-0.11529348561643021
1777384423.1618598,tb7,0.18,-0.31633490943745823
1777384423.204767,tb1,0.18,0.0015812684171289783
1777384423.205055,tb2,0.18,-0.001632121493459541
1777384423.211245,tb3,0.05042918103570375,0.009061241635634668
1777384423.2116582,tb7,0.18,-0.08387966234316602
1777384423.2549632,tb2,0.18,-0.007401023709675542
1777384423.25507,tb1,0.18,0.10339871247538257
1777384423.2611744,tb3,-0.16939176314367835,-0.09329170418357083
1777384423.2618077,tb7,0.18,-0.28478044593725804
1777384423.304754,tb1,0.17999999999999997,-0.02703812342614185
1777384423.3051543,tb2,0.18,-0.0005773227172703153
1777384423.3112283,tb3,-0.18,-0.09519880060006591
1777384423.3119788,tb7,0.18,-0.23650714994832867
1777384423.3550098,tb2,0.14492615697897554,0.018663156626398014
1777384423.355009,tb1,0.18,-0.027889944979423504
1777384423.3613174,tb3,-0.18,-0.09320165396379422
1777384423.3618224,tb7,0.18,-0.06551850160604314
1777384423.40471,tb1,0.18,-0.020966236825031268
1777384423.4049635,tb2,0.02221312094852899,0.0479596146292751
1777384423.4111362,tb3,0.18,0.06635390844195276
1777384423.4116488,tb7,-0.18,0.4047611004500764
1777384423.4548948,tb1,0.18,-0.017022695984918835
1777384423.4551754,tb2,0.11070857758614006,0.02521795346641955
1777384423.461299,tb3,0.17999999999999997,0.06865531819638984
1777384423.4617152,tb7,0.18,-0.16867070154509597
1777384423.50493,tb1,0.18,-0.023724941422206523
1777384423.504989,tb2,0.002451009647416012,0.04453751367277077
1777384423.5111723,tb3,0.18,0.06646149499195192
1777384423.5117154,tb7,0.18,0.06289767248909556
1777384423.5548398,tb1,0.18,-0.018880273304858426
1777384423.5549617,tb2,-0.052901549952682994,0.056473484191817705
1777384423.5612104,tb3,0.18,0.059118760595511986
1777384423.561696,tb7,-0.16225836059111953,0.6886021208836063
1777384423.60496,tb1,0.18,0.002483163185265556
1777384423.604962,tb2,-0.114374658804468,0.06930644184356965
1777384423.6111655,tb3,0.18,0.05998201523298274
1777384423.6117046,tb7,-0.18,0.18114533705778085
1777384423.6550155,tb1,0.18,0.21352672308190598
1777384423.6550155,tb2,0.07088621088575205,0.01320223835348832
1777384423.661173,tb3,0.18,0.04905626306749644
1777384423.6617107,tb7,0.18,0.30109375764285023
1777384423.705105,tb1,0.18,-0.018834395581016985
1777384423.7051036,tb2,0.08767985931508356,0.0042340510623245205
1777384423.7111742,tb3,0.18,0.058072978630380676
1777384423.7117279,tb7,0.16085128447281827,0.7875113063559586
1777384423.75484,tb1,0.18,0.007584777652369545
1777384423.7550461,tb2,0.10066208667942096,-0.0034174900616509678
1777384423.761183,tb3,0.18,0.04723824402475818
1777384423.7616892,tb7,-0.03329871816411725,0.75811884201304
1777384423.804747,tb1,-0.050584691570922165,0.39921471895579197
1777384423.804951,tb2,0.09511545448433222,-0.006610473338558207
1777384423.811215,tb3,0.18,0.04475709839858233
1777384423.8117485,tb7,-0.18,0.19455850733738816
1777384423.854764,tb1,-0.18,0.09984658603430767
1777384423.854982,tb2,0.18,-0.04435389316365561
1777384423.8612387,tb3,0.18,0.055765326214887334
1777384423.8617396,tb7,0.18,0.09781476851782067
1777384423.9050627,tb1,-0.18,0.22851203790465047
1777384423.9051628,tb2,0.18,-0.0418451653189334
1777384423.9113777,tb3,0.18,0.06058904346509992
1777384423.9117408,tb7,0.18,0.06174451234946953
1777384423.9547422,tb1,-0.18,0.3135685563610898
1777384423.9549146,tb2,0.15502562612907234,-0.016203471567381063
1777384423.9613888,tb3,0.17999999999999997,0.06797897565033904
1777384423.9617078,tb7,0.18,0.05078461852429828
1777384424.0047774,tb1,0.18,0.012966834529340825
1777384424.0049644,tb2,0.05775295406196306,0.004380987770225644
1777384424.011206,tb3,0.18,0.050892981614885674
1777384424.0117917,tb7,0.18,0.0769061399454838
1777384424.055005,tb1,0.18,-0.09868454210426794
1777384424.0551093,tb2,0.14994449291388856,-0.011071396363882364
1777384424.0611725,tb3,0.18,0.06859142732644584
1777384424.061705,tb7,0.18,0.03809843800417544
1777384424.1049385,tb2,0.0641549868927219,0.011390569662285965
1777384424.1049113,tb1,0.18,-0.12409193265713922
1777384424.1112876,tb3,-0.10444997064621998,0.018173708167587597
1777384424.1117773,tb7,0.18,0.05017336459494268
1777384424.1547425,tb1,0.18,-0.1132860296387703
1777384424.1549356,tb2,-0.0006201463508838837,0.02946192645528114
1777384424.1613612,tb3,-0.18,-0.0069054279503314095
1777384424.1618738,tb7,0.18,0.08086492139751605
1777384424.2049384,tb1,0.18,-0.08735499698179208
1777384424.2049837,tb2,-0.0662859474684016,0.04206783307704837
1777384424.211118,tb3,0.05113880158906297,0.07197907057251389
1777384424.2116404,tb7,0.18,0.26323978148185617
1777384424.2547705,tb1,0.18,-0.06931838139427379
1777384424.2551482,tb2,0.11087569034972526,0.013777156581377006
1777384424.2611928,tb3,0.07697022260654164,0.06683495884205681
1777384424.261696,tb7,0.18,0.027509155226897276
1777384424.3050098,tb1,0.18,-0.0619690094416463
1777384424.3050392,tb2,0.11005970853840784,0.013008842647598322
1777384424.3111682,tb3,0.14823341081577285,0.07692306980017732
1777384424.3118315,tb7,0.18,0.06342045182798677
1777384424.3550107,tb1,0.18,-0.037414330802353575
1777384424.3550746,tb2,0.09600363310896137,0.012310107737328152
1777384424.3611512,tb3,0.16369730012920178,0.07612855656643597
1777384424.361817,tb7,0.18,0.48321825768571874
1777384424.4049098,tb1,-0.04217444367450263,0.3642073309255295
1777384424.405748,tb2,0.05840528751279546,0.019563497365915693
1777384424.411181,tb3,0.18,0.03093997621305442
1777384424.4116738,tb7,-0.18,0.19460128687193545
1777384424.4552102,tb1,-0.18,0.11617821117689703
1777384424.4552336,tb2,0.18,-0.012461590985654398
1777384424.461238,tb3,0.18,0.02225250937235135
1777384424.4616933,tb7,0.1653117722793717,0.6274886600994991
1777384424.5048883,tb1,0.18,-0.06313505036283508
1777384424.5050442,tb2,0.18,-0.01592649465299919
1777384424.5113866,tb3,0.17999999999999997,0.031457576927226796
1777384424.5117435,tb7,-0.18,0.28402767267092155
1777384424.5551019,tb1,0.18,-0.07509146158210567
1777384424.5553029,tb2,0.12964069494972474,-0.0032984488133278164
1777384424.5612628,tb3,0.01905335968162254,0.03490224412691882
1777384424.5617528,tb7,-0.18,0.2364548071681314
1777384424.6047723,tb1,0.18,-0.07326500126988014
1777384424.605043,tb2,0.04780976170306194,0.011071013572885518
1777384424.6112287,tb3,0.18,0.009397502309692655
1777384424.6116765,tb7,-0.18000000000000002,0.27576305930426465
1777384424.6547189,tb1,0.18,-0.06020832551667145
1777384424.6549435,tb2,0.18,-0.02585259051728499
1777384424.6613307,tb3,0.18,0.026102094186464392
1777384424.661672,tb7,0.18,-0.08793870363966463
1777384424.7049255,tb1,0.18,-0.06178593288068504
1777384424.7049413,tb2,0.18,-0.04043900608450588
1777384424.7112377,tb3,0.06206199199848805,0.045605038459839375
1777384424.7117105,tb7,0.18,-0.12403102552838509
1777384424.7547219,tb1,0.18,-0.05480171250828734
1777384424.7549517,tb2,0.16056454684411595,-0.014509612459698819
1777384424.7611258,tb3,-0.14214250382713284,0.05243184911531741
1777384424.7616599,tb7,0.18,-0.1377883480286066
1777384424.804714,tb1,0.18,-0.039008500277363405
1777384424.8049774,tb2,0.0971903924858456,-0.003811109462923865
1777384424.8112724,tb3,0.18,-0.013055296005604683
1777384424.81172,tb7,0.18,-0.14214326359884852
1777384424.854957,tb2,0.09591882431679019,0.006874740430836966
1777384424.8550038,tb1,0.18,0.06954899984413541
1777384424.8611298,tb3,0.18,-0.009614204256655814
1777384424.861742,tb7,0.18,-0.1482469948210152
1777384424.904693,tb1,-0.18,0.09072356294113816
1777384424.9049585,tb2,0.021161119401320833,0.023433256080103663
1777384424.9111476,tb3,0.18,-0.01422203736990745
1777384424.9117072,tb7,0.18,-0.13984135763480693
1777384424.9549022,tb1,-0.18,0.0798315701829342
1777384424.9550076,tb2,-0.042399678840800065,0.04082135258604965
1777384424.961168,tb3,0.18,0.007526095557175679
1777384424.961707,tb7,0.18,-0.1275770644030822
1777384425.005012,tb1,-0.18000000000000002,0.07906580242371199
1777384425.005155,tb2,-0.09093356187975378,0.04313834603816033
1777384425.0112197,tb3,0.18,0.0042096576218550045
1777384425.011708,tb7,0.18,-0.10384551876382846
1777384425.0550044,tb2,0.06267855655555707,0.025346000515653798
1777384425.0553362,tb1,-0.17999999999999997,0.08370224084887716
1777384425.0613387,tb3,0.18000000000000002,0.026373489980638317
1777384425.0617273,tb7,0.18,-0.11048262185904603
1777384425.1051292,tb1,0.18,0.02868608005866302
1777384425.1051073,tb2,0.06747651678365975,0.021079864034562912
1777384425.1112313,tb3,0.18,0.08278381646470835
1777384425.1117263,tb7,0.18,-0.09634592032289144
1777384425.1549802,tb2,0.06626637237366623,0.020057696314989833
1777384425.1551368,tb1,0.18,-0.04945225194095108
1777384425.1611786,tb3,-0.11938637390247696,0.08457074774908724
1777384425.1616805,tb7,0.18,-0.07970062026380186
1777384425.2049315,tb2,0.06027170729756167,0.021892805458674607
1777384425.2053642,tb1,0.18,-0.05494719822050769
1777384425.2113843,tb3,0.18,0.059749754844949855
1777384425.211722,tb7,0.18,-0.045113159776112084
1777384425.2549546,tb2,0.18,-0.0009829104443322796
1777384425.2554383,tb1,0.18,-0.051110764647175386
1777384425.2613826,tb3,0.07277164130487071,0.10956837315828402
1777384425.261812,tb7,0.18,0.09919730995786083
1777384425.305217,tb2,0.18,0.0022118244167332857
1777384425.305555,tb1,0.18,-0.07046771983898369
1777384425.311409,tb3,-0.06771239715978898,0.10534909508712118
1777384425.3117867,tb7,-0.18,0.24689738897753907
1777384425.3549347,tb2,0.12683675700388022,-0.002243176232349475
1777384425.3553708,tb1,0.18,-0.06438625489143354
1777384425.3613524,tb3,-0.18,0.07759553612632261
1777384425.3618116,tb7,-0.18,0.13946399025952208
1777384425.4049344,tb2,0.05267278008754116,0.014321434397308075
1777384425.4053655,tb1,0.18,-0.05855760996147604
1777384425.4112918,tb3,0.18,0.043742746964597276
1777384425.4116778,tb7,-0.18,0.12497088652359295
1777384425.4548821,tb1,0.18,-0.05518843937137661
1777384425.4551058,tb2,0.17270022327514917,-0.010385086151577117
1777384425.4611707,tb3,0.18,0.02321583820939928
1777384425.461698,tb7,0.18,-0.05247803851880115
1777384425.5049355,tb2,0.12002473839863093,0.0070951319520199015
1777384425.505358,tb1,0.18,-0.0422583991200841
1777384425.5112305,tb3,0.18,0.012182922071839386
1777384425.5117028,tb7,0.18,-0.06371657970459976
1777384425.5548887,tb1,0.18,-0.07250257569311412
1777384425.5549765,tb2,0.04990026738451951,0.014904137244533995
1777384425.5612965,tb3,0.1700669711713428,0.05109549648058502
1777384425.5617104,tb7,0.18,-0.07561265712236084
1777384425.6049452,tb2,-0.008771381757980777,0.02954048692124514
1777384425.6049469,tb1,0.18,-0.07348426658762693
1777384425.6111772,tb3,0.18,-0.021723522506406256
1777384425.6117249,tb7,0.18,-0.07467087113977545
1777384425.6549287,tb2,0.059152834576257834,0.024280063820561998
1777384425.6549819,tb1,0.18,-0.07348426658762693
1777384425.6613722,tb3,0.18,-0.019438925125256305
1777384425.6619172,tb7,0.17999999999999997,-0.08150114241575976
1777384425.7050066,tb2,0.026968544906804934,0.026610395655603764
1777384425.7053213,tb1,0.18,-0.07370889882433483
1777384425.7112134,tb3,0.18,0.007207597609268979
1777384425.7117007,tb7,0.18,-0.08201727532460748
1777384425.7550054,tb2,0.004827749145845909,0.023872180610720634
1777384425.7550185,tb1,0.18,-0.07370889882433483
1777384425.7611508,tb3,-0.1131417236554722,0.11298062938250261
1777384425.7616947,tb7,0.18,-0.07213144475556732
1777384425.8049645,tb2,-0.013492018289302537,0.02903618708390532
1777384425.8049467,tb1,0.18,-0.07370889882433483
1777384425.8112388,tb3,0.17999999999999997,-0.009528974464602902
1777384425.8116715,tb7,0.18,-0.051656431130924954
1777384425.8549001,tb1,0.18,-0.07370889882433483
1777384425.8549173,tb2,0.12612786557149222,-0.00033207793086691313
1777384425.8613071,tb3,0.18,0.010488907158142935
1777384425.8616967,tb7,0.18,-0.07903470855361931
1777384425.9049287,tb2,0.11993574610137833,0.0007729700737909477
1777384425.9049385,tb1,0.18,-0.07549337936450276
1777384425.9114048,tb3,0.04257288468970139,0.07821432835583451
1777384425.9117045,tb7,0.18,-0.06067413502559455
1777384425.9549346,tb1,0.18,-0.07549337936450276
1777384425.9549851,tb2,0.0940917811010047,0.012182990478369115
1777384425.9611917,tb3,-0.18,0.11612674484472503
1777384425.9616847,tb7,0.18,-0.026593599022637988
1777384426.0050552,tb1,0.18,-0.07549337936450276
1777384426.005314,tb2,0.0547931026740576,0.013670474298950342
1777384426.011325,tb3,-0.18,0.10757002809971254
1777384426.0117228,tb7,0.18,0.4061116114345271
1777384426.0549283,tb2,0.18,-0.019559378917443738
1777384426.0549552,tb1,0.18,-0.07549337936450276
1777384426.0612187,tb3,-0.17999999999999997,0.09385435119320668
1777384426.0617635,tb7,0.18,-0.03951968612613914
1777384426.104896,tb1,0.18,-0.07549350760095495
1777384426.105227,tb2,0.17457528541981174,-0.016072235007826584
1777384426.1113954,tb3,-0.15214884595295664,0.1318134839093665
1777384426.1117122,tb7,0.18,-0.006044192206143093
1777384426.154796,tb1,0.18,-0.07549350760095495
1777384426.1549277,tb2,0.11893432472106938,-0.01978554398106875
1777384426.1613033,tb3,0.10859298572004583,0.049563644802652136
1777384426.1617143,tb7,0.08249722912354832,0.5144567246037081
1777384426.2047904,tb1,-0.18,-0.04027062514094204
1777384426.2048976,tb2,0.04958549211031135,-0.0027669108619683865
1777384426.211314,tb3,0.18,-0.054218816275187494
1777384426.2116966,tb7,-0.18,0.16626275315574074
1777384426.254972,tb2,0.11436897495381498,-0.0359077596152586
1777384426.2549515,tb1,-0.18,-0.04027062514094204
1777384426.2613509,tb3,0.18,-0.06649548897950933
1777384426.2617805,tb7,-0.18,0.32141939508526607
1777384426.3049078,tb1,0.17999999999999997,0.10754288452521533
1777384426.3049834,tb2,0.057186202837184785,-0.014961503728106486
1777384426.3114285,tb3,0.18,-0.0687863508581332
1777384426.3117714,tb7,-0.18,0.24559884708005938
1777384426.3549445,tb1,0.17999999999999997,0.10754288452521533
1777384426.3549836,tb2,0.007476996017753533,-0.004583006501250594
1777384426.3612578,tb3,0.18,-0.06924245085552974
1777384426.361723,tb7,-0.18000000000000002,0.3924474125795946
1777384426.4049342,tb1,-0.18,0.08339794907667918
1777384426.4049854,tb2,-0.03380490045297641,0.01218147201276458
1777384426.4114032,tb3,0.18,-0.08187384839770835
1777384426.411779,tb7,0.18,0.10261871573161829
1777384426.4548998,tb1,-0.18,0.08339794907667918
1777384426.45498,tb2,0.023102075244181387,0.002279282588461141
1777384426.4613152,tb3,0.18,-0.0903315003695528
1777384426.461715,tb7,0.18000000000000002,-0.10370438379452679
1777384426.5048664,tb1,0.18,0.1319497515312857
1777384426.504967,tb2,0.019602776942375343,0.007176550693205875
1777384426.5113575,tb3,0.18,-0.09555152166667716
1777384426.511707,tb7,0.18,-0.1284407115864856
1777384426.5549781,tb1,0.18,0.1319497515312857
1777384426.5552077,tb2,0.01719633625265545,0.009659366794706801
1777384426.5613527,tb3,0.18,-0.09050841327941672
1777384426.5619097,tb7,0.18,-0.1340248503882491
1777384426.6049333,tb2,0.015027445762938421,0.011410646484871036
1777384426.6049488,tb1,0.18,0.12269357621713549
1777384426.6112368,tb3,0.18000000000000002,-0.08541791602949353
1777384426.6116922,tb7,0.18,-0.1270796821081014
1777384426.654939,tb2,0.033397260556996704,0.007981314031288541
1777384426.654909,tb1,0.18,0.12269357621713549
1777384426.6612113,tb3,0.18,-0.06903738231416189
1777384426.6617088,tb7,0.18,-0.1445665324751162
1777384426.7050278,tb1,0.18,0.10577212550008264
1777384426.705131,tb2,0.02760510968542913,0.008945012930254192
1777384426.711335,tb3,0.18,-0.06710976494798346
1777384426.7116954,tb7,0.18,-0.1238233216928978
1777384426.7547102,tb1,0.17999999999999997,0.2630893832168217
1777384426.7549298,tb2,0.018506107274591916,0.010970203809586104
1777384426.7611878,tb3,0.18,-0.031607549259556854
1777384426.7616637,tb7,0.18,-0.08971033878102434
1777384426.8048174,tb1,0.18,0.45207262278228066
1777384426.8049564,tb2,0.006931368250847356,0.014416799526939875
1777384426.811225,tb3,0.18000000000000002,-0.036675548799272185
1777384426.811691,tb7,0.18,0.14152645678231088
1777384426.8549232,tb2,0.09754649457723019,-0.003971702396636779
1777384426.8549078,tb1,0.18,0.45207262278228066
1777384426.8611453,tb3,-0.05300542336456391,0.09085534981845896
1777384426.861732,tb7,0.18,-0.09207559105678922
1777384426.9049585,tb1,0.18,0.10074534919674698
1777384426.9049926,tb2,0.09307073574913381,-0.0050936831836158715
1777384426.9112384,tb3,-0.18,0.06989906497298427
1777384426.9117625,tb7,0.18,-0.05101331090659337
1777384426.9547713,tb1,0.18,0.10074534919674698
1777384426.955218,tb2,0.08205847855826467,-0.006080724616969041
1777384426.9611015,tb3,-0.18,0.051046537495513834
1777384426.9617915,tb7,0.14600387682659263,0.39063939953396887
1777384427.0049367,tb2,0.04941569225972434,-0.001768608996019907
1777384427.0053785,tb1,0.18,0.10074534919674698
1777384427.0113082,tb3,0.14652280491538025,0.0753417628461085
1777384427.011693,tb7,-0.18,0.19759937141011974
1777384427.0549283,tb2,0.18,-0.033759969558380606
1777384427.0549736,tb1,0.18,0.10074534919674698
1777384427.0612087,tb3,0.18,0.01532977875829709
1777384427.061671,tb7,0.17999999999999997,-0.0837058238164838
1777384427.1048067,tb1,0.18,0.08930731128257333
1777384427.1049225,tb2,0.15805747121433328,-0.023048190351501463
1777384427.1113513,tb3,0.18,-0.013880829667769871
1777384427.1117053,tb7,0.18,-0.08883395259423557
1777384427.1547673,tb1,0.18,0.08930731128257333
1777384427.1556802,tb2,0.10451809537313163,-0.02598077782214261
1777384427.1612947,tb3,0.18,0.0004740464828647372
1777384427.161684,tb7,0.18,-0.09018443618087796
1777384427.204935,tb2,0.04264878703130406,-0.00043684799764369094
1777384427.2049265,tb1,0.18,0.08930731128257333
1777384427.2113297,tb3,0.18,-0.020919958812998452
1777384427.2118084,tb7,0.18,-0.0644400168377894
1777384427.2549217,tb1,0.18,0.08930731128257333
1777384427.2552097,tb2,0.1660284992891975,-0.042109980233919764
1777384427.2612393,tb3,0.18,0.007382338186458349
1777384427.261727,tb7,0.18,-0.07858405858374001
1777384427.3048704,tb1,0.18,0.08930722182776202
1777384427.3049872,tb2,0.12146130039674666,-0.026512032169765935
1777384427.3113503,tb3,0.1628995375812572,0.08958970533552858
1777384427.31175,tb7,0.18,0.18844444896657264
1777384427.3549602,tb1,0.18,0.08930722182776202
1777384427.35495,tb2,0.06511390379215877,-0.014349451867282082
1777384427.361212,tb3,-0.18,0.1388397422015274
1777384427.3617737,tb7,-0.18,0.22852085065149869
1777384427.4048016,tb1,0.18,0.08930722182776202
1777384427.4049337,tb2,0.010477310999173779,-0.004705327764691702
1777384427.4113116,tb3,-0.05562335427732816,0.14245230344456916
1777384427.4116812,tb7,-0.18,0.17109415101614794
1777384427.4550812,tb2,0.18,-0.056961875358808804
1777384427.4548857,tb1,0.18,0.08930722182776202
1777384427.461213,tb3,-0.18,0.09322973075383807
1777384427.4614406,tb7,0.18,-0.06359764920190031
1777384427.5048606,tb1,0.18,0.08930690195812484
1777384427.5051053,tb2,0.18,-0.06032850440945018
1777384427.5111783,tb3,-0.18,0.09003648874925281
1777384427.5118012,tb7,0.18,-0.10119856682480059
1777384427.5549326,tb2,0.16959446826602645,-0.03937592462916051
1777384427.5549793,tb1,0.18,0.08930690195812484
1777384427.5611925,tb3,-0.18,0.11081038547657598
1777384427.5616863,tb7,0.18000000000000002,-0.09920005313820217
1777384427.6049695,tb2,0.11482144964867337,-0.012628776519918198
1777384427.6050243,tb1,0.18,0.08930690195812484
1777384427.611275,tb3,0.18,-0.02328990990098494
1777384427.611916,tb7,0.18,-0.0421599325831149
1777384427.6549327,tb2,0.18,-0.02681298763195194
1777384427.6549315,tb1,0.18,0.08930690195812484
1777384427.661376,tb3,0.18,-0.044610480283020344
1777384427.6615112,tb7,0.18,-0.14468839977665354
1777384427.7049198,tb2,0.15674546831802932,-0.027041338542139172
1777384427.7048523,tb1,0.18,0.08930685643427723
1777384427.711263,tb3,0.18,-0.056450046636653484
1777384427.7117379,tb7,0.17999999999999997,-0.10622776111259925
1777384427.7550592,tb1,0.18,0.08930685643427723
1777384427.7551951,tb2,0.0843739516929718,-0.002805975847194576
1777384427.7613358,tb3,0.18,-0.06123807095428189
1777384427.7617118,tb7,-0.18,0.46940925772336856
1777384427.8049264,tb2,0.008032464801202482,0.007037495638344368
1777384427.8050325,tb1,0.18,0.08930685643427723
1777384427.8111563,tb3,0.18,-0.07024334885702742
1777384427.811748,tb7,-0.18,0.2071293444995927
1777384427.854929,tb2,0.08527295319636619,0.0026248374275187844
1777384427.8549669,tb1,0.18,0.08930685643427723
1777384427.861137,tb3,0.18,-0.07525059372006113
1777384427.861745,tb7,-0.18,0.1668916422507474
1777384427.9049344,tb2,0.04227823376014248,0.006054107020405373
1777384427.9059305,tb1,0.18,0.08930679401196806
1777384427.9111688,tb3,0.18,-0.09301635302146993
1777384427.911787,tb7,-0.18,0.08434671743943914
1777384427.954915,tb1,0.18,0.08930679401196806
1777384427.9552445,tb2,0.028822198912374798,0.011810013227308734
1777384427.9612343,tb3,0.18,-0.1059463607523311
1777384427.961724,tb7,-0.18,0.06131992755672346
1777384428.0049243,tb1,0.18,0.08930679401196806
1777384428.0049872,tb2,0.0035765321909182984,0.015539816427403926
1777384428.0111973,tb3,0.18,-0.1188948615714153
1777384428.01171,tb7,-0.18,0.07907266401484288
1777384428.0549078,tb1,0.18,0.08930679401196806
1777384428.0549889,tb2,0.09332586985666476,0.003287250817105285
1777384428.0611477,tb3,0.18,-0.10984176999123722
1777384428.0615625,tb7,0.18,0.05204695448339736
1777384428.1048124,tb1,0.18,0.08930679401196806
1777384428.10496,tb2,0.07946372182780607,0.0052474638435390086
1777384428.111174,tb3,0.18,-0.10116778327124265
1777384428.111697,tb7,0.18,0.027344330986208865
1777384428.1549368,tb2,0.06045354846523725,0.0035439195375605538
1777384428.1549666,tb1,0.18,0.08930653612917383
1777384428.161185,tb3,0.18,-0.08919541479217653
1777384428.1617522,tb7,0.18,0.00383723257728576
1777384428.2049358,tb1,0.18,0.08930653612917383
1777384428.2054977,tb2,0.030288655890566955,0.012631783432764448
1777384428.2112224,tb3,0.18,-0.08803028513298963
1777384428.211775,tb7,0.18,0.0037124692115916825
1777384428.2549353,tb1,0.18,0.08930653612917383
1777384428.2549958,tb2,-0.0024883705203526028,0.020145460791872453
1777384428.2612133,tb3,0.18,-0.08454282224815554
1777384428.2624755,tb7,0.18,-0.024414074417290696
1777384428.3049715,tb1,0.18,0.08930653612917383
1777384428.3051958,tb2,-0.030229382711524668,0.02406259843579688
1777384428.3111603,tb3,0.18,-0.04628188101546397
1777384428.3117163,tb7,0.18,-0.053262368572500454
1777384428.3549328,tb2,-0.044527177184964614,0.02644574752841105
1777384428.3550348,tb1,0.18,0.08930620312170841
1777384428.3612058,tb3,0.18,-0.013424069094567994
1777384428.3616962,tb7,0.18,-0.0429751301831537
1777384428.404937,tb2,-0.0477895595984824,0.027600440089271615
1777384428.4049704,tb1,0.18,0.08930620312170841
1777384428.4112809,tb3,0.18,-0.03795459217387647
1777384428.411736,tb7,0.18,-0.006764398173759089
1777384428.4549274,tb2,0.05692630556511642,0.013461795415254288
1777384428.4550095,tb1,0.18,0.08930620312170841
1777384428.4611607,tb3,0.18,0.009613016863715835
1777384428.4621265,tb7,0.18,-0.034521071181042584
1777384428.504955,tb1,0.18,0.08930620312170841
1777384428.5050902,tb2,0.062286519171186515,0.004380671039429665
1777384428.5111496,tb3,-0.08770335925627182,0.1263016013376348
1777384428.511712,tb7,0.18,-0.03173121918488713
1777384428.5548954,tb2,0.060500276130322043,0.0035585357153239644
1777384428.5550237,tb1,0.18,0.08930571364107126
1777384428.561169,tb3,-0.18,0.06280618091956401
1777384428.5617602,tb7,0.18,-0.00924866050527
1777384428.6048064,tb1,0.18,0.08930571364107126
1777384428.6049912,tb2,0.05319305608294182,0.010607914413561587
1777384428.611339,tb3,-0.17999999999999997,0.09266335365869574
1777384428.611513,tb7,0.18,0.11856999988003021
1777384428.654815,tb1,0.18,0.08930571364107126
1777384428.6549466,tb2,0.18,-0.015336037342904748
1777384428.6613007,tb3,-0.18,0.08746868286688543
1777384428.6616066,tb7,-0.18,0.16938573361412954
1777384428.7048361,tb1,0.18,0.08930571364107126
1777384428.7049332,tb2,0.18,-0.013847646913162674
1777384428.7112315,tb3,-0.18,0.1424008386874627
1777384428.7115917,tb7,0.18,0.027693871438339394
1777384428.7548158,tb1,0.18,0.08930515366792942
1777384428.7550523,tb2,0.16615228222207984,0.005136990259697392
1777384428.761342,tb3,0.13370848326233803,0.0775843837286465
1777384428.7616847,tb7,0.18,0.10822994570313951
1777384428.8049963,tb2,0.11909074951438825,0.042002120518455685
1777384428.8113937,tb3,0.18,-0.03499639023929843
1777384428.8117232,tb7,0.18,0.23852801351247951
1777384428.8551178,tb2,0.17181786871147192,0.048204452951214935
1777384428.861184,tb3,0.18,-0.037258904095227446
1777384428.8620296,tb7,-0.10058014751733099,0.46366529947099366
1777384428.9050303,tb2,0.09247438306172576,0.04096174730577386
1777384428.9112263,tb3,0.18,-0.03375527291678172
1777384428.911632,tb7,0.18,-0.020480060648632985
1777384428.9549358,tb2,0.01898136467245351,0.037008122866420266
1777384428.9612591,tb3,0.18,-0.03271092398968376
1777384428.9617317,tb7,0.18,-0.01549154503169872
1777384429.0050063,tb2,-0.0498932422102752,0.037849844259601265
1777384429.0112708,tb3,0.18,-0.04107884210928104
1777384429.0116746,tb7,0.18,0.08684243619303911
1777384429.0549889,tb2,0.017929300313932115,0.02092730619027419
1777384429.0612066,tb3,0.18,-0.05479759641415463
1777384429.061581,tb7,-0.18,0.3201076881261648
1777384429.104929,tb2,-0.003884120715387671,0.022958708397352628
1777384429.1111603,tb3,0.18,-0.05351122693693228
1777384429.111721,tb7,-0.18,0.19124532461006477
1777384429.1550517,tb2,-0.0077451556561504015,0.021476679771820512
1777384429.1612005,tb3,0.18,-0.03335551535961741
1777384429.1616657,tb7,-0.18,0.1783127367868035
1777384429.204984,tb2,-0.008858551667270856,0.021491734119132182
1777384429.211165,tb3,0.18,-0.033939253845935984
1777384429.2117267,tb7,-0.18,0.20901096439412142
1777384429.2549334,tb2,0.06581100297292779,0.012862483436656325
1777384429.2611592,tb3,0.18,-0.039697520917417746
1777384429.261774,tb7,-0.18,0.3049040504766401
1777384429.3049471,tb2,0.06535766787255183,0.011682815159883307
1777384429.3111746,tb3,0.18,-0.006654673663387522
1777384429.3117087,tb7,0.18,-0.09514815579393714
1777384429.355043,tb2,0.058079231200801246,0.012050151956291553
1777384429.3611822,tb3,-0.09066415261565762,0.12237863672979384
1777384429.3617425,tb7,0.18000000000000002,-0.15194090951785522
1777384429.4051094,tb2,0.04274039988853012,0.00792117939322657
1777384429.4111714,tb3,0.09040219182207097,0.0895496335923934
1777384429.4117217,tb7,0.18,-0.16914614506882772
1777384429.4549813,tb2,0.051213450657216296,-0.011273439273009972
1777384429.4612446,tb3,-0.18,0.14191826046329561
1777384429.4617922,tb7,0.18,-0.1743105023237345
1777384429.5049958,tb2,0.03341876390471054,-0.0012008515254929722
1777384429.5112302,tb3,-0.18,0.0878768080265198
1777384429.5117872,tb7,0.18,-0.19459772656083676
1777384429.5551538,tb2,0.010054975765971575,0.004758060914445688
1777384429.5612361,tb3,-0.18,0.08544913006437248
1777384429.5617392,tb7,0.18,-0.18994364638447123
1777384429.604988,tb2,-0.010096590681222274,0.014547744526159517
1777384429.6112466,tb3,0.18,0.048484216277494864
1777384429.6115823,tb7,0.18,-0.16950410216684103
1777384429.6553547,tb2,0.08653238018158803,-0.010114174901455488
1777384429.6612375,tb3,0.17999999999999997,-0.03570156813424554
1777384429.6617029,tb7,0.18,-0.15420850194300095
1777384429.7049537,tb2,0.08026947999501126,-0.003444101282670583
1777384429.711243,tb3,0.18,-0.041070169990681124
1777384429.7117481,tb7,0.18,-0.15436263413460236
1777384429.7550771,tb2,0.061225949371813686,-0.004790888978222258
1777384429.7612624,tb3,0.18,-0.036821081344404406
1777384429.7617185,tb7,0.18,-0.14003482184010535
1777384429.8049834,tb2,0.03608060117773558,-0.002482714804884341
1777384429.8111498,tb3,0.18,-0.04094264964526822
1777384429.811675,tb7,0.18,-0.11015866481330677
1777384429.8550816,tb2,0.04641075396782404,-0.005959237249338091
1777384429.861261,tb3,0.18,-0.03691213632791283
1777384429.8617191,tb7,0.17999999999999997,-0.09420580129543782
1777384429.905424,tb2,0.08684942004707577,-0.006870642733037727
1777384429.9111395,tb3,0.18,0.013054872870821094
1777384429.9118252,tb7,0.18,-0.08705568585163707
1777384429.955095,tb2,0.06392675873987476,-0.0013437276691086924
1777384429.9612134,tb3,-0.18,0.13664978015616863
1777384429.9616563,tb7,0.18,-0.06082879357360312
1777384430.0049849,tb2,0.04282989872323999,0.005059294875704105
1777384430.0111651,tb3,0.16732855689465634,0.07194492369492682
1777384430.0116677,tb7,0.18,-0.03417445267560964
1777384430.0551262,tb2,0.019612033385611065,0.010096729802480529
1777384430.0611618,tb3,-0.1794181246862471,0.1709716240141631
1777384430.0617118,tb7,0.15540561671262337,0.262319652323385
1777384430.104925,tb2,0.09679666632013537,-0.0010847961819101387
1777384430.111161,tb3,-0.18,0.120848943369436
1777384430.111694,tb7,0.18,-0.06318353392880488
1777384430.1551304,tb2,0.0794637318727913,0.0028104983640256636
1777384430.1614883,tb3,-0.18,0.11533051021742709
1777384430.1618214,tb7,0.18,-0.03669840992139125
1777384430.2049334,tb2,0.05335828163396826,0.008453898848276308
1777384430.2113364,tb3,0.18,-0.022001958592082232
1777384430.211662,tb7,-0.18,0.348370704780287
1777384430.2555032,tb2,0.13495212961418868,-0.020407908974644295
1777384430.2613432,tb3,0.18,-0.04409215175705537
1777384430.2617412,tb7,-0.18,0.14122001774722232
1777384430.3050811,tb2,0.10854880641284169,-0.015589006929012496
1777384430.3113508,tb3,0.18,-0.06889700462949551
1777384430.3117998,tb7,0.18,-0.053883472735185775
1777384430.3549938,tb2,0.07627900279939318,-0.017760941485516938
1777384430.3612301,tb3,0.18,-0.07487898752374449
1777384430.3617747,tb7,0.18000000000000002,-0.08160278538899872
1777384430.4049463,tb2,0.032441825261869485,-0.00517497712342592
1777384430.4112678,tb3,0.18,-0.08223800775573757
1777384430.4117608,tb7,0.17999999999999997,-0.1137527227603074
1777384430.4549778,tb2,-0.003432767272685188,-0.010169734211056259
1777384430.461269,tb3,0.18,-0.07936885356066314
1777384430.4617715,tb7,0.18,-0.11431423216031421
1777384430.504965,tb2,0.0066663338239614746,-0.004371140592311619
1777384430.511171,tb3,0.18,-0.07469245839321306
1777384430.5117545,tb7,-0.18,0.19193067963081797
1777384430.5552993,tb2,-0.011838748563819383,0.004175066961788463
1777384430.5612564,tb3,0.18,-0.06447198453424205
1777384430.5618231,tb7,-0.18,0.18829626849532494
1777384430.6049664,tb2,-0.01916331065902171,0.007910230162942256
1777384430.6110933,tb3,0.18,-0.06482062230711742
1777384430.6117883,tb7,-0.18,0.17659795810141313
1777384430.6551502,tb2,-0.0206460648463062,0.006040866066926875
1777384430.6611724,tb3,0.18000000000000002,-0.024131538664282796
1777384430.661955,tb7,-0.18,0.186699035423199
1777384430.7049825,tb2,0.04157556968033751,-0.01022630444142046
1777384430.7111335,tb3,-0.10615161599223348,0.12956738972603768
1777384430.711597,tb7,0.18,-0.16850331107626765
1777384430.7550604,tb2,0.04088091933762516,-0.012150264021108118
1777384430.7611775,tb3,-0.18,0.08574142126674733
1777384430.7617483,tb7,0.18,-0.1826092583632296
1777384430.8049362,tb2,0.04120142738502318,-0.008741417363424315
1777384430.8113465,tb3,-0.18,0.07912319827929662
1777384430.8119578,tb7,0.18,-0.1968747299450085
1777384430.854928,tb2,0.03492510059339812,-0.010393087801733283
1777384430.8612318,tb3,-0.18,0.07823660260612338
1777384430.8618433,tb7,0.18,-0.20179141706358084
1777384430.9049869,tb2,0.06967220336549491,-0.021557494056407136
1777384430.9112983,tb3,-0.18,0.09592462836041343
1777384430.911648,tb7,0.18,-0.19314814079512777
1777384430.9550245,tb2,0.0568043733475922,-0.020742774471100237
1777384430.961161,tb3,-0.09652001989828005,0.12623215213039532
1777384430.9618487,tb7,0.18,-0.1913326826229625
1777384431.0049741,tb2,0.04243152277281036,-0.016953059348964766
1777384431.0111659,tb3,0.18000000000000002,-0.044100539233931174
1777384431.011769,tb7,0.18,-0.19207084599795005
1777384431.0554135,tb2,0.023685906508657165,-0.012429722942608346
1777384431.0611935,tb3,0.18,-0.06393170279989763
1777384431.0618498,tb7,0.18,-0.19293663124620233
1777384431.1050916,tb2,0.003489626802680055,-0.0022768347398839798
1777384431.1111565,tb3,0.18,-0.07551904748219054
1777384431.1116955,tb7,0.18,-0.23250980489406198
1777384431.1549366,tb2,-0.01311367482076908,0.0059837127439669275
1777384431.1612132,tb3,0.18,-0.08010975084693836
1777384431.1617358,tb7,0.18,-0.2373116813554927
1777384431.2050307,tb2,-0.023387174416178144,0.011376700573541199
1777384431.2112682,tb3,0.18,-0.07997359571424907
1777384431.2117307,tb7,0.18,-0.2373116813554927
1777384431.2550626,tb2,-0.02734489843110538,0.011093171033806363
1777384431.255028,tb1,-0.18,-1.4030715491064654
1777384431.2612371,tb3,0.18,-0.07807924337851402
1777384431.2617579,tb7,0.18,-0.39233430498475397
1777384431.3051522,tb2,0.034936526441569776,-0.0022172915126383525
1777384431.3051386,tb1,-0.13104253639504898,-1.5
1777384431.311779,tb7,0.18,-0.3923343084286437
1777384431.3113751,tb3,0.18,-0.07771532778199579
1777384431.355089,tb2,0.034969474214788805,-0.0039859827318453975
1777384431.35509,tb1,-0.08785845057248425,-1.5
1777384431.3611712,tb3,0.054207033818127054,0.029090904971792793
1777384431.3616972,tb7,0.18,-0.4766912134557007
1777384431.4048607,tb1,0.012929183911790746,-1.5
1777384431.404925,tb2,0.035418094278276656,-0.002205200697969836
1777384431.4113767,tb3,-0.15819267302026396,0.1254854695310621
1777384431.4117224,tb7,0.18,-0.4950372472508477
1777384431.4551234,tb2,0.03268442181475687,-0.0037676575550066437
1777384431.4553533,tb1,0.037421996510177635,1.5
1777384431.4611664,tb3,-0.18,0.09669391577294646
1777384431.461711,tb7,0.18,-0.5215262341909697
1777384431.5050006,tb1,0.01792625761248283,1.5000000000000002
1777384431.5051768,tb2,0.14074223612832423,-0.03345233777191532
1777384431.51122,tb3,-0.18,0.09665640730269605
1777384431.511774,tb7,0.18,-0.5416254580368323
1777384431.5548425,tb1,-0.0010366036266646697,1.5
1777384431.5552135,tb2,0.12829038369918155,-0.035668313109885975
1777384431.5612817,tb3,-0.18,0.10359545370510878
1777384431.5617073,tb7,0.18,-0.5537843401137337
1777384431.6049256,tb1,-0.019890711942244555,1.5
1777384431.6050825,tb2,0.10667000201011026,-0.04748289202985329
1777384431.611166,tb3,0.18,-0.07235025330457731
1777384431.6117423,tb7,0.18,-0.5521022051418456
1777384431.6550279,tb1,-0.037801620842660734,1.5
1777384431.6550708,tb2,0.06845799123464931,-0.04429911951681866
1777384431.6612318,tb3,0.18,-0.08537403875889518
1777384431.6617463,tb7,0.18,-0.600699631653589
1777384431.7048542,tb1,-0.05271429798552366,1.5
1777384431.7051115,tb2,0.10132249689729135,-0.06386855126717941
1777384431.711176,tb3,0.18,-0.08686071514222553
1777384431.711677,tb7,0.18,-0.6910017004807322
1777384431.7549493,tb1,-0.06288054550306425,1.5
1777384431.7551508,tb2,0.06751617817600375,-0.05401809788516125
1777384431.7613719,tb3,0.18,-0.08616737933932322
1777384431.7616835,tb7,0.18,-0.6889029031101515
1777384431.8049605,tb2,0.027969524171168044,-0.02489783702616226
1777384431.8049517,tb1,0.07901160829840538,-1.5
1777384431.8112981,tb3,0.18,-0.08490621820311862
1777384431.8117194,tb7,0.18,-0.6126306484184108
1777384431.8550162,tb1,0.0954516024236931,-1.5
1777384431.8551493,tb2,-0.006311562583161815,-0.02495690699216751
1777384431.8612003,tb3,0.18,-0.08099717442086578
1777384431.861652,tb7,0.18,-0.4808935433646868
1777384431.905004,tb2,0.03126668267317458,-0.032167263586297484
1777384431.9049866,tb1,0.11102777113764468,-1.5
1777384431.9111824,tb3,0.18,-0.07515982314848042
1777384431.9116957,tb7,0.18,-0.2706203474366066
1777384431.9550772,tb2,0.01879942158828299,-0.025624004344134647
1777384431.955077,tb1,0.12086747696773331,-1.5
1777384431.9611804,tb3,0.18,-0.07528201214012593
1777384431.9616804,tb7,0.18,-0.027338288706352604
1777384432.0047297,tb1,0.12757512138935378,-1.5
1777384432.0049663,tb2,0.011242439113706986,-0.01809848013845015
1777384432.01124,tb3,0.18,-0.07455505368437187
1777384432.0117042,tb7,0.18,0.24409075283210047
1777384432.054756,tb1,0.14064667759909588,-1.5
1777384432.0549757,tb2,0.0024504825170843297,-0.012639920293669926
1777384432.0612218,tb3,0.18,-0.040763816858909584
1777384432.061688,tb7,0.18,0.5804091701476942
1777384432.1047237,tb1,0.15991407286145404,-1.5
1777384432.105066,tb2,0.10608049728001659,-0.031913625384809775
1777384432.1111298,tb3,-0.18,0.12776024426063298
1777384432.1115887,tb7,-0.18,-0.9720164628151314
1777384432.154736,tb1,0.18,-1.4651093798624748
1777384432.1549883,tb2,0.09823347821246735,-0.02188646963692234
1777384432.161348,tb3,-0.18,0.07389179698613864
1777384432.1618135,tb7,-0.18,-1.3688083828065807
1777384432.2047312,tb1,0.18,-1.2758430084401162
1777384432.204959,tb2,0.08611840432611896,-0.029195192912541117
1777384432.2112958,tb3,-0.18,0.08062217840520522
1777384432.2116873,tb7,-0.13135565312723885,-1.5
1777384432.2550764,tb1,0.18,-1.179926342964877
1777384432.2551982,tb2,0.05638518479352235,-0.022934367422582175
1777384432.2611609,tb3,-0.18,0.09469911384295208
1777384432.2617939,tb7,-0.045894881759004455,-1.5
1777384432.3050542,tb2,0.07646029650299392,-0.021236479055231995
1777384432.3053732,tb1,0.18,-1.1823272097355408
1777384432.3111572,tb3,-0.09349500429093452,0.10368588635562115
1777384432.311696,tb7,0.03922211318848215,1.5
1777384432.3548954,tb1,0.18,-1.2130991652317524
1777384432.3551013,tb2,0.04725155651255617,-0.012109161328601344
1777384432.3612251,tb3,0.17999999999999997,-0.016798260230105604
1777384432.3617275,tb7,0.002772396074613433,1.5
1777384432.405085,tb2,0.017736264907396444,-0.0009174055276164525
1777384432.4051466,tb1,0.18,-1.1396853770185869
1777384432.4111342,tb3,0.18,-0.06782644919625878
1777384432.4118097,tb7,-0.03329597641690871,1.5
1777384432.4547262,tb1,0.18,-0.9909260495060732
1777384432.4553034,tb2,-0.00039639893040137536,0.004126332014046314
1777384432.4612598,tb3,0.17999999999999997,-0.07161018726106551
1777384432.4617283,tb7,0.06897218071267038,-1.4999999999999998
1777384432.5047808,tb1,0.18,-0.8145863137352104
1777384432.505123,tb2,-0.058184313307978866,0.016077236861699415
1777384432.5114925,tb3,0.18,-0.06601212498133371
1777384432.5117662,tb7,0.10122764967463016,-1.5
1777384432.554833,tb1,0.18,-0.6462774404149196
1777384432.5551805,tb2,-0.06977859700578339,0.025560533658215076
1777384432.5612044,tb3,0.18,-0.05450457399157752
1777384432.561694,tb7,0.12493956484987224,-1.5
1777384432.6049378,tb1,0.18,-0.5370348582101587
1777384432.6049435,tb2,-0.06786896662241089,0.024814070793195853
1777384432.6115358,tb3,0.18,-0.045153851615701665
1777384432.6118217,tb7,0.14616856247864823,-1.5
1777384432.6547196,tb1,0.18,-0.528119905799812
1777384432.655009,tb2,-0.054072899959718035,0.019847246490929837
1777384432.6613004,tb3,0.18,-0.012033952152896273
1777384432.661813,tb7,0.1662284571722293,-1.5
1777384432.704721,tb1,0.18,-0.5026366235488573
1777384432.7050323,tb2,0.04795927830069409,0.002365865393604126
1777384432.7113125,tb3,-0.167716704228518,0.13345650132735737
1777384432.7117603,tb7,0.18,-1.4701718708504512
1777384432.7549176,tb1,0.18,-0.4865119291951716
1777384432.7550566,tb2,0.061272271404132564,-0.0030189429858127814
1777384432.761174,tb3,-0.18,0.07356364179279677
1777384432.7617464,tb7,0.18,-1.3560827663572383
1777384432.80479,tb1,0.18,-0.5221920658627482
1777384432.8049476,tb2,0.07464003108001009,-0.0039208284933957465
1777384432.811197,tb3,-0.18,0.07575758499581811
1777384432.8117278,tb7,0.18,-1.2639654701835055
1777384432.85491,tb1,0.18,-0.5253232900471003
1777384432.8549626,tb2,0.07288653865909306,-0.006146809681976386
1777384432.8612034,tb3,-0.18,0.07971655897145968
1777384432.861641,tb7,0.18,-1.185248866321695
1777384432.9049914,tb1,0.18,-0.5261285641581838
1777384432.904928,tb2,0.012901586303165874,0.002656776227590253
1777384432.9112327,tb3,-0.18,0.09557003333466559
1777384432.9117362,tb7,0.18,-1.138847497915872
1777384432.9547935,tb1,0.18,-0.5382756289723203
1777384432.9551935,tb2,-0.0029048521311910614,0.0010941881979292733
1777384432.9611769,tb3,0.05558435106860214,0.05762674677847378
1777384432.9616635,tb7,0.18,-1.0585943625323322
1777384433.0049345,tb1,0.18,-0.5342266339346019
1777384433.005026,tb2,-0.011946209469929992,0.0025335325893988884
1777384433.011332,tb3,0.18,-0.04641790596796115
1777384433.0116944,tb7,0.18,-0.9503878013438456
1777384433.0548794,tb1,0.18,-0.5002978814417817
1777384433.0550854,tb2,-0.01952369864963567,0.005872359310901808
1777384433.0613348,tb3,0.18,-0.05924035900423712
1777384433.0616565,tb7,0.18,-0.9512844027665696
1777384433.1049538,tb1,0.18,-0.46511902620177253
1777384433.1050313,tb2,-0.059902036185999485,0.015230569349632652
1777384433.1111987,tb3,0.18,-0.06329572196400679
1777384433.111698,tb7,0.18,-0.9421851855688214
1777384433.1551528,tb1,0.18,-0.42256229176664295
1777384433.1551654,tb2,-0.06117093806186025,0.01685847954230227
1777384433.1612275,tb3,0.18,-0.06833021393226761
1777384433.1616924,tb7,0.18,-0.9048669665967626
1777384433.2050107,tb1,0.18,-0.38047777939907634
1777384433.2053657,tb2,-0.05758647644831373,0.015601594938478815
1777384433.211262,tb3,0.18,-0.056237238178699765
1777384433.2116442,tb7,0.18,-0.8656237406318106
1777384433.2548614,tb1,0.18,-0.34252277910611584
1777384433.2549677,tb2,-0.046526716264629925,0.015204610159240692
1777384433.2612393,tb3,0.153529747329787,0.004533261334141751
1777384433.2616606,tb7,0.18,-0.8183569637889513
1777384433.3050282,tb1,0.18,-0.3123772290011331
1777384433.3050888,tb2,0.10222648757403191,-0.01603901741227606
1777384433.31122,tb3,0.18,-0.0461144481706334
1777384433.3116817,tb7,0.18000000000000002,-0.7122391644863888
1777384433.3550224,tb2,0.11515121096802576,-0.020437344364087413
1777384433.3550797,tb1,0.18,-0.2886272890862796
1777384433.3613842,tb3,-0.18,0.1345937861925963
1777384433.3617969,tb7,0.18,-0.5849300419682663
1777384433.404889,tb1,0.18,-0.25619871348262013
1777384433.4049704,tb2,0.11901491250229489,-0.02487023863679906
1777384433.4112847,tb3,-0.18,0.08122498479213248
1777384433.411857,tb7,0.18,-0.478148261342753
1777384433.4549751,tb2,0.10753123451289537,-0.02824611942049765
1777384433.455019,tb1,0.18,-0.22778095340525523
1777384433.461251,tb3,-0.18,0.07547140428360768
1777384433.4618442,tb7,0.18,-0.360675864859709
1777384433.5049164,tb2,0.0897229046004765,-0.028331696063423586
1777384433.5049927,tb1,0.18,-0.06764315759226144
1777384433.5113254,tb3,-0.18,0.08100519485998411
1777384433.5117126,tb7,0.18,-0.25535471179821145
1777384433.5547342,tb1,0.18,0.10315228496917514
1777384433.554972,tb2,0.05798015430360506,-0.010968228566470681
1777384433.5614543,tb3,-0.17999999999999997,0.09022004577892724
1777384433.5617592,tb7,0.18,-0.14519135391925508
1777384433.6047745,tb1,0.18,0.29328801778022745
1777384433.605143,tb2,0.02085060819348993,-0.002275993314451116
1777384433.6114006,tb3,-0.18,0.11768952059132445
1777384433.611723,tb7,0.18,-0.038928105245827294
1777384433.6551108,tb1,0.18,0.4780346010163279
1777384433.6552312,tb2,-0.003962066283634448,0.005443035308055666
1777384433.6614707,tb3,0.18,-0.060535741838946916
1777384433.6617398,tb7,0.18,0.07620651675768937
1777384433.7047703,tb1,0.18,0.6695598182183461
1777384433.7049453,tb2,-0.023512873861346855,0.00662423989916382
1777384433.711406,tb3,0.18,-0.08203968665927211
1777384433.7117496,tb7,0.18,0.19906626378148667
1777384433.7547638,tb1,0.18,0.8534250438398291
1777384433.7552094,tb2,-0.03626481159234771,0.0070456453273392994
1777384433.7613251,tb3,0.18,-0.09228923540671798
1777384433.7617922,tb7,0.18,0.3214326609849057
1777384433.804742,tb1,0.18,1.0297658848599889
1777384433.8051534,tb2,-0.04062382839079307,0.008550512777326956
1777384433.8112223,tb3,0.18,-0.10763797724834964
1777384433.8117452,tb7,0.18,0.42926488131891744
1777384433.8548722,tb1,0.18,1.1710965159296503
1777384433.8549736,tb2,-0.07523040478727762,0.013878855575881774
1777384433.8612158,tb3,0.18,-0.10763797724834964
1777384433.8616548,tb7,0.18,0.7661933340974381
1777384433.9048743,tb1,0.1541871517353902,1.5
1777384433.9049797,tb2,-0.18,0.028208156158667723
1777384433.9113321,tb3,0.18,-0.10760328548574817
1777384433.9116993,tb7,0.17999999999999997,0.79183704610869
1777384433.9549682,tb2,-0.18,0.024813571114319092
1777384433.9550574,tb1,0.14870547097567563,1.5
1777384433.9614336,tb3,0.18,-0.10760328548574817
1777384433.9617002,tb7,0.18,0.8880580511957573
1777384434.0047333,tb1,0.13844894756941842,1.5000000000000002
1777384434.0051425,tb2,-0.18,0.025876587111721288
1777384434.0113654,tb3,0.18,-0.10760328548574817
1777384434.0117202,tb7,0.18,0.9956902932214752
1777384434.054932,tb2,-0.1674535230459579,0.020065539446001188
1777384434.05491,tb1,0.13967481462857237,1.5
1777384434.0613804,tb3,0.18,-0.10755437385718133
1777384434.0617118,tb7,0.18,1.0611237375758307
1777384434.104856,tb1,0.14230530265014776,1.5
1777384434.1049268,tb2,-0.18,0.03706059513190638
1777384434.1113036,tb3,0.18,-0.10755437385718133
1777384434.111902,tb7,0.18,1.1155112988524698
1777384434.1549447,tb2,-0.18000000000000002,0.03903274083429677
1777384434.1550553,tb1,0.15652119711841622,1.4999999999999998
1777384434.161187,tb3,0.18,-0.10755437385718133
1777384434.161602,tb7,0.18,1.15221734106785
1777384434.204763,tb1,0.16799018078221467,1.5
1777384434.2049255,tb2,-0.18,0.040390981538616144
1777384434.2112076,tb3,0.18,-0.10755437385718133
1777384434.2116897,tb7,0.18,1.2001442737310013
1777384434.254765,tb1,0.18,1.4829307931026359
1777384434.2550762,tb2,-0.18,0.040711672968617975
1777384434.2614264,tb3,0.07104202848241054,1.5
1777384434.2617297,tb7,0.18,1.236694825937498
1777384434.3051505,tb1,0.18,1.4027894010651045
1777384434.3051705,tb2,-0.18,0.045083668230907904
1777384434.3112903,tb3,0.007484290884037772,1.5
1777384434.311813,tb7,0.18,0.9753702137742286
1777384434.3547523,tb1,0.18,1.3109279258317628
1777384434.3549566,tb2,-0.14741375319549496,0.028800088559986857
1777384434.3612475,tb3,-0.034070472552217825,1.5
1777384434.3619301,tb7,0.18,0.9719178814074316
1777384434.4049408,tb1,0.18,1.2619569374358313
1777384434.405014,tb2,-0.08252160413642784,0.012225709505829938
1777384434.411168,tb3,-0.09591788763587093,1.5
1777384434.41176,tb7,0.18,0.9716493764473761
1777384434.4548128,tb1,0.18,1.2070373463398487
1777384434.4553406,tb2,-0.008640172862070972,-0.02163934300837967
1777384434.4611976,tb3,-0.09591788763587093,1.5
1777384434.4617393,tb7,0.18,0.9917636403445204
1777384434.5048847,tb1,0.18,1.1513130352933703
1777384434.5049589,tb2,0.0044748845723336554,-0.02749838521738789
1777384434.5114353,tb3,-0.18,1.4116920626005265
1777384434.511731,tb7,0.18,0.5273829426802988
1777384434.5549216,tb1,0.18,0.040824300707869535
1777384434.5553741,tb2,0.033390195673637636,-0.03416857890428033
1777384434.5612948,tb3,-0.18,1.041367642165672
1777384434.561965,tb7,0.18,0.544189358899172
1777384434.6049986,tb2,0.0469513987205926,-0.02951417519492176
1777384434.6050754,tb1,0.18,0.031637403669699804
1777384434.6113715,tb3,-0.18,0.8294810725392535
1777384434.6117547,tb7,0.18,0.5714381123530164
1777384434.6549478,tb2,0.04729903228649041,-0.025754760048523877
1777384434.6551049,tb1,0.18,0.07214579861814217
1777384434.6612809,tb3,-0.18,0.6963355903839661
1777384434.6617002,tb7,0.18,0.6101831149255652
1777384434.705113,tb1,0.18,0.1266429609690567
1777384434.7052727,tb2,-0.012860140478466226,-0.0016856430196291177
1777384434.7112448,tb3,-0.18,0.617201675438191
1777384434.7116964,tb7,0.18,0.2831244906897814
1777384434.755007,tb1,0.18,-0.12699502154370473
1777384434.7550504,tb2,-0.020054039880701164,-0.0046889632998440445
1777384434.7611833,tb3,-0.18,0.49692589085623184
1777384434.7618012,tb7,0.18,0.32899722328915043
1777384434.8047287,tb1,0.18,0.016659271927222823
1777384434.8050425,tb2,-0.025642054515366757,0.002910534461774442
1777384434.811273,tb3,-0.18,0.37657805867415445
1777384434.811759,tb7,0.18,0.3560199861147094
1777384434.8547385,tb1,0.17999999999999997,0.13314382688133317
1777384434.8549175,tb2,-0.026078952413494692,0.0043950601098060905
1777384434.8613822,tb3,-0.18,0.3036117266562459
1777384434.8617795,tb7,0.18,0.42295808536705626
1777384434.9047294,tb1,0.17999999999999997,0.26116150200380117
1777384434.9051108,tb2,-0.02098673747622811,0.006304449770750167
1777384434.9111633,tb3,-0.18,0.26257841339428994
1777384434.9117002,tb7,0.18,0.5027895378735284
1777384434.9549642,tb1,0.17999999999999997,0.38633985081868427
1777384434.9551635,tb2,-0.02068486697398327,0.006014706025543749
1777384434.9613545,tb3,-0.18,0.2810107835375068
1777384434.9617932,tb7,0.18,0.5763550654180157
1777384435.0048165,tb1,0.18,0.5030960211273184
1777384435.0051856,tb2,-0.022257564971101526,0.014201108059106512
1777384435.0111542,tb3,-0.18,0.30799175626197894
1777384435.0117862,tb7,0.17999999999999997,0.6227439318845881
1777384435.0550282,tb2,-0.01805437324382314,0.01672612186771333
1777384435.055035,tb1,0.18,0.5696326292435279
1777384435.0611765,tb3,-0.18,0.33083003035832614
1777384435.0616627,tb7,0.18,0.661144440221935
1777384435.1047938,tb1,0.18,0.6918110259323682
1777384435.1049042,tb2,-0.01264599137132855,0.015621528935645869
1777384435.111138,tb3,-0.18,0.35301329965970746
1777384435.111796,tb7,0.18,0.717183223251529
1777384435.1549644,tb2,-0.002930868705305885,0.005666032937905803
1777384435.1550012,tb1,0.18,0.7374973628000763
1777384435.1611733,tb3,-0.18,0.4276493379154395
1777384435.1618297,tb7,0.18,0.7819536508907439
1777384435.2047415,tb1,0.18,0.8036681220143559
1777384435.2049534,tb2,-0.002728508462025109,0.010889819726398013
1777384435.2113943,tb3,-0.18,0.4476581430466772
1777384435.211729,tb7,0.18,0.8143600604394229
1777384435.2547083,tb1,0.18,0.8304308153164485
1777384435.2549815,tb2,0.00021874759170938698,0.009639111292587656
1777384435.261171,tb3,-0.18,0.4660280694922253
1777384435.2616374,tb7,0.18000000000000002,0.8261371755993359
1777384435.3049607,tb2,0.0013762332866641058,0.00850628090956508
1777384435.3050475,tb1,0.18,0.844691079500807
1777384435.3113725,tb3,-0.18,0.4936661599861312
1777384435.3117805,tb7,0.18,0.8496671118580673
1777384435.3548257,tb1,0.18,0.8791942550461164
1777384435.3549514,tb2,0.0038259119124296383,0.019370846661793686
1777384435.3612514,tb3,-0.18,0.516417725649322
1777384435.3617032,tb7,0.18,0.882685309184115
1777384435.404737,tb1,0.18,0.8687168628285741
1777384435.4050043,tb2,0.008285294454681782,-0.0038165545025288235
1777384435.411243,tb3,-0.18,0.5513195863228075
1777384435.4118106,tb7,0.18,0.9128506258399004
1777384435.4550686,tb1,0.18,0.8743414778391733
1777384435.4551008,tb2,0.007747214657520215,-0.006307839105552676
1777384435.4612005,tb3,-0.18,0.5896951712481238
1777384435.4617205,tb7,0.18,0.8980360834775445
1777384435.5049217,tb1,0.18,0.858382773981332
1777384435.505317,tb2,0.007087590415930334,-0.0042008036511043375
1777384435.5111485,tb3,-0.18,0.6240740163093448
1777384435.5117059,tb7,0.18,0.8817263120140673
1777384435.554903,tb1,0.18,0.8393995346370302
1777384435.554946,tb2,0.009009329050751068,-0.0004973026783740758
1777384435.561259,tb3,-0.18,0.6741794722771441
1777384435.561735,tb7,0.18,0.8651109420714297
1777384435.6047924,tb1,0.18,0.8337708118277563
1777384435.6049461,tb2,0.008340662885376632,-0.0026043717218458932
1777384435.6114047,tb3,-0.18,0.7128082365035592
1777384435.6117373,tb7,0.18,0.851783237190367
1777384435.6550002,tb1,0.18,0.8203699741037938
1777384435.6553018,tb2,0.009558751608439648,-0.0015821525381773372
1777384435.6611822,tb3,-0.18,0.7594373417152588
1777384435.6617184,tb7,0.18,0.824014432754198
1777384435.7047992,tb1,0.18,0.8103296839124461
1777384435.7049496,tb2,0.009238735027611899,-0.0015867422295926146
1777384435.7111735,tb3,-0.18,0.8057194032379462
1777384435.711725,tb7,0.18,0.7915597212045498
1777384435.7548,tb1,0.18,0.7737888180979505
1777384435.7550836,tb2,0.009236270936487703,-0.006049150292194282
1777384435.7613773,tb3,-0.18,0.8513507482448486
1777384435.761889,tb7,0.18,0.7785383958073911
1777384435.804779,tb1,0.18,0.8170962939972048
1777384435.804963,tb2,0.009458138817900738,-0.0020812309612477024
1777384435.8111053,tb3,-0.18,0.9080726428390394
1777384435.8116865,tb7,0.18,0.7699589297727096
1777384435.8549688,tb1,0.18,0.95637320607611
1777384435.8552995,tb2,0.009551267888680853,-0.00123728454305174
1777384435.8611705,tb3,-0.18,0.972262035481151
1777384435.8617234,tb7,0.18,0.7314062169373462
1777384435.9047203,tb1,0.18,0.9216401593293053
1777384435.9053419,tb2,0.00257146422193594,-0.00026490795023792826
1777384435.9113376,tb3,-0.18,1.0278115810985309
1777384435.911711,tb7,0.18,0.6832258785243924
1777384435.9550247,tb1,0.18,0.9757617030627167
1777384435.95508,tb2,0.00687535027340453,-0.006222829703753355
1777384435.9612992,tb3,-0.18,1.0925238538593234
1777384435.9617567,tb7,0.18,0.6285716764509133
1777384436.005243,tb1,0.18,0.9651055542996015
1777384436.0053036,tb2,0.006940958491897115,-0.005454453037918385
1777384436.011347,tb3,-0.18,1.1715067498527159
1777384436.0117993,tb7,0.18,0.6174612281696185
1777384436.0547397,tb1,0.18,0.9408030326981323
1777384436.0549798,tb2,0.00744021616294086,-0.003373970062276292
1777384436.0613627,tb3,-0.18,1.2537098181595805
1777384436.0616858,tb7,0.18,0.5645928634797264
1777384436.1047752,tb1,0.18,0.8657287954275698
1777384436.1049538,tb2,-0.057828401585312335,0.012521763814314163
1777384436.1113694,tb3,-0.18,1.3481532393124551
1777384436.1117013,tb7,0.18,0.5600278410536174
1777384436.1549673,tb1,0.18,0.79487499331818
1777384436.1550288,tb2,-0.057850997421268494,0.014714371292745856
1777384436.1611838,tb3,-0.18,1.4468442482066248
1777384436.1618724,tb7,0.18,0.5219648102486818
1777384436.2048538,tb1,0.18,0.7488179320813491
1777384436.2049372,tb2,-0.052408944137404524,0.014028093848080037
1777384436.211268,tb3,-0.17237799486742095,1.5
1777384436.211729,tb7,0.18,0.5002880230616309
1777384436.2550209,tb2,-0.039173552145062206,0.010065098853256182
1777384436.2549999,tb1,0.18,0.6963484586928427
1777384436.2613423,tb3,-0.1595881551829111,1.5
1777384436.261717,tb7,0.18,0.44507843750995185
1777384436.3049164,tb1,0.18,0.6686901541511818
1777384436.3050303,tb2,-0.02312411847883775,0.01069171062905705
1777384436.3112693,tb3,-0.14813773057423146,1.5
1777384436.3116984,tb7,0.18,0.41982793189962886
1777384436.3549361,tb2,-0.008643192747628575,0.006538396031634486
1777384436.3549552,tb1,0.18,0.6071036400304298
1777384436.361238,tb3,-0.13918730755597827,1.5
1777384436.361596,tb7,0.18,0.3714530127079592
1777384436.404775,tb1,0.18,0.5422090293700353
1777384436.404949,tb2,0.002045374744544156,0.002955917132144041
1777384436.4112632,tb3,-0.125619858562806,1.5
1777384436.4118166,tb7,0.18,0.3250734226688327
1777384436.4548707,tb1,0.18,0.5087471293747343
1777384436.4552083,tb2,0.008459918512925314,-0.0027275976466068913
1777384436.4612072,tb3,-0.11278137541590384,1.5
1777384436.4618592,tb7,0.18,0.265859372351691
1777384436.5047743,tb1,0.18,0.46988720682992635
1777384436.5050821,tb2,0.011236023068746237,-0.0010092852465465286
1777384436.5114174,tb3,-0.09638809166425635,1.5
1777384436.511798,tb7,0.18,0.23376081201269197
1777384436.5548558,tb1,0.18,0.43449457813207826
1777384436.5549757,tb2,0.01193660005892925,-0.00351494695559418
1777384436.5612283,tb3,-0.07607034437463697,1.5
1777384436.5617516,tb7,0.18,0.18438093609431158
1777384436.604872,tb1,0.18,0.36554648819689745
1777384436.6049619,tb2,0.01214805757675048,-0.0035298968331031206
1777384436.6112745,tb3,-0.05775308315302452,1.5
1777384436.6117723,tb7,0.18,0.13684910649696877
1777384436.6551595,tb1,0.18,0.31496657191007016
1777384436.6551623,tb2,0.012944155485338286,-0.003042647205021222
1777384436.6613724,tb3,-0.039564157479735004,1.5
1777384436.6618586,tb7,0.18,0.07896505007072743
1777384436.7047212,tb1,0.18,0.312862547844734
1777384436.704976,tb2,0.01239473577957254,-0.00397868903738399
1777384436.7113369,tb3,-0.007667078778550586,1.5
1777384436.711801,tb7,0.18,0.3144840503407296
1777384436.755056,tb2,0.011164355644561277,-0.00698038867605309
1777384436.7552068,tb1,0.18,0.26203584015250014
1777384436.7613482,tb3,0.04081836149122304,1.5
1777384436.7617197,tb7,0.18,0.287266441054899
1777384436.80493,tb2,0.011067002423489809,-0.0075363725473668736
1777384436.8049273,tb1,0.18,0.21173181022147375
1777384436.8112257,tb3,0.16808583066612792,1.5
1777384436.8117123,tb7,0.18,0.26560313776109806
1777384436.8548586,tb1,0.18,0.18145110811855364
1777384436.8553488,tb2,0.010375843447477174,-0.00695053343455921
1777384436.8612866,tb3,0.18,-0.17733691279448457
1777384436.861952,tb7,0.18,0.21236870184228127
1777384436.9049995,tb1,0.18,0.1668422257674837
1777384436.905047,tb2,0.008134352080888188,-0.011177479561869725
1777384436.91124,tb3,0.18,-1.0967911381745887
1777384436.9117594,tb7,0.18,0.16663970588976706
1777384436.9547727,tb1,0.18,0.17460713197391442
1777384436.9549294,tb2,0.004940942811851335,-0.010552397312147983
1777384436.9611335,tb3,0.10702543746465552,-1.5
1777384436.9615834,tb7,0.18,0.11227780462514218
1777384437.004989,tb2,0.0027214271517375715,-0.009333018372593916
1777384437.0047235,tb1,0.18,0.15693737123627938
1777384437.0112708,tb3,0.09796369576363523,-1.5
1777384437.0117857,tb7,0.18,0.05982274400842469
1777384437.0547256,tb1,0.18,0.12796443024824342
1777384437.054942,tb2,0.001637890285094211,-0.009486728637398044
1777384437.0612683,tb3,0.11054130584871485,-1.5
1777384437.0617573,tb7,0.18000000000000002,0.0037385754728059177
1777384437.1048284,tb1,0.18,0.10379003488182428
1777384437.1050313,tb2,0.00011314673780302379,-0.008754707915571567
1777384437.1112761,tb3,0.16002407195403653,-1.5
1777384437.1119187,tb7,0.18,-0.06904117545699635
1777384437.1549668,tb1,0.18,0.09131540720754135
1777384437.1550195,tb2,-0.0005621863139705104,-0.005856523727218853
1777384437.1612747,tb3,0.18,-0.6539237261817586
1777384437.1617205,tb7,0.18,-0.10175054786935885
1777384437.2049174,tb1,0.18,0.07648224566312317
1777384437.205256,tb2,-0.000701209858543377,-0.0067250544819876966
1777384437.2112768,tb3,0.18,1.020786071244837
1777384437.2116985,tb7,0.18,-0.16812967551278138
1777384437.254769,tb1,0.18000000000000002,0.06508204245841327
1777384437.254973,tb2,-0.0002899483620326911,-0.008665504012643762
1777384437.261165,tb3,0.062201630529986174,1.5
1777384437.2617848,tb7,0.18000000000000002,-0.2171414888576097
1777384437.3049304,tb2,-0.0007126523238910006,-0.005031440780835722
1777384437.3048697,tb1,0.18000000000000002,0.0597186449226736
1777384437.3113453,tb3,0.01485946769169108,1.5
1777384437.311784,tb7,0.18,-0.18872631392723663
1777384437.3547294,tb1,0.18,0.07933027345160217
1777384437.3549354,tb2,-0.0008790089220151906,-0.007114814868071265
1777384437.36118,tb3,0.00021465335612411363,1.5
1777384437.3616643,tb7,0.18,-0.1954831454648398
1777384437.4047313,tb1,0.18,0.049598704173951076
1777384437.4050314,tb2,-0.0011922868418988105,-0.007991895366330477
1777384437.4112616,tb3,0.004237532709925019,1.5
1777384437.4117506,tb7,0.18,-0.24647253852815634
1777384437.4548924,tb1,0.18,0.04784562591563053
1777384437.4551232,tb2,-0.001010080856712282,-0.009549228457387612
1777384437.461163,tb3,0.026427397668607324,1.5
1777384437.4617755,tb7,0.18,-0.17965315193829454
1777384437.5049584,tb1,0.18,0.05652326376537971
1777384437.5050664,tb2,-0.0010225475129772561,-0.006206017314382004
1777384437.5111735,tb3,0.07590884622074268,1.5
1777384437.5116417,tb7,0.18,-0.1668865013895243
1777384437.5549877,tb1,0.18,0.03520516354654669
1777384437.5550177,tb2,-0.001331238540864723,-0.008226119674056028
1777384437.5612423,tb3,0.18,0.7592169577303134
1777384437.5618043,tb7,0.17999999999999997,-0.09537389881787091
1777384437.6049497,tb2,-0.001393679088072296,-0.007922368530411898
1777384437.6050918,tb1,0.18,0.02949868676209529
1777384437.611206,tb3,0.18,-1.0268608436252158
1777384437.6117713,tb7,0.18,-0.09737589290464224
1777384437.6547341,tb1,0.18,0.05404539105523597
1777384437.6549113,tb2,-0.0009185882906548556,-0.006116485170716877
1777384437.661253,tb3,0.11375067447852746,-1.5000000000000002
1777384437.6617515,tb7,0.18,-0.11082160853201212
1777384437.7050486,tb1,0.18,0.03788137220129159
1777384437.7052796,tb2,-0.0009666998481485552,-0.0063486493293328
1777384437.7112527,tb3,0.08027445003337975,-1.5
1777384437.711769,tb7,0.18,-0.0713151893929729
1777384437.7549372,tb2,-0.0013962746489192413,-0.008264803850132878
1777384437.7549458,tb1,0.18,0.016930368076139558
1777384437.761228,tb3,0.07193866384261526,-1.5
1777384437.7617917,tb7,0.18,-0.08198116037336838
1777384437.8050234,tb2,-0.0014451719082632128,-0.007602593286659765
1777384437.8050358,tb1,0.18,0.029888594971790482
1777384437.8112447,tb3,0.08613857379481175,-1.5
1777384437.811761,tb7,0.18,-0.09754020623339228
1777384437.8549612,tb2,-0.0008634463825543541,-0.006166813680053268
1777384437.8549712,tb1,0.18,0.05759000878372517
1777384437.8612337,tb3,0.13197528245392026,-1.5
1777384437.8617427,tb7,0.18,-0.08609703764327488
1777384437.9047868,tb1,0.18000000000000002,0.05468645318079877
1777384437.9050338,tb2,-0.0010186895274290955,-0.006680363695096273
1777384437.911219,tb3,0.18,-0.6803801167089973
1777384437.9117806,tb7,0.18,-0.06083559098671118
1777384437.9548926,tb1,0.17999999999999997,0.059430282304696186
1777384437.9553046,tb2,-0.0014303267593956403,-0.00798768474809489
1777384437.9612732,tb3,0.18,1.1809426034609458
1777384437.9617295,tb7,0.18,-0.07909294366672154
1777384438.0047235,tb1,0.18,0.08682814814118014
1777384438.0051491,tb2,-0.001427401565162485,-0.007320412511476111
1777384438.0112429,tb3,0.061260909615768806,1.5
1777384438.0117486,tb7,0.18,-0.04450186510500651
1777384438.055205,tb1,0.18,0.10691218358368368
1777384438.055205,tb2,-0.0008380360348985565,-0.006380515290452284
1777384438.0614538,tb3,0.027692519258253823,1.5
1777384438.061743,tb7,0.18,-0.02706719297628709
1777384438.1047108,tb1,0.18,0.1023179601077563
1777384438.1111803,tb3,0.016302517286276484,1.5
1777384438.1117656,tb7,0.17999999999999997,0.014097961433623662
1777384438.1547828,tb1,0.18,0.09567484852057181
1777384438.1610901,tb3,0.03068201439159442,1.5000000000000002
1777384438.1615882,tb7,0.18,0.07244133932548652
1777384438.204849,tb1,0.18,0.08373979984353301
1777384438.2112403,tb3,0.06166463591439311,1.5
1777384438.2118697,tb7,0.18,0.11191500035576547
1777384438.2547233,tb1,0.18,0.08652429541995378
1777384438.2612581,tb3,0.18,1.1742942572793222
1777384438.26173,tb7,0.18,0.11515888682314912
1777384438.3047183,tb1,0.18,0.11754391219199704
1777384438.3112397,tb3,0.18,-0.7127008272214217
1777384438.311694,tb7,0.18,0.11542341712188929
1777384438.3547132,tb1,0.18,-0.03239630892223815
1777384438.355008,tb2,0.14579333595720276,-0.06406866138224117
1777384438.36112,tb3,0.06794879827905166,-1.5
1777384438.361489,tb7,0.18,0.10649803586669652
1777384438.4048188,tb1,0.18,-0.06276112986391516
1777384438.4052656,tb2,0.14249189321316988,-0.061024534589615355
1777384438.411253,tb3,0.04431120230969328,-1.5
1777384438.4116228,tb7,0.18,0.08143082997895129
1777384438.4547474,tb1,0.18,-0.09964389672445116
1777384438.4549227,tb2,0.12971804273301157,-0.05006849548072512
1777384438.4611433,tb3,0.04019337485149115,-1.4999999999999998
1777384438.4617996,tb7,0.18,-0.01996785165978183
1777384438.5048587,tb1,0.18,-0.042964359478427326
1777384438.5053172,tb2,0.09571462597391901,-0.03176086022232571
1777384438.5113008,tb3,0.05230845442556768,-1.5
1777384438.511801,tb7,0.18,-0.04292227307230503
1777384438.5547473,tb1,0.18,-0.05900782927004628
1777384438.555112,tb2,0.05809039330588689,-0.018889114234639282
1777384438.561249,tb3,0.08693476918566351,-1.5
1777384438.5618181,tb7,0.18,-0.08756306090341984
1777384438.6050963,tb1,0.18,-0.06276103887252478
1777384438.6050963,tb2,0.02327118050683211,-0.0012835637555983599
1777384438.6112883,tb3,0.18,-1.39172175444071
1777384438.6117818,tb7,0.17585441224403214,-0.14438310646190694
1777384438.65484,tb1,0.18,-0.030952917156971533
1777384438.6549244,tb2,-0.015704080811803026,0.005204112774401651
1777384438.6613607,tb3,0.09197618715741915,1.5
1777384438.6616976,tb7,0.15766945475436966,-0.10919927755631592
1777384438.705019,tb1,0.18,0.044560122007917646
1777384438.705018,tb2,-0.03409796208429469,0.010282555534645256
1777384438.711369,tb3,0.032018536655906496,1.5
1777384438.7117386,tb7,0.14238094323869865,-0.029677120028721103
1777384438.754816,tb1,0.18,0.0392115879440005
1777384438.754979,tb2,-0.044001534665587885,0.017134992764320837
1777384438.7611957,tb3,0.007117396909509303,1.5
1777384438.7617147,tb7,0.07932502773467255,1.4999999999999998
1777384438.804984,tb2,-0.0443458261962655,0.015465001068193946
1777384438.8050735,tb1,0.18,0.05236986196745172
1777384438.8112516,tb3,0.005490827944091239,1.5
1777384438.8116965,tb7,0.06551803936307653,1.5
1777384438.855038,tb2,-0.04264202180151915,0.015985957406697015
1777384438.8551364,tb1,0.18,0.05916468830732873
1777384438.8612618,tb3,0.019002233160427973,1.5
1777384438.861759,tb7,0.06431389307243156,1.5
1777384438.9048326,tb1,0.18,0.07788014117855224
1777384438.905126,tb2,-0.03472505047345604,0.007584805963366157
1777384438.9113772,tb3,0.04912056298515324,1.5
1777384438.9117134,tb7,0.07724662074687337,1.5
1777384438.954803,tb1,0.18,0.0767721606037241
1777384438.9549804,tb2,-0.026376827762402272,0.004120669114071082
1777384438.9612648,tb3,0.16607140833957723,1.5
1777384438.9617736,tb7,0.10240452227743402,1.4186368038602168
1777384439.0049217,tb1,0.18,0.11406607911319316
1777384439.005036,tb2,-0.017397116298778853,0.005226619345604553
1777384439.0112116,tb3,0.18,-0.9959023279892979
1777384439.0116847,tb7,0.09435967337189068,0.671967890985036
1777384439.0549045,tb1,0.18,0.7302002296907005
1777384439.0549757,tb2,-0.008218179348913805,0.0026702885888719367
1777384439.061213,tb3,0.07672514103914889,-1.5
1777384439.0617697,tb7,0.07554285791444411,-0.05114583226126486
1777384439.1048236,tb1,0.18,0.7323380484292868
1777384439.1054208,tb2,8.030269828287064e-05,0.0027494122204386197
1777384439.1112266,tb3,0.045059576648020384,-1.5
1777384439.1117723,tb7,0.04870183065508027,-0.714568905004111
1777384439.1547413,tb1,0.18,0.7453351652242591
1777384439.1549957,tb2,0.004281947369784791,0.0024231963100512528
1777384439.1612465,tb3,0.03760592226723303,-1.5
1777384439.161684,tb7,0.037860202830958416,-0.8122580918539868
1777384439.2048502,tb1,0.18,0.6842269505642768
1777384439.2049444,tb2,0.005241172468119928,0.0042652569582434
1777384439.211261,tb3,0.048277051945739544,-1.5
1777384439.2116854,tb7,0.023094980040041978,-1.0171316651208961
1777384439.2551255,tb1,0.18,0.5967315293427444
1777384439.255179,tb2,0.005832353350621137,0.0015213660937222942
1777384439.2611442,tb3,0.07991576496710158,-1.5
1777384439.2616603,tb7,0.02252738963463147,-0.9343042405937961
1777384439.3050065,tb1,0.18,0.5096786627923882
1777384439.3052645,tb2,0.005974490284590021,0.00193242002890528
1777384439.3112402,tb3,0.17999999999999997,-0.9882808071097005
1777384439.3116536,tb7,0.023681939986959236,-0.8311052868753808
1777384439.354938,tb2,0.006358114490819219,0.001966947842824397
1777384439.3549304,tb1,0.18,0.4827326390278614
1777384439.361193,tb3,0.18,1.3461971917103632
1777384439.3616185,tb7,0.030936639957224774,-0.5432152711288017
1777384439.404755,tb1,0.18,0.38090903571312895
1777384439.4049292,tb2,0.019916604734850074,-0.0029928125924015407
1777384439.4111633,tb3,-0.0029823997569806246,1.5
1777384439.411693,tb7,0.03779698358647213,-0.2912098510446701
1777384439.4547217,tb1,0.18,0.27741443339825744
1777384439.4549527,tb2,0.02074896672188822,-0.002531906138031807
1777384439.461218,tb3,-0.009347443253575519,1.5
1777384439.4616923,tb7,0.04286719496199444,-0.08203430322702833
1777384439.5049286,tb2,0.02083824288446062,-0.00201348395919124
1777384439.5048864,tb1,0.18,0.19837869703352004
1777384439.5113046,tb3,-0.006723053191891478,1.5
1777384439.5116873,tb7,0.04824534104729478,0.1502714687817011
1777384439.5548475,tb1,0.18,0.1333331236952204
1777384439.5549982,tb2,0.020608987953062426,-0.0023339136324913336
1777384439.56125,tb3,-0.0005628003166518658,1.5
1777384439.561743,tb7,0.049632714566198236,0.21865143991922867
1777384439.604801,tb1,0.18,0.058262091894313674
1777384439.6049488,tb2,0.019342698883815304,0.002830690347434337
1777384439.6111584,tb3,0.012323990294238533,1.5
1777384439.6115053,tb7,0.047537143839036046,0.13602071028471546
1777384439.6547453,tb1,0.18,-0.05794443377437123
1777384439.6550164,tb2,0.017573450698274228,0.0025316741465630285
1777384439.661161,tb3,0.032111388652908524,1.5
1777384439.6616325,tb7,0.04244378096764183,-0.006774776504160484
1777384439.7046742,tb1,0.17999999999999997,-0.1365477319385941
1777384439.7049503,tb2,0.01361847402319565,0.003713913503858992
1777384439.7111366,tb3,0.0735662338360182,1.5
1777384439.7115853,tb7,0.036835101745043446,-0.12326623992266542
1777384439.7549207,tb2,0.009020383334577813,0.003013487316659102
1777384439.7550046,tb1,0.18000000000000002,-0.2057043972972738
1777384439.7610614,tb3,0.17999999999999997,1.1168755686029035
1777384439.7615652,tb7,0.0324098697718964,-0.17473646639361226
1777384439.8047757,tb1,0.18000000000000002,-0.2891475776100997
1777384439.8049664,tb2,0.004939064857021146,0.00018314482879325028
1777384439.811154,tb3,0.11800492199914328,-1.5
1777384439.8116984,tb7,0.028406755975923022,-0.2323847036813445
1777384439.8547382,tb1,0.18,-0.3334108499685673
1777384439.8549087,tb2,0.003371853070794643,0.002570374475152106
1777384439.8611794,tb3,0.03118652696348219,-1.5
1777384439.8616383,tb7,0.025502195208717257,-0.26731424164929374
1777384439.9047344,tb1,0.18,-0.24988703725239114
1777384439.904983,tb2,0.02813510412695289,-0.0029110801868620444
1777384439.9112136,tb3,0.0010982354448490494,-1.5
1777384439.9117131,tb7,0.03279833607121855,0.052629483830991725
1777384439.954734,tb1,0.18,-0.1721620251112902
1777384439.9549391,tb2,0.02762114175760988,-0.0028880565288298644
1777384439.9612582,tb3,-0.00933141863221718,-1.5
1777384439.961955,tb7,0.030610182809559447,0.019841645103534464
1777384440.00474,tb1,0.18,-0.12616564964239635
1777384440.005083,tb2,0.02653272347947786,-0.0036998270542466746
1777384440.0112238,tb3,-0.012323750167631785,-1.5
1777384440.011682,tb7,0.028670980602709638,-0.020688351317257284
1777384440.0550466,tb1,0.18,-0.057849730948995835
1777384440.055036,tb2,0.02485036335870812,0.0009275315629931713
1777384440.0611918,tb3,-0.0006420721833149403,-1.5
1777384440.0619776,tb7,0.025231714431793725,-0.09220300767020728
1777384440.1047153,tb1,0.18,-0.03016350980005875
1777384440.1049836,tb2,0.04070478923796086,-0.0018196144446594605
1777384440.1111495,tb3,0.02184185886546365,-1.5
1777384440.1119022,tb7,0.024436683560014653,-0.06747027438451256
1777384440.1547139,tb1,0.18,0.06641065232012462
1777384440.1549723,tb2,0.034387547964726706,-0.0010248186355300154
1777384440.1611454,tb3,0.09766868866223784,-1.5
1777384440.1616244,tb7,0.022670862688299452,-0.05356759468142135
1777384440.204739,tb1,0.18,0.06583882045756342
1777384440.204983,tb2,0.026260673294788935,-0.007774349635165732
1777384440.2112005,tb3,0.18000000000000002,0.6913768907344519
1777384440.211664,tb7,0.02055509640025697,-0.05445308466137462
1777384440.2547395,tb1,0.18,0.06397274062851369
1777384440.2549891,tb2,0.01603102015884379,0.00013935816902493263
1777384440.261147,tb3,0.058229613069316156,1.5000000000000002
1777384440.261651,tb7,0.018585832955243492,-0.03997289392868435
1777384440.3047192,tb1,0.18,0.021840979651835124
1777384440.3049302,tb2,0.004330806503661349,-0.001803885598817303
1777384440.3110821,tb3,0.02454514367938639,1.5
1777384440.311621,tb7,0.0240049414612488,0.24087590640602413
1777384440.3550308,tb1,0.18,0.18863166548536084
1777384440.3551502,tb2,-0.008049809631993874,-0.0010473867773362732
1777384440.3613605,tb3,0.005466512663550562,1.5
1777384440.3617628,tb7,0.02155303407335863,0.24480253830961796
1777384440.404992,tb2,-0.020441997489412087,0.004444053806080297
1777384440.4051847,tb1,0.18,0.15491849595403476
1777384440.411236,tb3,-0.010278881774832108,1.5
1777384440.411693,tb7,0.018701963605332668,0.22745655668491327
1777384440.4547942,tb1,0.18,0.13989752115510526
1777384440.4550688,tb2,-0.034117576160969054,0.007112902499734574
1777384440.461174,tb3,-0.025994709281987875,1.5
1777384440.46201,tb7,0.01612566234078904,0.23208216705873433
1777384440.5047526,tb1,0.18,0.0814849083583656
1777384440.5049975,tb2,-0.046649244473701085,0.010310815316322308
1777384440.5112371,tb3,-0.037810151033625616,1.4999999999999998
1777384440.511653,tb7,0.027883634751704422,0.784690623016449
1777384440.5549266,tb1,0.18,0.5365628186836755
1777384440.5549736,tb2,-0.05753823453840226,0.011313633853370945
1777384440.5611901,tb3,-0.04912068671603422,1.5
1777384440.5615869,tb7,0.02490886291151246,0.7637242165657299
1777384440.6049137,tb1,0.18,0.5089923688062927
1777384440.6052322,tb2,-0.06662178690644048,0.011530489171377414
1777384440.6112535,tb3,-0.058911894116256525,1.5
1777384440.6117141,tb7,0.021716720981451894,0.7226899299874099
1777384440.654866,tb1,0.18,0.4243538424344329
1777384440.6549783,tb2,-0.06724248549796555,0.012124828874157115
1777384440.6611962,tb3,-0.06076759731347055,1.5
1777384440.661633,tb7,0.01781588193908105,0.6011751413069968
1777384440.7048438,tb1,0.18,0.2982235195335386
1777384440.7049615,tb2,-0.06401142201385046,0.010162685919002056
1777384440.711157,tb3,-0.05560075740264351,1.4999999999999998
1777384440.7115138,tb7,0.02478164586803978,0.8765902892309325
1777384440.7548964,tb1,0.18,0.34214372200166593
1777384440.7549763,tb2,-0.05248482758507057,0.009082131250875076
1777384440.761235,tb3,-0.046983886424290806,1.5
1777384440.76173,tb7,0.01831336862285938,0.6313245352721796
1777384440.8047931,tb1,0.18,0.09237957953810504
1777384440.8052433,tb2,-0.03429147838834755,0.004328618776972834
1777384440.8112886,tb3,-0.03742226521352027,1.5
1777384440.8118637,tb7,0.00900019370147191,0.32460779752944036
1777384440.855332,tb1,0.18,-0.03436378804476916
1777384440.8553329,tb2,-0.015291479512604808,-0.0031058278717440747
1777384440.8612669,tb3,-0.02719480071731458,1.5
1777384440.8617935,tb7,-0.0006218866677795659,-0.007427719508478367
1777384440.904902,tb1,0.18,-0.4170510034955246
1777384440.904992,tb2,0.002742762371975301,-0.011084674644213513
1777384440.911235,tb3,-0.014178059518100916,1.5
1777384440.91158,tb7,-0.010826879018417643,-0.2730715973511426
1777384440.9547098,tb1,0.18,-1.0564838389643898
1777384440.95497,tb2,0.01581479963116633,-0.015366673543536772
1777384440.9612038,tb3,-0.0011508923150154134,1.5
1777384440.9616523,tb7,-0.0255906205451523,-0.5298570470600906
1777384441.0047276,tb1,0.18,-0.7326390859753851
1777384441.0049546,tb2,0.021237754526501815,-0.014202178940852746
1777384441.0111804,tb3,0.015110847211948965,1.4999999999999998
1777384441.011785,tb7,-0.02655287908320459,-0.5655150826908808
1777384441.054728,tb1,0.18,-0.6356002117545603
1777384441.0549383,tb2,0.023924618695836765,-0.016585948893327287
1777384441.0611677,tb3,0.026375602633792034,1.5
1777384441.0618005,tb7,-0.02272242029103761,-0.5101434691684505
1777384441.1047132,tb1,0.18,-0.5420317612395047
1777384441.1050122,tb2,0.02376959911125526,-0.01727320430065131
1777384441.1110601,tb3,0.044928277860578694,1.4999999999999998
1777384441.1115983,tb7,-0.01581057405361738,-0.37924818895843315
1777384441.1548142,tb1,0.18,-0.6650104296291591
1777384441.1549046,tb2,0.023065214761088262,-0.015194644089725085
1777384441.1611514,tb3,0.07138611283732424,1.5
1777384441.16171,tb7,-0.011378621362929758,-0.2900916451614333
1777384441.2048361,tb1,0.18,-0.782252643927275
1777384441.2049131,tb2,0.02057624242285977,-0.009586228932039118
1777384441.2110536,tb3,0.13208215752108451,1.5000000000000002
1777384441.2115684,tb7,-0.0076847697142348,-0.19081362557623452
1777384441.254844,tb1,0.18,-0.7963045000957623
1777384441.2553148,tb2,0.017035902134644565,-0.004501826564193704
1777384441.2611916,tb3,0.18,-0.20606390562801674
1777384441.261848,tb7,-0.002642189656649495,-0.04215204412873827
1777384441.304917,tb1,0.18,-1.0717328905363348
1777384441.3051236,tb2,0.011769412285191662,-0.00464666438458717
1777384441.311283,tb3,0.032349543367165876,-1.5
1777384441.3117063,tb7,0.0036368360107016107,0.1266572866677619
1777384441.3549585,tb1,0.18,-1.411700079884976
1777384441.355232,tb2,0.005183929292642634,-0.0017612344066053438
1777384441.3612728,tb3,-0.026515226164811067,-1.5
1777384441.361767,tb7,0.011881551004993208,0.3799142334087802
1777384441.405092,tb1,0.1596475148700861,-1.5
1777384441.405354,tb2,-0.0035117530163841174,-0.001648532764688507
1777384441.4111788,tb3,-0.055508439586530116,-1.5
1777384441.4114962,tb7,-0.021386301244712677,-0.6016668349991885
1777384441.4548013,tb1,0.14705143585196384,-1.5
1777384441.4553072,tb2,-0.010377902132127095,0.0060896724633504205
1777384441.461256,tb3,-0.07579792870546977,-1.5
1777384441.4616976,tb7,-0.01955958312311342,-0.5196834758373731
1777384441.5047429,tb1,0.12839732865330486,-1.5
1777384441.5049798,tb2,-0.018527482722297345,0.004510209388500382
1777384441.5112226,tb3,-0.09205827679771907,-1.5
1777384441.5117025,tb7,-0.02035337138524023,-0.5178273869951695
1777384441.5547147,tb1,0.11874696281633079,-1.5000000000000002
1777384441.555122,tb2,-0.021467598274932907,0.005175489324724119
1777384441.5612364,tb3,-0.09331814431361452,-1.5
1777384441.5616841,tb7,-0.020192478485807387,-0.48423755952011227
1777384441.604725,tb1,0.11804153174335416,-1.5
1777384441.6049504,tb2,-0.023219309793109082,0.003297788148583631
1777384441.6111982,tb3,-0.08446851785660087,-1.5
1777384441.6115937,tb7,-0.0188202291434182,-0.4126426057069152
1777384441.6549718,tb2,-0.021895117769371735,0.004841335432222612
1777384441.6550922,tb1,0.1182962185573386,-1.5
1777384441.6611762,tb3,-0.06986475269204971,-1.5
1777384441.6617234,tb7,-0.0014376773200255946,0.2147363351860931
1777384441.704827,tb1,0.11186542182519425,-1.5
1777384441.7049403,tb2,-0.02035274200610635,0.00395019105244811
1777384441.7112327,tb3,-0.05104780170584233,-1.5
1777384441.7117178,tb7,0.0016383439365356446,0.3375758034928225
1777384441.7549114,tb1,0.11406108067259156,-1.5
1777384441.755056,tb2,-0.016989268238862026,0.002042581826212399
1777384441.7612152,tb3,-0.019075960098272098,-1.5
1777384441.7617385,tb7,0.002630873575854051,0.38151540694995906
1777384441.805304,tb2,-0.012313400277453581,0.002285902896018946
1777384441.8053052,tb1,0.12342808888083821,-1.5
1777384441.8112278,tb3,0.04846665798359959,-1.5
1777384441.8117163,tb7,0.0014359654743780134,0.35729196143465713
1777384441.854935,tb1,0.12015575480639235,-1.5
1777384441.855,tb2,-0.00765387581640214,-0.002545846505627061
1777384441.861224,tb3,0.18,-0.09933684763114388
1777384441.8618388,tb7,0.0011032132810384274,0.3450927739666743
1777384441.9047585,tb1,0.1304521200440096,-1.5
1777384441.9053183,tb2,-0.0026008690582050293,-0.0025963423501039334
1777384441.9112527,tb3,0.13615632930995933,1.5
1777384441.9117,tb7,-0.00037883756633629636,0.27012950600475477
1777384441.954726,tb1,0.14848493634887536,-1.5
1777384441.9549599,tb2,0.000978275298328342,-0.002505927921917122
1777384441.9610956,tb3,0.08493588534808867,1.5
1777384441.9615374,tb7,-0.0037364495530249715,0.16416571905961075
1777384442.004934,tb1,0.140785245258987,-1.5
1777384442.0049787,tb2,0.002390757851349885,-0.0009320046021603805
1777384442.0112598,tb3,0.0852857949033772,1.5
1777384442.0117269,tb7,-0.006870242981132157,0.026883301988283852
1777384442.0547278,tb1,0.1548959209525154,-1.5
1777384442.0549362,tb2,0.003614951853933385,-0.003379130384098282
1777384442.061192,tb3,0.09939774551524362,1.5
1777384442.061812,tb7,-0.008705916646525851,-0.055014571121616715
1777384442.1047034,tb1,0.18,-1.3415052964416696
1777384442.1112583,tb3,0.1634817552601445,1.5
1777384442.111817,tb7,-0.01204458277585851,-0.1500753837597606
1777384442.1547415,tb1,0.18,-1.2910386976584796
1777384442.1610684,tb3,0.15474397612622787,1.4999999999999998
1777384442.1616828,tb7,-0.01336473526128754,-0.18472986800942973
1777384442.2047422,tb1,0.18,-1.367976425890917
1777384442.2111578,tb3,0.18,-0.16853626490472087
1777384442.2119222,tb7,-0.01299280483053774,-0.1877739137624471
1777384442.2547395,tb1,0.17285706864992073,-1.5
1777384442.2610872,tb3,0.05424011425851849,-1.5
1777384442.261555,tb7,0.013076331064522734,0.5834950158406218
1777384442.3048205,tb1,0.17475446234278402,-1.5
1777384442.311135,tb3,-0.005478392004173091,-1.5
1777384442.3115692,tb7,0.013015372169669753,0.5902421144642014
1777384442.354833,tb1,0.17460037731580846,-1.5
1777384442.3611503,tb3,-0.02845698939991415,-1.5
1777384442.3616028,tb7,0.013192914935568742,0.5943376224512307
1777384442.4048011,tb1,0.18,-1.4168740781343145
1777384442.411281,tb3,-0.04189310500174563,-1.5
1777384442.4117334,tb7,0.01400942363518061,0.6074622365321771
1777384442.4547164,tb1,0.18,-1.4863222631303057
1777384442.4611628,tb3,-0.04689044508836231,-1.5000000000000002
1777384442.4616423,tb7,0.01369376287694448,0.622832505210136
1777384442.5053837,tb1,0.17788053719829336,-1.5
1777384442.5111759,tb3,-0.052960550663228946,-1.5
1777384442.5117874,tb7,0.013435045365185009,0.6180907433980732
1777384442.5549455,tb1,0.18,-1.3979437290264582
1777384442.561154,tb3,-0.05639525477806656,-1.5
1777384442.5616994,tb7,0.01945627224712599,0.7905448108708303
1777384442.604745,tb1,0.18,-1.355136253544107
1777384442.6111286,tb3,-0.058097258506972914,-1.5
1777384442.6117322,tb7,0.01957385435626114,0.7908856053530468
1777384442.6547718,tb1,0.17273800354774058,-1.5
1777384442.6611814,tb3,-0.057712576130462725,-1.5
1777384442.6616967,tb7,0.019521207756898463,0.7941027854634461
1777384442.7047255,tb1,0.16216944051836418,-1.5
1777384442.7111726,tb3,-0.05452042022237635,-1.5
1777384442.7117147,tb7,0.020019735647197872,0.800155776623961
1777384442.7613013,tb3,-0.04481315147134482,-1.5
1777384442.7615273,tb7,0.0359506595426374,1.22860765804695
1777384442.8111606,tb3,-0.034572521434976536,-1.5
1777384442.8117268,tb7,0.03098512829974914,0.9992323611294835
1777384442.8612096,tb3,-0.020964751852588188,-1.5
1777384442.8615181,tb7,0.021656797897978024,0.622344015541942
1777384442.9112492,tb3,-0.005293060919171032,-1.5
1777384442.9117265,tb7,0.0047299650953090445,0.17938616951107295
1777384442.9612815,tb3,0.014779696582712103,-1.5
1777384442.9617321,tb7,-0.01762032597069759,-0.2746154538140162
1777384443.0111809,tb3,0.04719649252291291,-1.4999999999999998
1777384443.0117521,tb7,-0.032505160344192464,-0.49776320686443976
1777384443.0612423,tb3,0.18,-0.7151792597609354
1777384443.0617056,tb7,-0.044570168166846044,-0.7713320885241405
1777384443.111146,tb3,0.06441164023701132,1.5
1777384443.1117625,tb7,-0.0435816776632738,-0.7504535952299701
1777384443.16117,tb3,0.01869152283361848,1.4999999999999998
1777384443.1615674,tb7,-0.03643259402171029,-0.6393272888141522
1777384443.21124,tb3,0.01398332283121589,1.5
1777384443.2116268,tb7,-0.02686207589294202,-0.48262705296380987
1777384443.2612712,tb3,0.02633346191630445,1.5
1777384443.2616222,tb7,-0.015124746327529422,-0.21484622661499722
1777384443.3111835,tb3,0.06427798674903117,1.5
1777384443.3117237,tb7,-0.011663659780658168,-0.1616581048225277
1777384443.361154,tb3,0.18,0.5689877939527093
1777384443.361779,tb7,0.0007000366913752585,0.15388998366398698
1777384443.4112642,tb3,0.06879052478032217,-1.5
1777384443.4117115,tb7,0.012319171591497298,0.4119107318712545
1777384443.4611776,tb3,0.02213514172634794,-1.5
1777384443.4617343,tb7,0.01714250696695393,0.577949028781378
1777384443.5112488,tb3,-0.0031968994713469216,-1.5
1777384443.5117345,tb7,0.019165155471898176,0.6031920043174173
1777384443.5612757,tb3,-0.020821762342197757,-1.5
1777384443.5617247,tb7,0.028877382087223145,0.8400745460150876
1777384443.6112807,tb3,-0.02934052206646995,-1.5
1777384443.6117694,tb7,0.03163228210843337,0.9283915408604386
1777384443.6612823,tb3,-0.027882503394982883,-1.5
1777384443.6617408,tb7,0.03134641259887667,0.9188819924947274
1777384443.7111692,tb3,-0.019760883750569,-1.5
1777384443.7117157,tb7,0.025717156499910104,0.7262264311970695
1777384443.7612963,tb3,-0.008705976204881654,-1.5
1777384443.7618399,tb7,0.01302278797419357,0.39992947181524285
1777384443.8113673,tb3,0.00936033878150386,-1.5
1777384443.8119557,tb7,-0.0008688149699138548,0.125124616142506
1777384443.8612382,tb3,0.040778580369650236,-1.5
1777384443.8619714,tb7,-0.022411057634358158,-0.3392999875355137
1777384443.911263,tb3,0.18,-0.8229882615359555
1777384443.911695,tb7,-0.03457657726635575,-0.5642965216496764
1777384443.9612513,tb3,0.05145733322520642,1.5
1777384443.9617112,tb7,-0.03848569086451843,-0.6364088624731081
1777384444.0113,tb3,0.011185796794578264,1.5
1777384444.011692,tb7,-0.03462547659546694,-0.5715091488319974
1777384444.061525,tb3,0.0014789411910285932,1.5
1777384444.061835,tb7,-0.023373522072781677,-0.38736216685922786
1777384444.1113338,tb3,0.006211490055521456,1.5
1777384444.1117103,tb7,-0.009247797265749688,-0.144106310320847
1777384444.1616786,tb7,0.006313262631797885,0.18237460913468873
1777384444.2116587,tb7,0.014375052957966384,0.33737327644626924
1777384444.2617345,tb7,0.017502803732163678,0.4098377559461653
1777384444.3117163,tb7,0.017461197256070135,0.4117752487935517
1777384444.361699,tb7,0.01620685402880467,0.3820535617781215
1777384444.4117193,tb7,0.011598979832249981,0.277362306278479
1777384444.4616992,tb7,0.005144836737552437,0.14393737318377486
1777384444.511716,tb7,-0.0008616812940629638,0.028363452465161847
1777384444.561725,tb7,-0.012042181392899276,-0.2280050190843801
1777384444.6117141,tb7,-0.014945331179212248,-0.28442609753571746
1777384444.6617482,tb7,-0.015866553370722073,-0.3069227169738601
1777384444.711728,tb7,-0.014150095930767074,-0.2721076745343811
1777384689.7673445,tb3,-0.1124025139071936,-1.5
1777384689.817348,tb3,-0.11230870418636141,-1.5
1777384689.818284,tb1,-0.0998274428617701,-1.5
1777384689.8673458,tb3,-0.11239748967270571,-1.5
1777384689.868231,tb1,-0.09981742678936815,-1.5
1777384689.917456,tb3,-0.11224073679093993,-1.5
1777384689.9182298,tb1,-0.09995787194661135,-1.5
1777384689.9674287,tb3,-0.11238791707348497,-1.5
1777384689.9682164,tb1,-0.09980917908354837,-1.5
1777384690.017321,tb3,-0.11230081573106966,-1.5
1777384690.0181296,tb1,-0.09980344101667177,-1.5
1777384690.067354,tb3,-0.11239537814382937,-1.5
1777384690.0682135,tb1,-0.09980993736683252,-1.5
1777384690.1173425,tb3,-0.11224406408875875,-1.5
1777384690.1182857,tb1,-0.09991586742107535,-1.5
1777384690.1673348,tb3,-0.11239590263406254,-1.5
1777384690.168292,tb1,-0.0998210827894393,-1.5
1777384690.2173486,tb3,-0.11229404094027652,-1.5
1777384690.218284,tb1,-0.09979172415368144,-1.5
1777384690.2674122,tb3,-0.11239056915145565,-1.5
1777384690.268285,tb1,-0.09980135901278188,-1.5
1777384690.317246,tb3,-0.11225335564854282,-1.5
1777384690.3181312,tb1,-0.09982793962788729,-1.5
1777384690.3390312,tb2,-0.18,-0.3921142028803539
1777384690.3672667,tb3,-0.1124014322962446,-1.5
1777384690.3680952,tb1,-0.09978768327146606,-1.5
1777384690.3890455,tb2,-0.18,-0.39177317682555507
1777384690.4173017,tb3,-0.11228864762726498,-1.5
1777384690.418161,tb1,-0.0997938761949498,-1.5
1777384690.439166,tb2,-0.18,-0.3910598362422683
1777384690.4674113,tb3,-0.11239891850983061,-1.5
1777384690.4682844,tb1,-0.09973239396929537,-1.5
1777384690.4891222,tb2,-0.18,-0.3916690975691813
1777384690.5174022,tb3,-0.11225753764456822,-1.5
1777384690.5182614,tb1,-0.099828679363257,-1.5
1777384690.5390956,tb2,-0.18,-0.39209963004021625
1777384690.5673842,tb3,-0.11238857299654088,-1.5
1777384690.5682201,tb1,-0.09978799629410803,-1.5
1777384690.5890784,tb2,-0.18,-0.39192872197118295
1777384690.617382,tb3,-0.11227968413365164,-1.5
1777384690.618194,tb1,-0.09979916352943105,-1.5
1777384690.639178,tb2,-0.18,-0.3910990172674428
1777384690.6673114,tb3,-0.11238479716035511,-1.5
1777384690.6682732,tb1,-0.09973999188126662,-1.5
1777384690.6891048,tb2,-0.18,-0.39167394628334634
1777384690.7174244,tb3,-0.11225702228196463,-1.5
1777384690.7181334,tb1,-0.09978958253831116,-1.5
1777384690.7391746,tb2,-0.18,-0.39216373257393616
1777384690.767237,tb3,-0.11243453184303574,-1.5
1777384690.7682548,tb1,-0.09978067923428491,-1.5
1777384690.789176,tb2,-0.18,-0.3918669866155514
1777384690.8173676,tb3,-0.11228398263152387,-1.5
1777384690.8182936,tb1,-0.09980274682411783,-1.4999999999999998
1777384690.839182,tb2,-0.18,-0.39100157065865315
1777384690.8672707,tb3,-0.11238701711307672,-1.5
1777384690.868237,tb1,-0.09972701032790518,-1.5
1777384690.8891318,tb2,-0.18,-0.3916711666527001
1777384690.9174328,tb3,-0.11227699189876333,-1.5
1777384690.918234,tb1,-0.09979280244675891,-1.5
1777384690.939113,tb2,-0.18,-0.3922995222453564
1777384690.9673538,tb3,-0.11241518445851326,-1.5
1777384690.9681299,tb1,-0.09981688924471745,-1.5
1777384690.9891171,tb2,-0.18,-0.3917546957820612
1777384691.0173268,tb3,-0.11228435983822034,-1.5
1777384691.0182424,tb1,-0.09980993819713181,-1.5
1777384691.0391185,tb2,-0.18,-0.39097982085674016
1777384691.0673559,tb3,-0.11239559235343659,-1.5
1777384691.0682344,tb1,-0.0997810555341498,-1.5
1777384691.0891335,tb2,-0.18,-0.39167058819381073
1777384691.1173146,tb3,-0.11230271687864564,-1.5
1777384691.1182127,tb1,-0.09982017448299671,-1.5
1777384691.1390896,tb2,-0.18,-0.39216805751797906
1777384691.1672282,tb3,-0.11244691836564877,-1.5
1777384691.1681826,tb1,-0.09982365827221755,-1.5
1777384691.1891189,tb2,-0.18,-0.3918215929903102
1777384691.2173502,tb3,-0.11228124882349046,-1.5
1777384691.2182674,tb1,-0.0998374090656819,-1.5
1777384691.2391698,tb2,-0.18,-0.3912094804266585
1777384691.267356,tb3,-0.11240330275141525,-1.5
1777384691.2681975,tb1,-0.09980159759317148,-1.5
1777384691.2891033,tb2,-0.18,-0.39181278916913503
1777384691.3173609,tb3,-0.11230633518518898,-1.5
1777384691.3182106,tb1,-0.09985137219629468,-1.5
1777384691.3391905,tb2,-0.18,-0.3920731465508003
1777384691.3672624,tb3,-0.11245385083223362,-1.5
1777384691.3682387,tb1,-0.09986646113415171,-1.5
1777384691.3891518,tb2,-0.18,-0.3918908889096527
1777384691.417353,tb3,-0.11227626914894556,-1.5
1777384691.4182327,tb1,-0.09981783643267653,-1.5
1777384691.4391644,tb2,-0.18,-0.3910768707692881
1777384691.4673433,tb3,-0.11240540780809095,-1.5
1777384691.4682214,tb1,-0.09981468007167847,-1.5
1777384691.4891593,tb2,-0.18,-0.39166168608112634
1777384691.5174077,tb3,-0.11229126008637615,-1.5
1777384691.5182278,tb1,-0.0998387831821788,-1.5
1777384691.5390892,tb2,-0.18,-0.39218999132514304
1777384691.5673206,tb3,-0.11245987591107041,-1.5
1777384691.568216,tb1,-0.0998153911462223,-1.5
1777384691.589108,tb2,-0.18,-0.39179734869759253
1777384691.6173286,tb3,-0.1122722549847002,-1.5
1777384691.6181695,tb1,-0.09983512543867827,-1.5
1777384691.6390514,tb2,-0.18,-0.3909264045417423
1777384691.6673484,tb3,-0.11239841324015429,-1.5
1777384691.6681626,tb1,-0.09985388743364383,-1.5
1777384691.6891773,tb2,-0.18,-0.39169674783910463
1777384691.7172918,tb3,-0.11229279028284482,-1.5
1777384691.718208,tb1,-0.09985231776755321,-1.5
1777384691.7392387,tb2,-0.18,-0.39214114918941045
1777384691.7672634,tb3,-0.11245065428262209,-1.5
1777384691.7682776,tb1,-0.0998537354018999,-1.5
1777384691.7892041,tb2,-0.18,-0.39198586040391437
1777384691.817401,tb3,-0.11226583885133966,-1.5
1777384691.8183143,tb1,-0.0998319864961926,-1.5
1777384691.8389928,tb2,-0.18,-0.39106593360708586
1777384691.8673427,tb3,-0.1123917992192686,-1.5
1777384691.8682315,tb1,-0.09985295028640538,-1.5000000000000002
1777384691.889076,tb2,-0.18,-0.3915900024862634
1777384691.917355,tb3,-0.11230460629329567,-1.5
1777384691.9182153,tb1,-0.09983716338831232,-1.5
1777384691.9391046,tb2,-0.18,-0.3922113921276172
1777384691.9673429,tb3,-0.11245809863150592,-1.5
1777384691.968174,tb1,-0.09983034105467149,-1.5
1777384691.9891875,tb2,-0.18,-0.39196849677958034
1777384692.0173416,tb3,-0.11225345038043383,-1.5
1777384692.018214,tb1,-0.09982417166806348,-1.5
1777384692.03905,tb2,-0.18,-0.39095279504000363
1777384692.0673356,tb3,-0.11239485009310003,-1.5
1777384692.0682282,tb1,-0.09984936462260384,-1.5
1777384692.0891159,tb2,-0.18,-0.39158089867146406
1777384692.1173506,tb3,-0.11232371839658903,-1.5
1777384692.1181986,tb1,-0.09984588339202008,-1.5
1777384692.1391244,tb2,-0.18,-0.392070016310783
1777384692.1673448,tb3,-0.11245585213351905,-1.5
1777384692.1682398,tb1,-0.09984076114708647,-1.5
1777384692.1891682,tb2,-0.18,-0.3920396528252942
1777384692.2173321,tb3,-0.11225221243774786,-1.5
1777384692.2182312,tb1,-0.09986180705263147,-1.5
1777384692.239205,tb2,-0.18,-0.3909911956713427
1777384692.2673504,tb3,-0.11238099615969657,-1.5
1777384692.2682228,tb1,-0.09985704582584362,-1.5
1777384692.289183,tb2,-0.18,-0.39174679880605184
1777384692.3173285,tb3,-0.1123067325642759,-1.5
1777384692.3182344,tb1,-0.09985386878556547,-1.5
1777384692.3391137,tb2,-0.18,-0.39210752606012217
1777384692.3673663,tb3,-0.11244905529647517,-1.5
1777384692.3681345,tb1,-0.09984843023230347,-1.5
1777384692.389103,tb2,-0.18,-0.39219973803639646
1777384692.4174159,tb3,-0.11224939080478473,-1.5
1777384692.4183276,tb1,-0.09983180277727757,-1.5
1777384692.4391606,tb2,-0.18,-0.3911658194538644
1777384692.4674234,tb3,-0.11240092694149297,-1.5
1777384692.4681454,tb1,-0.09983897299169689,-1.5
1777384692.4891195,tb2,-0.18,-0.39165554591503865
1777384692.5174034,tb3,-0.11230750780001131,-1.5
1777384692.518234,tb1,-0.09982500574465757,-1.5
1777384692.5391316,tb2,-0.18,-0.3922477968048828
1777384692.5678997,tb3,-0.11243750776387708,-1.5
1777384692.5682137,tb1,-0.09982136204228637,-1.5
1777384692.5891504,tb2,-0.18,-0.39223338353187115
1777384692.6173742,tb3,-0.11226224715776051,-1.5
1777384692.6181748,tb1,-0.09983729849731153,-1.5
1777384692.6391132,tb2,-0.18,-0.3911700873587575
1777384692.6673484,tb3,-0.11239107691624385,-1.5
1777384692.6682127,tb1,-0.0998375762167808,-1.5
1777384692.6891298,tb2,-0.18,-0.39167542758726737
1777384692.7173362,tb3,-0.11229545659140144,-1.5
1777384692.7182126,tb1,-0.09981637148241192,-1.5
1777384692.739168,tb2,-0.18,-0.39205263487746184
1777384692.76735,tb3,-0.11244615318811042,-1.5
1777384692.7682254,tb1,-0.0998259481782737,-1.5
1777384692.789102,tb2,-0.18,-0.3921765683122923
1777384692.8174138,tb3,-0.11224761739956866,-1.5
1777384692.8182008,tb1,-0.09984524204219294,-1.5
1777384692.8391154,tb2,-0.18,-0.3910215183550838
1777384692.8673563,tb3,-0.11241200417635427,-1.5
1777384692.8682127,tb1,-0.09983042666967325,-1.5
1777384692.8891315,tb2,-0.18,-0.3918517008066178
1777384692.9173658,tb3,-0.1122968818455476,-1.5
1777384692.918214,tb1,-0.099828511203652,-1.5
1777384692.9391155,tb2,-0.18,-0.3920577676452208
1777384692.9673474,tb3,-0.11243656246099715,-1.5
1777384692.9682207,tb1,-0.09983594787338411,-1.5
1777384692.9890563,tb2,-0.18,-0.39223898646149213
1777384693.017353,tb3,-0.11224607074059101,-1.5
1777384693.0182083,tb1,-0.09983630282531887,-1.5
1777384693.0391796,tb2,-0.18,-0.39094817906913837
1777384693.0673563,tb3,-0.11239709976095401,-1.5
1777384693.0682113,tb1,-0.09981172136078945,-1.5
1777384693.0890427,tb2,-0.18,-0.39178947761511956
1777384693.1173365,tb3,-0.11229625084759168,-1.5
1777384693.1182222,tb1,-0.0998218610420789,-1.5
1777384693.139124,tb2,-0.18,-0.3921818445604456
1777384693.1673572,tb3,-0.11243950620945203,-1.5
1777384693.1682239,tb1,-0.09982332176315517,-1.5
1777384693.189162,tb2,-0.18,-0.3922297559516498
1777384693.2173553,tb3,-0.11223915487158004,-1.5
1777384693.2182276,tb1,-0.09983086975090905,-1.5
1777384693.239136,tb2,-0.18,-0.3910231684872352
1777384693.2673635,tb3,-0.1124078432961943,-1.5
1777384693.2682207,tb1,-0.09985577523938353,-1.4999999999999998
1777384693.2891426,tb2,-0.18,-0.39180377879880757
1777384693.317321,tb3,-0.11228565027987238,-1.5
1777384693.3182578,tb1,-0.0998432040910178,-1.5
1777384693.3392205,tb2,-0.18,-0.39220637561562083
1777384693.3675153,tb3,-0.11244836541527448,-1.5
1777384693.3682299,tb1,-0.09984276751780735,-1.5
1777384693.3891497,tb2,-0.18,-0.392289717671401
1777384693.4173326,tb3,-0.11223637358795457,-1.5
1777384693.4182382,tb1,-0.09985391445796449,-1.5
1777384693.4390888,tb2,-0.18,-0.3910816478318894
1777384693.4673593,tb3,-0.11240767688874698,-1.5
1777384693.4682755,tb1,-0.09986747237686537,-1.5
1777384693.4890897,tb2,-0.18,-0.3917960474623556
1777384693.5173368,tb3,-0.11227618694744602,-1.5
1777384693.5182137,tb1,-0.099860215663385,-1.5
1777384693.5391738,tb2,-0.18,-0.39225793745333465
1777384693.5673397,tb3,-0.11243842241965514,-1.5
1777384693.568199,tb1,-0.09983940330579966,-1.5
1777384693.589151,tb2,-0.18,-0.3923638496036401
1777384693.617263,tb3,-0.11225012354154333,-1.5
1777384693.6182353,tb1,-0.09988953218221452,-1.5
1777384693.639114,tb2,-0.18,-0.3910274199826094
1777384693.6673915,tb3,-0.11240872842564767,-1.5
1777384693.6682878,tb1,-0.09990531670426786,-1.5
1777384693.6890645,tb2,-0.18,-0.39171279292208844
1777384693.7172446,tb3,-0.11227125732952081,-1.5
1777384693.7183003,tb1,-0.09990190982377062,-1.5
1777384693.739171,tb2,-0.18,-0.3922196737675654
1777384693.7672608,tb3,-0.11244230395487242,-1.5
1777384693.7682083,tb1,-0.09991237808908135,-1.5
1777384693.789119,tb2,-0.18,-0.39212126228475436
1777384693.8174133,tb3,-0.1122488542806719,-1.5
1777384693.8182294,tb1,-0.09992674443597829,-1.5
1777384693.8391333,tb2,-0.18,-0.3909955364613929
1777384693.8673956,tb3,-0.11240912141142269,-1.5
1777384693.8682523,tb1,-0.09992168830970424,-1.5
1777384693.8891423,tb2,-0.18,-0.39171564690449273
1777384693.917419,tb3,-0.11227636664575619,-1.5
1777384693.9181893,tb1,-0.09990929041378603,-1.5
1777384693.939169,tb2,-0.18,-0.39238095250704447
1777384693.9673848,tb3,-0.11245872239255539,-1.5
1777384693.968259,tb1,-0.09991365729534121,-1.5
1777384693.9891315,tb2,-0.18,-0.3921234829508756
1777384694.0173512,tb3,-0.11226676239801538,-1.5
1777384694.0181913,tb1,0.10664073563681856,1.5
1777384694.0391383,tb2,-0.18,-0.3910740038501971
1777384694.0672746,tb3,-0.11240347650329202,-1.5
1777384694.0684826,tb1,0.10662695959674418,1.5
1777384694.0891597,tb2,-0.18,-0.3916979013012418
1777384694.1174014,tb3,-0.11227302225638362,-1.5
1777384694.1181762,tb1,0.10662259394682638,1.5
1777384694.1391172,tb2,-0.18,-0.39204805372301504
1777384694.1673958,tb3,-0.11246396107607232,-1.5
1777384694.1682358,tb1,0.10662492368537785,1.5
1777384694.189142,tb2,-0.18,-0.3921459642545848
1777384694.2172928,tb3,-0.11226317499094036,-1.5
1777384694.2182148,tb1,0.10661779415897568,1.5
1777384694.2391214,tb2,-0.18,-0.3910887771034423
1777384694.2674074,tb3,-0.11241746343133238,-1.5
1777384694.2682161,tb1,0.10661560097427772,1.5
1777384694.289148,tb2,-0.18,-0.39170293038519377
1777384694.3173566,tb3,-0.11228314502355768,-1.5
1777384694.3181772,tb1,0.10660790982836711,1.5
1777384694.3391213,tb2,-0.18,-0.3921995466710116
1777384694.3673952,tb3,-0.11244270981787031,-1.5
1777384694.3682003,tb1,0.10661444994183589,1.5
1777384694.3896308,tb2,-0.18,-0.39213145779641095
1777384694.4173796,tb3,-0.11225128274970456,-1.5
1777384694.4182274,tb1,-0.09986944325995045,-1.5
1777384694.439114,tb2,-0.18,-0.39105019062992336
1777384694.4673429,tb3,-0.11239557368361028,-1.5
1777384694.4682279,tb1,-0.09988027395874677,-1.5
1777384694.4891431,tb2,-0.18,-0.39169902908260873
1777384694.5173714,tb3,-0.11224786756818415,-1.5
1777384694.5181618,tb1,-0.09986990537129393,-1.5
1777384694.5391686,tb2,-0.18,-0.3919987286738844
1777384694.5673523,tb3,-0.11243901649776925,-1.5
1777384694.5682657,tb1,-0.09987944110869945,-1.5
1777384694.5890837,tb2,-0.18,-0.3921366261872918
1777384694.6173413,tb3,-0.1122610421115147,-1.5
1777384694.6181524,tb1,-0.09982123580686585,-1.5
1777384694.6390588,tb2,-0.18,-0.39089015845027036
1777384694.6672847,tb3,-0.11240538802941695,-1.5
1777384694.6681423,tb1,-0.09982778886673817,-1.5
1777384694.6891227,tb2,-0.18,-0.39174695769947276
1777384694.717287,tb3,-0.11224109140969371,-1.5
1777384694.7182066,tb1,-0.09982600804653917,-1.5
1777384694.7391522,tb2,-0.18,-0.39182305058956196
1777384694.7672966,tb3,-0.11244247711712302,-1.5
1777384694.7683015,tb1,-0.09982526511504934,-1.5
1777384694.7890282,tb2,-0.18,-0.3921337362345422
1777384694.817316,tb3,-0.11227630483370331,-1.5
1777384694.8182228,tb1,-0.09980866792425587,-1.5
1777384694.8391366,tb2,-0.18,-0.3907901846378205
1777384694.867282,tb3,-0.1124144886034046,-1.5
1777384694.868209,tb1,-0.09982142177469455,-1.5
1777384694.8891175,tb2,-0.18,-0.3916561884771708
1777384694.9172983,tb3,-0.11224186637048211,-1.5
1777384694.9182274,tb1,-0.09980666053898735,-1.5
1777384694.939136,tb2,-0.18,-0.3917685036609566
1777384694.967398,tb3,-0.11245258283214776,-1.5
1777384694.9683123,tb1,-0.09982424063721948,-1.5
1777384694.9890575,tb2,-0.18,-0.3921943227088499
1777384695.0173998,tb3,-0.11228641476405042,-1.5
1777384695.0182495,tb1,-0.09981125013616163,-1.5
1777384695.0391285,tb2,-0.18,-0.3907705228679116
1777384695.0674026,tb3,-0.11241208373403418,-1.5
1777384695.0682294,tb1,-0.09981912369656155,-1.5
1777384695.089118,tb2,-0.18,-0.39172367256634716
1777384695.1174188,tb3,-0.11225757126317545,-1.5
1777384695.1182387,tb1,-0.09980828896783275,-1.5
1777384695.139092,tb2,-0.18,-0.39166207503885064
1777384695.1673777,tb3,-0.11244392044001411,-1.5
1777384695.168242,tb1,-0.09980546590336702,-1.5
1777384695.1891923,tb2,-0.18,-0.3923431311562014
1777384695.2173436,tb3,-0.11229715386754162,-1.5
1777384695.218173,tb1,-0.09979869458702997,-1.5
1777384695.2390873,tb2,-0.18,-0.3905296293975036
1777384695.267295,tb3,-0.11240080565394238,-1.5
1777384695.2682576,tb1,-0.09979859071599388,-1.5
1777384695.2890673,tb2,-0.18,-0.3917502530321159
1777384695.317275,tb3,-0.11223674131120769,-1.5
1777384695.3182251,tb1,-0.09981023994821346,-1.5
1777384695.3391373,tb2,-0.18,-0.3917579526771936
1777384695.3673508,tb3,-0.11243656803066918,-1.5
1777384695.3681662,tb1,-0.09980649965007435,-1.5
1777384695.3892016,tb2,-0.18,-0.39219255367096395
1777384695.4172924,tb3,-0.11230429366330379,-1.5
1777384695.4182923,tb1,-0.09981695547757911,-1.5
1777384695.4390585,tb2,-0.18,-0.39219012803402115
1777384695.4674134,tb3,-0.1123985124933911,-1.5
1777384695.468244,tb1,-0.0997993193663888,-1.5
1777384695.4891624,tb2,-0.18,-0.39171407840947486
1777384695.5173912,tb3,-0.1122362986536929,-1.5
1777384695.5182123,tb1,-0.0998067645120218,-1.5
1777384695.5391607,tb2,-0.18,-0.39166142465266995
1777384695.5673556,tb3,-0.11246670198870834,-1.5
1777384695.5682175,tb1,-0.0998146072217851,-1.5
1777384695.5891078,tb2,-0.18,-0.3921254009173167
1777384695.6174047,tb3,-0.11230364532351277,-1.5
1777384695.6182184,tb1,-0.09981408535276087,-1.5
1777384695.639149,tb2,-0.18,-0.3920856017601312
1777384695.6673195,tb3,-0.11240965434433994,-1.5
1777384695.668215,tb1,-0.0998267658748832,-1.5
1777384695.6891088,tb2,-0.18,-0.39180321398741896
1777384695.7173688,tb3,-0.11223880400723478,-1.5
1777384695.718156,tb1,-0.09979757028951367,-1.5
1777384695.7391818,tb2,-0.18,-0.391760648026278
1777384695.7674274,tb3,-0.112484699318314,-1.5
1777384695.768208,tb1,-0.09981202434747631,-1.5
1777384695.7891672,tb2,-0.18,-0.39217322926211096
1777384695.8173509,tb3,-0.11232737869148239,-1.5
1777384695.81816,tb1,-0.09984497000194209,-1.5
1777384695.8391807,tb2,-0.18,-0.39216936576307615
1777384695.867282,tb3,-0.11241174590057774,-1.5
1777384695.8681984,tb1,-0.09983236742911902,-1.5
1777384695.8891423,tb2,-0.18,-0.3917508265660106
1777384695.9173434,tb3,-0.11224150513944782,-1.5
1777384695.9181952,tb1,-0.0998530460853293,-1.4999999999999998
1777384695.9391463,tb2,-0.18,-0.3916166432207886
1777384695.9673984,tb3,-0.1125004809400091,-1.5
1777384695.9682672,tb1,-0.09986648513271511,-1.5
1777384695.9891376,tb2,-0.18,-0.3922187199846449
1777384696.017407,tb3,-0.11233197810859201,-1.5
1777384696.0182648,tb1,-0.09984927256589551,-1.5
1777384696.0391655,tb2,-0.18,-0.39207850141325046
1777384696.06732,tb3,-0.11240911983371363,-1.5
1777384696.0682642,tb1,-0.09985579008682677,-1.5
1777384696.089191,tb2,-0.18,-0.39161149347831886
1777384696.117386,tb3,-0.11224349172039096,-1.5
1777384696.118231,tb1,-0.09984987406081904,-1.5
1777384696.1391048,tb2,-0.18,-0.39173166343754595
1777384696.167409,tb3,-0.11238393814487409,-1.5
1777384696.1682343,tb1,-0.09985062534010866,-1.5
1777384696.1891487,tb2,-0.18,-0.39230305808174676
1777384696.2174175,tb3,-0.11232881484476365,-1.5
1777384696.2182329,tb1,-0.09979974834402547,-1.5
1777384696.2391813,tb2,-0.18,-0.3921729189405149
1777384696.2674046,tb3,-0.11239886245816276,-1.5
1777384696.2682843,tb1,-0.0997912585512003,-1.5
1777384696.2890985,tb2,-0.18,-0.39175091660972106
1777384696.3173332,tb3,-0.11225225334528989,-1.5
1777384696.3182652,tb1,-0.09979087059916165,-1.5
1777384696.3391778,tb2,-0.18,-0.3916503084865782
1777384696.367395,tb3,-0.11239494005871158,-1.5
1777384696.368208,tb1,-0.09979820125399019,-1.5
1777384696.389148,tb2,-0.18,-0.39238475185266364
1777384696.4173179,tb3,-0.11236617429425763,-1.5
1777384696.4182138,tb1,-0.09981234773064727,-1.4999999999999998
1777384696.439193,tb2,-0.18,-0.39214283800175725
1777384696.4675481,tb3,-0.11241008583932698,-1.5
1777384696.4682384,tb1,-0.09981267397983444,-1.5
1777384696.4891171,tb2,-0.18,-0.3918612391576591
1777384696.5173674,tb3,-0.11224729880290459,-1.5
1777384696.5182288,tb1,-0.09980387873087275,-1.5
1777384696.5391672,tb2,-0.18,-0.3917844833502546
1777384696.567358,tb3,-0.1123923295814053,-1.5
1777384696.5682318,tb1,-0.09980930039949196,-1.5
1777384696.5891654,tb2,-0.18,-0.39212675339337616
1777384696.617344,tb3,-0.11235428153321182,-1.5
1777384696.6181598,tb1,-0.09982719087655256,-1.5
1777384696.6391482,tb2,-0.18,-0.3922633815436555
1777384696.6672983,tb3,-0.11241165072296015,-1.5
1777384696.668226,tb1,-0.09983217721491544,-1.5
1777384696.6891098,tb2,-0.18,-0.39158450165840003
1777384696.7173743,tb3,-0.11223474572799648,-1.5
1777384696.7182457,tb1,-0.0998195041262309,-1.5
1777384696.7391043,tb2,-0.18,-0.391785330149183
1777384696.7673514,tb3,-0.11237176024020396,-1.5
1777384696.7682877,tb1,-0.09981648901716164,-1.5
1777384696.7891982,tb2,-0.18,-0.3920483331234943
1777384696.8174036,tb3,-0.11236415860807157,-1.5
1777384696.8183844,tb1,-0.09983291500940472,-1.5
1777384696.8391366,tb2,-0.18,-0.3921559149639398
1777384696.8673167,tb3,-0.11240156279671422,-1.5
1777384696.8682375,tb1,-0.0998146416259843,-1.5
1777384696.8891015,tb2,-0.18,-0.3916532272790718
1777384696.9173408,tb3,-0.11222554149564276,-1.5
1777384696.918238,tb1,-0.09981602061271234,-1.5
1777384696.9391298,tb2,-0.18,-0.3918130302793621
1777384696.9673877,tb3,-0.11237033537031837,-1.5
1777384696.9682593,tb1,-0.09984254547622796,-1.5
1777384696.9891188,tb2,-0.18,-0.3921724316835396
1777384697.0173817,tb3,-0.11236523233206044,-1.5
1777384697.0182924,tb1,-0.09980801955875851,-1.5
1777384697.039106,tb2,-0.18,-0.3922527589559828
1777384697.0673647,tb3,-0.11240344901014358,-1.5
1777384697.0689285,tb1,-0.0998171194512458,-1.4999999999999998
1777384697.0891767,tb2,-0.18,-0.391684650877528
1777384697.1173246,tb3,-0.11225016672141504,-1.5
1777384697.118328,tb1,-0.09980528859188058,-1.5
1777384697.1391861,tb2,-0.18,-0.3917884182283359
1777384697.167349,tb3,-0.11237548503823798,-1.5
1777384697.1682527,tb1,-0.09980204451744996,-1.5
1777384697.1891062,tb2,-0.18,-0.39213760291708416
1777384697.2173529,tb3,-0.11236468185313453,-1.5
1777384697.2182133,tb1,-0.09983758324541761,-1.5
1777384697.2391763,tb2,-0.18,-0.3921385270969471
1777384697.267355,tb3,-0.11241165464736871,-1.5
1777384697.2682767,tb1,-0.09984400594187431,-1.5
1777384697.2891145,tb2,-0.18,-0.39169381397066727
1777384697.3173916,tb3,-0.1122445379508644,-1.5
1777384697.3181403,tb1,-0.09984006979469195,-1.5
1777384697.3391216,tb2,-0.18,-0.39185637066569873
1777384697.3673136,tb3,-0.11236660185205005,-1.5
1777384697.3682148,tb1,-0.099831039987021,-1.5
1777384697.3891647,tb2,-0.18,-0.39217540956676755
1777384697.4173412,tb3,-0.11237462046373389,-1.5
1777384697.4182577,tb1,-0.09988695539490901,-1.5000000000000002
1777384697.4391737,tb2,-0.18,-0.3923013980849688
1777384697.4672756,tb3,-0.11240315586547861,-1.5
1777384697.4682884,tb1,-0.09988170207025758,-1.5
1777384697.4890378,tb2,-0.18,-0.3918809265145488
1777384697.5172899,tb3,-0.11224401051998255,-1.5
1777384697.5182927,tb1,-0.09990713176985291,-1.5
1777384697.5390754,tb2,-0.18,-0.39176754451920554
1777384697.5673592,tb3,-0.11235287454429359,-1.5
1777384697.5682151,tb1,-0.09989090398272213,-1.5
1777384697.5891554,tb2,-0.18,-0.3922573773210024
1777384697.617322,tb3,-0.11240122823235886,-1.5
1777384697.6182253,tb1,0.10664042609854434,1.5
1777384697.6390932,tb2,-0.18,-0.392234548412074
1777384697.66726,tb3,-0.11239930469055978,-1.5
1777384697.668228,tb1,0.10664538626505918,1.5
1777384697.6890318,tb2,-0.18,-0.3917711543722039
1777384697.7174103,tb3,-0.11223103394076925,-1.5
1777384697.7182255,tb1,0.10664104854290722,1.5
1777384697.7391064,tb2,-0.18,-0.39174025354625563
1777384697.7673523,tb3,-0.11235132325492307,-1.5
1777384697.7682302,tb1,0.10666319119587668,1.5
1777384697.7890592,tb2,-0.18,-0.3921977239411733
1777384697.817347,tb3,-0.11238882586214143,-1.5
1777384697.8182335,tb1,-0.09988750751968069,-1.5
1777384697.8390985,tb2,-0.18,-0.39216962884773104
1777384697.8673277,tb3,-0.11241362925268782,-1.5
1777384697.8682342,tb1,-0.09988714432405599,-1.5
1777384697.8896382,tb2,-0.18,-0.39173231987999485
1777384697.9173508,tb3,-0.11224981126751477,-1.5
1777384697.918271,tb1,-0.09987583787777315,-1.5
1777384697.9391906,tb2,-0.18,-0.39171663051576827
1777384697.9673495,tb3,-0.11232984184084105,-1.5
1777384697.9682953,tb1,-0.09987269811318317,-1.5
1777384697.9892144,tb2,-0.18,-0.3921374526759519
1777384698.0173187,tb3,-0.11239202719518211,-1.5
1777384698.0181987,tb1,-0.09989901778333059,-1.5
1777384698.0390995,tb2,-0.18,-0.39224629205964306
1777384698.067332,tb3,-0.11241139207389043,-1.5
1777384698.0682318,tb1,-0.09989883216172989,-1.5
1777384698.089205,tb2,-0.18,-0.3920531129489458
1777384698.117333,tb3,-0.11225877168627149,-1.5
1777384698.11819,tb1,-0.09989767421967087,-1.5
1777384698.1391027,tb2,-0.18,-0.39157109278582863
1777384698.1673214,tb3,-0.1123093698565963,-1.5
1777384698.16822,tb1,-0.09988655657908262,-1.5
1777384698.1891103,tb2,-0.18,-0.39216474337120294
1777384698.21747,tb3,-0.11239358888557487,-1.5
1777384698.2181976,tb1,-0.09987877663910955,-1.5
1777384698.2391932,tb2,-0.18,-0.3921801146561458
1777384698.2673767,tb3,-0.11239907939426677,-1.5
1777384698.2681897,tb1,-0.09988643206650479,-1.5
1777384698.2890584,tb2,-0.18,-0.3919709949618494
1777384698.3172886,tb3,-0.11225897510638388,-1.5
1777384698.3182797,tb1,-0.09988093822148521,-1.5
1777384698.3391097,tb2,-0.18,-0.3916221940135786
1777384698.3674114,tb3,-0.11229081729450124,-1.5
1777384698.368257,tb1,-0.0998797314413296,-1.5
1777384698.389116,tb2,-0.18,-0.39218171676970237
1777384698.4174538,tb3,-0.11240240694853977,-1.5
1777384698.4181774,tb1,-0.09991324541816124,-1.5
1777384698.4391239,tb2,-0.18,-0.3914907763174112
1777384698.467395,tb3,-0.1124155963698425,-1.5
1777384698.4683049,tb1,-0.09992778999168556,-1.5
1777384698.4891093,tb2,-0.18,-0.3921510909162645
1777384698.5173173,tb3,-0.11224260800777039,-1.5
1777384698.5181391,tb1,-0.0999176047617125,-1.5
1777384698.5391936,tb2,-0.18,-0.391731828597023
1777384698.5673318,tb3,-0.11229467286550031,-1.5
1777384698.568235,tb1,-0.09991610236343927,-1.5
1777384698.589153,tb2,-0.18,-0.392268544297388
1777384698.6174026,tb3,-0.11240451202980763,-1.5
1777384698.6182432,tb1,-0.09994849569043876,-1.5
1777384698.6391773,tb2,-0.18,-0.39153942713993084
1777384698.6672363,tb3,-0.11241317492741557,-1.5
1777384698.6682212,tb1,-0.09995880573759158,-1.5
1777384698.6891356,tb2,-0.18,-0.39217803354718417
1777384698.7173564,tb3,-0.11224055597610737,-1.5
1777384698.7182436,tb1,-0.09993672749328956,-1.5
1777384698.739195,tb2,-0.18,-0.3916168763301345
1777384698.7674227,tb3,-0.11228779692343353,-1.5
1777384698.7682595,tb1,-0.09996092776267695,-1.5
1777384698.789185,tb2,-0.18,-0.39218023120894646
1777384698.8173447,tb3,-0.11240023197453894,-1.5
1777384698.8182356,tb1,-0.09985764629791852,-1.5
1777384698.8391793,tb2,-0.18,-0.39135827899832176
1777384698.8674054,tb3,-0.11241035528392143,-1.5
1777384698.8682494,tb1,-0.09985625330321007,-1.5
1777384698.8891115,tb2,-0.18,-0.3921350224770707
1777384698.917338,tb3,-0.11223964018446886,-1.5
1777384698.9181967,tb1,-0.09984556904140905,-1.5
1777384698.939146,tb2,-0.18,-0.3917870088737036
1777384698.967327,tb3,-0.11229345925150215,-1.5
1777384698.9682176,tb1,-0.09985441043090258,-1.5
1777384698.9891474,tb2,-0.18,-0.39223394549631196
1777384699.0173452,tb3,-0.1123929740104716,-1.5
1777384699.0182,tb1,-0.09987814752207747,-1.5
1777384699.039185,tb2,-0.18,-0.3912023185315526
1777384699.0673478,tb3,-0.11240975038947024,-1.5
1777384699.068249,tb1,-0.09986177810468558,-1.5
1777384699.089118,tb2,-0.18,-0.39210938248326455
1777384699.1173487,tb3,-0.11225168611372455,-1.5
1777384699.1182437,tb1,-0.09988400776204731,-1.5
1777384699.1391864,tb2,-0.18,-0.39179853226905936
1777384699.1674013,tb3,-0.11226936827296727,-1.5
1777384699.1681888,tb1,-0.09987438589192382,-1.5
1777384699.1892076,tb2,-0.18,-0.3922795495242494
1777384699.2174056,tb3,-0.11240850270224269,-1.5
1777384699.2182329,tb1,0.10681387946661101,1.5
1777384699.2391794,tb2,-0.18,-0.3912165917255686
1777384699.2673504,tb3,-0.11240388058376581,-1.5
1777384699.2682683,tb1,0.10682728231067605,1.5
1777384699.289118,tb2,-0.18,-0.3922698495104814
1777384699.3174102,tb3,-0.11224290506171153,-1.5
1777384699.3182542,tb1,0.1068375295211204,1.5
1777384699.3391702,tb2,-0.18,-0.39182494044628524
1777384699.3673701,tb3,-0.1122641638254092,-1.5
1777384699.3682282,tb1,0.1068349938050987,1.5
1777384699.3895156,tb2,-0.18,-0.39220691920654643
1777384699.4173353,tb3,-0.11240605841328362,-1.5
1777384699.4182422,tb1,0.10669051919883982,1.5
1777384699.439174,tb2,-0.18,-0.3913646129487516
1777384699.4673486,tb3,-0.11241364284224623,-1.5
1777384699.4682662,tb1,0.10667811744402156,1.5
1777384699.4891539,tb2,-0.18,-0.3921926411527138
1777384699.517338,tb3,-0.11224933537293932,-1.5
1777384699.5182493,tb1,0.10669175370564005,1.5
1777384699.5392463,tb2,-0.18,-0.3917680016269444
1777384699.5673356,tb3,-0.11226750866528831,-1.5
1777384699.5682518,tb1,0.10668579762508494,1.5
1777384699.5890777,tb2,-0.18,-0.39214161910727047
1777384699.6173563,tb3,-0.11240362223316652,-1.5
1777384699.618264,tb1,0.1066840710444481,1.5
1777384699.639153,tb2,-0.18,-0.391341846894811
1777384699.6673477,tb3,-0.11241427273663814,-1.5
1777384699.6682186,tb1,0.10668418298577077,1.5
1777384699.6891358,tb2,-0.18,-0.3921975996270859
1777384699.7173166,tb3,-0.11224269447811622,-1.5
1777384699.7181942,tb1,0.10668245758214967,1.5
1777384699.7391765,tb2,-0.18,-0.3916925725131439
1777384699.7673333,tb3,-0.11225293698889709,-1.5
1777384699.7682562,tb1,0.10667277744602766,1.5
1777384699.789176,tb2,-0.18,-0.39225139980712886
1777384699.8174067,tb3,-0.11240546662956118,-1.5
1777384699.8182027,tb1,0.10670789662817773,1.5
1777384699.8390603,tb2,-0.18,-0.39129431127940556
1777384699.8674142,tb3,-0.11241233566933517,-1.5
1777384699.868209,tb1,0.10672129892987907,1.5
1777384699.8891606,tb2,-0.18,-0.3921863547339948
1777384699.9174094,tb3,-0.11224366836446345,-1.5
1777384699.9182093,tb1,0.10671752061945217,1.5
1777384699.9390934,tb2,-0.18,-0.3918227652307711
1777384699.9674108,tb3,-0.11224849996515104,-1.5
1777384699.9682188,tb1,0.10672489791147168,1.5
1777384699.9891772,tb2,-0.18,-0.39211685845410293
1777384700.017301,tb3,-0.1124026488189358,-1.5
1777384700.0182498,tb1,-0.09994437864630427,-1.4999999999999998
1777384700.039203,tb2,-0.18,-0.3912000274256162
1777384700.0673923,tb3,-0.11242696941658449,-1.5
1777384700.0682817,tb1,-0.09995011626830494,-1.5
1777384700.0891016,tb2,-0.18,-0.3921183308508214
1777384700.117412,tb3,-0.11225867798357121,-1.5
1777384700.118242,tb1,-0.0999746643982817,-1.5
1777384700.1392198,tb2,-0.18,-0.3916754497678498
1777384700.16743,tb3,-0.11224537544573998,-1.5
1777384700.1682014,tb1,-0.09996178946459867,-1.5
1777384700.1891656,tb2,-0.18,-0.3922427861855133
1777384700.2173753,tb3,-0.11240772911225787,-1.5
1777384700.218192,tb1,-0.09986153249533761,-1.5
1777384700.2391224,tb2,-0.18,-0.3912243473807275
1777384700.2674036,tb3,-0.11238225298956689,-1.5
1777384700.268236,tb1,-0.09987825463661619,-1.5
1777384700.2891035,tb2,-0.18,-0.3921860742547316
1777384700.3173563,tb3,-0.11226139805001463,-1.5
1777384700.3182366,tb1,-0.09987210112627537,-1.5
1777384700.339086,tb2,-0.18,-0.39180049067955225
1777384700.3673089,tb3,-0.11223695093936538,-1.5
1777384700.3682516,tb1,-0.09986069299449477,-1.5
1777384700.389054,tb2,-0.18,-0.3921436104741691
1777384700.4173641,tb3,-0.11239328702239636,-1.5
1777384700.4181585,tb1,-0.09988096981000331,-1.5
1777384700.4391246,tb2,-0.18,-0.3911998499443472
1777384700.4673529,tb3,-0.11241369993947574,-1.5
1777384700.4682393,tb1,-0.0998930807698922,-1.5
1777384700.4890993,tb2,-0.18,-0.3921997016399464
1777384700.517428,tb3,-0.11227330171376215,-1.5
1777384700.5182,tb1,-0.09989144800346679,-1.5
1777384700.5391216,tb2,-0.18,-0.39178381921934086
1777384700.567368,tb3,-0.11224494124744201,-1.5
1777384700.5682318,tb1,-0.0999142483160516,-1.5
1777384700.5891209,tb2,-0.18,-0.3922164186731929
1777384700.6173432,tb3,-0.11238247019386277,-1.5
1777384700.6181583,tb1,-0.09984044704649137,-1.5
1777384700.6390686,tb2,-0.18,-0.39120074066477706
1777384700.6673288,tb3,-0.11240196554340572,-1.5
1777384700.6682227,tb1,-0.09985470683568139,-1.5
1777384700.689059,tb2,-0.18,-0.3921230905696107
1777384700.7175143,tb3,-0.11231022083389174,-1.5
1777384700.7196574,tb1,-0.09985327103903606,-1.5
1777384700.739056,tb2,-0.18,-0.3917083524602192
1777384700.7673008,tb3,-0.11222768473053812,-1.5
1777384700.768208,tb1,-0.09985378379613498,-1.5
1777384700.789104,tb2,-0.18,-0.39233155000648956
1777384700.8174767,tb3,-0.11240565196573327,-1.5
1777384700.818256,tb1,-0.09987721889861965,-1.5
1777384700.839264,tb2,-0.18,-0.39097852261961813
1777384700.8674028,tb3,-0.11239930879400106,-1.5
1777384700.8682685,tb1,-0.09987757269845784,-1.5
1777384700.8891566,tb2,-0.18,-0.39214452375957526
1777384700.9173222,tb3,-0.1122877884861854,-1.5
1777384700.918276,tb1,-0.09988083983593472,-1.5
1777384700.9391806,tb2,-0.18,-0.39190977811055455
1777384700.967316,tb3,-0.11224103905450854,-1.5
1777384700.9682276,tb1,-0.09988118246512251,-1.5
1777384700.9891858,tb2,-0.18,-0.39218191103317485
1777384701.0173397,tb3,-0.11239035214717305,-1.5
1777384701.0182343,tb1,0.10668772937830262,1.5
1777384701.0391881,tb2,-0.18,-0.3909653196880949
1777384701.0673678,tb3,-0.11240370491806694,-1.5
1777384701.0683126,tb1,0.10666909961656873,1.5
1777384701.0892103,tb2,-0.18,-0.3921570553862354
1777384701.1172545,tb3,-0.11231477405034197,-1.5
1777384701.1182692,tb1,0.10668793932259657,1.5
1777384701.1391282,tb2,-0.18,-0.39179796028896713
1777384701.1673992,tb3,-0.11223899030521038,-1.5
1777384701.1681914,tb1,0.10668424782659526,1.5
1777384701.1891286,tb2,-0.18,-0.39214535903808995
1777384701.2174048,tb3,-0.11238714761958576,-1.5
1777384701.2182715,tb1,0.1066067912097995,1.5
1777384701.2391407,tb2,-0.18,-0.39099627606484144
1777384701.2673163,tb3,-0.11240107542329843,-1.5
1777384701.2682304,tb1,0.10661368961501091,1.5
1777384701.2891078,tb2,-0.18,-0.3920787267928298
1777384701.3173726,tb3,-0.11230555899321006,-1.5
1777384701.3181338,tb1,0.10661796046936615,1.5
1777384701.3391109,tb2,-0.18,-0.3917493280496017
1777384701.3673513,tb3,-0.11223822790984031,-1.5
1777384701.3682427,tb1,0.10661796563954377,1.5
1777384701.3891773,tb2,-0.18,-0.39209682619902625
1777384701.417272,tb3,-0.11239672513978997,-1.5
1777384701.418218,tb1,0.10662342289320106,1.5
1777384701.4390671,tb2,-0.18,-0.3908569878608882
1777384701.467356,tb3,-0.1124028070127332,-1.5
1777384701.4682193,tb1,-0.09987942470806278,-1.5
1777384701.4890378,tb2,-0.18,-0.39209676745506705
1777384701.517343,tb3,-0.1123450657531475,-1.5
1777384701.5183527,tb1,-0.09988246749444037,-1.5
1777384701.5390787,tb2,-0.18,-0.391664971145665
1777384701.5674083,tb3,-0.1122376333538874,-1.5
1777384701.5681183,tb1,-0.09986768559689094,-1.5
1777384701.5891492,tb2,-0.18,-0.3921600174748957
1777384701.6173007,tb3,-0.11240218621840103,-1.5
1777384701.618458,tb1,-0.09985898725838234,-1.5
1777384701.6391196,tb2,-0.18,-0.39076679364441114
1777384701.6673517,tb3,-0.11240561485397602,-1.5
1777384701.6682005,tb1,-0.09986030124395089,-1.5
1777384701.6890123,tb2,-0.18,-0.3922004999507426
1777384701.7172897,tb3,-0.11236389160040576,-1.5
1777384701.718244,tb1,-0.09985388134503378,-1.5
1777384701.739029,tb2,-0.18,-0.3918089670234569
1777384701.7673528,tb3,-0.11225935017319018,-1.5
1777384701.7682226,tb1,-0.09984051005723318,-1.5
1777384701.7891147,tb2,-0.18,-0.3922232535931978
1777384701.8173368,tb3,-0.11239899244028595,-1.5
1777384701.8182445,tb1,-0.09981230418140834,-1.5
1777384701.8391752,tb2,-0.18,-0.3908403095066871
1777384701.8673394,tb3,-0.11240819512658526,-1.5
1777384701.8682127,tb1,-0.0998244774274843,-1.5
1777384701.889078,tb2,-0.18,-0.39211308826267366
1777384701.9174218,tb3,-0.11235601182467542,-1.5
1777384701.9182408,tb1,-0.09981938513864745,-1.5
1777384701.9391422,tb2,-0.18,-0.39176600341969176
1777384701.9673553,tb3,-0.11223837257857701,-1.5
1777384701.9682245,tb1,-0.09982240140049611,-1.5
1777384701.9891176,tb2,-0.18,-0.39221282990582634
1777384702.0173662,tb3,-0.11239255917945883,-1.5
1777384702.0182822,tb1,-0.09981305062527482,-1.5
1777384702.0391777,tb2,-0.18,-0.39094454258991973
1777384702.0674102,tb3,-0.11239504283340539,-1.5
1777384702.0682607,tb1,-0.09981176473957587,-1.5
1777384702.0891037,tb2,-0.18,-0.39203121780577715
1777384702.117349,tb3,-0.11238485859215024,-1.5
1777384702.1182625,tb1,-0.09980578023499252,-1.5
1777384702.1391184,tb2,-0.18,-0.39184532359440283
1777384702.167339,tb3,-0.1122405374428743,-1.5
1777384702.1682324,tb1,-0.09979547255254406,-1.5
1777384702.1890857,tb2,-0.18,-0.39241676466169595
1777384702.2173264,tb3,-0.11238831595425026,-1.5
1777384702.2182076,tb1,-0.0997976536422603,-1.5
1777384702.2391472,tb2,-0.18,-0.3908114134984808
1777384702.2674358,tb3,-0.11239849907431886,-1.5
1777384702.2682517,tb1,-0.09979686449646974,-1.5
1777384702.2890754,tb2,-0.18,-0.39221182512915176
1777384702.3173652,tb3,-0.11237655710363179,-1.5
1777384702.3182604,tb1,-0.0997998413442389,-1.5
1777384702.3391306,tb2,-0.18,-0.39163411182990665
1777384702.3674316,tb3,-0.1122340269397167,-1.5
1777384702.368256,tb1,-0.0998029710248632,-1.5
1777384702.3890615,tb2,-0.18,-0.3921901532342318
1777384702.4174213,tb3,-0.11240727842810269,-1.5
1777384702.4182942,tb1,-0.09979395696395246,-1.5
1777384702.4390981,tb2,-0.18,-0.3908115445699337
1777384702.4673483,tb3,-0.11241150467096034,-1.5
1777384702.4682279,tb1,-0.09980124747992175,-1.5
1777384702.4890633,tb2,-0.18,-0.39216372687548573
1777384702.517355,tb3,-0.11238613368888474,-1.5
1777384702.5182734,tb1,-0.09981161153962828,-1.5
1777384702.5390482,tb2,-0.18,-0.39163691325052197
1777384702.5673153,tb3,-0.11222739304915962,-1.5
1777384702.5682552,tb1,-0.09979586217086511,-1.5
1777384702.589205,tb2,-0.18,-0.39217038037040064
1777384702.6173942,tb3,-0.11239797458481611,-1.5
1777384702.618164,tb1,-0.09979462641756423,-1.5
1777384702.6391246,tb2,-0.18,-0.3908026130613332
1777384702.6673365,tb3,-0.11239070331472556,-1.5
1777384702.6682343,tb1,-0.09980321207872885,-1.5
1777384702.6891975,tb2,-0.18,-0.3921737755501109
1777384702.7174284,tb3,-0.11237937296490663,-1.5
1777384702.7182367,tb1,-0.09981038935790448,-1.5
1777384702.7391052,tb2,-0.18,-0.391730694957183
1777384702.7673054,tb3,-0.11223590501418493,-1.5
1777384702.7682438,tb1,-0.09979266454495864,-1.5
1777384702.789088,tb2,-0.18,-0.3922537250774826
1777384702.8173525,tb3,-0.11239242504651634,-1.5
1777384702.8182597,tb1,-0.09980483642442638,-1.5
1777384702.8391144,tb2,-0.18,-0.39088522986851637
1777384702.8674693,tb3,-0.11239703942764448,-1.5
1777384702.8682795,tb1,-0.09980959369201466,-1.5
1777384702.889103,tb2,-0.18,-0.39208711689043413
1777384702.917357,tb3,-0.11238301568022546,-1.5
1777384702.9182785,tb1,-0.09981446620257137,-1.5
1777384702.9391115,tb2,-0.18,-0.3917448092227246
1777384702.9674122,tb3,-0.11224372916281523,-1.5
1777384702.968217,tb1,-0.09981834123247096,-1.5
1777384702.9890552,tb2,-0.18,-0.39227813135075484
1777384703.0173965,tb3,-0.11239491167256084,-1.5
1777384703.0181959,tb1,-0.09979721943693291,-1.4999999999999998
1777384703.0390368,tb2,-0.18,-0.3907631420961951
1777384703.0674002,tb3,-0.11238732338165414,-1.5
1777384703.0682478,tb1,-0.0997948530179964,-1.5
1777384703.0891218,tb2,-0.18,-0.3921108943619168
1777384703.117431,tb3,-0.1123877144276558,-1.5
1777384703.1182415,tb1,-0.09980373996627936,-1.5
1777384703.1391482,tb2,-0.18,-0.39192497767519624
1777384703.1672544,tb3,-0.11224729165500208,-1.5
1777384703.168227,tb1,-0.09980707887974716,-1.5
1777384703.1892123,tb2,-0.18,-0.392203122570026
1777384703.2174077,tb3,-0.11240143717148846,-1.5
1777384703.2183084,tb1,-0.09987759788753721,-1.5
1777384703.2390988,tb2,-0.18,-0.39084988127362114
1777384703.2677543,tb3,-0.1123911968546706,-1.5
1777384703.2682683,tb1,-0.09987696243459697,-1.5
1777384703.2890408,tb2,-0.18,-0.3922369309763932
1777384703.3173423,tb3,-0.11238610371736135,-1.5
1777384703.3182077,tb1,-0.09985867285854413,-1.5
1777384703.339122,tb2,-0.18,-0.3918929572455236
1777384703.3673306,tb3,-0.11224449879288496,-1.5
1777384703.368284,tb1,-0.09985382923600958,-1.5
1777384703.3891156,tb2,-0.18,-0.3920042793440278
1777384703.4172823,tb3,-0.11240082413389874,-1.5
1777384703.4182875,tb1,0.10665113424614263,1.5
1777384703.4391239,tb2,-0.18,-0.3908613539948252
1777384703.4673758,tb3,-0.1123745242274649,-1.5
1777384703.4682858,tb1,0.1066497463953032,1.5
1777384703.4890852,tb2,-0.18,-0.39224799874841254
1777384703.5173302,tb3,-0.1123933155463223,-1.5
1777384703.5182981,tb1,0.10664100860654463,1.5
1777384703.539137,tb2,-0.18,-0.3919560077220581
1777384703.5674102,tb3,-0.11224539630212296,-1.5
1777384703.5682611,tb1,0.10665759366423229,1.5
1777384703.589112,tb2,-0.18,-0.392237610170963
1777384703.6172519,tb3,-0.11240011218463856,-1.5
1777384703.6182723,tb1,0.10660958985295502,1.5
1777384703.6391678,tb2,-0.18,-0.39083282964858135
1777384703.6673613,tb3,-0.11235801148344345,-1.5
1777384703.668297,tb1,0.10661284626088792,1.5
1777384703.6891444,tb2,-0.18,-0.39207797186502685
1777384703.7173135,tb3,-0.11237946198246662,-1.5
1777384703.7183118,tb1,0.1066141760523094,1.5
1777384703.7391179,tb2,-0.18,-0.39210747606907154
1777384703.7674205,tb3,-0.11225641361584279,-1.5
1777384703.7682083,tb1,0.1066110145275795,1.5
1777384703.7891324,tb2,-0.18,-0.3922513664989249
1777384703.8173378,tb3,-0.1123985621139141,-1.5
1777384703.8182113,tb1,-0.09980791441777662,-1.5
1777384703.83913,tb2,-0.18,-0.3908659576334432
1777384703.8673577,tb3,-0.11236405273083566,-1.5
1777384703.8682046,tb1,-0.0998310375710554,-1.5
1777384703.8892076,tb2,-0.18,-0.3921011015494125
1777384703.9172513,tb3,-0.11240075252061063,-1.5
1777384703.9182298,tb1,-0.09983551953922222,-1.5
1777384703.939256,tb2,-0.18,-0.3921779253486487
1777384703.967353,tb3,-0.11223954946164195,-1.5
1777384703.9682024,tb1,-0.09981299364814897,-1.5
1777384703.9891806,tb2,-0.18,-0.39205850810930404
1777384704.0173278,tb3,-0.11239263949403314,-1.5
1777384704.0181913,tb1,-0.09984677251861428,-1.5
1777384704.0392077,tb2,-0.18,-0.39086175928060696
1777384704.0674055,tb3,-0.11233685419244617,-1.5
1777384704.0681705,tb1,-0.09985597848755479,-1.5
1777384704.0892234,tb2,-0.18,-0.3914459996489415
1777384704.1173515,tb3,-0.11240315433455815,-1.5
1777384704.118149,tb1,-0.09985563978847964,-1.5
1777384704.1391504,tb2,-0.18,-0.39223205246842674
1777384704.1673222,tb3,-0.11223893872316365,-1.5
1777384704.1681466,tb1,-0.09986192315609317,-1.5
1777384704.1891973,tb2,-0.18,-0.39212071358892975
1777384704.2173615,tb3,-0.11238636727254768,-1.5
1777384704.2186403,tb1,-0.09984188696079038,-1.5
1777384704.2391784,tb2,-0.18,-0.39067334223328304
1777384704.2672973,tb3,-0.11234513799036774,-1.5
1777384704.2682147,tb1,-0.09984497526360349,-1.5
1777384704.2892027,tb2,-0.18,-0.3913911457531631
1777384704.3174374,tb3,-0.11239917097301848,-1.5
1777384704.318252,tb1,-0.09985317503946027,-1.5
1777384704.3391702,tb2,-0.18,-0.39208849242680527
1777384704.3674226,tb3,-0.11224779958315052,-1.5
1777384704.3682034,tb1,-0.09987260647259773,-1.5
1777384704.3891027,tb2,-0.18,-0.39232481459877616
1777384704.4174113,tb3,-0.11240037312887523,-1.5
1777384704.4182723,tb1,-0.09984856082047967,-1.5
1777384704.4391189,tb2,-0.18,-0.3907857706127642
1777384704.4673917,tb3,-0.11232655794455891,-1.5
1777384704.4682386,tb1,-0.09983484142580147,-1.5
1777384704.489149,tb2,-0.18,-0.3913385683954463
1777384704.517423,tb3,-0.11239767854314812,-1.5
1777384704.5181553,tb1,-0.09983121900903105,-1.5
1777384704.5390813,tb2,-0.18,-0.39204063079140794
1777384704.5673947,tb3,-0.11224848021029657,-1.5
1777384704.5682614,tb1,-0.09993807102485713,-1.5
1777384704.5891838,tb2,-0.18,-0.39223031958917154
1777384704.6173868,tb3,-0.11239984953761285,-1.5
1777384704.6182492,tb1,-0.09670087323358043,-1.5
1777384704.6391895,tb2,-0.18,-0.39055347930188616
1777384704.6675253,tb3,-0.11232290460474015,-1.5
1777384704.6682763,tb1,-0.08954114159142544,-1.5
1777384704.6891143,tb2,-0.18,-0.3911792494668915
1777384704.7173128,tb3,-0.11239861710203979,-1.5
1777384704.7191215,tb1,-0.07879239507188461,-1.5
1777384704.7391498,tb2,-0.18,-0.39169966775273396
1777384704.767356,tb3,-0.11225152458561123,-1.5
1777384704.7682796,tb1,-0.06712900541672569,-1.5000000000000002
1777384704.7891722,tb2,-0.18,-0.3922712052424206
1777384704.8173373,tb3,-0.11238826737755174,-1.5
1777384704.818266,tb1,-0.05610949885985871,-1.4999999999999998
1777384704.8391302,tb2,-0.18,-0.3904088131910935
1777384704.8673573,tb3,-0.11230498434081675,-1.5
1777384704.86819,tb1,-0.04476176078537792,-1.4999999999999998
1777384704.8891492,tb2,-0.18,-0.39112456821480224
1777384704.917366,tb3,-0.11239378646071264,-1.5
1777384704.9182062,tb1,-0.03415950492536721,-1.5
1777384704.9391136,tb2,-0.18,-0.3917146726328728
1777384704.9674058,tb3,-0.11223842275902986,-1.5
1777384704.9682744,tb1,-0.02377604913873095,-1.5
1777384704.989178,tb2,-0.18,-0.3922185241311341
1777384705.0172698,tb3,-0.11239441092267057,-1.5
1777384705.0182288,tb1,-0.012904260470899466,-1.4999999999999998
1777384705.0390713,tb2,-0.18,-0.39190865309814815
1777384705.0673187,tb3,-0.11229408808406331,-1.5
1777384705.0682387,tb1,-0.0031152101986197346,-1.5
1777384705.089072,tb2,-0.18,-0.39099286857216436
1777384705.1172726,tb3,-0.11240056689004127,-1.5
1777384705.1182654,tb1,0.007687238763096385,-1.5
1777384705.1391025,tb2,-0.18,-0.3916915943105485
1777384705.1672816,tb3,-0.1122398544780885,-1.5
1777384705.1682057,tb1,0.01788348664984016,-1.5
1777384705.1891115,tb2,-0.18,-0.39226417132546104
1777384705.2174177,tb3,-0.11238668638649578,-1.5
1777384705.218286,tb1,0.027791188129857508,-1.5
1777384705.2391052,tb2,-0.18,-0.391907754939667
1777384705.2673564,tb3,-0.11230630644028423,-1.5
1777384705.2682679,tb1,0.0370290472434468,-1.5
1777384705.2891119,tb2,-0.18,-0.3912389527178448
1777384705.3172626,tb3,-0.11240072249705609,-1.5
1777384705.3182662,tb1,0.04611438266211596,-1.5
1777384705.33912,tb2,-0.18,-0.3917436541912266
1777384705.3674357,tb3,-0.11224392209972937,-1.5
1777384705.3682077,tb1,0.055984593974392365,-1.4999999999999998
1777384705.3891587,tb2,-0.18,-0.39220553017891785
1777384705.417334,tb3,-0.11240479987431314,-1.5
1777384705.4182124,tb1,0.06588277937019095,-1.5
1777384705.4392335,tb2,-0.18,-0.3917588209572555
1777384705.4673548,tb3,-0.11229768096491613,-1.5
1777384705.4682465,tb1,0.07665988083556391,-1.5
1777384705.4891279,tb2,-0.18,-0.3911517051212674
1777384705.5173454,tb3,-0.11239827235457167,-1.5
1777384705.5182376,tb1,0.08679701947029114,-1.5
1777384705.539157,tb2,-0.18,-0.391693947989901
1777384705.5673597,tb3,-0.11226017587877614,-1.5
1777384705.5683005,tb1,0.09812774416867029,-1.5
1777384705.5891254,tb2,-0.18,-0.39212733596273
1777384705.6173623,tb3,-0.11240447771223659,-1.5
1777384705.6182356,tb1,0.11037592896157183,-1.5
1777384705.6390398,tb2,-0.18,-0.3919689857135076
1777384705.667492,tb3,0.10735971242440605,1.5
1777384705.6682866,tb1,0.12200260370271197,-1.5
1777384705.6891382,tb2,-0.18,-0.39117581772580085
1777384705.717255,tb3,0.10745608349383368,1.5
1777384705.718184,tb1,0.1366378879727831,-1.5
1777384705.739137,tb2,-0.18,-0.39158976122216704
1777384705.7673595,tb3,0.1073282839898813,1.5
1777384705.7682147,tb1,0.15202587563959338,-1.5
1777384705.789119,tb2,-0.18,-0.3920948532415668
1777384705.8171892,tb3,0.10746049379320759,1.5
1777384705.818155,tb1,0.16868703590232412,-1.5
1777384705.8391943,tb2,-0.18,-0.3918122184382021
1777384705.8673804,tb3,0.10736243413048131,1.5
1777384705.868257,tb1,0.18,-1.433614712241956
1777384705.8891878,tb2,-0.18,-0.39116439739453585
1777384705.9172773,tb3,0.10746599729859888,1.5
1777384705.918276,tb1,0.18,-1.2874482870787463
1777384705.93912,tb2,-0.18,-0.39169567892919277
1777384705.9673576,tb3,0.1073299623221007,1.5
1777384705.9682732,tb1,0.18,-1.1478367705230272
1777384705.9891555,tb2,-0.18,-0.39224200910168117
1777384706.0175245,tb3,0.10746695036288043,1.5
1777384706.0182366,tb1,0.18,-1.0224877210770946
1777384706.0390897,tb2,-0.18,-0.3919296248216063
1777384706.0673425,tb3,0.10736033966979862,1.5
1777384706.0682247,tb1,0.18,-0.8978118095582053
1777384706.0891182,tb2,-0.18,-0.3910574172943901
1777384706.1172812,tb3,0.10745456516557114,1.5
1777384706.118165,tb1,0.18,-0.7747357424403847
1777384706.1391683,tb2,-0.18,-0.39164405021236215
1777384706.1672544,tb3,0.10733144752601566,1.5
1777384706.1682472,tb1,0.18,-0.6740908370406731
1777384706.1890752,tb2,-0.18,-0.39231424742073384
1777384706.2173712,tb3,0.10746824529521146,1.5
1777384706.2182107,tb1,0.18,-0.5529672561860012
1777384706.2391884,tb2,-0.18,-0.39179684461825204
1777384706.2673132,tb3,0.10736060445968118,1.5
1777384706.2682276,tb1,0.18,-0.4307839897281218
1777384706.2891834,tb2,-0.18,-0.3911038933968455
1777384706.3173647,tb3,0.10745321389436735,1.5
1777384706.3182309,tb1,0.18,-0.31514701064612705
1777384706.3391345,tb2,-0.18,-0.3917742189226331
1777384706.367439,tb3,0.10734848299588853,1.5
1777384706.3682761,tb1,0.18,-0.19389954276979246
1777384706.3890622,tb2,-0.18,-0.3921642820507102
1777384706.4173257,tb3,0.10749847437162986,1.5
1777384706.4182804,tb1,0.18,-0.07006086536623911
1777384706.439133,tb2,-0.18,-0.3919404758786676
1777384706.4675233,tb3,0.10734715198659038,1.5
1777384706.4682872,tb1,0.18,0.05302629257454515
1777384706.4891317,tb2,-0.18,-0.39109898787403485
1777384706.5173538,tb3,0.1074633262361385,1.5
1777384706.5182035,tb1,0.18,0.179611599221344
1777384706.5392182,tb2,-0.18,-0.39180831083483464
1777384706.5673697,tb3,0.10736149864873201,1.5
1777384706.5682108,tb1,0.18,0.28738578760360195
1777384706.5891197,tb2,-0.18,-0.3922272077835474
1777384706.61727,tb3,0.10752371324054354,1.5
1777384706.61815,tb1,0.18,0.4123554334116404
1777384706.6392078,tb2,-0.18,-0.39202523348921403
1777384706.6674314,tb3,0.10734087365583558,1.5
1777384706.6681304,tb1,0.18,0.5356037309029141
1777384706.6891253,tb2,-0.18,-0.39108611745720273
1777384706.7173872,tb3,0.10745062189930708,1.5
1777384706.7181294,tb1,0.18,0.679558870127228
1777384706.739196,tb2,-0.18,-0.39162215265992667
1777384706.7673585,tb3,0.10737585124515045,1.5
1777384706.7681746,tb1,0.18,0.8212846714142513
1777384706.7891152,tb2,-0.18,-0.3894397868554922
1777384706.8173819,tb3,0.10750979847505013,1.5
1777384706.8181462,tb1,0.18,0.9933706402107567
1777384706.8391237,tb2,-0.18,-0.35443442220288324
1777384706.8673584,tb3,0.10732245582532794,1.5
1777384706.8681347,tb1,0.18,1.1755402234046342
1777384706.8891046,tb2,-0.18,-0.3004459897228812
1777384706.9173377,tb3,0.10745137573207053,1.5
1777384706.9181461,tb1,0.18,1.3526549244740111
1777384706.9391575,tb2,-0.18,-0.22982578778602397
1777384706.9673479,tb3,0.107347216353753,1.5
1777384706.9682798,tb1,0.17326668301216672,1.5
1777384706.9891798,tb2,-0.18,-0.1575518034773609
1777384707.0173705,tb3,0.10730692996751866,1.5
1777384707.018161,tb1,0.150497641496783,1.5
1777384707.039165,tb2,-0.18,-0.07578825774822101
1777384707.0673542,tb3,0.10675025168716133,1.5
1777384707.0681274,tb1,0.1305920216973491,1.5
1777384707.0891533,tb2,-0.18,0.0006636116365286671
1777384707.1174269,tb3,0.10631231129264368,1.5
1777384707.1181211,tb1,0.1135105900277758,1.5
1777384707.1391745,tb2,-0.18,0.08108963230565859
1777384707.1673126,tb3,0.10564631978827298,1.5
1777384707.1682312,tb1,0.09700132219071368,1.5
1777384707.1890717,tb2,-0.18,0.16572320432888998
1777384707.217424,tb3,0.10513664367346669,1.5
1777384707.2181952,tb1,-0.18,0.3155492604114209
1777384707.239064,tb2,-0.18,0.2405208860464844
1777384707.267577,tb3,0.1042640026293144,1.5
1777384707.268297,tb1,-0.07769309430845162,-1.4999999999999998
1777384707.2892964,tb2,-0.18,0.3279256933711938
1777384707.3173563,tb3,0.10370835099265631,1.5
1777384707.3182614,tb1,-0.18,0.17290163485728127
1777384707.3391273,tb2,-0.18,0.40892160552258905
1777384707.36736,tb3,0.10287503608606256,1.5
1777384707.3682654,tb1,-0.18,0.10581873386883466
1777384707.3891525,tb2,-0.18,0.49668288931183296
1777384707.4173303,tb3,0.10224957590567736,1.5
1777384707.418256,tb1,-0.18,0.051101413386271353
1777384707.4391255,tb2,-0.18,0.5881769771543135
1777384707.4673603,tb3,0.10137603658968455,1.5
1777384707.4682693,tb1,-0.04401729077735142,-1.5
1777384707.4891703,tb2,-0.18,0.6759056671572512
1777384707.5173743,tb3,0.10139500592671778,1.5
1777384707.5182273,tb1,-0.03827539281171245,-1.5
1777384707.5391622,tb2,-0.18,0.7736865214059444
1777384707.567299,tb3,0.10136546283886054,1.5
1777384707.5682232,tb1,-0.032454335375286913,-1.5
1777384707.5891464,tb2,-0.18,0.852078500278819
1777384707.6173499,tb3,0.10176964094217136,1.5
1777384707.618126,tb1,-0.046534445453887574,-1.5
1777384707.6390946,tb2,-0.18,0.9541421735909851
1777384707.6674569,tb3,0.10227573629732513,1.5
1777384707.6682522,tb1,-0.019278734406425,-1.4999999999999998
1777384707.6891613,tb2,-0.18,1.0605448194427651
1777384707.717348,tb3,0.10348495656948618,1.5
1777384707.7182336,tb1,-0.014688946112082305,-1.5
1777384707.739131,tb2,-0.18,1.1790718022030835
1777384707.7673986,tb3,0.10465504148771373,1.5
1777384707.768206,tb1,-0.011202316747779049,-1.5
1777384707.7891214,tb2,-0.18,1.303582190572144
1777384707.817436,tb3,0.1060370997880478,1.5
1777384707.818261,tb1,-0.00915293014606709,-1.5
1777384707.8391657,tb2,-0.18,1.428428444950895
1777384707.867428,tb3,0.10724918019285552,1.5
1777384707.8682952,tb1,-0.007518201137690419,-1.5
1777384707.8891773,tb2,-0.17060416513092316,1.5
1777384707.9173896,tb3,0.10868493016639368,1.5
1777384707.9181216,tb1,-0.00659342945224303,-1.5
1777384707.9391043,tb2,-0.15689463708012255,1.5
1777384707.9674478,tb3,0.11001326085926105,1.5
1777384707.9682677,tb1,-0.0054776786879691345,-1.5
1777384707.9890988,tb2,-0.13867900726745072,1.5
1777384708.017403,tb3,0.11136572224671774,1.5
1777384708.018245,tb1,-0.003992621936050101,-1.5
1777384708.0391219,tb2,-0.1192013103072329,1.5
1777384708.0673482,tb3,0.11267195445076449,1.5
1777384708.0682359,tb1,-0.0032319951530099685,-1.5
1777384708.0891063,tb2,-0.10173565634642955,1.4999999999999998
1777384708.1173491,tb3,0.1143248127116366,1.5
1777384708.1182308,tb1,-0.0013891888228212963,-1.4999999999999998
1777384708.1391902,tb2,-0.08341966260856173,1.5
1777384708.167294,tb3,0.11552379642054125,1.5
1777384708.1683285,tb1,-0.0013479846393367552,-1.5
1777384708.1891725,tb2,-0.06735514504382116,1.4999999999999998
1777384708.2174835,tb3,0.117141102916503,1.5
1777384708.218186,tb1,-0.0026284491779157634,-1.5
1777384708.240789,tb2,-0.05247853519531214,1.5
1777384708.2674232,tb3,0.11852306115494846,1.5
1777384708.2682853,tb1,-0.0036985834955567017,-1.5
1777384708.2891245,tb2,-0.03885073991696146,1.5
1777384708.3174899,tb3,0.1201885672253344,1.5
1777384708.3183029,tb1,-0.005343181020781111,-1.5
1777384708.3392017,tb2,-0.073003479799212,1.5
1777384708.367373,tb3,0.12187236452617181,1.5
1777384708.3682315,tb1,-0.0061604297988175506,-1.5
1777384708.3891218,tb2,-0.06495211843778254,1.5
1777384708.4173658,tb3,0.12334681212461422,1.5
1777384708.4182281,tb1,-0.008091143197803252,-1.5
1777384708.4392169,tb2,-0.05769421404249014,1.5
1777384708.4673784,tb3,0.12475776033888478,1.5
1777384708.468132,tb1,-0.01020269021685191,-1.5
1777384708.4891856,tb2,-0.05002679470110229,1.5
1777384708.5173438,tb3,0.12624310631288024,1.5
1777384708.5181415,tb1,-0.012379544342184513,-1.4999999999999998
1777384708.539136,tb2,-0.04291962444916513,1.5
1777384708.5674112,tb3,0.12750220014320846,1.5
1777384708.568155,tb1,-0.014940570583556486,-1.5
1777384708.5891283,tb2,-0.03529099367843253,1.5
1777384708.6173382,tb3,0.129164960655482,1.5
1777384708.6182415,tb1,-0.016253798609447232,-1.5
1777384708.6391227,tb2,-0.028136929327512324,1.4999999999999998
1777384708.6673913,tb3,0.1305143493716239,1.5
1777384708.6681504,tb1,-0.01805060407162307,-1.5
1777384708.6891067,tb2,-0.02151241446786019,1.5
1777384708.717361,tb3,0.1316261915588756,1.5
1777384708.7181215,tb1,-0.020144241021465902,-1.5
1777384708.739163,tb2,-0.014711457907506382,1.5000000000000002
1777384708.7672582,tb3,0.13295316226742757,1.5
1777384708.7682533,tb1,-0.02194665226039124,-1.4999999999999998
1777384708.789178,tb2,-0.008129737543773254,1.5
1777384708.8173892,tb3,0.13382178590379412,1.5
1777384708.8181543,tb1,-0.024119389673296215,-1.5
1777384708.8391798,tb2,-0.0013319244758430344,1.5
1777384708.8672824,tb3,0.13402505395098172,1.5
1777384708.8682384,tb1,-0.02713121402388037,-1.5
1777384708.8891027,tb2,0.005118482151752744,1.5
1777384708.917292,tb3,0.13405736283328626,1.5
1777384708.918276,tb1,-0.030370271057464395,-1.5
1777384708.9391112,tb2,0.01163285800993045,1.5
1777384708.9673557,tb3,0.13406629444697626,1.5
1777384708.9682815,tb1,-0.029004933780197292,-1.5
1777384708.989182,tb2,0.01749786138725997,1.4999999999999998
1777384709.0174072,tb3,0.13404293126444994,1.5
1777384709.018328,tb1,-0.022852059443666296,-1.5
1777384709.0390487,tb2,0.024606187743949,1.5
1777384709.0673716,tb3,0.13405963415968736,1.5
1777384709.0683112,tb1,-0.014479419569389656,-1.5
1777384709.0891109,tb2,0.03178456338988289,1.5
1777384709.117361,tb3,0.13407169831063157,1.5
1777384709.1182873,tb1,-0.0046162523282151325,-1.5000000000000002
1777384709.139095,tb2,0.03805087943411115,1.5
1777384709.1673076,tb3,0.13404006350702946,1.5
1777384709.1682608,tb1,0.0057607408270559535,-1.5
1777384709.1891842,tb2,0.04592032918307248,1.5
1777384709.2173553,tb3,0.13406697202712023,1.5
1777384709.2183256,tb1,0.01680302859359568,-1.5
1777384709.2391105,tb2,0.053103859458752234,1.5000000000000002
1777384709.2674122,tb3,0.1340447782838809,1.5
1777384709.2682166,tb1,0.027777520403930063,-1.4999999999999998
1777384709.289205,tb2,0.06052298949456399,1.5
1777384709.3174953,tb3,0.13405305332410783,1.5
1777384709.318188,tb1,0.038965807431536645,-1.5
1777384709.3391232,tb2,0.06860777667482969,1.5
1777384709.3674343,tb3,0.1340441682933282,1.5
1777384709.368229,tb1,0.05031548132408385,-1.5
1777384709.3891757,tb2,0.07331916425656716,1.5
1777384709.4173946,tb3,0.13402871491964286,1.5
1777384709.4182339,tb1,0.06260711315128814,-1.5000000000000002
1777384709.439195,tb2,0.07680901712578307,1.5
1777384709.4674237,tb3,0.1340532591862806,1.5
1777384709.4682233,tb1,0.07539345238554229,-1.5
1777384709.4891942,tb2,0.07706564922256158,1.5
1777384709.517426,tb3,0.1340547860410439,1.5
1777384709.518232,tb1,0.08916337797480614,-1.5
1777384709.5391343,tb2,0.0775972573135248,1.5
1777384709.5673232,tb3,0.13404092180034352,1.5
1777384709.5682,tb1,0.10265667750330303,-1.5
1777384709.5891252,tb2,0.07615687237893241,1.5
1777384709.6173904,tb3,0.13403275524972577,1.5
1777384709.6182156,tb1,-0.1634933613866056,-1.5
1777384709.639147,tb2,0.07507409592000468,1.5
1777384709.667345,tb3,0.1340477473376199,1.5
1777384709.6682622,tb1,-0.14569370525381564,-1.5
1777384709.689121,tb2,0.07446108707453439,1.5
1777384709.717388,tb3,0.134055247458108,1.5
1777384709.7182539,tb1,-0.1297803715459812,-1.5
1777384709.7392004,tb2,0.07410607846995824,1.5
1777384709.767429,tb3,0.13403402256752808,1.5
1777384709.7681687,tb1,-0.11487880011847452,-1.5
1777384709.7891204,tb2,0.07412156596705714,1.5
1777384709.8173969,tb3,0.13404514179445193,1.5
1777384709.8182697,tb1,-0.1004961891076386,-1.5
1777384709.8393035,tb2,0.07419997302378897,1.5
1777384709.8672695,tb3,0.13406466082795115,1.5
1777384709.8682344,tb1,-0.09068041649223099,-1.5
1777384709.8891745,tb2,0.07336383631899022,1.5
1777384709.9173908,tb3,0.13405633010932314,1.5
1777384709.918225,tb1,-0.07742109342141024,-1.4999999999999998
1777384709.9397523,tb2,0.0730885296691179,1.5
1777384709.9673212,tb3,0.13406817182721703,1.5
1777384709.968252,tb1,-0.06501069428596394,-1.5
1777384709.9891155,tb2,0.072273764075837,1.5
1777384710.017418,tb3,0.13407302041691155,1.5
1777384710.0182695,tb1,-0.05312637689705704,-1.5
1777384710.0391073,tb2,0.07287902621477547,1.5
1777384710.0673563,tb3,0.13408047753814295,1.5
1777384710.0682926,tb1,-0.04306916395741314,-1.5
1777384710.089157,tb2,0.07190669791202173,1.5
1777384710.1173942,tb3,0.13408254777898404,1.5
1777384710.118239,tb1,-0.0320003970654222,-1.5000000000000002
1777384710.1391053,tb2,0.07130617174265744,1.5000000000000002
1777384710.1674283,tb3,0.13408798522995855,1.5
1777384710.1681285,tb1,-0.021274560549411004,-1.5
1777384710.189134,tb2,0.06969388818460312,1.5
1777384710.2174165,tb3,0.134093918660581,1.5
1777384710.2181525,tb1,-0.009747261783472513,-1.5000000000000002
1777384710.239122,tb2,0.0703267502302561,1.5000000000000002
1777384710.2673955,tb3,0.13408086883116366,1.5
1777384710.2681417,tb1,0.005008537812445707,-1.5
1777384710.2890704,tb2,0.07017806067574638,1.5
1777384710.3174682,tb3,0.1341236438429414,1.5
1777384710.3181572,tb1,0.017116947021558908,-1.5
1777384710.3391204,tb2,0.06939108422368334,1.5
1777384710.3673346,tb3,0.13408232270127268,1.5
1777384710.368139,tb1,0.02877082803308085,-1.5
1777384710.3891227,tb2,0.068495500502292,1.5
1777384710.4173617,tb3,0.1341015103156887,1.5
1777384710.4181547,tb1,0.040377736664216984,-1.5
1777384710.4391782,tb2,0.06911935700798959,1.5
1777384710.4673462,tb3,0.1341186541550506,1.5
1777384710.4681215,tb1,0.05274495313874405,-1.5
1777384710.489204,tb2,0.06903943817999034,1.5
1777384710.5173056,tb3,0.13411260270287556,1.5
1777384710.5181668,tb1,0.0663791327514128,-1.5
1777384710.5392134,tb2,0.06874675397208498,1.5
1777384710.5673568,tb3,0.13410941862128503,1.5
1777384710.5681505,tb1,0.0816323731435848,-1.5
1777384710.5892286,tb2,0.06819311145058744,1.5
1777384710.6174142,tb3,0.13410461338671603,1.5
1777384710.6181684,tb1,0.0991429337539311,-1.4999999999999998
1777384710.6391757,tb2,0.06657035502075792,1.5
1777384710.667419,tb3,0.1341560428869298,1.5
1777384710.6681685,tb1,0.11569644960937586,-1.5
1777384710.6892068,tb2,0.06683661072967916,1.5
1777384710.7174237,tb3,0.1341584301572587,1.5
1777384710.7182636,tb1,0.13753008811554585,-1.5
1777384710.739057,tb2,0.06696557625971833,1.5
1777384710.767342,tb3,0.13413180504128397,1.5
1777384710.7682235,tb1,0.16258943738933376,-1.5
1777384710.789103,tb2,0.06747933424652337,1.5
1777384710.8173754,tb3,0.13414462852531395,1.5
1777384710.8182325,tb1,0.18,-1.395649672158096
1777384710.8391473,tb2,0.07122519856222814,1.5
1777384710.867466,tb3,0.13432001089964943,1.5
1777384710.8683052,tb1,0.18,-1.1613805425463555
1777384710.8891287,tb2,0.07565402174857506,1.5
1777384710.917425,tb3,0.1343370650742479,1.5
1777384710.9182732,tb1,0.18,-0.9417667902217771
1777384710.9391012,tb2,0.08117566437242796,1.5
1777384710.9674268,tb3,0.1343202252175815,1.5
1777384710.9682772,tb1,0.18,-0.7300038198626172
1777384710.9890988,tb2,0.08716576395372522,1.5
1777384711.0173767,tb3,0.13431154054506922,1.5
1777384711.0181904,tb1,0.18,-0.5472701979856295
1777384711.039119,tb2,0.0931601309918675,1.5
1777384711.0679972,tb3,0.13550615613719325,1.5
1777384711.0682623,tb1,0.18,-0.3589051644355734
1777384711.089121,tb2,0.09955602646671563,1.5
1777384711.1173801,tb3,0.13547577134466887,1.5
1777384711.1183028,tb1,0.18,-0.1858560019452745
1777384711.1392076,tb2,0.10609081377192249,1.5
1777384711.1673295,tb3,0.13514008728477991,1.5
1777384711.1681316,tb1,0.18,-0.00563112698776463
1777384711.189129,tb2,0.11307106387248511,1.5
1777384711.2173605,tb3,0.1349019045802768,1.5
1777384711.2182305,tb1,0.18,0.15107694809848118
1777384711.2391539,tb2,0.12040293905683437,1.5
1777384711.2673779,tb3,0.13484852444957526,1.5
1777384711.2682383,tb1,0.18,0.2980030873083487
1777384711.289162,tb2,0.12806950080995116,1.5
1777384711.3173838,tb3,0.13454198227766845,1.5
1777384711.3182216,tb1,0.18,0.465300806011765
1777384711.339187,tb2,0.1367444976286293,1.5
1777384711.3673625,tb3,0.13391917856016575,1.5
1777384711.3682368,tb1,0.18,0.6407673699455784
1777384711.3891585,tb2,0.14599755832899328,1.5
1777384711.4173627,tb3,0.1333412195409163,1.5
1777384711.4182992,tb1,0.18,0.8517277644480676
1777384711.4391732,tb2,0.15444165893873685,1.5
1777384711.467372,tb3,0.13276197074296286,1.5
1777384711.468284,tb1,0.18,1.0803960646124229
1777384711.4891987,tb2,0.16430855091726862,1.5
1777384711.517428,tb3,0.13214946920761916,1.5
1777384711.5182755,tb1,0.03899086415537526,-1.4999999999999998
1777384711.5390074,tb2,0.179404156546029,1.5
1777384711.5675373,tb3,0.131429859906063,1.5
1777384711.568256,tb1,0.050642696359904704,-1.5000000000000002
1777384711.5891852,tb2,0.18,1.3458256386696674
1777384711.6173208,tb3,0.13081687718769278,1.5
1777384711.618296,tb1,0.06255130443794481,-1.5
1777384711.6391578,tb2,0.18,1.167439219063123
1777384711.6673381,tb3,0.13001116698268583,1.5
1777384711.6682725,tb1,0.07547911152766573,-1.5
1777384711.6891239,tb2,0.18,1.0281999364469638
1777384711.717397,tb3,0.12930080647868028,1.5
1777384711.7182167,tb1,0.0875653759476186,-1.5
1777384711.7391589,tb2,0.18,0.8674451316727667
1777384711.7673879,tb3,0.12864480246279644,1.5
1777384711.768228,tb1,0.10374036292819108,-1.5
1777384711.789186,tb2,0.18,0.7151217140465793
1777384711.8174036,tb3,0.12809142548259506,1.5
1777384711.8183174,tb1,0.12098369364034249,-1.5
1777384711.8391335,tb2,0.18,0.5680224279487749
1777384711.8673387,tb3,0.12738081666901832,1.5
1777384711.8682282,tb1,0.14008070372873752,-1.5
1777384711.889132,tb2,0.18,0.42709170017913717
1777384711.9173546,tb3,0.12667323196366256,1.5
1777384711.9182816,tb1,0.1627204526133851,-1.5
1777384711.9391713,tb2,0.18,0.2936606224821699
1777384711.9673557,tb3,0.1259361468150658,1.5
1777384711.9681985,tb1,0.18,-1.4588969295239043
1777384711.989072,tb2,0.18,0.16734440396861008
1777384712.0174148,tb3,0.12536031415764015,1.5
1777384712.0182629,tb1,0.18,-1.2594980451793163
1777384712.0391805,tb2,0.18,0.04561159820666514
1777384712.0674224,tb3,0.124932581057247,1.5
1777384712.068257,tb1,0.18,-1.0752243334004359
1777384712.0891187,tb2,0.18,-0.0846465944989877
1777384712.1174047,tb3,0.12467164423494834,1.5
1777384712.1182432,tb1,0.18,-0.9302914911222651
1777384712.1391053,tb2,0.18,-0.21521508518622434
1777384712.1673868,tb3,0.12429843085705991,1.5
1777384712.1682131,tb1,0.18,-0.7626461853581638
1777384712.189172,tb2,0.18,-0.34907196227382664
1777384712.2172809,tb3,0.12411120444011806,1.5
1777384712.2182245,tb1,0.18,-0.6157475574039661
1777384712.2393093,tb2,0.18,-0.4894982165745456
1777384712.2673943,tb3,0.12396254873117006,1.5
1777384712.2682211,tb1,0.18,-0.4791127544427757
1777384712.2891347,tb2,0.18,-0.6374675369640505
1777384712.3173947,tb3,0.12393632460063177,1.5
1777384712.3181598,tb1,0.18,-0.3408090229086147
1777384712.3391094,tb2,0.18,-0.772139439399801
1777384712.3674068,tb3,0.12384522519507457,1.5
1777384712.3681288,tb1,0.18,-0.20635999638890834
1777384712.3891258,tb2,0.18,-0.9044341766451576
1777384712.4173548,tb3,0.12385013200647213,1.5
1777384712.4182408,tb1,0.18,-0.08074695057578754
1777384712.439051,tb2,0.18,-1.0684831516485072
1777384712.467429,tb3,0.12373342945135972,1.5
1777384712.4681382,tb1,0.18,0.042734402343809916
1777384712.4891856,tb2,0.18,-1.2567501371679928
1777384712.5173104,tb3,0.12370815960407894,1.5
1777384712.5182836,tb1,0.18,0.14117432402120159
1777384712.539128,tb2,0.18,-1.4540045114049733
1777384712.5672798,tb3,0.12361086575769543,1.5
1777384712.568231,tb1,0.18,0.1995407098240665
1777384712.5890908,tb2,0.16656313256018979,-1.5
1777384712.6172628,tb3,0.12352151621319993,1.5
1777384712.6181905,tb1,0.18,0.27512118659061047
1777384712.6391563,tb2,0.14661651559608976,-1.5
1777384712.6672857,tb3,0.1231338705139692,1.5
1777384712.6683576,tb1,0.18,0.3450968807381995
1777384712.6891527,tb2,0.1266864408891544,-1.5
1777384712.7172709,tb3,0.12303929449691463,1.5
1777384712.7182572,tb1,0.18,0.408775219237243
1777384712.7391222,tb2,0.11004496597017295,-1.5
1777384712.7672904,tb3,0.1229370489125979,1.5
1777384712.7682457,tb1,0.18,0.47665115155815146
1777384712.789123,tb2,0.09438075385216925,-1.5
1777384712.8172982,tb3,0.12298351827209393,1.5
1777384712.8182306,tb1,0.18,0.5517182379054946
1777384712.839311,tb2,0.07982866790573036,-1.5
1777384712.8674061,tb3,0.12298005662509406,1.5
1777384712.8681686,tb1,0.18,0.6273508678012243
1777384712.8891666,tb2,0.06820735478551897,-1.5
1777384712.917374,tb3,0.12296969248559114,1.5
1777384712.9181225,tb1,0.18,0.7005618178677556
1777384712.9391258,tb2,0.05697991686752058,-1.5
1777384712.967378,tb3,0.12288322207328149,1.5
1777384712.9682324,tb1,0.18,0.7820052129088209
1777384712.989157,tb2,0.04477156052738194,-1.5
1777384713.017439,tb3,0.12288640671426025,1.5
1777384713.0182629,tb1,0.18,0.8714539591303748
1777384713.0391757,tb2,0.033050784488429026,-1.5
1777384713.067363,tb3,0.12283514596042219,1.5
1777384713.0682228,tb1,0.18,0.95966365032032
1777384713.0891695,tb2,0.021811604253545617,-1.5
1777384713.1174114,tb3,0.1228544224497368,1.5
1777384713.1181927,tb1,0.18,1.053329277911438
1777384713.1391711,tb2,0.010115433324559855,-1.5
1777384713.1674097,tb3,0.12277306450171124,1.5
1777384713.1682498,tb1,0.18,1.1653715883665074
1777384713.1896567,tb2,0.0011135488824498558,-1.5000000000000002
1777384713.2174027,tb3,0.12283031546845603,1.5
1777384713.2183022,tb1,0.18,1.2997722121977113
1777384713.2391007,tb2,-0.008745307804341367,-1.5
1777384713.2673523,tb3,-0.18,0.036461297840674305
1777384713.268262,tb1,0.18,1.4519565982197762
1777384713.289168,tb2,-0.01862470301691132,-1.5
1777384713.3173287,tb3,-0.18,0.03634184814237945
1777384713.3182342,tb1,0.1643321939362969,1.5
1777384713.3391714,tb2,-0.02781124707289451,-1.5
1777384713.3674543,tb3,-0.18,0.035889725855474494
1777384713.368261,tb1,0.14459027571864505,1.5
1777384713.389173,tb2,-0.03664698960366542,-1.5
1777384713.4173486,tb3,-0.18,0.036428808586113894
1777384713.4182928,tb1,0.12683490187224422,1.5
1777384713.439125,tb2,-0.0427933695064499,-1.5000000000000002
1777384713.4673936,tb3,-0.18,0.04581866432693236
1777384713.4682398,tb1,0.11037313095997067,1.5
1777384713.4890063,tb2,-0.04930936390500098,-1.5
1777384713.5174131,tb3,-0.18,0.04591748770525116
1777384713.518204,tb1,0.09550264623252437,1.5
1777384713.5391908,tb2,-0.05729141157310349,-1.5
1777384713.5674,tb3,-0.18,0.045607126029978906
1777384713.56822,tb1,0.0825673339575528,1.5
1777384713.5891626,tb2,-0.06491339904013063,-1.5
1777384713.617356,tb3,-0.18,0.04573512519742001
1777384713.618291,tb1,0.0695963381793399,1.5
1777384713.6391904,tb2,-0.07392303051381406,-1.5
1777384713.6674132,tb3,-0.18,0.04337289975450671
1777384713.6682568,tb1,0.05781502336408285,1.4999999999999998
1777384713.6891754,tb2,-0.08393902681904536,-1.4999999999999998
1777384713.7173438,tb3,-0.18,0.04320232689866897
1777384713.7182481,tb1,0.0463790835777541,1.5
1777384713.739115,tb2,-0.09347807599441896,-1.5
1777384713.767384,tb3,-0.18,0.04299888838457905
1777384713.768248,tb1,0.03596125784987128,1.5
1777384713.7891018,tb2,-0.10332011683570833,-1.5
1777384713.8173325,tb3,-0.18,0.04307919207004253
1777384713.818247,tb1,0.025568353119228816,1.4999999999999998
1777384713.8391905,tb2,-0.11381303696822448,-1.5
1777384713.8673959,tb3,-0.18,0.031775117940651444
1777384713.8682632,tb1,0.015114861069411204,1.5
1777384713.8891766,tb2,-0.12379775740564529,-1.5
1777384713.9173317,tb3,-0.18,0.031720078283797
1777384713.918276,tb1,0.006047091662433162,1.5
1777384713.9391146,tb2,-0.13562304117524174,-1.5
1777384713.967396,tb3,-0.18,0.03137705637199448
1777384713.9682498,tb1,-0.0035558406579831365,1.5
1777384713.989189,tb2,-0.14899057640012045,-1.5
1777384714.0172591,tb3,-0.18,0.031491374256164974
1777384714.018222,tb1,-0.013522942172367306,1.5
1777384714.0391564,tb2,-0.16208240344379368,-1.5
1777384714.0672731,tb3,-0.18,0.11677160867949889
1777384714.0682094,tb1,-0.024190219152550756,1.5
1777384714.0891874,tb2,-0.17837375967792252,-1.5
1777384714.1173851,tb3,-0.18,0.11680571123250941
1777384714.118235,tb1,-0.03479010165588955,1.5
1777384714.1391287,tb2,-0.18,-1.370830335564254
1777384714.1673088,tb3,-0.18,0.11646015539505049
1777384714.1682625,tb1,-0.043294615056230314,1.5
1777384714.1891217,tb2,-0.18,-1.27322822694564
1777384714.2172291,tb3,-0.18,0.11664272136977982
1777384714.2182229,tb1,-0.04913414805345355,1.5
1777384714.239167,tb2,-0.18,-1.2264630769955382
1777384714.2673438,tb3,-0.18,0.08307765059870231
1777384714.2682717,tb1,-0.05108265420549614,1.5
1777384714.2891252,tb2,-0.18,-1.2074423996106476
1777384714.3172984,tb3,-0.18,0.08315789317248473
1777384714.3182263,tb1,-0.051877030379307944,1.5
1777384714.3391488,tb2,-0.18,-1.2118479620182445
1777384714.3673131,tb3,-0.18,0.08280016695071978
1777384714.3683062,tb1,-0.04960073537328749,1.4999999999999998
1777384714.3891115,tb2,-0.18,-1.258058087570566
1777384714.4172854,tb3,-0.18,0.0829281842390465
1777384714.4181676,tb1,-0.047806648999227284,1.5
1777384714.4391146,tb2,-0.18,-1.2787352829985665
1777384714.4673505,tb3,-0.18,0.2618845257291777
1777384714.4682798,tb1,-0.045262548933628265,1.5
1777384714.489148,tb2,-0.18,-1.304981631541286
1777384714.5172465,tb3,-0.18,0.2618807546415073
1777384714.5182264,tb1,-0.04122245528655208,1.5
1777384714.5391324,tb2,-0.18,-1.3412919655095952
1777384714.5672646,tb3,-0.18,0.26152405201114326
1777384714.568234,tb1,-0.03620243401835516,1.5
1777384714.5891793,tb2,-0.18,-1.4067990034363649
1777384714.617258,tb3,-0.18,0.261458310960509
1777384714.6182766,tb1,-0.032085627534119476,1.5
1777384714.6391573,tb2,-0.17575615350938278,-1.5
1777384714.6673613,tb3,-0.18,0.23928141864123076
1777384714.6682837,tb1,-0.02691826739189544,1.5000000000000002
1777384714.6891587,tb2,-0.15846087163344294,-1.5
1777384714.7172651,tb3,-0.18,0.23919953319016674
1777384714.718278,tb1,-0.022022826068348458,1.5
1777384714.7391882,tb2,-0.14149650946262426,-1.5
1777384714.7672825,tb3,-0.18,0.23902250652806312
1777384714.7682116,tb1,-0.017531304102047923,1.5
1777384714.78917,tb2,-0.12452006765595715,-1.5
1777384714.817415,tb3,-0.18,0.2389122538939466
1777384714.8181531,tb1,-0.012393761085766305,1.5
1777384714.8391943,tb2,-0.10962579169657825,-1.5
1777384714.867383,tb3,-0.18,0.18256381199063318
1777384714.868126,tb1,-0.007301547852352451,1.5
1777384714.889197,tb2,-0.09582092531338701,-1.5
1777384714.9173212,tb3,-0.18,0.18257381893967373
1777384714.91823,tb1,-0.0022911230461448847,1.5
1777384714.9391541,tb2,-0.08412022564286274,-1.4999999999999998
1777384714.9673824,tb3,-0.18,0.18222006020140052
1777384714.968118,tb1,0.0020749253848034795,1.5
1777384714.989079,tb2,-0.07335235780599134,-1.5
1777384715.0173395,tb3,-0.18,0.18245716667003067
1777384715.0181413,tb1,0.006364599429784327,1.5
1777384715.0391486,tb2,-0.06230229981533692,-1.5
1777384715.0673401,tb3,-0.18,0.21754927706209287
1777384715.0682034,tb1,0.009945939791075343,1.5
1777384715.0891144,tb2,-0.05278928191634432,-1.5
1777384715.117361,tb3,-0.18,0.21762829898452715
1777384715.1182518,tb1,0.014650472105886747,1.5
1777384715.1391156,tb2,-0.04194236162585604,-1.5
1777384715.1673596,tb3,-0.18,0.21719627263998295
1777384715.1682649,tb1,0.01935732324657617,1.5
1777384715.189094,tb2,-0.031313120882594074,-1.5
1777384715.2173443,tb3,-0.18,0.21720303287685575
1777384715.2182345,tb1,0.024437747174956892,1.5
1777384715.2391517,tb2,-0.022128157980115776,-1.5
1777384715.2673337,tb3,-0.18,0.22156503057593632
1777384715.2682729,tb1,0.029905841339456524,1.4999999999999998
1777384715.2891123,tb2,-0.012773653276571512,-1.5
1777384715.3173523,tb3,-0.18,0.22153216363864878
1777384715.3183033,tb1,0.03614767080247156,1.5
1777384715.3391774,tb2,-0.003304708321287453,-1.5
1777384715.3674011,tb3,-0.18,0.2211995868325597
1777384715.3682594,tb1,0.045372293492954095,1.5000000000000002
1777384715.3891625,tb2,0.006443958383436351,-1.5
1777384715.4173338,tb3,-0.18,0.22115886895716338
1777384715.4182525,tb1,0.056065508449869766,1.5
1777384715.439106,tb2,0.015495391635681508,-1.5
1777384715.4673336,tb3,-0.18,0.0610327940173242
1777384715.4681928,tb1,0.06408421778738713,1.5
1777384715.4891198,tb2,0.024754372325894114,-1.5
1777384715.5173585,tb3,-0.18,0.061336637859179644
1777384715.5182981,tb1,0.06436865825281612,1.5
1777384715.5391476,tb2,0.03506958589084824,-1.5
1777384715.5673704,tb3,-0.18,0.08406030397434393
1777384715.5682755,tb1,0.09492986757775379,1.5
1777384715.5891597,tb2,0.04666646465364697,-1.5
1777384715.617347,tb3,-0.18,0.12898565846726728
1777384715.61822,tb1,0.10918961072666163,1.5
1777384715.6390593,tb2,0.05913298018516525,-1.5000000000000002
1777384715.66741,tb3,-0.18,0.13503818481586766
1777384715.6682158,tb1,0.12671693262442618,1.5
1777384715.6891482,tb2,0.07226886275762821,-1.5
1777384715.7173376,tb3,-0.18,0.20889437522223125
1777384715.7183025,tb1,0.14680889648232034,1.5
1777384715.7391992,tb2,0.08432428846770766,-1.5
1777384715.7673547,tb3,-0.18,0.2927943220720466
1777384715.7682376,tb1,0.16816269121086555,1.5
1777384715.7891848,tb2,0.09864592582057613,-1.5
1777384715.8173494,tb3,-0.18,0.3486593159664188
1777384715.8182588,tb1,0.18,1.3900768481668768
1777384715.8392015,tb2,0.11388341968690636,-1.5
1777384715.8674006,tb3,-0.18,0.4989780262071867
1777384715.8682811,tb1,0.18,1.20648456151117
1777384715.8891766,tb2,0.13098755923174882,-1.5
1777384715.9173903,tb3,-0.18,0.5832388799561121
1777384715.9182734,tb1,0.18,1.0249038287509074
1777384715.9391055,tb2,0.1508191760664755,-1.5
1777384715.9673383,tb3,-0.17999999999999997,0.6621220120850927
1777384715.9681718,tb1,0.18,0.8470313958836462
1777384715.9892385,tb2,0.171309443274288,-1.5
1777384716.0174303,tb3,-0.18,0.737259537422131
1777384716.018189,tb1,0.18,0.6756279500126539
1777384716.0391116,tb2,0.18,-1.368101414305069
1777384716.0673754,tb3,-0.18,0.8473562268638472
1777384716.0681548,tb1,0.18,0.5392289318657923
1777384716.0891833,tb2,0.18,-1.1768025658360273
1777384716.1173353,tb3,-0.18,0.9327036061149294
1777384716.1181207,tb1,0.18,0.37494473030999254
1777384716.1391783,tb2,0.18,-0.9970918203766183
1777384716.167332,tb3,-0.18,1.0420475200649644
1777384716.1682665,tb1,0.18,0.2622747452371837
1777384716.18911,tb2,0.18,-0.8354192427812496
1777384716.2174594,tb3,-0.18,1.1476988783207602
1777384716.218337,tb1,0.18,0.1496423230976293
1777384716.23922,tb2,0.18,-0.6822415129527938
1777384716.2673776,tb3,-0.18,1.2684407248310392
1777384716.2686474,tb1,0.18,0.016124513283797534
1777384716.289193,tb2,0.18,-0.5454129851910797
1777384716.317444,tb3,-0.18,1.370862221400204
1777384716.318467,tb1,0.18,-0.12141340084761196
1777384716.3391838,tb2,0.18,-0.40303395663294667
1777384716.3673596,tb3,-0.18,1.4813638764789765
1777384716.3686817,tb1,0.18,-0.25455564369525485
1777384716.3891628,tb2,0.18,-0.2806829554864156
1777384716.417426,tb3,-0.16638690780439844,1.5
1777384716.4186063,tb1,0.18,-0.39209220218844015
1777384716.4391675,tb2,0.18,-0.16596692619308584
1777384716.4673395,tb3,-0.1519202961706108,1.5000000000000002
1777384716.4688563,tb1,0.18,-0.545886734866976
1777384716.4890816,tb2,0.18,-0.04227255157501672
1777384716.517416,tb3,-0.13697225423462825,1.5000000000000002
1777384716.51879,tb1,0.18,-0.6912157528724823
1777384716.5390491,tb2,0.18,0.07749991173302197
1777384716.5674536,tb3,-0.1655428098185805,-1.5
1777384716.568263,tb1,0.18,-0.8526896117028432
1777384716.5891352,tb2,-0.0072858459468698065,-1.5
1777384716.6173508,tb3,-0.16859860523014894,-1.5
1777384716.6182792,tb1,0.18,-1.0053542499406507
1777384716.6391323,tb2,0.005301750809039364,-1.5000000000000002
1777384716.6674035,tb3,-0.17319348837500748,-1.5
1777384716.66828,tb1,0.18,-1.1741441002768516
1777384716.6890876,tb2,0.018347702295457374,-1.5
1777384716.717416,tb3,-0.17721646524380666,-1.5
1777384716.7182336,tb1,0.18,-1.3663148913102692
1777384716.7391815,tb2,0.03167518518962739,-1.5
1777384716.7673705,tb3,-0.18,-1.4893870623130079
1777384716.768277,tb1,0.17014459404727902,-1.5
1777384716.7891762,tb2,0.039688876451596175,-1.5
1777384716.8173652,tb3,-0.18,-1.4656067514488986
1777384716.818291,tb1,0.14731786274323125,-1.5
1777384716.8391197,tb2,0.0540392287274033,-1.5
1777384716.867418,tb3,-0.18,-1.4403447925537967
1777384716.8681946,tb1,0.13102046348674873,-1.5
1777384716.8891156,tb2,0.06776404202483415,-1.5
1777384716.917358,tb3,-0.18,-1.413234370453874
1777384716.9182189,tb1,0.10954294343524558,-1.5
1777384716.9391444,tb2,0.08345644946006213,-1.5
1777384716.9673626,tb3,-0.18,-1.387035716894389
1777384716.9682853,tb1,0.09316327539422141,-1.5
1777384716.9891899,tb2,0.10266970866275577,-1.5
1777384717.017421,tb3,-0.18,-1.3574205338047056
1777384717.0182765,tb1,0.07892328854849819,-1.5
1777384717.0391839,tb2,0.12243702318356997,-1.5
1777384717.0673604,tb3,-0.18,-1.312948379366286
1777384717.0682812,tb1,0.06476136109666997,-1.5
1777384717.089182,tb2,0.1457419971346871,-1.5
1777384717.1173532,tb3,-0.18,-1.2868826081579554
1777384717.1182752,tb1,0.054689298193304044,-1.5
1777384717.1392746,tb2,0.1748777332542432,-1.5
1777384717.1674237,tb3,-0.18,-1.2339792860243208
1777384717.1682832,tb1,0.04245766247305907,-1.5
1777384717.1890173,tb2,0.18,-1.2692222470477175
1777384717.2174208,tb3,-0.18,-1.2024509492540978
1777384717.2182848,tb1,0.031637910048687476,-1.5
1777384717.2391708,tb2,0.18,-1.0381054755403445
1777384717.2673697,tb3,-0.18,-1.172803319742971
1777384717.26811,tb1,0.18,0.577419843616374
1777384717.289167,tb2,0.18,-0.8279212489695258
1777384717.3174396,tb3,-0.18,-1.136653021146498
1777384717.3181014,tb1,0.18,0.4104216331895618
1777384717.3391607,tb2,0.18,-0.635767781976054
1777384717.367379,tb3,-0.18,-1.1174232426480775
1777384717.368142,tb1,0.18,0.2190567872271309
1777384717.3891659,tb2,0.18,-0.468312839693824
1777384717.417333,tb3,-0.18,-1.079962833753998
1777384717.4181986,tb1,0.18,0.08985317725083818
1777384717.439185,tb2,0.18,-0.3128963367972518
1777384717.4672725,tb3,-0.18,-1.0368592357300537
1777384717.4682899,tb1,0.18,0.012741294273314082
1777384717.4891236,tb2,-0.03907820091529572,-1.5
1777384717.5172486,tb3,-0.18,-0.999035361305904
1777384717.5182898,tb1,0.17999999999999997,-0.041661075480359105
1777384717.5390923,tb2,-0.028783361314339242,-1.5
1777384717.567341,tb3,-0.18,-0.9771384158071514
1777384717.5682337,tb1,0.18,-0.07385629706370303
1777384717.5891647,tb2,-0.017898918893762814,-1.5
1777384717.617348,tb3,-0.18,-0.9556649452289789
1777384717.6182125,tb1,0.18,-0.08924970896419984
1777384717.639116,tb2,-0.007066415203870045,-1.5
1777384717.6673436,tb3,-0.18,-0.9365408602818307
1777384717.6681826,tb1,0.18,-0.10197806922363636
1777384717.6891942,tb2,0.004412395292633212,-1.5
1777384717.717425,tb3,-0.18,-0.9038590538736782
1777384717.7182164,tb1,0.18000000000000002,-0.1433272538328221
1777384717.739162,tb2,0.015379911204650466,-1.5
1777384717.7673287,tb3,-0.18,-0.8755946028062774
1777384717.7682934,tb1,0.18,-0.17841125886609632
1777384717.7891543,tb2,0.027078356215749243,-1.5000000000000002
1777384717.8173053,tb3,-0.18,-0.8433871888761295
1777384717.8182783,tb1,0.18,-0.20808034303428752
1777384717.8391767,tb2,0.03870181352978195,-1.5
1777384717.8673136,tb3,-0.18,-0.8185051933257028
1777384717.868253,tb1,0.18,-0.23903621422282223
1777384717.8890612,tb2,0.050414737260636944,-1.5
1777384717.9173386,tb3,-0.18,-0.7960460068457886
1777384717.91828,tb1,0.17999999999999997,-0.254099314002468
1777384717.939106,tb2,0.06137897362712999,-1.5
1777384717.9674253,tb3,-0.18,-0.7656931124195817
1777384717.9682596,tb1,0.17999999999999997,-0.2872154340384002
1777384717.9891155,tb2,0.07410964677612208,-1.5
1777384718.0173657,tb3,-0.18,-0.7425803267951122
1777384718.0182948,tb1,0.18,-0.3141573472790011
1777384718.0392168,tb2,0.08792904883751783,-1.5
1777384718.0673382,tb3,-0.18,-0.7216966819454332
1777384718.0682623,tb1,0.18,-0.32307776459514953
1777384718.089106,tb2,0.1024472114986451,-1.5
1777384718.1173608,tb3,-0.18,-0.6819019802026134
1777384718.118278,tb1,0.18,-0.352114405734563
1777384718.1391191,tb2,0.11960113767903856,-1.5
1777384718.167349,tb3,-0.18,-0.6506470995014147
1777384718.168257,tb1,0.18,-0.368667245398814
1777384718.1891618,tb2,0.13915490774684333,-1.5
1777384718.2174106,tb3,-0.18,-0.6379641866468369
1777384718.2182875,tb1,0.18000000000000002,-0.3890781136859078
1777384718.238974,tb2,0.1581070509093214,-1.5
1777384718.267356,tb3,-0.18,-0.610534832138994
1777384718.268118,tb1,0.18000000000000002,-0.38435424236464083
1777384718.2891378,tb2,0.18,-1.4802238734958988
1777384718.3173552,tb3,-0.18,-0.5663888644832515
1777384718.318292,tb1,0.18000000000000002,-0.397125245256087
1777384718.339102,tb2,0.18,-1.2764001508718112
1777384718.367399,tb3,-0.18,-0.40985392497775525
1777384718.3682683,tb1,0.18,-0.4434250398309411
1777384718.389121,tb2,0.18,-1.1005994579388967
1777384718.4173794,tb3,-0.18,-0.27931393635734025
1777384718.418239,tb1,0.18,-0.45865580593562916
1777384718.4392176,tb2,0.18,-0.9270275992305654
1777384718.467398,tb3,-0.18,-0.2567877187304416
1777384718.468242,tb1,0.04779164417702255,1.5
1777384718.4891214,tb2,0.18,-0.7632579266131515
1777384718.5173357,tb3,-0.18,-0.10173361323318798
1777384718.5182176,tb1,0.04782175090218013,1.5000000000000002
1777384718.5391183,tb2,0.18,-0.6108178880296099
1777384718.5674043,tb3,-0.18,0.04803603799924325
1777384718.5682178,tb1,0.047533208127653444,1.5
1777384718.5891838,tb2,0.18,-0.46100221574942235
1777384718.6172903,tb3,-0.17999999999999997,0.19564916240028601
1777384718.6181564,tb1,0.0473211706603986,1.5
1777384718.639087,tb2,0.18,-0.3370261740533976
1777384718.6673203,tb3,-0.18,0.2067678782586293
1777384718.6682494,tb1,0.047367742018788024,1.5
1777384718.6891823,tb2,0.18,-0.2043000278120977
1777384718.7173502,tb3,-0.18,0.28440555995210504
1777384718.7181952,tb1,0.04632731594579895,1.5
1777384718.7391446,tb2,0.18,-0.10628534818504679
1777384718.7673712,tb3,-0.18000000000000002,0.32314534454928046
1777384718.7681432,tb1,0.041479297692553416,1.5
1777384718.7891831,tb2,0.18,0.008646848505090862
1777384718.817353,tb3,-0.18,0.36533841648324944
1777384718.8181617,tb1,0.03687367013146673,1.5
1777384718.8391173,tb2,0.18,0.05414603655927126
1777384718.867347,tb3,-0.17999999999999997,0.2527270919195043
1777384718.868163,tb1,0.031484063895315856,1.4999999999999998
1777384718.889189,tb2,0.18,0.0862960396314884
1777384718.9173596,tb3,-0.18,0.295593762303183
1777384718.918306,tb1,0.02483854030222706,1.4999999999999998
1777384718.9391904,tb2,0.18,0.1441231532725253
1777384718.967351,tb3,-0.18,0.34222895237126727
1777384718.9682825,tb1,0.016981436896892993,1.5
1777384718.9891536,tb2,0.18,0.1956201391307175
1777384719.0173452,tb3,-0.18,0.39284968078269417
1777384719.0182652,tb1,0.010700236789085323,1.5
1777384719.0391777,tb2,0.18,0.2362174590108355
1777384719.0673132,tb3,-0.18,0.38507428663207127
1777384719.0681293,tb1,0.005068852755603842,1.5
1777384719.0891695,tb2,0.18,0.29300060391162197
1777384719.117336,tb3,-0.18,0.44676974527760405
1777384719.1182127,tb1,6.044137877077021e-05,1.5
1777384719.139155,tb2,0.18,0.35955380188308944
1777384719.1674116,tb3,-0.18,0.5115179597265165
1777384719.1682198,tb1,-0.002694441900974034,1.5
1777384719.189186,tb2,0.18,0.42315152643739107
1777384719.2174122,tb3,-0.18,0.5793740410157119
1777384719.2182667,tb1,-0.007019704969727467,1.5
1777384719.2392125,tb2,0.18,0.46750673978223095
1777384719.2673886,tb3,-0.18,0.6347665361014958
1777384719.2682738,tb1,-0.012322403553964332,1.5000000000000002
1777384719.2891119,tb2,0.18,0.5376877434772297
1777384719.3174767,tb3,-0.18,0.7011906079406074
1777384719.318234,tb1,-0.018452668377961473,1.5000000000000002
1777384719.3391795,tb2,0.18,0.6095471651553828
1777384719.3674743,tb3,-0.18,0.7677529226665737
1777384719.3682067,tb1,-0.023850118455882117,1.5
1777384719.3891692,tb2,0.18,0.6800018474424353
1777384719.4174194,tb3,-0.18,0.8257921899760267
1777384719.4181478,tb1,0.03543802056874152,-1.5
1777384719.439123,tb2,0.18,0.7588068697865336
1777384719.4674125,tb3,-0.18000000000000002,1.006703068987851
1777384719.4681606,tb1,-0.034050709514569934,1.5
1777384719.4891229,tb2,0.18,0.8050454105512445
1777384719.5173328,tb3,-0.18,1.097672368026322
1777384719.5182197,tb1,-0.039483357783645805,1.5000000000000002
1777384719.539159,tb2,0.18,0.8934463303603499
1777384719.5675225,tb3,-0.18,1.1982578754407625
1777384719.568257,tb1,-0.04382936219048442,1.5
1777384719.5891614,tb2,-0.060380296773045815,1.5
1777384719.6172466,tb3,-0.18,1.3393505826116279
1777384719.618291,tb1,-0.045293194716905544,1.5
1777384719.6392908,tb2,-0.07151094080729636,1.5
1777384719.667261,tb3,-0.1337080343774621,1.5
1777384719.6682258,tb1,-0.043321849609039675,1.5
1777384719.6891792,tb2,-0.08360527587275626,1.5
1777384719.717455,tb3,-0.10792429386033121,1.5
1777384719.7183013,tb1,-0.040078578439130895,1.5
1777384719.7391837,tb2,-0.09289657521069454,1.5
1777384719.7672381,tb3,-0.07632843841583457,1.5
1777384719.7682838,tb1,-0.0374737624690508,1.5
1777384719.7891557,tb2,-0.1015786248334655,1.5
1777384719.8173292,tb3,-0.04971783340520232,1.5000000000000002
1777384719.8182864,tb1,-0.03355603251390723,1.4999999999999998
1777384719.8392963,tb2,-0.11170385863009936,1.5
1777384719.8672671,tb3,-0.019658619513331286,1.5
1777384719.8682857,tb1,-0.028724721110555212,1.5
1777384719.8891344,tb2,-0.12354815204962911,1.5
1777384719.9173489,tb3,0.037117561446501746,1.5
1777384719.9181895,tb1,-0.02472283527350873,1.5
1777384719.9391742,tb2,-0.13757159180682393,1.5
1777384719.9673648,tb3,0.06409652347673274,1.5
1777384719.9682329,tb1,-0.01798872053069805,1.5
1777384719.9891806,tb2,-0.16100124184106718,1.5
1777384720.0173445,tb3,0.09325371775792261,1.5
1777384720.0182118,tb1,-0.010680400551521887,1.5
1777384720.0391357,tb2,-0.18,1.4735926871761473
1777384720.0672543,tb3,0.11825211332244853,1.5
1777384720.0682824,tb1,-0.0018442921886993177,1.5
1777384720.0891738,tb2,0.08314741762755369,1.5000000000000002
1777384720.1172721,tb3,0.14814564687631254,1.5
1777384720.1182687,tb1,0.0072143030566483085,1.5
1777384720.1391637,tb2,0.07005241213240818,1.5
1777384720.1673179,tb3,0.18,1.483941289366881
1777384720.1682138,tb1,0.01658446814218304,1.5
1777384720.189184,tb2,0.05840078850135287,1.5
1777384720.217342,tb3,0.18,1.344032635336939
1777384720.2181814,tb1,0.024107521574775678,1.4999999999999998
1777384720.239189,tb2,0.04659789060817566,1.5
1777384720.2673838,tb3,0.18,1.1111068720504251
1777384720.2682645,tb1,0.03406276530228963,1.5
1777384720.2890973,tb2,0.034855795263576544,1.5000000000000002
1777384720.3173602,tb3,0.18,0.9385535508821334
1777384720.3182702,tb1,0.04347803759372742,1.5
1777384720.3392804,tb2,0.022646894310477502,1.5
1777384720.3672364,tb3,0.18,0.8008230591994391
1777384720.3682241,tb1,0.04955143543702786,1.5
1777384720.389111,tb2,0.011513616743105953,1.5
1777384720.4173605,tb3,0.18,0.6904776441558219
1777384720.4182818,tb1,0.05697171699801959,1.5
1777384720.4390295,tb2,0.0006842473840342064,1.5
1777384720.467378,tb3,0.18,0.5856004295782599
1777384720.4682128,tb1,0.06808278567642254,1.5
1777384720.4890425,tb2,-0.010521261442433986,1.5
1777384720.51741,tb3,0.18000000000000002,0.5316228133170059
1777384720.5182278,tb1,0.07498942789910448,1.5
1777384720.539112,tb2,-0.021119810331121446,1.5
1777384720.567409,tb3,0.18000000000000002,0.4350470283371649
1777384720.5682144,tb1,0.07715960782101186,1.5
1777384720.5892222,tb2,-0.03254530352622798,1.5
1777384720.617422,tb3,0.17999999999999997,0.35860542469891515
1777384720.6182024,tb1,0.08359612962426217,1.5
1777384720.6391816,tb2,-0.04282222414790195,1.5
1777384720.667405,tb3,0.18,0.2844518894413542
1777384720.6682434,tb1,0.08885158134499149,1.5
1777384720.6891139,tb2,-0.05480455596111669,1.5
1777384720.717422,tb3,0.18,0.20169974390850495
1777384720.7182229,tb1,0.0988952114463834,1.5
1777384720.739065,tb2,-0.06783705640138368,1.5
1777384720.7672527,tb3,0.18,0.11554495893071912
1777384720.7682796,tb1,0.11465847779743518,1.5
1777384720.7890565,tb2,-0.08059390287148084,1.5
1777384720.8172648,tb3,0.18,0.05726966376086541
1777384720.8182173,tb1,0.1323092197602673,1.5
1777384720.839176,tb2,-0.09519904433696767,1.5
1777384720.867248,tb3,0.18,-0.011079894632010255
1777384720.8683028,tb1,0.1530676649507936,1.5
1777384720.8890245,tb2,-0.11157205957312798,1.5
1777384720.917396,tb3,0.18,-0.0764379822514452
1777384720.918277,tb1,0.17712981970240854,1.5
1777384720.939172,tb2,-0.12863714189298164,1.5
1777384720.9672198,tb3,0.18,-0.13643425094677744
1777384720.9681096,tb1,0.18,1.3211142395626365
1777384720.9891167,tb2,-0.1487115035069328,1.5
1777384721.0173507,tb3,0.18,-0.2002549120753957
1777384721.0182602,tb1,0.18,1.1348103226034107
1777384721.0391986,tb2,-0.16918043278894712,1.5
1777384721.0672505,tb3,0.18,-0.2728454316132934
1777384721.0682223,tb1,0.18,0.9778767248244212
1777384721.0891058,tb2,-0.18,1.4413387219427378
1777384721.1173446,tb3,0.18,-0.3284216274998821
1777384721.1182787,tb1,0.18,0.8257915208097812
1777384721.139122,tb2,-0.18,1.3431366277630112
1777384721.16735,tb3,0.18,-0.39269712000215223
1777384721.168267,tb1,0.18,0.674288839376291
1777384721.1891048,tb2,-0.18,1.2458363892882254
1777384721.2173414,tb3,0.18,-0.4506621143460399
1777384721.2182093,tb1,0.18,0.5269337937059961
1777384721.239212,tb2,-0.18,1.1430856876104376
1777384721.2673516,tb3,0.18,-0.5115359357524483
1777384721.268135,tb1,0.18,0.4006554869751679
1777384721.2890477,tb2,-0.18,1.0423113173091751
1777384721.317339,tb3,0.18,-0.5701298457859374
1777384721.3182502,tb1,0.18,0.2844410912382281
1777384721.3391578,tb2,-0.18,0.9585916869213204
1777384721.3673441,tb3,0.18,-0.632885338396819
1777384721.3682537,tb1,0.18,0.1606964086927831
1777384721.3891108,tb2,-0.18,0.8889686461395165
1777384721.4173958,tb3,0.18,-0.6984771463300354
1777384721.4182146,tb1,0.18,0.04882902818164078
1777384721.4391105,tb2,-0.18,0.8721817325509434
1777384721.4675136,tb3,0.18,-0.7597572049581208
1777384721.4682,tb1,0.18,-0.05027677301949459
1777384721.4891014,tb2,-0.18,0.8548429464688604
1777384721.51739,tb3,0.18,-0.8255156279883524
1777384721.5182283,tb1,0.18,-0.14042881001791485
1777384721.5390913,tb2,-0.18,0.8363085982897451
1777384721.567415,tb3,0.18,-0.8894011057114503
1777384721.568233,tb1,0.18,-0.2555341329156428
1777384721.5891426,tb2,0.18,-0.8693140378754508
1777384721.61742,tb3,0.18,-0.932261582992861
1777384721.6183152,tb1,0.18,-0.34095777036559993
1777384721.639232,tb2,0.18,-0.868781463211747
1777384721.6681154,tb3,0.18,-0.9930200955145946
1777384721.668204,tb1,0.18,-0.40506822774722145
1777384721.6892226,tb2,0.18,-0.8602998500526892
1777384721.7174191,tb3,0.18,-1.056106638582283
1777384721.7182558,tb1,0.18,-0.4720218321486242
1777384721.7391775,tb2,0.18,-0.848473783536903
1777384721.7673275,tb3,0.18,-1.0976825466016027
1777384721.7682533,tb1,0.18,-0.5577380016709436
1777384721.7891867,tb2,-0.18,0.76384800867072
1777384721.8174257,tb3,0.18,-1.0962907011289624
1777384721.8182437,tb1,0.18,-0.6483875861055343
1777384721.8391898,tb2,-0.18,0.7454358763616938
1777384721.8673327,tb3,0.18,-1.110623369265235
1777384721.8683,tb1,0.18,-0.7653244366741395
1777384721.8891811,tb2,-0.18,0.7329433887432075
1777384721.9173937,tb3,0.18,-1.1223761685221676
1777384721.9182656,tb1,0.18,-0.891253582668369
1777384721.9391985,tb2,-0.18,0.7257396379169518
1777384721.9673476,tb3,0.18,-1.1504754433746807
1777384721.9682457,tb1,0.18,-1.0217532442306367
1777384721.989203,tb2,-0.18,0.724300707043455
1777384722.0172892,tb3,0.18,-1.1630163941031193
1777384722.0182528,tb1,0.18,-1.182950447695136
1777384722.0391674,tb2,-0.18,0.7107108632344163
1777384722.067406,tb3,0.18,-1.1905691722181413
1777384722.068237,tb1,0.18,-1.2963410551151
1777384722.0891156,tb2,-0.18,0.6990654690369343
1777384722.11751,tb3,0.18,-1.207443747470062
1777384722.1182685,tb1,0.18,-1.3797747544923276
1777384722.1391687,tb2,-0.18,0.6909918610192939
1777384722.1674974,tb3,0.18,-1.2390495485172865
1777384722.168278,tb1,0.18,-1.4807953583308942
1777384722.1891854,tb2,-0.18,0.6785977788339678
1777384722.2175207,tb3,0.18,-1.2716611380838283
1777384722.2183146,tb1,0.16968120871559225,-1.5
1777384722.239195,tb2,-0.18,0.6791718314779446
1777384722.2673826,tb3,0.18,-1.2956297732648376
1777384722.2682512,tb1,0.1547818037530829,-1.5
1777384722.2890491,tb2,-0.18,0.7029916875335825
1777384722.317483,tb3,0.18,-1.2926820737867046
1777384722.3182395,tb1,0.13290953040539194,-1.5
1777384722.339136,tb2,-0.18,0.6925274899914483
1777384722.3674083,tb3,0.18,-1.303021401990668
1777384722.3682086,tb1,0.11986620903223337,-1.5
1777384722.3891137,tb2,-0.18,0.6733317302286438
1777384722.41739,tb3,0.18,-1.3240422307465503
1777384722.4181652,tb1,0.1059859658348219,-1.5
1777384722.439127,tb2,-0.18,0.6692511185387637
1777384722.4674208,tb3,0.18,-1.343523911463736
1777384722.4682677,tb1,0.09409621723009769,-1.5
1777384722.4891047,tb2,-0.18,0.6683365846790106
1777384722.5173745,tb3,0.18,-1.3339204869238002
1777384722.5182714,tb1,0.08121661370856133,-1.5
1777384722.539085,tb2,-0.18,0.6399695082575376
1777384722.567425,tb3,0.18,-1.3360228892682615
1777384722.5682673,tb1,0.0693557748405125,-1.5
1777384722.5891254,tb2,-0.07972109601341035,-1.5
1777384722.6174161,tb3,0.18,-1.338337478766984
1777384722.6182096,tb1,0.06125857293399133,-1.5000000000000002
1777384722.6391032,tb2,-0.07906600212679651,-1.5000000000000002
1777384722.6674244,tb3,0.18,-1.3507550621329096
1777384722.6682215,tb1,0.05683051714403166,-1.5
1777384722.689102,tb2,-0.07811633749197629,-1.5
1777384722.7173955,tb3,0.18,-1.3462600095545303
1777384722.718209,tb1,-0.06140957508239846,1.5
1777384722.7391162,tb2,-0.07848668897022396,-1.5
1777384722.7674417,tb3,0.18,-1.3123900733976952
1777384722.7682166,tb1,-0.0594611975446466,1.5
1777384722.7891169,tb2,-0.18,-0.32252770678167647
1777384722.8174949,tb3,0.18,-1.3097746333181293
1777384722.8182583,tb1,-0.05864684694970947,1.5
1777384722.839183,tb2,-0.18,0.5867569098837518
1777384722.867334,tb3,0.18,-1.3125348289436989
1777384722.868292,tb1,-0.05919431167924021,1.5
1777384722.8891747,tb2,-0.18,0.6306163972839594
1777384722.9173417,tb3,0.18,-1.2694198536103403
1777384722.9182875,tb1,-0.05985112814149327,1.5
1777384722.939189,tb2,-0.18,0.6962761219247454
1777384722.9673645,tb3,0.18,-1.2753493505318003
1777384722.9682705,tb1,-0.061024873615411326,1.5
1777384722.9891539,tb2,-0.18,0.7193688910984979
1777384723.017542,tb3,0.18000000000000002,-1.2871173884457439
1777384723.018299,tb1,-0.062442426681053986,1.5
1777384723.0390713,tb2,-0.18,0.7482528599787068
1777384723.0674098,tb3,0.18000000000000002,-1.288781272511156
1777384723.0681808,tb1,-0.06319229435871969,1.5
1777384723.089152,tb2,-0.18,0.8248178720055604
1777384723.1174073,tb3,0.18000000000000002,-1.19732494207187
1777384723.1182039,tb1,-0.06506108514160286,1.5
1777384723.1391494,tb2,-0.18,0.8346703265278523
1777384723.1673605,tb3,0.18,-1.1719597490930602
1777384723.168213,tb1,-0.06618050940916545,1.5
1777384723.1893232,tb2,-0.18,0.8570809420876536
1777384723.2174003,tb3,0.18,-1.12813745321412
1777384723.2182434,tb1,-0.06741052566891666,1.5
1777384723.2391136,tb2,-0.18,0.8935981874130046
1777384723.2673988,tb3,0.18,-1.0709275072772775
1777384723.268238,tb1,-0.06918104018268265,1.5
1777384723.2891612,tb2,-0.18,0.9133487110767924
1777384723.317422,tb3,0.18,-0.9484167382455001
1777384723.318245,tb1,-0.07054372635426219,1.5
1777384723.3391662,tb2,-0.18,0.9393402107124948
1777384723.3674188,tb3,0.18,-0.8896416966771159
1777384723.3682704,tb1,-0.0725084103443032,1.5
1777384723.3890948,tb2,-0.18,0.9614751312603518
1777384723.417396,tb3,0.18,-0.8258434459166967
1777384723.4182105,tb1,-0.07377488445759642,1.5
1777384723.4391363,tb2,-0.18,0.9843172456699197
1777384723.4673958,tb3,0.18,-0.7687159529322336
1777384723.4682343,tb1,-0.07538964728737771,1.5
1777384723.4891102,tb2,-0.18,1.0020912562686244
1777384723.517352,tb3,0.18,-0.5890708695725785
1777384723.5182223,tb1,-0.07741276732090918,1.5
1777384723.5391684,tb2,-0.18,1.0355225433493171
1777384723.5673764,tb3,0.17999999999999997,-0.519899272009391
1777384723.5682316,tb1,-0.0790970072013301,1.5
1777384723.589187,tb2,-0.18,1.0562336382770419
1777384723.6173298,tb3,0.18,-0.444196440121801
1777384723.6182334,tb1,-0.0815567305985052,1.5
1777384723.6391857,tb2,-0.18,1.0973599608143714
1777384723.6673596,tb3,0.18,-0.3745832787462428
1777384723.668265,tb1,-0.08279842816491023,1.5
1777384723.689173,tb2,-0.18,1.1921956792870854
1777384723.717534,tb3,0.18,-0.09531530436354807
1777384723.718268,tb1,-0.08291723450631878,1.5
1777384723.739168,tb2,-0.18,1.3315783305776432
1777384723.7674177,tb3,0.18,0.0148899624172746
1777384723.7682936,tb1,-0.08454825161237046,1.5000000000000002
1777384723.7891924,tb2,-0.17926185150691468,1.5
1777384723.8173585,tb3,0.18,0.13446259073984665
1777384723.8182263,tb1,-0.08596246194040348,1.5
1777384723.839117,tb2,-0.15910323560592798,1.5
1777384723.867383,tb3,0.18,0.2763450191467672
1777384723.8682544,tb1,-0.08707719575061304,1.5
1777384723.8891292,tb2,-0.13890882196728424,1.5
1777384723.917335,tb3,0.18,0.6565117634410262
1777384723.918286,tb1,-0.08922027641396572,1.5
1777384723.9390461,tb2,-0.12075006603916864,1.5
1777384723.967393,tb3,0.18,0.8735335631904005
1777384723.9681637,tb1,-0.09075794004616371,1.5
1777384723.989168,tb2,-0.10569874298628824,1.5
1777384724.0174096,tb3,0.18,1.202669500044057
1777384724.0181344,tb1,-0.09365314358986315,1.5
1777384724.0393198,tb2,-0.08966125824533532,1.5
1777384724.067411,tb3,0.17366867959912652,1.5
1777384724.068257,tb1,-0.09779675270971068,1.5
1777384724.0891452,tb2,-0.0749610727898304,1.4999999999999998
1777384724.1173973,tb3,0.11616276867940876,1.5
1777384724.1182585,tb1,-0.102646880183932,1.5
1777384724.1391864,tb2,-0.06178144191537522,1.5
1777384724.1675477,tb3,0.07740617749737261,1.5
1777384724.1682754,tb1,-0.10831685680674105,1.5
1777384724.1891184,tb2,-0.18,0.02739581228750983
1777384724.2172663,tb3,0.05310744871720323,1.5
1777384724.2182202,tb1,-0.11446784143631934,1.5
1777384724.2391179,tb2,-0.17999999999999997,0.13895534275628424
1777384724.2673874,tb3,0.030393825310105194,1.4999999999999998
1777384724.268324,tb1,-0.11981537368232792,1.5
1777384724.2891963,tb2,-0.18,0.2534696401160331
1777384724.3174267,tb3,0.0008914532282970148,1.5000000000000002
1777384724.3182285,tb1,-0.12491582639261146,1.5
1777384724.3391886,tb2,-0.18,0.3725520729409872
1777384724.3673687,tb3,-0.01597143303676717,1.5
1777384724.3681908,tb1,-0.13063606064474093,1.5
1777384724.389108,tb2,-0.18,0.5184984509519983
1777384724.4174144,tb3,-0.031954786921832,1.5
1777384724.418113,tb1,-0.13765240525839373,1.5
1777384724.4391737,tb2,-0.18,0.6449853780014239
1777384724.4674163,tb3,-0.049915818415114985,1.5
1777384724.468284,tb1,-0.14299494173436453,1.5
1777384724.4890573,tb2,-0.18,0.7711047371967708
1777384724.517428,tb3,-0.08143511578210295,1.5
1777384724.518274,tb1,-0.15012155285687284,1.5
1777384724.5392015,tb2,-0.18,0.9098040845584204
1777384724.567417,tb3,-0.09873974216419173,1.5
1777384724.568272,tb1,-0.15754677245099588,1.5
1777384724.5890367,tb2,-0.18,1.058540086856298
1777384724.6174026,tb3,-0.11712236441355199,1.5
1777384724.618449,tb1,-0.17196922032490228,1.5
1777384724.6391172,tb2,-0.18,1.2838385691353886
1777384724.6674094,tb3,-0.1368460817032489,1.5
1777384724.668295,tb1,-0.17564034849473992,1.5
1777384724.6890633,tb2,-0.18,1.4316827987138159
1777384724.7174299,tb3,-0.1719531980407553,1.5
1777384724.7182431,tb1,-0.18,1.469176520874584
1777384724.7390418,tb2,-0.16539715320056247,1.5
1777384724.7674057,tb3,-0.18,1.377356178618149
1777384724.7682576,tb1,0.17622342402538754,-1.5
1777384724.789023,tb2,-0.13625889925000603,1.5
1777384724.8173544,tb3,-0.18,1.2028009815853473
1777384724.8183088,tb1,0.17918129722043555,-1.5
1777384724.8390322,tb2,-0.12004517691427741,1.5
1777384724.867338,tb3,-0.18,1.0561422735626351
1777384724.8682203,tb1,0.17918129722043555,-1.5
1777384724.8891165,tb2,-0.10453020541460349,1.5
1777384724.9173555,tb3,-0.18,0.8362986112251138
1777384724.9182854,tb1,0.17918129722043555,-1.5
1777384724.939104,tb2,-0.08999475262344538,1.5
1777384724.9674168,tb3,-0.18,0.7775436476830382
1777384724.9682803,tb1,0.17896490921362337,-1.5
1777384724.9890504,tb2,-0.07436708483639279,1.5
1777384725.0174196,tb3,-0.18,0.7105919040769132
1777384725.0182137,tb1,0.17896490921362337,-1.5
1777384725.0390754,tb2,-0.06165920988263816,1.5000000000000002
1777384725.0675027,tb3,-0.18,0.645518773568018
1777384725.0682654,tb1,0.17896490921362337,-1.5
1777384725.0890653,tb2,-0.050994007894495944,1.5
1777384725.1174183,tb3,-0.18,0.5822588133051276
1777384725.1182234,tb1,-0.18,1.3947594107758923
1777384725.1390996,tb2,-0.042156383498842015,1.5
1777384725.167395,tb3,-0.18,0.5284379814777915
1777384725.1682389,tb1,-0.18,1.3947594107758923
1777384725.189122,tb2,-0.030263335313430513,1.5
1777384725.2174606,tb3,-0.18,0.4698710823334721
1777384725.2183697,tb1,-0.18,1.3947594107758923
1777384725.2391794,tb2,-0.023196539041723325,1.5
1777384725.2673657,tb3,-0.18,0.4200682825237901
1777384725.2682333,tb1,-0.12448599192728377,-1.5
1777384725.2891834,tb2,-0.016942813189822985,1.5
1777384725.3173225,tb3,-0.18,0.36811099794285174
1777384725.3182359,tb1,-0.1234878291873682,-1.5
1777384725.3391156,tb2,-0.009747463550753649,1.5
1777384725.3673797,tb3,-0.18,0.3140196387669884
1777384725.3681974,tb1,-0.13102024076718286,-1.5
1777384725.389185,tb2,0.0006874659585810913,1.5
1777384725.417408,tb3,-0.18,0.27595763516264893
1777384725.418289,tb1,-0.142852801999356,-1.5
1777384725.4391186,tb2,0.007103660252906658,1.5
1777384725.467412,tb3,-0.18,0.25728701220523964
1777384725.4682353,tb1,-0.15101410019051886,-1.5000000000000002
1777384725.4891243,tb2,0.014119139216514748,1.5
1777384725.5173962,tb3,-0.18,0.2533453987061256
1777384725.5183096,tb1,-0.15101410019051886,-1.5000000000000002
1777384725.5391202,tb2,0.021053304366206716,1.5
1777384725.5673754,tb3,-0.18,0.2504774003288078
1777384725.56819,tb1,-0.18,-1.364971581591899
1777384725.5891602,tb2,0.03655237693461826,1.5
1777384725.6174042,tb3,-0.18,0.2643799935593286
1777384725.618203,tb1,-0.18,-1.1744319799220264
1777384725.639169,tb2,0.18,0.4765616374431167
1777384725.6673968,tb3,-0.18,0.2781098691676395
1777384725.6682093,tb1,-0.18,-1.027069331937835
1777384725.6891887,tb2,0.18,0.4283048173977821
1777384725.7174504,tb3,-0.18,0.2844072758279421
1777384725.7182298,tb1,-0.11619743987859486,1.5
1777384725.7391696,tb2,0.18,0.41156279600918066
1777384725.7674348,tb3,-0.18,0.3080121920914208
1777384725.768206,tb1,-0.10015179479215312,1.5
1777384725.7892003,tb2,0.18,0.40385515239092734
1777384725.8172376,tb3,-0.18,0.32623732406046485
1777384725.818234,tb1,-0.08545313171563086,1.5
1777384725.8391998,tb2,0.18,0.3852671709694685
1777384725.8674061,tb3,-0.18,0.3364201042284733
1777384725.8682096,tb1,-0.07125366583484127,1.5
1777384725.8892157,tb2,0.18,0.3629521582664377
1777384725.9172642,tb3,-0.18,0.34961036800435996
1777384725.9182305,tb1,-0.059826142540640746,1.4999999999999998
1777384725.939202,tb2,0.18,0.3324911534770364
1777384725.967356,tb3,-0.18,0.35991971616635743
1777384725.9682,tb1,-0.045027913841731194,1.5
1777384725.9892163,tb2,0.18,0.30227993756037497
1777384726.017434,tb3,-0.18,0.370523856527135
1777384726.0182352,tb1,-0.03337452958358964,1.4999999999999998
1777384726.0392017,tb2,0.18,0.27391101707799137
1777384726.0673687,tb3,-0.18,0.3873602425767063
1777384726.0682237,tb1,-0.02238153933198033,1.5
1777384726.089109,tb2,0.18,0.23730792231373246
1777384726.1175063,tb3,-0.18,0.3914608187887128
1777384726.1182384,tb1,-0.013058992111687168,1.5
1777384726.1392457,tb2,0.18,0.19306115521415593
1777384726.167322,tb3,-0.18,0.400799575967696
1777384726.1682165,tb1,-0.00024580513682305786,1.5000000000000002
1777384726.1892617,tb2,0.18,0.16129213317677973
1777384726.2173605,tb3,-0.18,0.4068978891532378
1777384726.2197034,tb1,0.010500098508660754,1.5
1777384726.2391968,tb2,0.18,0.12752316661041768
1777384726.2673602,tb3,0.1510390788276789,1.5
1777384726.2682319,tb1,0.021861417443005234,1.5
1777384726.2891753,tb2,0.18,0.0920645840740297
1777384726.317421,tb3,0.13705956434821914,1.5
1777384726.3182378,tb1,0.03380825257443678,1.5
1777384726.339128,tb2,0.18,0.04958631331688424
1777384726.3673787,tb3,0.12965494228679825,1.5
1777384726.368198,tb1,0.044971521683501464,1.5
1777384726.3890986,tb2,0.18,0.005603393480533038
1777384726.4173677,tb3,0.12880300993777358,1.5
1777384726.4182372,tb1,0.05345106997028953,1.5
1777384726.4391134,tb2,0.18,-0.04063188152481133
1777384726.4673913,tb3,0.14032644328033475,1.5
1777384726.4682484,tb1,0.05912512223441021,1.5
1777384726.4891052,tb2,0.18,-0.09040093991974124
1777384726.5174232,tb3,0.15231974438793558,1.5
1777384726.518305,tb1,0.08389533496590755,1.5
1777384726.539183,tb2,0.18,-0.14454217432059238
1777384726.5673733,tb3,0.1756347790816993,1.5
1777384726.5682068,tb1,0.09675655192701509,1.5
1777384726.5891793,tb2,0.18,-0.20530369821172795
1777384726.6173637,tb3,0.18000000000000002,1.3508982849912803
1777384726.6183121,tb1,0.1123693579390362,1.5
1777384726.6392288,tb2,0.18,-0.26821767854306855
1777384726.667364,tb3,0.18,1.1765473388568026
1777384726.6682987,tb1,0.12780514703002493,1.5
1777384726.6891112,tb2,0.18,-0.33450893140493315
1777384726.7174058,tb3,0.18,1.0520759885732487
1777384726.7182257,tb1,0.1467351040045603,1.5
1777384726.7391355,tb2,0.18,-0.4062391832569889
1777384726.767408,tb3,0.18,0.9634876286889829
1777384726.7682273,tb1,0.16634277303918965,1.5
1777384726.7891042,tb2,0.18,-0.4792309850905493
1777384726.8173373,tb3,0.18,0.8525590070806802
1777384726.8182523,tb1,0.18,1.441352971871123
1777384726.8391066,tb2,0.18,-0.5665825131436618
1777384726.8673477,tb3,0.18,0.742510017814668
1777384726.8682392,tb1,0.18,1.263613440699416
1777384726.889157,tb2,0.18,-0.6576594283222823
1777384726.9174037,tb3,0.18,0.6859829728172335
1777384726.9182734,tb1,0.18,1.1090758173241952
1777384726.939182,tb2,0.18,-0.7453903511751578
1777384726.9672816,tb3,0.18,0.6139155206534511
1777384726.9682798,tb1,0.18,0.9618738755929171
1777384726.9891953,tb2,0.18,-0.8478169031311132
1777384727.0173113,tb3,0.18,0.5335779570440055
1777384727.018239,tb1,0.18,0.8320152110373286
1777384727.0391293,tb2,0.18,-0.9458201047522473
1777384727.0672822,tb3,0.18,0.4656019284828058
1777384727.0682547,tb1,0.18,0.7291775595612147
1777384727.089116,tb2,0.18,-1.0647198423345972
1777384727.1173458,tb3,0.18,0.4276002825627062
1777384727.118256,tb1,0.18,0.6239939616616612
1777384727.139124,tb2,0.18,-1.210054176054564
1777384727.1672661,tb3,0.18,0.3710976596705292
1777384727.1682713,tb1,0.18,0.5256795411313183
1777384727.18917,tb2,0.18,-1.3813995473655023
1777384727.2182693,tb1,0.18,0.4374066108671582
1777384727.2194004,tb3,0.18,0.3247115533680713
1777384727.239126,tb2,0.18,-1.4874389455734172
1777384727.267423,tb3,0.18,0.27045967713139946
1777384727.2682512,tb1,0.18,0.36117940790208464
1777384727.2891226,tb2,0.17147958714973113,-1.5
1777384727.3173249,tb3,0.18,0.23011237840303622
1777384727.3182328,tb1,0.18,0.28225086232223623
1777384727.3391802,tb2,0.1645506608351916,-1.5
1777384727.3673615,tb3,-0.18,1.2804962429049707
1777384727.3682685,tb1,0.18,0.2032135045459535
1777384727.389016,tb2,0.15847813499059882,-1.5
1777384727.4173589,tb3,-0.18,1.3252578965474762
1777384727.4182959,tb1,0.18,0.11653339644658695
1777384727.439122,tb2,0.15552843383880638,-1.5
1777384727.4673173,tb3,-0.18,1.3685484966193944
1777384727.4682283,tb1,0.18,0.05490500980639062
1777384727.4890816,tb2,0.15179147797463288,-1.5
1777384727.5173662,tb3,-0.18,1.4110349982972759
1777384727.5182714,tb1,0.18,-0.03579151089779005
1777384727.5391998,tb2,0.14700421858750892,-1.5
1777384727.5674274,tb3,-0.18,1.456641816750981
1777384727.5682683,tb1,0.18,-0.11313196913111796
1777384727.5891047,tb2,0.14237102748733946,-1.5
1777384727.6173851,tb3,-0.18,1.4847246812761783
1777384727.6189475,tb1,0.18,-0.19863375755032653
1777384727.6392026,tb2,0.13697471558137403,-1.5
1777384727.667355,tb3,-0.1761963692492798,1.5
1777384727.6682496,tb1,0.18,-0.2773395760743683
1777384727.689169,tb2,0.13185095855596407,-1.5
1777384727.7174191,tb3,-0.17679441690094738,1.5
1777384727.718222,tb1,0.18,-0.3646936305084558
1777384727.7391887,tb2,0.12635135848186788,-1.5
1777384727.767339,tb3,-0.18,1.4268347583520693
1777384727.7682002,tb1,0.18,-0.4570005789227709
1777384727.7891715,tb2,0.12031818531070451,-1.5
1777384727.8173544,tb3,-0.18,1.2913293158665589
1777384727.8182194,tb1,0.18,-0.5492145947981761
1777384727.839185,tb2,0.11439566091409022,-1.5
1777384727.8673613,tb3,-0.18,1.1208038108443694
1777384727.8682258,tb1,0.18,-0.6267387383458867
1777384727.889166,tb2,0.10778736819305158,-1.5
1777384727.9175541,tb3,0.18,0.32772051132792673
1777384727.9182482,tb1,0.18,-0.685242766967061
1777384727.9392102,tb2,0.1007155811560713,-1.5
1777384727.967514,tb3,0.18,0.511604711643675
1777384727.9682302,tb1,0.18,-0.7775374474675135
1777384727.9891953,tb2,0.095904844507037,-1.5
1777384728.0173442,tb3,0.18,0.6863345559463491
1777384728.018212,tb1,0.18,-0.8845002868062259
1777384728.0391276,tb2,0.09024424117516888,-1.5
1777384728.0673578,tb3,0.18,0.872094374023227
1777384728.0682282,tb1,0.18,-1.036538411241215
1777384728.0891376,tb2,0.08410045400934041,-1.5
1777384728.1173506,tb3,0.18,1.1115696460448257
1777384728.1182208,tb1,0.18,-1.2013641868380902
1777384728.1392057,tb2,0.0779304724647106,-1.5
1777384728.16734,tb3,0.18,1.3274599345496882
1777384728.1682582,tb1,0.18,-1.3633826318476123
1777384728.1891036,tb2,0.07548484115064387,-1.5
1777384728.2175236,tb3,0.18,1.4470387043783128
1777384728.2182057,tb1,0.17601380002941822,-1.5
1777384728.2391903,tb2,0.07488879655213562,-1.5
1777384728.2674043,tb3,0.1799716250777015,1.5
1777384728.2681966,tb1,0.1533035466617983,-1.5
1777384728.2893257,tb2,0.07017337492962035,-1.5
1777384728.3174326,tb3,0.17316303739829872,1.5
1777384728.3182049,tb1,0.13327011642977835,-1.5
1777384728.3391163,tb2,0.06672238689644923,-1.5
1777384728.3674076,tb3,0.15939000647316443,1.5
1777384728.3682034,tb1,0.11643355979082877,-1.5
1777384728.3892577,tb2,0.06324692651028885,-1.5
1777384728.4173448,tb3,0.14558358731108637,1.5
1777384728.418258,tb1,0.09987102947875731,-1.5
1777384728.439171,tb2,0.059430237428445075,-1.5
1777384728.4673963,tb3,0.12685164230871684,1.5
1777384728.4681966,tb1,0.08385328826218756,-1.5
1777384728.4891593,tb2,0.05260008072768896,-1.5
1777384728.5173643,tb3,0.107488387273559,1.5
1777384728.518234,tb1,0.07141748393937346,-1.5000000000000002
1777384728.5391572,tb2,0.04622424632976443,-1.5
1777384728.567418,tb3,0.09194765574217814,1.5
1777384728.5682662,tb1,0.057835892534019114,-1.5
1777384728.5891438,tb2,0.04151544500611795,-1.5
1777384728.6174755,tb3,0.07706945439418986,1.5
1777384728.6183016,tb1,0.046517443824448515,-1.5000000000000002
1777384728.6391575,tb2,0.0386158804389378,-1.5
1777384728.6674013,tb3,0.06472087214139181,1.4999999999999998
1777384728.6682422,tb1,0.035687783991883416,-1.5
1777384728.689104,tb2,0.035758289911045356,-1.5000000000000002
1777384728.7174206,tb3,0.05182395440843705,1.5000000000000002
1777384728.7182155,tb1,0.02513411022632851,-1.5
1777384728.7391763,tb2,0.033569762116146255,-1.4999999999999998
1777384728.7673395,tb3,0.03980866340507724,1.5
1777384728.7685432,tb1,0.015629995265383202,-1.5
1777384728.7891276,tb2,0.03161624126039098,-1.4999999999999998
1777384728.8173547,tb3,0.028750953008766005,1.5
1777384728.8182187,tb1,0.002509846992489101,-1.5
1777384728.839161,tb2,0.02985016993332885,-1.5
1777384728.867337,tb3,0.01782565667838206,1.5
1777384728.8682265,tb1,-0.008071161064396109,-1.5000000000000002
1777384728.8891168,tb2,0.026662993036949977,-1.5
1777384728.9173799,tb3,0.006626008249632299,1.5
1777384728.9182782,tb1,-0.01851387299116945,-1.5
1777384728.9391873,tb2,0.02255170284823492,-1.5
1777384728.967419,tb3,-0.0022128907915557276,1.5
1777384728.9682167,tb1,-0.027977455720941662,-1.5
1777384728.9891498,tb2,0.01607885680506018,-1.5
1777384729.017403,tb3,-0.013054310002441265,1.5
1777384729.0181115,tb1,-0.0414963777011267,-1.5
1777384729.0391874,tb2,0.010647766208726747,-1.5
1777384729.067418,tb3,-0.022069436638835198,1.5
1777384729.0682318,tb1,-0.05372834004983743,-1.5
1777384729.089127,tb2,0.0026853986592657733,-1.5
1777384729.1173906,tb3,-0.031998223966411506,1.5
1777384729.1182396,tb1,-0.06520958997297109,-1.5
1777384729.13914,tb2,-0.004403841236121022,-1.5000000000000002
1777384729.167468,tb3,-0.04057302170051068,1.5
1777384729.1683686,tb1,-0.07365725734735623,-1.5
1777384729.18915,tb2,0.17999999999999997,-0.9357019640369993
1777384729.2173805,tb3,-0.05196862264170835,1.5
1777384729.2181976,tb1,-0.08368433109096039,-1.5
1777384729.239195,tb2,0.18,-1.0501066671811476
1777384729.2673693,tb3,-0.06095879171418083,1.5
1777384729.268226,tb1,-0.09000365833799388,-1.5
1777384729.2892869,tb2,0.18,-1.1612511006523452
1777384729.3174167,tb3,-0.07093437495397932,1.4999999999999998
1777384729.3182795,tb1,-0.09684865251519925,-1.5
1777384729.3391902,tb2,0.033368209317867374,1.4999999999999998
1777384729.3674176,tb3,-0.07368445193817064,1.5
1777384729.368251,tb1,-0.10390718679225772,-1.5
1777384729.3892133,tb2,0.03970341369321604,1.5
1777384729.4175367,tb3,-0.07371003622112426,1.5
1777384729.4182713,tb1,-0.1096262088384806,-1.5
1777384729.4393203,tb2,0.045515883854066005,1.5
1777384729.4674306,tb3,-0.07100784641827355,1.4999999999999998
1777384729.4682117,tb1,-0.12057412228148676,-1.5
1777384729.489126,tb2,0.05143350327910625,1.5
1777384729.5174959,tb3,-0.06743471792157406,1.5
1777384729.518285,tb1,-0.1332909164225102,-1.5
1777384729.53912,tb2,0.055429776258589206,1.5
1777384729.5673895,tb3,-0.06246661788194972,1.5000000000000002
1777384729.5681996,tb1,-0.1463707522245627,-1.5
1777384729.5891478,tb2,0.05964213417539806,1.5
1777384729.6173577,tb3,-0.057420138604873716,1.5
1777384729.6182601,tb1,-0.16087290159608897,-1.5
1777384729.6391919,tb2,0.06571396286860928,1.5
1777384729.66724,tb3,-0.052495114549517746,1.5
1777384729.6682432,tb1,-0.17295544924938966,-1.5
1777384729.6891866,tb2,0.07678883176387317,1.5
1777384729.7173178,tb3,0.1038573933882659,1.5
1777384729.7180946,tb1,-0.18,-1.4831700579753186
1777384729.7391865,tb2,0.08469541606879624,1.5
1777384729.7674,tb3,0.11403469459114988,1.5
1777384729.7681553,tb1,-0.18,-1.3679072751766759
1777384729.7891695,tb2,0.09517853871395941,1.5
1777384729.8173218,tb3,0.12555551358550715,1.5
1777384729.8182092,tb1,-0.18,-1.3679072751766759
1777384729.8391411,tb2,0.10626796039332857,1.5
1777384729.8673778,tb3,0.1388118424296284,1.5
1777384729.868226,tb1,-0.18,-1.3679072751766759
1777384729.8891451,tb2,0.1192092470205889,1.5
1777384729.9174192,tb3,0.15372019681826798,1.5
1777384729.9181795,tb1,-0.18,-1.367906443665772
1777384729.939042,tb2,0.1339784056010124,1.5
1777384729.9673872,tb3,0.17096390660219835,1.5
1777384729.9681907,tb1,-0.18,-1.367906443665772
1777384729.9891596,tb2,0.1503325759069788,1.5
1777384730.0174315,tb3,0.18,1.4190984151780326
1777384730.0182686,tb1,-0.18,-1.367906443665772
1777384730.0391803,tb2,0.1680264324581891,1.5
1777384730.0673416,tb3,0.18,1.2663349272930817
1777384730.0681958,tb1,-0.18,-1.367906443665772
1777384730.0891216,tb2,0.18,1.3810142782793369
1777384730.117356,tb3,0.18,1.1179197657054747
1777384730.1183445,tb1,0.039818463963737866,-1.5
1777384730.139046,tb2,0.18,1.3258626472768607
1777384730.1673698,tb3,0.18,0.9636865796795953
1777384730.16832,tb1,0.039818463963737866,-1.5
1777384730.189018,tb2,0.18,1.1851927937783564
1777384730.217424,tb3,0.18,0.8238508900963131
1777384730.2182503,tb1,0.014664207140926562,-1.5
1777384730.2390344,tb2,0.18,1.0705172733724142
1777384730.2673855,tb3,0.18,0.6907708850860141
1777384730.2682364,tb1,0.014664207140926562,-1.5
1777384730.2892182,tb2,0.18,0.9082717289219735
1777384730.317461,tb3,0.18,0.5498457181757236
1777384730.318226,tb1,0.014027717108927215,-1.5
1777384730.339119,tb2,0.18,0.8068376086120796
1777384730.3674316,tb3,0.18,0.41659518788091526
1777384730.3682575,tb1,0.014027717108927215,-1.5
1777384730.3892128,tb2,0.18,0.6949009628633979
1777384730.417369,tb3,0.18,0.27927597679114813
1777384730.4182615,tb1,0.014027717108927215,-1.5
1777384730.439136,tb2,0.18,0.6817498633179866
1777384730.4673965,tb3,0.18,0.1406068057528607
1777384730.4682424,tb1,0.014027717108927215,-1.5
1777384730.4891798,tb2,0.18,0.6352660121063383
1777384730.5173535,tb3,0.18,0.03177093471902766
1777384730.5182507,tb1,0.013302952146841643,-1.5
1777384730.539229,tb2,0.18,0.5725338049647242
1777384730.5673702,tb3,0.18,-0.10521934359642827
1777384730.5682359,tb1,0.013302952146841643,-1.5
1777384730.5891044,tb2,0.18,0.5149071365807583
1777384730.617448,tb3,0.18,-0.23689586216636196
1777384730.6182709,tb1,0.013302952146841643,-1.5
1777384730.6391723,tb2,0.18,0.4570363835972252
1777384730.667477,tb3,0.18,-0.3720514920355344
1777384730.6682394,tb1,0.00025861880353373587,-1.5
1777384730.6891668,tb2,0.18,0.395145096173543
1777384730.7174256,tb3,0.18,-0.5127792484058793
1777384730.7182605,tb1,-0.002804588443136134,-1.5
1777384730.7391865,tb2,0.18,0.3763414346255066
1777384730.7674577,tb3,0.18,-0.6444712729898205
1777384730.7682765,tb1,-0.004490704974159605,-1.5
1777384730.7891262,tb2,0.18,0.38528823519787303
1777384730.817418,tb3,0.18,-0.7955724372337006
1777384730.8182561,tb1,-0.00515907792020202,-1.5
1777384730.8391347,tb2,0.18,0.4138756712743006
1777384730.8673964,tb3,0.18,-0.9643163682651159
1777384730.8682327,tb1,-0.0016600270458165998,-1.5
1777384730.8891737,tb2,0.18,0.400329969516655
1777384730.917389,tb3,0.18,-1.112973000044624
1777384730.9182458,tb1,0.002096688309392069,-1.5
1777384730.939169,tb2,0.18,0.3788977192600233
1777384730.9674025,tb3,0.18,-1.2813242318594134
1777384730.9682748,tb1,0.002096688309392069,-1.5
1777384730.9891274,tb2,0.18,0.348653835299665
1777384731.0173454,tb3,0.18,-1.4929148248403796
1777384731.0183268,tb1,0.019051951877730802,-1.5
1777384731.0391703,tb2,0.18,0.33301907259263136
1777384731.0673296,tb3,0.15430387436562884,-1.5
1777384731.068256,tb1,0.027536738652693075,-1.5
1777384731.089194,tb2,0.18,0.29988064819760724
1777384731.1173632,tb3,0.1328517770151704,-1.5
1777384731.118272,tb1,0.040279712670530314,-1.5
1777384731.1392126,tb2,0.18,0.2660211604766773
1777384731.1674316,tb3,0.11559327719641622,-1.5
1777384731.1683018,tb1,0.050977542920195844,-1.5
1777384731.1891701,tb2,0.18,0.24172603161204007
1777384731.2173576,tb3,0.10372827996255736,-1.5
1777384731.2182963,tb1,0.06385494360058415,-1.5
1777384731.2391818,tb2,0.18,0.21879474516255237
1777384731.2673352,tb3,0.08882975978690441,-1.5
1777384731.2682264,tb1,0.07869137570435689,-1.5
1777384731.2891753,tb2,0.18,0.19605171669908059
1777384731.3173351,tb3,0.07528003167134088,-1.5
1777384731.3182945,tb1,0.0927332647563843,-1.5
1777384731.3392644,tb2,0.18,0.16219222344986983
1777384731.3673449,tb3,0.06413666344263363,-1.4999999999999998
1777384731.3683028,tb1,0.10899753471762763,-1.5
1777384731.3891084,tb2,0.18,0.12970076192478508
1777384731.4174347,tb3,0.05683282399458002,-1.5000000000000002
1777384731.418292,tb1,0.12660269726391263,-1.5
1777384731.4391851,tb2,0.18,0.09614021772012928
1777384731.4674034,tb3,0.05139953411661454,-1.5
1777384731.468225,tb1,0.14662687116952824,-1.5
1777384731.4891944,tb2,0.18,0.08228847824763179
1777384731.517391,tb3,0.04809442158825008,-1.5
1777384731.5183015,tb1,0.17241207042593742,-1.5
1777384731.5391695,tb2,0.18,0.0747783277147464
1777384731.567362,tb3,0.0455450747139421,-1.5
1777384731.5683138,tb1,0.18,-1.3387906619584944
1777384731.589111,tb2,0.18,0.07329424518864312
1777384731.6173527,tb3,0.04554766479951818,-1.5
1777384731.6182327,tb1,0.17999999999999997,-1.122216341933481
1777384731.6391797,tb2,0.18,0.07312035278389824
1777384731.6673763,tb3,0.04720985154279214,-1.5
1777384731.668228,tb1,0.18,-0.9370446137291706
1777384731.6891956,tb2,0.18,0.07333656718352158
1777384731.717591,tb3,0.04963293377518686,-1.5
1777384731.718234,tb1,0.18,-0.7851413520633728
1777384731.7392132,tb2,0.18,0.0732253752940579
1777384731.7674143,tb3,0.05072232246621849,-1.5000000000000002
1777384731.7683096,tb1,0.18,-0.6332648528815394
1777384731.7891352,tb2,0.18,0.0730866091907495
1777384731.8174915,tb3,0.05301894532803981,-1.5
1777384731.818219,tb1,0.18,-0.5129496237426914
1777384731.8391838,tb2,0.18,0.07297398211227654
1777384731.8674562,tb3,0.056025836302776154,-1.5
1777384731.8682446,tb1,0.18,-0.36772041312501874
1777384731.8892565,tb2,0.18,0.0730395793761
1777384731.9174416,tb3,0.06096164066615335,-1.5
1777384731.9182415,tb1,0.02956664495639706,-1.5
1777384731.9391785,tb2,0.18,0.07313196676738366
1777384731.967452,tb3,0.06752986194892109,-1.5
1777384731.968298,tb1,0.03862660714491274,-1.5
1777384731.9891493,tb2,0.18,0.07301474563749633
1777384732.0173936,tb3,0.0753669505685882,-1.5
1777384732.018236,tb1,0.04700856454447718,-1.5
1777384732.039191,tb2,0.18,0.07302986431758175
1777384732.0674384,tb3,0.08507388140875573,-1.5
1777384732.0682228,tb1,0.05550517448269573,-1.5
1777384732.089123,tb2,0.18,0.07315782073532681
1777384732.1173773,tb3,0.09759671956813218,-1.5
1777384732.1182249,tb1,0.06381310373223076,-1.5
1777384732.1391828,tb2,0.18,0.07313510855101878
1777384732.1674118,tb3,0.11183319441463649,-1.5
1777384732.1681933,tb1,0.07218179510675289,-1.5
1777384732.1890976,tb2,0.18,0.07320288615769706
1777384732.2173715,tb3,0.12796799671676667,-1.5
1777384732.218202,tb1,0.08045339223438679,-1.5
1777384732.239182,tb2,0.18,0.07301000202562488
1777384732.2673671,tb3,0.14608006850717484,-1.5
1777384732.2681859,tb1,0.0888237679172087,-1.4999999999999998
1777384732.2891238,tb2,0.18,0.07308068299574365
1777384732.3173537,tb3,0.1653701080147306,-1.5
1777384732.3182108,tb1,0.09696744486134122,-1.5
1777384732.3391163,tb2,0.18,0.07305752705373077
1777384732.3673866,tb3,0.18,-1.4471798441627364
1777384732.3682415,tb1,0.10532811401339649,-1.5
1777384732.3892941,tb2,0.18,0.07297972787433799
1777384732.4173613,tb3,0.18,-1.2907004492336789
1777384732.4182098,tb1,0.11647164263476797,-1.5
1777384732.4391162,tb2,0.18,0.07340920282061812
1777384732.4674077,tb3,0.18,-1.183342081243497
1777384732.4682252,tb1,0.1270956271394767,-1.5
1777384732.4892838,tb2,0.18,0.07317009580480957
1777384732.5173593,tb3,0.18,-1.0504415549554988
1777384732.5181203,tb1,0.14757403734655367,-1.5
1777384732.539274,tb2,0.18,0.07304824809526148
1777384732.5673137,tb3,0.18,-0.954817051927581
1777384732.5682003,tb1,0.17169846001786745,-1.5
1777384732.5891693,tb2,0.18,0.07334581922140405
1777384732.6173706,tb3,0.18,-0.8726841160419764
1777384732.618197,tb1,0.18,-1.4000614262936497
1777384732.639172,tb2,0.18,0.07310213412828415
1777384732.6674254,tb3,0.18,-0.8008106464013028
1777384732.6682074,tb1,0.18,-1.2423009884786969
1777384732.6892917,tb2,0.18,0.07319271948645714
1777384732.7174244,tb3,0.18,-0.745965945464518
1777384732.7182026,tb1,0.18,-1.0800615911867935
1777384732.739184,tb2,0.18,0.07245675838162899
1777384732.7673428,tb3,0.18,-0.6893743460873727
1777384732.768203,tb1,0.18,-0.9493903509297488
1777384732.7891753,tb2,0.18,0.07114440680221579
1777384732.8173175,tb3,0.18,-0.6461727635620542
1777384732.818283,tb1,0.13438345034508897,1.5
1777384732.8391652,tb2,0.18,0.07029647258312749
1777384732.867348,tb3,0.18,-0.5974673743055954
1777384732.8682947,tb1,0.12631127204271286,1.5
1777384732.8891714,tb2,0.18,0.07074906297633518
1777384732.9173608,tb3,0.18,-0.5524661680103512
1777384732.9182622,tb1,0.11883415349917945,1.5000000000000002
1777384732.9391859,tb2,0.18,0.07053014334716938
1777384732.9673588,tb3,0.18,-0.5132717212671007
1777384732.9682267,tb1,0.11506932103512578,1.5
1777384732.9892533,tb2,0.18,0.07059535043627337
1777384733.0173652,tb3,0.18,-0.47391897979045944
1777384733.0182228,tb1,0.11353211509350342,1.5
1777384733.0391953,tb2,0.18,0.07059407430793016
1777384733.0673542,tb3,0.18,-0.4410140803727407
1777384733.0682123,tb1,0.1118993217771405,1.5000000000000002
1777384733.089125,tb2,0.18,0.0708291212946408
1777384733.117357,tb3,0.18,-0.4028960257957251
1777384733.1182046,tb1,0.10810876983927248,1.5
1777384733.13899,tb2,0.18,0.0707941069236255
1777384733.1673687,tb3,0.18,-0.37105634045841784
1777384733.1681807,tb1,0.1090951791882036,1.5
1777384733.189184,tb2,0.18,0.07035599381978364
1777384733.2174118,tb3,0.18,-0.297664367312739
1777384733.2182333,tb1,0.10808214749847773,1.5000000000000002
1777384733.2391193,tb2,0.18,0.07097799147185734
1777384733.2674072,tb3,0.18,-0.16266866935958196
1777384733.2682052,tb1,0.1089258787233388,1.5
1777384733.2891328,tb2,0.18,0.07058029514321994
1777384733.3173063,tb3,0.18,-0.016125045571725137
1777384733.3182034,tb1,0.11048010023809712,1.5
1777384733.3391793,tb2,0.18,0.0715939868593166
1777384733.3673046,tb3,0.18,0.1371389126666923
1777384733.3681993,tb1,0.11510278813834153,1.5
1777384733.3891551,tb2,0.18,0.07171388138035809
1777384733.417314,tb3,0.18,0.30388881792715766
1777384733.4182413,tb1,0.12091779222448795,1.5000000000000002
1777384733.4674287,tb3,0.18,0.5314562412119311
1777384733.468261,tb1,0.12675264195908995,1.4999999999999998
1777384733.5175147,tb3,0.18,0.7824832347049978
1777384733.518238,tb1,0.1317272694737021,1.5
1777384733.5673647,tb3,0.18,1.2840618684645262
1777384733.5682647,tb1,0.1375841803472457,1.5
1777384733.617454,tb3,0.09552793941412037,1.5
1777384733.6182234,tb1,0.14304062446531987,1.5
1777384733.6675236,tb3,0.009325752574125292,1.5
1777384733.668212,tb1,0.14965031500161968,1.5000000000000002
1777384733.7173693,tb3,-0.04567139931541371,1.5
1777384733.718208,tb1,0.15480721640385545,1.5
1777384733.7674127,tb3,-0.0698260999269777,1.5
1777384733.768233,tb1,0.16025791631702324,1.5
1777384733.817418,tb3,-0.06651158503714498,1.5
1777384733.8182366,tb1,0.1649169079563682,1.5
1777384733.867497,tb3,-0.014163527460796261,1.5000000000000002
1777384733.8682013,tb1,0.16775535126982669,1.5
1777384733.9174247,tb3,0.025161998777945897,1.5
1777384733.9182298,tb1,0.17588784760149626,1.5
1777384733.9674299,tb3,0.11772430955476275,1.5
1777384733.9682326,tb1,0.17840671931364563,1.5
1777384734.0173535,tb3,0.18,1.0838434353757003
1777384734.0182278,tb1,0.18,1.4986192614578309
1777384734.067447,tb3,0.18,0.5874876478923705
1777384734.0682478,tb1,0.18,1.4818633786837072
1777384734.1173973,tb3,0.18,0.4753481032531548
1777384734.1181772,tb1,0.18,1.480754861658945
1777384734.1674123,tb3,0.18,0.6362710444745964
1777384734.1682785,tb1,0.18,1.4829486467730333
1777384734.2173598,tb3,0.18,0.9910818151226095
1777384734.218218,tb1,0.18000000000000002,1.4763852717545491
1777384734.2673557,tb3,0.16890467494090988,1.5
1777384734.2682667,tb1,0.18,1.472919956397264
1777384734.3174517,tb3,0.08187156469544896,1.5
1777384734.3182273,tb1,0.18,1.4807778559360278
1777384734.3673606,tb3,0.03541601720066468,1.5000000000000002
1777384734.368215,tb1,0.18,1.485849317332878
1777384734.4173698,tb3,0.024708254289279523,1.4999999999999998
1777384734.4182158,tb1,0.18,1.4871127502907016
1777384734.4673703,tb3,0.03813160869069524,1.5
1777384734.4682343,tb1,0.18,1.4851119253591456
1777384734.5174055,tb3,0.07185141778924793,1.5
1777384734.5182295,tb1,0.18,1.4964350540521594
1777384734.567421,tb3,0.1693986303819056,1.5
1777384734.5682302,tb1,0.17932665563838995,1.5
1777384734.6174228,tb3,0.18,0.48072506881658694
1777384734.6182196,tb1,0.17952659715931377,1.5
1777384734.6673615,tb3,0.18,0.06456076106518854
1777384734.6682162,tb1,0.17986715086116797,1.5
1777384734.7174172,tb3,0.145864370356334,-1.5
1777384734.718224,tb1,0.17967421367995137,1.5000000000000002
1777384734.767492,tb3,0.13522966054527635,-1.5
1777384734.7685826,tb1,0.18,1.4725206849092454
1777384734.8174462,tb3,0.13574101302468217,-1.5
1777384734.8183005,tb1,-0.17299603931588345,1.5
1777384734.8674412,tb3,0.1439136408293012,-1.5
1777384734.8682957,tb1,-0.18000000000000002,1.4586172027620201
1777384734.9174342,tb3,0.1521008850313675,-1.5
1777384734.9182725,tb1,-0.18,1.4454386822910057
1777384734.9673562,tb3,0.16716587814749162,-1.5
1777384734.9683084,tb1,-0.18,1.397775668386892
1777384735.017417,tb3,0.18000000000000002,-1.3985849704851407
1777384735.0182362,tb1,-0.17999999999999997,1.3337086589998062
1777384735.067416,tb3,0.18,-1.1824963197589446
1777384735.068243,tb1,-0.18,1.2494960339439718
1777384735.1174214,tb3,0.18,-0.9716007796978957
1777384735.118302,tb1,-0.18,1.1676113643217623
1777384735.1673932,tb3,0.18,-0.775573658219278
1777384735.1682553,tb1,-0.18,1.0815776042611485
1777384735.2173507,tb3,0.18,-0.7212700377284145
1777384735.2183137,tb1,-0.18,0.9851186467218241
1777384735.2674356,tb3,0.17999999999999997,-0.60185426028959
1777384735.2682478,tb1,-0.18,0.8841634488605641
1777384735.3174195,tb3,0.18,-0.42103684343202663
1777384735.3182907,tb1,-0.18,0.7899732866374805
1777384735.3674185,tb3,0.18,-0.2279236910068296
1777384735.3682845,tb1,-0.18,0.6764088408454595
1777384735.4174416,tb3,0.18,-0.02138986162554265
1777384735.4183328,tb1,-0.18,0.577108654054811
1777384735.467372,tb3,0.18,0.22463493627180586
1777384735.4682918,tb1,-0.18,0.46067115258695074
1777384735.5173867,tb3,0.18,0.5190729898320093
1777384735.518196,tb1,-0.18,0.3513514218280697
1777384735.56742,tb3,0.18,0.8639947316820092
1777384735.5682242,tb1,-0.18,0.24780162555571203
1777384735.6173594,tb3,0.18,1.3125718843211844
1777384735.6182323,tb1,-0.18,0.17195544102266466
1777384735.6673517,tb3,0.1304187529420053,1.5000000000000002
1777384735.6682107,tb1,-0.18,0.1382729479559885
1777384735.7174847,tb3,0.09506203882171732,1.5
1777384735.71822,tb1,-0.18,0.13666470647081702
1777384735.7674022,tb3,0.06826127154457881,1.5
1777384735.7682836,tb1,-0.08004676557429649,1.5
1777384735.8173454,tb3,0.055609310583798394,1.5
1777384735.8181975,tb1,0.0495150233958626,1.5
1777384735.8391747,tb2,0.18,0.05314648796918524
1777384735.8674312,tb3,0.04213052573987102,1.5
1777384735.8682835,tb1,0.053103304002817944,1.5
1777384735.889116,tb2,0.18,0.05304739577047961
1777384735.9173212,tb3,0.05842302020581032,1.5
1777384735.9181557,tb1,0.05685784898200643,1.5
1777384735.9391928,tb2,0.18,0.05257293167859981
1777384735.9673545,tb3,0.05415360936095146,1.5
1777384735.9682937,tb1,-0.18,0.2040799900365847
1777384735.9892995,tb2,0.18,0.05280555989685868
1777384736.017402,tb3,0.05450821473837732,1.5
1777384736.0182307,tb1,-0.18,0.4763953478701544
1777384736.0391798,tb2,0.18,0.05250550003862431
1777384736.067474,tb3,0.05847958221786717,1.5
1777384736.068207,tb1,-0.18,1.0592513298656823
1777384736.0891955,tb2,0.18,0.05185814851730477
1777384736.1172738,tb3,0.06207908064621794,1.5
1777384736.1182396,tb1,-0.13467578922556053,1.5
1777384736.1392004,tb2,0.18,0.055192555821940714
1777384736.1672883,tb3,0.06338780536910261,1.5
1777384736.1682954,tb1,-0.0029423501263587475,1.5
1777384736.189159,tb2,0.18,0.043584879633790014
1777384736.2173843,tb3,0.0818056537252298,1.5
1777384736.2182624,tb1,0.03699144206953013,1.5
1777384736.239229,tb2,0.18,0.04806309309101738
1777384736.267444,tb3,0.10741534347636511,1.5
1777384736.2682152,tb1,0.07409624775723207,1.5
1777384736.2892244,tb2,0.18,0.05533455692075469
1777384736.317406,tb3,0.13951734783248945,1.5000000000000002
1777384736.3183203,tb1,0.11750599159469581,1.5
1777384736.339173,tb2,0.18,0.05260902508131286
1777384736.3673716,tb3,0.18,1.436537882563055
1777384736.3682513,tb1,0.1539495643562575,1.5
1777384736.3891325,tb2,0.18,0.05837883200633399
1777384736.4173865,tb3,0.18,0.9919080757725552
1777384736.4181983,tb1,0.18,1.211159954588667
1777384736.4391963,tb2,0.18,0.04705379266943113
1777384736.467331,tb3,0.18,0.6040696040208346
1777384736.4682782,tb1,0.18,0.8716926314516616
1777384736.4891574,tb2,0.18,0.038963345001146475
1777384736.5173857,tb3,0.16303617778469473,1.5
1777384736.5182912,tb1,0.18,0.6505392350765299
1777384736.5391202,tb2,0.18,0.030888165908092367
1777384736.56741,tb3,0.18,1.1523603517027392
1777384736.5681825,tb1,0.16851270746286798,1.5
1777384736.5890703,tb2,0.18,0.023320944930595545
1777384736.6172454,tb3,0.18,0.8298186560344305
1777384736.6182375,tb1,0.18,1.4523865603499366
1777384736.6389875,tb2,0.18,0.01766672053774522
1777384736.6672442,tb3,0.18,0.5267091789066536
1777384736.668111,tb1,0.18000000000000002,1.316467090323434
1777384736.689083,tb2,0.18,0.0070020745490412305
1777384736.7173975,tb3,0.18,0.2986476575126161
1777384736.7181277,tb1,0.18,1.2532196159313949
1777384736.7392118,tb2,0.18,0.009479574659402551
1777384736.76738,tb3,0.17999999999999997,0.14403402604332283
1777384736.768231,tb1,0.16425599098062663,1.5
1777384736.7890766,tb2,0.18,0.0071162318516367635
1777384736.8173025,tb3,0.18000000000000002,-0.06874981667750478
1777384736.8181665,tb1,0.16800977115142385,1.5
1777384736.8391142,tb2,0.18,-0.006001670567680071
1777384736.8673456,tb3,0.18,-0.27093005813413984
1777384736.868212,tb1,0.16720908832663153,1.5
1777384736.8891065,tb2,0.18,-0.009875832547020433
1777384736.9174116,tb3,0.18,-0.47153782253860266
1777384736.918262,tb1,0.16936338724560795,1.5
1777384736.9391265,tb2,0.18,-0.010102621413151764
1777384736.9673538,tb3,0.18,-0.6409328954364765
1777384736.9682193,tb1,0.17041938626838882,1.5
1777384736.9891202,tb2,0.18,-0.13134082521106202
1777384737.0173542,tb3,0.18,-0.7979265226371977
1777384737.0182054,tb1,0.1773542308733609,1.5
1777384737.0390897,tb2,0.18,-0.5497025394972735
1777384737.067402,tb3,0.18,-0.8688236634577201
1777384737.0681899,tb1,0.18,1.3618677995741184
1777384737.0891182,tb2,0.18,-1.1321174864255341
1777384737.1173506,tb3,0.18,-0.9317008507049046
1777384737.1182115,tb1,0.18,1.328654529679228
1777384737.1391113,tb2,0.12519899713318566,-1.5
1777384737.167398,tb3,0.18,-1.2438116242470436
1777384737.1682642,tb1,0.18,1.2477301997904344
1777384737.1890116,tb2,0.060338436546107196,-1.5
1777384737.2173626,tb3,0.18,-1.2652951734766942
1777384737.2182138,tb1,0.18,1.198935649676033
1777384737.2392154,tb2,0.021409420105262207,-1.5
1777384737.2673528,tb3,0.18,-1.2169674163677218
1777384737.2682028,tb1,0.18,1.1531512348702397
1777384737.2891147,tb2,-0.00435639814038329,-1.5
1777384737.3176634,tb3,0.18,-1.1057458039639316
1777384737.3183618,tb1,0.18,1.1471354262352482
1777384737.339129,tb2,-0.021574122881264077,-1.5
1777384737.367488,tb3,0.18,-1.0269422648929993
1777384737.3683527,tb1,0.18,1.082573736833732
1777384737.3892162,tb2,-0.03211294668532492,-1.5
1777384737.4173758,tb3,0.18,-0.8959108073177814
1777384737.41823,tb1,0.18,1.0390270516619136
1777384737.4391904,tb2,-0.03464680669177901,-1.5
1777384737.4674008,tb3,0.18,-0.788429816192365
1777384737.468226,tb1,0.18,1.0261360795684749
1777384737.4892688,tb2,-0.03544288967521019,-1.5
1777384737.5174224,tb3,0.18,-0.6675933453679256
1777384737.51824,tb1,0.18,0.975311675229073
1777384737.5392017,tb2,-0.03552444304738969,-1.5
1777384737.5674136,tb3,0.18,-0.5472269709570299
1777384737.5681646,tb1,0.18,0.9367486484114074
1777384737.5891128,tb2,-0.03561232957065318,-1.5
1777384737.61735,tb3,0.18,-0.460112147591606
1777384737.618231,tb1,0.18,0.8780722842261937
1777384737.6391377,tb2,-0.03563490872493673,-1.5
1777384737.667362,tb3,0.18,-0.39857629152948737
1777384737.6683052,tb1,0.18,0.9031991822066074
1777384737.6891818,tb2,-0.03566903567457635,-1.5
1777384737.7173328,tb3,0.18,-0.2838870639222811
1777384737.7181664,tb1,0.18,0.8616275410113658
1777384737.739071,tb2,-0.0356558303692453,-1.5
1777384737.7673817,tb3,0.18,-1.0056901722545073
1777384737.7681887,tb1,0.18,1.2997300517050412
1777384737.7892394,tb2,-0.03564434166579719,-1.5
1777384737.8174627,tb3,0.18,-0.9532611590971007
1777384737.8182087,tb1,0.18,1.2500523536835166
1777384737.8391728,tb2,-0.03566540789056517,-1.5
1777384737.8674483,tb3,0.18,-0.8787836755630469
1777384737.868293,tb1,0.18,1.1699883508423143
1777384737.889163,tb2,-0.035635000410118516,-1.5
1777384737.9174147,tb3,0.18,-0.7513760177262198
1777384737.9182203,tb1,0.18,1.0163929423808624
1777384737.939195,tb2,-0.03564498119621335,-1.5
1777384737.9673452,tb3,0.18,-0.6959986895421132
1777384737.968405,tb1,0.18,0.9297427300394272
1777384737.9891949,tb2,-0.03570641288895597,-1.5
1777384738.0172849,tb3,0.18,-0.4544675447368059
1777384738.0181992,tb1,0.05075786464413505,1.5000000000000002
1777384738.0390801,tb2,-0.0356838250862819,-1.5
1777384738.0673702,tb3,0.18,-0.3034588471636694
1777384738.0682411,tb1,0.0598861088157825,1.5
1777384738.0890048,tb2,-0.09433842740940726,-1.5
1777384738.117287,tb3,0.18,-0.11281550584111083
1777384738.1181793,tb1,0.07237456939638721,1.5
1777384738.1389718,tb2,-0.11061020724971435,-1.5
1777384738.1673515,tb3,0.18,0.08379637840489257
1777384738.168204,tb1,0.09825084947346024,1.5
1777384738.189104,tb2,-0.10680317879530582,-1.5
1777384738.2174153,tb3,0.17999999999999997,1.3424551966392189
1777384738.2182274,tb1,0.14931863712273166,1.5
1777384738.2391174,tb2,-0.10685363447095159,-1.5
1777384738.2673762,tb3,0.16595686850577682,1.5
1777384738.2681556,tb1,0.18,1.055214955297733
1777384738.2890887,tb2,-0.1085429864577062,-1.5
1777384922.473602,tb3,0.04183542476115636,1.5000000000000002
1777384922.5236728,tb3,0.04178284990426216,1.5
1777384922.5658312,tb7,-0.16725780360221593,-1.5
1777384922.5737972,tb3,0.04190344314499862,1.5
1777384922.615869,tb7,-0.1672282519944814,-1.5
1777384922.6235998,tb3,0.041790239398181814,1.5000000000000002
1777384922.665828,tb7,-0.167274300679593,-1.5
1777384922.6736307,tb3,0.04181478047640663,1.5
1777384922.716283,tb7,-0.167250860454752,-1.5
1777384922.7235937,tb3,0.04184834933259339,1.5
1777384922.7658632,tb7,-0.1673286854141233,-1.5
1777384922.7737327,tb3,0.04185415210463454,1.5000000000000002
1777384922.8157241,tb7,-0.16723434561218545,-1.5
1777384922.8237448,tb3,0.041800907480637216,1.5
1777384922.8658793,tb7,-0.16722803674290407,-1.5
1777384922.8735166,tb3,0.041801026315812506,1.5
1777384922.9158564,tb7,-0.1672482663904256,-1.5
1777384922.9236693,tb3,0.04181797727767898,1.5
1777384922.9658897,tb7,-0.16724413004543306,-1.5
1777384922.9736443,tb3,0.04187096759717523,1.5
1777384923.0159228,tb7,-0.1672304349434492,-1.5
1777384923.0237243,tb3,0.041826861703540365,1.4999999999999998
1777384923.0658286,tb7,-0.16727256379759628,-1.5
1777384923.0735807,tb3,0.04179093963230451,1.5
1777384923.1159365,tb7,-0.16727434197145916,-1.5
1777384923.123635,tb3,0.041790541245969384,1.5
1777384923.1659727,tb7,-0.1672359168250863,-1.5
1777384923.1736305,tb3,0.04188951284075691,1.4999999999999998
1777384923.2158866,tb7,-0.1672020148655226,-1.5
1777384923.223663,tb3,0.041793748333644,1.5
1777384923.2657485,tb7,-0.16730883365883742,-1.5
1777384923.2736537,tb3,0.041796635134747295,1.5
1777384923.315735,tb7,-0.16727055442278477,-1.5
1777384923.3235898,tb3,0.04180356549742827,1.5000000000000002
1777384923.3657458,tb7,-0.16721964569563702,-1.5
1777384923.373623,tb3,0.04190912887938123,1.5000000000000002
1777384923.4158006,tb7,-0.16722930092860555,-1.5
1777384923.4238977,tb3,0.041808135899565814,1.5
1777384923.4658768,tb7,-0.16727058952482876,-1.5
1777384923.473593,tb3,0.04182954750584559,1.5
1777384923.5159707,tb7,-0.1672269645283028,-1.5
1777384923.5236878,tb3,0.04185444474131454,1.5
1777384923.5657449,tb7,-0.16723141339693465,-1.5
1777384923.5737073,tb3,0.041901211578911614,1.5
1777384923.6158912,tb7,-0.1672535672807052,-1.5
1777384923.6236305,tb3,0.041828477655528,1.5
1777384923.6658452,tb7,-0.16723652998208965,-1.5
1777384923.6735961,tb3,0.04187572754782357,1.5
1777384923.715855,tb7,-0.16723174765041882,-1.5
1777384923.7235737,tb3,0.04178267294856677,1.5
1777384923.7658587,tb7,-0.16730203882286712,-1.5
1777384923.773891,tb3,0.0419072819317045,1.5
1777384923.815792,tb7,-0.16723076371897336,-1.5
1777384923.8236403,tb3,0.04179179681190553,1.5
1777384923.8659754,tb7,-0.16725036229012646,-1.5
1777384923.8736992,tb3,0.041833330678855064,1.5
1777384923.9160137,tb7,-0.16728323017824948,-1.5
1777384923.9237351,tb3,0.04180045686710739,1.4999999999999998
1777384923.965835,tb7,-0.1672406785671711,-1.5
1777384923.973748,tb3,0.04192283516614214,1.5
1777384924.0164237,tb7,-0.18,-1.381446435070349
1777384924.0236266,tb3,0.041796681282867405,1.5
1777384924.065871,tb7,-0.18,-1.3814326934274366
1777384924.0736387,tb3,0.041866165789833,1.5
1777384924.1157587,tb7,-0.18,-1.381643631098306
1777384924.123566,tb3,0.04182408659347481,1.4999999999999998
1777384924.1658003,tb7,-0.18,-1.381593153435453
1777384924.1736238,tb3,0.04192773548571315,1.5
1777384924.2158499,tb7,-0.18,-1.3814615212264076
1777384924.2235847,tb3,0.041804568730346,1.5000000000000002
1777384924.265766,tb7,-0.18,-1.3815691413187152
1777384924.2735374,tb3,0.041849742029977655,1.5
1777384924.3169062,tb7,-0.18,-1.381725591706348
1777384924.3235583,tb3,0.04182051061017728,1.5
1777384924.3657708,tb7,-0.18,-1.3811718300040343
1777384924.3736043,tb3,0.04189901416062177,1.5000000000000002
1777384924.4157526,tb7,-0.18,-1.3807778727030666
1777384924.4236898,tb3,0.0418213036418292,1.5
1777384924.4666848,tb7,-0.18,-1.3811767898860572
1777384924.4736805,tb3,0.04184541039270011,1.5
1777384924.5158103,tb7,-0.18,-1.3815659045003361
1777384924.5236075,tb3,0.041824323611079545,1.5
1777384924.5657697,tb7,-0.18,-1.3808014688131423
1777384924.5736392,tb3,0.041929952955856775,1.5
1777384924.6157324,tb7,-0.18,-1.3798110739790566
1777384924.6235735,tb3,0.0418284315357394,1.5
1777384924.6659365,tb7,-0.18,-1.3821267221975395
1777384924.6735651,tb3,0.04184482009624268,1.5
1777384924.7158325,tb7,-0.18,-1.3811767988591965
1777384924.7236655,tb3,0.0417929818548648,1.5
1777384924.7658248,tb7,-0.18,-1.3809449850497912
1777384924.7735388,tb3,0.0419196899155703,1.5
1777384924.8158526,tb7,-0.18,-1.3817220690477532
1777384924.823472,tb3,0.041820443015579516,1.5
1777384924.8658645,tb7,-0.18,-1.381431008893371
1777384924.8735383,tb3,0.04185988986903816,1.4999999999999998
1777384924.9159107,tb7,-0.18,-1.3810045147635663
1777384924.9236636,tb3,0.04182090153496742,1.5
1777384924.9658906,tb7,-0.18,-1.381592006725559
1777384924.9736037,tb3,0.04192007357062381,1.5
1777384925.0157986,tb7,-0.18,-1.381879892445408
1777384925.0236344,tb3,0.04174707404299087,1.5
1777384925.0658934,tb7,-0.18,-1.3812147316676922
1777384925.0735445,tb3,0.04182952232274727,1.5
1777384925.115897,tb7,-0.18,-1.3818071672515775
1777384925.1237123,tb3,0.041801816598592646,1.5
1777384925.1659315,tb7,-0.18,-1.381345283150497
1777384925.1737092,tb3,0.041947245543875605,1.5
1777384925.2159693,tb7,-0.18,-1.381635425257845
1777384925.2236764,tb3,0.04180648320568055,1.5
1777384925.252243,tb1,0.026954183173566345,1.5
1777384925.2659724,tb7,-0.18,-1.3809924738200012
1777384925.2735736,tb3,0.041838429783316006,1.5
1777384925.302281,tb1,0.02695974836126182,1.5
1777384925.3157578,tb7,-0.18,-1.3812016200423838
1777384925.3235435,tb3,0.041796680287713835,1.5
1777384925.3521826,tb1,0.026946125711760447,1.5
1777384925.365941,tb7,-0.18,-1.3815491907126025
1777384925.3736708,tb3,0.04179423000020472,1.5
1777384925.4023182,tb1,0.026953844234582573,1.5
1777384925.4157975,tb7,-0.18,-1.3815265549079883
1777384925.42366,tb3,0.041821720792231336,1.5
1777384925.4522324,tb1,0.02695903531090632,1.5
1777384925.4657803,tb7,-0.18,-1.3814243502097772
1777384925.4735932,tb3,0.04178543918282664,1.5
1777384925.5022962,tb1,0.026939595107936858,1.5
1777384925.5159023,tb7,-0.18,-1.3817941643630065
1777384925.5236206,tb3,0.04181871332086205,1.5
1777384925.5522153,tb1,0.026952702701515483,1.5
1777384925.5659177,tb7,-0.18,-1.3814586320357474
1777384925.5737648,tb3,0.041846118299598806,1.5000000000000002
1777384925.6023607,tb1,0.02696386312226912,1.5
1777384925.6158853,tb7,-0.18,-1.3813756803551263
1777384925.6235847,tb3,0.04179129946385281,1.5
1777384925.6523623,tb1,0.02694712887259707,1.5
1777384925.665903,tb7,-0.18,-1.4252523666664156
1777384925.6737137,tb3,0.04184585532043081,1.5
1777384925.7023165,tb1,0.0269607371945334,1.5
1777384925.7157886,tb7,-0.18,-1.4251978917672299
1777384925.7235906,tb3,0.04182484569287646,1.5
1777384925.7522953,tb1,0.02695015749702799,1.5
1777384925.7658873,tb7,-0.18,-1.424894324226769
1777384925.7736838,tb3,0.041834072957929985,1.5000000000000002
1777384925.8023288,tb1,0.02695809162741857,1.5
1777384925.8158617,tb7,-0.18,-1.425078558796562
1777384925.8237417,tb3,0.04180985056521243,1.5
1777384925.8521845,tb1,0.02696135633703374,1.5
1777384925.8658605,tb7,-0.18,-1.4251436463532483
1777384925.8735723,tb3,0.04184067479151019,1.5
1777384925.9022815,tb1,0.026958657617360476,1.5
1777384925.9158,tb7,-0.18,-1.4248588635619426
1777384925.9236884,tb3,0.04181348708024527,1.5
1777384925.9524426,tb1,0.026958440300454734,1.5
1777384925.9658966,tb7,-0.18,-1.42506088996087
1777384925.973601,tb3,0.041823701881990916,1.5
1777384926.0023494,tb1,0.026961472425151074,1.5
1777384926.0158994,tb7,-0.18,-1.4248042276165962
1777384926.0235987,tb3,0.041813925757607964,1.5
1777384926.0522857,tb1,0.026947640731568922,1.5
1777384926.065704,tb7,-0.18,-1.4252068470491526
1777384926.075477,tb3,0.04184581470395541,1.5
1777384926.102235,tb1,0.02696066873064497,1.5000000000000002
1777384926.115735,tb7,-0.18,-1.4252166766758025
1777384926.1235998,tb3,0.04179471737553164,1.5
1777384926.152272,tb1,0.026961675389078395,1.5
1777384926.1657753,tb7,-0.18,-1.4248473185438177
1777384926.1737423,tb3,0.041842786666226574,1.5
1777384926.2022145,tb1,0.026961832381546317,1.5
1777384926.2158983,tb7,-0.18,-1.4250158881936335
1777384926.2235696,tb3,0.04179504563188461,1.5
1777384926.2522094,tb1,0.026937120356563114,1.5
1777384926.2659018,tb7,-0.18,-1.4666998952522297
1777384926.2736337,tb3,0.04181940992919956,1.5
1777384926.3022745,tb1,0.02697379394561245,1.5
1777384926.3159778,tb7,-0.18,-1.4665488210890019
1777384926.3236642,tb3,0.04182341859658365,1.5
1777384926.3522093,tb1,0.0269670516018933,1.5
1777384926.3660862,tb7,-0.18,-1.4667749335286404
1777384926.3736806,tb3,0.04184912466107154,1.5
1777384926.40225,tb1,0.02697582363613414,1.5
1777384926.4158046,tb7,-0.18,-1.466786066711995
1777384926.4235146,tb3,0.04183234366734822,1.5
1777384926.452265,tb1,0.026962055875296317,1.5
1777384926.4658842,tb7,-0.18,-1.4663457040110839
1777384926.473598,tb3,0.04180494549861974,1.5
1777384926.503387,tb1,0.02698181914359082,1.5
1777384926.515896,tb7,-0.18,-1.4661559342390003
1777384926.5236723,tb3,0.04179361535862771,1.5
1777384926.5521855,tb1,0.026955966666176223,1.5
1777384926.5658486,tb7,-0.18,-1.466397160241337
1777384926.573746,tb3,0.04182103834334678,1.5
1777384926.602275,tb1,0.026956710274108505,1.5
1777384926.615795,tb7,-0.18,-1.4666886675972546
1777384926.6236813,tb3,0.0417878891944658,1.5
1777384926.6522324,tb1,0.026966049350939617,1.5
1777384926.6659431,tb7,-0.18,-1.4662338814699376
1777384926.6738393,tb3,0.04181082597774744,1.5
1777384926.7022054,tb1,0.0269641866342963,1.5
1777384926.7159202,tb7,-0.18,-1.4663312690505987
1777384926.7236857,tb3,0.041834240124954965,1.5
1777384926.7521784,tb1,0.026970094241219683,1.5
1777384926.7658954,tb7,-0.17883290060366225,-1.5
1777384926.7737215,tb3,0.041822850816149705,1.5
1777384926.8022547,tb1,0.026976124161117956,1.5000000000000002
1777384926.8159735,tb7,-0.17885585291032122,-1.5
1777384926.8237295,tb3,0.04179684264967462,1.5
1777384926.8522577,tb1,0.026979964931612286,1.5
1777384926.8658059,tb7,-0.17886803663954623,-1.5
1777384926.8736706,tb3,0.04181891935903297,1.5
1777384926.9023108,tb1,0.026977092589156662,1.4999999999999998
1777384926.9158843,tb7,-0.17885058259234934,-1.5
1777384926.923632,tb3,0.041821524157380295,1.5
1777384926.9522455,tb1,0.026986409001508994,1.5
1777384926.9657707,tb7,-0.17882681885835708,-1.5
1777384926.9737124,tb3,0.04181738214315604,1.5
1777384927.002413,tb1,0.026987849939911907,1.5
1777384927.0157518,tb7,-0.17891914728785205,-1.5
1777384927.0237432,tb3,0.04181761502020228,1.5000000000000002
1777384927.0522897,tb1,0.026990637611033125,1.4999999999999998
1777384927.0659156,tb7,-0.17886015486765228,-1.5
1777384927.073698,tb3,0.041836573991397286,1.5
1777384927.102334,tb1,0.026954735203462084,1.5
1777384927.1159139,tb7,-0.17885169035719908,-1.5
1777384927.1236475,tb3,0.0418239001642119,1.5
1777384927.152322,tb1,0.02699189663901068,1.5
1777384927.1658895,tb7,-0.1788265385289793,-1.5
1777384927.1737006,tb3,0.04186532255126056,1.5
1777384927.2022667,tb1,0.02697820630982424,1.5
1777384927.2158456,tb7,-0.1788449952044285,-1.5
1777384927.2236285,tb3,0.041823308188275454,1.5
1777384927.2523272,tb1,0.026989766693303007,1.5
1777384927.2657342,tb7,-0.17882367399415364,-1.5
1777384927.2737086,tb3,0.04184366018068354,1.5000000000000002
1777384927.3023255,tb1,0.02699055553892709,1.5
1777384927.315809,tb7,-0.17877487631891914,-1.5
1777384927.3236492,tb3,0.04182650280629957,1.5000000000000002
1777384927.352271,tb1,0.026980958023690278,1.5
1777384927.365779,tb7,-0.16767303529113572,-1.5
1777384927.3735545,tb3,0.04185715217041334,1.5000000000000002
1777384927.4022691,tb1,0.026957122681943453,1.5
1777384927.415954,tb7,-0.16766282766364912,-1.5
1777384927.4237664,tb3,0.04181726179133326,1.5
1777384927.452272,tb1,0.02695877972330746,1.5
1777384927.4658973,tb7,-0.16772727599507622,-1.5
1777384927.4740226,tb3,0.041817668691177805,1.5
1777384927.5022655,tb1,0.026968737279123314,1.5
1777384927.5157657,tb7,-0.16779937281995305,-1.5
1777384927.523744,tb3,0.041822729303459844,1.5
1777384927.5523088,tb1,0.026957133158123876,1.5
1777384927.5659163,tb7,-0.17043914921828515,-1.5
1777384927.5736816,tb3,0.04184521071382672,1.5000000000000002
1777384927.602318,tb1,0.02697529604962137,1.5000000000000002
1777384927.6159718,tb7,-0.17036720233505,-1.5
1777384927.6522415,tb1,0.02697007716622943,1.5000000000000002
1777384927.6659894,tb7,-0.17039000887256178,-1.5
1777384927.7023194,tb1,0.026961532624665174,1.5
1777384927.7158487,tb7,-0.17038282507246036,-1.5
1777384927.7523406,tb1,0.02694731524959963,1.5
1777384927.7658725,tb7,-0.17035296117121718,-1.5
1777384927.8023129,tb1,0.026949115318983228,1.5
1777384927.8158853,tb7,-0.17034515732423908,-1.5
1777384927.852187,tb1,0.026944638151409062,1.5
1777384927.865996,tb7,-0.17034675666166482,-1.5
1777384927.902262,tb1,0.02695398922567448,1.5
1777384927.9158971,tb7,-0.17038388121780668,-1.5
1777384927.9523191,tb1,0.026955423800919108,1.5
1777384927.9659016,tb7,-0.1703544913060707,-1.5
1777384928.0022495,tb1,0.02697652545866903,1.5
1777384928.0159547,tb7,-0.17034995002602968,-1.5
1777384928.052171,tb1,0.02697462344463666,1.5
1777384928.0659592,tb7,-0.1676123863258783,-1.5
1777384928.1023319,tb1,0.026956912553434065,1.5
1777384928.1158485,tb7,-0.16273115582806497,-1.5
1777384928.152253,tb1,0.02695133964577271,1.5
1777384928.1657605,tb7,-0.16160263226618796,-1.5
1777384928.2022645,tb1,0.026981448361196557,1.4999999999999998
1777384928.2157557,tb7,-0.15887727843395577,-1.5
1777384928.2522583,tb1,0.026974956322349544,1.5000000000000002
1777384928.2660215,tb7,-0.15520709113585449,-1.5
1777384928.3022313,tb1,0.026970826281597315,1.4999999999999998
1777384928.3158145,tb7,-0.15145388318057793,-1.5
1777384928.3522522,tb1,0.026969542698991014,1.5
1777384928.3660321,tb7,-0.14943751905290986,-1.5
1777384928.4022207,tb1,0.02697240075743838,1.5
1777384928.4157832,tb7,-0.14658576793751069,-1.5
1777384928.4522288,tb1,0.026960767157936407,1.5
1777384928.4657018,tb7,-0.14415767159713688,-1.5
1777384928.5022054,tb1,0.02694747009270308,1.5
1777384928.5157874,tb7,-0.14084856926995973,-1.5
1777384928.5522008,tb1,0.026975124418148963,1.4999999999999998
1777384928.5657737,tb7,-0.1381795996865556,-1.5
1777384928.602202,tb1,0.026954749177893197,1.5
1777384928.6157873,tb7,-0.13828229808473663,-1.5
1777384928.652238,tb1,0.026976993969179682,1.5
1777384928.6659055,tb7,-0.13875362187145374,-1.5
1777384928.7022502,tb1,0.02694925988148092,1.4999999999999998
1777384928.7162328,tb7,-0.1365635067314622,-1.5
1777384928.7522314,tb1,0.026971070404535467,1.4999999999999998
1777384928.7658937,tb7,-0.13478423843985463,-1.5
1777384928.802276,tb1,0.02695728646913563,1.5
1777384928.8159745,tb7,-0.13272937520150746,-1.5
1777384928.8522627,tb1,0.026960494050797344,1.5
1777384928.8658059,tb7,-0.13046013463430842,-1.5
1777384928.9022753,tb1,0.02695606740080807,1.5
1777384928.9158657,tb7,-0.12845347557402137,-1.5
1777384928.9522717,tb1,0.026974898557282124,1.5
1777384928.9659727,tb7,-0.126972718679487,-1.5
1777384929.002192,tb1,0.02695552753083193,1.5
1777384929.016011,tb7,-0.1260975657884025,-1.5
1777384929.0522451,tb1,0.02696966786851371,1.5
1777384929.0658498,tb7,-0.12504654505095136,-1.5
1777384929.102279,tb1,0.02660779899880865,1.5
1777384929.11583,tb7,-0.12388545167839535,-1.5
1777384929.152266,tb1,0.026991706441873688,1.5
1777384929.165775,tb7,-0.12290310751078615,-1.5
1777384929.2022574,tb1,0.026986226201481424,1.5
1777384929.215949,tb7,-0.12128720008683261,-1.5
1777384929.2522523,tb1,0.026974697800493556,1.5
1777384929.265753,tb7,-0.11921172180068683,-1.5
1777384929.3022206,tb1,0.02605343602735014,1.5
1777384929.3157291,tb7,-0.11878657389149223,-1.5
1777384929.3522089,tb1,0.02698704907305337,1.5
1777384929.3658,tb7,-0.11847195404832682,-1.5
1777384929.4022868,tb1,0.02697870849038796,1.5
1777384929.4157338,tb7,-0.11803790274738622,-1.5
1777384929.4522486,tb1,0.026986126624159473,1.4999999999999998
1777384929.4657462,tb7,-0.11830235025305992,-1.5
1777384929.5022662,tb1,0.026516202486663032,1.5
1777384929.5157945,tb7,-0.118331299254782,-1.5
1777384929.5236855,tb3,0.04180723582300938,1.5
1777384929.5522513,tb1,0.026975933364578535,1.4999999999999998
1777384929.565801,tb7,-0.11841094793500967,-1.5
1777384929.5737882,tb3,0.04181007652944706,1.5
1777384929.6022341,tb1,0.026989662650280147,1.5
1777384929.615861,tb7,-0.11839550941101865,-1.5
1777384929.623654,tb3,0.04182924728648528,1.5
1777384929.6523354,tb1,0.026975509889476588,1.5
1777384929.665869,tb7,-0.11838235415682569,-1.5
1777384929.6739264,tb3,0.041861108015263125,1.5
1777384929.7022827,tb1,0.026573559218838368,1.4999999999999998
1777384929.715811,tb7,-0.1183612923948601,-1.5
1777384929.7236967,tb3,0.041847747469924035,1.5
1777384929.7521684,tb1,0.026981134556219307,1.5
1777384929.7659085,tb7,-0.11838241173934828,-1.5
1777384929.7736983,tb3,0.04181615438996595,1.5
1777384929.8023248,tb1,0.026981415045937457,1.5
1777384929.8158364,tb7,-0.11845718208781963,-1.5
1777384929.8235815,tb3,0.04181496205714673,1.5
1777384929.8522313,tb1,0.02697818647061741,1.5
1777384929.865997,tb7,-0.11850262205982359,-1.5
1777384929.8736308,tb3,0.041872546505524674,1.5
1777384929.9023595,tb1,0.026431243636030412,1.5000000000000002
1777384929.915939,tb7,-0.11840967983223936,-1.5
1777384929.923692,tb3,0.041844937586700624,1.4999999999999998
1777384929.952268,tb1,0.026983742299563906,1.5
1777384929.9659705,tb7,-0.12727312212022945,-1.5
1777384929.9735842,tb3,0.04182814592494897,1.5
1777384930.0022535,tb1,0.026968135255044805,1.5
1777384930.0158556,tb7,-0.12730478942920845,-1.5
1777384930.023583,tb3,0.041818872389865,1.5
1777384930.0523283,tb1,0.026981704053206036,1.5
1777384930.0659046,tb7,-0.12733925641495994,-1.5
1777384930.073705,tb3,0.04185188030909147,1.5
1777384930.1022437,tb1,0.026954287433907653,1.5000000000000002
1777384930.1158981,tb7,-0.12740336486647671,-1.5
1777384930.1235418,tb3,0.041849319541588034,1.5
1777384930.1523046,tb1,0.026976335907229625,1.5000000000000002
1777384930.1660202,tb7,-0.12735416888889747,-1.5
1777384930.173786,tb3,0.04182888277385691,1.5
1777384930.2024322,tb1,0.026967872897582738,1.5
1777384930.215918,tb7,-0.1273076328097211,-1.5
1777384930.2236235,tb3,0.04180593114550549,1.5000000000000002
1777384930.252323,tb1,0.026945588715044634,1.5
1777384930.2659857,tb7,-0.12729267910099426,-1.5
1777384930.2738564,tb3,0.04183893643048672,1.5
1777384930.3024096,tb1,0.026949981668863587,1.5
1777384930.3160622,tb7,-0.12730474821972576,-1.5
1777384930.3235996,tb3,0.04184937855461595,1.5
1777384930.3523157,tb1,0.026983120291797152,1.5
1777384930.3659942,tb7,-0.12730749726877436,-1.5
1777384930.3737705,tb3,0.04183437855737859,1.5
1777384930.4022615,tb1,0.026984004899122227,1.5
1777384930.4160392,tb7,-0.12731120663264311,-1.5
1777384930.4235919,tb3,0.04182999841844466,1.5
1777384930.4524107,tb1,0.02695729227443134,1.5
1777384930.465853,tb7,-0.12734944355971656,-1.5
1777384930.4735177,tb3,0.04184424947536665,1.5
1777384930.5024052,tb1,0.026948383191353512,1.5
1777384930.5159159,tb7,-0.12739167704225438,-1.5
1777384930.52378,tb3,0.04186334891711476,1.5
1777384930.552182,tb1,0.02696518265181627,1.5
1777384930.5658276,tb7,-0.1273886600150816,-1.5
1777384930.573857,tb3,0.04172680330641709,1.5
1777384930.6023226,tb1,0.026975030955438625,1.4999999999999998
1777384930.6157525,tb7,-0.12739274852324667,-1.5
1777384930.6237433,tb3,0.041812941916724126,1.5
1777384930.65227,tb1,0.026976607225041777,1.5
1777384930.6658852,tb7,-0.12741499357459868,-1.5
1777384930.6736357,tb3,0.04190918719019836,1.5
1777384930.7022388,tb1,0.026975878418669212,1.5
1777384930.7159321,tb7,-0.12736058207894602,-1.5
1777384930.7236662,tb3,0.041820696980696334,1.5
1777384930.7521415,tb1,0.026983819519532097,1.4999999999999998
1777384930.765838,tb7,-0.12736585388737967,-1.5
1777384930.773707,tb3,0.04172052796280049,1.5
1777384930.8023074,tb1,0.02699514611705152,1.5
1777384930.8158083,tb7,-0.1273125004583919,-1.5
1777384930.8237677,tb3,0.04182242432763396,1.4999999999999998
1777384930.852247,tb1,0.026990743728401944,1.5
1777384930.8657546,tb7,-0.12731212244339887,-1.5
1777384930.87356,tb3,0.04189019006988277,1.5
1777384930.9023373,tb1,0.026980097865365312,1.5
1777384930.9159803,tb7,-0.12732114803166517,-1.5
1777384930.9237494,tb3,0.041845922477733305,1.5
1777384930.952333,tb1,0.02700985599603608,1.5
1777384930.9659994,tb7,-0.12729579072482813,-1.5
1777384930.9738224,tb3,0.041703652331850534,1.5
1777384931.002347,tb1,0.027010337668869414,1.5
1777384931.0158815,tb7,-0.12728376614356718,-1.5
1777384931.0236795,tb3,0.041822765542376225,1.4999999999999998
1777384931.0523179,tb1,0.026993983027830883,1.5
1777384931.0657477,tb7,-0.1272787881177623,-1.5
1777384931.0737772,tb3,0.04192595648353623,1.5
1777384931.102266,tb1,0.026982880875036423,1.5
1777384931.1158922,tb7,-0.1272924204686172,-1.5
1777384931.1236475,tb3,0.04185549978935368,1.5
1777384931.1523013,tb1,0.02697948986741444,1.5
1777384931.1658654,tb7,-0.12728396436354172,-1.5
1777384931.1737041,tb3,0.041750243396366064,1.5
1777384931.2022643,tb1,0.026998834902219396,1.5
1777384931.215946,tb7,-0.12728251506480662,-1.5
1777384931.223575,tb3,0.041790779696305666,1.5
1777384931.2522733,tb1,0.02699438394127318,1.5
1777384931.2657974,tb7,-0.1272914622038346,-1.5
1777384931.2736359,tb3,0.041910521764099797,1.5
1777384931.3022552,tb1,0.02698561854733687,1.5
1777384931.3157823,tb7,-0.12728819902519972,-1.5
1777384931.3236449,tb3,0.04185266969418355,1.5
1777384931.35232,tb1,0.02697111799749841,1.5
1777384931.365734,tb7,-0.12728255530107352,-1.5
1777384931.3735712,tb3,0.041755595783643094,1.5000000000000002
1777384931.4023988,tb1,0.02699295148697368,1.5
1777384931.415898,tb7,-0.12727914365875165,-1.5
1777384931.423522,tb3,0.041792545018797235,1.5
1777384931.4522305,tb1,0.02697761006396237,1.5000000000000002
1777384931.4659462,tb7,-0.12730391129502505,-1.5
1777384931.4735634,tb3,0.04183187854633511,1.5
1777384931.5023308,tb1,0.026992563166087714,1.5
1777384931.5159013,tb7,-0.12728971644422438,-1.5
1777384931.5235732,tb3,0.041851300068715194,1.5000000000000002
1777384931.552304,tb1,0.026991855046427597,1.5
1777384931.5658445,tb7,-0.12728036201996687,-1.5
1777384931.573545,tb3,0.04178032680062543,1.5
1777384931.60233,tb1,0.026989489382148353,1.5
1777384931.615875,tb7,-0.12729613376084248,-1.5
1777384931.6235313,tb3,0.0418286430135621,1.5
1777384931.6523387,tb1,0.02700725343439219,1.5
1777384931.6659377,tb7,-0.12730006918333525,-1.5
1777384931.6735165,tb3,0.04194534507646597,1.5
1777384931.7024229,tb1,0.02698211773934178,1.5
1777384931.7158623,tb7,-0.12729505656775586,-1.5
1777384931.7235963,tb3,0.04183570279256707,1.5
1777384931.752203,tb1,0.026981731554886104,1.5
1777384931.76588,tb7,-0.12728970245814097,-1.5
1777384931.7737467,tb3,0.04177191782680404,1.4999999999999998
1777384931.8023221,tb1,0.026992258143400123,1.5
1777384931.8157716,tb7,-0.127305384442398,-1.5
1777384931.8237581,tb3,0.0418063756022553,1.5
1777384931.8523476,tb1,0.02697734419392398,1.5
1777384931.8657994,tb7,-0.12729772981940876,-1.5
1777384931.8737383,tb3,0.041905654827002044,1.5
1777384931.9022565,tb1,0.02698269310069113,1.5
1777384931.9159608,tb7,-0.12729758300764865,-1.5
1777384931.9237754,tb3,0.04186335656609571,1.5
1777384931.9522414,tb1,0.026970563101678714,1.5
1777384931.9658966,tb7,-0.12730182053799655,-1.5
1777384931.9737544,tb3,0.041812953763370735,1.5
1777384932.0024023,tb1,0.02696683368405115,1.5000000000000002
1777384932.015906,tb7,-0.12729239073169096,-1.5
1777384932.0237513,tb3,0.041789750785281334,1.5000000000000002
1777384932.052277,tb1,0.026973413807843263,1.5
1777384932.0658958,tb7,-0.1272909049375762,-1.5
1777384932.0738254,tb3,0.041801608184303486,1.5
1777384932.1024086,tb1,0.026959719775123576,1.5000000000000002
1777384932.1157992,tb7,-0.1273079544934247,-1.5
1777384932.123738,tb3,0.04181994485152936,1.5
1777384932.1523683,tb1,0.026979273975963336,1.5
1777384932.1658986,tb7,-0.12729928510364838,-1.5
1777384932.173863,tb3,0.04181866419849609,1.5
1777384932.2021766,tb1,0.02696453478084613,1.5
1777384932.2159324,tb7,-0.12728600703099402,-1.5
1777384932.223771,tb3,0.04179972251907587,1.5
1777384932.2522957,tb1,0.026962629166512146,1.5
1777384932.265968,tb7,-0.1272796044129096,-1.5
1777384932.2736266,tb3,0.04180552265877848,1.5
1777384932.3023107,tb1,0.026978358015595505,1.5
1777384932.3158224,tb7,-0.12729348423179623,-1.5
1777384932.3237722,tb3,0.04185946018668052,1.5
1777384932.3522742,tb1,0.02696348749969257,1.5
1777384932.365867,tb7,-0.12729513966940648,-1.5
1777384932.3737612,tb3,0.04184858288886231,1.5
1777384932.402169,tb1,0.02697164747076676,1.5
1777384932.4158893,tb7,-0.12729130991883908,-1.5
1777384932.4235816,tb3,0.041844233845156016,1.5
1777384932.4522116,tb1,0.02694125171217219,1.5
1777384932.465912,tb7,-0.12729511543280433,-1.5
1777384932.473718,tb3,0.04182954350830718,1.5
1777384932.5021877,tb1,0.026974278969793767,1.5
1777384932.515783,tb7,-0.12729554976499072,-1.5
1777384932.523571,tb3,0.04185076581010082,1.5
1777384932.5522306,tb1,0.026957066118409295,1.5
1777384932.5657628,tb7,-0.12728875176589363,-1.5
1777384932.5735776,tb3,0.0418684360198076,1.5
1777384932.6021993,tb1,0.026975172645148364,1.5
1777384932.6157548,tb7,-0.1272996704164283,-1.5
1777384932.6237757,tb3,0.04181678678664725,1.5
1777384932.6522517,tb1,0.026956297617109815,1.5
1777384932.6659355,tb7,-0.12730827125074562,-1.5
1777384932.6737158,tb3,0.04183692587480831,1.5
1777384932.7021847,tb1,0.02696565806639405,1.5
1777384932.7160332,tb7,-0.12728781849723264,-1.5
1777384932.7236478,tb3,0.04183814348711757,1.5
1777384932.7521625,tb1,0.026959532475995363,1.5
1777384932.76598,tb7,-0.12731345166308147,-1.5
1777384932.7737844,tb3,0.04182338033821669,1.5
1777384932.8021982,tb1,0.026965560025773893,1.5
1777384932.815895,tb7,-0.12730481085325746,-1.5
1777384932.8235826,tb3,0.04178051975381737,1.5
1777384932.852199,tb1,0.026955111575597428,1.5
1777384932.8658962,tb7,-0.12727989572002005,-1.5
1777384932.8738987,tb3,0.04182334367724055,1.5
1777384932.9022143,tb1,0.02696206326061415,1.5
1777384932.9157689,tb7,-0.12730150068852175,-1.5
1777384932.923805,tb3,0.041842488741006614,1.5
1777384932.9521198,tb1,0.02695488552384062,1.5
1777384932.965816,tb7,-0.12730075103361269,-1.5
1777384932.973769,tb3,0.04185640600227188,1.4999999999999998
1777384933.0024028,tb1,0.02697170597261423,1.5
1777384933.0160246,tb7,-0.12728320787946945,-1.5
1777384933.0240185,tb3,0.041779761521606514,1.5
1777384933.0523932,tb1,0.026959593053726482,1.5
1777384933.0659976,tb7,-0.12727925675227925,-1.5
1777384933.0736885,tb3,0.04180791388412611,1.5
1777384933.1023417,tb1,0.026967306246657767,1.5
1777384933.1159737,tb7,-0.12729636856986726,-1.5
1777384933.123695,tb3,0.041816318904859505,1.5
1777384933.1523883,tb1,0.02696121173572656,1.5
1777384933.1658792,tb7,-0.1272935775732938,-1.5
1777384933.17353,tb3,0.041857175892105296,1.5
1777384933.2022305,tb1,0.026969234395946673,1.5
1777384933.2159147,tb7,-0.12728582188686005,-1.5
1777384933.2236958,tb3,0.04181991072652486,1.5
1777384933.2523024,tb1,0.026963807636039918,1.5
1777384933.265878,tb7,-0.12774804192865433,-1.5
1777384933.2736006,tb3,0.041834099925588446,1.5
1777384933.3023562,tb1,0.02697644092437668,1.5
1777384933.3158145,tb7,-0.1273035457092145,-1.5
1777384933.3237097,tb3,0.04181827090996369,1.5
1777384933.3522687,tb1,0.026959466948845035,1.5
1777384933.3658514,tb7,-0.12728615530336782,-1.5
1777384933.3736484,tb3,0.04186150274238108,1.5
1777384933.4022958,tb1,0.02696424686280486,1.5
1777384933.415803,tb7,-0.12727734428595436,-1.5
1777384933.4237573,tb3,0.041820828295762134,1.4999999999999998
1777384933.452312,tb1,0.027149058668076445,1.5
1777384933.4658918,tb7,-0.1272997111971916,-1.5
1777384933.4736874,tb3,0.041826469973644656,1.5
1777384933.5023575,tb1,0.03097854933522287,1.4999999999999998
1777384933.515856,tb7,-0.12730368836842282,-1.5
1777384933.5246983,tb3,0.04183896162140022,1.5
1777384933.5522623,tb1,0.038152646370208876,1.5
1777384933.5658815,tb7,-0.1272751679693588,-1.5
1777384933.573726,tb3,0.041849744702679006,1.5
1777384933.6023114,tb1,0.047542129223391426,1.5
1777384933.6159208,tb7,-0.12729917730152834,-1.5
1777384933.623604,tb3,0.04183048250979019,1.5000000000000002
1777384933.6522698,tb1,0.058422056024022374,1.5
1777384933.6659005,tb7,-0.1273084647664171,-1.5
1777384933.673747,tb3,0.04179916352218978,1.5
1777384933.7024093,tb1,0.07193461337982024,1.5
1777384933.7157903,tb7,-0.12729127374051893,-1.5
1777384933.7236373,tb3,0.04185319787389585,1.5
1777384933.7523594,tb1,0.08389995019496814,1.5
1777384933.7659218,tb7,-0.1254366090829938,-1.5
1777384933.7737472,tb3,0.04175078419067233,1.5
1777384933.802322,tb1,0.09888214586163724,1.5
1777384933.815914,tb7,-0.12545959686419603,-1.5
1777384933.8237045,tb3,0.041799632333769585,1.5
1777384933.8523932,tb1,0.11340033930147377,1.5
1777384933.865875,tb7,-0.125414166535261,-1.5
1777384933.8737197,tb3,0.04183575333739152,1.5
1777384933.9024243,tb1,0.13124214434532086,1.5
1777384933.9160569,tb7,-0.12541158171158026,-1.5
1777384933.9239101,tb3,0.04184564479571407,1.5
1777384933.952304,tb1,0.15159900990255679,1.5
1777384933.9658234,tb7,-0.12323568248658372,-1.5
1777384933.9738028,tb3,0.04177040544778556,1.5
1777384934.0022633,tb1,0.17482239472508945,1.5
1777384934.0158012,tb7,-0.12324534877012006,-1.5
1777384934.0236816,tb3,0.041827871822748705,1.5
1777384934.052293,tb1,0.18,1.322369273851286
1777384934.0657866,tb7,-0.12322066414572838,-1.5
1777384934.0737278,tb3,0.04180878153850666,1.5
1777384934.102247,tb1,0.18,1.1258380625426236
1777384934.1157498,tb7,-0.1232314407271127,-1.5
1777384934.1237981,tb3,0.04184963784230494,1.5
1777384934.152339,tb1,0.18,0.9539108745029241
1777384934.1657367,tb7,-0.12323309833161364,-1.5
1777384934.1736436,tb3,0.04186276881993712,1.5
1777384934.2023294,tb1,0.18,0.8121884362785996
1777384934.215753,tb7,-0.12323424802951652,-1.5
1777384934.223701,tb3,0.04178368678283868,1.5
1777384934.2523494,tb1,0.18,0.6763287210754229
1777384934.2658856,tb7,-0.11697779598706039,-1.5
1777384934.2736292,tb3,0.041819769491678226,1.5
1777384934.3023057,tb1,0.18,0.5334529298039511
1777384934.3158748,tb7,-0.11699912556314095,-1.5
1777384934.3236,tb3,0.04181357116600787,1.5
1777384934.3522077,tb1,0.18,0.39286065052548075
1777384934.365754,tb7,-0.11367342647422057,-1.5
1777384934.3735735,tb3,0.041844408262508126,1.5
1777384934.4023545,tb1,0.18,0.26322632700798054
1777384934.4160504,tb7,-0.1136751565278114,-1.5
1777384934.423653,tb3,0.04182743143622803,1.5
1777384934.4521904,tb1,0.18,0.1305824597979088
1777384934.465967,tb7,-0.11366570661808467,-1.5
1777384934.4737203,tb3,0.04183651243145922,1.5
1777384934.5023372,tb1,0.18,0.024140763199170846
1777384934.5159636,tb7,-0.11367537686877113,-1.5
1777384934.5237455,tb3,0.04184112762719033,1.5
1777384934.5522444,tb1,0.18,-0.09944767909035827
1777384934.5657744,tb7,-0.10869503640096805,-1.5
1777384934.5737197,tb3,0.042198886405899964,1.5
1777384934.6023262,tb1,0.18,-0.2168510490856499
1777384934.615896,tb7,-0.10870631520154632,-1.5
1777384934.6236317,tb3,0.04654827856953508,1.5
1777384934.6523287,tb1,0.18,-0.35140578554665225
1777384934.6659217,tb7,-0.10869455894801981,-1.5
1777384934.6738749,tb3,0.054742227742097214,1.5
1777384934.7023277,tb1,0.18,-0.48311194202887126
1777384934.7158704,tb7,-0.10869409954702319,-1.5
1777384934.7237387,tb3,0.06582930285658356,1.5
1777384934.7522452,tb1,0.18,-0.6202957470848849
1777384934.7657557,tb7,-0.1008459812362665,-1.5
1777384934.7735925,tb3,0.07918100139538009,1.5
1777384934.8024333,tb1,0.18,-0.7606848082780074
1777384934.815865,tb7,-0.10085646120871666,-1.5
1777384934.8235705,tb3,0.09018080159457158,1.5000000000000002
1777384934.8522184,tb1,0.18,-0.9280126514701752
1777384934.8659184,tb7,-0.10084144701242209,-1.5
1777384934.8737688,tb3,0.10592143136588758,1.5
1777384934.9023502,tb1,0.18,-1.0605263870820538
1777384934.9158552,tb7,-0.10084721875518744,-1.5
1777384934.9236894,tb3,0.12337560246623465,1.5
1777384934.9523003,tb1,0.18,-1.2490135211964388
1777384934.9659,tb7,-0.09700150925953466,-1.5
1777384934.9737473,tb3,0.1424262921985395,1.5
1777384935.00225,tb1,0.18,-1.461379252999601
1777384935.0158334,tb7,-0.09699578433336166,-1.5
1777384935.0235932,tb3,0.16481455703159625,1.5
1777384935.0523179,tb1,0.16002409107377588,-1.5
1777384935.0660162,tb7,-0.09698946292275909,-1.5
1777384935.0737329,tb3,0.18,1.4446427887978517
1777384935.1023254,tb1,0.1398907390427246,-1.5
1777384935.115894,tb7,-0.09700224756868066,-1.5
1777384935.123506,tb3,0.18,1.2440995718836225
1777384935.152321,tb1,0.12214651462173459,-1.5
1777384935.165865,tb7,-0.10896200707539581,-1.5
1777384935.1736987,tb3,0.18,1.0716976080862102
1777384935.2022467,tb1,0.10574739131506333,-1.5
1777384935.215928,tb7,-0.10894306108549144,-1.5
1777384935.2238314,tb3,0.18,1.0021374023950218
1777384935.252316,tb1,0.09129229123407985,-1.5
1777384935.2657533,tb7,-0.10893809014402503,-1.5
1777384935.2737482,tb3,0.18,0.9726972978490603
1777384935.3021936,tb1,0.07752259905507418,-1.5000000000000002
1777384935.3158345,tb7,-0.1089566399159237,-1.5
1777384935.3236437,tb3,0.18,0.9596353761460855
1777384935.3523061,tb1,0.06469496239519068,-1.5
1777384935.3659265,tb7,-0.10587766642970467,-1.5
1777384935.3738441,tb3,0.18,0.9566027303152761
1777384935.4024096,tb1,0.05315086219920532,-1.5
1777384935.4157648,tb7,-0.10588020246649778,-1.5
1777384935.4235911,tb3,0.18,0.9550383156941202
1777384935.4524086,tb1,0.04240954590526912,-1.5
1777384935.4657145,tb7,-0.1058730102228251,-1.5
1777384935.4737236,tb3,0.18,0.9551243402512429
1777384935.5023289,tb1,0.03357838990700245,-1.5000000000000002
1777384935.5159955,tb7,-0.10587305782711864,-1.5
1777384935.5236566,tb3,0.18,0.9532601462495627
1777384935.552251,tb1,0.02492418386591017,-1.5
1777384935.5659633,tb7,-0.10196224395720473,-1.5
1777384935.5737178,tb3,0.18,0.9508125622139485
1777384935.6021807,tb1,0.016875520637570522,-1.5
1777384935.6158905,tb7,-0.10195325248198352,-1.5
1777384935.6236472,tb3,0.18,0.8932310454188784
1777384935.6522658,tb1,0.009173773594688633,-1.5
1777384935.6658757,tb7,-0.1019606896951643,-1.5
1777384935.6737452,tb3,0.18,0.7910585382667277
1777384935.7023149,tb1,0.0015062020384990385,-1.4999999999999998
1777384935.7159615,tb7,-0.10197088692122566,-1.5
1777384935.7237823,tb3,0.18,0.6670197546413296
1777384935.7524018,tb1,-0.0046270915589821816,-1.5
1777384935.7659047,tb7,-0.10635019160842646,-1.5
1777384935.773768,tb3,0.18,0.5307502229693466
1777384935.8022537,tb1,-0.011539587525432283,-1.5000000000000002
1777384935.8159397,tb7,-0.10635165429925589,-1.5
1777384935.8237684,tb3,0.18,0.4045411134288734
1777384935.8523254,tb1,-0.019021758120620937,-1.5
1777384935.8658574,tb7,-0.1063644936427883,-1.5
1777384935.873664,tb3,0.18,0.2709144847758435
1777384935.902288,tb1,-0.024105006759110377,-1.5
1777384935.915797,tb7,-0.10637951282665284,-1.5
1777384935.9237049,tb3,0.18,0.1352804341463472
1777384935.952342,tb1,-0.028096242576315218,-1.5
1777384935.9659805,tb7,-0.10633521930721612,-1.5
1777384935.9737794,tb3,0.18,0.008159234032577666
1777384936.0022578,tb1,-0.03175626115274651,-1.5000000000000002
1777384936.0158584,tb7,-0.10627636615448681,-1.5
1777384936.023599,tb3,0.18,-0.12214821742312384
1777384936.0523236,tb1,-0.035194166330802676,-1.5
1777384936.0659008,tb7,-0.10626450112671222,-1.5
1777384936.073563,tb3,0.18,-0.25242281032922187
1777384936.1022758,tb1,-0.03669757790330712,-1.4999999999999998
1777384936.1157897,tb7,-0.1062349609178978,-1.5
1777384936.123601,tb3,0.18,-0.4007059151859865
1777384936.1521845,tb1,-0.039755160391990806,-1.5
1777384936.1659606,tb7,-0.11180174053942149,-1.5
1777384936.1735945,tb3,0.18,-0.5338596790527035
1777384936.2024214,tb1,-0.0426786890732889,-1.5
1777384936.2158947,tb7,-0.1116786832204678,-1.5
1777384936.2236397,tb3,0.18,-0.6360531529194738
1777384936.2522628,tb1,0.039292786591256595,1.4999999999999998
1777384936.2659235,tb7,-0.11154276393179798,-1.5
1777384936.2740772,tb3,0.18,-0.6840324245210284
1777384936.3021796,tb1,0.040744939244090624,1.5
1777384936.3159244,tb7,-0.11158550391363355,-1.5
1777384936.3236027,tb3,0.18,-0.7069343528826906
1777384936.3522923,tb1,0.04132590352543185,1.5000000000000002
1777384936.3659568,tb7,-0.12013436811748888,-1.5
1777384936.373745,tb3,0.18,-0.7127708818659388
1777384936.4023988,tb1,0.04021791207295089,1.5
1777384936.4159243,tb7,-0.12105540697128943,-1.5
1777384936.423709,tb3,0.18,-0.7138834168190694
1777384936.4523246,tb1,0.03963308210287667,1.5
1777384936.4658585,tb7,-0.12016643398897124,-1.5
1777384936.4737134,tb3,0.18,-0.7138961266763599
1777384936.5023088,tb1,0.03833353831097447,1.5
1777384936.515923,tb7,-0.12018535873639621,-1.5
1777384936.5237517,tb3,0.18,-0.7148937820579642
1777384936.5523093,tb1,0.0370553201217216,1.5
1777384936.5658119,tb7,-0.13136754028234687,-1.5
1777384936.5737092,tb3,0.18,-0.7138048813820572
1777384936.6022992,tb1,0.03549469690272343,1.5
1777384936.6159136,tb7,-0.13179668668852015,-1.5
1777384936.623712,tb3,0.18,-0.7138937674695076
1777384936.6523533,tb1,0.03426519129598078,1.5
1777384936.665945,tb7,-0.1322023223184647,-1.5
1777384936.673603,tb3,0.18,-0.7139472914446228
1777384936.7022116,tb1,0.03301295556916514,1.5
1777384936.7160876,tb7,-0.13267085655756622,-1.5
1777384936.7238443,tb3,0.18,-0.7161832113586677
1777384936.7522552,tb1,0.03192907380134895,1.5
1777384936.7659159,tb7,-0.13792812277280575,-1.5
1777384936.7736642,tb3,0.18,-0.758834061782584
1777384936.8023767,tb1,0.029139605605745862,1.5
1777384936.8159099,tb7,-0.1321938059435879,-1.5
1777384936.8237572,tb3,0.18,-0.8543762490113385
1777384936.852196,tb1,0.021834284162573957,1.5
1777384936.8659017,tb7,-0.11408582342430942,-1.5
1777384936.8737175,tb3,0.18,-0.9756013491885813
1777384936.9023228,tb1,0.01307798006761488,1.5
1777384936.9157825,tb7,-0.09925860913634765,-1.5
1777384936.9235911,tb3,0.18,-1.0778452359419226
1777384936.952169,tb1,-0.010034047965269969,-1.5
1777384936.965724,tb7,-0.11144363644167199,-1.5
1777384936.9735997,tb3,0.18,-1.1738943170313805
1777384937.0022447,tb1,-0.0004081678827743948,-1.5
1777384937.0158863,tb7,-0.08404756359632438,-1.5
1777384937.0236855,tb3,0.18,-1.23752487198622
1777384937.0522854,tb1,0.009908672332128065,-1.4999999999999998
1777384937.065812,tb7,-0.07359520535923991,-1.5
1777384937.073584,tb3,0.18,-1.2962286878291096
1777384937.1023483,tb1,0.021841269774793802,-1.5
1777384937.1158135,tb7,-0.05329304340793679,-1.5
1777384937.1236703,tb3,0.18,-1.3786483491105352
1777384937.1523068,tb1,0.03171141834392481,-1.5
1777384937.1657472,tb7,-0.1424640189414183,-1.5
1777384937.173797,tb3,0.18,-1.438134713022131
1777384937.2023957,tb1,0.043088215429160026,-1.5
1777384937.215986,tb7,-0.10517486880829273,-1.5
1777384937.223681,tb3,0.1793699660084749,-1.5
1777384937.2523577,tb1,0.054751267993589106,-1.5
1777384937.26587,tb7,-0.08114871226552214,-1.5
1777384937.2737122,tb3,0.17062300201037436,-1.5
1777384937.3024256,tb1,0.06697540965117343,-1.5
1777384937.3159728,tb7,-0.057822986182028656,-1.5000000000000002
1777384937.3236406,tb3,0.16293200262250448,-1.5
1777384937.352304,tb1,0.08105007670185634,-1.5
1777384937.365928,tb7,-0.07834634372261179,-1.5
1777384937.3735952,tb3,0.15369316951151749,-1.5
1777384937.4022303,tb1,0.09452554164837698,-1.5
1777384937.4158237,tb7,-0.05157932162263249,-1.4999999999999998
1777384937.4235973,tb3,0.14622585124055293,-1.5
1777384937.4522772,tb1,0.10960762538078644,-1.5
1777384937.4657996,tb7,-0.026395950406769498,-1.5000000000000002
1777384937.473496,tb3,0.14135182093150242,-1.5
1777384937.502314,tb1,0.10824909390841135,-1.5
1777384937.5157316,tb7,-0.003264888367431806,-1.5
1777384937.5237164,tb3,0.13885923760535185,-1.5
1777384937.5523283,tb1,0.10372152513701373,-1.5
1777384937.5658762,tb7,0.02086626455445598,-1.5
1777384937.5737426,tb3,0.13985482187281967,-1.5
1777384937.6022563,tb1,0.09448512806059847,-1.5
1777384937.6159115,tb7,-0.01306817197050328,-1.5000000000000002
1777384937.6237504,tb3,0.1393203805667378,-1.5
1777384937.6523054,tb1,0.08268330313863258,-1.5
1777384937.6657667,tb7,0.015106940369848141,-1.5
1777384937.673582,tb3,0.13763910578867158,-1.5
1777384937.7023323,tb1,0.07167300595590861,-1.5
1777384937.7159028,tb7,0.04197826681204553,-1.5
1777384937.723808,tb3,0.13776857476826568,-1.5
1777384937.7522478,tb1,0.05893032895763729,-1.5
1777384937.7659564,tb7,-0.03111705894109429,-1.5
1777384937.7737625,tb3,0.13656203227776037,-1.5
1777384937.8021655,tb1,0.047131103341596065,-1.5
1777384937.815901,tb7,0.0016943749132404566,-1.5
1777384937.823642,tb3,0.13806590320985493,-1.5
1777384937.852343,tb1,0.03720789190961755,-1.5
1777384937.8659654,tb7,0.028422037295417032,-1.5000000000000002
1777384937.8737206,tb3,0.14230530125813698,-1.5
1777384937.9022648,tb1,0.025486954126078987,-1.5
1777384937.9158108,tb7,0.06318263723038232,-1.5
1777384937.9236765,tb3,0.14693182839077296,-1.5
1777384937.9521658,tb1,0.017326757452539684,-1.5000000000000002
1777384937.9658523,tb7,0.024424010087951736,-1.5
1777384937.9735088,tb3,0.1513965995039007,-1.5
1777384938.002259,tb1,0.0031988551294265337,-1.5
1777384938.015968,tb7,0.06110268880957266,-1.5
1777384938.0236046,tb3,0.15629671624874594,-1.5
1777384938.0523307,tb1,-0.00876490615555606,-1.5
1777384938.0658343,tb7,0.11318312531844286,-1.5
1777384938.073754,tb3,0.1581108365002343,-1.5
1777384938.1022558,tb1,-0.017866552409346075,-1.5
1777384938.1157465,tb7,0.1588698414332386,-1.4999999999999998
1777384938.1236951,tb3,0.16127165995037157,-1.5
1777384938.1522303,tb1,-0.02876817976048307,-1.5
1777384938.165774,tb7,0.18,-0.3826507033850541
1777384938.1737103,tb3,0.16531060227808442,-1.5
1777384938.2022853,tb1,-0.039038333795375475,-1.5
1777384938.2158403,tb7,0.18,-0.17658215859514345
1777384938.223652,tb3,0.1685643119520609,-1.5
1777384938.2523427,tb1,-0.050341157151190835,-1.5
1777384938.2659247,tb7,0.18,0.0184636466709932
1777384938.2735834,tb3,0.17374697494273694,-1.5
1777384938.3022735,tb1,-0.06422909177023384,-1.5
1777384938.315759,tb7,0.18,0.18804333845940557
1777384938.3236501,tb3,0.1799010626607372,-1.5
1777384938.3523395,tb1,-0.075099026256614,-1.5
1777384938.3657503,tb7,0.18,0.11651087948317092
1777384938.3736734,tb3,0.18,-1.4592297918727244
1777384938.4022505,tb1,-0.08552768028691145,-1.5
1777384938.4159436,tb7,0.18,0.2976175291026477
1777384938.4235706,tb3,0.18,-1.4221378040153574
1777384938.4522567,tb1,-0.10799244675428724,-1.5
1777384938.465982,tb7,0.18,0.4913070071730587
1777384938.4742193,tb3,0.18,-1.3782415749823935
1777384938.5023875,tb1,-0.12384804854137485,-1.5
1777384938.5160124,tb7,0.18,0.6544518893642239
1777384938.5237844,tb3,0.18,-1.322707863332185
1777384938.5523345,tb1,-0.14252606279660288,-1.5
1777384938.5659058,tb7,0.18,0.864700314591831
1777384938.573722,tb3,0.18,-1.2518609204399442
1777384938.6021893,tb1,-0.1639466407135218,-1.5
1777384938.6159284,tb7,0.18,1.0264814013990557
1777384938.6237357,tb3,0.18,-1.1960805975217255
1777384938.6523976,tb1,-0.17886189896644913,-1.5
1777384938.6658478,tb7,0.18,1.263517207149223
1777384938.6736314,tb3,0.18,-1.1194768680163898
1777384938.7022731,tb1,-0.1772449763696145,-1.5
1777384938.7158024,tb7,0.18,1.4155444963509842
1777384938.723874,tb3,0.18,-1.067532145358671
1777384938.7522812,tb1,-0.16807799121313746,-1.5
1777384938.7658036,tb7,0.18,0.956148247927849
1777384938.7737727,tb3,0.18,-0.9839696858934971
1777384938.802345,tb1,-0.15137118827857599,-1.5
1777384938.815962,tb7,0.18,1.1813656291307506
1777384938.823892,tb3,0.18,-0.8540185414595681
1777384938.852277,tb1,-0.13422687495490654,-1.5
1777384938.8659563,tb7,0.18,1.442163691283303
1777384938.8737142,tb3,0.18,-0.636881775286803
1777384938.9023297,tb1,-0.11713264251240034,-1.5
1777384938.9159865,tb7,0.15776113348115198,1.5
1777384938.9237719,tb3,0.18,0.1426852852189453
1777384938.9524028,tb1,-0.11081657867952699,-1.5
1777384938.9658568,tb7,0.1324689530132515,1.5
1777384938.9736845,tb3,-0.021454641180105132,1.5
1777384939.002302,tb1,-0.08355580218717541,-1.5
1777384939.0159907,tb7,0.18,1.396044235632256
1777384939.0236459,tb3,-0.17999999999999997,1.0922507573889684
1777384939.052289,tb1,-0.07367106328929159,-1.5
1777384939.0657792,tb7,0.151578208431986,1.5
1777384939.073602,tb3,-0.17999999999999997,0.7943946216296177
1777384939.1023006,tb1,-0.0606433167871589,-1.5
1777384939.115807,tb7,0.13077457877795395,1.5
1777384939.1236749,tb3,-0.18,0.6972698060370268
1777384939.1522193,tb1,-0.04827162639998261,-1.5000000000000002
1777384939.1658688,tb7,0.17999999999999997,1.388933042991876
1777384939.1735892,tb3,-0.18,0.6341492908107408
1777384939.202337,tb1,-0.03691023722210512,-1.4999999999999998
1777384939.2159088,tb7,0.15934806049883687,1.5
1777384939.2235677,tb3,-0.18,0.5809430125619843
1777384939.252249,tb1,-0.02569757193766661,-1.5
1777384939.2657418,tb7,0.12788905273951234,1.5
1777384939.2737422,tb3,-0.18,0.544421024286235
1777384939.302414,tb1,-0.014975898969005271,-1.5
1777384939.3159049,tb7,0.10477693286286152,1.5
1777384939.323785,tb3,-0.18,0.5082361555883238
1777384939.352281,tb1,-0.003238624048761709,-1.5
1777384939.3658025,tb7,0.08327018145148926,1.5
1777384939.373514,tb3,-0.18,0.4659745328814024
1777384939.4023428,tb1,0.007879589497007969,-1.5
1777384939.4158666,tb7,0.18,1.4248344028307391
1777384939.4235964,tb3,-0.18,0.40935863026123737
1777384939.4523535,tb1,0.0218632749183425,-1.5
1777384939.4658053,tb7,0.14894119602244202,1.5
1777384939.4736512,tb3,-0.18,0.34502835124315945
1777384939.5022836,tb1,0.01587770161155193,-1.5
1777384939.5157337,tb7,0.12305729735955681,1.5
1777384939.5235167,tb3,-0.18,0.26370303400958756
1777384939.5522506,tb1,0.003339883906337184,-1.5
1777384939.5657659,tb7,0.107220160972004,1.5
1777384939.5735524,tb3,-0.18,0.2099286455029264
1777384939.6023357,tb1,-0.08569204141618517,-1.5
1777384939.6159258,tb7,0.18,0.34193428300214457
1777384939.6235363,tb3,-0.18,0.129177192378789
1777384939.65243,tb1,-0.10048992108101759,-1.5
1777384939.66594,tb7,0.18,0.42908067398721067
1777384939.673501,tb3,-0.18,0.07230042145142508
1777384939.7023213,tb1,-0.11673330052763485,-1.5
1777384939.715888,tb7,0.18,0.5358927155561897
1777384939.7235172,tb3,-0.18,-0.008562433765605176
1777384939.7523186,tb1,-0.1279858515061848,-1.5
1777384939.7657812,tb7,0.18,0.6137919044512268
1777384939.7735105,tb3,-0.18,-0.05925360639814201
1777384939.8023264,tb1,-0.18,-1.474769283288415
1777384939.8157487,tb7,0.18,0.2951336418799612
1777384939.8235297,tb3,-0.18,-0.12804963156254975
1777384939.852362,tb1,-0.18,-1.3507472336235062
1777384939.8657556,tb7,0.18,0.4342170756449821
1777384939.8745394,tb3,-0.18,-0.1992211318579318
1777384939.9022887,tb1,-0.18,-1.3186157314488
1777384939.9158719,tb7,0.18,0.5763559905667374
1777384939.9235225,tb3,-0.18,-0.2558377154224571
1777384939.952265,tb1,-0.18,-1.238447714549954
1777384939.9658558,tb7,0.18,0.7236678574958183
1777384939.973555,tb3,-0.18,-0.33092373484377924
1777384940.002317,tb1,-0.18000000000000002,-0.9829728448851547
1777384940.0159614,tb7,0.18,0.8822355463833387
1777384940.0237596,tb3,-0.18,-0.39997343796673446
1777384940.052323,tb1,-0.18,-0.891559650640169
1777384940.0658765,tb7,0.18,1.0402853993564285
1777384940.073734,tb3,-0.18,-0.47495817253501754
1777384940.1022663,tb1,-0.18,-0.891559650640169
1777384940.1157832,tb7,0.18,1.221939068090794
1777384940.1237524,tb3,-0.18,-0.5428062532712276
1777384940.1522224,tb1,-0.18,-0.777811268258252
1777384940.1657307,tb7,0.18,1.452713517403012
1777384940.1736827,tb3,-0.18,-0.6172211066356832
1777384940.202309,tb1,-0.18,-0.7076658222181286
1777384940.2157557,tb7,0.1644610769415584,1.5
1777384940.2237117,tb3,-0.18,-0.6929625125377031
1777384940.2522733,tb1,-0.18000000000000002,-0.6857583710523468
1777384940.265902,tb7,0.1422553216483781,1.5
1777384940.2736778,tb3,-0.18,-0.7835117211254816
1777384940.3022656,tb1,-0.18,-0.6635704347273766
1777384940.3157518,tb7,0.12260896440613249,1.5
1777384940.3236053,tb3,-0.18,-0.8839310805157942
1777384940.3522975,tb1,-0.18,-0.6137369429753244
1777384940.3660114,tb7,0.1060800072729045,1.5
1777384940.3735607,tb3,-0.18,-0.9816471119899746
1777384940.402328,tb1,-0.18,-0.6302064067718361
1777384940.4159212,tb7,0.0876190072537906,1.5
1777384940.4238436,tb3,-0.18,-1.1062931754067433
1777384940.4523861,tb1,-0.18,-0.7054345895788698
1777384940.4658682,tb7,0.07579811821915293,1.5
1777384940.4737575,tb3,-0.18,-1.1852346463784897
1777384940.502257,tb1,-0.18,-0.883626435346523
1777384940.5157743,tb7,0.0640334076617508,1.5
1777384940.5236588,tb3,-0.18,-1.2669207074832403
1777384940.5523498,tb1,-0.18000000000000002,-1.2646931639485823
1777384940.5659156,tb7,0.052130731990787486,1.5
1777384940.5737524,tb3,-0.18,-1.3681787489608945
1777384940.6023276,tb1,-0.16414215023115455,-1.5
1777384940.6159074,tb7,0.04031293446359096,1.5
1777384940.623638,tb3,-0.18,-1.4855596726925617
1777384940.652371,tb1,-0.16414215023115455,-1.5
1777384940.6657438,tb7,0.032789225025494084,1.4999999999999998
1777384940.673582,tb3,-0.168531037791541,-1.5
1777384940.7023847,tb1,-0.16414215023115455,-1.5
1777384940.7157838,tb7,0.032006727829711465,1.5
1777384940.7237048,tb3,-0.15294570950042055,-1.5
1777384940.7523031,tb1,-0.16414215023115455,-1.5
1777384940.7657924,tb7,0.03236541841388703,1.5
1777384940.7736754,tb3,-0.14352972720032522,-1.5
1777384940.8023872,tb1,-0.023472583247632826,-1.5
1777384940.8157194,tb7,0.03451614021597133,1.5
1777384940.8236015,tb3,-0.13412538527171752,-1.5
1777384940.852325,tb1,-0.0018984728702625784,-1.5
1777384940.8657343,tb7,0.03814999682246109,1.5
1777384940.8736742,tb3,-0.12503394531227127,-1.5
1777384940.9023223,tb1,0.020524782654847456,-1.5
1777384940.9157312,tb7,0.041783863376770404,1.5000000000000002
1777384940.9236991,tb3,-0.11678483759161144,-1.5
1777384940.9523256,tb1,0.0398911774916851,-1.5
1777384940.965725,tb7,0.04638366825920512,1.5
1777384940.9737864,tb3,-0.10775888929905042,-1.5
1777384941.0023456,tb1,0.058342931059486805,-1.5
1777384941.0160286,tb7,0.05203057296908808,1.5000000000000002
1777384941.0236921,tb3,-0.09920989673863896,-1.5
1777384941.0522282,tb1,0.08052849999249664,-1.5
1777384941.0659094,tb7,0.05733246106046281,1.5
1777384941.073642,tb3,-0.09139870495943936,-1.5
1777384941.1022687,tb1,0.10436266935864341,-1.5
1777384941.1157777,tb7,0.06364140256170782,1.5
1777384941.1235209,tb3,-0.08379169843929557,-1.5
1777384941.152456,tb1,0.124733099400779,-1.5
1777384941.1659198,tb7,0.07098129439478165,1.5
1777384941.1736581,tb3,-0.07688935304344727,-1.5
1777384941.2022605,tb1,0.14563165351782933,-1.5
1777384941.2157822,tb7,0.07836283277844314,1.5
1777384941.2237666,tb3,-0.07026203948956801,-1.5
1777384941.2522578,tb1,0.17539648751461684,-1.5
1777384941.2659104,tb7,0.08394737196009332,1.5
1777384941.2737997,tb3,-0.06493648214056545,-1.4999999999999998
1777384941.3023472,tb1,0.18,-1.2611882560023684
1777384941.3158426,tb7,0.09152213605418369,1.5
1777384941.3237774,tb3,-0.05824210376394238,-1.5
1777384941.352285,tb1,0.18,-1.020879300379562
1777384941.365923,tb7,0.10016903594655185,1.5
1777384941.373743,tb3,-0.05145892009885961,-1.5
1777384941.4024453,tb1,0.18,-0.9137148710557159
1777384941.4159143,tb7,0.10820819767760492,1.5
1777384941.423817,tb3,-0.04574649349187274,-1.5
1777384941.4522946,tb1,0.18,-0.6845176339432342
1777384941.4659767,tb7,0.11413824146337492,1.5
1777384941.4737613,tb3,-0.03905880505469121,-1.5
1777384941.502282,tb1,0.18000000000000002,-0.5479529046483175
1777384941.5157335,tb7,0.12364807303106196,1.5
1777384941.523692,tb3,-0.03417800523353927,-1.5
1777384941.5522943,tb1,0.18,-0.3835964127361326
1777384941.5658188,tb7,0.13441115388529495,1.5
1777384941.5736465,tb3,-0.027935146768129783,-1.4999999999999998
1777384941.602258,tb1,0.18,-0.26749114067174784
1777384941.6158457,tb7,0.14603354036779306,1.5
1777384941.6237345,tb3,-0.018797601515853902,-1.5
1777384941.652293,tb1,0.18,-0.11359027894994801
1777384941.6658611,tb7,0.15575396504672429,1.5
1777384941.673677,tb3,-0.011178534304648383,-1.5
1777384941.7023623,tb1,0.18,0.06005800910770948
1777384941.7157266,tb7,0.16864840848718904,1.5
1777384941.7237117,tb3,0.0008152836910886639,-1.5
1777384941.7522862,tb1,0.17999999999999997,0.2202470525167386
1777384941.765743,tb7,0.18,1.4780806753191005
1777384941.7736888,tb3,0.014084018354494916,-1.5
1777384941.8022833,tb1,0.18,0.36633651031656195
1777384941.8158693,tb7,0.18,1.3726797978163847
1777384941.823576,tb3,0.0277327349169425,-1.5
1777384941.8524733,tb1,0.18,0.5239460329559739
1777384941.8659303,tb7,0.18,1.254034421325299
1777384941.87358,tb3,0.041488471023963774,-1.5
1777384941.9022915,tb1,0.18,0.6898113935942969
1777384941.9157593,tb7,0.18,1.143235050327863
1777384941.9236875,tb3,0.05352243275704793,-1.5
1777384941.952335,tb1,0.18,0.8741814697608608
1777384941.9658368,tb7,0.18,1.046535388590599
1777384941.9737318,tb3,0.06888035759729132,-1.5
1777384942.0023048,tb1,0.17999999999999997,1.0416114554956952
1777384942.01596,tb7,0.18,0.9606756571416815
1777384942.0236948,tb3,0.0864018990728654,-1.5
1777384942.052258,tb1,0.17999999999999997,1.2381674050710416
1777384942.0657945,tb7,0.18,0.8733971045032035
1777384942.073763,tb3,0.10678203262588871,-1.5
1777384942.1023731,tb1,0.18,1.4574824503498145
1777384942.11575,tb7,0.18,0.7888890331876056
1777384942.123767,tb3,0.12592110602021603,-1.5
1777384942.1523166,tb1,0.1589576182446595,1.5
1777384942.165755,tb7,0.18,0.7066298263062842
1777384942.1735818,tb3,0.15256057111533985,-1.5
1777384942.2023258,tb1,0.13869137315452956,1.4999999999999998
1777384942.215742,tb7,0.18,0.6306597531276888
1777384942.2238338,tb3,0.13593579582730012,-1.5
1777384942.252471,tb1,0.11947938144869268,1.5
1777384942.2657418,tb7,0.18,0.5352979193052286
1777384942.273764,tb3,0.12173144497325097,-1.5
1777384942.3022602,tb1,0.10196281048239872,1.5
1777384942.3158948,tb7,0.18,0.41796841756258357
1777384942.323701,tb3,0.059060935702384715,-1.5
1777384942.3522184,tb1,0.0881867891945766,1.5
1777384942.3658223,tb7,0.18,0.2950636959681678
1777384942.3736284,tb3,-0.14696541952576583,-1.5
1777384942.4022202,tb1,0.07117885795004691,1.5
1777384942.4159207,tb7,0.18,0.16854952379579224
1777384942.42365,tb3,-0.17999999999999997,-0.2009312311891852
1777384942.452346,tb1,0.06130233915032123,1.5
1777384942.4659467,tb7,0.18,0.05223853332097493
1777384942.4735906,tb3,-0.18,-0.3886076641450047
1777384942.5022073,tb1,0.05043492498065815,1.5
1777384942.5160024,tb7,0.18,-0.07845133736719155
1777384942.5236936,tb3,-0.18,-0.34163068699119514
1777384942.5522616,tb1,0.0406732224161511,1.5
1777384942.5658517,tb7,0.18,-0.17884974905553508
1777384942.5737717,tb3,-0.18,-0.41311971865076125
1777384942.6022656,tb1,0.02969424619816353,1.5
1777384942.6158817,tb7,0.18,-0.12849689436907893
1777384942.6237562,tb3,-0.18,-1.0550766699492307
1777384942.6523519,tb1,0.026007359199606436,1.5
1777384942.6657946,tb7,0.18,-0.17964364806812286
1777384942.6737802,tb3,-0.18,-1.2837242114038077
1777384942.702295,tb1,0.021755921394165247,1.5
1777384942.715997,tb7,0.18,-0.25532976484447567
1777384942.7236493,tb3,-0.18,-1.4187801845390788
1777384942.7522595,tb1,0.021270022391022225,1.5
1777384942.7658167,tb7,0.18,-0.29934320151823773
1777384942.7737029,tb3,-0.14652809202654524,-1.5
1777384942.8023136,tb1,0.0171007666980347,1.5
1777384942.816062,tb7,0.18,-0.24950621937811598
1777384942.8235776,tb3,-0.11540119703111704,-1.5
1777384942.8523993,tb1,0.016681400273814168,1.5
1777384942.8658936,tb7,0.17999999999999997,-0.38834263613720693
1777384942.8735285,tb3,-0.06846013694013901,-1.5
1777384942.9023159,tb1,0.01565084025761263,1.5
1777384942.9158049,tb7,0.18,-0.5449958987702116
1777384942.9235241,tb3,0.18,-1.2651970639413215
1777384942.9524362,tb1,0.014013528528332316,1.5
1777384942.9658108,tb7,0.18,-0.710743113668943
1777384942.9736276,tb3,0.18,-0.6931311572161477
1777384943.002317,tb1,0.011744652798274422,1.5
1777384943.0158875,tb7,0.18,-0.8033603625358225
1777384943.0236757,tb3,0.18,-0.30999282420353225
1777384943.0523365,tb1,0.011208327189134204,1.5
1777384943.0659008,tb7,0.18,-1.0801956656447191
1777384943.0738325,tb3,0.18,-0.024499612097548678
1777384943.102318,tb1,0.010041869726455011,1.5
1777384943.1158164,tb7,0.18,-1.381065919388822
1777384943.123705,tb3,0.18,0.15342863317092306
1777384943.152309,tb1,0.009864451050705544,1.5
1777384943.1659458,tb7,0.15364579570148465,-1.5
1777384943.173536,tb3,0.18,0.3368769637862008
1777384943.2023096,tb1,0.020791185856675148,1.5
1777384943.2158794,tb7,0.08602113908934685,-1.5
1777384943.22387,tb3,0.18,0.4382881418689177
1777384943.252357,tb1,0.019018300700104122,1.5
1777384943.2674105,tb7,0.07279684482209803,-1.5
1777384943.2736583,tb3,0.18,0.5615759190300036
1777384943.3022451,tb1,0.017872447035324025,1.5
1777384943.3160062,tb7,0.05970842445463497,-1.5
1777384943.3238983,tb3,0.17999999999999997,0.6519941555650862
1777384943.3523397,tb1,0.01488423091941483,1.5
1777384943.3659236,tb7,0.04801279081403898,-1.5
1777384943.3736923,tb3,0.18,0.7433378428403585
1777384943.402324,tb1,0.016708825703946696,1.5
1777384943.4160137,tb7,0.03712245370943105,-1.5
1777384943.4237275,tb3,0.18,0.7386710077122524
1777384943.452321,tb1,0.008166612828031296,1.5
1777384943.465927,tb7,0.02625984328900753,-1.4999999999999998
1777384943.4737031,tb3,0.18,0.8374105637478527
1777384943.5023272,tb1,-0.0006628829739113366,1.5
1777384943.5157545,tb7,0.0157613181092796,-1.5
1777384943.5237453,tb3,0.18,0.9424304790032527
1777384943.5524275,tb1,-0.010938137177772748,1.5
1777384943.5658722,tb7,0.005099205268885515,-1.5
1777384943.5735629,tb3,0.18,1.030367247047546
1777384943.602249,tb1,-0.023179453007628345,1.5
1777384943.61585,tb7,-0.005826219856852592,-1.5
1777384943.6235292,tb3,0.18,1.094210190940882
1777384943.6523218,tb1,-0.028042536898143813,1.5
1777384943.6658251,tb7,-0.013583925307526827,-1.5
1777384943.67359,tb3,0.18,1.2062610285538546
1777384943.7022653,tb1,-0.03984234443492124,1.5
1777384943.7157764,tb7,-0.0213988614512762,-1.5
1777384943.7236464,tb3,0.18,1.3299664810741598
1777384943.7522094,tb1,-0.0512803091170761,1.5
1777384943.7659185,tb7,-0.027812623274646155,-1.5
1777384943.7737308,tb3,0.18,1.4950518234359567
1777384943.8024359,tb1,-0.05503943378527613,1.5
1777384943.8159168,tb7,-0.03327701910367223,-1.5
1777384943.8236973,tb3,0.15919087395498555,1.5
1777384943.8521729,tb1,-0.07132701200170558,1.5
1777384943.8659375,tb7,-0.03741023661478475,-1.5000000000000002
1777384943.873787,tb3,0.14723027052106716,1.5
1777384943.9022481,tb1,-0.08298129021069836,1.5
1777384943.9158082,tb7,-0.04215803678266538,-1.5
1777384943.9237692,tb3,0.13063786918175047,1.5
1777384943.952287,tb1,-0.09587475300836716,1.5
1777384943.965822,tb7,-0.04662066521103591,-1.5
1777384943.9737313,tb3,0.11554323809800354,1.5
1777384944.002275,tb1,-0.10631998213807127,1.5
1777384944.0158963,tb7,-0.05129081884771725,-1.5
1777384944.023705,tb3,0.1004040722179411,1.5
1777384944.0521863,tb1,-0.12058449162152593,1.5
1777384944.0659516,tb7,-0.056525050350496514,-1.5
1777384944.0737615,tb3,0.08605489951487953,1.5
1777384944.1021445,tb1,-0.13536160056444624,1.5
1777384944.1157687,tb7,-0.061377745198604845,-1.5
1777384944.1238115,tb3,0.07302697539948422,1.5
1777384944.1522105,tb1,-0.15113770822165387,1.5000000000000002
1777384944.1659439,tb7,-0.0657729593733664,-1.5
1777384944.1736057,tb3,0.059915088326116674,1.5
1777384944.2021863,tb1,-0.16765049146299668,1.5
1777384944.2159724,tb7,-0.07097312970362579,-1.5
1777384944.2237282,tb3,0.04795075104123238,1.5
1777384944.2522643,tb1,-0.18,1.4346462633418187
1777384944.265968,tb7,-0.07637320432595733,-1.5
1777384944.273816,tb3,0.036814009260375036,1.5
1777384944.3022625,tb1,-0.18,1.2897689593937347
1777384944.3160906,tb7,-0.0816049697986287,-1.5
1777384944.3236914,tb3,0.027117170753433572,1.5
1777384944.3522887,tb1,-0.18,1.1595169889700552
1777384944.365903,tb7,-0.08653893882041792,-1.5
1777384944.3737636,tb3,0.016088033682085914,1.5000000000000002
1777384944.4023066,tb1,-0.18000000000000002,1.0378161867340419
1777384944.4159312,tb7,-0.09234415295567358,-1.5
1777384944.4237027,tb3,0.005244990149968341,1.5
1777384944.4522817,tb1,-0.18000000000000002,1.0151390732357655
1777384944.465952,tb7,-0.09755388221215723,-1.5
1777384944.4736705,tb3,-0.006192064775398614,1.5
1777384944.5023127,tb1,-0.18000000000000002,1.0151390732357655
1777384944.5158963,tb7,-0.10192773338736931,-1.5
1777384944.5236073,tb3,-0.015424589298930959,1.5
1777384944.552317,tb1,-0.18,0.6746273785274723
1777384944.5659041,tb7,-0.10756862304944652,-1.5
1777384944.5737255,tb3,-0.026812691373302545,1.5
1777384944.6022537,tb1,-0.18,0.578967304810138
1777384944.6159148,tb7,-0.11448658149571962,-1.5
1777384944.623716,tb3,-0.03800208959916473,1.5000000000000002
1777384944.6522794,tb1,-0.18,0.489472802086886
1777384944.666818,tb7,-0.12118751740998607,-1.5
1777384944.6736665,tb3,-0.048433936808952874,1.5
1777384944.702299,tb1,-0.18,0.43305774677881614
1777384944.7157922,tb7,-0.1281349626911972,-1.5
1777384944.7237496,tb3,-0.059704323709640246,1.5
1777384944.7523265,tb1,-0.18,0.40596484998271753
1777384944.7659497,tb7,-0.12862706718296435,-1.5
1777384944.7737486,tb3,-0.07237626235419035,1.5
1777384944.802331,tb1,-0.18,0.3978542213117
1777384944.815891,tb7,-0.12052545480568876,-1.5
1777384944.823732,tb3,-0.08565286398672556,1.5
1777384944.8523326,tb1,-0.18,0.42549717084455824
1777384944.865907,tb7,-0.1080994625266397,-1.5
1777384944.8737354,tb3,-0.10118876822282111,1.5
1777384944.9022994,tb1,-0.18,0.46738065241769783
1777384944.9159093,tb7,-0.09359719672518163,-1.5
1777384944.9237068,tb3,-0.11575619576818613,1.5
1777384944.952347,tb1,-0.18,0.5264001907844879
1777384944.9659162,tb7,-0.08108185092194971,-1.5
1777384944.973539,tb3,-0.13256997823545755,1.5
1777384945.0023203,tb1,-0.18,0.5101840311016208
1777384945.01592,tb7,-0.06806851791104467,-1.5
1777384945.0236921,tb3,-0.1511186798940785,1.5
1777384945.0523686,tb1,-0.18,0.5124877613096029
1777384945.0659056,tb7,-0.05779205918712142,-1.5
1777384945.0736802,tb3,-0.17379486414384981,1.5
1777384945.1022382,tb1,-0.18,0.5780558026347271
1777384945.115851,tb7,-0.04601257455981007,-1.4999999999999998
1777384945.1237402,tb3,-0.18,1.349270128429579
1777384945.152363,tb1,-0.18,0.6941776084201801
1777384945.165824,tb7,-0.034569788735553754,-1.5
1777384945.173786,tb3,-0.18,1.1618375006046606
1777384945.2023287,tb1,-0.18,0.7799100104131581
1777384945.2157755,tb7,-0.023572612654862764,-1.5
1777384945.2237206,tb3,-0.18,0.9851877733838628
1777384945.2523234,tb1,-0.18,0.8632971239683538
1777384945.2659106,tb7,-0.012630815483840168,-1.5
1777384945.2737887,tb3,-0.18,0.847836843191793
1777384945.3022962,tb1,-0.18,0.9705525765252576
1777384945.3158135,tb7,-0.00015957127920012586,-1.5
1777384945.323545,tb3,-0.18,0.6666228238822915
1777384945.352208,tb1,-0.18,1.0818387086050856
1777384945.3659186,tb7,0.006698474000966401,-1.5
1777384945.3735733,tb3,-0.18,0.5473370383950656
1777384945.4023306,tb1,-0.18,1.1234494651395361
1777384945.415899,tb7,0.017618407072433187,-1.5
1777384945.4237533,tb3,-0.18,0.4105610897510258
1777384945.4523451,tb1,-0.18000000000000002,1.2477784827151548
1777384945.465735,tb7,0.02718720025314393,-1.5
1777384945.4736927,tb3,-0.18,0.27843425255441195
1777384945.5023909,tb1,-0.18,1.3842697426413022
1777384945.515975,tb7,0.03877719443023447,-1.5
1777384945.5238001,tb3,-0.18,0.14888731632972882
1777384945.5523338,tb1,-0.17635712338506254,1.5
1777384945.5659623,tb7,0.050114701647235485,-1.5
1777384945.5737667,tb3,-0.18,0.02163862567871814
1777384945.6022024,tb1,-0.17064802489048767,1.5
1777384945.615982,tb7,0.06296166853440158,-1.5
1777384945.6236618,tb3,-0.18,-0.1070743572498741
1777384945.652342,tb1,-0.1599849367352117,1.5
1777384945.6658711,tb7,0.07544261627677906,-1.5
1777384945.673774,tb3,-0.18,-0.22020989077998993
1777384945.7022674,tb1,-0.1599849367352117,1.5
1777384945.7157848,tb7,0.08798062136712971,-1.5
1777384945.7236435,tb3,-0.18,-0.35047451867223933
1777384945.752354,tb1,-0.12694488971078471,1.5
1777384945.7657447,tb7,0.10306139712879538,-1.5
1777384945.7736757,tb3,-0.18,-0.4806528327407649
1777384945.8021903,tb1,-0.1320077608713318,1.5
1777384945.8158622,tb7,0.11726171775934473,-1.5
1777384945.8236957,tb3,-0.18,-0.6243242578638947
1777384945.8523962,tb1,-0.11819558820159069,1.5
1777384945.8658872,tb7,0.1357175291280177,-1.5
1777384945.8736925,tb3,-0.18,-0.7657143706592876
1777384945.902294,tb1,-0.10400313600182666,1.5
1777384945.9159892,tb7,0.15638835663746797,-1.5
1777384945.9237092,tb3,-0.18,-0.8912416398236365
1777384945.9521928,tb1,-0.093160566127478,1.5
1777384945.9658043,tb7,0.1790624789110132,-1.5
1777384945.9737236,tb3,-0.18,-1.046898564281834
1777384946.0021687,tb1,-0.09856424675190546,1.5
1777384946.015841,tb7,0.18,-1.3036120132052567
1777384946.023861,tb3,-0.18,-1.2140195830078417
1777384946.0523915,tb1,-0.08108984890578685,1.5
1777384946.0657754,tb7,0.18,-1.1120192083315563
1777384946.073574,tb3,-0.18,-1.401133225155368
1777384946.1023886,tb1,-0.06569747938351345,1.5
1777384946.1159143,tb7,0.18,-0.9689996763161305
1777384946.1238225,tb3,-0.17078360586662666,-1.5
1777384946.1523461,tb1,-0.0481797612477023,1.5
1777384946.1659799,tb7,0.18,-0.7994717750106037
1777384946.1735463,tb3,-0.14922067031599995,-1.5
1777384946.2022939,tb1,-0.027273410071122862,1.5
1777384946.2159283,tb7,0.18,-0.6657853197362117
1777384946.2237332,tb3,-0.1305175366651556,-1.5
1777384946.2524228,tb1,-0.009898663258193939,1.5
1777384946.2659154,tb7,0.18,-0.5420398171138494
1777384946.2736871,tb3,-0.11350803745846143,-1.5
1777384946.3022962,tb1,0.008973039070604729,1.5
1777384946.3157904,tb7,0.18,-0.4170269146595794
1777384946.3236036,tb3,-0.09831391578782898,-1.5
1777384946.3523312,tb1,0.028340630047321846,1.5
1777384946.3659475,tb7,0.18,-0.293099334400145
1777384946.3737342,tb3,-0.08489560633449679,-1.5
1777384946.4023402,tb1,0.04900834574151586,1.5
1777384946.4160345,tb7,0.18,-0.14431702950727812
1777384946.4236305,tb3,-0.07409614088411291,-1.5
1777384946.4523606,tb1,0.06739099741446812,1.5
1777384946.4657445,tb7,0.18,-0.03459857694502394
1777384946.4737194,tb3,-0.0650367351849702,-1.5
1777384946.5022452,tb1,0.08806033719006313,1.5
1777384946.5158784,tb7,0.18,0.09519061055486921
1777384946.5237234,tb3,-0.0545654798537615,-1.5
1777384946.5522974,tb1,0.11349124482715225,1.5
1777384946.5658665,tb7,0.18,0.23345232760601786
1777384946.5736809,tb3,-0.04514319607662212,-1.5
1777384946.6022537,tb1,0.14074058254354663,1.5
1777384946.6159112,tb7,0.18,0.36850049197582063
1777384946.6238163,tb3,-0.03560945808269976,-1.5
1777384946.652305,tb1,0.1738110201144441,1.5
1777384946.6658924,tb7,0.18,0.5040324741277631
1777384946.6737652,tb3,-0.02675319874385607,-1.5
1777384946.702344,tb1,0.18,1.2911448604890754
1777384946.7157626,tb7,0.18,0.6521474207433912
1777384946.7237399,tb3,-0.017935793352311182,-1.5000000000000002
1777384946.7523284,tb1,0.18,1.0739443614571251
1777384946.765849,tb7,0.18,0.8029929408996764
1777384946.773689,tb3,-0.010409798942813063,-1.5
1777384946.8021648,tb1,0.18,0.8397359311928375
1777384946.8158777,tb7,0.18,0.993022924404523
1777384946.8236504,tb3,-0.00042045300655040583,-1.5
1777384946.852347,tb1,0.18,0.6708695420865151
1777384946.8658364,tb7,0.18,1.1414973830488406
1777384946.8736987,tb3,0.00663840735196196,-1.5000000000000002
1777384946.9022965,tb1,0.18,0.5339042238774757
1777384946.9159179,tb7,0.18,1.321750669890797
1777384946.9237242,tb3,0.01507747840918301,-1.5
1777384946.9522421,tb1,0.18,0.39319210176223873
1777384946.965952,tb7,0.17608517212062982,1.5
1777384946.9737294,tb3,0.023786272745098317,-1.5
1777384947.0021973,tb1,0.18,0.28108493037809246
1777384947.0159662,tb7,0.15221893480865986,1.5
1777384947.023769,tb3,0.0321664642372219,-1.5
1777384947.0522914,tb1,0.18,0.15926158634944476
1777384947.0657618,tb7,0.12869666358122223,1.5
1777384947.0737348,tb3,0.04296481736726419,-1.5
1777384947.1023083,tb1,0.18,0.04562692800217696
1777384947.1157146,tb7,0.1148791787158929,1.5
1777384947.1237428,tb3,0.05091411045991943,-1.4999999999999998
1777384947.152255,tb1,0.18,-0.08020241073118367
1777384947.1657982,tb7,0.09882825725118377,1.5
1777384947.1737363,tb3,0.060587073445434056,-1.4999999999999998
1777384947.2021818,tb1,0.18,-0.1878030389698026
1777384947.215749,tb7,0.08369089139218708,1.5
1777384947.2237666,tb3,0.07086820041589542,-1.5
1777384947.2523777,tb1,0.18,-0.28464348429025693
1777384947.2658062,tb7,0.06997860537034484,1.5
1777384947.2737083,tb3,0.08135421939715433,-1.5
1777384947.302384,tb1,0.18,-0.41260889718438276
1777384947.3159707,tb7,0.05770382745575268,1.5
1777384947.3237317,tb3,0.09231685530276783,-1.5
1777384947.352454,tb1,0.18,-0.539084532835485
1777384947.3658726,tb7,0.047088625878639975,1.5
1777384947.373712,tb3,0.10407476151031982,-1.5
1777384947.4021616,tb1,0.18,-0.6310628718952468
1777384947.4157941,tb7,0.03572287243134414,1.5
1777384947.4238207,tb3,0.11688055054526533,-1.5
1777384947.4525058,tb1,0.17999999999999997,-0.7465685177058062
1777384947.4658065,tb7,0.024326839441280345,1.5
1777384947.473668,tb3,0.13043349420693903,-1.5
1777384947.5023696,tb1,0.18,-0.8607175295434818
1777384947.5158951,tb7,0.01306469167220068,1.4999999999999998
1777384947.5237892,tb3,0.14670400984928011,-1.5
1777384947.552298,tb1,0.18000000000000002,-0.972494559590602
1777384947.565767,tb7,0.0021487025994262722,1.5
1777384947.573821,tb3,0.1592746498138517,-1.5
1777384947.602222,tb1,0.17999999999999997,-1.0548339431252163
1777384947.6158125,tb7,-0.009091519302270546,1.5
1777384947.6235924,tb3,0.16635038000422422,-1.5
1777384947.6522489,tb1,0.18,-1.1934355330940836
1777384947.665993,tb7,-0.01762360669185602,1.5
1777384947.673695,tb3,0.171318432217757,-1.5
1777384947.702303,tb1,0.18,-1.314113402245583
1777384947.7158318,tb7,-0.02889020433558721,1.5
1777384947.723694,tb3,0.1758622219340319,-1.5
1777384947.75235,tb1,0.18,-1.4139312787402956
1777384947.7659476,tb7,-0.039517098907361915,1.5
1777384947.773738,tb3,0.18,-1.4943869606858888
1777384947.802131,tb1,0.17936761726754952,-1.5
1777384947.815857,tb7,-0.05114103706298521,1.5
1777384947.8238235,tb3,0.18,-1.457978728622253
1777384947.8523471,tb1,0.17012704385751462,-1.5
1777384947.8659232,tb7,-0.0628294007947218,1.5
1777384947.8737535,tb3,0.0025474603010571147,-1.5
1777384947.9022675,tb1,0.16147492990154724,-1.5
1777384947.9160187,tb7,-0.07604265224363761,1.5
1777384947.9236636,tb3,0.002510751969049057,-1.5
1777384947.9522786,tb1,0.16011399184506997,-1.4999999999999998
1777384947.9658523,tb7,-0.08751767686475068,1.5
1777384947.9736056,tb3,0.0018957260858967718,-1.5
1777384948.002304,tb1,0.15618363461419574,-1.5000000000000002
1777384948.0159864,tb7,-0.10197695126315234,1.5
1777384948.0236902,tb3,-0.0004750590161481756,-1.5
1777384948.0523136,tb1,0.17154714565084087,-1.5
1777384948.0659404,tb7,-0.11626605281416358,1.5
1777384948.073682,tb3,-0.0007513032469929206,-1.5
1777384948.10239,tb1,0.16662440658355673,-1.5000000000000002
1777384948.1158943,tb7,-0.1276283867362414,1.5
1777384948.1235805,tb3,-0.0013518028938626068,-1.5
1777384948.1524284,tb1,0.16578614586154594,-1.5
1777384948.1659422,tb7,-0.12838018309725988,1.5
1777384948.1736748,tb3,-0.18,1.1004087966913676
1777384948.2023203,tb1,0.16176754185366632,-1.5000000000000002
1777384948.2105083,tb2,0.030722747764653287,1.5
1777384948.2158976,tb7,-0.1282993962384594,1.5
1777384948.2236838,tb3,-0.18,1.1418532192228819
1777384948.2525008,tb1,0.18,-1.3172492039480157
1777384948.2604961,tb2,0.030665232320858455,1.5
1777384948.2657506,tb7,-0.13002351307757182,1.5
1777384948.273641,tb3,-0.18,1.1082422228580109
1777384948.3023942,tb1,0.18,-1.3172492039480157
1777384948.310463,tb2,0.0307000508947287,1.5
1777384948.3159611,tb7,-0.13085290357718177,1.5
1777384948.3235943,tb3,-0.18,1.0789556021087459
1777384948.3524747,tb1,0.18,-1.3172492039480157
1777384948.3605125,tb2,0.030707348717084217,1.5
1777384948.3659816,tb7,-0.13004596677334973,1.5
1777384948.3736897,tb3,-0.18,1.0543010272419293
1777384948.4023685,tb1,0.18,-1.3172492039480157
1777384948.4104881,tb2,0.030716771087612595,1.5
1777384948.4157627,tb7,-0.1275425503846936,1.5
1777384948.4235704,tb3,-0.18,1.020539202335399
1777384948.4523795,tb1,0.18,-0.7901977966216684
1777384948.460494,tb2,0.030661784523056842,1.5
1777384948.4660342,tb7,-0.12501978114382678,1.5
1777384948.4737263,tb3,-0.18,1.0137956461263236
1777384948.5024269,tb1,0.18,-0.7901977966216684
1777384948.5105019,tb2,0.03070344954521184,1.5
1777384948.5159647,tb7,-0.1209923652049336,1.5
1777384948.523754,tb3,-0.18,1.0573851849648503
1777384948.552349,tb1,0.18,-0.7901977966216684
1777384948.5605185,tb2,0.030708956607833973,1.5
1777384948.5657506,tb7,-0.1176917517413375,1.5
1777384948.573653,tb3,-0.18,1.1874752375147526
1777384948.6023533,tb1,0.18,-0.7901977966216684
1777384948.6105032,tb2,0.04078970088257958,1.5
1777384948.615872,tb7,-0.1150264725503382,1.5
1777384948.6235847,tb3,-0.18,1.3417539898583646
1777384948.6524184,tb1,0.18000000000000002,-0.1403689745271905
1777384948.6606083,tb2,0.04074105637962243,1.5
1777384948.6659033,tb7,-0.11266377707318298,1.5
1777384948.6737516,tb3,-0.17409430465576706,1.5
1777384948.7023823,tb1,0.18000000000000002,-0.1403689745271905
1777384948.7106318,tb2,0.04079575572679801,1.5
1777384948.7159226,tb7,-0.10855283855052547,1.5
1777384948.7237592,tb3,-0.15033032064715543,1.5
1777384948.7524734,tb1,0.18000000000000002,-0.1403689745271905
1777384948.7605994,tb2,0.04079724889636398,1.5
1777384948.7658386,tb7,-0.1054581429064503,1.5
1777384948.7737417,tb3,-0.1301669649092623,1.5
1777384948.8023021,tb1,0.18000000000000002,-0.1403689745271905
1777384948.8105001,tb2,0.04524027306597464,1.5
1777384948.8159661,tb7,-0.10351706805782741,1.5
1777384948.8236556,tb3,-0.0738042483206345,-1.5
1777384948.8523161,tb1,0.18,0.08695829610269842
1777384948.8605826,tb2,0.04520905057480904,1.5
1777384948.8659868,tb7,-0.10133268802975247,1.5
1777384948.8736768,tb3,-0.08433119215015523,-1.5
1777384948.9022872,tb1,0.18,0.08695829610269842
1777384948.9106035,tb2,0.04525010567052731,1.5
1777384948.9160259,tb7,-0.10053975919490589,1.5
1777384948.9236856,tb3,-0.09635609298059833,-1.5
1777384948.9522858,tb1,0.18,0.08695829610269842
1777384948.9605932,tb2,0.045240891240094956,1.5
1777384948.9660108,tb7,-0.0981349177723553,1.5
1777384948.973719,tb3,-0.10229169349326149,-1.5
1777384949.0024276,tb1,0.18,0.08695829610269842
1777384949.0105684,tb2,0.04968787718445786,1.5
1777384949.0159576,tb7,-0.09664066407681929,1.5
1777384949.0237393,tb3,-0.10327992044174333,-1.5
1777384949.0522845,tb1,0.18,0.13594146807997995
1777384949.0604916,tb2,0.04965846829124747,1.5
1777384949.0658045,tb7,-0.0879478814752919,1.5
1777384949.0735838,tb3,-0.10309859733581332,-1.5
1777384949.1022704,tb1,0.18,0.13594146807997995
1777384949.110608,tb2,0.04969631001772396,1.5
1777384949.1158373,tb7,-0.07798930923817668,1.5
1777384949.1236508,tb3,-0.10107967987489351,-1.5
1777384949.1522593,tb1,0.18,0.13594146807997995
1777384949.160543,tb2,0.04969371907655542,1.5
1777384949.1658647,tb7,-0.06544554985511167,1.5
1777384949.1737266,tb3,-0.09944989843047161,-1.5
1777384949.2022452,tb1,0.18,0.13594146807997995
1777384949.2104986,tb2,0.049405701006362004,1.5
1777384949.2157521,tb7,-0.05411298233064056,1.5
1777384949.223577,tb3,-0.09733165899938673,-1.5
1777384949.2522519,tb1,0.18,0.13594146807997995
1777384949.2604952,tb2,0.0493731378952417,1.5
1777384949.2657685,tb7,-0.04343667401669123,1.5
1777384949.2735772,tb3,-0.0950362674017931,-1.5
1777384949.3023186,tb1,0.18,-0.1529522427047439
1777384949.3105063,tb2,0.04940404256529704,1.5
1777384949.3160074,tb7,-0.032393713286501716,1.5
1777384949.3237085,tb3,-0.09182612088408768,-1.5
1777384949.3522813,tb1,0.18,-0.1529522427047439
1777384949.3605008,tb2,0.04939261049920086,1.5
1777384949.365738,tb7,-0.021097491238588395,1.5
1777384949.3735871,tb3,-0.08861068020700212,-1.5
1777384949.402243,tb1,0.18,-0.1529522427047439
1777384949.4105794,tb2,0.04353731557638653,1.5
1777384949.415753,tb7,-0.011210149458800896,1.4999999999999998
1777384949.4236853,tb3,-0.08157415773701061,-1.5
1777384949.4521916,tb1,0.18,-0.3640752631460882
1777384949.460498,tb2,0.043504397865331335,1.5
1777384949.4657598,tb7,-0.0003380550672796767,1.5
1777384949.4735816,tb3,-0.07881175369582807,-1.5
1777384949.502457,tb1,0.18,-0.3640752631460882
1777384949.510502,tb2,0.043532845161316856,1.5
1777384949.5157647,tb7,0.01081276781397522,1.5000000000000002
1777384949.5236716,tb3,-0.07584879679210198,-1.5
1777384949.5523624,tb1,0.18,-0.3640752631460882
1777384949.560513,tb2,0.04351596802216602,1.5
1777384949.565785,tb7,0.02038859703867565,1.5
1777384949.5736735,tb3,-0.0728706573932491,-1.5
1777384949.6023548,tb1,0.18,-0.3640752631460882
1777384949.610504,tb2,0.035650934244677704,1.5
1777384949.615725,tb7,0.03080900392508394,1.5
1777384949.623716,tb3,-0.06667005348571911,-1.5
1777384949.6526604,tb1,0.18,-0.6266709644369467
1777384949.6605847,tb2,0.03694138620453042,1.5
1777384949.6658993,tb7,0.04159707545382048,1.5000000000000002
1777384949.6735296,tb3,-0.0642444200716123,-1.5
1777384949.702426,tb1,0.18,-0.6266709644369467
1777384949.7105494,tb2,0.041736108128859445,1.5
1777384949.7157578,tb7,0.05375842322383508,1.5
1777384949.723754,tb3,-0.06187482428589935,-1.5
1777384949.752297,tb1,0.18,-0.6266709644369467
1777384949.7604942,tb2,0.04968280371075354,1.5
1777384949.7657416,tb7,0.06654972460893038,1.5
1777384949.7737217,tb3,-0.05868052048332542,-1.5
1777384949.802217,tb1,0.18,-0.6266709644369467
1777384949.8104866,tb2,0.04718505646361869,1.5
1777384949.8157394,tb7,0.07391823298273721,1.5
1777384949.823707,tb3,-0.05086037631124854,-1.5
1777384949.8522263,tb1,0.18,-0.8459948625875702
1777384949.8605666,tb2,0.05735929974508278,1.5
1777384949.8657277,tb7,0.0802492325513692,1.5
1777384949.873672,tb3,-0.04191171722456465,-1.5
1777384949.9022467,tb1,0.18,-0.8459948625875702
1777384949.9104257,tb2,0.06870974399014583,1.5
1777384949.9157627,tb7,0.08642362379379895,1.5
1777384949.9236054,tb3,-0.03327566939734799,-1.5
1777384949.9523494,tb1,0.18,-0.8459948625875702
1777384949.960498,tb2,0.08308751386873699,1.5
1777384949.96575,tb7,0.09284743668222296,1.5
1777384949.9736574,tb3,-0.022719839009167735,-1.5
1777384950.0022879,tb1,0.18,-0.8459948625875702
1777384950.010553,tb2,0.07856811654067417,1.5
1777384950.015913,tb7,0.09930518133568218,1.5
1777384950.023687,tb3,-0.015462808817570227,-1.5
1777384950.0523014,tb1,0.18,-0.9878502068623682
1777384950.060573,tb2,0.09481750840054856,1.5
1777384950.0657964,tb7,0.10444588277007824,1.5
1777384950.073685,tb3,-0.00488595646784093,-1.5
1777384950.102287,tb1,0.18,-0.9878502068623682
1777384950.1103945,tb2,0.11250929032207713,1.5
1777384950.1157525,tb7,0.11097591521644136,1.5
1777384950.1236482,tb3,0.004499543476100917,-1.5
1777384950.1523194,tb1,0.18,-0.9878502068623682
1777384950.1604917,tb2,0.13360261940169077,1.5
1777384950.1657593,tb7,0.11820174474790893,1.5
1777384950.173604,tb3,0.013204533239892168,-1.5
1777384950.2104313,tb2,0.11783076154445002,1.5
1777384950.215903,tb7,0.12598047618732283,1.5
1777384950.2235453,tb3,0.023873472760349023,-1.5
1777384950.2605927,tb2,0.14069088405903699,1.5
1777384950.265726,tb7,0.1348578315133366,1.5
1777384950.273791,tb3,0.03393039238686603,-1.5
1777384950.3103414,tb2,0.16747456866557411,1.5
1777384950.3160062,tb7,0.14390787046909034,1.5
1777384950.323739,tb3,0.0447555565339201,-1.5
1777384950.3603687,tb2,0.18,1.3481270052299044
1777384950.3659508,tb7,0.15303570557683735,1.5
1777384950.3736355,tb3,0.054972176323677166,-1.5
1777384950.4105778,tb2,0.17952397677084517,1.5
1777384950.4159493,tb7,0.16243127340209892,1.5
1777384950.423721,tb3,0.06860883737787399,-1.5
1777384950.4604356,tb2,0.18,1.2076643743677096
1777384950.4658911,tb7,0.17306925551264793,1.5
1777384950.4736712,tb3,0.0787797020034051,-1.5
1777384950.5022354,tb1,0.02979766003345842,-1.5
1777384950.5104973,tb2,0.18000000000000002,0.9447200290838657
1777384950.5160768,tb7,0.18,1.4666334248840092
1777384950.523593,tb3,0.0892680172947925,-1.5
1777384950.552344,tb1,0.026112243011588893,-1.5
1777384950.5605068,tb2,0.18,0.689185178494599
1777384950.5658042,tb7,0.18,1.3792056486485509
1777384950.573681,tb3,0.10331974899896988,-1.5
1777384950.6023524,tb1,0.02159658911335568,-1.5
1777384950.6105974,tb2,0.17999999999999997,0.8651667845940584
1777384950.6159112,tb7,0.18,1.2929553014319002
1777384950.6237018,tb3,0.12256962631808903,-1.5
1777384950.6521668,tb1,0.013984408378202185,-1.5
1777384950.660499,tb2,0.18,0.6371937666820239
1777384950.6657689,tb7,0.18,1.2156005864542851
1777384950.6737332,tb3,0.13757892276177594,-1.5
1777384950.702224,tb1,0.015666531242113372,-1.5
1777384950.7104557,tb2,0.18000000000000002,0.4064521011370993
1777384950.7158585,tb7,0.18,1.1394054550135795
1777384950.7236757,tb3,0.1573581286437413,-1.5000000000000002
1777384950.7521834,tb1,0.010753899899020349,-1.5
1777384950.760493,tb2,0.18,0.18982404467765487
1777384950.7658882,tb7,0.18,1.0630659487210206
1777384950.7736313,tb3,0.18,-1.486249678994226
1777384950.8022087,tb1,0.0037222572628098152,-1.5000000000000002
1777384950.8104994,tb2,0.18,0.2851012784085564
1777384950.8159158,tb7,0.18,0.9798607025701429
1777384950.8237913,tb3,0.18,-1.2656256222814188
1777384950.852184,tb1,0.004024829983477425,-1.5
1777384950.8604,tb2,0.18,0.038049519869353364
1777384950.8659673,tb7,0.18,0.8753814993103491
1777384950.8735888,tb3,0.18,-1.1165002482705317
1777384950.9022262,tb1,-0.0015301911193765887,-1.5
1777384950.910575,tb2,0.18,-0.165387273165764
1777384950.915916,tb7,0.18,0.782038765634662
1777384950.9236324,tb3,0.18000000000000002,-0.9391572984331642
1777384950.9523146,tb1,-0.003751996335370896,-1.5
1777384950.9604893,tb2,0.17999999999999997,-0.39666140259451216
1777384950.9659238,tb7,0.18,0.671904909569462
1777384950.973658,tb3,0.18,-0.7659313239788386
1777384951.0023062,tb1,-0.004965941569331603,-1.5
1777384951.0104852,tb2,0.18000000000000002,-0.36597247171573954
1777384951.0159128,tb7,0.18,0.5426736236235329
1777384951.0236263,tb3,0.18,1.2646050842709147
1777384951.052276,tb1,-0.019840560197183346,-1.5
1777384951.0605195,tb2,0.18,-0.6158326999640363
1777384951.0659285,tb7,0.18,0.40984215155178116
1777384951.0737367,tb3,0.18,1.4321658152550778
1777384951.102329,tb1,-0.038683657185046676,-1.5
1777384951.1105013,tb2,0.18,-0.8572198929524989
1777384951.115918,tb7,0.18,0.28289653594448766
1777384951.1237357,tb3,0.163030412299359,1.5
1777384951.1523209,tb1,-0.05822729930157479,-1.5
1777384951.1604998,tb2,0.18,-1.1498066896296324
1777384951.1659164,tb7,0.18,0.12724440427403053
1777384951.1737208,tb3,0.13831142582696765,1.5
1777384951.2023253,tb1,-0.07724900413677921,-1.5000000000000002
1777384951.2104437,tb2,0.18,-1.1837586642320703
1777384951.2159076,tb7,0.18,0.040854137182099
1777384951.2236674,tb3,0.12269486774932355,1.5
1777384951.2523599,tb1,-0.09159953080915667,-1.5
1777384951.2604723,tb2,0.17812105511957568,-1.5
1777384951.2659502,tb7,0.18,-0.06477928327078797
1777384951.273707,tb3,0.10594764639901645,1.5
1777384951.3023474,tb1,-0.10441015043970164,-1.5
1777384951.3103788,tb2,0.1376111041970935,-1.5
1777384951.3158734,tb7,0.18,-0.19078465214686627
1777384951.3238306,tb3,0.09431691982700349,1.5
1777384951.3522387,tb1,-0.10624057298545626,-1.5
1777384951.3604646,tb2,0.1098796201587718,-1.5000000000000002
1777384951.3658311,tb7,0.18,-0.3111969113538948
1777384951.3737128,tb3,0.08429818585553168,1.5
1777384951.402333,tb1,-0.10797382841781951,-1.5
1777384951.410427,tb2,0.11391208359268862,-1.5
1777384951.4158123,tb7,0.18,-0.42615196936246
1777384951.4237459,tb3,0.07345468601366509,1.5
1777384951.4523463,tb1,-0.1087675938438979,-1.5
1777384951.4604962,tb2,0.09040023954809435,-1.5
1777384951.4658344,tb7,0.18,-0.5452835538009887
1777384951.4738162,tb3,0.062153635548520214,1.5
1777384951.502331,tb1,-0.1101066614320593,-1.5
1777384951.5104852,tb2,0.0707258511021417,-1.5
1777384951.515994,tb7,0.18,-0.6648757280735287
1777384951.5239038,tb3,0.04966754200547148,1.5
1777384951.552347,tb1,-0.1111137719158025,-1.5
1777384951.5605125,tb2,0.05544926167593978,-1.5
1777384951.5657723,tb7,0.18,-0.7913489373101349
1777384951.5737212,tb3,0.03794484192522753,1.5
1777384951.6023517,tb1,-0.11279114991832727,-1.5
1777384951.6104467,tb2,0.05803066938405104,-1.5
1777384951.6158745,tb7,0.18,-0.9276424141729613
1777384951.6237779,tb3,0.026162232424896053,1.5
1777384951.652335,tb1,-0.1127320056993765,-1.5
1777384951.6605601,tb2,0.04447535355416312,-1.5
1777384951.6659377,tb7,0.18,-1.066370999601624
1777384951.673793,tb3,0.016356450820077563,1.5
1777384951.7023234,tb1,-0.11418469431795084,-1.5
1777384951.7105918,tb2,0.03197687404981063,-1.5
1777384951.7157707,tb7,0.18,-1.2128262156193514
1777384951.723667,tb3,0.0055489252360509805,1.5000000000000002
1777384951.7523324,tb1,-0.11462586166123692,-1.5
1777384951.7604156,tb2,0.021633123132396747,-1.5
1777384951.765924,tb7,0.18,-1.372484987956627
1777384951.7737608,tb3,-0.003866169511749372,1.5
1777384951.8023403,tb1,-0.11193720026956215,-1.5
1777384951.8104975,tb2,0.02587242202964385,-1.5
1777384951.8158958,tb7,0.1755993539033083,-1.5
1777384951.8238134,tb3,-0.013256360954188067,1.5
1777384951.852441,tb1,-0.11137080896446659,-1.5
1777384951.8605065,tb2,0.014719048903139161,-1.5
1777384951.8657715,tb7,0.15789693641644836,-1.5
1777384951.8738005,tb3,-0.02380497051308631,1.5
1777384951.9022627,tb1,-0.1101651398133698,-1.5
1777384951.9104962,tb2,0.006228807991681598,-1.5
1777384951.9159951,tb7,0.14283823017065264,-1.5
1777384951.9236789,tb3,-0.03455393723393465,1.4999999999999998
1777384951.9524295,tb1,-0.10778623314617888,-1.5
1777384951.9605167,tb2,-0.0028118209577923966,-1.5
1777384951.965917,tb7,0.1293333803087272,-1.5
1777384951.973687,tb3,-0.046322581338605937,1.5
1777384952.0023503,tb1,-0.10562467754942802,-1.5
1777384952.0104935,tb2,0.0009222783203624326,-1.5
1777384952.015718,tb7,0.11700582581348862,-1.5
1777384952.0237002,tb3,-0.05652766896075368,1.5
1777384952.052347,tb1,-0.10279470995999211,-1.5
1777384952.0604944,tb2,-0.008975538139779358,-1.5
1777384952.0659146,tb7,0.1059657667409425,-1.5
1777384952.0737336,tb3,-0.06929563832189567,1.5
1777384952.1024225,tb1,-0.1004575101243518,-1.5
1777384952.1105883,tb2,-0.016183335839009563,-1.5
1777384952.1159008,tb7,0.09547920150839907,-1.5
1777384952.1236656,tb3,-0.0831438994230534,1.5
1777384952.152378,tb1,-0.09756669536082917,-1.5
1777384952.1605356,tb2,-0.022726727781207868,-1.5
1777384952.1659129,tb7,0.0856375692586248,-1.5
1777384952.1737075,tb3,-0.09811982616641574,1.5
1777384952.2022865,tb1,-0.09467259400987678,-1.5
1777384952.2104506,tb2,-0.021604216506334862,-1.5
1777384952.2158842,tb7,0.07760125571477529,-1.5
1777384952.2239718,tb3,-0.11447418112627246,1.5
1777384952.2525241,tb1,-0.015693337244187387,-1.5
1777384952.2606406,tb2,-0.027547095960428772,-1.5
1777384952.265863,tb7,0.07001019990556667,-1.5
1777384952.273711,tb3,-0.13290859986980108,1.5
1777384952.30229,tb1,-0.0246250665303398,-1.5
1777384952.3105907,tb2,-0.03219602333955345,-1.5
1777384952.3159294,tb7,0.06229622087125769,-1.4999999999999998
1777384952.3236904,tb3,-0.15064798438285412,1.5
1777384952.3524377,tb1,-0.03207710291515904,-1.5
1777384952.3605855,tb2,-0.036134284469253534,-1.5
1777384952.3658962,tb7,0.05440777601804289,-1.5000000000000002
1777384952.373769,tb3,-0.1714215708540083,1.5
1777384952.402372,tb1,-0.04123645997758087,-1.5
1777384952.4104955,tb2,-0.03150765924587196,-1.5
1777384952.4159055,tb7,0.046778343696283295,-1.5
1777384952.4237752,tb3,-0.18,1.382970738324255
1777384952.4524379,tb1,0.02774549539591373,-1.4999999999999998
1777384952.4605827,tb2,-0.03622702525428379,-1.5
1777384952.465798,tb7,0.0398145009959215,-1.5
1777384952.4736867,tb3,-0.18,1.2175150813774493
1777384952.5022626,tb1,0.02403038947281549,-1.5
1777384952.5104992,tb2,-0.03978979343832543,-1.5
1777384952.515915,tb7,0.032749606135829605,-1.5
1777384952.5236819,tb3,-0.18,1.0782131980778327
1777384952.5522082,tb1,0.018842344523083365,-1.5
1777384952.5605478,tb2,-0.0420488243659823,-1.5
1777384952.5658126,tb7,0.025673462384940112,-1.5
1777384952.5736394,tb3,-0.18,0.9333392074989223
1777384952.6021972,tb1,0.025247726488287575,-1.5
1777384952.6104577,tb2,-0.03979723463858663,-1.5
1777384952.6159065,tb7,0.019514293782894706,-1.5
1777384952.6237297,tb3,-0.18,0.7874474019607378
1777384952.6523287,tb1,0.11093686132135724,-1.5
1777384952.6605034,tb2,-0.042895738379606994,-1.5
1777384952.6658695,tb7,0.012088092607989903,-1.5
1777384952.6738534,tb3,-0.18,0.6615259497935299
1777384952.7023015,tb1,0.11136672098694789,-1.5
1777384952.7104256,tb2,-0.04584904707082208,-1.5
1777384952.715774,tb7,0.005420869147528595,-1.5
1777384952.7237217,tb3,-0.18,0.5340414490250939
1777384952.7522695,tb1,0.11589345566724407,-1.5
1777384952.7605913,tb2,-0.04749896406725132,-1.5
1777384952.7659924,tb7,-0.0007605329063951557,-1.5
1777384952.7736897,tb3,-0.18,0.4133357110800854
1777384952.8023326,tb1,0.13137496672147525,-1.5
1777384952.810587,tb2,-0.04781926932229362,-1.5
1777384952.81584,tb7,-0.005739120208493728,-1.5
1777384952.8236442,tb3,-0.18,0.3190775020169827
1777384952.8524685,tb1,0.18,-1.3571246924344873
1777384952.8603237,tb2,-0.050644103166751,-1.5
1777384952.8659403,tb7,-0.008174738243882741,-1.5
1777384952.873703,tb3,-0.18,0.2000458646880143
1777384952.9022887,tb1,0.18,-1.1183004954064826
1777384952.9104996,tb2,-0.05252665664446677,-1.5
1777384952.915904,tb7,-0.00942772452730976,-1.5
1777384952.923694,tb3,-0.18,0.08160717887984294
1777384952.9522092,tb1,0.18,-0.8940532914563823
1777384952.9604342,tb2,-0.05426046300468771,-1.5
1777384952.9659796,tb7,-0.00822926454271789,-1.5
1777384952.973949,tb3,-0.18,-0.025900643460359703
1777384953.0024364,tb1,0.18,-0.6782008065645145
1777384953.0104585,tb2,-0.05520380278764824,-1.5
1777384953.0158098,tb7,-0.006893483939337695,-1.5
1777384953.0237312,tb3,-0.18,-0.14340067180831742
1777384953.0523503,tb1,0.17999999999999997,-0.3197681524350035
1777384953.0606306,tb2,-0.055601271936942295,-1.5
1777384953.0659325,tb7,-0.007475582128114644,-1.5
1777384953.07389,tb3,-0.18,-0.25915845226425216
1777384953.1022856,tb1,0.18,-0.15308946771163576
1777384953.1104476,tb2,-0.049739834109028214,-1.5
1777384953.1157503,tb7,-0.007132327728942732,-1.5000000000000002
1777384953.1239505,tb3,-0.18,-0.3674076706519748
1777384953.1523275,tb1,0.18,0.012443787495092418
1777384953.1605911,tb2,-0.04071265574250977,-1.5000000000000002
1777384953.1660013,tb7,-0.005689841243093618,-1.4999999999999998
1777384953.1740832,tb3,-0.18,-0.4938065806150863
1777384953.202324,tb1,0.18,0.17101173063019268
1777384953.2104888,tb2,-0.029480450636578583,-1.5
1777384953.2159824,tb7,-0.00239644596814946,-1.5
1777384953.2238064,tb3,-0.18,-0.611663303730058
1777384953.2523623,tb1,0.18,0.38836428212941027
1777384953.2605717,tb2,-0.017604725063543134,-1.5
1777384953.2658765,tb7,0.002485358904572182,-1.5
1777384953.2737572,tb3,-0.18,-0.7445355250759927
1777384953.3023298,tb1,0.18,0.5106955439349985
1777384953.3104975,tb2,-0.006131242668848491,-1.5
1777384953.3159118,tb7,0.00791512769443137,-1.5
1777384953.3237538,tb3,-0.18,-0.8705956177698686
1777384953.352163,tb1,0.18,0.6096972512718367
1777384953.3605971,tb2,0.005624180434542704,-1.5
1777384953.3658004,tb7,0.015611802103921291,-1.5
1777384953.373796,tb3,-0.18,-1.0092524840896107
1777384953.4021692,tb1,0.17999999999999997,0.6987237163507339
1777384953.4104502,tb2,0.017869113864992632,-1.5
1777384953.4157317,tb7,0.023627233026433745,-1.5
1777384953.4237165,tb3,-0.18,-1.1627885604581272
1777384953.4524095,tb1,0.18,0.7959532605081353
1777384953.4604826,tb2,0.027476572157145985,-1.5000000000000002
1777384953.4658618,tb7,0.03163540654213138,-1.5
1777384953.4737403,tb3,-0.18,-1.3312013018385676
1777384953.5022886,tb1,0.18000000000000002,0.8705274580420962
1777384953.5105958,tb2,0.041139848718568274,-1.5
1777384953.5158246,tb7,0.038188470167028275,-1.5
1777384953.5237372,tb3,-0.17718245261859486,-1.5
1777384953.5522685,tb1,0.18,0.9637402504452055
1777384953.5605023,tb2,0.05581986614331123,-1.4999999999999998
1777384953.5659153,tb7,0.046694933179654126,-1.4999999999999998
1777384953.573698,tb3,-0.15485363821582623,-1.5
1777384953.6024213,tb1,0.18,1.052259188035576
1777384953.6104612,tb2,0.07254361104553791,-1.5
1777384953.6158893,tb7,0.0555225117889949,-1.5
1777384953.6236029,tb3,-0.13587302840569743,-1.5
1777384953.6522808,tb1,0.18,1.1336983294571394
1777384953.6606019,tb2,0.08918379475286388,-1.5
1777384953.6660116,tb7,0.062189989669984465,-1.5
1777384953.673758,tb3,-0.11875940045535466,-1.5
1777384953.7022927,tb1,0.18000000000000002,1.230059022710855
1777384953.710337,tb2,0.10845524328572709,-1.5
1777384953.7158322,tb7,0.07154039839328252,-1.5
1777384953.7237952,tb3,-0.10297722925113305,-1.5
1777384953.7524066,tb1,0.18,1.368179775277682
1777384953.7606316,tb2,0.1307860585031099,-1.5
1777384953.7659776,tb7,0.0814048819829182,-1.5
1777384953.7737482,tb3,-0.0890842807563452,-1.5
1777384953.8023949,tb1,0.18,1.463703718264413
1777384953.8104875,tb2,0.1603737282731414,-1.5
1777384953.8159642,tb7,0.09198137964479063,-1.5
1777384953.8237147,tb3,-0.07561693808914657,-1.5
1777384953.852421,tb1,0.17072245405191494,1.5
1777384953.8605876,tb2,0.18,-1.4024492855518618
1777384953.8658094,tb7,0.10266677305405938,-1.5
1777384953.8737602,tb3,-0.06359726780188425,-1.5
1777384953.9023526,tb1,0.15080523098679413,1.5000000000000002
1777384953.9105906,tb2,0.18000000000000002,-1.1368489727218831
1777384953.9159176,tb7,0.11018323447358684,-1.5
1777384953.9237437,tb3,-0.052129880652151565,-1.5
1777384953.9522893,tb1,0.1306297245388269,1.5
1777384953.960604,tb2,0.17999999999999997,-0.890499859148078
1777384953.9659998,tb7,0.12968430973349115,-1.5
1777384953.9737442,tb3,-0.04155581231949612,-1.5
1777384954.002282,tb1,0.1130667625476623,1.5
1777384954.0105698,tb2,0.18,-0.6141908631240832
1777384954.0159724,tb7,0.13536517264355666,-1.5
1777384954.023718,tb3,-0.03193378198064723,-1.5
1777384954.052406,tb1,0.09832366493835085,1.5
1777384954.0605264,tb2,0.18,-0.4016523916364281
1777384954.0659761,tb7,0.16772744836092987,-1.5000000000000002
1777384954.0737867,tb3,-0.020549790652612834,-1.5
1777384954.1022832,tb1,0.08514440438579128,1.5
1777384954.1105075,tb2,0.18,-0.19477236405029097
1777384954.11592,tb7,0.18,-1.1472788976317254
1777384954.123712,tb3,-0.010845120990352093,-1.5
1777384954.1523511,tb1,0.0732539970579451,1.5
1777384954.1605299,tb2,0.18,0.0019299494618075603
1777384954.1659362,tb7,0.18,-0.7307095670887601
1777384954.1737957,tb3,-0.0008011759294394639,-1.5
1777384954.2024188,tb1,0.06273592989584871,1.5
1777384954.210513,tb2,0.18,0.1510665980187226
1777384954.215884,tb7,0.18,-0.26055517663880723
1777384954.2235894,tb3,0.00687324439824176,-1.5
1777384954.2525296,tb1,0.05131625307905269,1.5
1777384954.2605145,tb2,0.18,0.36845478551269356
1777384954.2658958,tb7,0.18,-0.5844975016348037
1777384954.2736745,tb3,0.017179187164978352,-1.5
1777384954.3022587,tb1,0.040887603628147064,1.5
1777384954.3104546,tb2,0.18,0.5996954162177193
1777384954.3157928,tb7,0.18,-0.2925853305509347
1777384954.3236816,tb3,0.019543689151888602,-1.5
1777384954.3524694,tb1,0.03224007296995342,1.5
1777384954.3605928,tb2,0.18,0.8312191536560017
1777384954.3658853,tb7,0.18,-0.02646217507549329
1777384954.3738537,tb3,0.0240311367706443,-1.5
1777384954.4023614,tb1,0.024124951706527977,1.5
1777384954.4105809,tb2,0.18,0.813128036907589
1777384954.4158776,tb7,0.18,0.25663788628434087
1777384954.423676,tb3,0.03062275089033185,-1.5000000000000002
1777384954.4523306,tb1,0.017480717872820226,1.5
1777384954.4605865,tb2,0.18000000000000002,1.0286783328401352
1777384954.465849,tb7,0.17999999999999997,-0.24001657247773062
1777384954.4737763,tb3,0.03690734933698905,-1.5
1777384954.502373,tb1,0.010014197745528107,1.5
1777384954.5104942,tb2,0.18,1.2685781670713938
1777384954.5159092,tb7,0.18000000000000002,-0.12300586581548427
1777384954.5237205,tb3,0.0422656640506126,-1.5
1777384954.5525084,tb1,0.003645336716816204,1.5
1777384954.560508,tb2,0.18,1.4779691158665242
1777384954.5659106,tb7,0.18,0.02281365239863467
1777384954.5736842,tb3,0.04852970074834971,-1.5
1777384954.6023328,tb1,-0.0017657897479080873,1.5
1777384954.6103406,tb2,0.18,1.3941165438938126
1777384954.615979,tb7,0.18,0.15908066141761554
1777384954.623602,tb3,0.060866268487518055,-1.5
1777384954.652215,tb1,-0.00722636453903097,1.5
1777384954.660634,tb2,0.16941510476580726,1.5000000000000002
1777384954.6660604,tb7,0.18,-0.04815707740629285
1777384954.6738114,tb3,0.06958866398973362,-1.5
1777384954.7022715,tb1,-0.012010106478660335,1.5
1777384954.7105536,tb2,0.14855755993317885,1.5
1777384954.715891,tb7,0.18,0.08195260971422876
1777384954.7237706,tb3,0.07970680675654328,-1.4999999999999998
1777384954.7523115,tb1,-0.01841341466645704,1.5
1777384954.7604897,tb2,0.13028924453929913,1.5
1777384954.765882,tb7,0.18,0.21648288744610222
1777384954.7737844,tb3,0.09459763763386747,-1.5
1777384954.8023171,tb1,-0.025099403355516116,1.5
1777384954.8112578,tb2,0.11534498357670939,1.5
1777384954.8158326,tb7,0.18,0.35975594318725157
1777384954.8236918,tb3,0.1092337704727384,-1.5
1777384954.852439,tb1,-0.028064971178306957,1.5
1777384954.8606005,tb2,0.10040158959942083,1.5
1777384954.8659496,tb7,0.18,0.4669574052687688
1777384954.8737352,tb3,0.12516063493221727,-1.5000000000000002
1777384954.902295,tb1,-0.03645292904298613,1.5
1777384954.9103606,tb2,0.08522096890076755,1.5
1777384954.9159234,tb7,0.18,0.5586498334064555
1777384954.9237456,tb3,0.14352694184045295,-1.5
1777384954.9523969,tb1,-0.0440117240471687,1.5
1777384954.960588,tb2,0.0699465906064378,1.5
1777384954.965818,tb7,0.18,0.6746303754973527
1777384954.9737782,tb3,0.16817229408081727,-1.5
1777384955.0023198,tb1,-0.05313147506376966,1.5
1777384955.010491,tb2,0.09331780538673938,1.5
1777384955.0159488,tb7,0.18,0.8089425660309145
1777384955.0237293,tb3,0.18,-1.1755763170658262
1777384955.052448,tb1,-0.05441277527865722,1.5
1777384955.0605786,tb2,0.07957030819527862,1.5
1777384955.0659382,tb7,0.18,0.9481709153393686
1777384955.0737453,tb3,0.18,-0.9640842260375282
1777384955.1023762,tb1,-0.06424410979031797,1.5
1777384955.1105378,tb2,0.06711459601269769,1.5
1777384955.1160188,tb7,0.18,1.105964646247127
1777384955.123733,tb3,0.18,-0.8442160533210505
1777384955.152471,tb1,-0.07332130152913569,1.5
1777384955.1606667,tb2,0.05583677277924702,1.5
1777384955.1659443,tb7,0.18,1.2462690369126943
1777384955.1737587,tb3,0.18,-0.8382579535466965
1777384955.202274,tb1,-0.08513789410956989,1.5
1777384955.2105205,tb2,0.06356909237071387,1.5
1777384955.2157052,tb7,0.18,1.311947860986656
1777384955.2236567,tb3,0.18,-0.8851596631693678
1777384955.2524312,tb1,-0.0846590045253112,1.5
1777384955.260605,tb2,0.055994157157963735,1.5
1777384955.2658505,tb7,0.18,1.3737935874879954
1777384955.2739546,tb3,0.18,-0.9917485580449673
1777384955.3022516,tb1,-0.09679203275113107,1.5
1777384955.3103611,tb2,0.05015111215062899,1.5
1777384955.3158808,tb7,0.18,1.4427748489105885
1777384955.3236961,tb3,0.18,-1.1468645357985163
1777384955.3523366,tb1,-0.10941801437337391,1.5
1777384955.3605025,tb2,0.043675721141798705,1.5
1777384955.3659391,tb7,0.17961596748312822,1.5
1777384955.3737743,tb3,0.18,-1.3028451923906301
1777384955.402398,tb1,-0.12453302612297046,1.5
1777384955.4103792,tb2,0.05295808423471075,1.5
1777384955.4158363,tb7,0.17294868258875487,1.5
1777384955.4237432,tb3,0.07067555340739638,-1.5
1777384955.452402,tb1,-0.15033166182533655,1.5000000000000002
1777384955.4605074,tb2,0.050126635702083866,1.5
1777384955.4660048,tb7,0.1701617429183152,1.5
1777384955.4737406,tb3,0.05743386760004679,-1.5
1777384955.5022612,tb1,-0.18,1.4917641683916913
1777384955.510553,tb2,0.04909747183088319,1.5
1777384955.5159204,tb7,0.1643347734495902,1.5
1777384955.5238235,tb3,0.04600915643894587,-1.5
1777384955.5523627,tb1,-0.18,1.2423790716538599
1777384955.5604825,tb2,0.04606830281987635,1.5
1777384955.5658655,tb7,0.15946454682132183,1.5
1777384955.5737407,tb3,0.04036384964807638,-1.5
1777384955.6023343,tb1,-0.18,0.9745746109895875
1777384955.610588,tb2,0.05929009191439568,1.5
1777384955.6158907,tb7,0.15448966393594377,1.5
1777384955.6236932,tb3,-0.18,0.14374590067675144
1777384955.6523974,tb1,-0.18,0.6081440246663046
1777384955.6606324,tb2,0.058753800503725355,1.5
1777384955.6659348,tb7,0.15308539977107571,1.5
1777384955.6737704,tb3,-0.18,-0.3317933107002834
1777384955.7023714,tb1,-0.18,0.6639538168446847
1777384955.7105057,tb2,0.05966398043765858,1.5
1777384955.7160263,tb7,0.15236039784069916,1.5
1777384955.7237322,tb3,-0.16251257617593848,-1.5
1777384955.7524085,tb1,-0.18,0.7093562308950155
1777384955.7606494,tb2,0.06319033525575311,1.5
1777384955.7660573,tb7,0.15245601294685232,1.5
1777384955.7737534,tb3,-0.05672271617096076,-1.5
1777384955.8024414,tb1,-0.18,0.7719252644625704
1777384955.8104408,tb2,0.08589799514702118,1.5
1777384955.815825,tb7,0.1356114300675304,1.5000000000000002
1777384955.823555,tb3,-0.11745913848006158,1.5
1777384955.8524623,tb1,-0.18,0.8288562160622989
1777384955.8604422,tb2,0.0915685918690225,1.5
1777384955.8659723,tb7,0.05474758855798173,1.4999999999999998
1777384955.8735926,tb3,-0.12179711244070021,1.5
1777384955.902399,tb1,-0.18,0.8856277418202239
1777384955.910336,tb2,0.10000477707614272,1.5
1777384955.9158938,tb7,0.022608546296436022,1.5
1777384955.923767,tb3,-0.15574407213844405,1.5000000000000002
1777384955.9524288,tb1,-0.18,0.9461944628284377
1777384955.9605875,tb2,0.11021183196425947,1.5
1777384955.9659164,tb7,-0.01906758109710684,1.5
1777384955.9737377,tb3,-0.18,0.7984064530446122
1777384956.0024087,tb1,-0.18,1.0174705087864073
1777384956.0105937,tb2,0.1385745467780004,1.5
1777384956.0159059,tb7,-0.05680164878398662,1.5
1777384956.0237198,tb3,-0.04542258512833039,1.5
1777384956.0524213,tb1,-0.18,1.096397147594429
1777384956.060597,tb2,0.1539709843223792,1.5000000000000002
1777384956.0658476,tb7,-0.09217891843360755,1.5
1777384956.0737467,tb3,-0.047317907589654984,1.5
1777384956.1023932,tb1,-0.18,1.196824683301095
1777384956.1103246,tb2,0.17519408613031406,1.5
1777384956.1158757,tb7,-0.1464770133841695,1.5
1777384956.1237261,tb3,-0.059505878955159776,1.5
1777384956.1523354,tb1,-0.18,1.2660247368741504
1777384956.160363,tb2,0.18,1.3382095643724639
1777384956.1659849,tb7,-0.18,1.3259231851822106
1777384956.1737027,tb3,-0.09066631274435061,1.5
1777384956.2022462,tb1,-0.18,1.3473356426452383
1777384956.2105744,tb2,0.18,1.032053177812657
1777384956.2159166,tb7,-0.18,1.0504383018814287
1777384956.2237887,tb3,0.002230483862467797,1.5
1777384956.2522976,tb1,-0.18,1.4526106238844159
1777384956.2606018,tb2,0.18,0.8619349815029106
1777384956.2660227,tb7,-0.17999999999999997,0.24667037285239413
1777384956.2737257,tb3,0.0028221782619374317,1.5
1777384956.3038015,tb1,-0.17197633465427908,1.5
1777384956.3104472,tb2,0.18,0.6969634399101354
1777384956.315871,tb7,-0.18,0.26532293628818
1777384956.3236973,tb3,-0.0010353394347848593,1.5
1777384956.3523216,tb1,-0.161413764298395,1.5
1777384956.3604841,tb2,0.18,0.5478218257394296
1777384956.3657649,tb7,-0.18,0.27984562254306283
1777384956.3736916,tb3,-0.01524288088369357,1.5
1777384956.402331,tb1,-0.15269774818133366,1.5
1777384956.4104524,tb2,0.18,0.3057794421336789
1777384956.4159243,tb7,-0.18,0.30716757684570295
1777384956.4239168,tb3,0.04788605020130925,1.5
1777384956.452439,tb1,-0.14323339005100325,1.5
1777384956.4605727,tb2,0.18,0.1639517641118383
1777384956.4659944,tb7,-0.18,0.358996438701829
1777384956.4738336,tb3,0.051687157387361064,1.5
1777384956.502267,tb1,-0.13309041268072788,1.5
1777384956.5105531,tb2,0.18,0.09715093706487385
1777384956.515901,tb7,-0.18,0.39653932641703726
1777384956.5236251,tb3,0.05302135412606606,1.5000000000000002
1777384956.5523996,tb1,-0.12020299122019462,1.5
1777384956.5605986,tb2,0.18,-0.0009412614446875631
1777384956.5657246,tb7,-0.18,0.45213764246567323
1777384956.5738573,tb3,0.0512634157758901,1.5
1777384956.6023433,tb1,-0.10685386441671847,1.5
1777384956.6105845,tb2,0.18,-0.14906146170876386
1777384956.6166508,tb7,-0.18,0.5082610177630248
1777384956.6237013,tb3,0.04771405618194421,1.5000000000000002
1777384956.652343,tb1,-0.09434941289185482,1.5
1777384956.6605856,tb2,0.18,-0.21523116855495053
1777384956.6657383,tb7,-0.18,0.6011276553352475
1777384956.6738162,tb3,0.11592788458310695,1.5
1777384956.7023642,tb1,-0.0781692705182676,1.5
1777384956.7105572,tb2,0.18,-0.2662201805157972
1777384956.7159772,tb7,-0.18,0.6810482578866996
1777384956.723778,tb3,0.12450365724782389,1.5
1777384956.752338,tb1,-0.06613172317486771,1.5
1777384956.760593,tb2,0.18,-0.3078728157213255
1777384956.7657425,tb7,-0.18,0.7646841116740699
1777384956.7737813,tb3,0.12422154792625724,1.5
1777384956.8022726,tb1,-0.053951696261111376,1.5
1777384956.8104804,tb2,0.18,-0.3515125948404258
1777384956.8158083,tb7,-0.18,0.8798176621472502
1777384956.8235674,tb3,0.12054272253281023,1.5
1777384956.8522477,tb1,-0.042576386993735615,1.5
1777384956.860608,tb2,0.18,-0.3452820659593355
1777384956.8657534,tb7,-0.18,1.0141691248908755
1777384956.8738086,tb3,0.1100041304954582,1.5
1777384956.902317,tb1,-0.031017718765449412,1.5
1777384956.9105794,tb2,0.18,-0.35283267697974796
1777384956.9159627,tb7,-0.18,1.1796106045369175
1777384956.923736,tb3,0.09682469731969327,1.5
1777384956.9523323,tb1,-0.019384361172472084,1.5
1777384956.9605858,tb2,0.18,-0.33037260450504136
1777384956.9657454,tb7,-0.18,1.3594362945850489
1777384956.9738297,tb3,0.08346711260174454,1.5
1777384957.0023358,tb1,-0.008668889615133407,1.5
1777384957.0106442,tb2,0.18,-0.3143257611582443
1777384957.0157254,tb7,-0.17459174009393205,1.5
1777384957.023749,tb3,0.07177064182014868,1.5
1777384957.0523398,tb1,0.0012211050779841117,1.5
1777384957.0605073,tb2,0.18,-0.2958028927467592
1777384957.0659811,tb7,-0.15487041775495314,1.5
1777384957.0737996,tb3,0.0617670476621149,1.5
1777384957.1022592,tb1,0.012240915785022004,1.5000000000000002
1777384957.1105757,tb2,0.18,-0.2607657304739451
1777384957.1158314,tb7,-0.14234587879324195,1.5
1777384957.1235747,tb3,0.05115278248082419,1.5
1777384957.1523592,tb1,0.025058847813849403,1.5
1777384957.1606221,tb2,0.18000000000000002,-0.20835333049131563
1777384957.1659274,tb7,-0.1317538076589403,1.5
1777384957.1737022,tb3,0.04184079499679572,1.5
1777384957.2022557,tb1,0.03610015751701382,1.5
1777384957.2105536,tb2,0.18,-0.17041497183502846
1777384957.215863,tb7,-0.122278470894716,1.5
1777384957.2236671,tb3,0.03478078585939318,1.5
1777384957.2522874,tb1,0.046363236762891516,1.5
1777384957.260507,tb2,0.18,-0.11362042740702381
1777384957.2659283,tb7,-0.09021218851830086,1.5
1777384957.2738812,tb3,0.03076079389236434,1.5
1777384957.3023024,tb1,0.05739881419511062,1.5
1777384957.310266,tb2,0.18,-0.0704020501880938
1777384957.315883,tb7,-0.07789391353617924,1.5
1777384957.3237493,tb3,0.025901479795365594,1.5
1777384957.352234,tb1,0.06802373825136741,1.5
1777384957.3606439,tb2,0.18,-0.017996729059110737
1777384957.3657508,tb7,-0.066523065463891,1.5
1777384957.373821,tb3,0.01909330846937275,1.5
1777384957.4022336,tb1,0.07649721100796132,1.5
1777384957.4106464,tb2,0.18000000000000002,0.038262899777407086
1777384957.4158618,tb7,-0.05193501826955591,1.5
1777384957.4237232,tb3,0.01058511421804907,1.5
1777384957.4523463,tb1,0.10895332708900204,1.5
1777384957.4605753,tb2,0.18,0.07776587263864385
1777384957.4659598,tb7,0.008227852909717724,1.5
1777384957.4735234,tb3,0.0017594765964194018,1.4999999999999998
1777384957.5022159,tb1,0.1212665047251026,1.5
1777384957.5105562,tb2,0.18000000000000002,0.10147806218760638
1777384957.5159564,tb7,0.0376648543544429,1.5
1777384957.523629,tb3,-0.006471497587738557,1.5
1777384957.5524774,tb1,0.11709355471218603,1.5
1777384957.56049,tb2,0.17999999999999997,0.13336400194181863
1777384957.565869,tb7,0.09318260126981671,1.5
1777384957.57365,tb3,-0.01342030240040271,1.5
1777384957.6022625,tb1,0.11078524874458914,1.5000000000000002
1777384957.6104357,tb2,0.18,0.1719534867234334
1777384957.615878,tb7,0.18,1.4337723079666989
1777384957.623655,tb3,-0.01739099825322463,1.4999999999999998
1777384957.6521654,tb1,0.10732335147006485,1.5
1777384957.6605752,tb2,0.18,0.18547774500766825
1777384957.6659684,tb7,0.18,0.6790917359141923
1777384957.6736546,tb3,-0.015115683366582117,1.5
1777384957.7022688,tb1,0.11400815662432588,1.5
1777384957.710573,tb2,0.18,0.21351127719907378
1777384957.7158046,tb7,0.18,0.11373960031232169
1777384957.723653,tb3,-0.008649228913174116,1.5
1777384957.75232,tb1,0.12112474585887868,1.5
1777384957.7604363,tb2,0.18,0.23854932990718003
1777384957.76663,tb7,0.18,-0.2738886465813858
1777384957.7738168,tb3,-0.000742543505150473,1.5000000000000002
1777384957.8023853,tb1,0.12857027087785125,1.5
1777384957.8105085,tb2,0.18,0.17520436577231444
1777384957.815866,tb7,0.18,-0.5722554726999067
1777384957.8237152,tb3,0.009002068100643716,1.5
1777384957.8521755,tb1,0.13573317308923313,1.5
1777384957.8605778,tb2,0.18,0.22061362504871465
1777384957.8659825,tb7,0.18,-0.8617741109791194
1777384957.8737564,tb3,0.01959011527986345,1.5
1777384957.9022694,tb1,0.14298287825207262,1.5
1777384957.910495,tb2,0.18,0.25885661699448675
1777384957.915794,tb7,0.18,-1.013255705001351
1777384957.9237232,tb3,0.030772425439967277,1.5
1777384957.9524336,tb1,0.15228079836299832,1.5
1777384957.9604945,tb2,0.18,0.274469997350828
1777384957.966575,tb7,0.18,-1.1682937986377113
1777384957.9737663,tb3,0.04190580624393268,1.4999999999999998
1777384958.002391,tb1,0.16258309276158006,1.5
1777384958.0105357,tb2,0.18000000000000002,0.21285252537946822
1777384958.0160317,tb7,0.18,-1.3325991599965727
1777384958.0237339,tb3,0.053166890563778935,1.5
1777384958.0521479,tb1,0.1762954452637068,1.5
1777384958.060503,tb2,0.18,0.22161169885061807
1777384958.065818,tb7,0.17748666578240652,-1.5
1777384958.0737193,tb3,-0.18,-0.36804504618096434
1777384958.1023533,tb1,0.18,1.398903515058215
1777384958.1105616,tb2,0.18,0.23253568787489917
1777384958.1158817,tb7,0.1573558313866788,-1.5
1777384958.123629,tb3,-0.18,-0.2627979341010302
1777384958.1523466,tb1,0.18,1.296244546894389
1777384958.1606321,tb2,0.18,0.23855792011732074
1777384958.165856,tb7,0.14764240117882535,-1.5
1777384958.1737533,tb3,-0.18,-0.15344820894302358
1777384958.2022827,tb1,0.18,1.163699328978173
1777384958.210478,tb2,0.18,0.2613489811929408
1777384958.2158914,tb7,0.1410091943045782,-1.5
1777384958.22357,tb3,-0.18,-0.04832423101824113
1777384958.2524278,tb1,0.18,1.0828010541585111
1777384958.261372,tb2,0.18,0.2608855627279894
1777384958.2659197,tb7,0.13687443248310238,-1.5
1777384958.273597,tb3,-0.18,0.09091669921954883
1777384958.3022711,tb1,0.18,1.0828010541585111
1777384958.3104625,tb2,0.18,0.2742867358504548
1777384958.3158906,tb7,0.13511287831211755,-1.5
1777384958.323637,tb3,-0.18,0.1679748034331964
1777384958.3523958,tb1,0.18,1.0828010541585111
1777384958.360501,tb2,0.18,0.28269197639744054
1777384958.3659482,tb7,0.13820235609657067,-1.5
1777384958.3736696,tb3,-0.18,0.260659111916215
1777384958.4022763,tb1,0.18,1.0828010541585111
1777384958.4106681,tb2,0.18,0.21076300363540432
1777384958.4159002,tb7,0.14373764691625282,-1.5
1777384958.423659,tb3,-0.18,0.34710983059220296
1777384958.452345,tb1,0.18,1.0827665038724292
1777384958.4605746,tb2,0.18,0.2011495863027702
1777384958.4658253,tb7,0.15324359865244616,-1.5
1777384958.4737437,tb3,-0.18,0.4988131064592318
1777384958.5023575,tb1,0.18,1.0827665038724292
1777384958.5105472,tb2,0.18,0.20952353308616312
1777384958.515907,tb7,0.16419058310324255,-1.5
1777384958.5236435,tb3,-0.18,0.6160775690220919
1777384958.5523515,tb1,0.18,1.0827665038724292
1777384958.5605874,tb2,0.18,0.21513448563998164
1777384958.5659447,tb7,0.17743248150329294,-1.5
1777384958.5737193,tb3,-0.18,0.7347050225408928
1777384958.6022809,tb1,0.18,1.0827665038724292
1777384958.6106558,tb2,0.18,0.08855354073546652
1777384958.6159892,tb7,0.18,-1.3991061512307044
1777384958.6237392,tb3,-0.18,0.8748766966705152
1777384958.6522887,tb1,0.18,1.0827264210515224
1777384958.6606867,tb2,0.18,0.08412591758168955
1777384958.6659002,tb7,0.18,-1.2923086111611595
1777384958.6737394,tb3,-0.18,1.049906637823982
1777384958.702374,tb1,0.18,1.0827264210515224
1777384958.710484,tb2,0.18,0.0921339043377856
1777384958.715874,tb7,0.18,-1.1985783515955275
1777384958.7237206,tb3,-0.18,1.2097763795166776
1777384958.7523184,tb1,0.18,1.0827264210515224
1777384958.7604818,tb2,0.18,0.11072123193848488
1777384958.7659018,tb7,0.17999999999999997,-0.9339073431339213
1777384958.7737498,tb3,-0.18,1.3833565764673161
1777384958.8023353,tb1,0.18,1.0827264210515224
1777384958.8104892,tb2,0.18,0.025286796653122712
1777384958.8158479,tb7,0.18,-0.5757407984735806
1777384958.823736,tb3,-0.17172475610988133,1.4999999999999998
1777384958.8523777,tb1,0.18,1.082706033452664
1777384958.8605466,tb2,0.18,0.014329487921245478
1777384958.865975,tb7,0.18,-0.4896408750054102
1777384958.8737493,tb3,-0.14304838815527476,1.5
1777384958.9023294,tb1,0.18,1.082706033452664
1777384958.910466,tb2,0.18,0.010495821337266637
1777384958.9159389,tb7,0.18,-0.1585303977440098
1777384958.9236693,tb3,-0.12457974389339824,1.5
1777384958.9524052,tb1,0.18,-0.9324234890224964
1777384958.9604554,tb2,0.18,0.012601024948701934
1777384958.9660268,tb7,0.18,0.26472404262354654
1777384958.9737718,tb3,-0.10798669640270435,1.5
1777384959.0022862,tb1,0.18,-1.0740232691817988
1777384959.010412,tb2,0.18,-0.011127115640377555
1777384959.0160213,tb7,0.18,0.7848936406964012
1777384959.0236928,tb3,-0.09236977215235635,1.5
1777384959.052359,tb1,0.18,-1.074049909509474
1777384959.0605795,tb2,0.18,-0.002853413104466278
1777384959.0660503,tb7,0.18,1.3821052702993217
1777384959.0735657,tb3,0.18,-0.3615384185022284
1777384959.1023788,tb1,0.18,-1.074049909509474
1777384959.1104546,tb2,0.18,0.003631071201086442
1777384959.1159847,tb7,0.11694368774131912,1.5
1777384959.123751,tb3,0.18,-0.49906012024414087
1777384959.1525733,tb1,0.18,-1.074049909509474
1777384959.1605523,tb2,0.18,0.024860166493258222
1777384959.1659184,tb7,0.0625170806749405,1.5
1777384959.173774,tb3,0.18,-0.6331488897929695
1777384959.2022772,tb1,0.18,-1.074049909509474
1777384959.2105596,tb2,0.18,0.045709224208946526
1777384959.215895,tb7,0.026274995794734173,1.5
1777384959.22364,tb3,0.18,-0.7805331943840321
1777384959.2522666,tb1,0.18,-1.0740772193266268
1777384959.2603433,tb2,0.18,0.07850526206262219
1777384959.2658787,tb7,-0.007399755177414123,1.5
1777384959.2737312,tb3,0.18,-0.9383971337987557
1777384959.3023472,tb1,0.18,-1.0740772193266268
1777384959.3104162,tb2,0.18,0.10256160005236135
1777384959.315763,tb7,-0.03242704198530823,1.5
1777384959.3236768,tb3,0.18,-1.0506052537088162
1777384959.3523624,tb1,0.18,-1.0740772193266268
1777384959.360661,tb2,0.18,0.13367561875287118
1777384959.3659656,tb7,-0.0557844724655823,1.5
1777384959.3736908,tb3,0.18,-1.1067983111578867
1777384959.4022808,tb1,0.18,-1.0740772193266268
1777384959.4105077,tb2,0.18,0.2486078139905224
1777384959.4159522,tb7,-0.07844069721026864,1.5
1777384959.4236665,tb3,0.18,-1.1495519658663045
1777384959.4523318,tb1,0.18,-1.0740991338020165
1777384959.460583,tb2,0.18,0.2566294170055383
1777384959.4660027,tb7,-0.15863766786548741,1.5
1777384959.4736922,tb3,0.18,-1.1761376963246646
1777384959.5022843,tb1,0.18,-1.0740991338020165
1777384959.5105488,tb2,0.18,0.28093729966779407
1777384959.5159645,tb7,-0.1762670065266801,1.5
1777384959.5236804,tb3,0.18,-1.2142188538912786
1777384959.552363,tb1,0.18,-1.0740991338020165
1777384959.5604994,tb2,0.18,0.28758085149516793
1777384959.5659215,tb7,-0.18,1.4160069400228612
1777384959.5736938,tb3,0.18,-1.2447101365373339
1777384959.6023407,tb1,0.18,-1.0740991338020165
1777384959.610639,tb2,0.18,0.36224949727393096
1777384959.6159956,tb7,-0.18,1.3045831178070666
1777384959.6236985,tb3,0.18,-1.2832776771501402
1777384959.652365,tb1,0.18,-1.0741239577521677
1777384959.6605968,tb2,0.18,0.3495459636517046
1777384959.6660542,tb7,-0.18,1.1186260442393965
1777384959.6737826,tb3,0.18,-1.3314289004216926
1777384959.702342,tb1,0.18,-1.0741239577521677
1777384959.7104778,tb2,0.18,0.3663745343148972
1777384959.715974,tb7,-0.18,1.0484184441146966
1777384959.7237601,tb3,0.18,-1.3836388402376394
1777384959.7525678,tb1,0.18,-1.0741239577521677
1777384959.7605512,tb2,0.18,0.34320170170751585
1777384959.7658901,tb7,-0.18,1.0153921388607559
1777384959.7737732,tb3,0.18,-1.4462877436034651
1777384959.8023705,tb1,0.18,-1.0741239577521677
1777384959.8104908,tb2,0.18,0.5651892148001149
1777384959.815989,tb7,-0.18,0.9899758201881778
1777384959.823748,tb3,0.17902742905731922,-1.5
1777384959.852361,tb1,0.18,-1.074149327122674
1777384959.8604944,tb2,0.18,0.5284489333725831
1777384959.8660235,tb7,-0.18,0.9508840500234603
1777384959.8736987,tb3,0.1699971776601483,-1.5
1777384959.9024901,tb1,0.18,-1.074149327122674
1777384959.910536,tb2,0.18,0.5133292032197766
1777384959.9159322,tb7,-0.18,0.9885528973780865
1777384959.9236844,tb3,0.15871514242084706,-1.5
1777384959.9524071,tb1,0.18,-1.074149327122674
1777384959.9605148,tb2,0.18,0.4992970417273802
1777384959.9659438,tb7,-0.18000000000000002,1.0533276825452316
1777384959.973855,tb3,0.14276185179675005,-1.5
1777384960.0022643,tb1,0.18,-1.074149327122674
1777384960.0106468,tb2,0.18,0.6182020177630663
1777384960.01595,tb7,-0.18,1.192178654595495
1777384960.023794,tb3,0.126662898174966,-1.5
1777384960.0524218,tb1,0.18,-1.074169199552206
1777384960.0606437,tb2,0.18,0.5710611484973124
1777384960.0660284,tb7,-0.17999999999999997,1.3167525855165938
1777384960.0738006,tb3,0.10804205384570252,-1.5
1777384960.1023614,tb1,0.18,-1.074169199552206
1777384960.1105595,tb2,0.18,0.5301179307080698
1777384960.1158645,tb7,-0.18,1.4924536301566733
1777384960.1237385,tb3,0.09007033820892674,-1.5
1777384960.1523526,tb1,0.18,-1.074169199552206
1777384960.1606536,tb2,0.18,0.4902115278150606
1777384960.1660404,tb7,-0.15757378207108697,1.5
1777384960.1737485,tb3,0.0741518631127597,-1.5
1777384960.2022774,tb1,-0.0033801559207371217,-1.5
1777384960.2105813,tb2,0.18,0.5979479218474145
1777384960.216044,tb7,-0.13683561673485287,1.4999999999999998
1777384960.2237568,tb3,0.06551725877455182,-1.5
1777384960.2523575,tb1,-0.008923230027792632,-1.5
1777384960.2604847,tb2,0.18,0.5128352290747255
1777384960.2659385,tb7,-0.1218483519120003,1.5
1777384960.2738445,tb3,0.06659267479254595,-1.5
1777384960.3023846,tb1,-0.011339955981994256,-1.5
1777384960.310538,tb2,0.18,0.4580452545914356
1777384960.3158796,tb7,-0.1084185908232429,1.5
1777384960.3236997,tb3,0.07227852227763787,-1.5
1777384960.3524573,tb1,-0.013585992425609648,-1.5
1777384960.360589,tb2,0.18,0.39249363730339865
1777384960.3658786,tb7,-0.09620294519607794,1.5
1777384960.3735223,tb3,0.08116092052729876,-1.5
1777384960.4024427,tb1,-0.0140588551533829,-1.5
1777384960.410491,tb2,0.18,0.33028937550807125
1777384960.4158783,tb7,-0.08557510048055783,1.5
1777384960.4237323,tb3,0.09371727512698434,-1.5
1777384960.4522724,tb1,-0.015564155365847277,-1.5
1777384960.460668,tb2,0.18,0.28772869266059026
1777384960.4659805,tb7,-0.0777449985770424,1.5
1777384960.4738703,tb3,0.10911267620587191,-1.5
1777384960.5023844,tb1,-0.012115242803104226,-1.5
1777384960.5104885,tb2,0.18,0.22942491953811595
1777384960.515786,tb7,-0.07026793735653487,1.5
1777384960.5237217,tb3,0.1258746901529988,-1.5
1777384960.5524194,tb1,-0.006248378324096858,-1.5
1777384960.5604422,tb2,0.18,0.17093482385221073
1777384960.565805,tb7,-0.0635641437315046,1.5
1777384960.5736752,tb3,0.14299393028038795,-1.5
1777384960.602448,tb1,-0.0013309119008444985,-1.5
1777384960.61049,tb2,0.18,-0.2132661628302267
1777384960.6158972,tb7,-0.05529881505781153,1.5
1777384960.6236567,tb3,0.15600700776561582,-1.5
1777384960.6522408,tb1,-0.0013299030866512382,-1.5000000000000002
1777384960.6605794,tb2,0.18,-0.259989807951221
1777384960.665976,tb7,-0.045411537082028275,1.5
1777384960.6736026,tb3,0.17131074740272195,-1.5
1777384960.7024884,tb1,-0.0013299030866512382,-1.5000000000000002
1777384960.7105932,tb2,0.18,-0.32253194068424396
1777384960.7157414,tb7,-0.03847298283419033,1.5
1777384960.7237284,tb3,0.18,-1.4074920163836813
1777384960.7523518,tb1,-0.0013299030866512382,-1.5000000000000002
1777384960.7607248,tb2,0.18,-0.34235082244374127
1777384960.7658992,tb7,-0.02686711565928902,1.5
1777384960.7737408,tb3,0.18,-1.2507248436067246
1777384960.8023942,tb1,-0.0013299030866512382,-1.5000000000000002
1777384960.8104174,tb2,0.18000000000000002,-0.3419450071807707
1777384960.8158133,tb7,-0.014999627700314561,1.5
1777384960.823765,tb3,0.18,-1.116040074306559
1777384960.8523278,tb1,-0.0013293332977833616,-1.5
1777384960.8604503,tb2,0.18,-0.2793232993830177
1777384960.8658922,tb7,-0.0014678437512553298,1.5
1777384960.8735588,tb3,0.18,-0.994588898544242
1777384960.9023001,tb1,-0.0013293332977833616,-1.5
1777384960.9106696,tb2,0.18,-0.27769692291056736
1777384960.915868,tb7,0.010761474371316807,1.5
1777384960.9237309,tb3,0.18,-0.9241021639419699
1777384960.952317,tb1,-0.0013293332977833616,-1.5
1777384960.960467,tb2,0.18,-0.22546789687339758
1777384960.96573,tb7,0.023401236497186173,1.5
1777384960.973594,tb3,0.18,-0.840200532050508
1777384961.0023587,tb1,-0.0013293332977833616,-1.5
1777384961.0104456,tb2,0.18,-0.17712643953750207
1777384961.0157497,tb7,0.03508046956134051,1.5
1777384961.0236514,tb3,0.18,-0.773426741067991
1777384961.0523438,tb1,0.11532689483102632,-1.5
1777384961.0605898,tb2,0.18,0.0575465841888726
1777384961.0659256,tb7,0.05249053047721825,1.4999999999999998
1777384961.0737283,tb3,0.18,-0.7159161172366498
1777384961.1022701,tb1,0.13163122890911746,-1.5
1777384961.110663,tb2,0.18,0.12766739003250868
1777384961.1158576,tb7,0.06617606026187695,1.5
1777384961.1236892,tb3,0.18,-0.6623066613170469
1777384961.1525054,tb1,0.13163122890911746,-1.5
1777384961.1605418,tb2,0.18,0.20993823919871646
1777384961.1659806,tb7,0.08052712144872146,1.5
1777384961.1736002,tb3,0.18,-0.6073568417728277
1777384961.2023728,tb1,0.16395158800465667,-1.5
1777384961.2104917,tb2,0.18,0.2510319335984117
1777384961.215983,tb7,0.09361190189745455,1.5
1777384961.2237391,tb3,0.18,-0.5662741813792278
1777384961.252342,tb1,0.17453965465543028,-1.5
1777384961.2604454,tb2,0.18,0.043341097586157507
1777384961.265834,tb7,0.12494134363613311,1.5
1777384961.273767,tb3,0.18,-0.5312424935967427
1777384961.3025281,tb1,0.18,-1.4363027160901238
1777384961.3106945,tb2,0.18,0.005355851829182461
1777384961.315978,tb7,0.1503649726413948,1.5
1777384961.3236697,tb3,0.18,-0.4835328884133044
1777384961.3524106,tb1,0.18,-1.413546373013365
1777384961.3604455,tb2,0.18,-0.0033303279825855855
1777384961.3659904,tb7,0.17821638721794417,1.5
1777384961.373851,tb3,0.18,-0.45370589958299873
1777384961.40239,tb1,0.18,-1.413546373013365
1777384961.410502,tb2,0.18,-0.024104554030316458
1777384961.4159582,tb7,0.18,1.2770251131028667
1777384961.4237196,tb3,0.18,-0.29099651018007877
1777384961.452279,tb1,0.033387001774108804,-1.5
1777384961.460714,tb2,0.18,-0.0734728717300111
1777384961.4660227,tb7,0.18,1.0224036743335314
1777384961.473821,tb3,0.17999999999999997,0.4756171505898501
1777384961.502428,tb1,0.033387001774108804,-1.5
1777384961.5106497,tb2,0.18,-0.08725316711819936
1777384961.5157666,tb7,0.18,0.8281146109235235
1777384961.5236437,tb3,0.11713831267162692,1.5
1777384961.5523205,tb1,0.033387001774108804,-1.5
1777384961.5606513,tb2,0.18,-0.017011125017058683
1777384961.5657651,tb7,0.18,0.6752169378692898
1777384961.5735734,tb3,-0.04688815218503083,1.5
1777384961.6023004,tb1,0.033387001774108804,-1.5
1777384961.6105807,tb2,0.18,-0.008098850073593386
1777384961.6159415,tb7,0.18,0.5568671206965854
1777384961.6237223,tb3,-0.1607270570565341,1.5
1777384961.652265,tb1,-0.032704672303705946,-1.5
1777384961.6606796,tb2,0.18,0.034996282278625786
1777384961.6660974,tb7,0.18,-0.4820013348305963
1777384961.673607,tb3,-0.17999999999999997,1.3085177180171246
1777384961.7022455,tb1,-0.032704672303705946,-1.5
1777384961.71065,tb2,0.18,0.05889395318153558
1777384961.7157784,tb7,0.18,-0.804749943714572
1777384961.7235765,tb3,-0.18,1.4813784360207858
1777384961.7523859,tb1,-0.032704672303705946,-1.5
1777384961.760533,tb2,0.18,0.09423318636026816
1777384961.7659957,tb7,0.18,-0.9977554329023355
1777384961.7737017,tb3,-0.14315268145506774,1.5
1777384961.802455,tb1,-0.032704672303705946,-1.5
1777384961.8105624,tb2,0.18,0.1068955211375216
1777384961.8157742,tb7,0.18000000000000002,-1.3456607572570476
1777384961.8237681,tb3,-0.09529755615998468,1.5
1777384961.852264,tb1,-0.04813064882204752,-1.5
1777384961.8605945,tb2,0.18,0.1576289984625974
1777384961.8658028,tb7,0.06424056864417532,-1.5
1777384961.8736472,tb3,-0.07488775892142754,1.5
1777384961.9023023,tb1,-0.04813064882204752,-1.5
1777384961.9105306,tb2,0.18,0.1500385636473299
1777384961.9160457,tb7,0.05578495291612537,-1.5
1777384961.9237263,tb3,-0.011564181361237403,1.5
1777384961.9524112,tb1,-0.04813064882204752,-1.5
1777384961.960691,tb2,0.18,0.10643472019940221
1777384961.9658308,tb7,0.06316003725738353,-1.5
1777384961.9737623,tb3,0.021666422200498338,1.5
1777384962.0022874,tb1,-0.04813064882204752,-1.5
1777384962.0106428,tb2,0.18,0.12565852219673257
1777384962.0158489,tb7,0.08497468383337922,-1.5000000000000002
1777384962.0237007,tb3,0.1422704596639903,1.5
1777384962.0522633,tb1,-0.02800361899363563,-1.5
1777384962.0605931,tb2,0.18,0.1563934991529461
1777384962.065789,tb7,0.18,-0.5206169881495899
1777384962.0739436,tb3,0.18,0.34867857910352074
1777384962.1024563,tb1,-0.02800361899363563,-1.5
1777384962.110641,tb2,0.18,0.15600236659563513
1777384962.115965,tb7,0.18,-0.20685343386644997
1777384962.1237206,tb3,0.18,-0.15903232768613348
1777384962.1524224,tb1,-0.02800361899363563,-1.5
1777384962.160441,tb2,0.18,0.1457761497866075
1777384962.1657896,tb7,0.18,0.05443686356988797
1777384962.17377,tb3,0.18,-0.2699344356598979
1777384962.202291,tb1,-0.02800361899363563,-1.5
1777384962.210466,tb2,0.18,0.17448448449231999
1777384962.21597,tb7,0.18,0.2389123793518508
1777384962.2237668,tb3,0.18,-0.10330541665199201
1777384962.2522466,tb1,-0.02577033845843204,-1.5
1777384962.2604396,tb2,0.18,0.08966086956239978
1777384962.2658336,tb7,0.18,0.9631786435608886
1777384962.2737007,tb3,0.18,-0.11412789858382621
1777384962.302399,tb1,-0.02577033845843204,-1.5
1777384962.310595,tb2,0.18,0.07554926888017784
1777384962.316054,tb7,0.18,0.9962532213099371
1777384962.323545,tb3,0.18,0.5312038598026775
1777384962.3524454,tb1,-0.02577033845843204,-1.5
1777384962.3605359,tb2,0.18,0.025262247503470676
1777384962.365825,tb7,0.18,1.0165013913531717
1777384962.3736534,tb3,0.07271366078610861,1.5
1777384962.4024134,tb1,-0.02577033845843204,-1.5
1777384962.4106374,tb2,0.18,0.08672004522603284
1777384962.4158413,tb7,0.18,0.9650542290364785
1777384962.423742,tb3,-0.023386640154135906,1.5
1777384962.452257,tb1,-0.05053481417360547,-1.5
1777384962.4605942,tb2,0.18,-0.17271887157390786
1777384962.465725,tb7,0.18,0.4431987137164191
1777384962.4737003,tb3,-0.03351500863776917,1.5000000000000002
1777384962.5023112,tb1,0.17999999999999997,-0.9610665924694928
1777384962.510384,tb2,0.18,-0.21409496353096089
1777384962.5159407,tb7,0.18,0.2940668737493778
1777384962.5236645,tb3,-0.04234036485775098,1.4999999999999998
1777384962.5523663,tb1,0.18,-0.7191020213790229
1777384962.560633,tb2,0.18,-0.24784985570519313
1777384962.5659106,tb7,0.18,0.14926690509923324
1777384962.5736434,tb3,-0.01360464001839999,1.5
1777384962.6023362,tb1,0.18,-0.5202591691733939
1777384962.610678,tb2,0.18000000000000002,-0.17343245433270513
1777384962.6159663,tb7,0.18,-0.0046086808283617746
1777384962.6237447,tb3,0.05110191840606748,1.5
1777384962.6523502,tb1,0.18,-0.4753246158339695
1777384962.6606581,tb2,0.18,-0.4343827182693018
1777384962.6658692,tb7,0.18,-1.1819202889082825
1777384962.6736422,tb3,0.18,-0.049647532782189585
1777384962.7023325,tb1,0.18,-0.5004879167098576
1777384962.7107127,tb2,0.18,-0.40897326342143575
1777384962.7158942,tb7,0.18,-1.4274309012374082
1777384962.7236261,tb3,0.18,-0.9099096292886526
1777384962.7523189,tb1,0.18,-0.5593008492752297
1777384962.7606478,tb2,0.18,-0.3116974579846545
1777384962.7658792,tb7,0.17223034356398373,-1.5
1777384962.773718,tb3,0.18,-1.465166957527572
1777384962.8024073,tb1,0.18,-0.6829751424000226
1777384962.810591,tb2,0.18,-0.206701749205534
1777384962.8159125,tb7,0.17829640791626375,-1.5
1777384962.8237047,tb3,0.15790652990247914,-1.5
1777384962.8522415,tb1,0.18,-0.9394537578527836
1777384962.8604944,tb2,0.18,0.04358646422226151
1777384962.86582,tb7,0.13042025290877532,-1.5
1777384962.8735821,tb3,0.12745062822757947,-1.5
1777384962.9023664,tb1,0.18,-1.0567896282771192
1777384962.910509,tb2,0.18,0.130565223400154
1777384962.9160078,tb7,0.16137622324425913,-1.5
1777384962.92369,tb3,0.14082801363258213,-1.5
1777384962.9522395,tb1,0.18,-1.1530190986415785
1777384962.9604907,tb2,0.18,0.23947450575097926
1777384962.9658802,tb7,0.18,-1.188846087926571
1777384962.9736671,tb3,0.16295888214393023,-1.5
1777384963.0025067,tb1,0.18,-1.294311383507032
1777384963.0105603,tb2,0.18,0.3854658373363857
1777384963.0160985,tb7,0.18,-0.7661401629877144
1777384963.023686,tb3,0.18,-1.3593546657111057
1777384963.052258,tb1,0.18,-1.4432826552560079
1777384963.0604482,tb2,0.18,0.8425292690535342
1777384963.066011,tb7,0.18,-0.5834579671727882
1777384963.0737016,tb3,0.18,-0.643895041673196
1777384963.1023371,tb1,0.176394674011048,-1.5
1777384963.1104476,tb2,0.18,0.8330665542682947
1777384963.116081,tb7,0.18,-0.2822665207738033
1777384963.123669,tb3,0.18,-0.16720954057355292
1777384963.1523843,tb1,0.16965186988783368,-1.5
1777384963.1605854,tb2,0.18,0.8497198090005696
1777384963.1659305,tb7,0.18,-0.05776003073308257
1777384963.1736677,tb3,0.18000000000000002,0.3427595395370991
1777384963.202324,tb1,0.16643415910650092,-1.5
1777384963.2106748,tb2,0.18,0.7195467312348993
1777384963.2159207,tb7,0.18,0.05983060118457145
1777384963.2235456,tb3,0.18,1.0702019504155695
1777384963.2522395,tb1,0.14893695456419123,-1.4999999999999998
1777384963.260642,tb2,0.18,1.1737422410543765
1777384963.265751,tb7,0.18,-0.36085468325009246
1777384963.2737954,tb3,0.14245416276468828,1.5
1777384963.302277,tb1,0.1497721587089432,-1.5
1777384963.3105397,tb2,0.18,0.9547975878728325
1777384963.3157995,tb7,0.18,-0.21690046055102172
1777384963.3237627,tb3,0.08323181936927747,1.5
1777384963.352352,tb1,0.14972051890176818,-1.5
1777384963.3604743,tb2,0.18,0.7736308702123388
1777384963.3658981,tb7,0.18,-0.0687585967962595
1777384963.3737342,tb3,0.06371976604580971,1.5
1777384963.402306,tb1,0.15368136316008116,-1.5
1777384963.4105036,tb2,0.18,0.48706274720660764
1777384963.4159894,tb7,0.18,0.08032759613304781
1777384963.4236972,tb3,0.05499798300208291,1.5
1777384963.452223,tb1,0.14501859316465315,-1.5
1777384963.460499,tb2,0.18,0.49451752410481
1777384963.4658747,tb7,0.18,-1.3187604980028869
1777384963.473763,tb3,0.15922124678107238,1.5
1777384963.5023127,tb1,0.1477213353911658,-1.5000000000000002
1777384963.5105298,tb2,0.18,0.2311978606699148
1777384963.5160632,tb7,0.18,-1.0936480796815566
1777384963.5237598,tb3,0.18,1.1395523318247913
1777384963.552347,tb1,0.15135924758962066,-1.5
1777384963.5605307,tb2,0.18,-0.05073185810631641
1777384963.5659006,tb7,0.18,-0.8376397843116511
1777384963.5737758,tb3,0.18,0.6003829898751312
1777384963.6022584,tb1,0.14932513399907696,-1.5
1777384963.6105027,tb2,0.18,-0.3476666034183508
1777384963.6160047,tb7,0.18,-0.5819526920255575
1777384963.6237288,tb3,0.18000000000000002,0.2964337725085857
1777384963.6522439,tb1,0.1549164073235578,-1.5
1777384963.6604939,tb2,0.18,-0.3665708353913767
1777384963.6659305,tb7,0.16507747294089942,-1.5
1777384963.6737692,tb3,0.18,-0.4340806605235964
1777384963.7024357,tb1,0.15848790296163717,-1.5
1777384963.7104962,tb2,0.18000000000000002,-0.5311587305776779
1777384963.7159953,tb7,0.18,-1.294228746302939
1777384963.7237704,tb3,0.18,-0.41338006115168546
1777384963.752332,tb1,0.1648692614551066,-1.5
1777384963.7605166,tb2,0.18,-0.5795224922512997
1777384963.765903,tb7,0.18,-0.9484930176985904
1777384963.7737126,tb3,0.18,-0.3605873828852052
1777384963.8023417,tb1,0.1637610458137414,-1.5
1777384963.8105812,tb2,0.18,-0.6213613682016492
1777384963.8159642,tb7,0.18,-0.5226152973124201
1777384963.8237782,tb3,0.18,-0.18635490915576677
1777384963.852318,tb1,0.16836081679702533,-1.5
1777384963.860597,tb2,0.18,-0.22977047259772893
1777384963.8659964,tb7,0.18,-1.2101564818290296
1777384963.873747,tb3,0.18,0.2273560106610855
1777384963.9024081,tb1,0.17942596253452328,-1.5
1777384963.9106543,tb2,0.18,-0.08993242936597955
1777384963.9159539,tb7,0.18,-0.8303283722011185
1777384963.9237561,tb3,0.18,0.5871974153865143
1777384963.9523273,tb1,0.17660375017925597,-1.5
1777384963.960592,tb2,0.18,0.22736586068732234
1777384963.966001,tb7,0.18,-0.359556267502659
1777384963.973825,tb3,0.18,1.0616117013710036
1777384964.002421,tb1,0.17992063803591263,-1.5
1777384964.0104353,tb2,0.18,0.39828963164237874
1777384964.0159879,tb7,0.18,0.002142609340487641
1777384964.023759,tb3,0.18,1.2376893633373116
1777384964.0523043,tb1,0.18,-1.4725640194925183
1777384964.0605779,tb2,0.18,0.8552759558144711
1777384964.0659184,tb7,0.18,0.35660305143533083
1777384964.073781,tb3,0.15597532139058204,1.5
1777384964.1024072,tb1,0.18,-1.4725946061971478
1777384964.1105711,tb2,0.18,0.8590421648257799
1777384964.1158857,tb7,0.18,0.6719342919973516
1777384964.1237462,tb3,0.13869561028048827,1.5
1777384964.1523635,tb1,0.18,-1.4833026805663918
1777384964.1605022,tb2,0.18,0.9728678035539357
1777384964.1659408,tb7,0.18,1.01184244094223
1777384964.1737626,tb3,0.15176630209654493,1.5
1777384964.2023668,tb1,0.178597866010286,-1.5000000000000002
1777384964.2105782,tb2,0.1693295028299373,0.6276896733695436
1777384964.2159805,tb7,0.18,1.2407979703734895
1777384964.223731,tb3,0.18,1.3586791986097873
1777384964.2523165,tb1,0.18,-1.4967385084069935
1777384964.2605996,tb2,0.15691567179543123,0.8242910932093923
1777384964.2659044,tb7,0.18,-0.9886298778618962
1777384964.2737134,tb3,0.18,-0.05539083258381357
1777384964.3023198,tb1,0.18,-1.4887077839274676
1777384964.3106353,tb2,0.1363843894293819,0.016141871023060937
1777384964.3159065,tb7,0.18,-0.9978027205538769
1777384964.3237815,tb3,0.18,-0.38926056110802715
1777384964.352476,tb1,0.17420830117548572,-1.5
1777384964.360565,tb2,0.1138584002095591,-0.6685686024686708
1777384964.3659012,tb7,0.18,-0.9072325329744307
1777384964.3738635,tb3,0.18,-0.7036221331319032
1777384964.4022627,tb1,0.17515457894557643,-1.5
1777384964.4104426,tb2,0.09054285399516475,-1.1226310080912447
1777384964.415954,tb7,0.18,-0.8944911276244533
1777384964.423702,tb3,0.18,-0.8958697812133279
1777384964.452316,tb1,0.17812036832708353,-1.5
1777384964.4605963,tb2,0.08311994761145512,-0.725117659176528
1777384964.4657977,tb7,0.09207962092276017,-1.5
1777384964.4738936,tb3,0.18,-1.2482141247061764
1777384964.5023825,tb1,0.18,-1.4744060542241908
1777384964.5104864,tb2,0.07482023822720844,-0.7005514757653422
1777384964.5158234,tb7,0.09259400788900991,-1.5
1777384964.52362,tb3,0.18,-0.9407361407533031
1777384964.5524383,tb1,0.17132617125198205,-1.4999999999999998
1777384964.560533,tb2,0.0730040973787943,-0.25687411313663805
1777384964.5659857,tb7,0.10441593345693029,-1.5
1777384964.5737133,tb3,0.18,-0.7702779873669968
1777384964.6023457,tb1,0.17331829115265024,-1.5
1777384964.6106422,tb2,0.0715134500439982,0.2853114413601738
1777384964.6159286,tb7,0.1378785382990481,-1.5
1777384964.6236794,tb3,0.18,-0.35141753707824047
1777384964.6523082,tb1,0.17775553695152801,-1.5
1777384964.6606052,tb2,0.053217345655072586,1.5
1777384964.6657722,tb7,0.11104943442810418,-1.5
1777384964.6737907,tb3,0.18,1.156609146531909
1777384964.7023578,tb1,0.18,-1.4587160478915335
1777384964.710851,tb2,0.03831234454535781,1.5
1777384964.715807,tb7,0.1668193852132855,-1.5000000000000002
1777384964.723812,tb3,0.16586861414902493,1.5
1777384964.7523866,tb1,0.18,-1.4739486016987664
1777384964.7605171,tb2,0.03797620208399757,1.5
1777384964.7659235,tb7,0.18,-0.8702423071242977
1777384964.773877,tb3,0.1105597869825786,1.4999999999999998
1777384964.8022926,tb1,0.18,-1.46958757998148
1777384964.810639,tb2,0.05355892502805604,1.3883377702463204
1777384964.8160443,tb7,0.18,-0.22790420152512741
1777384964.8237972,tb3,0.09930559517058157,1.5
1777384964.8523238,tb1,0.1765456059844873,-1.5
1777384964.8604867,tb2,0.04317869472924538,0.4410964290141031
1777384964.8659124,tb7,0.18,0.0857174795527581
1777384964.8737552,tb3,0.09391190755668999,1.4999999999999998
1777384964.9024904,tb1,0.17848660346571987,-1.5
1777384964.9107003,tb2,0.021672626288434554,-0.6948388039820325
1777384964.91597,tb7,0.18,0.8035487321569853
1777384964.9238539,tb3,0.12762504802796776,1.5
1777384964.9523227,tb1,0.17802740709497317,-1.5
1777384964.9605477,tb2,-0.01004335718243955,-1.5
1777384964.9658587,tb7,0.15627078074872164,1.5
1777384964.9737535,tb3,0.18,1.1634231240390842
1777384965.00235,tb1,0.17640751784715608,-1.4999999999999998
1777384965.0106459,tb2,-0.02371782247957531,-1.5
1777384965.0160086,tb7,0.10264579934053754,1.5000000000000002
1777384965.0237527,tb3,0.18,0.3364772180625927
1777384965.0522847,tb1,0.17323288665540695,-1.5000000000000002
1777384965.0604732,tb2,-0.01877403845009144,-1.5
1777384965.0659783,tb7,0.07859738908644036,1.5
1777384965.0738971,tb3,0.18,-1.2456614010815543
1777384965.1023335,tb1,0.17765966517546497,-1.5
1777384965.1105363,tb2,-0.004651826881080658,-1.1280443905121136
1777384965.1157935,tb7,0.0755671549208211,1.5
1777384965.1236546,tb3,0.1280623911134459,-1.5
1777384965.1522393,tb1,0.17735283941046853,-1.5
1777384965.1605449,tb2,0.0177268134430911,-0.20934922577843892
1777384965.1658053,tb7,0.09154973108423965,1.4999999999999998
1777384965.1737914,tb3,0.094552592476684,-1.5
1777384965.2023256,tb1,0.1777783211307509,-1.5
1777384965.210602,tb2,0.03550936917862205,1.0192249824418744
1777384965.2159452,tb7,0.11278465229493671,1.5
1777384965.2237225,tb3,0.09046145795993246,-1.5
1777384965.2522855,tb1,0.174538466597117,-1.5
1777384965.2604933,tb2,0.021747180834659364,1.5
1777384965.2659001,tb7,0.09639386879411607,1.5
1777384965.2737274,tb3,0.11481985052744871,-1.5
1777384965.302274,tb1,0.17822675771856938,-1.5
1777384965.3104908,tb2,0.01758116006703006,1.5
1777384965.315922,tb7,0.12117367189681741,1.4999999999999998
1777384965.323912,tb3,0.16758378485490125,-1.5
1777384965.3521817,tb1,0.17853289078427442,-1.5000000000000002
1777384965.3604736,tb2,0.020482801037620693,1.5
1777384965.3658652,tb7,0.1668551804272647,1.5
1777384965.3735704,tb3,0.18,-0.8220628606444637
1777384965.4021647,tb1,0.18,-1.4975122926185145
1777384965.410552,tb2,0.02776693684419079,1.5
1777384965.4158845,tb7,0.18,1.1124768028120402
1777384965.4236312,tb3,0.18,0.08178889223195342
1777384965.452196,tb1,0.17650917691148493,-1.5000000000000002
1777384965.4606457,tb2,0.03797523703929857,1.242117730408023
1777384965.4658878,tb7,0.17999999999999997,0.8068721409510413
1777384965.4737194,tb3,0.18,1.4072965261511248
1777384965.502373,tb1,0.18,-1.4978153257848326
1777384965.5106437,tb2,0.016830629532046254,-0.11740215265005041
1777384965.51574,tb7,0.18,0.4443257017766737
1777384965.5237796,tb3,0.1171036201755929,1.5
1777384965.552323,tb1,0.18,-1.4973735311651895
1777384965.5604882,tb2,-0.019223019865128116,-1.3480753611071155
1777384965.5659618,tb7,0.18,0.10481428224304498
1777384965.573584,tb3,0.08907270898740643,1.5
1777384965.6023636,tb1,0.17928309792227998,-1.5
1777384965.610543,tb2,-0.037381246363000456,-1.5
1777384965.616016,tb7,0.18000000000000002,-0.14218522317008084
1777384965.6235993,tb3,0.08803255727683011,1.5
1777384965.6523087,tb1,0.1766677986116195,-1.5000000000000002
1777384965.660596,tb2,-0.02053385941633542,-1.085931607187161
1777384965.6659794,tb7,0.18,-0.6812375409261087
1777384965.6737623,tb3,0.11353009266485671,1.5
1777384965.7023451,tb1,0.17924797690394884,-1.5
1777384965.7106886,tb2,-0.00448237067643672,-0.6603994959625897
1777384965.7159746,tb7,0.18,-0.7263377117632818
1777384965.7237535,tb3,0.17399083837789991,1.5
1777384965.752323,tb1,0.179054120513083,-1.5
1777384965.76048,tb2,0.02319943624717077,0.23394241277024114
1777384965.7659028,tb7,0.18,-0.7382144266031484
1777384965.7739735,tb3,0.18,0.6755791783103559
1777384965.802332,tb1,0.17796720691112294,-1.4999999999999998
1777384965.8106282,tb2,0.04179561398872374,1.1211379035648348
1777384965.8158965,tb7,0.18,-0.5331959250648031
1777384965.8238347,tb3,0.18,-0.17160570963296667
1777384965.8523939,tb1,0.17444995708587602,-1.4999999999999998
1777384965.8604398,tb2,0.03921255472217154,1.5
1777384965.865839,tb7,0.18,-1.3913178077091177
1777384965.8737314,tb3,0.18000000000000002,-1.1329426873842525
1777384965.9023092,tb1,0.17839759566979435,-1.5
1777384965.9104438,tb2,0.037508493614883995,1.5
1777384965.915924,tb7,0.17999999999999997,-1.1144562819307902
1777384965.9237566,tb3,0.14853275039453687,-1.5
1777384965.9524891,tb1,0.17901067550036442,-1.5
1777384965.9606612,tb2,0.039804189859600526,1.5
1777384965.96587,tb7,0.18,-0.6913225101848542
1777384965.9738264,tb3,0.12055415711603261,-1.5
1777384966.0024834,tb1,0.17898796299366337,-1.5
1777384966.0109377,tb2,0.04961700721600992,1.496216260487079
1777384966.015916,tb7,0.18,-0.2621822857875979
1777384966.0238264,tb3,0.11384507180285122,-1.5
1777384966.052388,tb1,0.17869128636293044,-1.5000000000000002
1777384966.0604694,tb2,0.020059700027465155,0.26463390621984983
1777384966.0659375,tb7,0.18,-1.2258022658552283
1777384966.0737786,tb3,0.10514051425110094,-1.5
1777384966.1023448,tb1,0.18,-1.4659500825711516
1777384966.1105096,tb2,-0.02664735598498002,-1.0156737130755331
1777384966.1158876,tb7,0.17999999999999997,-0.767517976257145
1777384966.1237586,tb3,0.17398953591028332,-1.4999999999999998
1777384966.1524236,tb1,0.18,-1.4627496788443681
1777384966.1605678,tb2,-0.060149494781211,-1.5
1777384966.1658678,tb7,0.18,-0.31136994833094256
1777384966.173753,tb3,0.17999999999999997,-0.6829494258685087
1777384966.202447,tb1,0.18000000000000002,-1.479827602721799
1777384966.2108328,tb2,-0.06834064223276624,-1.5
1777384966.2159119,tb7,0.18,0.1615131369316478
1777384966.2238734,tb3,0.18,-0.009168813421552569
1777384966.2523513,tb1,0.18,-1.4829942727195844
1777384966.2605662,tb2,-0.05538839115840247,-1.3499079340699227
1777384966.2659783,tb7,0.18,-0.2568768920404992
1777384966.2736983,tb3,0.18000000000000002,0.5281574350660847
1777384966.3023489,tb1,0.17999999999999997,-1.4243785591218332
1777384966.3106632,tb2,-0.015547719561012752,-0.6162604961613762
1777384966.3159742,tb7,0.18,0.1606178415555111
1777384966.3237042,tb3,0.18000000000000002,1.0909611831650723
1777384966.3522556,tb1,0.17999999999999997,-1.4289806221757486
1777384966.360669,tb2,0.014890302118629972,0.13336973745041047
1777384966.3660166,tb7,0.18000000000000002,0.46109499384997493
1777384966.3737934,tb3,0.18,1.47540167840266
1777384966.4023662,tb1,0.18,-1.4480419982426782
1777384966.4105306,tb2,0.056239869929040585,1.2495464300268064
1777384966.41586,tb7,0.18,0.8916515135086677
1777384966.423811,tb3,0.15588309529508568,1.5
1777384966.452427,tb1,0.18,-1.46397030473472
1777384966.4605048,tb2,0.05183696676100346,1.5
1777384966.4657452,tb7,0.18,0.947364191059624
1777384966.4737382,tb3,0.18,1.4420849122076496
1777384966.502512,tb1,0.17996534837235695,-1.5000000000000002
1777384966.510582,tb2,0.05008644413535836,1.5
1777384966.5158546,tb7,0.18,1.1649865149902765
1777384966.5236607,tb3,0.17999999999999997,1.2022147583529816
1777384966.5524802,tb1,0.17765838233938172,-1.5
1777384966.5605755,tb2,0.05416254712130516,1.5
1777384966.5657728,tb7,0.18,1.2536170627369843
1777384966.5737255,tb3,0.18,0.7694845529617167
1777384966.6023293,tb1,0.17869974150285012,-1.5
1777384966.6106925,tb2,0.06500751010194916,1.5
1777384966.6159716,tb7,0.18,1.2387198778682877
1777384966.62371,tb3,0.17999999999999997,0.5072163129136054
1777384966.6522555,tb1,0.1792147640723582,-1.4999999999999998
1777384966.660453,tb2,0.040826781697471864,0.7352703678852595
1777384966.6658618,tb7,0.18,0.9476789863728786
1777384966.6737447,tb3,0.17999999999999997,-0.2259209011460077
1777384966.7023184,tb1,0.17760299960497078,-1.5
1777384966.710597,tb2,-0.02132822650680905,-0.5997135411010012
1777384966.7157533,tb7,0.18,0.8184796125738977
1777384966.7237678,tb3,0.17999999999999997,-0.5919457166583537
1777384966.7523067,tb1,0.17864033833451634,-1.5
1777384966.7607622,tb2,-0.07974447403614869,-1.5
1777384966.7659347,tb7,0.18,0.6199192347595427
1777384966.7737453,tb3,0.18000000000000002,-0.6848781368387274
1777384966.8024805,tb1,0.18,-1.4888179587646426
1777384966.810655,tb2,-0.09131971215434691,-1.5
1777384966.8159623,tb7,0.18,0.43437384208273766
1777384966.8237324,tb3,0.18,-0.7675111422298517
1777384966.8524303,tb1,0.18,-1.4797413632960807
1777384966.8604934,tb2,-0.09067622724517133,-1.5
1777384966.8657408,tb7,0.18,0.22941318367834002
1777384966.8737428,tb3,0.18,-0.3612592015183807
1777384966.9023578,tb1,0.18000000000000002,-1.3904409610582775
1777384966.9105947,tb2,-0.07964102263848599,-1.4865714900884228
1777384966.9159708,tb7,0.18,0.07306299462710841
1777384966.9237652,tb3,0.18,-0.18657462120693982
1777384966.9524367,tb1,0.18,-1.3862511789313545
1777384966.9606552,tb2,-0.0072660635682214505,-0.3387779731515623
1777384966.965962,tb7,0.18,-0.019899664001380216
1777384966.9739077,tb3,0.18,-0.05061698609512427
1777384967.0024347,tb1,0.17999999999999997,-1.393964948066117
1777384967.0105007,tb2,0.06737318604343802,1.1399280429575829
1777384967.0159073,tb7,0.18,-0.09150867862363289
1777384967.0237274,tb3,0.18,0.24194522719290928
1777384967.0524514,tb1,0.18,-1.4081940790506875
1777384967.06051,tb2,0.06750308239589611,1.5
1777384967.0657418,tb7,0.18,0.42990949971357534
1777384967.0736644,tb3,0.18,0.3547657281025239
1777384967.1024458,tb1,0.18,-1.4693863318691829
1777384967.1107106,tb2,0.06240883767529157,1.5
1777384967.1158733,tb7,0.18,0.488680692191792
1777384967.1237652,tb3,0.18,0.5049785994864598
1777384967.1522498,tb1,0.18,-1.4692652964868844
1777384967.1606553,tb2,0.06290939965844992,1.5
1777384967.165994,tb7,0.18,0.47989264474945537
1777384967.1736782,tb3,0.18,0.6273201792862638
1777384967.2024376,tb1,0.18,-1.480709835126552
1777384967.21053,tb2,0.06987730008548486,1.5
1777384967.2158968,tb7,0.18,0.4666442203895337
1777384967.2237015,tb3,0.18,0.5468316024621912
1777384967.25247,tb1,0.17999999999999997,-1.4984234596524466
1777384967.2604752,tb2,0.0848110742647763,1.4540669843858622
1777384967.2659357,tb7,0.18,0.32986359743106664
1777384967.2736883,tb3,0.18,0.09712874575031749
1777384967.3025095,tb1,0.17331908115104697,-1.5
1777384967.3104594,tb2,0.013600359170432839,-0.0016617615390163154
1777384967.3158221,tb7,0.18,0.3109413378081965
1777384967.3237782,tb3,0.18,-0.029798172387099087
1777384967.3524628,tb1,0.17288993665787317,-1.5
1777384967.3605704,tb2,-0.07049764018065609,-1.332303083952704
1777384967.3658218,tb7,0.18,0.24915253787844263
1777384967.373659,tb3,0.18,-0.27179959386900093
1777384967.4024072,tb1,0.1742738024320275,-1.5000000000000002
1777384967.4106789,tb2,-0.09971439188772463,-1.5
1777384967.4158661,tb7,0.18,0.04013182064574985
1777384967.4236755,tb3,0.18,-0.5335287521621768
1777384967.4524443,tb1,0.17334694835092546,-1.4999999999999998
1777384967.4604547,tb2,-0.10548883426696991,-1.5
1777384967.465903,tb7,0.18,0.034516076564855926
1777384967.4737017,tb3,0.18,-0.1525548731548854
1777384967.5024333,tb1,0.18,-1.4090649618393192
1777384967.5106385,tb2,-0.09814957461234429,-1.5
1777384967.5159419,tb7,0.18,-0.19069393572854393
1777384967.5237076,tb3,0.18,-0.1596731575170621
1777384967.5523202,tb1,0.18,-1.4060036636790223
1777384967.5605335,tb2,-0.030448629203532793,-0.6624337466906576
1777384967.5660348,tb7,0.18,-0.3779649090261496
1777384967.5737238,tb3,0.18,0.02439902084521936
1777384967.6024957,tb1,0.18,-1.3984817405134762
1777384967.6106257,tb2,0.06058487175775369,0.7307095844204285
1777384967.6157472,tb7,0.18,-0.4704420036625621
1777384967.6237316,tb3,0.18,0.13824975584145335
1777384967.6524782,tb1,0.18,-1.3912317308450193
1777384967.660447,tb2,0.08840707778932787,1.5000000000000002
1777384967.665877,tb7,0.18,-0.34667196200832767
1777384967.6738486,tb3,0.18,0.3862201282621326
1777384967.7023225,tb1,0.18,-1.4377093228378925
1777384967.7109716,tb2,0.08188172716704467,1.5
1777384967.7157922,tb7,0.18,-0.2804118046906796
1777384967.7238357,tb3,0.18,0.38281129956789045
1777384967.7524028,tb1,0.17999999999999997,-1.4395472236640454
1777384967.760531,tb2,0.08335971656723468,1.5
1777384967.7657955,tb7,0.18,-0.11373398317267296
1777384967.7745605,tb3,0.18,0.4740650122219488
1777384967.8023624,tb1,0.18,-1.4571711640761982
1777384967.810546,tb2,0.08987409832191053,1.4999999999999998
1777384967.8157704,tb7,0.18,0.11791414711151717
1777384967.8238358,tb3,0.18,0.41450402926563656
1777384967.852417,tb1,0.18,-1.4538029280905336
1777384967.8603015,tb2,0.09159253520834142,1.269118578374443
1777384967.8659399,tb7,0.18,0.4543511143313398
1777384967.873833,tb3,0.18,-0.2788046767477118
1777384967.9023275,tb1,0.17522439329159406,-1.5
1777384967.9104378,tb2,-0.0007365049052560566,-0.23035386547196748
1777384967.9158921,tb7,0.18,0.5481772639774741
1777384967.9236753,tb3,0.18,-0.4596072416208666
1777384967.9525647,tb1,0.17368252126025358,-1.5000000000000002
1777384967.9604673,tb2,-0.10383149224692226,-1.5
1777384967.965878,tb7,0.18,0.5522366833923708
1777384967.9737434,tb3,0.18,-0.7290463551111166
1777384968.002348,tb1,0.17689835848366992,-1.5
1777384968.0106328,tb2,-0.11985536666032932,-1.5
1777384968.0160258,tb7,0.18,0.4409690052734071
1777384968.023767,tb3,0.18,-0.720400547772767
1777384968.0523424,tb1,0.17608974067523794,-1.5
1777384968.0604725,tb2,-0.1266868356868277,-1.5
1777384968.065855,tb7,0.18,0.6393576519432941
1777384968.0737624,tb3,0.18,0.07445798237519373
1777384968.102267,tb1,0.18,-1.3236457634167451
1777384968.1105232,tb2,-0.1281372492086796,-1.5
1777384968.1159112,tb7,0.18,0.6192274300114569
1777384968.123699,tb3,0.18,0.20138880319817082
1777384968.1522272,tb1,0.18,-1.308555021252864
1777384968.1605814,tb2,-0.12806421640468182,-1.5
1777384968.1659262,tb7,0.18,0.3768145042430005
1777384968.173771,tb3,0.18,0.35573971571729374
1777384968.2022767,tb1,0.18,-1.2907532211974961
1777384968.2103481,tb2,-0.1274395962265487,-1.5
1777384968.2158928,tb7,0.18,0.10175872316997564
1777384968.2237923,tb3,0.18,0.644950633965543
1777384968.252277,tb1,0.18,-1.29128513231682
1777384968.2605844,tb2,-0.12502385738253094,-1.5
1777384968.2659621,tb7,0.18,-0.608388647523019
1777384968.273727,tb3,0.18,1.300346582844679
1777384968.3024802,tb1,0.18000000000000002,-1.2566923140603727
1777384968.3106563,tb2,-0.12314363406701634,-1.5
1777384968.3159795,tb7,0.18,-0.84473082161472
1777384968.3237653,tb3,0.18,1.1370986561740732
1777384968.3523397,tb1,0.18,-1.2672595690895425
1777384968.3606439,tb2,-0.12085563529766119,-1.5
1777384968.3659215,tb7,0.18,-1.1578134691764488
1777384968.3736494,tb3,0.18,0.8890806232928412
1777384968.4023263,tb1,0.18,-1.293834654947118
1777384968.4106884,tb2,-0.11434502090764474,-1.4458831534800396
1777384968.415992,tb7,0.18000000000000002,-1.2360908623144922
1777384968.4238508,tb3,0.18,0.45151161891030706
1777384968.4526463,tb1,0.18,-1.3347367590353691
1777384968.4606607,tb2,-0.0618256893564751,-0.839498739605561
1777384968.4665422,tb7,0.18,-1.101066367505997
1777384968.473821,tb3,0.18,-0.5191345902239533
1777384968.502271,tb1,0.18,-1.3636556959839088
1777384968.5106573,tb2,-0.04754549989284099,-0.6828959729509656
1777384968.515805,tb7,0.18,-0.7995506505409691
1777384968.5236619,tb3,0.18000000000000002,-1.416887792198155
1777384968.5523813,tb1,0.18,-1.3908565959588783
1777384968.5606558,tb2,-0.0183152649950908,-0.34660030884697113
1777384968.5659103,tb7,0.18,-0.4884649714330169
1777384968.573759,tb3,0.10808476624821703,-1.5
1777384968.6024878,tb1,0.18000000000000002,-1.4263816750126472
1777384968.610653,tb2,0.029120258733689765,0.25228859715556273
1777384968.6158636,tb7,0.18,-0.1370394774176837
1777384968.6237235,tb3,0.0852485616469999,-1.5
1777384968.6522646,tb1,0.18,-1.450739142317309
1777384968.6606324,tb2,0.12112998945556741,1.5
1777384968.665868,tb7,0.18,-0.0650875286153194
1777384968.6737525,tb3,0.0847967257169672,-1.5
1777384968.7022748,tb1,0.1796783304595141,-1.5000000000000002
1777384968.7105126,tb2,0.11603358818318099,1.5
1777384968.7158196,tb7,0.18,0.19503868266988372
1777384968.7237039,tb3,0.12662334441669426,-1.5
1777384968.7522893,tb1,0.17903256352622865,-1.5000000000000002
1777384968.7605314,tb2,0.11521852064931466,1.5
1777384968.7657382,tb7,0.17999999999999997,0.31603443611582344
1777384968.7739177,tb3,0.18000000000000002,-0.6667948508909779
1777384968.802362,tb1,0.17999999999999997,-1.4992095894427606
1777384968.8106735,tb2,0.11577701464440363,1.5
1777384968.8159232,tb7,0.18,0.30155511142359065
1777384968.823674,tb3,0.18,0.7027007573245236
1777384968.8523302,tb1,0.18,-1.4909490034430377
1777384968.8604784,tb2,0.11504233015880513,1.5
1777384968.8657126,tb7,0.18,0.5130638484267093
1777384968.8736222,tb3,0.08525649937669891,1.4999999999999998
1777384968.9023342,tb1,0.17589274859410634,-1.5
1777384968.9106824,tb2,0.11769529488310394,1.5
1777384968.9157581,tb7,0.18,0.4882469357931535
1777384968.9237163,tb3,0.055742306953967286,1.5
1777384968.9523833,tb1,0.1791340920980868,-1.5
1777384968.9605417,tb2,0.12015413265833808,1.5
1777384968.9659085,tb7,0.18,0.2987133752335571
1777384968.9736583,tb3,0.04990633929299451,1.5
1777384969.0023575,tb1,0.17973178903498807,-1.5
1777384969.0106692,tb2,0.11556690740084775,1.3889743822931433
1777384969.0157428,tb7,0.18,0.20183944479907032
1777384969.0236905,tb3,0.05930268449870178,1.5
1777384969.052325,tb1,0.18,-1.483361378680411
1777384969.0607374,tb2,0.12517820098044427,1.4682229925805994
1777384969.0658932,tb7,0.18,-0.14320934182624395
1777384969.073628,tb3,0.09391255000389082,1.5
1777384969.103219,tb1,0.18,-1.425452850533218
1777384969.110596,tb2,0.09897641915180962,1.116025882760094
1777384969.1157625,tb7,0.18,-0.2187565216830314
1777384969.1236322,tb3,0.18,1.3232685740515373
1777384969.152219,tb1,0.18,-1.4083015587499648
1777384969.1605458,tb2,0.07010974984038228,0.7513544612959391
1777384969.1657975,tb7,0.18,-0.4249521708032759
1777384969.173742,tb3,0.18,-0.6505825013153935
1777384969.203302,tb1,0.17999999999999997,-1.4104524723968588
1777384969.2106729,tb2,0.029990690046610813,0.2748324998344319
1777384969.216001,tb7,0.18,-0.5997958118569358
1777384969.2237396,tb3,0.07473299127193594,-1.5
1777384969.2538576,tb1,0.18,-1.408197990028838
1777384969.2605364,tb2,-0.00311718870528816,-0.08236809858138192
1777384969.2658906,tb7,0.18,-0.6056322134206961
1777384969.273708,tb3,0.043036461430115386,-1.5
1777384969.3036492,tb1,0.18,-1.3474975470862725
1777384969.3104424,tb2,-0.08279606001644857,-0.8815771100895092
1777384969.3158007,tb7,0.18,-0.23791140560261761
1777384969.3236892,tb3,0.022945355052016538,-1.5
1777384969.3536532,tb1,0.18,-1.3379795907254348
1777384969.3604107,tb2,-0.14037029126508388,-1.3895184609887448
1777384969.3659065,tb7,0.18,-0.06096573400256538
1777384969.373634,tb3,0.03256232860116205,-1.5
1777384969.40369,tb1,0.17999999999999997,-1.3357941594783191
1777384969.410547,tb2,-0.14197798086590324,-1.4025266628352941
1777384969.415857,tb7,0.18,0.08954325744980751
1777384969.423694,tb3,0.07782019074083674,-1.5
1777384969.4534638,tb1,0.18,-1.3559557573020113
1777384969.460322,tb2,-0.05901049694124106,-0.6244548391477588
1777384969.4660017,tb7,0.18,0.38818514577904584
1777384969.473595,tb3,0.12424163165757073,1.5
1777384969.5023544,tb1,0.18000000000000002,-1.2298242823066399
1777384969.5105948,tb2,0.01766711467168939,0.13665507661530274
1777384969.5159037,tb7,0.18,0.09634229331328427
1777384969.5236754,tb3,0.06396687974889657,1.5
1777384969.5522232,tb1,0.18,-1.242474347664697
1777384969.5605047,tb2,0.09818828420934962,1.0355775160464773
1777384969.565846,tb7,0.18,0.0721408711925323
1777384969.5736034,tb3,0.0389956794589986,1.4999999999999998
1777384969.6023371,tb1,0.18,-1.2476411936970133
1777384969.6105154,tb2,0.13231368324118573,1.5
1777384969.61587,tb7,0.18,0.05093256571449173
1777384969.6236818,tb3,0.033930473606844355,1.5
1777384969.6523712,tb1,0.18,-1.267928622638955
1777384969.6606843,tb2,0.12900061123435536,1.5
1777384969.6658955,tb7,0.18,-0.03450803380082396
1777384969.673581,tb3,0.04053719469242982,1.5
1777384969.7023382,tb1,0.18,-1.4547063360338546
1777384969.710504,tb2,0.13384583369909653,1.5
1777384969.7158628,tb7,0.18,0.8942288322982445
1777384969.7236311,tb3,0.05714223322896775,1.5
1777384969.752317,tb1,0.18,-1.4828857764353776
1777384969.7605214,tb2,0.12966513952599626,1.3660936377204849
1777384969.7659254,tb7,0.18,0.9157268658631093
1777384969.7737534,tb3,0.08845953509444361,1.5
1777384969.8024805,tb1,0.17999999999999997,-1.4852143642000328
1777384969.8106952,tb2,0.037753967166150815,0.3024921409335723
1777384969.8158958,tb7,0.18,0.8053985810183081
1777384969.8236568,tb3,0.18,1.1749145176773887
1777384969.8522987,tb1,0.18,-1.4985998556265223
1777384969.860443,tb2,-0.04653923855681201,-0.5037993280306045
1777384969.8658955,tb7,0.18,0.3812856542138615
1777384969.8736646,tb3,0.03824527151067316,-1.4999999999999998
1777384969.9022846,tb1,0.18,-1.4451416357496996
1777384969.9103756,tb2,-0.16412868120391524,-1.484921024676476
1777384969.9157646,tb7,0.18,-0.4644842377038274
1777384969.9237466,tb3,-0.0008657745975016668,-1.5
1777384969.9521942,tb1,0.17999999999999997,-1.434433158405326
1777384969.96067,tb2,-0.17508183047682763,-1.5
1777384969.9657438,tb7,0.18,-0.9920068381789389
1777384969.973691,tb3,-0.017956130892833502,-1.5
1777384970.002262,tb1,0.18,-1.4189954165717276
1777384970.0106988,tb2,-0.17634183993700822,-1.5
1777384970.0160825,tb7,0.1649817877027823,-1.5
1777384970.023733,tb3,-0.017103198162393002,-1.5
1777384970.05239,tb1,0.18,-1.4122400267449131
1777384970.0605392,tb2,-0.17319987321845878,-1.5
1777384970.0658674,tb7,0.10736166697939863,-1.5
1777384970.0736566,tb3,0.01897311152069818,-1.5
1777384970.1025326,tb1,0.18,-1.1646263640451702
1777384970.1108127,tb2,-0.14486051093484806,-1.3014386153094029
1777384970.115788,tb7,0.06848412468435393,-1.5
1777384970.1237519,tb3,0.06529532388996459,-1.5
1777384970.1523302,tb1,0.18,-1.1838981618032882
1777384970.1606448,tb2,-0.09130227997235567,-0.897799067115177
1777384970.166035,tb7,0.08257627343738219,-1.5
1777384970.1737342,tb3,0.18,-0.5766525986801703
1777384970.2026474,tb1,0.18,-1.1964751446475297
1777384970.2105346,tb2,-0.0247540406775824,-0.3650219545587252
1777384970.2157896,tb7,0.1585972774385865,-1.5
1777384970.2237937,tb3,0.18,1.3847314966201723
1777384970.2524889,tb1,0.18,-1.2182203124781936
1777384970.2605433,tb2,0.06757695272423231,0.45441311527651984
1777384970.2660303,tb7,0.18,-0.5801505265032817
1777384970.2737453,tb3,0.10267871658494987,1.5
1777384970.3022907,tb1,0.18,-1.3764472886371444
1777384970.3106546,tb2,0.14986082268051362,1.2138160386579009
1777384970.3159468,tb7,0.18,0.5638358404215124
1777384970.3239794,tb3,0.07504985391109052,1.5
1777384970.352253,tb1,0.18,-1.412577766710715
1777384970.3605344,tb2,0.1757861116038072,1.5
1777384970.3659458,tb7,0.15690155889307184,1.5
1777384970.373722,tb3,0.06479059042661016,1.5
1777384970.4023876,tb1,0.17999999999999997,-1.4496989827718272
1777384970.4105415,tb2,0.17682460664413852,1.5
1777384970.4159033,tb7,0.10133539802296733,1.5
1777384970.423597,tb3,0.08331732237910536,1.5
1777384970.4523904,tb1,0.18,-1.4688252804608621
1777384970.4605188,tb2,0.17675582410145443,1.5
1777384970.465952,tb7,0.08076942097733363,1.5
1777384970.4737449,tb3,0.13816864944034507,1.5
1777384970.5023682,tb1,0.15958941227645784,-1.4999999999999998
1777384970.5105445,tb2,0.11511707416522231,0.9289559584735354
1777384970.5158122,tb7,0.06068439040845092,1.5
1777384970.5237176,tb3,0.18,0.15685600786436651
1777384970.5523047,tb1,0.15925107111472012,-1.5000000000000002
1777384970.5606356,tb2,0.05237172863334494,0.35249814381796946
1777384970.565748,tb7,0.07395096237595904,1.5
1777384970.5739717,tb3,0.08946248482033044,-1.5
1777384970.602279,tb1,0.16038992937526703,-1.5
1777384970.6105413,tb2,-0.03197387551051961,-0.3528872546719479
1777384970.6157565,tb7,0.11017151528509571,1.4999999999999998
1777384970.6237266,tb3,0.026615926611295717,-1.5
1777384970.652266,tb1,0.16420604863262378,-1.5
1777384970.6606321,tb2,-0.09551977881448263,-0.8460151000000181
1777384970.6658766,tb7,0.18,1.376205608630104
1777384970.6737843,tb3,0.0075182776620121424,-1.5
1777384970.7024717,tb1,0.18,-1.3623401996063873
1777384970.71057,tb2,-0.16656855568577483,-1.3606125812741874
1777384970.7160642,tb7,0.18,-0.8491066064095499
1777384970.723799,tb3,0.009269342197932155,-1.5
1777384970.752403,tb1,0.17999999999999997,-1.273028193091352
1777384970.7606707,tb2,-0.16337360432046147,-1.3368563316533728
1777384970.7659397,tb7,0.08544278439360518,-1.5
1777384970.7737987,tb3,0.032329990863980314,-1.5000000000000002
1777384970.8024795,tb1,0.18,-1.2588565387397699
1777384970.8106952,tb2,-0.11259865401203309,-0.9640417701047843
1777384970.8159955,tb7,0.04204760535817379,-1.5000000000000002
1777384970.823713,tb3,0.11979715787239682,-1.4999999999999998
1777384970.852539,tb1,0.18,-1.2403019424131436
1777384970.8607028,tb2,0.008986413710237276,0.04823689650266243
1777384970.866046,tb7,0.03234801811979137,-1.5000000000000002
1777384970.8740902,tb3,0.09169386845069592,1.5
1777384970.9023643,tb1,0.18,-1.1104423431997545
1777384970.9106536,tb2,0.1321457766303346,1.1591718052098647
1777384970.916043,tb7,0.08710296202780521,-1.5
1777384970.923744,tb3,0.047335762574670495,1.5
1777384970.9523027,tb1,0.18,-1.0975959814826914
1777384970.9604697,tb2,0.15586674273724807,1.5
1777384970.9660242,tb7,0.18,-1.0740289682910305
1777384970.9738593,tb3,0.031155342143969852,1.5
1777384971.0022705,tb1,0.18,-1.1212797444038693
1777384971.010811,tb2,0.14730836140589038,1.5
1777384971.0160506,tb7,0.18,0.4190746443456448
1777384971.0237575,tb3,0.03151984275363967,1.5
1777384971.0523794,tb1,0.18,-1.1614716584904794
1777384971.0605085,tb2,0.14079761559591608,1.5
1777384971.065789,tb7,0.15905541433372686,1.5
1777384971.0735571,tb3,0.09665811174513139,1.5
1777384971.1024158,tb1,0.18,-1.398858609132681
1777384971.1105947,tb2,0.13798300314126397,1.4999999999999998
1777384971.1158226,tb7,0.06834484117100949,1.5
1777384971.1237218,tb3,0.18,0.7222142068209603
1777384971.1523015,tb1,0.18,-1.4708408704971567
1777384971.160668,tb2,0.1363177430583164,1.5
1777384971.1659358,tb7,0.05536003322750987,1.5
1777384971.1737585,tb3,0.12277080466308724,-1.5
1777384971.2022603,tb1,0.17195081860338482,-1.5000000000000002
1777384971.2105675,tb2,0.13486795481598285,1.4999999999999998
1777384971.2159564,tb7,0.053779396142047124,1.5
1777384971.223716,tb3,0.0387332398489972,-1.5000000000000002
1777384971.2523508,tb1,0.16742726384393117,-1.5
1777384971.2606008,tb2,0.13364833818585217,1.5000000000000002
1777384971.2659185,tb7,0.06760871155680988,1.5
1777384971.2736785,tb3,0.007012474877639294,-1.5
1777384971.3024175,tb1,0.1626116614329979,-1.5
1777384971.3106456,tb2,0.1327403109602502,1.5000000000000002
1777384971.3159478,tb7,0.09978340273619221,1.4999999999999998
1777384971.323649,tb3,0.0013425905315682363,-1.5
1777384971.35239,tb1,0.15733248988854437,-1.5000000000000002
1777384971.3603919,tb2,0.1316055102655104,1.5
1777384971.3659015,tb7,0.18,1.428802012848941
1777384971.3737748,tb3,0.009788913014291889,-1.5
1777384971.4023204,tb1,0.15997360778500763,-1.5
1777384971.4104898,tb2,0.13044873116582623,1.5
1777384971.4158442,tb7,0.18,-0.06841005237101645
1777384971.423648,tb3,0.033753636751829366,-1.5
1777384971.452485,tb1,0.17018809807952723,-1.5
1777384971.4606912,tb2,0.12913375094376256,1.5
1777384971.4658234,tb7,0.1438109194527424,-1.5
1777384971.4740539,tb3,0.1415629610381097,-1.5
1777384971.5023081,tb1,0.18,-1.493858517665716
1777384971.5104449,tb2,0.12822847322568004,1.5
1777384971.5160272,tb7,0.18,0.8717208268826847
1777384971.5237536,tb3,0.10410089924067376,1.5
1777384971.5522885,tb1,0.18,-1.4152706987187076
1777384971.560398,tb2,0.12744608565823387,1.5
1777384971.566015,tb7,0.18,0.3969740604182569
1777384971.573793,tb3,0.03511969814970443,1.5
1777384971.6024275,tb1,0.18,-1.3917348444746582
1777384971.6104813,tb2,0.12699214868567343,1.5
1777384971.6159012,tb7,0.18,0.258029504564106
1777384971.623761,tb3,0.01563794568784176,1.5
1777384971.652467,tb1,0.18,-1.356226507186961
1777384971.6606364,tb2,0.1265973472852845,1.5
1777384971.6658583,tb7,0.18,0.6829649458119155
1777384971.6737792,tb3,0.01271259427290907,1.5
1777384971.7022672,tb1,0.18,-1.3229032224944746
1777384971.710682,tb2,0.1265707482656654,1.5
1777384971.715888,tb7,0.18,-0.08855678819303112
1777384971.7240753,tb3,0.02165264391754524,1.5
1777384971.7522469,tb1,0.18,-1.3069860302461522
1777384971.76056,tb2,0.1265928054273162,1.5
1777384971.766002,tb7,0.18,-0.1719041242684287
1777384971.773789,tb3,0.0440416426474692,1.5
1777384971.8026595,tb1,0.17999999999999997,-1.3163250537591544
1777384971.8108037,tb2,0.12670861532772312,1.5
1777384971.815784,tb7,0.18,-0.609507128017621
1777384971.8237495,tb3,0.12410840862541973,1.5
1777384971.852364,tb1,0.18,-1.315951693174979
1777384971.8606246,tb2,0.12673227842381363,1.5
1777384971.8660588,tb7,0.18,-1.2392242826961946
1777384971.8739605,tb3,0.18000000000000002,-0.6628746878536991
1777384971.9023323,tb1,0.18,-1.31308976941378
1777384971.9105344,tb2,0.12685735265627135,1.5
1777384971.9158616,tb7,0.17999999999999997,0.6959761606339527
1777384971.9237072,tb3,0.04250824782473567,-1.4999999999999998
1777384971.952241,tb1,0.17999999999999997,-1.3168934962885552
1777384971.9604197,tb2,0.1270429541901763,1.5
1777384971.9658961,tb7,0.18,0.48395707319976566
1777384971.9735868,tb3,0.005516930151855437,-1.5
1777384972.002176,tb1,0.18,-1.315340543009176
1777384972.010503,tb2,0.12711525073087487,1.5
1777384972.01593,tb7,0.18,0.545245247635992
1777384972.0236323,tb3,-0.00805470328500598,-1.5
1777384972.0522678,tb1,0.18,-1.3181728287694776
1777384972.0605083,tb2,0.12715251742711436,1.5
1777384972.0659118,tb7,0.18,1.025572548673265
1777384972.0735674,tb3,-0.00619061365231579,-1.5
1777384972.1023662,tb1,0.18,-1.3074261853036664
1777384972.1106703,tb2,0.12729398662392416,1.5
1777384972.1159275,tb7,0.10251124718456735,-1.5
1777384972.1235697,tb3,0.012688307360439424,-1.5
1777384972.1523633,tb1,0.17999999999999997,-1.348536142371026
1777384972.160545,tb2,0.1273684145667021,1.5
1777384972.165917,tb7,0.13904171616315267,-1.5
1777384972.1736069,tb3,0.06583051714818731,-1.5
1777384972.2024648,tb1,0.18,-1.3622290857284185
1777384972.2107568,tb2,0.12751968452907742,1.5
1777384972.215774,tb7,0.18,-1.364000516310896
1777384972.223688,tb3,0.18,0.3649275701419125
1777384972.2525358,tb1,0.17999999999999997,-1.356910065713373
1777384972.2605178,tb2,0.1276248305498279,1.5
1777384972.265767,tb7,0.18,-0.4298645258774497
1777384972.2736294,tb3,0.056269851932694855,1.5
1777384972.302427,tb1,0.18,-1.3562054727129778
1777384972.3106852,tb2,0.1278546136218025,1.5
1777384972.3159502,tb7,0.18,0.4950796858831532
1777384972.32363,tb3,0.01643302606321496,1.5
1777384972.3523965,tb1,0.18,-1.3535344815787695
1777384972.3603983,tb2,0.12806944481207128,1.5
1777384972.3658826,tb7,0.18,0.8325515176267704
1777384972.373681,tb3,0.009912059472039346,1.5
1777384972.40236,tb1,0.18,-1.3735344950845467
1777384972.4104223,tb2,0.12834430307733594,1.5
1777384972.4158337,tb7,0.18,1.038676596180849
1777384972.4236875,tb3,0.014247306316184895,1.5000000000000002
1777384972.4522555,tb1,0.18,-1.3583942617332347
1777384972.4606988,tb2,0.12850309038770807,1.5
1777384972.4659393,tb7,0.18,0.6814282184303257
1777384972.4738445,tb3,0.02653246108452442,1.5
1777384972.5023916,tb1,0.18,-1.3515628223373914
1777384972.5105398,tb2,0.1286582261922823,1.5
1777384972.515923,tb7,0.0944035632569112,1.5
1777384972.523861,tb3,0.0605176207340496,1.5
1777384972.5523791,tb1,0.17999999999999997,-1.3507368081250353
1777384972.5604103,tb2,0.1288778191112982,1.5
1777384972.5659811,tb7,0.10642259379225377,1.5
1777384972.5738091,tb3,0.18,-0.016886103982109622
1777384972.6023664,tb1,0.18,-1.3601069301254898
1777384972.610529,tb2,0.12906200189186656,1.5
1777384972.6159222,tb7,0.1531656124299709,1.4999999999999998
1777384972.6235902,tb3,0.021044671553643878,-1.5
1777384972.6524508,tb1,0.17999999999999997,-1.3589449146796155
1777384972.660528,tb2,0.12919272941213558,1.5
1777384972.6659768,tb7,0.18,0.011007701742102827
1777384972.673839,tb3,-0.007000316180514554,-1.5
1777384972.7026045,tb1,0.17999999999999997,-1.3532595377099563
1777384972.710492,tb2,0.12948016114045177,1.5
1777384972.7160563,tb7,0.09941961922109765,-1.5
1777384972.7236328,tb3,-0.014684421074534345,-1.5
1777384972.7522616,tb1,0.18,-1.3525278903370628
1777384972.7604246,tb2,0.1298093431538131,1.5
1777384972.7659667,tb7,0.03519397261720241,-1.5
1777384972.7737513,tb3,-0.008502730109594047,-1.5
1777384972.8023365,tb1,0.18,-1.3495035384467824
1777384972.810495,tb2,0.13013471736349366,1.5
1777384972.816019,tb7,0.015628711006916405,-1.5
1777384972.8236814,tb3,0.01381068442089458,-1.5
1777384972.8524292,tb1,0.17999999999999997,-1.358092053925469
1777384972.8605704,tb2,0.13040362600577865,1.5
1777384972.8659458,tb7,0.022331676050590655,-1.5
1777384972.8738182,tb3,0.1093235828642181,-1.5
1777384972.9023547,tb1,0.17999999999999997,-1.3384383015921468
1777384972.9104948,tb2,0.13059292437436584,1.5
1777384972.9159853,tb7,0.18,-1.4238384038445795
1777384972.923756,tb3,0.042260611017532826,1.5
1777384972.9543295,tb1,0.18000000000000002,-1.3250706019689757
1777384972.9604657,tb2,0.13070320822465573,1.5
1777384972.965788,tb7,0.18,1.2562768208693067
1777384972.9737842,tb3,0.01941683654106237,1.5000000000000002
1777384973.0025249,tb1,0.18,-1.3184726565389737
1777384973.0105798,tb2,0.13058702335157177,1.5
1777384973.0157614,tb7,0.08869121289029759,1.5
1777384973.0237343,tb3,0.011172850808420714,1.5000000000000002
1777384973.0522728,tb1,0.18,-1.3211985698467417
1777384973.0605323,tb2,0.1303843648559246,1.5
1777384973.065809,tb7,0.05764076371527893,1.5
1777384973.0737753,tb3,0.014247448603488193,1.5
1777384973.1024,tb1,0.18,-1.321458326288805
1777384973.1105409,tb2,0.1300962377535919,1.5
1777384973.115934,tb7,0.06371886615757548,1.5
1777384973.1237164,tb3,0.02405191593957542,1.5
1777384973.1522393,tb1,0.18,-1.3261120683453271
1777384973.1604583,tb2,0.1298346762831856,1.5
1777384973.165897,tb7,0.09346795285302278,1.4999999999999998
1777384973.173722,tb3,0.045610115824619796,1.5
1777384973.2023973,tb1,0.18,-1.3346715209272364
1777384973.2105372,tb2,0.12930954758691252,1.5
1777384973.2159896,tb7,0.18,1.1238847314957627
1777384973.223805,tb3,0.18000000000000002,1.1444912712050572
1777384973.252323,tb1,0.18,-1.3593051436926855
1777384973.260528,tb2,0.1286491637210661,1.5
1777384973.2657824,tb7,0.16024486617618525,-1.5
1777384973.273809,tb3,0.021088681395659552,-1.5
1777384973.302394,tb1,0.18,-1.35669519754055
1777384973.3105316,tb2,0.12837892169819962,1.5
1777384973.3157923,tb7,0.0429841819624351,-1.5
1777384973.323724,tb3,-0.012998463780613041,-1.5
1777384973.3522925,tb1,0.17999999999999997,-1.3577647662642254
1777384973.3605537,tb2,0.12828695091062348,1.5
1777384973.365935,tb7,0.00953872199059969,-1.5
1777384973.3737376,tb3,-0.02362645589756931,-1.5
1777384973.4023252,tb1,0.18000000000000002,-1.3664561477783959
1777384973.4105246,tb2,0.1282884008253441,1.5
1777384973.4159212,tb7,0.0028170461996019163,-1.5
1777384973.4237525,tb3,-0.02098221078177436,-1.4999999999999998
1777384973.4525032,tb1,0.17999999999999997,-1.3671699061293379
1777384973.4606602,tb2,0.12836649314268667,1.5
1777384973.465742,tb7,0.014697299170058405,-1.5
1777384973.4736788,tb3,-0.006760981212551668,-1.5
1777384973.5024414,tb1,0.18,-1.344575506375159
1777384973.5106032,tb2,0.1284230452347711,1.5
1777384973.5160031,tb7,0.05945936560935914,-1.5
1777384973.5237305,tb3,0.036535660507717005,-1.5
1777384973.552239,tb1,0.18,-1.3491794734033231
1777384973.560551,tb2,0.12859265078984514,1.5
1777384973.565946,tb7,0.18,-0.18849967123390637
1777384973.573764,tb3,0.1637586836158331,1.5
1777384973.6025686,tb1,0.18,-1.3439271905822607
1777384973.6105356,tb2,0.1288009896818757,1.5
1777384973.615816,tb7,0.0831439051809447,1.5
1777384973.6237292,tb3,0.031992439817782416,1.5
1777384973.6522484,tb1,0.18,-1.3619604661571127
1777384973.660441,tb2,0.1291470016161732,1.5
1777384973.6659,tb7,0.03593723588986656,1.5
1777384973.673715,tb3,0.010872316358226811,1.5
1777384973.7024586,tb1,0.18,-1.3552230254080715
1777384973.710535,tb2,0.129427795166357,1.5
1777384973.7157896,tb7,0.020206563983175226,1.5
1777384973.7237027,tb3,0.0032052107256070133,1.5
1777384973.7524383,tb1,0.18,-1.3639678636142112
1777384973.7605684,tb2,0.12965938885995792,1.5
1777384973.7658877,tb7,0.02547496295243493,1.5
1777384973.773705,tb3,0.0056914140697630795,1.5
1777384973.8023658,tb1,0.18,-1.3676641990782192
1777384973.81058,tb2,0.1298285201484349,1.5
1777384973.8159022,tb7,0.043019401396078655,1.5
1777384973.8237073,tb3,0.01525968250891773,1.5
1777384973.8522618,tb1,0.18,-1.38296484329425
1777384973.8605785,tb2,0.13004014430158764,1.5
1777384973.8659308,tb7,0.09849762980614382,1.5
1777384973.873825,tb3,0.03599867401463174,1.5
1777384973.9024687,tb1,0.18000000000000002,-1.3714768235808632
1777384973.9109514,tb2,0.1302263200330597,1.5
1777384973.9157896,tb7,0.030272540485069787,-1.5
1777384973.923691,tb3,0.18,1.2683853513326304
1777384973.95237,tb1,0.18000000000000002,-1.391961821272103
1777384973.9605632,tb2,0.13033916373876553,1.5
1777384973.9659722,tb7,0.0005773338863705726,-1.5
1777384973.9737499,tb3,0.021508474260587128,-1.5
1777384974.0025213,tb1,0.18,-1.3949146905552783
1777384974.010593,tb2,0.1302258875583037,1.5
1777384974.0157566,tb7,-0.010685052956019079,-1.5
1777384974.0237434,tb3,-0.012477618070124557,-1.5
1777384974.0524554,tb1,0.18,-1.4017304461889502
1777384974.0606012,tb2,0.12985796917697007,1.5
1777384974.0658758,tb7,-0.009415805178191086,-1.5
1777384974.0737197,tb3,-0.02221717387564813,-1.5
1777384974.102323,tb1,0.18,-1.3949686380033048
1777384974.1106355,tb2,0.12948919469022022,1.5
1777384974.1160269,tb7,0.00544761382908181,-1.5
1777384974.1237433,tb3,-0.018989893174704266,-1.4999999999999998
1777384974.1523058,tb1,0.18,-1.3998914921459535
1777384974.1605625,tb2,0.1292634991467351,1.5
1777384974.165895,tb7,0.03566363046424282,-1.5
1777384974.1736572,tb3,-0.005587513222298084,-1.5
1777384974.2023396,tb1,0.18,-1.4069950396113815
1777384974.2104821,tb2,0.12906640832190536,1.5
1777384974.2158058,tb7,0.18,-1.266088030833134
1777384974.2235162,tb3,0.03364019797714115,-1.5
1777384974.2523127,tb1,0.18,-1.429938575572801
1777384974.2603261,tb2,0.12900655576161732,1.5
1777384974.26579,tb7,0.07803839259422368,1.4999999999999998
1777384974.2738807,tb3,0.09027101042023367,1.5
1777384974.3021836,tb1,0.18,-1.395234594753954
1777384974.310628,tb2,0.129041246261598,1.5
1777384974.3159332,tb7,0.16393833417110884,1.5
1777384974.3237023,tb3,0.021793011802470678,1.5
1777384974.3523219,tb1,0.18,-1.3896961257892513
1777384974.3605666,tb2,0.12906320244151662,1.5
1777384974.3659704,tb7,0.08180611927929084,1.5
1777384974.3736842,tb3,0.008396555959964587,1.5
1777384974.4024587,tb1,0.18,-1.3862507043641454
1777384974.4106414,tb2,0.12921379443493608,1.5
1777384974.4159403,tb7,0.12741883254759234,1.5
1777384974.4238155,tb3,0.008491748037194833,1.5
1777384974.4522142,tb1,0.18,-1.3887384194563361
1777384974.4605408,tb2,0.129493404545415,1.5
1777384974.4659374,tb7,0.18,0.11365578613120467
1777384974.473766,tb3,0.01642008526095283,1.5
1777384974.5022032,tb1,0.18,-1.364786085798694
1777384974.5104985,tb2,0.1297072029292911,1.5
1777384974.5158918,tb7,0.18,-0.5978292670590134
1777384974.5236628,tb3,0.03520085884943768,1.5
1777384974.5521877,tb1,0.17999999999999997,-1.3631666811659802
1777384974.5604851,tb2,0.12980874429117725,1.5
1777384974.5659444,tb7,0.07505638874594867,-1.5
1777384974.57366,tb3,0.1741879248599027,1.5
1777384974.6022387,tb1,0.18,-1.353070665939702
1777384974.610583,tb2,0.1299240175817712,1.5
1777384974.615783,tb7,0.03536757445443996,-1.5
1777384974.6236844,tb3,0.012455415871543125,-1.5
1777384974.6522295,tb1,0.18,-1.3469448050640858
1777384974.6605866,tb2,0.13006300512086502,1.4999999999999998
1777384974.6658294,tb7,0.03778559636535595,-1.5
1777384974.6736,tb3,-0.017994663691464702,-1.5
1777384974.7022622,tb1,0.17999999999999997,-1.33162074718482
1777384974.7105105,tb2,0.13012999378739606,1.5
1777384974.7159662,tb7,0.017834509638596206,-1.5
1777384974.723724,tb3,-0.025825883946938327,-1.5
1777384974.7521782,tb1,0.18,-1.333659015996872
1777384974.7605464,tb2,0.13022785597728723,1.5
1777384974.7660093,tb7,0.04538092940006031,-1.5
1777384974.77373,tb3,-0.022898675246124586,-1.5
1777384974.8024082,tb1,0.18,-1.3304825163397012
1777384974.8106987,tb2,0.13013269146540835,1.5
1777384974.8159084,tb7,0.18,-1.0097512150133008
1777384974.8235888,tb3,-0.009855877195413792,-1.5
1777384974.8524337,tb1,0.18,-1.3210203858713172
1777384974.8607059,tb2,0.12994967999033719,1.5
1777384974.865925,tb7,0.028677900801909434,1.5
1777384974.8739188,tb3,0.03474340793664555,-1.5
1777384974.9025187,tb1,0.18,-1.3207519631169418
1777384974.9106596,tb2,0.1295811506178999,1.5
1777384974.9159021,tb7,-0.01094801827160836,1.5
1777384974.923769,tb3,0.036058785742122124,1.5
1777384974.9523253,tb1,0.18,-1.3239226287015302
1777384974.9605975,tb2,0.12938546764650802,1.5
1777384974.965938,tb7,-0.016344748429555432,1.5
1777384974.9737709,tb3,0.014533500076580922,1.5
1777384975.0024853,tb1,0.18,-1.3347941193886885
1777384975.010515,tb2,0.1292954238165002,1.5
1777384975.0158124,tb7,-0.010637391830281366,1.5
1777384975.0237918,tb3,0.0066820710419367045,1.5
1777384975.0521746,tb1,0.17999999999999997,-1.3520260798447934
1777384975.0606234,tb2,0.12939891572585185,1.5
1777384975.0659015,tb7,0.0018711762675336758,1.5
1777384975.0737498,tb3,0.008114591724159691,1.5
1777384975.1021824,tb1,0.18,-1.316039465490858
1777384975.1106575,tb2,0.12945737092663737,1.4999999999999998
1777384975.1158807,tb7,0.03497362582780481,1.5
1777384975.1238542,tb3,0.017601096186585764,1.5
1777384975.152407,tb1,0.18,-1.3181574177366966
1777384975.1605458,tb2,0.12966331842977422,1.5
1777384975.165861,tb7,0.18,-0.924594076698777
1777384975.173724,tb3,0.03634273002902407,1.5
1777384975.2024717,tb1,0.18,-1.325747785341383
1777384975.210527,tb2,0.1298142446304138,1.5
1777384975.2158585,tb7,0.028969814886612502,-1.5
1777384975.223681,tb3,0.18,1.4589254244195635
1777384975.2523549,tb1,0.18,-1.3377553710391668
1777384975.2606573,tb2,0.13011278104574162,1.5
1777384975.2659028,tb7,0.0044646143084132416,-1.5
1777384975.2737794,tb3,0.0010527873398209384,-1.5
1777384975.302413,tb1,0.18,-1.341354537202969
1777384975.3105037,tb2,0.13033866485894888,1.5
1777384975.3159547,tb7,-0.010281664703908403,-1.5
1777384975.3237526,tb3,-0.025815096761120634,-1.5
1777384975.3521929,tb1,0.18,-1.347278576120996
1777384975.3604298,tb2,0.13042208352856144,1.5
1777384975.3657417,tb7,-0.00907626491877509,-1.5
1777384975.3736205,tb3,-0.03435221611299923,-1.5
1777384975.4023392,tb1,0.18,-1.352844223809613
1777384975.4104376,tb2,0.1301346263820858,1.5
1777384975.4159524,tb7,-0.0017151067506954594,-1.4999999999999998
1777384975.4235744,tb3,-0.03189837221699116,-1.5
1777384975.452398,tb1,0.18,-1.3628330898026373
1777384975.4605277,tb2,0.12972299031576867,1.5
1777384975.4659364,tb7,0.009869473892352676,-1.5
1777384975.4736338,tb3,-0.020708560107366176,-1.5
1777384975.5023263,tb1,0.18,-1.3559039995582127
1777384975.510507,tb2,0.1292818853562821,1.5
1777384975.5158613,tb7,0.02072887898511848,-1.5
1777384975.523791,tb3,0.10043880946867297,-1.5
1777384975.5522866,tb1,0.17999999999999997,-1.364567212153753
1777384975.5604882,tb2,0.12905306875742387,1.5
1777384975.5659416,tb7,0.04320949102694147,-1.5000000000000002
1777384975.573739,tb3,0.04890533581653824,1.5
1777384975.6024537,tb1,0.18,-1.339303984569189
1777384975.6106577,tb2,0.1290503573142302,1.5
1777384975.6160243,tb7,0.15876281313446305,-1.5
1777384975.6237557,tb3,0.023764052306505218,1.4999999999999998
1777384975.6524062,tb1,0.18,-1.309891123204371
1777384975.6606843,tb2,0.12921495913942155,1.5
1777384975.6659207,tb7,0.032866794043487656,1.5
1777384975.6737106,tb3,0.01598551498884874,1.5
1777384975.7025235,tb1,0.18,-1.289551264816913
1777384975.710478,tb2,0.12930207742007152,1.5
1777384975.71588,tb7,-0.02389766138994264,1.5
1777384975.7237647,tb3,0.017734458094066798,1.5
1777384975.7524464,tb1,0.18,-1.287985626749947
1777384975.7604795,tb2,0.1293127876476052,1.5
1777384975.7659004,tb7,-0.032459446326426424,1.5
1777384975.7737055,tb3,0.027623606646316082,1.5
1777384975.8024452,tb1,0.18,-1.3044639546049606
1777384975.8106565,tb2,0.12943509454702742,1.5
1777384975.8159354,tb7,-0.0306320290370013,1.5
1777384975.8236885,tb3,0.055762130513686975,1.5
1777384975.8523772,tb1,0.18000000000000002,-1.3164554334732856
1777384975.8605845,tb2,0.12969392580482916,1.5
1777384975.8659048,tb7,-0.020770955327739555,1.5
1777384975.8737266,tb3,0.04530032148114837,-1.5
1777384975.9024415,tb1,0.18,-1.3334608649912998
1777384975.9105008,tb2,0.1300088214788001,1.5
1777384975.915737,tb7,-0.003512274374476998,1.5
1777384975.9238765,tb3,-0.02181484827556152,-1.5
1777384975.9523215,tb1,0.18,-1.3362985400696827
1777384975.9604552,tb2,0.1301796299465981,1.5
1777384975.9658782,tb7,0.046610008724688824,1.5
1777384975.9736953,tb3,-0.03775437593583167,-1.5
1777384976.0025003,tb1,0.18,-1.3475280457069645
1777384976.0106494,tb2,0.13008168668891648,1.5
1777384976.0159461,tb7,0.09945001859794493,-1.5
1777384976.0238974,tb3,-0.037691004359793466,-1.5
1777384976.0522423,tb1,0.18,-1.360192931374713
1777384976.0606656,tb2,0.12995876004177848,1.4999999999999998
1777384976.065918,tb7,0.02675029084817546,-1.5
1777384976.0737312,tb3,-0.02923846469828242,-1.5
1777384976.1023204,tb1,0.18,-1.3608414929098194
1777384976.1104376,tb2,0.12972937482323593,1.5
1777384976.1160028,tb7,0.005612214909454832,-1.4999999999999998
1777384976.1236768,tb3,0.01865548059268709,-1.5
1777384976.1524618,tb1,0.18,-1.312003316895564
1777384976.160567,tb2,0.12957899119936267,1.5
1777384976.1658921,tb7,0.007732774385933559,-1.4999999999999998
1777384976.173722,tb3,0.05807230780439629,1.5
1777384976.2023203,tb1,0.18,-1.3019230241933422
1777384976.2105384,tb2,0.12953266754986542,1.5000000000000002
1777384976.2158732,tb7,0.015752914181063827,-1.5
1777384976.2237089,tb3,0.028750035497968954,1.5000000000000002
1777384976.2525008,tb1,0.18,-1.3011553144289025
1777384976.2606494,tb2,0.1295886812998735,1.5
1777384976.2659175,tb7,0.028982265170417774,-1.5
1777384976.2735875,tb3,0.017076776928362757,1.5
1777384976.3023314,tb1,0.18,-1.3030191977718937
1777384976.3103685,tb2,0.1296491325351675,1.4999999999999998
1777384976.315945,tb7,0.05388247173712966,-1.5
1777384976.3237245,tb3,0.016726617996350675,1.5
1777384976.3524466,tb1,0.18,-1.3084224699844678
1777384976.360515,tb2,0.12977869182704885,1.5
1777384976.3659582,tb7,0.17656084119571686,-0.25380960595325386
1777384976.3736892,tb3,0.02310218997865222,1.5
1777384976.4022567,tb1,0.18,-1.3179923428567155
1777384976.4104438,tb2,0.1299387662486877,1.5
1777384976.415883,tb7,-0.0041748050078116395,1.5
1777384976.423728,tb3,0.03784695580249385,1.5
1777384976.452405,tb1,0.18,-1.3374709907922617
1777384976.4607253,tb2,0.13012968062450073,1.5
1777384976.466108,tb7,-0.03049923056526213,1.5
1777384976.4736903,tb3,0.11905625860675312,1.5
1777384976.502265,tb1,0.18,-1.342696618341888
1777384976.5105402,tb2,0.13023146651428943,1.5
1777384976.5159419,tb7,-0.03913017849899809,1.5
1777384976.5237129,tb3,-0.01943266717967786,-1.5
1777384976.552223,tb1,0.18,-1.356548597212433
1777384976.5606444,tb2,0.1300769520301581,1.5
1777384976.565789,tb7,-0.035158182024222606,1.5000000000000002
1777384976.5736878,tb3,-0.038798203872022465,-1.5
1777384976.6024837,tb1,0.18,-1.365171123000847
1777384976.6105232,tb2,0.12969696307922246,1.5000000000000002
1777384976.615799,tb7,-0.023094175321533048,1.5
1777384976.6238494,tb3,-0.046978074611280174,-1.5000000000000002
1777384976.652338,tb1,0.18000000000000002,-1.3588866484194977
1777384976.660637,tb2,0.12928104495205556,1.5
1777384976.665817,tb7,0.0044280270805038225,1.5
1777384976.6737523,tb3,-0.045167824339256514,-1.5
1777384976.7024565,tb1,0.18,-1.3245193566234257
1777384976.710444,tb2,0.1290479288115676,1.5000000000000002
1777384976.7162764,tb7,0.16044347065078907,-0.6226421313610802
1777384976.7237027,tb3,-0.035886691334603635,-1.5
1777384976.7523901,tb1,0.18,-1.329387952037264
1777384976.7604623,tb2,0.12897048008600145,1.5
1777384976.7659903,tb7,0.04432820074060025,-1.5
1777384976.77366,tb3,-0.017212631510261478,-1.5
1777384976.8022752,tb1,0.18,-1.3513481088171275
1777384976.8106372,tb2,0.12898969890341377,1.5000000000000002
1777384976.815948,tb7,0.024314252887619965,-1.5
1777384976.823682,tb3,0.18,0.608188572821348
1777384976.8522813,tb1,0.18,-1.370555965831923
1777384976.8605351,tb2,0.1291400557322789,1.5
1777384976.865862,tb7,0.022476703800202467,-1.5
1777384976.8737047,tb3,0.03645405795993727,1.5
1777384976.9022312,tb1,0.18,-1.3682891620479443
1777384976.9103422,tb2,0.12939449024662292,1.5
1777384976.91579,tb7,0.02112473312254825,-1.5
1777384976.923725,tb3,0.016107072765609774,1.5
1777384976.9523392,tb1,0.18,-1.3879541894136576
1777384976.960513,tb2,0.12979257649457535,1.5
1777384976.965961,tb7,0.032640185287297174,-1.5
1777384976.9736056,tb3,0.00813512876934674,1.5
1777384977.0023706,tb1,0.18,-1.4052093760061524
1777384977.0106423,tb2,0.13016095113845133,1.5000000000000002
1777384977.0158925,tb7,0.052426369072847256,-1.5
1777384977.0237656,tb3,0.008994546135419484,1.5
1777384977.052408,tb1,0.18,-1.405638735439967
1777384977.0611386,tb2,0.13054211946895047,1.5
1777384977.0658948,tb7,0.15181610152904407,-1.5
1777384977.0737228,tb3,0.016568099458263066,1.5
1777384977.1022527,tb1,0.17999999999999997,-1.3854349970817512
1777384977.1104348,tb2,0.13064886517678626,1.5
1777384977.1159759,tb7,-0.015511491993686519,1.5
1777384977.1236587,tb3,0.03074614767806659,1.5
1777384977.152374,tb1,0.18,-1.3844985417190268
1777384977.1604426,tb2,0.13044405286052582,1.5000000000000002
1777384977.1664615,tb7,-0.03987293446225324,1.5
1777384977.1736073,tb3,0.0748340431308318,1.5
1777384977.2023234,tb1,0.18000000000000002,-1.3609136700165387
1777384977.2103121,tb2,0.1300236076502964,1.5
1777384977.2171214,tb7,-0.0452211053785305,1.5
1777384977.2236345,tb3,0.0016450801961818413,-1.5
1777384977.2522674,tb1,0.18,-1.3500613595676658
1777384977.2605765,tb2,0.12947495193038414,1.5
1777384977.2659853,tb7,-0.038269204113479026,1.5
1777384977.2736251,tb3,-0.02936161124230732,-1.5
1777384977.302324,tb1,0.18,-1.3248816481109185
1777384977.3106296,tb2,0.1287533520853325,1.5
1777384977.3159173,tb7,-0.023593388597916567,1.5
1777384977.323679,tb3,-0.041188032871412476,-1.5
1777384977.3523664,tb1,0.18,-1.3295991014355757
1777384977.3604732,tb2,0.12835173299238856,1.5
1777384977.3659594,tb7,0.0344165077902803,1.5
1777384977.3737178,tb3,-0.04216875202417641,-1.5
1777384977.4024239,tb1,0.18,-1.3422529732268906
1777384977.4105093,tb2,0.12813424570382692,1.4999999999999998
1777384977.4158943,tb7,0.07602174593733985,-1.5
1777384977.4236732,tb3,-0.03476260316809148,-1.5
1777384977.452489,tb1,0.18,-1.342943227867045
1777384977.4604714,tb2,0.12812755093772688,1.5
1777384977.4659042,tb7,0.0351194700363233,-1.5
1777384977.4736545,tb3,-0.021093956789491473,-1.4999999999999998
1777384977.5022392,tb1,0.18,-1.3173702082922354
1777384977.5103493,tb2,0.12829398087829338,1.5
1777384977.515755,tb7,0.022726974218432,-1.5000000000000002
1777384977.5237372,tb3,0.014812658025607925,-1.5
1777384977.5523176,tb1,0.18,-1.3417666113542528
1777384977.5604975,tb2,0.12839918162650218,1.5
1777384977.5657365,tb7,0.02547241622331119,-1.5
1777384977.5736938,tb3,0.06326554668407273,1.5
1777384977.6022296,tb1,0.18000000000000002,-1.3477254966807422
1777384977.6105382,tb2,0.128501571654795,1.5000000000000002
1777384977.6161184,tb7,0.03332108629901866,-1.5
1777384977.6238184,tb3,0.022225956186616255,1.5
1777384977.6523545,tb1,0.18,-1.361706166583205
1777384977.6604884,tb2,0.12864036199374193,1.5
1777384977.6659858,tb7,0.04760525764429338,-1.5
1777384977.6737535,tb3,0.009765316880926902,1.4999999999999998
1777384977.7023144,tb1,0.18,-1.3597246492106914
1777384977.710516,tb2,0.12885379448417755,1.5
1777384977.7158937,tb7,-0.023396225969009202,1.5
1777384977.723837,tb3,0.010166570857816444,1.5
1777384977.7525518,tb1,0.18,-1.3820827585421542
1777384977.7605171,tb2,0.12907989013367432,1.5
1777384977.7658772,tb7,-0.041026079311536415,1.5
1777384977.7737231,tb3,0.018523739253696242,1.5
1777384977.8024766,tb1,0.18,-1.383650398729447
1777384977.8104973,tb2,0.1293545694191452,1.5
1777384977.8160794,tb7,-0.04524761678716409,1.5
1777384977.8236718,tb3,0.03690187539969683,1.5000000000000002
1777384977.8522298,tb1,0.18,-1.3846187521245197
1777384977.8604949,tb2,0.12976302116372646,1.5
1777384977.8660696,tb7,-0.04101173795656905,1.5
1777384977.8737485,tb3,0.18,0.5735255123622309
1777384977.902332,tb1,0.18,-1.3960229164517373
1777384977.910592,tb2,0.13019552279922214,1.4999999999999998
1777384977.9160073,tb7,-0.029896559387217546,1.5
1777384977.9238083,tb3,-0.012489859225512523,-1.5
1777384977.952385,tb1,0.18,-1.3948563891475996
1777384977.9605834,tb2,0.13046068825582077,1.5
1777384977.9658685,tb7,-0.006963913500601983,1.5
1777384977.9737468,tb3,-0.031427955026662,-1.5
1777384978.0023339,tb1,0.18,-1.3830579592674466
1777384978.010644,tb2,0.13059362365170138,1.5
1777384978.015896,tb7,0.1473331683388027,-1.202183350758314
1777384978.023689,tb3,-0.03638824631442328,-1.5
1777384978.0523765,tb1,0.18,-1.3717988499736236
1777384978.060582,tb2,0.13043828779257446,1.5
1777384978.0658636,tb7,0.040532789919038956,-1.5
1777384978.073779,tb3,-0.03173236472958592,-1.5
1777384978.1024644,tb1,0.18,-1.393231381603061
1777384978.1108556,tb2,0.1302209158819729,1.5
1777384978.1159363,tb7,0.016364570809973736,-1.5
1777384978.1237192,tb3,-0.016699760825254675,-1.5
1777384978.1522803,tb1,0.18,-1.403949426473469
1777384978.160456,tb2,0.12963569338543576,1.5
1777384978.1658995,tb7,0.011379094276920465,-1.5
1777384978.1737084,tb3,0.030414979134052597,-1.5
1777384978.202437,tb1,0.18,-1.395558759611025
1777384978.2106073,tb2,0.12883721086896996,1.5000000000000002
1777384978.215907,tb7,0.013356124253815571,-1.5
1777384978.2236972,tb3,0.05235782523779054,1.5
1777384978.252417,tb1,0.18,-1.3852427601773356
1777384978.2611113,tb2,0.1281216206629656,1.5
1777384978.2659543,tb7,0.02077501472020579,-1.5
1777384978.2737195,tb3,0.020467832814871585,1.5
1777384978.3022552,tb1,0.18,-1.3564941776398498
1777384978.311148,tb2,0.12789313380006512,1.5
1777384978.315903,tb7,0.1250431646201457,-1.5
1777384978.3236914,tb3,0.01536768511802283,1.5
1777384978.3523817,tb1,0.18,-1.3546756785264387
1777384978.361272,tb2,0.12772473407964743,1.5
1777384978.3658485,tb7,0.011829876602821912,1.5
1777384978.3737016,tb3,0.017396841372893154,1.5
1777384978.4023712,tb1,0.18,-1.35190797698246
1777384978.4106557,tb2,0.12778399141830135,1.5000000000000002
1777384978.4159267,tb7,-0.021167236313703142,1.5
1777384978.4237921,tb3,0.02947758359460546,1.4999999999999998
1777384978.45247,tb1,0.18,-1.3483817787470516
1777384978.46062,tb2,0.12779332735544444,1.5
1777384978.46603,tb7,-0.02757375686484737,1.5
1777384978.473734,tb3,0.08351229138790921,1.5
1777384978.502358,tb1,0.18,-1.3513533464152059
1777384978.5106347,tb2,0.1279070692587249,1.4999999999999998
1777384978.5157838,tb7,-0.024615990479887367,1.5
1777384978.5236864,tb3,0.009527280822561861,-1.5
1777384978.5522685,tb1,0.18,-1.3460597280561437
1777384978.5604863,tb2,0.12805722335726155,1.5
1777384978.5659876,tb7,-0.01479468879599747,1.5
1777384978.5737264,tb3,-0.021352344749387114,-1.5
1777384978.6022637,tb1,0.18,-1.3536951011688476
1777384978.610659,tb2,0.12839493398167198,1.5
1777384978.6158328,tb7,0.027966493787081145,1.5
1777384978.6236818,tb3,-0.030836094313169977,-1.5
1777384978.652444,tb1,0.18,-1.3717413052537293
1777384978.660512,tb2,0.12880654690379784,1.5
1777384978.665974,tb7,0.07231019779822694,-1.5
1777384978.6737268,tb3,-0.029227580376592177,-1.5000000000000002
1777384978.7021701,tb1,0.18,-1.378567925222425
1777384978.7105792,tb2,0.12937767712895412,1.5
1777384978.7159708,tb7,0.018806946864153806,-1.5000000000000002
1777384978.7237809,tb3,-0.018044916355384116,-1.5
1777384978.7523272,tb1,0.18,-1.3649557572822564
1777384978.76057,tb2,0.12962093867545188,1.5000000000000002
1777384978.7659187,tb7,0.012316662022672913,-1.5
1777384978.773762,tb3,0.0154570020046951,-1.5
1777384978.8023102,tb1,0.18,-1.3454704429891584
1777384978.810535,tb2,0.12986397891035711,1.5
1777384978.8160622,tb7,0.01421417344008325,-1.5
1777384978.8236675,tb3,0.07913688137313694,1.5
1777384978.8523045,tb1,0.18,-1.3555766010356571
1777384978.860502,tb2,0.13008357276856103,1.5
1777384978.8658774,tb7,0.02205620537891006,-1.5
1777384978.8735929,tb3,0.02265524867488955,1.5
1777384978.9022305,tb1,0.18,-1.3667107640068974
1777384978.910497,tb2,0.13030927517421195,1.4999999999999998
1777384978.9159265,tb7,0.01264617393302937,1.4999999999999998
1777384978.9237392,tb3,0.014651426169941625,1.5
1777384978.9523294,tb1,0.18,-1.3486349346155357
1777384978.9606695,tb2,0.1301342587925356,1.5
1777384978.965906,tb7,-0.013722374304900057,1.4999999999999998
1777384978.9736605,tb3,0.017057325158421288,1.5
1777384979.002433,tb1,0.18,-1.3496893931255791
1777384979.010546,tb2,0.1297700920813735,1.4999999999999998
1777384979.015794,tb7,-0.0218748362858004,1.5
1777384979.0238163,tb3,0.02917348806678846,1.5
1777384979.0525799,tb1,0.18,-1.3579479613899053
1777384979.0605185,tb2,0.1292037960375882,1.5000000000000002
1777384979.0657995,tb7,-0.02030848345105933,1.5
1777384979.0737758,tb3,0.130977736275125,1.5
1777384979.1023986,tb1,0.18,-1.367711991197927
1777384979.110539,tb2,0.12889103239411828,1.5
1777384979.116021,tb7,-0.010906847314779167,1.5
1777384979.1237917,tb3,0.004869185133983668,-1.5
1777384979.1524758,tb1,0.18,-1.3511410243469029
1777384979.1605315,tb2,0.12865189526177168,1.5
1777384979.165812,tb7,0.011665646246919707,1.5
1777384979.1737025,tb3,-0.02244143031532967,-1.5
1777384979.2023203,tb1,0.18,-1.3674384524129413
1777384979.2105474,tb2,0.128579779836403,1.5
1777384979.215936,tb7,0.1085109017467772,-0.3261722926178822
1777384979.223728,tb3,-0.02943655752967725,-1.5
1777384979.2523687,tb1,0.18,-1.3759938391956448
1777384979.2605033,tb2,0.12844152099179718,1.5
1777384979.265901,tb7,0.01943169704369327,-1.5
1777384979.273731,tb3,-0.025590642502395566,-1.5
1777384979.3024747,tb1,0.18,-1.3451364345517034
1777384979.3105972,tb2,0.12844227395446825,1.5
1777384979.3158782,tb7,-0.0035172464949644,-1.5
1777384979.323724,tb3,-0.012289495767086113,-1.5
1777384979.3524325,tb1,0.18,-1.301389828220705
1777384979.3604147,tb2,0.1284262818036898,1.5
1777384979.3659987,tb7,-0.004991055490185596,-1.4999999999999998
1777384979.3738158,tb3,0.04365339098651162,-1.5
1777384979.4024885,tb1,0.18,-1.3189446462364627
1777384979.4105897,tb2,0.12851520706201783,1.5
1777384979.415901,tb7,-0.0002873505535621816,-1.5
1777384979.4237304,tb3,0.046540218100157175,1.5
1777384979.4524682,tb1,0.18,-1.333509275180457
1777384979.460429,tb2,0.12867922029487727,1.5
1777384979.4659212,tb7,0.008352316182531416,-1.5
1777384979.4735754,tb3,0.015010944654516595,1.5
1777384979.5022523,tb1,0.18,-1.3422535995438605
1777384979.5106983,tb2,0.12908703802112695,1.5
1777384979.5159366,tb7,0.09037320369869616,1.1949930432248497
1777384979.5235953,tb3,0.0052071143481260615,1.5
1777384979.5522988,tb1,0.18,-1.3409172668667753
1777384979.5606632,tb2,0.1293270437388241,1.5
1777384979.566027,tb7,0.0002047661131034213,1.5
1777384979.573624,tb3,0.0068709378887690485,1.5
1777384979.602248,tb1,0.18,-1.3677849527192045
1777384979.610662,tb2,0.1295782291734283,1.5
1777384979.6159935,tb7,-0.012719506062078091,1.5
1777384979.6238408,tb3,0.015964977055240113,1.5
1777384979.6522639,tb1,0.18,-1.379647045743513
1777384979.660691,tb2,0.1296314027950531,1.4999999999999998
1777384979.6660151,tb7,-0.012623106163975458,1.5
1777384979.6738193,tb3,0.034957784181625824,1.5
1777384979.7022648,tb1,0.18,-1.3828277011983432
1777384979.7106593,tb2,0.1298232308922492,1.5
1777384979.716037,tb7,-0.004485970703009722,1.5
1777384979.723637,tb3,0.13958848401632384,0.028460554284216802
1777384979.7525601,tb1,0.18,-1.3902612763105437
1777384979.7606506,tb2,0.12996838194294,1.5
1777384979.7660196,tb7,0.02224109248799911,1.5
1777384979.7736976,tb3,-0.012535021275665062,-1.4999999999999998
1777384979.8022745,tb1,0.18,-1.4017908602232272
1777384979.8106883,tb2,0.13012452872143743,1.5
1777384979.8159049,tb7,0.07668775302791309,-1.5
1777384979.8237903,tb3,-0.028040723590576883,-1.5000000000000002
1777384979.852391,tb1,0.18,-1.3928561395396515
1777384979.8605306,tb2,0.13020738772687399,1.5
1777384979.8660734,tb7,0.008322715793702945,-1.5
1777384979.8737087,tb3,-0.032050499696853925,-1.5
1777384979.9023144,tb1,0.18,-1.3878766283354276
1777384979.910556,tb2,0.13046979440947357,1.4999999999999998
1777384979.9158134,tb7,-0.006925846971678956,-1.5
1777384979.923847,tb3,-0.026418801133348185,-1.5
1777384979.9524848,tb1,0.18,-1.3808957529629071
1777384979.9605465,tb2,0.1304504872796121,1.4999999999999998
1777384979.966005,tb7,-0.005883150849665633,-1.5
1777384979.9738536,tb3,-0.011629863614932644,-1.5
1777384980.0024202,tb1,0.18,-1.3901309018929093
1777384980.010665,tb2,0.13038892566860846,1.4999999999999998
1777384980.0160222,tb7,0.00020371279863847986,-1.5
1777384980.0235906,tb3,0.05379441574984601,-1.5000000000000002
1777384980.052518,tb1,0.18,-1.3799117157463843
1777384980.0606973,tb2,0.1301427999615579,1.4999999999999998
1777384980.0660279,tb7,0.010136733542347474,-1.5
1777384980.073774,tb3,0.04083851385513733,1.5
1777384980.1023223,tb1,0.18,-1.368159812952231
1777384980.1105762,tb2,0.12982872402042447,1.5
1777384980.1158845,tb7,0.08116705480008493,0.7453055492509153
1777384980.1248317,tb3,0.011906345475039562,1.5
1777384980.1524556,tb1,0.18,-1.3761229270650914
1777384980.160582,tb2,0.12928336578516278,1.5
1777384980.1659188,tb7,-0.003151763686677193,1.5
1777384980.173837,tb3,0.0049996260359465375,1.5
1777384980.2023323,tb1,0.18,-1.372514001016553
1777384980.2105932,tb2,0.12869637760995395,1.5
1777384980.2159646,tb7,-0.016609095783604606,1.5
1777384980.2238271,tb3,0.007288849744827439,1.5000000000000002
1777384980.252338,tb1,0.18,-1.361914261060677
1777384980.2604496,tb2,0.1286223454195946,1.5
1777384980.2658823,tb7,-0.0175098557357452,1.5
1777384980.2737913,tb3,0.01555529211798668,1.5
1777384980.3025203,tb1,0.18,-1.3686139484157094
1777384980.3106055,tb2,0.1289416621183178,1.5
1777384980.315918,tb7,-0.009654947275149933,1.5
1777384980.3237648,tb3,0.03307391025417192,1.5
1777384980.3523674,tb1,0.18,-1.3517197283930489
1777384980.3604279,tb2,0.12917965515785973,1.5
1777384980.3658,tb7,0.011446442801031857,1.5
1777384980.3737826,tb3,0.11909605288304459,-0.41623092658876326
1777384980.4023662,tb1,0.18,-1.328448837881773
1777384980.410658,tb2,0.12939044638706013,1.5
1777384980.4160552,tb7,0.08757823778577876,-0.9524206604371805
1777384980.4237437,tb3,-0.014381352817745083,-1.5000000000000002
1777384980.4522579,tb1,0.18,-1.3248939477525616
1777384980.46052,tb2,0.12960707784518632,1.5
1777384980.4659975,tb7,0.01223712066149449,-1.5
1777384980.4737952,tb3,-0.029234037129414296,-1.5
1777384980.5023167,tb1,0.18,-1.346226757468749
1777384980.5105648,tb2,0.12989995161719234,1.5000000000000002
1777384980.5160475,tb7,-0.002972729040882016,-1.5
1777384980.5238347,tb3,-0.0319756309670974,-1.5
1777384980.5522795,tb1,0.18,-1.3502309268380672
1777384980.5606785,tb2,0.1300706729395534,1.5000000000000002
1777384980.5659335,tb7,-0.0026163605726770554,-1.5
1777384980.5737894,tb3,-0.026287913370124316,-1.5
1777384980.6024897,tb1,0.18,-1.3474245774237386
1777384980.610484,tb2,0.13024826919173232,1.5000000000000002
1777384980.615915,tb7,0.003474820235917393,-1.5
1777384980.623854,tb3,-0.012480730714670077,-1.5
1777384980.652593,tb1,0.18,-1.3634378736123922
1777384980.6607337,tb2,0.13033655309478476,1.5
1777384980.6659615,tb7,0.014810486168667284,-1.5
1777384980.6737878,tb3,0.117569000143254,0.21358795120713847
1777384980.7023132,tb1,0.18,-1.3658093524056518
1777384980.7104895,tb2,0.13013959600227654,1.5
1777384980.7159894,tb7,0.034382659995787226,1.5000000000000002
1777384980.7237735,tb3,0.02750001485115821,1.5000000000000002
1777384980.7523327,tb1,0.18,-1.3642144894561776
1777384980.7606566,tb2,0.12965615722127333,1.5
1777384980.7657528,tb7,-0.010447745361923057,1.5
1777384980.773635,tb3,0.014233704301641151,1.5
1777384980.8025134,tb1,0.18,-1.354296454737707
1777384980.8105738,tb2,0.1290996604894433,1.5
1777384980.8158982,tb7,-0.019481007020092544,1.5
1777384980.8235998,tb3,0.010572182722541313,1.5
1777384980.8525436,tb1,0.18,-1.3610007686137724
1777384980.860604,tb2,0.12874931854616958,1.5
1777384980.8658023,tb7,-0.017527566179891173,1.5
1777384980.8735812,tb3,0.014748803254606844,1.5
1777384980.9022765,tb1,0.18,-1.3235062657931569
1777384980.9104676,tb2,0.12881777497363145,1.5
1777384980.9159017,tb7,-0.007571380991214709,1.5
1777384980.9238818,tb3,0.02775431423818968,1.4999999999999998
1777384980.9524744,tb1,0.18,-1.2987214585208697
1777384980.9605837,tb2,0.12884106989572872,1.5
1777384980.965983,tb7,0.02725832366277316,1.5
1777384980.9737031,tb3,0.10977331445391997,1.5
1777384981.0023708,tb1,0.18,-1.2934275312415147
1777384981.0105371,tb2,0.12890627823877115,1.5
1777384981.0159948,tb7,0.03244049944040188,-1.5
1777384981.0239751,tb3,-0.012975168246191396,-1.5000000000000002
1777384981.0524318,tb1,0.18,-1.3120967908376409
1777384981.0605438,tb2,0.12900067625481274,1.5
1777384981.0658736,tb7,0.004479026810683798,-1.5
1777384981.0735967,tb3,-0.03211996381590711,-1.5
1777384981.1023037,tb1,0.18,-1.3252229443987324
1777384981.1103685,tb2,0.12924801124232146,1.5
1777384981.1159987,tb7,-0.0054604251010648185,-1.5
1777384981.123582,tb3,-0.03997056889242292,-1.5
1777384981.1523628,tb1,0.18,-1.3105038196204466
1777384981.1605263,tb2,0.12946406934548274,1.5
1777384981.165964,tb7,-0.003648573806400827,-1.5
1777384981.1735773,tb3,-0.03890362473514976,-1.4999999999999998
1777384981.2023613,tb1,0.18,-1.3260077154230787
1777384981.2105365,tb2,0.12979596446805375,1.5
1777384981.2157393,tb7,0.003767471053862035,-1.5
1777384981.223569,tb3,-0.03028294373868829,-1.5
1777384981.2525177,tb1,0.18,-1.3525457422064509
1777384981.2606997,tb2,0.13017465736936207,1.4999999999999998
1777384981.265785,tb7,0.014264905312141637,-1.5
1777384981.2735531,tb3,-0.009338534064883046,-1.5
1777384981.3023043,tb1,0.18,-1.3850182927190982
1777384981.310568,tb2,0.13054875199084942,1.5
1777384981.315893,tb7,0.06131407852790911,1.166177832626871
1777384981.3237207,tb3,0.08289108747208151,1.5
1777384981.352346,tb1,0.18,-1.370987923818238
1777384981.3604965,tb2,0.13070530984453044,1.5
1777384981.3658772,tb7,-0.009736493930044672,1.5
1777384981.373811,tb3,0.02602523757792836,1.5
1777384981.4023247,tb1,0.18,-1.3503070229675838
1777384981.4105399,tb2,0.13051047430010082,1.5
1777384981.4158177,tb7,-0.019134818865807663,1.5000000000000002
1777384981.4237673,tb3,0.01407534744159636,1.5
1777384981.4524608,tb1,0.18,-1.3457620886024613
1777384981.460558,tb2,0.13007369495613022,1.5
1777384981.4659219,tb7,-0.01768086259033752,1.5
1777384981.4736564,tb3,0.013486884058143373,1.5
1777384981.5023646,tb1,0.18,-1.356270731923027
1777384981.510475,tb2,0.1296425347885533,1.5
1777384981.5158825,tb7,-0.00778602300987993,1.5
1777384981.5238175,tb3,0.020077628671274945,1.5
1777384981.5523615,tb1,0.18,-1.3382241237252281
1777384981.5606234,tb2,0.12904077739220313,1.5
1777384981.5659225,tb7,0.051920471510667796,1.5
1777384981.574134,tb3,0.03531068670134954,1.5
1777384981.6023216,tb1,0.18,-1.3424760367927493
1777384981.6104443,tb2,0.12875579514338045,1.5
1777384981.615906,tb7,0.025823039094330796,-1.5
1777384981.62447,tb3,0.06870221870008432,-1.5
1777384981.6523688,tb1,0.18,-1.3482195197068145
1777384981.6605396,tb2,0.12876220169928734,1.5
1777384981.665919,tb7,0.0036888738437147,-1.5
1777384981.674156,tb3,-0.024764602841475903,-1.5
1777384981.7023027,tb1,0.18,-1.3553869121639048
1777384981.7104673,tb2,0.1289129268486523,1.5
1777384981.7159119,tb7,-0.0032616393380877034,-1.5
1777384981.7242503,tb3,-0.037755845483411564,-1.4999999999999998
1777384981.752335,tb1,0.18,-1.3373687218747314
1777384981.7604902,tb2,0.12893612506925767,1.5
1777384981.765923,tb7,-0.0008617599592734396,-1.4999999999999998
1777384981.774511,tb3,-0.03906231072263491,-1.5
1777384981.8024967,tb1,0.18,-1.347272637768897
1777384981.8106534,tb2,0.12891023815136418,1.5
1777384981.815905,tb7,0.0068951450320517945,-1.5
1777384981.8244812,tb3,-0.0314127356511081,-1.5
1777384981.8524582,tb1,0.18,-1.3556561988451763
1777384981.8606713,tb2,0.12897256293671505,1.5
1777384981.86595,tb7,0.026040497718152512,-1.5
1777384981.8742957,tb3,-0.010630668118085404,-1.5
1777384981.9023073,tb1,0.18,-1.3506498283566057
1777384981.91051,tb2,0.12940533130949788,1.5
1777384981.9159925,tb7,-0.002296068627225192,1.5
1777384981.9238691,tb3,0.07010530097994622,1.5
1777384981.9524124,tb1,0.18,-1.3096219174816197
1777384981.9607282,tb2,0.12980839573136937,1.5
1777384981.9659991,tb7,-0.019463212258941334,1.5000000000000002
1777384981.973747,tb3,0.02818704627082364,1.5
1777384982.0024893,tb1,0.18,-1.3108078262046983
1777384982.0107107,tb2,0.13027580599029276,1.5
1777384982.0160096,tb7,-0.024344315738436526,1.5
1777384982.0237262,tb3,0.020656160921492178,1.5
1777384982.052512,tb1,0.18,-1.3182693490295045
1777384982.0605485,tb2,0.13061648651034521,1.5
1777384982.0660076,tb7,-0.02082394248633296,1.5
1777384982.0739684,tb3,0.023203638646341063,1.5
1777384982.1022682,tb1,0.18,-1.3258251676436472
1777384982.110558,tb2,0.13088855881894304,1.5
1777384982.1160076,tb7,-0.010838462025730956,1.5
1777384982.1236563,tb3,0.03387536973906117,1.5
1777384982.152399,tb1,0.18,-1.3181059842683962
1777384982.160439,tb2,0.1305928945257496,1.5
1777384982.1659064,tb7,0.01237236188910075,1.5
1777384982.1738358,tb3,0.08294453425009868,1.5
1777384982.2023516,tb1,0.18,-1.3392430853931758
1777384982.2105114,tb2,0.12999849254738785,1.5
1777384982.2158842,tb7,0.0359043378305845,-1.5
1777384982.2237127,tb3,-0.021990960702018156,-1.5
1777384982.2524219,tb1,0.18,-1.3598358282800653
1777384982.2605832,tb2,0.1293269671462411,1.5
1777384982.265877,tb7,0.002042627819794484,-1.5
1777384982.2737098,tb3,-0.043114248982263965,-1.5000000000000002
1777384982.3023522,tb1,0.18,-1.3754706963223275
1777384982.310536,tb2,0.12909385318275296,1.5
1777384982.3158457,tb7,-0.011022717306885579,-1.5
1777384982.323733,tb3,-0.048792171015126576,-1.5
1777384982.3523316,tb1,0.18,-1.3661888106641509
1777384982.3604949,tb2,0.12904623019925682,1.5
1777384982.3660083,tb7,-0.009980457882371377,-1.5
1777384982.373766,tb3,-0.04563902911770324,-1.5
1777384982.4023485,tb1,0.18,-1.3726132108996862
1777384982.4105296,tb2,0.12913229757958114,1.5
1777384982.4158783,tb7,-0.003928464130893802,-1.5
1777384982.4237292,tb3,-0.034694953726347816,-1.5
1777384982.4525058,tb1,0.18,-1.3674982093035963
1777384982.460679,tb2,0.1291704594483983,1.5
1777384982.4659598,tb7,0.004212842646664646,-1.5
1777384982.4737432,tb3,0.06012332591855633,-1.1357880097473063
1777384982.5023685,tb1,0.18,-1.3716683015342468
1777384982.510519,tb2,0.12940269397716003,1.5
1777384982.5159004,tb7,0.018154083268661123,-1.5
1777384982.5237796,tb3,0.040457225984276486,1.5
1777384982.5523493,tb1,0.18,-1.3611725838759876
1777384982.5605125,tb2,0.12946937967221353,1.5
1777384982.5657408,tb7,0.046565516708809804,-1.5
1777384982.573758,tb3,0.02522954632045823,1.5
1777384982.602374,tb1,0.18,-1.3716617754586125
1777384982.6106813,tb2,0.12965930195336983,1.5
1777384982.615869,tb7,-0.0021921194429295144,1.5
1777384982.6237116,tb3,0.019649675085420894,1.5
1777384982.6523778,tb1,0.18,-1.3676938655225692
1777384982.6607075,tb2,0.12996995893878083,1.5
1777384982.6658163,tb7,-0.029680904786667437,1.5
1777384982.6737032,tb3,0.022556426261759226,1.5
1777384982.7024362,tb1,0.18,-1.3681680652492938
1777384982.7106469,tb2,0.13047643159352193,1.5
1777384982.7158551,tb7,-0.036699700016665955,1.5000000000000002
1777384982.7236931,tb3,0.03242224315902246,1.5
1777384982.7523472,tb1,0.18,-1.3838247727095747
1777384982.7606258,tb2,0.13084043784722543,1.5
1777384982.765748,tb7,-0.03353766790005696,1.5
1777384982.773729,tb3,0.05573204435259508,1.5
1777384982.802358,tb1,0.18,-1.388212813536707
1777384982.810416,tb2,0.13099932091579056,1.5
1777384982.8157334,tb7,-0.022330075729113937,1.5
1777384982.8236954,tb3,-0.019229202140594138,-1.5
1777384982.8524573,tb1,0.18,-1.395920413296707
1777384982.8606627,tb2,0.13082484668062003,1.5
1777384982.8658962,tb7,0.018026028811541448,1.4999999999999998
1777384982.8737237,tb3,-0.045113649354512564,-1.5
1777384982.9025023,tb1,0.18,-1.3970237070407698
1777384982.9104862,tb2,0.13080383332280188,1.5
1777384982.9159942,tb7,0.010387524689322651,1.5
1777384982.923722,tb3,-0.0559509843744255,-1.5
1777384982.9523532,tb1,0.18,-1.3630532237045925
1777384982.9606478,tb2,0.13032005742991992,1.5
1777384982.9659808,tb7,0.03807206813378129,-1.5
1777384982.9737105,tb3,-0.05609035892665227,-1.5
1777384983.002341,tb1,0.18,-1.3588120401800146
1777384983.0106058,tb2,0.12965736790766363,1.5
1777384983.0159101,tb7,0.006100698628625113,-1.5
1777384983.0238233,tb3,-0.04905032418325604,-1.4999999999999998
1777384983.052315,tb1,0.18,-1.3589596985847328
1777384983.0605924,tb2,0.12880171087084552,1.5
1777384983.065918,tb7,-0.0031308064882627153,-1.5
1777384983.0737169,tb3,-0.03414316631506755,-1.5
1777384983.1023343,tb1,0.18,-1.3690808623889934
1777384983.1104727,tb2,0.12851602222818992,1.5
1777384983.1158154,tb7,-0.0029408199182940223,-1.5000000000000002
1777384983.1239674,tb3,0.09457440005862808,0.2734357479198421
1777384983.152176,tb1,0.18,-1.3451024711708046
1777384983.1604965,tb2,0.12844747691552555,1.5
1777384983.1660323,tb7,0.004113113035497827,-1.5
1777384983.173874,tb3,0.038324238583977,1.4999999999999998
1777384983.2021952,tb1,0.18,-1.3481146728056328
1777384983.2105162,tb2,0.12850598838202906,1.5
1777384983.215847,tb7,0.016703751934044497,-1.5
1777384983.223731,tb3,0.02473986499989895,1.5
1777384983.2522097,tb1,0.18,-1.3220682034597033
1777384983.2605045,tb2,0.12856599760514792,1.5
1777384983.2658155,tb7,0.08366325214559621,-1.5
1777384983.2735806,tb3,0.020346758851287505,1.5
1777384983.3022535,tb1,0.18,-1.3295871892614481
1777384983.3104706,tb2,0.12870731312248607,1.5
1777384983.3159614,tb7,0.0244415155146723,1.5
1777384983.3236754,tb3,0.025293401190377946,1.5
1777384983.352196,tb1,0.18,-1.332799633094569
1777384983.360579,tb2,0.12876881042085891,1.5
1777384983.3659275,tb7,-0.022071836638719793,1.5
1777384983.3736732,tb3,0.03651491210647933,1.4999999999999998
1777384983.402422,tb1,0.18,-1.3514719925980836
1777384983.4106405,tb2,0.12895222355712063,1.5
1777384983.415964,tb7,-0.03226258053970989,1.4999999999999998
1777384983.4237602,tb3,0.08779503088391319,1.5
1777384983.452464,tb1,0.18,-1.3573718148770226
1777384983.4605777,tb2,0.1292145752753065,1.5
1777384983.4659545,tb7,-0.031221242855699275,1.5
1777384983.4737604,tb3,-0.02585973278056902,-1.5
1777384983.5024362,tb1,0.18,-1.356577186392258
1777384983.5105855,tb2,0.12973260232842013,1.5
1777384983.5158734,tb7,-0.02369828518678305,1.5
1777384983.523666,tb3,-0.04790450249175766,-1.5
1777384983.552276,tb1,0.18,-1.344670499226605
1777384983.560565,tb2,0.1299989912096494,1.5
1777384983.5659423,tb7,-0.00390239770903755,1.5
1777384983.5737019,tb3,-0.058198779530652105,-1.5
1777384983.6022632,tb1,0.18,-1.3489515255085653
1777384983.6107001,tb2,0.13027234503840757,1.5
1777384983.6158926,tb7,0.05654209587625098,-1.5
1777384983.623788,tb3,-0.057711754597724214,-1.5
1777384983.6523616,tb1,0.18,-1.3473848613281918
1777384983.6605012,tb2,0.1304739582034085,1.5
1777384983.6660137,tb7,0.015094938478612412,-1.5000000000000002
1777384983.6736815,tb3,-0.05041302634527642,-1.5
1777384983.702233,tb1,0.18,-1.3508059602438804
1777384983.7104802,tb2,0.1306687626218856,1.5
1777384983.7158704,tb7,0.009377405871735543,-1.5
1777384983.7237031,tb3,-0.03431931080467898,-1.5
1777384983.7521763,tb1,0.18,-1.346695694392415
1777384983.7606046,tb2,0.1305286731148983,1.5
1777384983.765907,tb7,0.011741857370470643,-1.5
1777384983.7737024,tb3,0.10454257350165125,0.7997919575274776
1777384983.802344,tb1,0.18,-1.3496117499331166
1777384983.810446,tb2,0.13015069514079303,1.5
1777384983.8159115,tb7,0.027123771766544593,-1.5
1777384983.8237367,tb3,0.03785890281212799,1.4999999999999998
1777384983.8523514,tb1,0.18,-1.3502789065168779
1777384983.8607006,tb2,0.12948815887937692,1.5
1777384983.8659265,tb7,0.057784139657681005,0.611583554123506
1777384983.873686,tb3,0.025414498292957943,1.5
1777384983.902479,tb1,0.18,-1.3531054856785107
1777384983.910569,tb2,0.12886681869329575,1.5
1777384983.9158795,tb7,-0.011416896548233848,1.5
1777384983.9236727,tb3,0.024348303011048514,1.5
1777384983.95237,tb1,0.18,-1.35201946352904
1777384983.9605372,tb2,0.12847539760311907,1.5
1777384983.9657807,tb7,-0.022877723138534475,1.5
1777384983.973803,tb3,0.029371166215931967,1.5
1777384984.0022728,tb1,0.18,-1.3606848904568454
1777384984.0106626,tb2,0.12848906962854534,1.5
1777384984.0157673,tb7,-0.022747079569810955,1.5
1777384984.0237114,tb3,0.04409908595701441,1.5
1777384984.0523539,tb1,0.18,-1.3457192668929083
1777384984.0605314,tb2,0.12855692176673983,1.5
1777384984.0657895,tb7,-0.014556706822028455,1.5
1777384984.0737505,tb3,0.06432491036829914,-0.7157264243473005
1777384984.102333,tb1,0.18,-1.3594019767175187
1777384984.1104548,tb2,0.1288407696328968,1.5
1777384984.1159506,tb7,0.007782461434474572,1.5
1777384984.123706,tb3,-0.03756451786953375,-1.4999999999999998
1777384984.1524634,tb1,0.18,-1.3492600126845804
1777384984.160544,tb2,0.12893426261156532,1.5
1777384984.165933,tb7,0.037462639385973634,-1.5
1777384984.1738353,tb3,-0.05221272066775183,-1.5
1777384984.2022443,tb1,0.18,-1.3545495703509367
1777384984.2106686,tb2,0.12910443101551203,1.5
1777384984.2159748,tb7,0.008104379893090654,-1.4999999999999998
1777384984.2237105,tb3,-0.05417256635906747,-1.5
1777384984.2524464,tb1,0.18,-1.3565408068304317
1777384984.2606447,tb2,0.12932823318666856,1.5
1777384984.2659328,tb7,0.002617963553033645,-1.5
1777384984.2738354,tb3,-0.047727012092511935,-1.5
1777384984.30234,tb1,0.18,-1.379368739759685
1777384984.3105807,tb2,0.12978539175814213,1.5
1777384984.3157957,tb7,0.008495010779223912,-1.5
1777384984.3237062,tb3,-0.031147851072737764,-1.5
1777384984.3523896,tb1,0.18,-1.3816836830400243
1777384984.3605077,tb2,0.13008064375064327,1.5
1777384984.3658972,tb7,0.02501875570152927,-1.5000000000000002
1777384984.3736982,tb3,0.09305844220535535,1.5
1777384984.4023304,tb1,0.18,-1.3760395986736476
1777384984.4104962,tb2,0.13033040769390902,1.5
1777384984.4158819,tb7,0.048791935471503275,1.4204994320948983
1777384984.4238617,tb3,0.036395164307871826,1.5
1777384984.452456,tb1,0.18,-1.392569306821961
1777384984.4603348,tb2,0.13053021521933963,1.5
1777384984.4659157,tb7,-0.009528988545389229,1.5
1777384984.4737413,tb3,0.025610738974765932,1.5
1777384984.502336,tb1,0.18,-1.3885447634291828
1777384984.5105188,tb2,0.13063774057046249,1.5
1777384984.515795,tb7,-0.0172699166555832,1.5
1777384984.5236714,tb3,0.02590656243340296,1.5
1777384984.5524902,tb1,0.18,-1.3723507054579664
1777384984.5604336,tb2,0.13033376688040973,1.5
1777384984.5658638,tb7,-0.013958631546002298,1.5
1777384984.5738194,tb3,0.03293495949114639,1.5
1777384984.6022894,tb1,0.18,-1.3471087504510404
1777384984.610532,tb2,0.12995406801264375,1.5
1777384984.6158938,tb7,-0.00041243695015950177,1.5
1777384984.6238031,tb3,0.05444425394247573,1.5
1777384984.6524563,tb1,0.18,-1.3561647674717259
1777384984.6606376,tb2,0.12935294520480098,1.5
1777384984.6659248,tb7,0.06632183880010371,-1.1357005284406207
1777384984.6737115,tb3,-0.010429875299829989,-1.5
1777384984.7024295,tb1,0.18,-1.3428374627336497
1777384984.7104893,tb2,0.1290221452278519,1.5
1777384984.7158172,tb7,0.011731000272669968,-1.5
1777384984.7236662,tb3,-0.04659197564628122,-1.5
1777384984.7523425,tb1,0.18,-1.3198812740251478
1777384984.7606783,tb2,0.12877790349402427,1.5
1777384984.7658725,tb7,0.0034188965705711947,-1.5
1777384984.7738378,tb3,-0.0572233457327467,-1.5
1777384984.8022795,tb1,0.18,-1.330758923693112
1777384984.810531,tb2,0.12875493652913209,1.5
1777384984.8159847,tb7,0.004862956026255371,-1.5000000000000002
1777384984.8237221,tb3,-0.056419642555345255,-1.5
1777384984.8522484,tb1,0.18,-1.3571601018899968
1777384984.8606353,tb2,0.12885404897617095,1.5
1777384984.8659108,tb7,0.014677469339813815,-1.5
1777384984.8736975,tb3,-0.04828395032112665,-1.5
1777384984.9022715,tb1,0.18,-1.3659310371556503
1777384984.910496,tb2,0.1291587382994893,1.5
1777384984.9159596,tb7,0.05856825629151858,-0.6493113845332747
1777384984.9236538,tb3,-0.03495142797792161,-1.5
1777384984.95237,tb1,0.18,-1.3557233483730375
1777384984.9605622,tb2,0.12932737938635797,1.5
1777384984.9659808,tb7,-0.015695421465611224,1.5
1777384984.9736538,tb3,0.05795456911081964,-0.8101396842779757
1777384985.0023544,tb1,0.18,-1.3777515444033117
1777384985.010449,tb2,0.12947560474252812,1.5
1777384985.0159588,tb7,-0.02531275192374593,1.5
1777384985.0236754,tb3,0.0398138444142812,1.5
1777384985.0523567,tb1,0.18,-1.3888754180501184
1777384985.0604944,tb2,0.12964217023931893,1.5
1777384985.065862,tb7,-0.027575361063232617,1.5
1777384985.07381,tb3,0.022509945208567094,1.5
1777384985.102444,tb1,0.18,-1.363490623623383
1777384985.1105893,tb2,0.13009592985010218,1.5
1777384985.1158874,tb7,-0.024661006527727663,1.5
1777384985.1237512,tb3,0.01684508969503455,1.5
1777384985.1524124,tb1,0.18,-1.3510036039003608
1777384985.1604555,tb2,0.1303612385116628,1.5
1777384985.165961,tb7,-0.01762766066262049,1.5
1777384985.1737096,tb3,0.0188291121685591,1.4999999999999998
1777384985.2022538,tb1,0.18,-1.360595010962863
1777384985.2105215,tb2,0.1306230982201424,1.5
1777384985.2160165,tb7,-0.007471478756902801,1.5
1777384985.2237754,tb3,0.027412459475765014,1.5
1777384985.252463,tb1,0.18,-1.3580278632638982
1777384985.2605965,tb2,0.13058390662696798,1.5
1777384985.2660353,tb7,0.0038371905808788596,1.5
1777384985.2737188,tb3,0.046675753297843715,1.5
1777384985.3023417,tb1,0.18,-1.3600228681139583
1777384985.3106294,tb2,0.13061562081858277,1.5
1777384985.3159015,tb7,0.019661343163813755,1.5
1777384985.3234336,tb3,0.09897102927623552,0.7950095658366829
1777384985.3524232,tb1,0.18,-1.3791993776006088
1777384985.360664,tb2,0.13032111315277173,1.5
1777384985.3657684,tb7,0.0408676408730345,-1.4510427907768975
1777384985.3737135,tb3,-0.03596098914762102,-1.5
1777384985.402382,tb1,0.18,-1.3858630127965221
1777384985.4104378,tb2,0.12998051152695364,1.5
1777384985.4159937,tb7,-0.018668906055494063,-1.5
1777384985.4236786,tb3,-0.05316422277354061,-1.5
1777384985.4523711,tb1,0.18,-1.384861316565503
1777384985.4606326,tb2,0.129444253261275,1.5
1777384985.4660249,tb7,-0.02578159633039439,-1.5
1777384985.4737217,tb3,-0.05904567933944865,-1.5
1777384985.5023375,tb1,0.18,-1.3818907276564165
1777384985.5104861,tb2,0.12893012666909734,1.5
1777384985.515859,tb7,-0.022892653281993355,-1.5
1777384985.5236065,tb3,-0.055108029041127674,-1.5
1777384985.552342,tb1,0.18,-1.3674507974768506
1777384985.5605783,tb2,0.12847050216987801,1.5
1777384985.5658076,tb7,-0.016711401342366275,-1.5
1777384985.573684,tb3,-0.044530459189564296,-1.5
1777384985.602372,tb1,0.18,-1.3702633633589623
1777384985.610608,tb2,0.1282670179411728,1.5
1777384985.6157455,tb7,0.004618719019857113,-1.5
1777384985.6236858,tb3,-0.021826432981374898,-1.5
1777384985.65249,tb1,0.18,-1.350636924798111
1777384985.6604905,tb2,0.12831548018740133,1.5
1777384985.6657774,tb7,0.04508319785791106,1.5
1777384985.6737113,tb3,0.06316209464201868,1.5
1777384985.7022748,tb1,0.18,-1.3358471249439923
1777384985.7105486,tb2,0.12855029223854708,1.5
1777384985.715971,tb7,0.008411284073939382,1.5
1777384985.7237124,tb3,0.031371890954176154,1.5
1777384985.7524981,tb1,0.18,-1.325648357338558
1777384985.7605839,tb2,0.12862463544452687,1.5
1777384985.7660117,tb7,0.004038519678865347,1.5
1777384985.7736926,tb3,0.024079433818022074,1.5
1777384985.8023546,tb1,0.18,-1.3385042577838508
1777384985.810647,tb2,0.12874989752811872,1.5
1777384985.8159957,tb7,0.0052553620459377575,1.5
1777384985.8236985,tb3,0.025747469854873167,1.5
1777384985.8523939,tb1,0.18,-1.3506286794468565
1777384985.860527,tb2,0.12890775193994028,1.5
1777384985.8660388,tb7,0.022495707297537217,1.5
1777384985.8738265,tb3,0.0347543213900061,1.5
1777384985.9023163,tb1,0.18,-1.3695843648809394
1777384985.9104714,tb2,0.12929092235160516,1.5
1777384985.9159594,tb7,0.03607249338739343,-1.5
1777384985.9236832,tb3,0.06535477244408062,1.5
1777384985.9524565,tb1,0.18,-1.390829289563277
1777384985.9606965,tb2,0.1295626806292874,1.5
1777384985.9660103,tb7,-0.004098609483923323,-1.5
1777384985.9737,tb3,-0.01980451250015397,-1.4999999999999998
1777384986.0023181,tb1,0.18,-1.396970899579954
1777384986.0105398,tb2,0.1298077677941375,1.5
1777384986.0157406,tb7,-0.009371908271873603,-1.5
1777384986.0237582,tb3,-0.04599327271369392,-1.5
1777384986.0523732,tb1,0.18,-1.3949885088283016
1777384986.0605788,tb2,0.13007042686986792,1.5
1777384986.0658026,tb7,-0.005106711555678478,-1.5
1777384986.073688,tb3,-0.05434779101566336,-1.5
1777384986.1024663,tb1,0.18,-1.4055273690700414
1777384986.1105356,tb2,0.1304570354185568,1.5
1777384986.1158972,tb7,0.005152260498187079,-1.5
1777384986.123719,tb3,-0.05209238143460326,-1.5
1777384986.1523778,tb1,0.18,-1.3918453302081488
1777384986.1605668,tb2,0.13061682842380015,1.5
1777384986.165781,tb7,0.041744002670911544,1.5
1777384986.173643,tb3,-0.04194924682676746,-1.5
1777384986.2021954,tb1,0.18,-1.3807669579547572
1777384986.2104826,tb2,0.13058904734955626,1.5
1777384986.2158093,tb7,0.0015600997141020183,1.5
1777384986.223767,tb3,-0.014706877092837889,-1.5
1777384986.2523167,tb1,0.18,-1.3726793723580366
1777384986.2605343,tb2,0.13035923311042488,1.5
1777384986.265942,tb7,-0.008348633213868067,1.5
1777384986.2739155,tb3,0.05725754175773008,1.5000000000000002
1777384986.302433,tb1,0.18,-1.3699107513281814
1777384986.3105354,tb2,0.13023520828879642,1.5
1777384986.3159466,tb7,-0.008051558779520865,1.5
1777384986.3236763,tb3,0.027534833734973556,1.5
1777384986.3523648,tb1,0.18,-1.3707665661438648
1777384986.3605356,tb2,0.12963567777518448,1.5
1777384986.3660254,tb7,-0.0014769397550332347,1.5
1777384986.3737876,tb3,0.021124264777143638,1.5
1777384986.4022555,tb1,0.18,-1.3726012627674937
1777384986.4106486,tb2,0.12880596985911585,1.5
1777384986.4158201,tb7,0.01414297674887092,1.5
1777384986.4237068,tb3,0.02221173554739334,1.5
1777384986.4525588,tb1,0.18,-1.3801976028817617
1777384986.460652,tb2,0.12807170758015124,1.5
1777384986.4660692,tb7,0.03381898061481783,-1.5
1777384986.4737012,tb3,0.029252095608196513,1.5
1777384986.5022771,tb1,0.18,-1.3928356922790146
1777384986.5105906,tb2,0.12801012212493468,1.5
1777384986.516308,tb7,-0.008667792093077364,-1.5
1777384986.5236664,tb3,0.04248322145852186,1.5
1777384986.55239,tb1,0.18,-1.3616796450452946
1777384986.5606565,tb2,0.1281145979053622,1.5
1777384986.5659764,tb7,-0.01737740851694521,-1.5
1777384986.5736775,tb3,0.11942056946013382,1.5
1777384986.6022217,tb1,0.18,-1.35506409396294
1777384986.6107025,tb2,0.12816468978932086,1.5
1777384986.6158211,tb7,-0.015834951859064344,-1.5
1777384986.6238098,tb3,-0.037778532474591266,-1.5
1777384986.6524706,tb1,0.18,-1.3490718975907738
1777384986.6605277,tb2,0.12824656089456835,1.5
1777384986.6657765,tb7,-0.008291318961598598,-1.5000000000000002
1777384986.673721,tb3,-0.05698541370235728,-1.5
1777384986.7023413,tb1,0.18,-1.36232798338921
1777384986.7107038,tb2,0.12864211358759423,1.5
1777384986.7160048,tb7,0.008111948522588232,-1.5000000000000002
1777384986.7237113,tb3,-0.0648080735311549,-1.5
1777384986.7523532,tb1,0.18,-1.3330207009195396
1777384986.7606633,tb2,0.12881866992959892,1.5
1777384986.7659023,tb7,0.023075836087771973,-1.5
1777384986.7738204,tb3,-0.06296418959116312,-1.5
1777384986.8023233,tb1,0.18,-1.337300489756127
1777384986.8104424,tb2,0.12903394754460965,1.5
1777384986.8159096,tb7,0.011482886753677814,1.5
1777384986.8236282,tb3,-0.05424103486498331,-1.4999999999999998
1777384986.852473,tb1,0.18,-1.3439150066816699
1777384986.8606431,tb2,0.1292576705049627,1.5
1777384986.8657558,tb7,-0.013671612927186038,1.5
1777384986.8735862,tb3,-0.036196718376381845,-1.5
1777384986.9025326,tb1,0.18,-1.3681662626392197
1777384986.9105809,tb2,0.1296378950154777,1.5
1777384986.9158027,tb7,-0.01890451792244024,1.5
1777384986.923467,tb3,0.05503284145857192,1.5
1777384986.9524033,tb1,0.18,-1.3745772473734088
1777384986.9605381,tb2,0.12984019909412356,1.5
1777384986.9668763,tb7,-0.016172623954919717,1.5
1777384986.9737716,tb3,0.036838670867463175,1.5
1777384987.0023923,tb1,0.18,-1.3825267866318387
1777384987.0105445,tb2,0.13000060123820062,1.5
1777384987.0159204,tb7,-0.006183156420310873,1.5
1777384987.0237274,tb3,0.02818515485478972,1.5
1777384987.0523767,tb1,0.18,-1.4025112782086846
1777384987.0605867,tb2,0.13020675445748642,1.5
1777384987.0660317,tb7,0.03882247130195133,1.125338678767989
1777384987.07376,tb3,0.029018559659067605,1.5
1777384987.1024113,tb1,0.18,-1.4042626566339595
1777384987.110496,tb2,0.13055043558798846,1.5
1777384987.115873,tb7,0.011807236542837968,-1.5
1777384987.1236682,tb3,0.0349637881513485,1.5
1777384987.1523793,tb1,0.18,-1.411294079784173
1777384987.1604683,tb2,0.13055983165652307,1.5
1777384987.1659608,tb7,-0.006310674753540393,-1.5
1777384987.173772,tb3,0.046189793302839226,1.5
1777384987.2023845,tb1,0.18,-1.4132696749092448
1777384987.210422,tb2,0.13016584815080962,1.5
1777384987.2159233,tb7,-0.01265310945964856,-1.5
1777384987.2237387,tb3,0.08505624605747554,1.5
1777384987.2524805,tb1,0.18,-1.4075864254165527
1777384987.260573,tb2,0.12969492748941785,1.5
1777384987.2657611,tb7,-0.011594652219087799,-1.5
1777384987.2737658,tb3,-0.04218082664503613,-1.5000000000000002
1777384987.3022444,tb1,0.18,-1.3987826077253236
1777384987.3104432,tb2,0.1293526119891362,1.5
1777384987.315777,tb7,-0.006475904908030772,-1.5
1777384987.3237786,tb3,-0.0630948856315756,-1.5
1777384987.3523915,tb1,0.18,-1.3661384618036676
1777384987.3605068,tb2,0.12846817687498902,1.5
1777384987.3659406,tb7,0.027588363869083882,-1.5
1777384987.3737252,tb3,-0.07113437910263891,-1.5
1777384987.4023025,tb1,0.18,-1.3765304431094767
1777384987.410489,tb2,0.12803794141309804,1.5
1777384987.4158564,tb7,0.009652875573257488,1.5
1777384987.4238374,tb3,-0.06934932203474753,-1.5
1777384987.4523578,tb1,0.18,-1.3747339999555175
1777384987.4605181,tb2,0.1279015285192068,1.5
1777384987.4659545,tb7,-0.010315224105093687,1.5
1777384987.4739358,tb3,-0.059961344078456234,-1.5000000000000002
1777384987.5024111,tb1,0.18,-1.3709645536354358
1777384987.510636,tb2,0.12824701558932683,1.5
1777384987.5160372,tb7,-0.017551534560134675,1.4999999999999998
1777384987.5235934,tb3,-0.036404566261962534,-1.5
1777384987.5524142,tb1,0.18,-1.3409679936934698
1777384987.560498,tb2,0.12835670634591237,1.5
1777384987.5659733,tb7,-0.01302812137259813,1.5
1777384987.573632,tb3,-0.018327353795453277,-1.5
1777384987.6022365,tb1,0.18,-1.348038893173984
1777384987.6104708,tb2,0.1285543926529035,1.5
1777384987.6158435,tb7,-0.002525266762743157,1.5
1777384987.6236274,tb3,0.06315901153389478,1.5
1777384987.6522896,tb1,0.18,-1.3518328993192745
1777384987.6604948,tb2,0.12869307373372707,1.5
1777384987.6660604,tb7,0.0480399547611155,-0.44653044345350223
1777384987.6738122,tb3,0.03637988410319463,1.5
1777384987.702313,tb1,0.18,-1.3526065117448618
1777384987.7105079,tb2,0.12903465197648054,1.5
1777384987.715798,tb7,0.01008659586682266,-1.5
1777384987.7237613,tb3,0.02645941990251079,1.5
1777384987.7524457,tb1,0.18,-1.367735103746724
1777384987.760567,tb2,0.12923304172661984,1.5
1777384987.7658064,tb7,-0.0033316829316132977,-1.5
1777384987.7737706,tb3,0.025160138033756933,1.5
1777384987.8023052,tb1,0.18,-1.3815171772782509
1777384987.81047,tb2,0.1294291861663216,1.5
1777384987.8159943,tb7,-0.00526388333222229,-1.5
1777384987.8237817,tb3,0.03152279929124706,1.5
1777384987.8522787,tb1,0.17999999999999997,-1.3945083214533454
1777384987.86053,tb2,0.12960851492976735,1.5
1777384987.8659372,tb7,-0.0011716889818196346,-1.5
1777384987.8737745,tb3,0.04290540248850508,1.5
1777384987.9023087,tb1,0.18,-1.3894408696576193
1777384987.910492,tb2,0.12998909364555275,1.5
1777384987.915874,tb7,0.006941024989206691,-1.5
1777384987.9237614,tb3,0.06744965594540403,1.5
1777384987.9523516,tb1,0.18,-1.3992961799112793
1777384987.9605372,tb2,0.13022116810258536,1.5
1777384987.9657495,tb7,0.04339770086391852,0.16724111554110407
1777384987.9737673,tb3,-0.017576521517108083,-1.5
1777384988.0023012,tb1,0.18,-1.4030216608769914
1777384988.0105548,tb2,0.13043873940048004,1.5
1777384988.0159087,tb7,-0.010152809739146462,1.5
1777384988.0236082,tb3,-0.0521386203263095,-1.5
1777384988.052319,tb1,0.18,-1.3988205562698819
1777384988.0605466,tb2,0.13062490163426504,1.5
1777384988.065874,tb7,-0.021774999683897022,1.5000000000000002
1777384988.0735996,tb3,-0.06325925762635476,-1.5
1777384988.102313,tb1,0.18,-1.3850992676571563
1777384988.1105397,tb2,0.1307812299104016,1.5
1777384988.1160014,tb7,-0.024012841941880726,1.5
1777384988.1235883,tb3,-0.06189596472425222,-1.5
1777384988.152371,tb1,0.17999999999999997,-1.370392032068297
1777384988.1605814,tb2,0.13057703209243987,1.5
1777384988.1659882,tb7,-0.019859577699399177,1.5
1777384988.1738317,tb3,-0.05192157139429631,-1.5
1777384988.202306,tb1,0.18,-1.375296980703716
1777384988.2104552,tb2,0.13007458393978075,1.5
1777384988.215962,tb7,-0.009596892291555534,1.5
1777384988.2237573,tb3,-0.029108274030998967,-1.5
1777384988.2523432,tb1,0.17999999999999997,-1.3640151191813628
1777384988.2605383,tb2,0.1296674608683115,1.5
1777384988.2659326,tb7,0.03556485865870012,1.0664395869189913
1777384988.2737398,tb3,0.08625982708302958,1.5
1777384988.3022587,tb1,0.18,-1.3543080600002015
1777384988.3105693,tb2,0.12918359286125006,1.5
1777384988.315922,tb7,0.012420756954157681,-1.5
1777384988.3237276,tb3,0.04449437960186017,1.5
1777384988.35233,tb1,0.18000000000000002,-1.3453342608469734
1777384988.3605578,tb2,0.1285003228206365,1.5
1777384988.365741,tb7,-0.0019404833556899489,-1.5
1777384988.3737009,tb3,0.03315386953013951,1.5
1777384988.402315,tb1,0.18,-1.3436792353278881
1777384988.4105477,tb2,0.12813860373259955,1.5
1777384988.4158132,tb7,-0.007027963503336564,-1.5
1777384988.4236968,tb3,0.03501570807568278,1.5
1777384988.4522808,tb1,0.18,-1.3336617593037088
1777384988.4604936,tb2,0.12808871523509394,1.5
1777384988.4658134,tb7,-0.004835930817408047,-1.5
1777384988.4735003,tb3,0.04226475133192135,1.5000000000000002
1777384988.502149,tb1,0.18000000000000002,-1.3493462470472115
1777384988.5103238,tb2,0.12836484336968243,1.5
1777384988.5158794,tb7,0.0030889948614995183,-1.4999999999999998
1777384988.5234916,tb3,0.05753316959304991,1.5
1777384988.5521324,tb1,0.18,-1.351294087466289
1777384988.5603235,tb2,0.12849804753197167,1.5
1777384988.5657632,tb7,0.0024318535371772496,1.5
1777384988.5734808,tb3,0.12240970275678992,0.557444193036682
1777384988.6022825,tb1,0.18,-1.356516417964539
1777384988.6102915,tb2,0.1286355780341704,1.5
1777384988.6157846,tb7,-0.009129542331178206,1.5
1777384988.623446,tb3,-0.049224491267018854,-1.5
1777384988.6522143,tb1,0.18,-1.3656094280438305
1777384988.6602886,tb2,0.1287960183330103,1.5
1777384988.6657948,tb7,-0.014274941354848004,1.5
1777384988.6734855,tb3,-0.06738093331852235,-1.5
1777384988.702312,tb1,0.18000000000000002,-1.3769301085331773
1777384988.7104495,tb2,0.12916944821548768,1.5
1777384988.7159398,tb7,-0.012291708919759042,1.5
1777384988.723573,tb3,-0.07663202280580392,-1.4999999999999998
1777384988.7524364,tb1,0.18000000000000002,-1.382198959276704
1777384988.7604504,tb2,0.12936173103524723,1.5
1777384988.7657692,tb7,-0.005929922191661883,1.5
1777384988.7737827,tb3,-0.07459292512356962,-1.5
1777384988.8023124,tb1,0.18,-1.383945596755891
1777384988.81053,tb2,0.1295570869226203,1.5
1777384988.8158898,tb7,0.003332734257237516,1.5000000000000002
1777384988.823801,tb3,-0.06593878714702149,-1.5
1777384988.8524325,tb1,0.18,-1.3815062565585008
1777384988.860543,tb2,0.12974117074269176,1.5
1777384988.86591,tb7,0.01911487171160882,1.5
1777384988.8737464,tb3,-0.05022489966784485,-1.5
1777384988.902366,tb1,0.18,-1.388326628615586
1777384988.910536,tb2,0.13014939678811563,1.5
1777384988.9159188,tb7,0.019935644621105617,-1.5
1777384988.9237905,tb3,0.0999613315293591,0.11782098514156836
1777384988.9523377,tb1,0.18,-1.387285678770096
1777384988.9604971,tb2,0.13035651985243568,1.5
1777384988.9657779,tb7,-0.001846136700636887,-1.5
1777384988.9736762,tb3,0.05210305969210283,1.5
1777384989.0022883,tb1,0.18,-1.3880451130980844
1777384989.010528,tb2,0.13036949213145135,1.5
1777384989.0158813,tb7,-0.016052468423189803,-1.5
1777384989.02368,tb3,0.037498987539936954,1.5000000000000002
1777384989.0523303,tb1,0.18000000000000002,-1.3905435270553586
1777384989.060606,tb2,0.13007519118935346,1.5
1777384989.0657878,tb7,-0.007482957032873308,-1.5
1777384989.0737054,tb3,0.032943243215567374,1.5
1777384989.1023827,tb1,0.18,-1.3927799431576673
1777384989.1106436,tb2,0.13000413353713078,1.5
1777384989.1159647,tb7,0.052273450211419645,0.3564760654317679
1777384989.123687,tb3,0.03599588694375227,1.5
1777384989.152354,tb1,0.18,-1.3857113214368575
1777384989.1604426,tb2,0.129581305534536,1.5
1777384989.165858,tb7,-0.0035607541518834136,-1.5
1777384989.173693,tb3,0.047684204309618325,1.5
1777384989.202302,tb1,0.18,-1.3824887376484802
1777384989.2105827,tb2,0.12897259595054678,1.5
1777384989.2159426,tb7,0.019456875649147245,-1.5
1777384989.2235959,tb3,0.07502348589755815,1.5
1777384989.2523444,tb1,0.18,-1.3816410138871877
1777384989.2606366,tb2,0.12836476035069755,1.5
1777384989.2659898,tb7,0.04188007836733474,1.3664502384884405
1777384989.2736862,tb3,-0.027299181589246605,-1.5
1777384989.3023696,tb1,0.18,-1.3884457286442717
1777384989.310701,tb2,0.1284371524794491,1.5
1777384989.315812,tb7,0.0014588793748871389,1.5
1777384989.3236952,tb3,-0.058615497314177395,-1.5
1777384989.3522847,tb1,0.18,-1.3438914384588088
1777384989.3605084,tb2,0.1285229352863026,1.5
1777384989.3660078,tb7,0.006639877558186533,1.5
1777384989.3736815,tb3,-0.0699503417554331,-1.5
1777384989.4023786,tb1,0.18,-1.3360491308411189
1777384989.4104574,tb2,0.12867206633669592,1.5
1777384989.415792,tb7,0.01005382493830984,1.5
1777384989.423722,tb3,-0.06998989847701335,-1.5
1777384989.4524298,tb1,0.18000000000000002,-1.3375464596338025
1777384989.460542,tb2,0.12882221846490952,1.5
1777384989.4657829,tb7,0.043020407121324725,-1.0957785505107958
1777384989.4737563,tb3,-0.0614250312365008,-1.5
1777384989.502287,tb1,0.18,-1.3614823591653393
1777384989.5104995,tb2,0.1291089980422377,1.5
1777384989.515889,tb7,0.008245017753483479,-1.5
1777384989.5237906,tb3,-0.041582837837190856,-1.5
1777384989.5523996,tb1,0.18,-1.353688786846809
1777384989.560535,tb2,0.1293372697240144,1.5
1777384989.566039,tb7,0.001696818521878844,-1.5
1777384989.573763,tb3,0.09651063676198347,1.5
1777384989.6022506,tb1,0.18,-1.3580519318302997
1777384989.61055,tb2,0.12952037407206424,1.5
1777384989.615799,tb7,0.004540468404305593,-1.5
1777384989.62378,tb3,0.05005205762813698,1.5
1777384989.6522794,tb1,0.18000000000000002,-1.3762186174284423
1777384989.6606658,tb2,0.12975958657306244,1.5
1777384989.665926,tb7,0.019983979203958856,-1.5000000000000002
1777384989.6738148,tb3,0.03877471141902192,1.5
1777384989.7023542,tb1,0.18000000000000002,-1.3895155323788095
1777384989.7105558,tb2,0.13019840348437153,1.5
1777384989.715756,tb7,0.015022810975967844,1.5
1777384989.7237883,tb3,0.03884140815785283,1.5000000000000002
1777384989.7524486,tb1,0.18,-1.3832691890194466
1777384989.7605202,tb2,0.1303876124765602,1.5
1777384989.7659183,tb7,-0.014412054570600033,1.5
1777384989.774303,tb3,0.04495216910583678,1.5
1777384989.8023117,tb1,0.18,-1.3827749491190977
1777384989.8104687,tb2,0.13046302753777952,1.5
1777384989.8158934,tb7,-0.020174128652066213,1.5000000000000002
1777384989.823788,tb3,0.06001940522935246,1.5
1777384989.8525395,tb1,0.18,-1.3867794551397625
1777384989.8605318,tb2,0.13033097522322315,1.5
1777384989.865921,tb7,-0.018183715556171057,1.5
1777384989.8738105,tb3,0.07597092202217126,-0.6269777010362656
1777384989.9023113,tb1,0.18,-1.399041726909129
1777384989.9106488,tb2,0.1300165019486016,1.5
1777384989.9160192,tb7,-0.01077867734178096,1.5
1777384989.9237893,tb3,-0.051748970590497774,-1.5
1777384989.9524078,tb1,0.18,-1.373936363108389
1777384989.9605339,tb2,0.12960021909950512,1.5
1777384989.9657745,tb7,0.012972377870497341,-1.5
1777384989.9737866,tb3,-0.06700706937521175,-1.5
1777384990.0023692,tb1,0.18,-1.3763583365269931
1777384990.0104601,tb2,0.12890574235030894,1.5
1777384990.0159752,tb7,0.001983404286115392,-1.5
1777384990.0237796,tb3,-0.0713903108519323,-1.5
1777384990.0523555,tb1,0.18,-1.3961086167003027
1777384990.06046,tb2,0.12831150305922157,1.5
1777384990.065908,tb7,-0.0034317376707889836,-1.5
1777384990.0737262,tb3,-0.0655459761729223,-1.5
1777384990.1022675,tb1,0.18,-1.3967429008702412
1777384990.1106348,tb2,0.12835050006331028,1.5
1777384990.1158004,tb7,-0.0021517101288830937,-1.5
1777384990.1236305,tb3,-0.05088222960382362,-1.5
1777384990.1524642,tb1,0.17999999999999997,-1.3462276814837484
1777384990.160686,tb2,0.12839867610788833,1.5
1777384990.165861,tb7,0.004393334796608657,-1.5
1777384990.1736982,tb3,0.1455255479563899,1.3792333194335265
1777384990.2023103,tb1,0.18,-1.3552065242326878
1777384990.2105305,tb2,0.1285048887442301,1.5
1777384990.2158577,tb7,0.014570317697660056,-1.5000000000000002
1777384990.2237623,tb3,0.054546752387904025,1.5
1777384990.2525058,tb1,0.18000000000000002,-1.357923592117355
1777384990.260577,tb2,0.1287190288542273,1.5
1777384990.2658782,tb7,0.04551374856464787,-1.5
1777384990.2737901,tb3,0.03852701679543177,1.5
1777384990.3023407,tb1,0.18000000000000002,-1.346138836573115
1777384990.3105834,tb2,0.1290402348807148,1.5
1777384990.3158736,tb7,-0.016680787607302683,1.5
1777384990.3237534,tb3,0.031468789862145796,1.5
1777384990.3523428,tb1,0.18,-1.3395410253245343
1777384990.3606446,tb2,0.12925259925636978,1.5
1777384990.3659203,tb7,-0.03648738518294054,1.5
1777384990.3737664,tb3,0.03233611145602087,1.5
1777384990.4023309,tb1,0.17999999999999997,-1.3553184096657378
1777384990.4104185,tb2,0.12945640243263384,1.5
1777384990.4159362,tb7,-0.04503062733070169,1.5
1777384990.4237454,tb3,0.03954804920532216,1.5
1777384990.4523408,tb1,0.18,-1.3631833713859287
1777384990.4605966,tb2,0.12965170464960235,1.5
1777384990.4659653,tb7,-0.044481296107216656,1.5
1777384990.4737654,tb3,0.05018486690962574,1.5
1777384990.50226,tb1,0.18,-1.3593847799453507
1777384990.5106022,tb2,0.13003452209507546,1.5
1777384990.5159347,tb7,-0.038637920476006726,1.5
1777384990.5236773,tb3,0.07338260412816344,1.5
1777384990.552327,tb1,0.18,-1.3669832206359083
1777384990.5606747,tb2,0.13023404737135227,1.5
1777384990.5659032,tb7,-0.031869475012022135,1.5
1777384990.5736673,tb3,0.08406832056983186,-0.6175272199931094
1777384990.6023335,tb1,0.18,-1.3789512230475716
1777384990.6104681,tb2,0.13037503366974015,1.5
1777384990.6157696,tb7,-0.020713229062972384,1.5
1777384990.6236675,tb3,-0.0596546431217025,-1.5
1777384990.652485,tb1,0.18,-1.3769985819220378
1777384990.6606853,tb2,0.13028418924554294,1.5
1777384990.6657665,tb7,-0.003885234095862031,1.5000000000000002
1777384990.673679,tb3,-0.07364290077735798,-1.5
1777384990.7022963,tb1,0.18,-1.3856424403311276
1777384990.7104568,tb2,0.13020357492901424,1.5
1777384990.7159038,tb7,0.03029415009860524,-1.5
1777384990.7237766,tb3,-0.07702810065189945,-1.5
1777384990.7524376,tb1,0.18,-1.3602603084881528
1777384990.7604387,tb2,0.1298665250870318,1.5
1777384990.7659001,tb7,0.004407491386542158,-1.5
1777384990.7737305,tb3,-0.07104356545883696,-1.5
1777384990.8024182,tb1,0.18,-1.3694780133918076
1777384990.8105543,tb2,0.12929360478024407,1.5
1777384990.8158457,tb7,-0.00295492169403311,-1.5
1777384990.8237312,tb3,-0.05642725187887661,-1.5
1777384990.8524384,tb1,0.18,-1.3694967351923117
1777384990.860648,tb2,0.12872015141196044,1.4999999999999998
1777384990.8658864,tb7,0.00015139757461939894,-1.5
1777384990.8738356,tb3,0.06377929276790864,-0.9203720450719446
1777384990.902426,tb1,0.18,-1.3597918068543047
1777384990.910363,tb2,0.12866576327346846,1.5
1777384990.915888,tb7,0.01938935756284526,-1.5
1777384990.923718,tb3,0.06257785052308783,1.5
1777384990.9524336,tb1,0.18,-1.3359019323851224
1777384990.9604402,tb2,0.12856354830794656,1.5
1777384990.9659185,tb7,0.008650439099241927,-1.5
1777384990.973636,tb3,0.04520428063229882,1.5
1777384991.0023541,tb1,0.18,-1.3407352552200869
1777384991.0105636,tb2,0.12861307113506887,1.5
1777384991.0157757,tb7,0.022933804815805543,-1.5
1777384991.0237038,tb3,0.03870217047471577,1.5
1777384991.052345,tb1,0.18,-1.3449248094464723
1777384991.060639,tb2,0.12878093843683464,1.5
1777384991.0658584,tb7,0.04760186438866113,-0.17415639815242973
1777384991.0736763,tb3,0.04074713639912015,1.5000000000000002
1777384991.1023314,tb1,0.18,-1.359135169039853
1777384991.1104388,tb2,0.12918188222318272,1.4999999999999998
1777384991.1159909,tb7,-0.025992013673471915,1.5
1777384991.123703,tb3,0.049207283142486104,1.5
1777384991.1523328,tb1,0.18,-1.3621357833832894
1777384991.160421,tb2,0.12933048661159655,1.5
1777384991.1658669,tb7,-0.03850829980588065,1.5
1777384991.1739848,tb3,0.0671009892687458,1.5
1777384991.202359,tb1,0.18,-1.3560177764304844
1777384991.2104757,tb2,0.1294748536886639,1.5
1777384991.2159991,tb7,-0.039867519902564506,1.4999999999999998
1777384991.22381,tb3,0.026842905143188895,-1.5
1777384991.2523751,tb1,0.18,-1.3507761979549893
1777384991.260448,tb2,0.12962836747474424,1.5
1777384991.2658198,tb7,-0.03538580252405943,1.5
1777384991.2737658,tb3,-0.06140112040864279,-1.5
1777384991.302312,tb1,0.18,-1.361451887236868
1777384991.3105392,tb2,0.12994470028125557,1.5
1777384991.315787,tb7,-0.026915718407948163,1.5
1777384991.3236446,tb3,-0.0731696815812148,-1.5
1777384991.3523366,tb1,0.18,-1.3560558019177968
1777384991.3606243,tb2,0.1300561485951561,1.5
1777384991.366096,tb7,0.04976279004885396,-0.15221759783566183
1777384991.3737144,tb3,-0.07165734724198676,-1.5
1777384991.4023552,tb1,0.18,-1.3537993479931199
1777384991.4105673,tb2,0.13016470216332793,1.5
1777384991.4159017,tb7,0.03013044494396233,-1.5
1777384991.423722,tb3,-0.06137233156046737,-1.5
1777384991.4523096,tb1,0.18,-1.3534009230309607
1777384991.4605217,tb2,0.1301953081500134,1.5
1777384991.4659126,tb7,0.015894221360990262,-1.5
1777384991.4740229,tb3,-0.029785953800380217,-1.5
1777384991.5023303,tb1,0.18000000000000002,-1.3664784953925568
1777384991.5105188,tb2,0.13018287031874307,1.5
1777384991.5159414,tb7,0.013430490884770248,-1.5
1777384991.5237372,tb3,0.07756676721474266,1.5
1777384991.5522861,tb1,0.18,-1.388161234669558
1777384991.5605361,tb2,0.1297144831972779,1.5
1777384991.565776,tb7,0.015734873206281027,-1.5
1777384991.573777,tb3,0.05259988853498614,1.5
1777384991.602329,tb1,0.18,-1.3940877336283717
1777384991.6104782,tb2,0.1291974313470004,1.5000000000000002
1777384991.6159358,tb7,0.02396914877315284,-1.5
1777384991.6235354,tb3,0.04310913078483141,1.5
1777384991.652405,tb1,0.18,-1.410445640784948
1777384991.6604426,tb2,0.12865227576977573,1.5
1777384991.665916,tb7,0.03744729694000901,-1.5
1777384991.6736007,tb3,0.04445824244732119,1.5
1777384991.7023766,tb1,0.18,-1.4271969041353945
1777384991.7106519,tb2,0.12840780506428237,1.5
1777384991.715896,tb7,0.031211357934869493,0.6998558971191083
1777384991.7237015,tb3,0.05346412809752971,1.5
1777384991.7522767,tb1,0.18000000000000002,-1.4266548939106232
1777384991.760708,tb2,0.12823238490497268,1.5
1777384991.7658088,tb7,-0.043175257111611166,1.4999999999999998
1777384991.773673,tb3,0.08249245093396095,1.4999999999999998
1777384991.8024065,tb1,0.18,-1.4151461243020151
1777384991.8105628,tb2,0.12823748075955868,1.5
1777384991.8158965,tb7,-0.05030215512667439,1.5
1777384991.823689,tb3,-0.030633823131450414,-1.5
1777384991.852427,tb1,0.17999999999999997,-1.4065539604168287
1777384991.8606293,tb2,0.1282732770280769,1.5
1777384991.8659167,tb7,-0.050419121284470764,1.5
1777384991.8737373,tb3,-0.06333336965091571,-1.5
1777384991.9023242,tb1,0.18,-1.404812639416794
1777384991.910649,tb2,0.12854402512933105,1.5000000000000002
1777384991.9158933,tb7,-0.04385390378834617,1.5
1777384991.9237156,tb3,-0.07347537026536333,-1.5
1777384991.9522614,tb1,0.18,-1.349182787251525
1777384991.9604568,tb2,0.12861146767440826,1.5
1777384991.9658358,tb7,-0.03219182665961236,1.5
1777384991.9737453,tb3,-0.07031734322032093,-1.5
1777384992.0023615,tb1,0.18,-1.3390930369714
1777384992.010563,tb2,0.128789620770838,1.4999999999999998
1777384992.0158918,tb7,0.007609159825920159,1.5
1777384992.0236833,tb3,-0.05918696203346471,-1.5
1777384992.0523918,tb1,0.17999999999999997,-1.3302450954905873
1777384992.0605545,tb2,0.1289163471290366,1.5
1777384992.0658507,tb7,0.03779740688842397,-1.5
1777384992.0736747,tb3,-0.030512379143367765,-1.5
1777384992.1023233,tb1,0.18,-1.3380833874988836
1777384992.1105013,tb2,0.12926374403680588,1.5
1777384992.1160004,tb7,0.018192514007833845,-1.5
1777384992.123721,tb3,0.08193598382443554,1.5
1777384992.1522572,tb1,0.18,-1.331658033201562
1777384992.1606307,tb2,0.1293696678434947,1.5
1777384992.165987,tb7,0.009700677595276878,-1.5
1777384992.173831,tb3,0.04403442165939945,1.5
1777384992.202267,tb1,0.18,-1.3274995546093147
1777384992.2104843,tb2,0.12949813201857246,1.5
1777384992.2159643,tb7,0.011188665337511398,-1.5000000000000002
1777384992.2238023,tb3,0.03486548134297247,1.5000000000000002
1777384992.25235,tb1,0.18,-1.3385667882602612
1777384992.2607014,tb2,0.12974389943353815,1.5
1777384992.2658439,tb7,0.017227901415119373,-1.5
1777384992.273778,tb3,0.03496145223643019,1.5
1777384992.3023078,tb1,0.17999999999999997,-1.3548320378091414
1777384992.31064,tb2,0.13004749247499464,1.5000000000000002
1777384992.3159132,tb7,0.02706358610633381,-1.5
1777384992.3237004,tb3,0.039869264693019046,1.5
1777384992.352443,tb1,0.17999999999999997,-1.361504701977284
1777384992.3605416,tb2,0.1302915649570057,1.5
1777384992.3657742,tb7,0.0328501934105076,1.0444860701919128
1777384992.3737295,tb3,0.04975058915155379,1.4999999999999998
1777384992.402449,tb1,0.17999999999999997,-1.360744704682938
1777384992.4104714,tb2,0.13039336768931656,1.5000000000000002
1777384992.415868,tb7,-0.030864491554194916,1.5
1777384992.4236953,tb3,0.06501219866894595,1.5
1777384992.4523556,tb1,0.18,-1.3727431840541635
1777384992.4604585,tb2,0.1302086479953817,1.5
1777384992.4658456,tb7,-0.0399422714880741,1.5000000000000002
1777384992.4736078,tb3,0.11855497232343096,0.30152950637250875
1777384992.5023787,tb1,0.18,-1.3675631864841327
1777384992.5104933,tb2,0.1301514387133924,1.5
1777384992.5159907,tb7,-0.03868757287695151,1.5
1777384992.5237494,tb3,-0.06511154708749922,-1.5
1777384992.5523412,tb1,0.18000000000000002,-1.3401374238705475
1777384992.5606437,tb2,0.12990285391345474,1.5
1777384992.56579,tb7,-0.03031591440972745,1.5
1777384992.5738099,tb3,-0.08308506218371625,-1.5
1777384992.602527,tb1,0.18,-1.3360541991264154
1777384992.6105738,tb2,0.1295480912495559,1.5
1777384992.6157513,tb7,-0.0021096463399512167,1.5
1777384992.6238487,tb3,-0.08872067544447053,-1.5
1777384992.6523602,tb1,0.18,-1.351366151538229
1777384992.6606946,tb2,0.12920391434106443,1.5
1777384992.665914,tb7,0.04578073528975681,-1.5
1777384992.673714,tb3,-0.08344191221577621,-1.5
1777384992.7023308,tb1,0.18,-1.3508661606555552
1777384992.7105293,tb2,0.12910731095861114,1.5
1777384992.715949,tb7,0.02271119323604262,-1.5
1777384992.723704,tb3,-0.07177275884132442,-1.4999999999999998
1777384992.7522051,tb1,0.18,-1.30570554357052
1777384992.7606027,tb2,0.12899776133742194,1.5
1777384992.7658985,tb7,0.016774485047433615,-1.5000000000000002
1777384992.7738085,tb3,0.09822781513829563,1.4999999999999998
1777384992.8024113,tb1,0.18,-1.3065723168928334
1777384992.8105295,tb2,0.1289893434605479,1.5
1777384992.8158984,tb7,0.01932171332465651,-1.5
1777384992.8236585,tb3,0.06586672624633273,1.5
1777384992.8523328,tb1,0.18,-1.3223275899912268
1777384992.8604524,tb2,0.1289766691300952,1.5
1777384992.865852,tb7,0.028193469123310416,-1.5
1777384992.8736901,tb3,0.056623782801047594,1.5
1777384992.9023237,tb1,0.18,-1.325132654461051
1777384992.9105718,tb2,0.12923050944106584,1.5
1777384992.9158747,tb7,0.05185474774399434,-1.5
1777384992.9236846,tb3,0.05745419639672067,1.5
1777384992.9522276,tb1,0.18,-1.3514142741012303
1777384992.9605744,tb2,0.12936846212750747,1.5000000000000002
1777384992.9660048,tb7,0.09315451869254297,-1.5
1777384992.973874,tb3,0.06304443053634233,1.4999999999999998
1777384993.0023243,tb1,0.18,-1.367925119855617
1777384993.0105531,tb2,0.12948705846930694,1.5
1777384993.0158765,tb7,-0.032062718028598204,1.5
1777384993.0235882,tb3,0.07922938172269714,1.5000000000000002
1777384993.052364,tb1,0.18,-1.3833347090836143
1777384993.0604825,tb2,0.12960308490906558,1.5
1777384993.065894,tb7,-0.051603256725408234,1.5
1777384993.0737274,tb3,0.03454016815503993,-1.5
1777384993.1021862,tb1,0.18,-1.3794014726729402
1777384993.110559,tb2,0.1299955825778018,1.5
1777384993.1159887,tb7,-0.060145245741984786,1.5
1777384993.123708,tb3,-0.07879629465664859,-1.5
1777384993.1523073,tb1,0.18,-1.3727506326004815
1777384993.1606698,tb2,0.13016846632658005,1.5
1777384993.1659756,tb7,-0.058842178313633996,1.5
1777384993.1737537,tb3,-0.09207117246983966,-1.5
1777384993.2024415,tb1,0.18,-1.3964453815067301
1777384993.2105632,tb2,0.13028648404596144,1.5
1777384993.2159033,tb7,-0.050348779073462135,1.5
1777384993.2234933,tb3,-0.09153522673403056,-1.5
1777384993.2523646,tb1,0.18,-1.4008743874720389
1777384993.2604663,tb2,0.13043557715730666,1.5
1777384993.265906,tb7,-0.0325736311280217,1.5
1777384993.2735896,tb3,-0.08237114525616678,-1.5
1777384993.3024697,tb1,0.18,-1.398043333613371
1777384993.3105543,tb2,0.13045170832026948,1.5
1777384993.3158112,tb7,0.09681758163671927,-1.2749574670864752
1777384993.3238082,tb3,-0.06027872119125304,-1.5
1777384993.3522193,tb1,0.1281440045345694,-1.5
1777384993.3605857,tb2,0.13051139900185238,1.5
1777384993.3660192,tb7,0.03624041065476796,-1.5
1777384993.3736289,tb3,0.08373247404792661,1.5
1777384993.4022741,tb1,0.12709849909479834,-1.5
1777384993.4104538,tb2,0.13023300428769047,1.5
1777384993.415885,tb7,0.02949885888571153,-1.5
1777384993.423705,tb3,0.06206564130661926,1.5
1777384993.452347,tb1,0.13057562596238392,-1.5
1777384993.4606013,tb2,0.1298998895062995,1.5
1777384993.4659126,tb7,0.0313092349719794,-1.5
1777384993.4737287,tb3,0.05240873302760612,1.5
1777384993.502461,tb1,0.1380860479212816,-1.5
1777384993.5104907,tb2,0.1294674712006007,1.5
1777384993.5159903,tb7,0.039349291979129584,-1.5
1777384993.5237157,tb3,0.052517349840842255,1.5
1777384993.5521715,tb1,0.14684273644429907,-1.4999999999999998
1777384993.5605774,tb2,0.12938192247620608,1.5
1777384993.566016,tb7,0.0811429149206754,-1.5
1777384993.573793,tb3,0.0583354700798168,1.5
1777384993.6024861,tb1,0.15697120285428207,-1.5
1777384993.6104994,tb2,0.12919197184527023,1.5
1777384993.6158621,tb7,-0.02308641696964596,1.5
1777384993.623594,tb3,0.07093659560290683,1.5
1777384993.6524615,tb1,0.17128378073218153,-1.5
1777384993.660654,tb2,0.1290396546036457,1.5
1777384993.6659005,tb7,-0.049239083162511944,1.5000000000000002
1777384993.6737332,tb3,0.10925723879854465,1.5
1777384993.7024536,tb1,0.18,-1.4741142707300872
1777384993.7105896,tb2,0.12905308569891344,1.5
1777384993.715838,tb7,-0.05481710800359509,1.5000000000000002
1777384993.723718,tb3,-0.0694179872289812,-1.5
1777384993.7523098,tb1,0.18,-1.3737121006233686
1777384993.7605932,tb2,0.12906324944341488,1.5
1777384993.7659872,tb7,-0.05158104324934254,1.5000000000000002
1777384993.7736697,tb3,-0.09080981292333518,-1.5
1777384993.8023112,tb1,0.18,-1.2588976277181574
1777384993.8106492,tb2,0.12897920558308862,1.5
1777384993.8159168,tb7,-0.038836945409274966,1.5
1777384993.8238025,tb3,-0.1060217531763702,-1.5
1777384993.852375,tb1,0.18,-1.2149092282340013
1777384993.860697,tb2,0.1291998924014723,1.5
1777384993.8659556,tb7,0.018398418418011278,1.4521276046629046
1777384993.8738146,tb3,-0.10833221919655003,-1.5
1777384993.902427,tb1,0.18,-1.1904603763260284
1777384993.910436,tb2,0.12924701444241357,1.5
1777384993.915913,tb7,0.04855492465020114,-1.5
1777384993.923775,tb3,-0.10133680902694205,-1.4999999999999998
1777384993.9523263,tb1,0.18000000000000002,-1.194424462482835
1777384993.9605765,tb2,0.12945296779684398,1.5
1777384993.965905,tb7,0.030099873830679903,-1.5
1777384993.9736474,tb3,-0.08669286950366172,-1.5
1777384994.0024717,tb1,0.18,-1.1460375238973257
1777384994.0105147,tb2,0.12960116918171757,1.5
1777384994.0159028,tb7,0.026384341539599013,-1.5
1777384994.023835,tb3,-0.01429240238270371,-1.5
1777384994.0522661,tb1,0.18,-1.1608193629064918
1777384994.060545,tb2,0.12978744985710197,1.5
1777384994.0659192,tb7,0.02976654550258734,-1.5
1777384994.0738719,tb3,0.08943151301634675,1.5
1777384994.1024127,tb1,0.18,-1.1875045628719874
1777384994.1109445,tb2,0.12961081428053547,1.5
1777384994.1159272,tb7,0.03795255558878846,-1.5
1777384994.123719,tb3,0.06785377303996559,1.5
1777384994.1522462,tb1,0.18,-1.2052196872259333
1777384994.1603901,tb2,0.12972145886523115,1.5
1777384994.165848,tb7,0.045197265867033286,-1.5
1777384994.1736956,tb3,0.057406589819762974,1.5000000000000002
1777384994.2023554,tb1,0.18,-1.2838440306945669
1777384994.2104938,tb2,0.12987580818098932,1.5
1777384994.2159114,tb7,0.05829582476645236,-1.5
1777384994.2236035,tb3,0.056640601232801124,1.5
1777384994.2523692,tb1,0.18,-1.2887905333232295
1777384994.2604358,tb2,0.12998357224030122,1.5
1777384994.265772,tb7,0.08949592588267588,-1.5
1777384994.273825,tb3,0.0616882946108434,1.5
1777384994.3024054,tb1,0.18,-1.312549339357093
1777384994.3104875,tb2,0.13007334898699335,1.4999999999999998
1777384994.3159795,tb7,-0.03868025612369425,1.5
1777384994.3245933,tb3,0.07440199057421319,1.5
1777384994.3523285,tb1,0.18,-1.3172236631126977
1777384994.360591,tb2,0.12987342716927258,1.5
1777384994.366108,tb7,-0.08292204152541037,1.5
1777384994.3737304,tb3,0.10282596176356756,1.5
1777384994.4026496,tb1,0.18,-1.3470781804202865
1777384994.4105573,tb2,0.12989297371976075,1.5
1777384994.4158206,tb7,-0.09438359025963676,1.5
1777384994.4236424,tb3,-0.060816372254301,-1.5
1777384994.45226,tb1,0.18,-1.3555029547130473
1777384994.4604838,tb2,0.12984266967057181,1.5
1777384994.4660857,tb7,-0.09440955684978838,1.5
1777384994.4737306,tb3,-0.0913521245116605,-1.5
1777384994.502358,tb1,0.18,-1.3810665992900024
1777384994.5106804,tb2,0.12979964965285867,1.5
1777384994.5159867,tb7,-0.09103739798335687,1.5
1777384994.5237417,tb3,-0.10288464165024275,-1.4999999999999998
1777384994.5522547,tb1,0.18,-1.3641697879391648
1777384994.5604277,tb2,0.12965442072045502,1.5
1777384994.565929,tb7,-0.07895296742742912,1.5
1777384994.573592,tb3,-0.10079435393532923,-1.5
1777384994.6022868,tb1,0.18,-1.2965750050527522
1777384994.6104493,tb2,0.129732479326829,1.5
1777384994.6157777,tb7,-0.06253310850037588,1.5
1777384994.6236444,tb3,-0.09022179919029026,-1.5
1777384994.6523595,tb1,0.18,-1.2914121318230114
1777384994.660448,tb2,0.12986932679390017,1.5
1777384994.6659389,tb7,0.01414829161971859,1.4322373837490434
1777384994.6738224,tb3,-0.06186407409867167,-1.5
1777384994.702388,tb1,0.18,-1.3010469766469885
1777384994.7105343,tb2,0.13003923748766308,1.5
1777384994.715774,tb7,0.06510529120321602,-1.5
1777384994.7237377,tb3,0.16264631150042747,1.5
1777384994.7522528,tb1,0.18,-1.2899386881077457
1777384994.7605011,tb2,0.13024947013194374,1.5
1777384994.765993,tb7,0.04281781102616704,-1.5
1777384994.7736502,tb3,0.07511780584127187,1.5
1777384994.8023593,tb1,0.18,-1.2990706067925994
1777384994.8106084,tb2,0.13040608680937976,1.5
1777384994.815843,tb7,0.037534785261899524,-1.5
1777384994.8237824,tb3,0.061709704283545865,1.5
1777384994.8522947,tb1,0.18,-1.3250133525293368
1777384994.8605192,tb2,0.13036023653608747,1.5
1777384994.8659816,tb7,0.04014563493912319,-1.5
1777384994.8736541,tb3,0.05111309108474892,1.5
1777384994.9022667,tb1,0.18,-1.3281570525170412
1777384994.9105303,tb2,0.13015608587619704,1.5
1777384994.915803,tb7,0.04804641198472044,-1.5
1777384994.9237654,tb3,0.05012536279157367,1.5
1777384994.9523056,tb1,0.18,-1.309883618740028
1777384994.960693,tb2,0.12947455992884607,1.5
1777384994.9659588,tb7,0.057865556677010446,-1.5
1777384994.973668,tb3,0.05496126543338346,1.5
1777384995.002257,tb1,0.18,-1.3685420879501868
1777384995.010697,tb2,0.12887988691422753,1.5
1777384995.015945,tb7,0.07290059721308682,-1.5
1777384995.0236983,tb3,0.06293918844952269,1.5
1777384995.052326,tb1,0.18,-1.3731853771310465
1777384995.060513,tb2,0.12826768357322832,1.5
1777384995.0660057,tb7,0.12314424297105585,-0.8105189154588379
1777384995.073687,tb3,0.07619342786694983,1.5
1777384995.1024106,tb1,0.18,-1.3694211879852172
1777384995.110643,tb2,0.12794586037856898,1.5
1777384995.1160192,tb7,-0.06412752941255204,1.5000000000000002
1777384995.123775,tb3,0.09693815060030161,1.5
1777384995.152237,tb1,0.18,-1.3717575944708376
1777384995.160648,tb2,0.12786247632138292,1.5
1777384995.1659262,tb7,-0.0862412026686176,1.5
1777384995.1737473,tb3,-0.020257661189572278,-1.4999999999999998
1777384995.202207,tb1,0.11026531612020321,-1.5
1777384995.2105901,tb2,0.12783414004553825,1.5
1777384995.2159188,tb7,-0.09598327802820304,1.5
1777384995.2236378,tb3,-0.09939855273960596,-1.5
1777384995.252332,tb1,0.10969870574252326,-1.5
1777384995.2604747,tb2,0.12784178172119798,1.5
1777384995.2659361,tb7,-0.09150097438516817,1.5
1777384995.27366,tb3,-0.1139569780390541,-1.5
1777384995.3024926,tb1,0.11344666721204699,-1.5
1777384995.3104491,tb2,0.12791900372328424,1.5
1777384995.3157468,tb7,-0.07249962916741291,1.5
1777384995.323813,tb3,-0.11098451287606854,-1.5
1777384995.3523066,tb1,0.12312494570989423,-1.5
1777384995.3605988,tb2,0.12780629219296563,1.5
1777384995.3657253,tb7,-0.044364536170899666,1.5
1777384995.3738565,tb3,-0.0976806109273679,-1.5
1777384995.402505,tb1,0.14006948044218145,-1.5
1777384995.4106762,tb2,0.12784101293118466,1.5
1777384995.4157257,tb7,0.09901021815706534,-1.5
1777384995.4237728,tb3,0.004525734187892226,-1.5000000000000002
1777384995.4523742,tb1,0.15489616515689383,-1.5
1777384995.460497,tb2,0.127949955799688,1.5
1777384995.4659545,tb7,0.06756279620340182,-1.5
1777384995.4735875,tb3,0.10949631757673178,1.5
1777384995.5022836,tb1,0.1751498545011962,-1.5
1777384995.5104985,tb2,0.12804867399416703,1.5
1777384995.5157318,tb7,0.05819393747589888,-1.5
1777384995.523812,tb3,0.08430428917545403,1.5
1777384995.5522323,tb1,0.18,-1.3948735725416102
1777384995.5603821,tb2,0.12813921942687181,1.5
1777384995.5657356,tb7,0.05931820968750936,-1.5
1777384995.5738204,tb3,0.06974361591832319,1.5
1777384995.602406,tb1,0.18,-1.3158783504827378
1777384995.610438,tb2,0.12828495549943592,1.5
1777384995.6158972,tb7,0.0626642577023915,-1.5
1777384995.6237082,tb3,0.06243027460848653,1.5
1777384995.6524415,tb1,0.18,-1.2450471257124336
1777384995.6606545,tb2,0.12845429790605553,1.5
1777384995.6659079,tb7,0.0760886024141503,-1.5
1777384995.6737247,tb3,0.06402944036266925,1.5
1777384995.7022421,tb1,0.18,-1.1867426391912166
1777384995.7104883,tb2,0.12860748786826215,1.5
1777384995.7158933,tb7,0.12278508659839264,-1.5
1777384995.7238219,tb3,0.07082831732833915,1.5
1777384995.7523725,tb1,0.18,-1.1667232027558898
1777384995.7603703,tb2,0.12815085685529762,1.5
1777384995.765742,tb7,-0.05916150368702633,1.5
1777384995.7737892,tb3,0.08240432882848905,1.5
1777384995.802318,tb1,0.18,-1.1678716304092336
1777384995.8105726,tb2,0.12825013878121258,1.5
1777384995.8160577,tb7,-0.08584672656289236,1.5
1777384995.8238285,tb3,0.0991967758862538,1.5
1777384995.8524184,tb1,0.18,-1.1549942774659132
1777384995.8606324,tb2,0.12828734567299788,1.5
1777384995.865993,tb7,-0.09594804076079468,1.5
1777384995.8737617,tb3,0.18,0.7304547346971556
1777384995.9024763,tb1,0.18,-1.1438401821265596
1777384995.9106276,tb2,0.1284223659199914,1.5
1777384995.9157681,tb7,-0.0919116291490327,1.5000000000000002
1777384995.923942,tb3,-0.10414106189788276,-1.5
1777384995.9523096,tb1,0.18,-1.1543130203486192
1777384995.960478,tb2,0.12746554979532948,1.5
1777384995.9658778,tb7,-0.06334326586946402,1.5
1777384995.9737492,tb3,-0.12513329295069095,-1.5
1777384996.0024447,tb1,0.18,-1.1060514289788295
1777384996.0105922,tb2,0.12760897237045046,1.5
1777384996.0159194,tb7,0.151610522855248,-1.5
1777384996.0237875,tb3,-0.14025130830808177,-1.5
1777384996.052326,tb1,0.18,-1.10662246125029
1777384996.060529,tb2,0.12772736777857008,1.5
1777384996.0657713,tb7,0.08286048540182889,-1.5
1777384996.0737185,tb3,-0.15925350618087655,-1.5
1777384996.1024463,tb1,0.18,-1.1193300060772677
1777384996.1104288,tb2,0.12783604845525268,1.5
1777384996.1158836,tb7,0.06485328935485714,-1.5
1777384996.12367,tb3,-0.18,-1.4859781163971455
1777384996.1523266,tb1,0.18,-1.143303570106294
1777384996.1604598,tb2,0.12695377700763,1.5
1777384996.1658783,tb7,0.06416444967238656,-1.5
1777384996.173745,tb3,-0.18,-1.293607245809144
1777384996.2023144,tb1,0.18,-0.9957704573789674
1777384996.2105944,tb2,0.12696824735387868,1.5000000000000002
1777384996.2157755,tb7,0.06726601456386096,-1.5
1777384996.2237153,tb3,-0.18,-1.1530818365142717
1777384996.252359,tb1,0.18,-1.0171293316171608
1777384996.2605836,tb2,0.1270541167977118,1.5
1777384996.2659378,tb7,0.08048877009445683,-1.5
1777384996.2737415,tb3,-0.18,-0.9933137839017174
1777384996.3023386,tb1,0.18,-1.0569973423855221
1777384996.3105175,tb2,0.1272569820437049,1.5
1777384996.3159382,tb7,0.1618226164544197,-1.5
1777384996.3236809,tb3,-0.18,-0.8044281075858324
1777384996.3523088,tb1,0.18,-1.087162215936132
1777384996.3605258,tb2,0.12693541119894333,1.5
1777384996.365914,tb7,-0.06062737559079022,1.5
1777384996.3737257,tb3,-0.18,-0.6294465092508585
1777384996.4023862,tb1,0.18,-0.8151869658077515
1777384996.4104407,tb2,0.1271407225069879,1.4999999999999998
1777384996.4157958,tb7,-0.08348083498632726,1.5
1777384996.423654,tb3,-0.18,-0.45131807069130947
1777384996.4523191,tb1,0.18,-0.8457503206074856
1777384996.4605076,tb2,0.12727263315390652,1.5
1777384996.4660068,tb7,-0.09001686207196058,1.5
1777384996.4736726,tb3,-0.18,-0.28384803355142957
1777384996.5023065,tb1,0.18,-0.8812524995981748
1777384996.5106237,tb2,0.12741455781241576,1.5000000000000002
1777384996.515967,tb7,-0.08413219491626156,1.5
1777384996.5237288,tb3,-0.18,-0.1022825703264286
1777384996.5523417,tb1,0.18,-0.9746696065810213
1777384996.5605502,tb2,0.12726795983536035,1.5
1777384996.5658152,tb7,-0.07035357532665094,1.5
1777384996.5736957,tb3,-0.18,0.04828961428871429
1777384996.6023319,tb1,0.18,-0.7763880231194153
1777384996.6105812,tb2,0.1275209359474105,1.5
1777384996.6159234,tb7,-0.018751215405942497,1.5
1777384996.6236846,tb3,-0.18,0.12497832672821288
1777384996.652485,tb1,0.18,-0.8576066074750999
1777384996.660534,tb2,0.12776023002987916,1.5000000000000002
1777384996.6659129,tb7,0.08661517514805572,-1.5
1777384996.6737225,tb3,-0.18,0.15975290295772868
1777384996.7023227,tb1,0.18,-0.9380174654321642
1777384996.7105207,tb2,0.12789830846255318,1.5
1777384996.7170208,tb7,0.05922075040998648,-1.5
1777384996.723673,tb3,-0.18,0.1908031264151542
1777384996.7524147,tb1,0.18,-1.0298776059643435
1777384996.7605464,tb2,0.12759839790502361,1.4999999999999998
1777384996.7662923,tb7,0.052131447123828896,-1.5
1777384996.773657,tb3,-0.18,0.20117829562252423
1777384996.802384,tb1,0.18,-0.6767897669666091
1777384996.8106446,tb2,0.12779457956512702,1.5
1777384996.81591,tb7,0.054893755598418914,-1.5
1777384996.823681,tb3,-0.18,0.20801282775382277
1777384996.852454,tb1,0.18,-0.7307997679829138
1777384996.8604465,tb2,0.12793311367950955,1.5000000000000002
1777384996.8660293,tb7,0.06587662985536592,-1.5
1777384996.8737247,tb3,-0.18,0.19961050688616142
1777384996.9024007,tb1,0.18,-0.8659484244279596
1777384996.910634,tb2,0.12805803200358126,1.5
1777384996.9159923,tb7,0.09010974659011431,-1.5
1777384996.9235663,tb3,-0.18,0.12464757419250212
1777384996.952401,tb1,0.18,-0.9118183775038752
1777384996.9604754,tb2,-0.18000000000000002,-1.4722966466591147
1777384996.965878,tb7,0.07322909345582858,-1.5
1777384996.973633,tb3,0.18,-0.4086381525339652
1777384997.0024977,tb1,0.16562420881302312,-1.5
1777384997.0106056,tb2,-0.17999999999999997,-1.4721265875897187
1777384997.0157824,tb7,0.08823712991133587,-1.5
1777384997.0236366,tb3,0.18,-0.323569602717575
1777384997.052243,tb1,0.15411753290771993,-1.5
1777384997.0604978,tb2,-0.18,-1.4705674324496678
1777384997.065918,tb7,0.10955147300815575,-1.5
1777384997.0736222,tb3,0.18,-0.33433332914119135
1777384997.1024046,tb1,0.1457514224140142,-1.5
1777384997.1105473,tb2,-0.17999999999999997,-1.4535419683658923
1777384997.1159086,tb7,0.18,-1.1986940725008266
1777384997.123686,tb3,0.18,-0.36845988088204784
1777384997.152454,tb1,0.14601948607043622,-1.5
1777384997.160583,tb2,-0.18,-1.4510674243889246
1777384997.1659715,tb7,0.13487147227622479,-1.5
1777384997.1737394,tb3,0.18,-0.3862182887668736
1777384997.20232,tb1,0.12316661407810033,-1.5
1777384997.2105222,tb2,-0.18,-1.4158568148623045
1777384997.2158809,tb7,0.14919101917069663,-1.5
1777384997.223568,tb3,0.18,-0.40698422717696264
1777384997.2523298,tb1,0.1291742096056893,-1.5
1777384997.2605214,tb2,-0.18,-1.377202429512539
1777384997.2657897,tb7,0.16574417536865751,-1.5
1777384997.2736878,tb3,0.18,-0.4202329016816245
1777384997.3024576,tb1,0.1361863426548161,-1.5
1777384997.3106265,tb2,-0.18,-1.3351535376768202
1777384997.3158958,tb7,0.18,-1.2113690017815426
1777384997.323729,tb3,0.18,-0.5890067496130416
1777384997.3523588,tb1,0.14908898180898392,-1.5
1777384997.360596,tb2,-0.18,-1.2392951967554773
1777384997.3658571,tb7,0.18,-1.3556351634806616
1777384997.3736372,tb3,-0.18,0.22442167614280106
1777384997.4024272,tb1,0.1647300248465755,-1.5
1777384997.4106293,tb2,-0.18,-1.1982703425336336
1777384997.4159,tb7,0.18,-1.0498651067569706
1777384997.4236887,tb3,-0.18,0.25844684269990587
1777384997.4523358,tb1,0.18,-1.4815352699441484
1777384997.4606647,tb2,-0.18,-1.1562770871284855
1777384997.4659543,tb7,-0.14583364660771164,1.5
1777384997.4736567,tb3,-0.18,0.24567850494905952
1777384997.5024393,tb1,0.18,-1.374541510985319
1777384997.5105731,tb2,-0.17999999999999997,-1.1067545745731449
1777384997.5159981,tb7,-0.18,1.2740516630591963
1777384997.5235991,tb3,-0.18,0.22892192637297804
1777384997.5524404,tb1,0.18,-1.3116632121135752
1777384997.5605726,tb2,-0.18,-1.0451300378789756
1777384997.5657792,tb7,-0.18,1.1189567363501756
1777384997.5737693,tb3,-0.18,0.23144796688441785
1777384997.6022458,tb1,0.18,-1.0517768167002925
1777384997.610491,tb2,-0.18,-0.9980106733292232
1777384997.6159713,tb7,-0.18,0.9576227782782125
1777384997.6237464,tb3,-0.18000000000000002,0.2330894308958113
1777384997.652417,tb1,0.18,-1.0405133231180783
1777384997.6605,tb2,-0.18,-0.949091501008934
1777384997.665837,tb7,-0.18000000000000002,0.8024778956120457
1777384997.6737893,tb3,-0.17999999999999997,0.1679938496402001
1777384997.7024174,tb1,0.18,-1.0276426905558484
1777384997.710487,tb2,-0.18,-0.8997218759610969
1777384997.7159085,tb7,-0.17999999999999997,0.6402994763356891
1777384997.7235904,tb3,0.18,-0.4164257199762419
1777384997.7524025,tb1,0.18,-1.023261588109951
1777384997.7604983,tb2,-0.18,-0.8545668866808195
1777384997.765961,tb7,-0.18,0.5213458802596554
1777384997.7735915,tb3,0.18,-0.7509901227366006
1777384997.8024642,tb1,0.16340379911625166,-1.5
1777384997.8104324,tb2,-0.18,-0.8003658970642306
1777384997.8160384,tb7,-0.18,0.3378153318798154
1777384997.8237624,tb3,0.18,-0.4316976516068722
1777384997.8523135,tb1,0.15824984453001217,-1.5
1777384997.8604374,tb2,-0.18,-0.7466238316351488
1777384997.8659308,tb7,-0.17999999999999997,0.16991183169722712
1777384997.8737645,tb3,0.18,-0.49457966604827136
1777384997.9024558,tb1,0.15624717621162865,-1.5
1777384997.9108891,tb2,-0.18,-0.6912467262961052
1777384997.9158788,tb7,-0.18,0.028880062386502606
1777384997.9237666,tb3,0.18,-0.6409516087553085
1777384997.9524097,tb1,0.1591591045531502,-1.5
1777384997.9605708,tb2,-0.18,-0.6496998654985923
1777384997.9658687,tb7,-0.18,-0.013014917805247809
1777384997.9736748,tb3,0.18,-0.806139176074994
1777384998.0022647,tb1,0.11541011130943418,-1.4999999999999998
1777384998.0105991,tb2,-0.18,-0.588731353884929
1777384998.0160735,tb7,-0.18,-0.004660596828983269
1777384998.0236948,tb3,0.18,-0.9927377530548288
1777384998.0522652,tb1,0.12057498689800812,-1.5
1777384998.0605097,tb2,-0.18,-0.5354453444430033
1777384998.066017,tb7,-0.18,0.1538155369435031
1777384998.0737596,tb3,0.18,-1.2052327499345183
1777384998.1023998,tb1,0.12789289271007045,-1.5
1777384998.110489,tb2,-0.18,-0.48157569942511136
1777384998.1158922,tb7,0.18,0.7530477870905463
1777384998.1236763,tb3,0.18,-1.4537399387212504
1777384998.1524677,tb1,0.13974743535543588,-1.5
1777384998.16055,tb2,0.18,0.3720430860736856
1777384998.165753,tb7,0.18,0.31911864858411354
1777384998.17364,tb3,0.15789927086668842,-1.5
1777384998.2024112,tb1,0.11788177479762407,-1.5000000000000002
1777384998.2105079,tb2,0.18,0.28973736899796965
1777384998.2159016,tb7,0.18,0.2822489603162813
1777384998.223685,tb3,0.13279123226840472,-1.5
1777384998.252256,tb1,0.12969364475192383,-1.5
1777384998.2605193,tb2,0.18,0.23473858865889954
1777384998.266016,tb7,0.18,0.2907463260168868
1777384998.2737045,tb3,0.11322107998234,-1.5
1777384998.3022592,tb1,0.14288536882756445,-1.5
1777384998.3110604,tb2,0.18,0.2237614966120135
1777384998.315916,tb7,0.18,0.2902763855435798
1777384998.3236387,tb3,0.09744887112460347,-1.5
1777384998.3523383,tb1,0.15952428651033332,-1.5
1777384998.360572,tb2,0.18,0.21727703418138172
1777384998.3659308,tb7,0.18,0.25141575915687425
1777384998.37368,tb3,0.08395096925666187,-1.5
1777384998.4023602,tb1,0.15164407788737622,-1.5
1777384998.4106078,tb2,0.18,0.17864474066332284
1777384998.4159155,tb7,0.18,0.2407673271185341
1777384998.4236546,tb3,0.07693122313943106,-1.5
1777384998.4523194,tb1,0.16596494083991872,-1.5
1777384998.4606025,tb2,0.18,0.130354194291193
1777384998.4659562,tb7,0.18,0.26313130694265785
1777384998.4737883,tb3,0.07844203700969447,-1.5
1777384998.5022676,tb1,0.18,-1.4882310099946228
1777384998.5104887,tb2,0.18,0.06748831435956415
1777384998.5159187,tb7,0.18,0.532693959348927
1777384998.5236804,tb3,0.08562622852599659,-1.5
1777384998.5524428,tb1,0.18,-1.3829252944208836
1777384998.560523,tb2,0.12606292897323682,-0.17407255489989965
1777384998.5659635,tb7,-0.18,0.21130395130133894
1777384998.5736895,tb3,0.0949066463583894,-1.5
1777384998.6024523,tb1,0.18,-0.6152029860798554
1777384998.6106977,tb2,-0.18,-0.3541310703409124
1777384998.6159604,tb7,-0.18,0.3921487491166677
1777384998.6237452,tb3,0.10939188184137803,-1.5
1777384998.6524007,tb1,0.18,-0.5619820107521997
1777384998.6605544,tb2,-0.18,-0.22081016791945046
1777384998.6660032,tb7,-0.18,0.13625175999870748
1777384998.673602,tb3,0.12537468474914204,-1.5
1777384998.70233,tb1,0.18,-0.524599652091756
1777384998.7105796,tb2,-0.18,-0.2122880317518606
1777384998.7158315,tb7,-0.18,0.23701854065293249
1777384998.7237768,tb3,0.14390220728091319,-1.5
1777384998.7524595,tb1,0.18,-0.5414529804947199
1777384998.7604923,tb2,-0.18,-0.22875468639839075
1777384998.7658882,tb7,-0.18,0.4234146257314398
1777384998.7736747,tb3,0.16215360675325782,-1.5
1777384998.8025103,tb1,0.18000000000000002,0.18623417964384328
1777384998.8105085,tb2,-0.18,-0.26553678133788505
1777384998.8159616,tb7,0.18,0.39651809974295976
1777384998.823713,tb3,0.18,-1.490734924197974
1777384998.8522375,tb1,0.18000000000000002,0.16432313423674477
1777384998.8606656,tb2,-0.18,-0.41436366372084177
1777384998.8659637,tb7,0.18,0.11606569341752192
1777384998.8736668,tb3,0.18,-1.3818618393571698
1777384998.9023588,tb1,0.18,0.13814669774379157
1777384998.9107237,tb2,0.14954773531802848,-0.08234815379702509
1777384998.9158552,tb7,0.18,0.08902952840623242
1777384998.9238486,tb3,0.18,-1.2610547396211937
1777384998.9523566,tb1,0.18,0.1432101940305499
1777384998.9606001,tb2,0.18,0.11780173443247305
1777384998.9658828,tb7,0.18,0.0974644009535842
1777384998.9735177,tb3,0.18,-1.1388814397728446
1777384999.0023632,tb1,0.18,0.08064080997509711
1777384999.0106761,tb2,0.18,0.1803633300412536
1777384999.0158627,tb7,0.18,0.0956603449455643
1777384999.0237327,tb3,0.18,-1.0915888155743532
1777384999.0522475,tb1,0.18000000000000002,0.11413527636479529
1777384999.0605335,tb2,0.18,0.19332150618798763
1777384999.0659711,tb7,0.18,0.09235201811832418
1777384999.0736954,tb3,0.18,-1.1439313805778417
1777384999.1022606,tb1,0.17999999999999997,0.18944313041550717
1777384999.1104884,tb2,0.18,0.17649582061381228
1777384999.1159322,tb7,0.18,0.11619949587014106
1777384999.1238115,tb3,0.12624378985854925,-1.5
1777384999.1524365,tb1,0.18,0.24704406828702824
1777384999.160574,tb2,0.09651891960649224,-0.0878042401587971
1777384999.1660433,tb7,0.18,0.21830329383687547
1777384999.1735845,tb3,-0.18,0.6480704836102322
1777384999.2023296,tb1,0.18000000000000002,0.3074002042552397
1777384999.2104225,tb2,-0.17262527238977768,-0.4305168158644861
1777384999.216031,tb7,-0.18,0.5638598658313004
1777384999.2236943,tb3,-0.18,0.6152199129327023
1777384999.2523978,tb1,0.18000000000000002,0.30549836832682004
1777384999.2606363,tb2,-0.18,-0.30634015744972803
1777384999.2659366,tb7,-0.18,0.1673959353107343
1777384999.2737164,tb3,-0.18,0.5119293726048404
1777384999.3024974,tb1,0.18000000000000002,0.40100939622863496
1777384999.3104904,tb2,-0.18,-0.2862568067526585
1777384999.3159897,tb7,-0.18,0.07836023197672926
1777384999.323717,tb3,-0.18,0.37651264315281824
1777384999.352372,tb1,0.18,0.40302809006528323
1777384999.360572,tb2,-0.18,-0.348929489021233
1777384999.3662891,tb7,-0.18,0.013719605529950926
1777384999.3738227,tb3,-0.18,0.16817221953039022
1777384999.4023192,tb1,0.11453641350152959,1.5
1777384999.4105322,tb2,-0.13116374770059672,-0.36076729708684363
1777384999.4160469,tb7,-0.18,-0.017817556528272733
1777384999.4237332,tb3,-0.18,0.04840406835246107
1777384999.4524393,tb1,0.11544024339886187,1.5
1777384999.4605947,tb2,0.08256453791825406,-0.049614282949685985
1777384999.4658232,tb7,-0.18,0.013635100232969079
1777384999.4738925,tb3,-0.18,-0.02509726066948152
1777384999.50227,tb1,0.12593365828152656,1.5
1777384999.5105615,tb2,0.18,0.23964592235836568
1777384999.51588,tb7,-0.18,0.10462677081806372
1777384999.5237124,tb3,-0.18,-0.0972978981739581
1777384999.5523562,tb1,0.16002804753035682,1.5
1777384999.5605938,tb2,0.18,0.28681102875556636
1777384999.5658166,tb7,-0.18,0.10719739335873575
1777384999.5737107,tb3,-0.18000000000000002,-0.33149137600915773
1777384999.602449,tb1,0.18000000000000002,0.7870272726340697
1777384999.6105306,tb2,0.18,0.30870516282866456
1777384999.6159089,tb7,0.18,1.1197513760968396
1777384999.6236458,tb3,0.18,-1.066176090871287
1777384999.6522508,tb1,0.18000000000000002,0.34575502593394863
1777384999.660545,tb2,0.18,0.3057379726724628
1777384999.6659648,tb7,0.18,0.2672997312808375
1777384999.6736453,tb3,0.17999999999999997,-0.18119370898916462
1777384999.7024426,tb1,0.18,-0.007032070056932443
1777384999.7104363,tb2,0.18,0.25062167552562736
1777384999.7159824,tb7,0.18,0.21376120768608148
1777384999.7236981,tb3,0.18,-0.1068828449136784
1777384999.7524202,tb1,0.18,-0.35765994686053865
1777384999.760512,tb2,-0.12981148376386295,-0.3540922585568513
1777384999.7658584,tb7,0.18000000000000002,0.23393211589954954
1777384999.7736309,tb3,0.18,-0.05876364288288755
1777384999.8024285,tb1,0.18,0.6273923690794991
1777384999.810537,tb2,-0.18,-0.353519493601979
1777384999.815828,tb7,0.18,0.22007183628685686
1777384999.823712,tb3,0.18,-0.0747203193460191
1777384999.8523111,tb1,0.17999999999999997,0.4789646574906866
1777384999.8605447,tb2,-0.18,-0.31007644376616333
1777384999.8659952,tb7,0.18,0.20832649403765088
1777384999.873719,tb3,0.18,-0.07983282330871594
1777384999.902525,tb1,0.18,0.3890072679156921
1777384999.9105632,tb2,-0.18000000000000002,-0.3041231439358917
1777384999.9158423,tb7,0.18,0.19275406064042908
1777384999.9237118,tb3,0.18,-0.11480808274612292
1777384999.9523666,tb1,0.18000000000000002,0.28331269994715674
1777384999.9605386,tb2,-0.18,-0.3262424387972056
1777384999.9658766,tb7,0.18,0.1727785863987234
1777384999.9736707,tb3,0.18,-0.13068954121294676
1777385000.0023584,tb1,0.18,0.3175878811237569
1777385000.010686,tb2,-0.18,-0.38142685941443144
1777385000.0159733,tb7,0.18,0.15529904141356618
1777385000.0237248,tb3,0.18,-0.13256039016256338
1777385000.0523717,tb1,0.18,0.1769020786819017
1777385000.0605018,tb2,-0.06402757084632589,-0.21681909787595627
1777385000.0659595,tb7,0.18,0.14416198296004706
1777385000.0738542,tb3,0.18,-0.15413103502996922
1777385000.1024382,tb1,0.17999999999999997,0.10758963910344271
1777385000.1105099,tb2,0.18,0.27501653093449063
1777385000.1159265,tb7,0.18000000000000002,0.1370832883488185
1777385000.12374,tb3,0.18,-0.2332472928415705
1777385000.1524725,tb1,0.18,-0.0418151559872511
1777385000.1605303,tb2,0.18,0.3615042931673262
1777385000.1659107,tb7,0.18,0.1388248890309239
1777385000.1737847,tb3,-0.18,0.10579254064036836
1777385000.2022672,tb1,0.18,-0.731609694768315
1777385000.2105398,tb2,0.18,0.39212492973619856
1777385000.2157593,tb7,0.18,0.15689576013841658
1777385000.223754,tb3,-0.18,0.09390586109678295
1777385000.2523506,tb1,0.18,-0.9258628177933943
1777385000.2606697,tb2,0.18,0.3991833015274511
1777385000.265912,tb7,0.17999999999999997,0.2911447840298669
1777385000.273759,tb3,-0.18,0.07979986417883503
1777385000.3025436,tb1,0.18,-1.0305299346797843
1777385000.3107018,tb2,0.18,0.3975819444084565
1777385000.3159235,tb7,-0.18,0.45190499230835784
1777385000.323673,tb3,-0.18,0.07742745911735807
1777385000.3523405,tb1,0.18,-1.0838408874943444
1777385000.3606417,tb2,0.18,0.40183570056193424
1777385000.365765,tb7,-0.18,0.12278432742333799
1777385000.373597,tb3,-0.18,0.0783392400179239
1777385000.402521,tb1,0.18,-1.2200215010840507
1777385000.4107041,tb2,0.18,0.3643480975673537
1777385000.4157457,tb7,-0.18,0.04482711891646008
1777385000.4236887,tb3,-0.18,0.08133480057387184
1777385000.452356,tb1,0.18,-1.1023098092810437
1777385000.4605289,tb2,0.10365961316773427,0.16056748281670194
1777385000.4659069,tb7,-0.18,-0.020097642159867916
1777385000.473716,tb3,-0.18,0.0943518723071628
1777385000.502489,tb1,0.18,-0.93733215420677
1777385000.5105398,tb2,-0.18,-0.3617380355902085
1777385000.5157852,tb7,-0.18,-0.030756936934954317
1777385000.5236723,tb3,-0.18,0.09982863917206058
1777385000.552361,tb1,0.18,-0.7222974097123981
1777385000.5606496,tb2,-0.18,-0.30021010055055447
1777385000.5659053,tb7,-0.18000000000000002,0.04737352393729443
1777385000.573505,tb3,0.17101771508218158,-1.5
1777385000.6023147,tb1,0.18,0.7573032279935592
1777385000.6105337,tb2,-0.18,-0.2830283296863776
1777385000.6159208,tb7,-0.18,0.3007650376752563
1777385000.6236978,tb3,0.18,-0.3742484060832161
1777385000.652364,tb1,0.18,0.9014755530347414
1777385000.6605039,tb2,-0.18,-0.28411005844782034
1777385000.6658678,tb7,0.18,0.45306977158791006
1777385000.6737175,tb3,0.18,-0.26003525431872054
1777385000.70247,tb1,0.18,1.0344884441719264
1777385000.7105215,tb2,-0.18,-0.3059269390692653
1777385000.7159882,tb7,0.18,0.2679276780193404
1777385000.7236571,tb3,0.18000000000000002,-0.2570343735601416
1777385000.7522633,tb1,0.18,1.1088459812192661
1777385000.7607129,tb2,-0.18,-0.34001256631832955
1777385000.7659075,tb7,0.18000000000000002,0.2384369866154039
1777385000.7736297,tb3,0.18,-0.2784373569195108
1777385000.8023953,tb1,0.18,0.6180400267593628
1777385000.8106482,tb2,0.022785631261692696,0.005861559362098068
1777385000.8159018,tb7,0.18,0.3142495347542979
1777385000.82373,tb3,0.18,-0.29141278587424235
1777385000.8523667,tb1,0.18,0.6220921645259453
1777385000.8605711,tb2,0.18,0.3128198962482555
1777385000.8659928,tb7,0.18,0.31493750062468423
1777385000.873962,tb3,0.18,-0.32700922104321534
1777385000.9023194,tb1,0.18,0.6110126451279668
1777385000.910511,tb2,0.18000000000000002,0.3475614997682823
1777385000.915925,tb7,0.18,0.36005201706725665
1777385000.9236708,tb3,0.18,-0.3983405935217896
1777385000.9524922,tb1,0.18,0.6120815902793224
1777385000.9605145,tb2,0.18,0.3766975150979868
1777385000.965988,tb7,0.18,0.9573034751256257
1777385000.9736607,tb3,0.18,-0.6516530727822624
1777385001.00227,tb1,0.18,0.5660938348448332
1777385001.0105522,tb2,0.18,0.36855594234928424
1777385001.0157847,tb7,-0.18,0.10360072542087644
1777385001.0236762,tb3,-0.18,0.10954740032912223
1777385001.0523655,tb1,0.18,0.6094540727867791
1777385001.0606537,tb2,0.18,0.3705547810922176
1777385001.065932,tb7,-0.18,-0.008516904468763395
1777385001.0737126,tb3,-0.18,0.11759550784817013
1777385001.102485,tb1,0.18,0.639500348127088
1777385001.1106844,tb2,0.18,0.3402011995217337
1777385001.1160352,tb7,-0.18,-0.0035684357208948755
1777385001.1237125,tb3,-0.18,0.10032552491850194
1777385001.1524935,tb1,0.18,0.6803226949628175
1777385001.1604557,tb2,0.18,0.3052198622809073
1777385001.1659224,tb7,-0.18,0.02634225423301472
1777385001.1736932,tb3,-0.18,0.10169021672388655
1777385001.2024817,tb1,0.18,-0.030737346017449364
1777385001.2105775,tb2,-0.11381755724372163,-0.22963911986777383
1777385001.2158728,tb7,-0.18,0.0013513064843026703
1777385001.2237542,tb3,-0.18,0.08890767385595619
1777385001.252255,tb1,0.18,-0.040313319841352516
1777385001.2604358,tb2,-0.18,-0.295864312337738
1777385001.2659125,tb7,-0.18,0.021815875949512724
1777385001.2737048,tb3,-0.18,0.07429196256518836
1777385001.3025267,tb1,0.18,-0.026303433837553822
1777385001.3105652,tb2,-0.18,-0.28208144723180856
1777385001.3158758,tb7,-0.18,0.06523393775580234
1777385001.3236675,tb3,-0.18,0.025037155443228303
1777385001.352354,tb1,0.18000000000000002,0.05330027865941718
1777385001.3604505,tb2,-0.18,-0.28502971237441244
1777385001.3659215,tb7,-0.18,0.3997249946482231
1777385001.3737564,tb3,-0.18,-0.0467028677970633
1777385001.402353,tb1,0.18,0.621045463316414
1777385001.4106002,tb2,-0.18,-0.3026582588623165
1777385001.4158337,tb7,-0.18000000000000002,0.2928672330440013
1777385001.42374,tb3,0.18,-0.34138112508039514
1777385001.4522526,tb1,0.18,0.7430387371334715
1777385001.4605815,tb2,-0.18,-0.32543565828866006
1777385001.4659529,tb7,0.18,0.38446072556497446
1777385001.4735954,tb3,0.18,-0.2839031265468918
1777385001.5023434,tb1,0.17999999999999997,0.6860760898494599
1777385001.510655,tb2,-0.1619789435477566,-0.34731727437226256
1777385001.5159404,tb7,0.18,0.16043383732168232
1777385001.523689,tb3,0.18,-0.24863063196852994
1777385001.552352,tb1,0.18,0.633327417472843
1777385001.5606484,tb2,0.18,0.3138378841624607
1777385001.5659094,tb7,0.18,0.11623540983583791
1777385001.5735326,tb3,0.18,-0.2183244066784325
1777385001.6022694,tb1,0.18,0.18491488123079078
1777385001.6105177,tb2,0.18,0.3578436503598511
1777385001.6161127,tb7,0.18,0.07088370628947718
1777385001.6237428,tb3,0.18,-0.22538341047620747
1777385001.6523664,tb1,0.17999999999999997,0.10679878501833542
1777385001.6603825,tb2,0.18,0.37971148526641185
1777385001.66588,tb7,0.18,0.06490251707815321
1777385001.6739025,tb3,0.18,-0.2634711688489663
1777385001.7022438,tb1,0.18,-0.031083445508654876
1777385001.7106016,tb2,0.18,0.397379044391171
1777385001.7161164,tb7,0.18,0.061783628070355305
1777385001.7237058,tb3,0.18,-0.31570114548471345
1777385001.7524173,tb1,0.18,-0.16544509189799864
1777385001.760492,tb2,0.18,0.39462564319710186
1777385001.7659156,tb7,0.18,0.046383461429293754
1777385001.7737079,tb3,0.18,-0.42554417983814186
1777385001.8023689,tb1,0.18,-0.35394049982281706
1777385001.8105505,tb2,0.18,0.3763605271130173
1777385001.8159266,tb7,0.18000000000000002,0.050509119198804936
1777385001.8238451,tb3,-0.18,0.02882975733067756
1777385001.8523989,tb1,0.18,-0.41982684423053457
1777385001.8604755,tb2,0.18,0.3530145086024458
1777385001.8659055,tb7,0.18,0.028625516221766064
1777385001.873774,tb3,-0.18,0.08686601377048717
1777385001.9023778,tb1,0.18,-0.4300759607150026
1777385001.910664,tb2,0.18000000000000002,0.30780819345795357
1777385001.9158998,tb7,0.18,0.07311853015536118
1777385001.9238591,tb3,-0.18,0.08668779935719258
1777385001.952321,tb1,0.18,-0.33385006368302667
1777385001.9603724,tb2,-0.1615365405999156,-0.31205962728583625
1777385001.9659476,tb7,0.18,0.13094841516241848
1777385001.9737206,tb3,-0.17999999999999997,0.07449195211038159
1777385002.0024796,tb1,0.18,0.6385097356603116
1777385002.0105917,tb2,-0.18,-0.296238365010147
1777385002.0158024,tb7,-0.18,0.11842078925309636
1777385002.0239074,tb3,-0.18,-0.14413216271552518
1777385002.0522363,tb1,0.18,0.7671449859589093
1777385002.0605438,tb2,-0.17999999999999997,-0.27146634272240683
1777385002.0659192,tb7,-0.18,0.0981117046299364
1777385002.0738575,tb3,0.18,-0.9595373932652181
1777385002.1023214,tb1,0.18,0.9186791030537994
1777385002.1105835,tb2,-0.18,-0.2785493476208289
1777385002.1160593,tb7,-0.18,0.07331134175031169
1777385002.1237295,tb3,0.18,-0.24835245173905907
1777385002.1523695,tb1,0.18,0.9622288501653864
1777385002.1606786,tb2,-0.18,-0.29882486514438233
1777385002.166028,tb7,-0.18,0.09875857119858629
1777385002.173751,tb3,0.18,-0.21923865474785395
1777385002.2024267,tb1,0.18,0.49758639567892315
1777385002.2106464,tb2,-0.18,-0.31702972187823325
1777385002.2159545,tb7,-0.18,0.08108860112513383
1777385002.223745,tb3,0.18,-0.28684701421164643
1777385002.2523654,tb1,0.18,0.393845343240854
1777385002.260472,tb2,0.03789497298186484,0.040610569831055016
1777385002.265989,tb7,-0.18,0.1342903973407842
1777385002.2737064,tb3,0.18,-0.32983645297015235
1777385002.3024576,tb1,0.18,0.284137932462708
1777385002.3106387,tb2,0.18,0.32893101957013116
1777385002.31584,tb7,-0.18,0.14463770281628727
1777385002.3235722,tb3,0.18,-0.3605331598206134
1777385002.3523421,tb1,0.18,0.22147023240221755
1777385002.3605042,tb2,0.18,0.34439584896470726
1777385002.3659163,tb7,-0.18,0.37358375895395274
1777385002.3737085,tb3,0.18,-0.4026300910955236
1777385002.4023623,tb1,0.18,-0.7802824481800495
1777385002.410527,tb2,0.18,0.3619435128451746
1777385002.4159315,tb7,0.18,0.014005754292376525
1777385002.4237561,tb3,-0.18,-0.6882111618940959
1777385002.4523048,tb1,0.18,-0.9010930696231502
1777385002.4604871,tb2,0.18,0.36785550297435676
1777385002.4657245,tb7,0.18,-0.08017309964127968
1777385002.4736986,tb3,-0.18,0.03395072260387622
1777385002.5022795,tb1,0.17999999999999997,-1.1196746615904778
1777385002.5105498,tb2,0.18,0.3723007524778303
1777385002.5157819,tb7,0.18,-0.05212348277255042
1777385002.5236797,tb3,-0.18,0.12468785425249522
1777385002.5523891,tb1,0.18,-1.1177574422714944
1777385002.560537,tb2,0.17999999999999997,0.3602060111782102
1777385002.5658948,tb7,0.18,-0.1360511464483852
1777385002.573699,tb3,-0.18,0.16716824722031937
1777385002.6023417,tb1,0.18,0.027546865935516047
1777385002.6105273,tb2,0.18,0.32968412396578983
1777385002.6157973,tb7,0.18,-0.045436367698373635
1777385002.6237164,tb3,-0.18,0.22539198217970746
1777385002.652302,tb1,0.18,0.22150739253931814
1777385002.6604714,tb2,-0.05009326111146664,-0.09670745355697981
1777385002.6659882,tb7,0.18,-0.09396815537020393
1777385002.673667,tb3,-0.18,0.21576614280874803
1777385002.7023797,tb1,0.18,0.4659436711368302
1777385002.7105243,tb2,-0.18,-0.2981912226242819
1777385002.7159867,tb7,0.18,0.00713352075216591
1777385002.7237928,tb3,-0.18,0.1639227047426212
1777385002.7523496,tb1,0.18,0.5884033306348192
1777385002.7605312,tb2,-0.18,-0.26528092063571024
1777385002.765925,tb7,-0.17999999999999997,0.830509272316753
1777385002.7736487,tb3,-0.18,-0.3627859754544993
1777385002.802362,tb1,0.10545089454595633,1.5
1777385002.8104959,tb2,-0.17999999999999997,-0.26144005380822316
1777385002.8159816,tb7,-0.18,0.26939784705806513
1777385002.823681,tb3,0.18,-0.4393674682100177
1777385002.8524132,tb1,0.10211938360588527,1.5
1777385002.860473,tb2,-0.18,-0.27100766529923803
1777385002.8658466,tb7,-0.18,0.22417450224796437
1777385002.8736813,tb3,0.18,-0.3990904340145453
1777385002.902457,tb1,0.1193134288820698,1.5
1777385002.9105048,tb2,-0.18,-0.293128301638206
1777385002.9161048,tb7,-0.18,0.11173043159092987
1777385002.9236875,tb3,0.18,-0.38910544331408004
1777385002.952366,tb1,0.1720631750769244,1.5
1777385002.9604995,tb2,-0.17047215607601418,-0.3016281295332687
1777385002.965776,tb7,-0.18,0.13878063430089502
1777385002.9736972,tb3,0.18,-0.425774692613885
1777385003.0023644,tb1,0.18,0.15062381496977462
1777385003.0104854,tb2,0.15059882758850135,0.23849966031543024
1777385003.0158682,tb7,-0.18,1.0391124321033636
1777385003.023718,tb3,0.18,-0.5211401615825719
1777385003.0523133,tb1,0.17845227050917267,-1.0454271018640044
1777385003.06046,tb2,0.18,0.3335023677001995
1777385003.0659654,tb7,0.18,0.06956982373586114
1777385003.0736947,tb3,0.18,-0.5339070769371882
1777385003.1023355,tb1,0.11322441175266663,-1.5
1777385003.1104968,tb2,0.18,0.3417640653797106
1777385003.115974,tb7,0.17999999999999997,0.007016768326860136
1777385003.1237664,tb3,0.18,-0.5528371045975203
1777385003.152291,tb1,0.061054281126444884,-1.5000000000000002
1777385003.160545,tb2,0.18,0.33693886285864166
1777385003.1658683,tb7,0.18,-0.09685176138349572
1777385003.1735845,tb3,0.17999999999999997,-0.5799697090493907
1777385003.2023408,tb1,0.008240708474568351,-1.5
1777385003.2106473,tb2,0.18,0.331509316054716
1777385003.2159207,tb7,0.18,-0.12141229621762668
1777385003.2238426,tb3,0.18,-0.5291763853110416
1777385003.2523024,tb1,0.016400331048060112,-1.5
1777385003.260459,tb2,0.18,0.29462189226935426
1777385003.2658482,tb7,0.18,-0.10700717175572004
1777385003.273693,tb3,0.18,-0.6045846905617919
1777385003.3023398,tb1,0.03396242305015908,-1.5
1777385003.3105812,tb2,0.027526171165082238,0.005303977128267093
1777385003.3159118,tb7,0.18,-0.028986680894780032
1777385003.323742,tb3,-0.12735288183411672,-1.5
1777385003.3523486,tb1,0.06624063216241412,-1.5
1777385003.3605223,tb2,-0.18,-0.3022943391140228
1777385003.3658953,tb7,0.18,-0.0417258912531253
1777385003.3737288,tb3,-0.18,0.1848371172634742
1777385003.4023852,tb1,0.10792219415851295,1.5
1777385003.4104993,tb2,-0.18,-0.2679306673593672
1777385003.4158168,tb7,-0.18,0.1989165160952786
1777385003.423812,tb3,-0.18,0.1214596287926327
1777385003.4523175,tb1,0.05257641381110978,1.5
1777385003.4604504,tb2,-0.18,-0.2593578671401922
1777385003.4658897,tb7,-0.18,0.20525023615536592
1777385003.4736452,tb3,-0.18,0.1706677004525641
1777385003.502364,tb1,0.02908938421832519,1.5
1777385003.5105875,tb2,-0.18,-0.27243152148967303
1777385003.515932,tb7,-0.18,0.16850892841579493
1777385003.5237803,tb3,-0.18,0.14436327741439114
1777385003.5523562,tb1,0.02578049097362859,1.5000000000000002
1777385003.5605364,tb2,0.024445380171544774,0.008191312257292263
1777385003.565884,tb7,-0.18,0.16189273318696934
1777385003.5737307,tb3,-0.18,0.005241632304136951
1777385003.6021712,tb1,0.03368430690182485,1.4999999999999998
1777385003.6105006,tb2,0.18,0.2953619318458759
1777385003.6158717,tb7,-0.18,0.12985737410914008
1777385003.623682,tb3,0.18,-1.1204142057178752
1777385003.6523025,tb1,0.051606764305783454,1.5
1777385003.6604536,tb2,0.18,0.31128232353018126
1777385003.6659412,tb7,-0.18,0.21078052652514417
1777385003.673647,tb3,0.18,-0.7123734506031123
1777385003.7023578,tb1,0.09501225592971513,1.5
1777385003.7104967,tb2,0.18,0.321416750098639
1777385003.7160058,tb7,-0.18,0.24922013451847774
1777385003.7237058,tb3,0.18,-0.6219788771140831
1777385003.7523565,tb1,0.12477082433238114,0.6698150142588073
1777385003.760519,tb2,0.18,0.31978813356646646
1777385003.7659862,tb7,-0.18,0.32024387457356884
1777385003.7737472,tb3,0.18,-0.6501939323066761
1777385003.8023682,tb1,0.10896464531994543,-0.4465582113598958
1777385003.8106008,tb2,0.18,0.3139078372358056
1777385003.8159637,tb7,0.18,-0.1842680951867556
1777385003.8236809,tb3,0.18,-0.7403460280970222
1777385003.8524091,tb1,0.0792962312028326,-1.4501439655861397
1777385003.8605576,tb2,0.12690837843406583,0.1985628708334158
1777385003.8658724,tb7,0.18,-0.2017232574493446
1777385003.873776,tb3,0.18,-0.8648154709450229
1777385003.9024673,tb1,0.027167843877465982,-1.5000000000000002
1777385003.9105968,tb2,-0.18,-0.29794671232363784
1777385003.9159908,tb7,0.18,-0.23108007714495024
1777385003.9238176,tb3,0.18,-1.0283338526066126
1777385003.9523048,tb1,0.013839878190064481,-1.5
1777385003.9604876,tb2,-0.18,-0.26954301858762264
1777385003.9658508,tb7,0.18,-0.24070677919407718
1777385003.9737713,tb3,0.18,-1.2288161809704767
1777385004.0024216,tb1,0.09019513611078839,-0.04160355249563149
1777385004.010647,tb2,-0.18000000000000002,-0.2553563586973845
1777385004.0159156,tb7,0.18,-0.24423161230534132
1777385004.0235567,tb3,0.18,-1.3492065748462854
1777385004.0523303,tb1,0.09481549949742053,0.6685926677113567
1777385004.0605435,tb2,-0.17999999999999997,-0.2583179221280919
1777385004.0658731,tb7,0.18,-0.27056527792573964
1777385004.0736814,tb3,0.1714120077307044,-1.5
1777385004.102605,tb1,0.09554191858957761,1.3466968533495736
1777385004.111006,tb2,-0.18,-0.2737044581724418
1777385004.1158948,tb7,0.18,-0.25342061601023713
1777385004.1237926,tb3,0.1484054415103579,-1.5
1777385004.1524458,tb1,0.08367110669963453,1.5
1777385004.1605344,tb2,-0.14630164146388244,-0.24045566829343581
1777385004.165795,tb7,0.18,-0.24007146213408662
1777385004.1736772,tb3,0.1290295010878401,-1.5
1777385004.2023134,tb1,0.07809365804475084,1.224907172675255
1777385004.2105014,tb2,0.18,0.31204141410859376
1777385004.2157872,tb7,0.18,-0.21971950305333607
1777385004.223608,tb3,0.11042986965771583,-1.5
1777385004.2523131,tb1,0.06629339873205009,0.6121359935861254
1777385004.2604694,tb2,0.18,0.3258901637238276
1777385004.2657712,tb7,0.18,-0.18324800464206228
1777385004.27368,tb3,0.09772597846198733,-1.5
1777385004.3022988,tb1,0.042869740218766314,-0.35105930391451606
1777385004.3104453,tb2,0.18,0.34429802898946105
1777385004.3157833,tb7,0.18000000000000002,-0.1382913292016499
1777385004.3237333,tb3,0.0853167097317538,-1.5
1777385004.352323,tb1,0.01017537032181403,-1.2469972954638702
1777385004.360532,tb2,0.18,0.35847303726101576
1777385004.3660047,tb7,0.18,-0.042330805669253666
1777385004.3737037,tb3,0.08024347699523218,-1.5
1777385004.4024336,tb1,-0.028586142101674157,-1.5
1777385004.4106586,tb2,0.18,0.3595469758430585
1777385004.4159403,tb7,0.18,0.00303656745388291
1777385004.4237428,tb3,0.08254089417232709,-1.5
1777385004.4524438,tb1,-0.031016483179370568,-1.5
1777385004.4605794,tb2,0.18000000000000002,0.3737885174253295
1777385004.4658616,tb7,-0.18,0.522420658632577
1777385004.4736502,tb3,0.08935892041838196,-1.5
1777385004.502436,tb1,-0.026083698395503403,-1.5
1777385004.5105011,tb2,0.18,0.375763583468483
1777385004.5158613,tb7,-0.18,0.1974432861272113
1777385004.523794,tb3,0.09906226511782931,-1.5000000000000002
1777385004.5524094,tb1,-0.015562645873988763,-1.5
1777385004.5605655,tb2,0.07165463991830898,0.17941145169392153
1777385004.5662348,tb7,-0.17999999999999997,0.08274136099841439
1777385004.5737247,tb3,0.11125847289928395,-1.5
1777385004.6024144,tb1,0.03353270799376053,0.435514347721945
1777385004.6105828,tb2,-0.18,-0.2647454213068361
1777385004.6159625,tb7,-0.18,0.031992177679141975
1777385004.6236565,tb3,0.1192718906440442,-1.5000000000000002
1777385004.6524067,tb1,0.03844202517045323,1.5
1777385004.6604035,tb2,-0.18,-0.25370595063568047
1777385004.6659558,tb7,-0.18,0.04239388143035485
1777385004.6737478,tb3,0.13406401177630692,-1.5
1777385004.702342,tb1,0.01973628048735771,1.5
1777385004.7105007,tb2,-0.18,-0.23938315547021516
1777385004.715884,tb7,-0.18,0.054779854096544844
1777385004.7237892,tb3,0.1493163415936929,-1.5
1777385004.7522216,tb1,0.0175713277837768,1.5
1777385004.7604914,tb2,-0.18,-0.238228860444509
1777385004.7659104,tb7,-0.18,0.21635160231399628
1777385004.773732,tb3,0.16393733190335477,-1.5
1777385004.8023539,tb1,0.021262768491641566,1.5
1777385004.8104858,tb2,-0.17999999999999997,-0.24721908224618747
1777385004.815787,tb7,-0.00345214154774701,1.1756852447033141
1777385004.8235912,tb3,0.18,-1.4719787610870931
1777385004.8524418,tb1,0.036682312895090864,1.5
1777385004.8604157,tb2,-0.18,-0.2583094937293712
1777385004.8662276,tb7,0.18,0.15907115738349276
1777385004.8737273,tb3,0.18,-1.353854612979931
1777385004.902497,tb1,0.03476655917869732,0.6680636200774036
1777385004.9105299,tb2,-0.026459067415361612,-0.02629255791933318
1777385004.9159718,tb7,0.18,0.07958901927655235
1777385004.9237416,tb3,0.18,-1.2603329451718903
1777385004.9523976,tb1,0.015839903898009232,-0.4653568913110185
1777385004.9606962,tb2,0.04015254243266631,0.0861025439226161
1777385004.9659975,tb7,0.18,0.0719456812563233
1777385004.973794,tb3,0.18,-1.2077989905043893
1777385005.0022697,tb1,-0.027144373000418522,-1.5
1777385005.010789,tb2,0.18,0.34930462345585667
1777385005.0160153,tb7,0.18,0.129197852783574
1777385005.0237937,tb3,0.18,-1.2051777609342496
1777385005.0523424,tb1,-0.03508841560683401,-1.5
1777385005.0604286,tb2,0.18,0.3612634568313916
1777385005.0659747,tb7,0.18,0.21554111852841695
1777385005.073698,tb3,0.18,-1.417078752316643
1777385005.102189,tb1,-0.03416420562902463,-1.5
1777385005.1105976,tb2,0.18,0.35602189282892543
1777385005.1158519,tb7,-0.18,0.9078934708944284
1777385005.1239269,tb3,0.0838669654803217,-1.5
1777385005.152319,tb1,-0.02895260206898641,-1.5
1777385005.1605458,tb2,0.08024012760628876,0.17297522147509747
1777385005.1659973,tb7,-0.18,0.10681321276931581
1777385005.1737602,tb3,-0.18,-1.3312620333463048
1777385005.20236,tb1,0.0042643134145978825,-0.790204541187377
1777385005.210658,tb2,-0.1645383293426384,-0.30408507547560737
1777385005.2159224,tb7,-0.18,0.058431149617183646
1777385005.2237484,tb3,-0.18,0.29133305134243015
1777385005.252416,tb1,0.03072879317292408,0.441114494189453
1777385005.2605052,tb2,-0.18,-0.31357580513649785
1777385005.2660131,tb7,-0.18,0.016331632363182087
1777385005.2736304,tb3,-0.18,0.2558142770552944
1777385005.3022585,tb1,0.036139513069253955,1.5
1777385005.3106654,tb2,-0.18,-0.3068404799111947
1777385005.3165853,tb7,-0.18,0.023378103959884985
1777385005.3235755,tb3,-0.18,0.2241567935218582
1777385005.352392,tb1,0.024763542200165613,1.5
1777385005.3605096,tb2,-0.18,-0.3078919069543674
1777385005.3658814,tb7,-0.18,0.08299104809616785
1777385005.3737931,tb3,-0.18,0.18719455535166063
1777385005.4022675,tb1,0.02559740213147022,1.5
1777385005.4104152,tb2,-0.18,-0.3195910933403049
1777385005.4158483,tb7,-0.18,0.12239493524023412
1777385005.4236453,tb3,-0.18,-0.19945412060867496
1777385005.452429,tb1,0.033552923118800496,1.5
1777385005.460455,tb2,-0.05127793031039636,-0.08682511346142663
1777385005.4657116,tb7,0.17999999999999997,0.41374403694364786
1777385005.473743,tb3,-0.17999999999999997,-1.393855070259898
1777385005.5022705,tb1,0.030534230184827798,0.663940846044337
1777385005.510577,tb2,0.18,0.3692645332356469
1777385005.5158916,tb7,0.18,0.14793644003376208
1777385005.5235832,tb3,0.11591352417491727,-1.5
1777385005.5523229,tb1,0.011852576819415896,-0.4511843836394278
1777385005.5604987,tb2,0.18,0.39177243103924647
1777385005.5660307,tb7,0.18,0.09811390910849338
1777385005.573605,tb3,0.18,-0.9631048080721547
1777385005.6024055,tb1,0.014369933511483817,-0.3403903666621654
1777385005.6106036,tb2,0.18,0.3996446277500268
1777385005.6158333,tb7,0.18,0.11694727914400971
1777385005.6238072,tb3,0.18,-0.703838201532487
1777385005.6524673,tb1,-0.00872111463263901,-1.0249797869992272
1777385005.6604743,tb2,0.18,0.4033929036169655
1777385005.6659436,tb7,0.18,0.1436875861235402
1777385005.6736493,tb3,0.18,-0.6554718293162672
1777385005.7024393,tb1,-0.015396381987206983,-1.1917051162428425
1777385005.7104352,tb2,0.18,0.38362427171376284
1777385005.7159085,tb7,0.18,0.2716548981298738
1777385005.7235458,tb3,0.18,-0.6738558030197371
1777385005.7524204,tb1,-0.013472920522801177,-1.104808109137206
1777385005.7605033,tb2,0.18000000000000002,0.37410338209113897
1777385005.765788,tb7,-0.18,0.3823797158778017
1777385005.7736998,tb3,0.18,-0.740393130269175
1777385005.8024364,tb1,-0.019354853869761483,-1.2839019154910547
1777385005.8105903,tb2,0.18,0.3440928604014432
1777385005.8160334,tb7,-0.18,0.6060749819872844
1777385005.8237495,tb3,0.18,-0.7160303792348626
1777385005.8523402,tb1,0.0004259147469752346,-0.6171505907800642
1777385005.8604832,tb2,0.18,0.3193779617742906
1777385005.8658204,tb7,-0.18,0.1936721150578312
1777385005.8738012,tb3,0.18,-0.8261229114914848
1777385005.9023476,tb1,0.021361748156063974,0.30167381067412524
1777385005.9105802,tb2,-0.14912014367240325,-0.2255463611431854
1777385005.9158309,tb7,-0.18,0.29765508790394435
1777385005.9238234,tb3,0.18,-0.9429581448031582
1777385005.9522693,tb1,0.03209539127670915,1.1721976273881047
1777385005.9605255,tb2,-0.18,-0.26957255290695004
1777385005.965913,tb7,0.18,0.7204835265764324
1777385005.9737506,tb3,0.18000000000000002,-1.0840341812812335
1777385006.002334,tb1,0.026838228648683602,1.5
1777385006.010529,tb2,-0.18,-0.24204087682003786
1777385006.0160031,tb7,0.17999999999999997,0.026821520430531556
1777385006.0237005,tb3,0.18,-1.1515095317095343
1777385006.0525541,tb1,0.026644641386770054,1.5
1777385006.0604734,tb2,-0.18,-0.23622771956750127
1777385006.0658565,tb7,0.18,-0.01694568787186679
1777385006.0738006,tb3,0.18,-1.2699483854772278
1777385006.1025088,tb1,0.03001627876533669,1.5
1777385006.1106548,tb2,-0.18,-0.2468911101509319
1777385006.1158264,tb7,0.18,-0.007855955382446683
1777385006.1237924,tb3,0.18,-1.4054284033426399
1777385006.152602,tb1,0.03977306044466319,1.5
1777385006.1603205,tb2,-0.18,-0.2661693236055412
1777385006.1658854,tb7,0.18,0.04204767119104271
1777385006.1737874,tb3,0.17568485604729642,-1.5
1777385006.2024791,tb1,0.053472902326765034,1.4050216903098973
1777385006.2106934,tb2,-0.18,-0.2868837979453806
1777385006.215768,tb7,0.18,0.05683532148327184
1777385006.2238088,tb3,0.1684320181144405,-1.5
1777385006.2524698,tb1,0.02880920974179529,0.294426963711686
1777385006.2605805,tb2,0.13088037112204018,0.20488226410623883
1777385006.2660031,tb7,0.18000000000000002,0.0678735459125562
1777385006.2736638,tb3,0.15591646315132401,-1.5
1777385006.3024368,tb1,-0.011371917758574782,-0.760392097619576
1777385006.3106763,tb2,0.18,0.3225969540645985
1777385006.3160262,tb7,0.18,0.09626103929293295
1777385006.3237321,tb3,0.1462454323840898,-1.5
1777385006.3524158,tb1,-0.05135673868564222,-1.5
1777385006.3605006,tb2,0.18,0.3352382747958683
1777385006.3659396,tb7,0.18000000000000002,0.1261467475012286
1777385006.373786,tb3,0.13772661303919884,-1.5
1777385006.4024363,tb1,-0.06633659894129262,-1.5
1777385006.4105337,tb2,0.18,0.34177951799557416
1777385006.415902,tb7,0.18,0.23671591945010875
1777385006.4236078,tb3,0.12376958717734793,-1.5000000000000002
1777385006.4524746,tb1,-0.0633723847151205,-1.5
1777385006.460505,tb2,0.18,0.3406234479050015
1777385006.465881,tb7,-0.18,0.2556357669750491
1777385006.4738843,tb3,0.11787531648015052,-1.4999999999999998
1777385006.5024765,tb1,-0.05364180411666698,-1.5
1777385006.510446,tb2,0.18,0.3242739103499019
1777385006.515913,tb7,-0.18,0.05261415619401906
1777385006.5237231,tb3,0.1135958539534215,-1.5
1777385006.552368,tb1,-0.024156430254678708,-1.14310053448227
1777385006.5605726,tb2,0.028063057448269986,0.05387485668264386
1777385006.5657496,tb7,-0.18,0.04792902027422213
1777385006.5737123,tb3,0.1102225290622301,-1.5
1777385006.6023397,tb1,0.01269902717369625,-0.22538667736689383
1777385006.6106515,tb2,-0.18,-0.30693764540948393
1777385006.6159298,tb7,-0.18,0.07280291158206917
1777385006.6235843,tb3,0.0970579384419089,-1.5
1777385006.6524866,tb1,0.04197244632269178,0.9003725387074146
1777385006.6604939,tb2,-0.18,-0.2883704175518312
1777385006.6659715,tb7,-0.18,0.09278303470235152
1777385006.6737134,tb3,0.09432489006323065,-1.5
1777385006.702337,tb1,0.04492121668597764,1.5
1777385006.710534,tb2,-0.18000000000000002,-0.2787908513682303
1777385006.715816,tb7,-0.17999999999999997,0.3005407419958233
1777385006.7247615,tb3,0.09495925127096194,-1.5
1777385006.752478,tb1,0.038524059466068496,1.5
1777385006.7604992,tb2,-0.18,-0.2870101860272104
1777385006.7660694,tb7,0.18,0.2889019828913639
1777385006.7737167,tb3,0.09920648265733621,-1.5
1777385006.8023498,tb1,0.04028589792896623,1.5
1777385006.8106039,tb2,-0.18,-0.30406765928737545
1777385006.815971,tb7,0.18,0.1072775562121472
1777385006.8236852,tb3,0.1002418016927821,-1.5
1777385006.8523495,tb1,0.04846020265150604,1.3786213859868393
1777385006.8605216,tb2,0.026816174497617973,0.045717008747586003
1777385006.8658617,tb7,0.18,0.049375250743363804
1777385006.8737078,tb3,0.10827019567813827,-1.4999999999999998
1777385006.9024065,tb1,0.02816058674219797,0.36144329391811825
1777385006.9106739,tb2,0.18,0.3441408023181124
1777385006.9159229,tb7,0.18,0.04039943745900819
1777385006.9237633,tb3,0.11802263722142552,-1.5
1777385006.9523835,tb1,-0.004127598909437143,-0.7107852314024641
1777385006.9605725,tb2,0.18,0.38244534326809726
1777385006.965896,tb7,0.18,0.07165811978554232
1777385006.9737763,tb3,0.12782634291860925,-1.5
1777385007.0023122,tb1,-0.04309468206401873,-1.5
1777385007.0105834,tb2,0.18,0.38187708998021985
1777385007.0158212,tb7,0.18,0.15616842234081102
1777385007.0238006,tb3,0.10612154832797172,-1.5
1777385007.0524287,tb1,-0.05175411672527745,-1.4999999999999998
1777385007.0605533,tb2,0.18,0.37221686534165294
1777385007.0657542,tb7,-0.04617680228264553,1.1384309926988254
1777385007.0737107,tb3,0.06759040937062505,-1.5
1777385007.102425,tb1,-0.04984934116806394,-1.5
1777385007.1105351,tb2,0.18,0.36283412697446576
1777385007.1157427,tb7,-0.18000000000000002,0.16756626044430772
1777385007.1237264,tb3,-0.08664349312871275,-1.5
1777385007.1524484,tb1,-0.03665202740701907,-1.4621596776015573
1777385007.1612253,tb2,0.18,0.3580079953164642
1777385007.1659029,tb7,-0.18,0.09276483237934702
1777385007.1737945,tb3,-0.18,-0.09093657102949355
1777385007.2022526,tb1,-0.0181021834886811,-1.1284127775816508
1777385007.2105994,tb2,0.18,0.34115833834043646
1777385007.2158496,tb7,-0.18,0.17717031733768454
1777385007.2237809,tb3,-0.18,0.011934933466076065
1777385007.2523346,tb1,0.011778323012146106,-0.11008317910758786
1777385007.2607002,tb2,0.11089199466866265,0.22641668982579033
1777385007.2659087,tb7,-0.18,0.32054796444599937
1777385007.2737174,tb3,-0.18,-0.01233436883865714
1777385007.30241,tb1,0.03580040196433486,1.115484657605335
1777385007.3105206,tb2,-0.18,-0.2700302026739262
1777385007.3159266,tb7,0.18,0.36799475056782527
1777385007.3237104,tb3,-0.18,-0.3319574383119114
1777385007.3524573,tb1,0.03072514721237162,1.5
1777385007.360505,tb2,-0.18,-0.24840741173679076
1777385007.3659143,tb7,0.18,-0.06225191343582256
1777385007.3738544,tb3,-0.06644951728678425,-1.5
1777385007.4025064,tb1,0.02800134395531745,1.5
1777385007.4105778,tb2,-0.18,-0.22534807605548068
1777385007.4159305,tb7,0.18,-0.13491592097686586
1777385007.4237266,tb3,0.14199077434353924,-1.5
1777385007.45246,tb1,0.03077608895782649,1.5
1777385007.4605765,tb2,-0.18,-0.22350156503744384
1777385007.466019,tb7,0.18,-0.13884546177846613
1777385007.4737113,tb3,0.18,-0.9397308063678156
1777385007.5024548,tb1,0.03621175140416728,1.2119237183507612
1777385007.510508,tb2,-0.18,-0.2227466445493888
1777385007.5158727,tb7,0.18,-0.13533797467882744
1777385007.5237014,tb3,0.18,-0.7795127440640482
1777385007.5524616,tb1,0.018676217975347208,0.14459811888853585
1777385007.5605443,tb2,0.10857213760746247,0.17462270431691146
1777385007.5659258,tb7,0.18,-0.13643374869679106
1777385007.5737638,tb3,0.18,-0.710601482046035
1777385007.6022165,tb1,0.012743003926361426,-0.15392744369247735
1777385007.61043,tb2,0.18,0.2854810907164027
1777385007.6158595,tb7,0.18,-0.13541479064764486
1777385007.6236746,tb3,0.18,-0.5574044229344359
1777385007.6523972,tb1,-0.015307996377385037,-1.0048184722888445
1777385007.6604443,tb2,0.18,0.30490506328759787
1777385007.6657734,tb7,0.18,-0.11529739867380594
1777385007.6737444,tb3,0.18,-0.5872184115944044
1777385007.702213,tb1,-0.033183758945504314,-1.3664049172014825
1777385007.7105277,tb2,0.18,0.3566109167612469
1777385007.7157574,tb7,0.18,-0.01433806563586409
1777385007.723744,tb3,0.18,-0.6377869520089002
1777385007.752312,tb1,-0.03547439397540025,-1.410887984126576
1777385007.7604954,tb2,0.18,0.38535298791658207
1777385007.7658923,tb7,-0.1629448866621862,1.1204811045841838
1777385007.7737253,tb3,0.18,-0.7158682242770841
1777385007.8022711,tb1,-0.04689132066029152,-1.5
1777385007.810522,tb2,0.18,0.40312955192896105
1777385007.8159084,tb7,-0.18000000000000002,0.2447025788299961
1777385007.8237438,tb3,0.18,-1.2318649147424172
1777385007.8522959,tb1,-0.03824531684104603,-1.5000000000000002
1777385007.8605368,tb2,0.18,0.41834146348557383
1777385007.8659127,tb7,-0.18,0.15127984063947114
1777385007.8737159,tb3,0.15452442466742308,-1.5
1777385007.9023383,tb1,-0.03025721623413077,-1.5
1777385007.9105291,tb2,0.06185644799259417,0.23716785068290613
1777385007.9159036,tb7,-0.18,0.11180598739812996
1777385007.9238908,tb3,0.08799855210753676,-1.5000000000000002
1777385007.9524333,tb1,-0.002778788632376317,-0.7080348502562086
1777385007.9605346,tb2,-0.18,-0.2602766205482785
1777385007.9659522,tb7,-0.18,0.08600416082033951
1777385007.9738934,tb3,-0.015122257351936223,-1.5
1777385008.002175,tb1,0.02850681838270261,1.3032937016667654
1777385008.0105183,tb2,-0.18,-0.2911702491518302
1777385008.015917,tb7,-0.18,0.09908734819421244
1777385008.0237546,tb3,0.18,-1.4226813811171712
1777385008.0524075,tb1,0.016643974173595373,1.5000000000000002
1777385008.0605276,tb2,-0.18,-0.27945540860565043
1777385008.0659437,tb7,-0.18,0.26595330651140253
1777385008.0736656,tb3,0.16273881871514848,-1.5
1777385008.1023269,tb1,0.011553814651255049,1.5
1777385008.1106226,tb2,-0.18,-0.2851002590692743
1777385008.1159127,tb7,0.18000000000000002,0.23343268333296893
1777385008.1237402,tb3,0.1389185566981564,-1.5
1777385008.1525042,tb1,0.013848102679095121,1.5
1777385008.1604342,tb2,-0.18,-0.2971175026310371
1777385008.1658401,tb7,0.18,0.07489612659788353
1777385008.1737847,tb3,0.09299757300903728,-1.5
1777385008.2022727,tb1,0.023371911483098813,1.5
1777385008.2105439,tb2,0.035611105580741445,0.1943451985709141
1777385008.2159824,tb7,0.18,0.043227898227521246
1777385008.223848,tb3,0.006935259816237058,-1.5
1777385008.2523422,tb1,0.027162235132853374,0.9632451874354374
1777385008.2604446,tb2,0.18,0.41115690187575643
1777385008.2659266,tb7,0.18,-0.029091517507674185
1777385008.273692,tb3,-0.07057954207600046,-1.5
1777385008.3023188,tb1,0.010905935225774412,-0.24094604768570796
1777385008.3106325,tb2,0.18,0.3982619627889845
1777385008.3159451,tb7,0.18,-0.021646375886213216
1777385008.3235812,tb3,-0.17445133860402098,-1.5
1777385008.352325,tb1,-0.016193170303948134,-1.25991413996565
1777385008.3605127,tb2,0.18,0.4108413185096536
1777385008.3658037,tb7,0.18000000000000002,0.05881758356473893
1777385008.3736553,tb3,-0.18,-1.291849827663726
1777385008.4021373,tb1,0.06970287129435224,1.5
1777385008.4105797,tb2,0.18,0.43176479794448663
1777385008.416039,tb7,-0.18,0.1047223065306002
1777385008.4237428,tb3,-0.18,-0.5754174584521868
1777385008.4524379,tb1,0.0716174438826498,1.5
1777385008.4605367,tb2,0.18,0.471298201543795
1777385008.4657881,tb7,-0.18,0.12782264783760597
1777385008.4738948,tb3,-0.18,-0.9316081179635064
1777385008.5024579,tb1,0.07207199468785859,1.5
1777385008.5105746,tb2,0.18,0.5184804166394298
1777385008.5159214,tb7,-0.18,0.11713584024553288
1777385008.5237703,tb3,-0.1282476884971085,-1.5
1777385008.5523791,tb1,0.06558429162860259,1.2510544173275226
1777385008.5605292,tb2,0.18,0.5903124323235691
1777385008.5658972,tb7,-0.18,0.10054544124554755
1777385008.5737479,tb3,0.09988755496383966,-1.5
1777385008.6023095,tb1,0.04369840035625264,0.5636282268644379
1777385008.6105793,tb2,0.18,0.6808057357953022
1777385008.6159782,tb7,-0.18,0.14557370861872296
1777385008.623698,tb3,0.18,-0.4152908815383851
1777385008.6524348,tb1,0.0005599035112625779,-0.4868042019522987
1777385008.6607966,tb2,0.18,0.782518108337877
1777385008.6660135,tb7,-0.18,0.1411060202621219
1777385008.6738906,tb3,0.18000000000000002,-0.006848609613083432
1777385008.7023547,tb1,-0.051888448966994696,-1.4112588234205226
1777385008.7106285,tb2,0.18,0.8998980234863283
1777385008.7158983,tb7,-0.18,0.17362841508328428
1777385008.7237546,tb3,0.18,0.07627696201123636
1777385008.7524714,tb1,-0.0655704660175645,-1.5
1777385008.7605624,tb2,0.18,1.0321522670770462
1777385008.765787,tb7,-0.18,0.2793330844956461
1777385008.7737958,tb3,0.18,0.04874489774282686
1777385008.802979,tb1,-0.06700043855795151,-1.5
1777385008.8105135,tb2,-0.17999999999999997,-0.4673344916835741
1777385008.8159404,tb7,0.18000000000000002,-0.11518735671296436
1777385008.8237336,tb3,0.18,0.178099511561202
1777385008.8523393,tb1,-0.06332401905537899,-1.5
1777385008.8606653,tb2,-0.18,-0.5400057152164004
1777385008.8659203,tb7,0.18,-0.10624660800433657
1777385008.8737466,tb3,0.18,0.079953231122011
1777385008.9022844,tb1,-0.039419504917206714,-1.2174333965125081
1777385008.910495,tb2,-0.18,-0.5692888807435041
1777385008.915901,tb7,0.18,-0.14033922316486397
1777385008.923815,tb3,0.18,-0.1642199740695462
1777385008.9524322,tb1,0.005441970179824233,-0.27322765152926987
1777385008.9605322,tb2,-0.18,-0.429657549136329
1777385008.9657257,tb7,0.18,-0.15166385688859263
1777385008.973702,tb3,0.18,-1.272898401431067
1777385009.0022562,tb1,0.043290695451671,0.929917403872263
1777385009.0105321,tb2,-0.18,-0.3185134255685068
1777385009.0158105,tb7,0.18,-0.14426473693589126
1777385009.0237405,tb3,0.18,-0.9953161287193709
1777385009.0524807,tb1,0.043602452176992455,1.5
1777385009.060692,tb2,0.04849590550594502,0.9837984331367924
1777385009.0657766,tb7,0.18,-0.1378902666165304
1777385009.0737731,tb3,-0.08744145332743564,-1.5
1777385009.1024814,tb1,0.0394443295835304,1.5
1777385009.1105149,tb2,0.18,1.346249810600925
1777385009.115798,tb7,0.18,-0.13285929632355076
1777385009.1236613,tb3,-0.18,-1.3056340650301568
1777385009.1523705,tb1,0.0413865748536294,1.5
1777385009.1606658,tb2,0.18,1.2378961334433611
1777385009.1660628,tb7,0.18,-0.11731068366737056
1777385009.1737576,tb3,-0.18,-1.1484958533509662
1777385009.2022529,tb1,0.04998454955829472,1.4999999999999998
1777385009.2106302,tb2,0.18,1.1765879684318772
1777385009.2159703,tb7,-0.18,0.18646365812210783
1777385009.2237217,tb3,-0.17999999999999997,-0.9483021626791852
1777385009.2532036,tb1,0.06644887267600337,1.5
1777385009.26076,tb2,0.18,1.1616233497880413
1777385009.2657452,tb7,-0.18,0.13394093103803156
1777385009.273653,tb3,-0.18,-1.0951223387001972
1777385009.3023431,tb1,0.04194427544577553,0.531310450586567
1777385009.3105867,tb2,0.18,1.1490950982480423
1777385009.3158607,tb7,-0.18,0.12720939132302486
1777385009.3236966,tb3,-0.17999999999999997,-1.3147043325167211
1777385009.3523533,tb1,-0.008370701911558604,-0.5963019165168455
1777385009.3606663,tb2,0.18,1.154684916233483
1777385009.366043,tb7,-0.18,0.08177432330376483
1777385009.3736243,tb3,-0.14800861496044992,-1.5
1777385009.4023137,tb1,-0.06287139688673232,-1.5
1777385009.4105937,tb2,0.18,1.134629794366951
1777385009.4157596,tb7,-0.18000000000000002,0.05918269964614022
1777385009.423649,tb3,-0.01741585127632649,-1.5
1777385009.4523456,tb1,0.014873227318563324,-0.1630301554565178
1777385009.4605372,tb2,0.18,1.1663639042123053
1777385009.4659562,tb7,-0.18,0.10470332187046918
1777385009.4737976,tb3,0.18,0.07983698815803611
1777385009.5024703,tb1,0.020587237595674955,-0.056931501718727684
1777385009.510641,tb2,0.18,1.2860059103687436
1777385009.5159924,tb7,-0.18,0.12989682878975142
1777385009.5237553,tb3,0.18,0.7320417720460289
1777385009.55266,tb1,0.047913535645110306,0.4133740813394035
1777385009.5609777,tb2,0.1348908726656577,1.3730801773205001
1777385009.5657768,tb7,-0.18,0.1583989855751123
1777385009.573653,tb3,0.18,0.9533539755631288
1777385009.6022785,tb1,0.0566259041803696,0.6128714749040103
1777385009.6106224,tb2,0.09850850943138453,1.1921749663048478
1777385009.6158988,tb7,-0.17999999999999997,0.18531648998705091
1777385009.6238053,tb3,0.18,1.0859810264660656
1777385009.6524618,tb1,0.09226311441668056,1.5
1777385009.6606548,tb2,-0.09791553624220278,0.23669131807817656
1777385009.66592,tb7,-0.18,0.2354979257487089
1777385009.6737328,tb3,0.18,1.0226779554412302
1777385009.7024276,tb1,0.0939313348531146,1.5
1777385009.7106283,tb2,-0.18,-0.4099499873339184
1777385009.7158222,tb7,-0.18,0.45691013009300135
1777385009.7238863,tb3,0.18,0.8834607019489354
1777385009.7522993,tb1,0.10023781211118671,1.5
1777385009.7606432,tb2,-0.18,-0.48656252540558037
1777385009.7659826,tb7,0.18,0.06839627963292862
1777385009.7737036,tb3,0.18,0.6624696520312616
1777385009.8022997,tb1,0.10944615034345025,1.5
1777385009.8106809,tb2,-0.18,-0.5694889966878148
1777385009.8160093,tb7,0.18,0.17093884977117918
1777385009.8235486,tb3,0.18000000000000002,0.8439875937004299
1777385009.8524172,tb1,0.11451535799703981,1.5
1777385009.8606372,tb2,-0.18,-0.5318294639699502
1777385009.865863,tb7,0.18,-0.053985414541844315
1777385009.873668,tb3,0.18,0.58719782777538
1777385009.9024498,tb1,0.13517797319046265,1.5
1777385009.9106464,tb2,-0.18000000000000002,-0.49464917914239886
1777385009.9159544,tb7,0.18,-0.045437753358268024
1777385009.9236968,tb3,0.18,-0.1493535682524443
1777385009.9524286,tb1,0.03433639641266297,0.13026392336314938
1777385009.9606478,tb2,-0.18,-0.440062967175587
1777385009.9660323,tb7,0.18,0.21637324820326875
1777385009.9736922,tb3,-0.06641669402629097,-1.5
1777385010.002277,tb1,-0.08376186221558443,-1.1117648611221067
1777385010.0106668,tb2,-0.18,-0.26838033329455735
1777385010.0160768,tb7,0.18,-0.15177046552414036
1777385010.0235965,tb3,-0.17346711787577032,-1.5
1777385010.052442,tb1,-0.14567163491369362,-1.4999999999999998
1777385010.0606985,tb2,-0.08517750598674341,0.09054710538102244
1777385010.065994,tb7,0.18,-0.0656362175362795
1777385010.0737145,tb3,-0.18,-1.35699122111297
1777385010.1023078,tb1,-0.15663094469213584,-1.5
1777385010.110542,tb2,0.11773052533526834,0.5847305730350435
1777385010.1157656,tb7,-0.18,0.548524809983621
1777385010.1237776,tb3,-0.18,-1.4096923511711967
1777385010.1524725,tb1,-0.1501236009954668,-1.5
1777385010.1605437,tb2,0.18,0.5684895209700986
1777385010.1658895,tb7,-0.18,0.30922054370337876
1777385010.1737237,tb3,-0.17322464442903882,-1.5000000000000002
1777385010.202305,tb1,-0.13851448445353828,-1.5
1777385010.210507,tb2,0.18,0.47992810822516957
1777385010.2160206,tb7,-0.18,0.24645689057745754
1777385010.2236774,tb3,-0.18,-1.4825219029390992
1777385010.2522776,tb1,-0.11478945211443159,-1.4564827399450164
1777385010.2605355,tb2,0.18,0.4672377422495469
1777385010.2658703,tb7,-0.18,0.15051036055762687
1777385010.273732,tb3,-0.1628918200849789,-1.5
1777385010.302484,tb1,-0.017501658308051844,-0.4722769149438176
1777385010.3106794,tb2,0.18,0.47267069723247296
1777385010.3160217,tb7,-0.18,0.19854370855014694
1777385010.323722,tb3,-0.14248194198090305,-1.5
1777385010.3524883,tb1,0.11393335269354718,1.0276687573459864
1777385010.3605068,tb2,0.18,0.5024589860236985
1777385010.365871,tb7,-0.18,0.15410855670856316
1777385010.373594,tb3,-0.11450822119833969,-1.5
1777385010.402407,tb1,0.13091562263144987,1.5
1777385010.4106858,tb2,0.18,0.5089823258772685
1777385010.4159665,tb7,-0.18,0.640965179995409
1777385010.42356,tb3,-0.08868550921768475,-1.5
1777385010.4526525,tb1,0.12744177412083832,1.5000000000000002
1777385010.46082,tb2,0.18,0.523678464255236
1777385010.465803,tb7,0.18000000000000002,0.07053085727682523
1777385010.473838,tb3,0.1399562169130442,-1.1925245267171105
1777385010.502238,tb1,0.13438070876136998,1.5
1777385010.510607,tb2,0.18,0.6156100724023565
1777385010.5158746,tb7,0.18,-0.10478827584370948
1777385010.5239882,tb3,0.18,1.2166945210575413
1777385010.5524619,tb1,0.08116434824236639,0.6937744243381381
1777385010.5606048,tb2,0.05200850288300612,0.4987074715160049
1777385010.5658941,tb7,0.18,-0.14366937259549817
1777385010.5737228,tb3,0.15533107957593215,1.5
1777385010.602414,tb1,-0.021316153094955395,-0.5343219176246622
1777385010.6105356,tb2,-0.18,-0.2608101917262941
1777385010.615889,tb7,0.18,-0.16620079395299692
1777385010.6237826,tb3,0.11925653108639167,1.4999999999999998
1777385010.6525033,tb1,-0.12364663954691628,-1.5
1777385010.6605427,tb2,-0.18,-0.30006278816162596
1777385010.6658573,tb7,0.18,-0.10265098817026572
1777385010.6739786,tb3,0.11469003207235744,1.5000000000000002
1777385010.702346,tb1,-0.13739856056573185,-1.5
1777385010.710534,tb2,-0.18,-0.3043547331794716
1777385010.7158222,tb7,0.18,-0.1644995224793068
1777385010.7237701,tb3,0.11294565498898966,1.5
1777385010.7524254,tb1,-0.14113142572275206,-1.5
1777385010.760542,tb2,-0.18,-0.2976629138280076
1777385010.765757,tb7,0.18,-0.1483611199160287
1777385010.773714,tb3,0.11340076357711339,1.5
1777385010.802401,tb1,-0.13990363709626982,-1.4999999999999998
1777385010.8104568,tb2,-0.18,-0.19105251453463473
1777385010.8158486,tb7,0.18,-0.05145736955320179
1777385010.8239145,tb3,0.11174857780183796,1.5000000000000002
1777385010.8523948,tb1,-0.12739798253909615,-1.5
1777385010.860572,tb2,-0.013163061362877794,0.3493856131455124
1777385010.8658354,tb7,0.18,-0.09234704215504963
1777385010.87373,tb3,0.11358868827419102,1.5000000000000002
1777385010.9024732,tb1,-0.1070049773010485,-1.33841899331612
1777385010.9105737,tb2,0.18,0.626293325723515
1777385010.9159045,tb7,0.18,0.1874256602858927
1777385010.923696,tb3,0.11490607577864348,1.5
1777385010.952527,tb1,-0.08383024980242708,-1.1174689894466627
1777385010.9605374,tb2,0.18,0.5450517265284042
1777385010.9659984,tb7,-0.18,0.2959187474297986
1777385010.9736242,tb3,0.115849607432186,1.5
1777385011.0022748,tb1,-0.027034423238350237,-0.5319414459027473
1777385011.0104992,tb2,0.18,0.531398875381019
1777385011.0158908,tb7,-0.18,0.14757627240796603
1777385011.0239303,tb3,0.12495547957794025,1.5
1777385011.0522811,tb1,0.02903269762468355,0.10417988800035492
1777385011.0605466,tb2,0.18,0.5655390900629754
1777385011.066011,tb7,-0.18,0.15055242736172847
1777385011.0736969,tb3,0.12707773934610272,1.5
1777385011.1022239,tb1,0.10555306549991944,1.1246175242096113
1777385011.110581,tb2,0.18,0.6197921411755574
1777385011.1160464,tb7,-0.18,0.19120915071254047
1777385011.1236944,tb3,0.12912446293408855,1.5
1777385011.152456,tb1,0.12293410687923982,1.5
1777385011.16054,tb2,0.18,0.6961864444862116
1777385011.16603,tb7,-0.18,0.2514107074984958
1777385011.1737225,tb3,0.1322180250010735,1.5
1777385011.2023578,tb1,0.12147822162325866,1.5
1777385011.210533,tb2,0.18,0.8751499868537256
1777385011.215964,tb7,-0.18,0.6206843848212821
1777385011.2237294,tb3,0.1546510063831206,1.5
1777385011.252433,tb1,0.12314645536350294,1.5
1777385011.2605994,tb2,0.18,1.044083434408652
1777385011.2659001,tb7,0.18,-0.09943759089907646
1777385011.2736697,tb3,0.16275149718999768,1.5
1777385011.3023531,tb1,0.12164397266345162,1.3033187650898592
1777385011.3106434,tb2,0.18000000000000002,1.2294234967186288
1777385011.3159575,tb7,0.18,-0.17283500642140512
1777385011.3237364,tb3,0.1722688039549446,1.5
1777385011.352454,tb1,0.027133513794209092,0.09598863418014679
1777385011.3604233,tb2,0.1740639978959699,1.5
1777385011.3660064,tb7,0.17999999999999997,-0.2065464103832238
1777385011.373731,tb3,0.18,1.4910953370051492
1777385011.4023354,tb1,-0.08362841195805734,-1.0727217478401652
1777385011.4105182,tb2,0.17051679318985472,1.5
1777385011.4158585,tb7,0.14145452668570202,0.6970023874382589
1777385011.4236462,tb3,0.15715801996044942,1.5
1777385011.4523606,tb1,-0.13962699892951663,-1.5
1777385011.4605362,tb2,0.14488299783606726,1.5
1777385011.4659514,tb7,-0.18,0.8956656390009983
1777385011.4737499,tb3,0.1586112592493818,1.5
1777385011.5023189,tb1,-0.14781608265060062,-1.5
1777385011.5105624,tb2,0.12700859231530262,1.5
1777385011.515961,tb7,-0.18,0.4373131974926654
1777385011.523831,tb3,0.1597331776525486,1.5
1777385011.5523617,tb1,-0.14159434102014523,-1.5
1777385011.5605004,tb2,0.10885673178023986,1.5
1777385011.565907,tb7,-0.18,0.32190689289461893
1777385011.573828,tb3,0.16094266708767627,1.5
1777385011.6023529,tb1,-0.12862786845509136,-1.5
1777385011.6105258,tb2,0.08606508107876919,1.5
1777385011.6159215,tb7,-0.18,0.23297983769725586
1777385011.623768,tb3,0.15032135930282062,1.5
1777385011.652389,tb1,0.14968412784893276,1.48737503421421
1777385011.6604214,tb2,0.07181764657250714,1.5
1777385011.6658676,tb7,-0.18,0.1883216882853034
1777385011.6736832,tb3,0.1522945432510329,1.5
1777385011.70235,tb1,0.1325142793300684,1.5
1777385011.7105846,tb2,0.018036718753169784,1.1636805762429632
1777385011.7158167,tb7,-0.18,0.36276905957457
1777385011.7237608,tb3,0.15348223638646216,1.5
1777385011.752413,tb1,0.11832786716298105,1.5
1777385011.7605202,tb2,-0.1154112389675226,0.35842577844129914
1777385011.7659194,tb7,0.18000000000000002,0.2720706746081615
1777385011.773745,tb3,0.15468126902689877,1.5
1777385011.802413,tb1,0.10514976895144099,1.5
1777385011.8105786,tb2,-0.18,-0.5120853038910761
1777385011.8158758,tb7,0.18,0.22617624522791693
1777385011.82378,tb3,0.1502660787383279,1.5
1777385011.852282,tb1,0.09275813578580809,1.5
1777385011.860532,tb2,-0.18,-0.5074499997001043
1777385011.8659787,tb7,0.18,0.04460887645453467
1777385011.873725,tb3,0.15193013008099576,1.5
1777385011.9023192,tb1,0.08323576993370374,1.5
1777385011.910629,tb2,-0.18,-0.45295253769301624
1777385011.9160035,tb7,0.18,0.006355351532253108
1777385011.9237134,tb3,0.15375633585636508,1.5
1777385011.952507,tb1,0.07920777222185,1.5
1777385011.9605305,tb2,-0.18,-0.4134095370244181
1777385011.9660356,tb7,0.18,0.060782039243492
1777385011.973669,tb3,0.15587667369029137,1.5
1777385012.0022538,tb1,0.08307480549939661,1.4999999999999998
1777385012.0105457,tb2,-0.18,-0.32175136734704185
1777385012.0159595,tb7,0.18,0.17571742930436823
1777385012.0236783,tb3,0.1467916561858053,1.5
1777385012.0523882,tb1,0.09180101467739663,1.5000000000000002
1777385012.0605268,tb2,-0.17999999999999997,-0.2107535423721388
1777385012.0659008,tb7,-0.18,0.7359999211033825
1777385012.073729,tb3,0.14814617418262227,1.5
1777385012.1022503,tb1,0.10283251162487411,1.5
1777385012.1106467,tb2,-0.14908399049720197,0.08962558647145215
1777385012.1159937,tb7,-0.18,0.16441616552387092
1777385012.123604,tb3,0.14977753141794756,1.5
1777385012.1525269,tb1,0.11918608578288088,1.5
1777385012.1606512,tb2,0.13901032735482433,0.8239566227931925
1777385012.1659667,tb7,-0.18,0.07863828901205569
1777385012.173706,tb3,0.1518504612175394,1.5
1777385012.2023442,tb1,0.13961862809098394,1.5
1777385012.2104633,tb2,0.18,0.5676276492859412
1777385012.2159593,tb7,-0.18,0.05490992369676458
1777385012.2237072,tb3,0.18,0.681419033207589
1777385012.2523704,tb1,0.1671329302154953,1.5
1777385012.260589,tb2,0.18,0.5391228889369304
1777385012.2660105,tb7,-0.18,0.04099289557296999
1777385012.2738893,tb3,0.18,0.32933152145758054
1777385012.3023052,tb1,0.17935372734608782,1.2046685385178089
1777385012.310445,tb2,0.18,0.5134073634529994
1777385012.3158169,tb7,-0.18,0.07815900429239424
1777385012.3237336,tb3,0.1386183396163569,-0.3109014859852191
1777385012.3523817,tb1,0.05481344251813148,-0.013497803332105894
1777385012.3605168,tb2,0.18,0.5137041121345072
1777385012.365823,tb7,-0.18,0.16195115676759206
1777385012.3737767,tb3,0.04138877878476335,-1.4679016505782894
1777385012.40233,tb1,-0.09430542679031031,-1.1470572063554494
1777385012.410485,tb2,0.18,0.4922149718696773
1777385012.4158502,tb7,0.18,0.14967819614771366
1777385012.4235847,tb3,-0.10026648839814627,-1.5
1777385012.4523866,tb1,-0.18,-1.4212154336083291
1777385012.4606366,tb2,0.18,0.5109766182880306
1777385012.4657571,tb7,0.18000000000000002,0.07688732079821854
1777385012.4738753,tb3,-0.09938315261512458,-1.5
1777385012.5023274,tb1,-0.18,-1.3627329943381923
1777385012.5105677,tb2,0.18,0.6305471268690739
1777385012.5158596,tb7,0.18,0.03835111102923885
1777385012.523839,tb3,-0.0920707423746107,-1.5
1777385012.5524976,tb1,-0.18,-1.4240133516596607
1777385012.5607696,tb2,-0.06881182417205628,0.24305505827356164
1777385012.5658057,tb7,0.18,0.05570940028704242
1777385012.5737712,tb3,-0.08171773601482295,-1.5
1777385012.6023622,tb1,-0.17388733527498765,-1.5
1777385012.6106033,tb2,-0.10460493069771065,0.20094609807961028
1777385012.6160333,tb7,0.18,0.04975981509738936
1777385012.6238391,tb3,0.1088415476903407,1.5
1777385012.6524472,tb1,-0.08335569167296633,-1.0822102906987852
1777385012.6609347,tb2,-0.18,-0.11769976053150569
1777385012.6657712,tb7,0.18,0.21752069195126295
1777385012.6737862,tb3,0.08606557832559059,1.5000000000000002
1777385012.7023818,tb1,0.08286631799134625,0.21584396622841964
1777385012.7104886,tb2,-0.18,-0.12919443175397097
1777385012.715793,tb7,-0.17999999999999997,0.3091255223184807
1777385012.72369,tb3,0.06981676077621794,1.5
1777385012.752386,tb1,0.1750744319214577,1.089256736327851
1777385012.7606468,tb2,-0.18,-0.10513361052308154
1777385012.766021,tb7,-0.18,0.09463977024807076
1777385012.773677,tb3,0.06347061042787612,1.5
1777385012.80243,tb1,0.18,1.420233652565342
1777385012.8104894,tb2,-0.18,-0.08363774338169365
1777385012.8164055,tb7,-0.18,0.09496185095519004
1777385012.8237717,tb3,0.06558573284551848,1.5
1777385012.8523169,tb1,0.16378231126244577,1.5
1777385012.8604949,tb2,-0.15252209162020886,0.09991807986075504
1777385012.8658261,tb7,-0.18,0.06765193210068929
1777385012.8736985,tb3,0.073922275470896,1.5
1777385012.9024053,tb1,0.16065621237941866,1.5
1777385012.9105499,tb2,0.18,0.5243718614179002
1777385012.9158876,tb7,-0.18,0.12650012393846322
1777385012.923716,tb3,0.08823416637350273,1.5
1777385012.9524791,tb1,0.16315139164323056,1.5
1777385012.9605956,tb2,0.18,0.33856580816746595
1777385012.9659138,tb7,-0.18,0.11509279804415604
1777385012.9738035,tb3,0.1111896189611088,1.5
1777385013.0023217,tb1,0.16727648129743192,1.5
1777385013.0104852,tb2,0.18,0.40012791582030527
1777385013.0158293,tb7,-0.18,0.17316898685469181
1777385013.0237286,tb3,0.1149327950621928,0.06964925981666134
1777385013.0524848,tb1,0.17938757786824885,1.5
1777385013.0605922,tb2,0.18,0.40383409309249346
1777385013.0658002,tb7,-0.18,0.3550964940979913
1777385013.073965,tb3,-0.06161310358824615,-1.5
1777385013.1022944,tb1,0.18,1.4039018885479575
1777385013.1105778,tb2,0.18,0.4358515829134636
1777385013.1159673,tb7,0.18,0.05253375439288408
1777385013.123707,tb3,-0.09826478640132201,-1.5
1777385013.152467,tb1,0.12091352153575965,0.8091484333635666
1777385013.1605957,tb2,0.18,0.5180973555784868
1777385013.1659214,tb7,0.18,-0.008148816055128278
1777385013.1737165,tb3,-0.11107158446086676,-1.5
1777385013.2023077,tb1,0.029493713021703352,0.04850423948240878
1777385013.2104902,tb2,0.18,0.4648393319033092
1777385013.2159038,tb7,0.18,-0.12326949165208088
1777385013.223702,tb3,-0.1122456973186861,-1.5
1777385013.2523177,tb1,0.05216782040383504,0.2604521217677085
1777385013.2605288,tb2,0.17329447890815747,0.6902767446473104
1777385013.2658536,tb7,0.18,-0.14330111813505422
1777385013.2737079,tb3,-0.09844587445765522,-1.5
1777385013.3023012,tb1,-0.06690840083578138,-0.6741209574804854
1777385013.3105319,tb2,-0.18,0.06649655642216927
1777385013.315914,tb7,0.18,-0.156015802280792
1777385013.3239307,tb3,-0.07693808607824573,-1.5
1777385013.3523424,tb1,-0.15386293779450455,-1.3217421578757824
1777385013.360544,tb2,-0.18,-0.11993750060377109
1777385013.3657556,tb7,0.18,-0.15585381791222125
1777385013.3735735,tb3,0.0020631827128961824,-1.5
1777385013.4023852,tb1,-0.18,-1.492873306830472
1777385013.41053,tb2,-0.18,-0.04604778145729225
1777385013.4158905,tb7,0.18,0.018024630975767234
1777385013.423555,tb3,0.11369895866676206,1.5
1777385013.4524508,tb1,0.18,1.314871515232631
1777385013.4605346,tb2,-0.18,-0.015878505968266156
1777385013.4659057,tb7,0.18,0.14289335158829594
1777385013.4736989,tb3,0.06733297430710238,1.5
1777385013.5023024,tb1,0.18,1.3801045167208705
1777385013.510494,tb2,-0.12454707493276529,0.17626039210805455
1777385013.5159051,tb7,-0.18,0.32514172772040734
1777385013.5235822,tb3,0.05509742413622562,1.5
1777385013.5524874,tb1,0.18,1.4799886718147486
1777385013.5605886,tb2,0.08999663268279152,0.39556609830385825
1777385013.565935,tb7,-0.18000000000000002,0.24096704116216203
1777385013.573673,tb3,0.04941825533653487,1.5
1777385013.602468,tb1,0.16528675023682987,1.5
1777385013.6104982,tb2,0.18,0.24533007374609409
1777385013.6161304,tb7,-0.18,0.22657134353747374
1777385013.6235316,tb3,0.0510712573369767,1.5
1777385013.6524017,tb1,0.14786607846339303,1.5
1777385013.6605783,tb2,0.18,0.21587280678198167
1777385013.6659198,tb7,-0.18,0.3018201527025366
1777385013.673594,tb3,0.05786742040999629,1.5000000000000002
1777385013.7022698,tb1,0.1331876385939784,1.5
1777385013.7105246,tb2,0.18,0.19606657613004233
1777385013.7159164,tb7,-0.17999999999999997,0.42905861535886014
1777385013.7236423,tb3,0.06895332370781788,1.4999999999999998
1777385013.7523186,tb1,0.12024633584043698,1.5
1777385013.7605333,tb2,0.18,0.19653480170469542
1777385013.765927,tb7,0.18,-0.04680484722168495
1777385013.7738054,tb3,0.0829628845452709,1.5
1777385013.8024473,tb1,0.11022472464201456,1.5
1777385013.8104832,tb2,0.18000000000000002,0.24542807819801565
1777385013.815871,tb7,0.18,-0.21411956885510852
1777385013.8235552,tb3,0.11510055884688691,1.5
1777385013.8523567,tb1,0.10190274091042018,1.5
1777385013.860533,tb2,0.18,0.3646775107739337
1777385013.8660605,tb7,0.18,-0.2590145426314503
1777385013.8738914,tb3,0.18,1.188985471195818
1777385013.9022887,tb1,0.09507385662572691,1.5
1777385013.9105823,tb2,-0.14000849340724186,0.14171370957368534
1777385013.9160404,tb7,0.18,-0.2618964857472941
1777385013.923694,tb3,-0.0414632759915227,-1.5
1777385013.9524193,tb1,0.08869605352138679,1.5
1777385013.9605355,tb2,-0.18,-0.016607258351394167
1777385013.9657946,tb7,0.18,-0.2596413942017102
1777385013.9737654,tb3,-0.09810905693517705,-1.5
1777385014.0023825,tb1,0.08731935411783937,1.5
1777385014.0105448,tb2,-0.18,-0.05971857691703011
1777385014.0158143,tb7,0.18,-0.2793155371605855
1777385014.023824,tb3,0.17999999999999997,1.1482914406871254
1777385014.0524101,tb1,0.09288928235484707,1.5
1777385014.0605268,tb2,-0.18,-0.04500929190082212
1777385014.065919,tb7,0.18,-0.22514246475962996
1777385014.073762,tb3,0.18,1.2469936366814562
1777385014.1022918,tb1,0.10105797986970114,1.5
1777385014.1105363,tb2,-0.18,-0.03593305503998664
1777385014.1159246,tb7,-0.0457427197360902,0.7528572873206187
1777385014.1236794,tb3,0.16062003107023798,1.5
1777385014.1524196,tb1,0.11539246787921145,1.5
1777385014.1605284,tb2,-0.18,-0.022862765351594285
1777385014.1657732,tb7,-0.18000000000000002,0.36849434863692054
1777385014.1737647,tb3,0.12444296549564317,1.5
1777385014.2023544,tb1,0.13073623173017002,1.5
1777385014.2105901,tb2,-0.18,0.008697291382462571
1777385014.2159107,tb7,-0.18,0.3262415903581513
1777385014.2236767,tb3,0.10198179220814016,1.5
1777385014.2524865,tb1,0.15016944750068734,1.5
1777385014.2605486,tb2,-0.0954372212751066,0.14693550125845906
1777385014.2658882,tb7,-0.18,0.3364697244711991
1777385014.273766,tb3,0.08465779521838042,1.5
1777385014.3022876,tb1,0.1746296081106251,1.5
1777385014.3106396,tb2,0.18,0.17421517257027525
1777385014.3159776,tb7,-0.18,0.36672689479559734
1777385014.3237555,tb3,0.07063275451776953,1.5
1777385014.352268,tb1,0.0974248334794044,0.6677690762263516
1777385014.3604996,tb2,0.18,0.121874840645804
1777385014.3659308,tb7,-0.18,0.4009301097713292
1777385014.3736825,tb3,0.061938837937474164,1.5
1777385014.4024534,tb1,-0.04106832960469297,-0.39967363517613286
1777385014.4105518,tb2,0.18,0.103027443895469
1777385014.4158604,tb7,-0.18000000000000002,0.5407668350335063
1777385014.4237394,tb3,0.06155564149455378,1.5
1777385014.4524467,tb1,-0.18,-1.182066339634543
1777385014.4604998,tb2,0.18,0.10723483273940926
1777385014.4660373,tb7,0.17999999999999997,-0.3834190006844895
1777385014.473811,tb3,0.06757385637661739,1.5
1777385014.502382,tb1,-0.18,-1.0925258430257272
1777385014.5105808,tb2,0.18,0.14275670465288298
1777385014.5159142,tb7,0.18,-0.4195965921944794
1777385014.5237434,tb3,0.07812506983613657,1.5
1777385014.552274,tb1,-0.18,-1.0642103161303067
1777385014.5605361,tb2,0.18,0.2813938464477305
1777385014.565784,tb7,0.18,-0.4637578883949425
1777385014.5737813,tb3,0.09196833344124258,1.5
1777385014.6022897,tb1,-0.18,-1.0618057170397985
1777385014.6105142,tb2,0.18,0.1592095197671955
1777385014.615885,tb7,0.18,-0.48374857629892465
1777385014.6236355,tb3,0.06544356230046881,-0.7885059913338545
1777385014.6524723,tb1,-0.18,-1.0812925039723942
1777385014.6606808,tb2,-0.00018051007665462616,0.1898699795110584
1777385014.6658869,tb7,0.18,-0.5029690002961845
1777385014.673671,tb3,-0.07077582347724354,-1.5
1777385014.7023835,tb1,-0.18000000000000002,-1.1088874308768701
1777385014.7104988,tb2,-0.18,0.04833283563167736
1777385014.715901,tb7,0.18,-0.5175639113736836
1777385014.7236912,tb3,-0.09725532745266849,-1.5
1777385014.7524738,tb1,-0.18,-1.17105757371713
1777385014.7604926,tb2,-0.18,0.007707242582438212
1777385014.7659247,tb7,0.18,-0.522939665234866
1777385014.7736645,tb3,-0.10341544075354357,-1.5
1777385014.8024337,tb1,-0.16679510394532002,-1.2526952210067785
1777385014.810637,tb2,-0.18000000000000002,0.07414693426051745
1777385014.815892,tb7,0.18,-0.49355296584687003
1777385014.8235679,tb3,0.14127686589253846,1.5
1777385014.8522844,tb1,0.18,0.6757748130375522
1777385014.8604581,tb2,-0.18,0.14468186029362673
1777385014.865907,tb7,0.18,-0.4463953774814696
1777385014.8739262,tb3,0.12231785936532893,1.5
1777385014.902273,tb1,0.18,0.7111929684833855
1777385014.9106705,tb2,0.07876987955173743,0.1840286244287066
1777385014.9160097,tb7,0.18,-0.36352804800626337
1777385014.9237134,tb3,0.10435659149983346,1.5
1777385014.9523523,tb1,0.18,0.7748759155276727
1777385014.960684,tb2,0.18,0.08904160349817374
1777385014.9658828,tb7,-0.18,0.5666089291230034
1777385014.9737124,tb3,0.08956059810596419,1.5
1777385015.0024643,tb1,0.18,0.8841008120732947
1777385015.0106356,tb2,0.18,0.05328750345213286
1777385015.0159106,tb7,-0.18,0.42444957879194634
1777385015.0239246,tb3,0.07691847424674109,1.5
1777385015.0523884,tb1,0.18,1.0479216034075924
1777385015.0605311,tb2,0.18,0.052714900213012506
1777385015.0658822,tb7,-0.18,0.3579763508303122
1777385015.0737107,tb3,0.07176127969847186,1.5
1777385015.1022918,tb1,0.18,1.2062089379468994
1777385015.1104639,tb2,0.18,0.07147654410412882
1777385015.1159701,tb7,-0.18000000000000002,0.2491116850931171
1777385015.123679,tb3,0.07389253945591188,1.5
1777385015.1524897,tb1,0.18,1.3866418053771676
1777385015.1604466,tb2,0.18,0.15767342474779522
1777385015.1658812,tb7,-0.18,0.14692469046333548
1777385015.1738322,tb3,0.08139386011923706,1.5
1777385015.2024052,tb1,0.17259911126545763,1.5
1777385015.2105155,tb2,-0.18,0.03188915207569994
1777385015.215796,tb7,-0.17999999999999997,0.10520324465106905
1777385015.2237175,tb3,0.09324123407492672,1.5
1777385015.2524028,tb1,0.15470696269684833,1.5
1777385015.260572,tb2,-0.18,0.006179747493422867
1777385015.265805,tb7,-0.18,0.03812645601102007
1777385015.2737792,tb3,0.11106046521697716,1.5
1777385015.3023164,tb1,0.14171898032210548,1.5
1777385015.3106337,tb2,-0.18,0.008533594192258995
1777385015.3160334,tb7,-0.18,0.08619904117114584
1777385015.3237646,tb3,0.13535867154874734,1.5
1777385015.3523827,tb1,0.13046777025837378,1.5
1777385015.3607275,tb2,-0.18,0.010323100641383238
1777385015.3658557,tb7,-0.18,0.06338715191868106
1777385015.3736975,tb3,0.17391408581783416,1.5
1777385015.4023354,tb1,0.12169116233669493,1.5
1777385015.4106686,tb2,-0.18,0.013044329151877266
1777385015.4159992,tb7,-0.18,0.11767013655545597
1777385015.4236765,tb3,0.17933263035766014,1.5000000000000002
1777385015.4523728,tb1,0.1138645040906746,1.5
1777385015.460447,tb2,-0.17999999999999997,0.030654001610958558
1777385015.4659712,tb7,-0.18,0.137000184524606
1777385015.4737062,tb3,0.18,1.0984239094446178
1777385015.5022883,tb1,0.10773478476070233,1.4999999999999998
1777385015.51041,tb2,-0.17999999999999997,0.07287768202316985
1777385015.515958,tb7,0.18,0.4089105032290466
1777385015.5236852,tb3,0.18,0.29501625418053185
1777385015.5523589,tb1,0.10269966304503775,1.5
1777385015.560699,tb2,0.09444805938922872,0.13451922552197787
1777385015.565945,tb7,0.18,0.02110090559738691
1777385015.5737672,tb3,-0.05195595448149552,-1.5
1777385015.6023417,tb1,0.098127530937515,1.5
1777385015.610462,tb2,0.18,0.05464899323704988
1777385015.6158617,tb7,0.18,-0.026039553740690162
1777385015.6234775,tb3,-0.17997301076790656,-1.5
1777385015.6523356,tb1,0.09310159316283524,1.5
1777385015.66063,tb2,0.18,0.027852441272789474
1777385015.6658704,tb7,0.18,0.6880867004129497
1777385015.673697,tb3,-0.18,-1.43192429788634
1777385015.702342,tb1,0.09293466456761855,1.5
1777385015.7104788,tb2,0.18,0.02563901017392201
1777385015.715858,tb7,0.02271140410799186,0.803250438297993
1777385015.723781,tb3,-0.17988691895510167,-1.5
1777385015.7523522,tb1,0.0984612452058983,1.5
1777385015.760694,tb2,0.18,0.04076816495354268
1777385015.7658594,tb7,-0.18,0.19448716120563483
1777385015.773746,tb3,-0.16700867431357888,-1.5
1777385015.8024096,tb1,0.10752799444976942,1.5
1777385015.8105845,tb2,0.18,0.02888478314435274
1777385015.815809,tb7,-0.18,0.10219813964232377
1777385015.823596,tb3,-0.15029694352526154,-1.4999999999999998
1777385015.8523717,tb1,0.1211560330200595,1.5
1777385015.8605323,tb2,0.18,0.04787029528604445
1777385015.8658888,tb7,0.18,-0.02306217203975004
1777385015.8739276,tb3,-0.14995461439178562,-1.5
1777385015.9022884,tb1,0.13744836933075114,1.5
1777385015.9105935,tb2,0.18,0.09727114076982989
1777385015.915922,tb7,0.18,-0.046792756343593915
1777385015.9237816,tb3,-0.13518129033691637,-1.5
1777385015.952352,tb1,0.1554332365333726,1.5
1777385015.9606388,tb2,-0.10127832148462461,0.133081226614927
1777385015.9658904,tb7,0.18,-0.012365933026489993
1777385015.9739463,tb3,-0.11962498059497952,-1.5000000000000002
1777385016.0023434,tb1,0.17716452297123556,1.5
1777385016.0106423,tb2,-0.18,0.08882736180928777
1777385016.0159175,tb7,0.18,-0.05047567328244363
1777385016.0236387,tb3,-0.0933546565010236,-1.5
1777385016.052384,tb1,0.18,1.351272407486277
1777385016.060655,tb2,-0.18,0.03352729493882942
1777385016.065931,tb7,0.18,-0.02464609029343054
1777385016.0737433,tb3,0.13446500844352288,1.5
1777385016.102279,tb1,0.12148367852087372,0.8150815498679715
1777385016.1104224,tb2,-0.18,0.03239814592894635
1777385016.1158905,tb7,0.18,-0.053982511452572664
1777385016.12377,tb3,0.11627161313811926,1.5
1777385016.1525226,tb1,-0.047346298885737166,-0.2670211179733537
1777385016.1606243,tb2,-0.18,0.05253751320081999
1777385016.1658843,tb7,0.18,-0.04112801593458235
1777385016.1737094,tb3,0.09991628776942484,1.5
1777385016.2022758,tb1,-0.18,-0.9523980042585125
1777385016.2105045,tb2,-0.1178428981597073,0.12914091774291198
1777385016.2158644,tb7,0.18,-0.04914108229673164
1777385016.2241533,tb3,0.08528165125270304,1.5
1777385016.2524254,tb1,-0.18,-0.8903671916788736
1777385016.2605858,tb2,0.18,0.085463372662592
1777385016.2659903,tb7,0.18,-0.046392404363432053
1777385016.273674,tb3,0.0771602131236789,1.4999999999999998
1777385016.3023074,tb1,-0.18,-0.8675840927563729
1777385016.3104596,tb2,0.18,0.030434361154664153
1777385016.3159542,tb7,0.18,-0.03692978278263966
1777385016.3237286,tb3,0.07694150382401717,1.5000000000000002
1777385016.3523843,tb1,-0.18,-0.865904456759232
1777385016.3604362,tb2,0.18,0.015872516117811396
1777385016.3659766,tb7,0.18,0.039311100051350883
1777385016.373641,tb3,0.08372362921020537,1.5
1777385016.4024417,tb1,-0.18,-0.8808980981878688
1777385016.410577,tb2,0.18,0.04499240116168392
1777385016.4159265,tb7,-0.18,0.3600342398363426
1777385016.4237096,tb3,0.09505977976590876,1.5
1777385016.4523726,tb1,-0.18000000000000002,-0.8592614809074925
1777385016.460664,tb2,0.18,0.06552063565721461
1777385016.4660509,tb7,-0.18,0.13662433365638785
1777385016.473782,tb3,0.10947973882588583,1.5
1777385016.5023754,tb1,-0.18,-0.9112480703863849
1777385016.5104537,tb2,0.10585308761889062,0.14721394735724827
1777385016.5159612,tb7,-0.18,0.09935171357224108
1777385016.5237687,tb3,0.12808095097617864,1.5
1777385016.552411,tb1,-0.17862608146540168,-0.9826709299669818
1777385016.560639,tb2,-0.18,0.08495151560334302
1777385016.5658684,tb7,-0.18,0.13131621581941874
1777385016.573939,tb3,0.15011112418818312,1.4999999999999998
1777385016.6022773,tb1,-0.06096319366587268,-0.5721155317830361
1777385016.610529,tb2,-0.18,0.028686685405648144
1777385016.6159196,tb7,-0.18000000000000002,0.14909649659708166
1777385016.6238341,tb3,0.18,1.4834101031234321
1777385016.6524093,tb1,0.18,0.5503032902437418
1777385016.660581,tb2,-0.18,0.020454508680349585
1777385016.6658783,tb7,-0.18,0.1964599041898572
1777385016.6735516,tb3,-0.08342862208989942,-1.5
1777385016.7022462,tb1,0.18,0.5602702103294623
1777385016.7104828,tb2,-0.18,0.02163352760377425
1777385016.7159636,tb7,-0.18,0.18023399988250366
1777385016.7237666,tb3,-0.129560439641847,-1.5
1777385016.7523165,tb1,0.18,0.6239704669821823
1777385016.7605371,tb2,-0.18,0.028745819415211555
1777385016.765914,tb7,-0.18,0.4560063685556633
1777385016.7737868,tb3,-0.15544501110022743,-1.5
1777385016.802362,tb1,0.18,0.7442465480028179
1777385016.8105721,tb2,-0.18,0.04497471328033897
1777385016.8160172,tb7,0.17999999999999997,-0.10869568753094323
1777385016.8237116,tb3,-0.15217310824681138,-1.5
1777385016.8523893,tb1,0.18,0.912638322825334
1777385016.8606272,tb2,-0.12905084452321686,0.1288906925202669
1777385016.86587,tb7,0.18,-0.2038447585483175
1777385016.8737016,tb3,0.18,0.6291214103026256
1777385016.9022956,tb1,0.18,1.0794231706007174
1777385016.910518,tb2,0.18,0.07731104639851236
1777385016.9157524,tb7,0.18,-0.19468290934241908
1777385016.9237013,tb3,0.18,1.0477943686575157
1777385016.9525907,tb1,0.18,1.2547626376301635
1777385016.9607692,tb2,0.18,0.017176900814854512
1777385016.965735,tb7,0.18,-0.29398473763260136
1777385016.9737349,tb3,0.18,1.3529819091629807
1777385017.002355,tb1,0.18,1.4548630321982978
1777385017.0105639,tb2,0.18,0.023788867362517927
1777385017.0159218,tb7,0.17999999999999997,-0.3031585844440565
1777385017.0237498,tb3,0.15779691449325678,1.5
1777385017.0524092,tb1,0.1625628820135024,1.5
1777385017.0605927,tb2,0.18,0.02849416289913188
1777385017.0658097,tb7,0.18,-0.31357426766383206
1777385017.0736938,tb3,0.1431825562891516,1.5
1777385017.1023595,tb1,0.14405212485254382,1.4999999999999998
1777385017.1105049,tb2,0.18,0.03719037787003094
1777385017.1160383,tb7,0.18,-0.32296137711950207
1777385017.1237295,tb3,0.11085659188656304,1.5
1777385017.1525068,tb1,0.12949743458302085,1.5
1777385017.1604986,tb2,0.18,0.07682224314060944
1777385017.166009,tb7,0.18,-0.3095373877373115
1777385017.173794,tb3,0.08976183866973411,1.5
1777385017.2023993,tb1,0.11741066777035596,1.5
1777385017.2106547,tb2,0.15759280068832948,0.13226018730824168
1777385017.215795,tb7,0.18,-0.25195625308185243
1777385017.2237506,tb3,0.07519864639721568,1.5
1777385017.2523174,tb1,0.10778123867742506,1.5
1777385017.2605393,tb2,-0.18,0.10531310174200906
1777385017.2660239,tb7,-0.18,0.3307845959364262
1777385017.273664,tb3,0.06836624780450955,1.5000000000000002
1777385017.3023834,tb1,0.10022745569406487,1.5
1777385017.310417,tb2,-0.18,0.03244229131276802
1777385017.3158886,tb7,-0.18,0.29522908724033126
1777385017.323801,tb3,0.06932627894071093,1.5
1777385017.3522673,tb1,0.09335152641551997,1.5
1777385017.360369,tb2,-0.18,0.01644176014051785
1777385017.3657079,tb7,-0.18,0.24679270223377903
1777385017.373681,tb3,0.07704513538544851,1.5
1777385017.4022708,tb1,0.08730326633076528,1.4999999999999998
1777385017.4104402,tb2,-0.18000000000000002,0.02260356337082866
1777385017.4159026,tb7,-0.18,0.2532112499791117
1777385017.423762,tb3,0.0892168766497955,1.5
1777385017.4524744,tb1,0.08722730352650045,1.5
1777385017.4604013,tb2,-0.18,0.033976191597108144
1777385017.4659784,tb7,-0.18,0.2707747379879978
1777385017.4736557,tb3,0.10388214211098117,1.5
1777385017.5023031,tb1,0.09207081655529335,1.5000000000000002
1777385017.5105686,tb2,-0.18,0.09706011380406847
1777385017.5158913,tb7,-0.18,0.2350664954919841
1777385017.5237703,tb3,0.12468256931468939,1.5
1777385017.552352,tb1,0.10071901656614424,1.5
1777385017.560503,tb2,0.11006777922809216,0.12338211226887288
1777385017.5659323,tb7,-0.17999999999999997,0.4238061929544113
1777385017.5737593,tb3,0.15636865269693262,1.5
1777385017.6023078,tb1,0.11216454926882709,1.5
1777385017.6106343,tb2,0.18,0.020642299309224867
1777385017.6159906,tb7,0.18,-0.23874347707884244
1777385017.6237757,tb3,0.18,1.1782908005715318
1777385017.6523225,tb1,0.1282844459936432,1.5
1777385017.6606665,tb2,0.18,0.004904530043789235
1777385017.6659489,tb7,0.18,-0.3213114007690292
1777385017.6737716,tb3,0.18,0.3326816855902961
1777385017.7023287,tb1,0.14552082042965386,1.5
1777385017.7104583,tb2,0.18,-0.005127981780094712
1777385017.715945,tb7,0.18,-0.3348861802399303
1777385017.7237394,tb3,-0.022331902846969943,-1.5
1777385017.752459,tb1,0.16518876212536232,1.5
1777385017.7607462,tb2,0.18,-0.002919763349745004
1777385017.7657995,tb7,0.18,-0.32719390435595735
1777385017.7737572,tb3,-0.1174014007074694,-1.5
1777385017.8022664,tb1,0.18,1.4495477163709114
1777385017.8105903,tb2,0.18,-0.0007108358795279247
1777385017.815996,tb7,0.18,-0.3189594433491655
1777385017.823707,tb3,-0.14376234267576418,-1.5
1777385017.8523443,tb1,0.18,1.2648009797975868
1777385017.860629,tb2,0.18,0.005656421697087684
1777385017.8658743,tb7,0.18,-0.3195041309878621
1777385017.8737543,tb3,-0.14581262821588054,-1.5
1777385017.902307,tb1,0.18,1.12968342898018
1777385017.9105515,tb2,0.18,0.03963867583318393
1777385017.9158623,tb7,0.18,-0.15790392353828162
1777385017.923746,tb3,-0.13183961851917178,-1.5
1777385017.952377,tb1,0.18,1.0494377913432955
1777385017.9609263,tb2,-0.05580501449375083,0.10440921325653023
1777385017.9657972,tb7,-0.18,0.6030819841089885
1777385017.97374,tb3,-0.11092330510690304,-1.5
1777385018.002275,tb1,0.18,0.9707396625399444
1777385018.0105922,tb2,0.08971547302192262,0.12708435548043082
1777385018.0159006,tb7,-0.18,0.36156439242930277
1777385018.023786,tb3,-0.05976269986741019,-1.5
1777385018.052382,tb1,0.03873798530869481,0.3599118507543112
1777385018.060426,tb2,-0.17999999999999997,0.061076253151143456
1777385018.0659387,tb7,0.18,-0.2078109560455233
1777385018.0737815,tb3,0.1587634220790847,1.5
1777385018.1024272,tb1,-0.18,-0.6225682784461318
1777385018.111261,tb2,-0.18,0.03745397409246078
1777385018.1159294,tb7,0.17999999999999997,-0.1249565302920452
1777385018.123721,tb3,0.13832022270510114,1.5
1777385018.1524968,tb1,-0.18,-0.623584350805805
1777385018.1606326,tb2,-0.18,0.03743881292241904
1777385018.1658216,tb7,0.18,-0.09962380747159856
1777385018.1738513,tb3,0.11981666476885645,1.5000000000000002
1777385018.2023096,tb1,-0.17999999999999997,-0.5846030519516684
1777385018.210484,tb2,-0.001817282228475339,0.10437049367621944
1777385018.215967,tb7,0.18000000000000002,0.03128809487251321
1777385018.2237782,tb3,0.10372749505328321,1.5
1777385018.252445,tb1,-0.15807570289629375,-0.39239133980007757
1777385018.2604127,tb2,0.18,0.06576581963109769
1777385018.2659893,tb7,-0.18,0.2777828531182118
1777385018.27372,tb3,0.09180822448709061,1.5
1777385018.3022985,tb1,-0.134826714704655,-0.349584570340294
1777385018.310463,tb2,0.18,0.016885146461480337
1777385018.3159552,tb7,-0.18,0.2164355471149072
1777385018.323634,tb3,0.0808427350628641,1.5
1777385018.3524652,tb1,-0.08610820303341801,-0.2693606034161939
1777385018.3604395,tb2,0.18,0.011110017305805428
1777385018.366019,tb7,-0.18000000000000002,0.19737040381198015
1777385018.3738213,tb3,0.07546827104781238,1.5
1777385018.4024658,tb1,0.04190244552604182,-0.027748370769846223
1777385018.4104998,tb2,0.18,-0.004827111459731779
1777385018.415963,tb7,-0.18,0.2138711521970898
1777385018.42376,tb3,0.07946035477330457,1.5
1777385018.4525104,tb1,0.09788567853581726,0.05885649475542211
1777385018.460517,tb2,0.18,0.017966794161628597
1777385018.4658053,tb7,-0.15638338310871608,0.6267565238463325
1777385018.473746,tb3,0.08842117036206323,1.5
1777385018.5022795,tb1,0.18,0.23441717974699178
1777385018.5104702,tb2,0.18,0.09415265247627001
1777385018.5159569,tb7,0.18,-0.12916710849472246
1777385018.5238247,tb3,0.1013164665718922,1.5
1777385018.5523481,tb1,0.18,0.2522441822972693
1777385018.5606341,tb2,-0.18,0.09013274960229853
1777385018.565851,tb7,0.18,-0.199659919869625
1777385018.5737586,tb3,0.11841465890383929,1.5
1777385018.6022682,tb1,0.14267397406091534,0.15980965819621995
1777385018.610515,tb2,-0.18,0.034697097643623435
1777385018.615797,tb7,0.18,-0.24952727068398617
1777385018.6238008,tb3,0.13892516855713458,1.5
1777385018.6524441,tb1,0.18,0.36627540990176266
1777385018.6606674,tb2,-0.18,0.03761716034842729
1777385018.665903,tb7,0.18,-0.2391660503723539
1777385018.6737926,tb3,0.16178292596144797,1.5
1777385018.7023275,tb1,0.18,0.338933486903447
1777385018.7105484,tb2,-0.18,0.047718157139553324
1777385018.7158957,tb7,0.18,-0.17679781139966871
1777385018.7236881,tb3,0.18,1.4013163450491581
1777385018.752325,tb1,0.18,0.2834314416947898
1777385018.7605846,tb2,-0.18,0.05835167076910879
1777385018.7658842,tb7,0.18,-0.29603212019541986
1777385018.7738414,tb3,0.18,1.1845128519551644
1777385018.802344,tb1,-0.03672459144693646,-0.13056582421430205
1777385018.810498,tb2,0.18,-2.8686796519181622e-05
1777385018.815789,tb7,-0.18,0.6273801267701092
1777385018.8238325,tb3,0.18,0.9482758609819335
1777385018.8524137,tb1,-0.18,-0.3412561274834409
1777385018.8605845,tb2,0.18,-0.016628758100395657
1777385018.8659415,tb7,-0.18,0.49777483779957865
1777385018.8738298,tb3,0.18,0.9286448615933215
1777385018.9024005,tb1,-0.18,-0.309143759227183
1777385018.9105752,tb2,0.18,-0.016954349243073142
1777385018.9158857,tb7,-0.18000000000000002,0.42316638909491167
1777385018.9238467,tb3,0.18,0.7311655049843004
1777385018.9524908,tb1,-0.18,-0.3078866088073497
1777385018.9608366,tb2,0.18,0.0009148396873822337
1777385018.9657652,tb7,-0.18,0.3013786247069717
1777385018.9738064,tb3,0.18,0.4211870546605903
1777385019.0022154,tb1,-0.18,-0.32779733040502645
1777385019.0104358,tb2,0.18,0.008939446380951338
1777385019.0157182,tb7,-0.18,0.14762794009982402
1777385019.0235863,tb3,0.11350429557663669,-0.4076583486568441
1777385019.0523338,tb1,0.18,0.3102386097064686
1777385019.0604982,tb2,0.18,0.029805333392004665
1777385019.0657995,tb7,-0.18,0.049224242097301314
1777385019.0738873,tb3,-0.18,-1.3771648411221347
1777385019.1023285,tb1,0.18,0.3320354685040631
1777385019.1104407,tb2,0.18,0.04651416240806854
1777385019.115965,tb7,-0.18,-0.00039565015384106537
1777385019.1236541,tb3,-0.18,-1.161203037038698
1777385019.15237,tb1,0.18000000000000002,0.3576816713438122
1777385019.1605482,tb2,0.18,0.07302355451636197
1777385019.1659157,tb7,-0.17999999999999997,-0.01740626795338182
1777385019.173677,tb3,-0.18,-1.0458301995797068
1777385019.202219,tb1,0.18,0.34978081693684576
1777385019.2104928,tb2,0.08642135027450236,0.18700463046960536
1777385019.2159004,tb7,-0.18,-0.014673531029335564
1777385019.2237587,tb3,-0.17999999999999997,-0.962485601241554
1777385019.2523248,tb1,0.18000000000000002,0.34373488487066667
1777385019.2605016,tb2,-0.18,0.05098485657368781
1777385019.2661085,tb7,-0.18,0.08129244560034371
1777385019.273854,tb3,-0.18,-1.0285208342421355
1777385019.3023157,tb1,0.18,0.3235289418139123
1777385019.3105464,tb2,-0.18,0.007021745600651036
1777385019.3158507,tb7,0.18,0.1278461224533274
1777385019.3236854,tb3,-0.18,-0.9387574646110833
1777385019.352428,tb1,0.18,0.2965987810654869
1777385019.3606648,tb2,-0.18,0.003592135448721325
1777385019.3659222,tb7,0.18,0.0918074134062735
1777385019.373715,tb3,-0.18,-0.8410277608479595
1777385019.4021947,tb1,0.18,0.2594833644991368
1777385019.4106693,tb2,-0.028049157026366876,0.17175806604298613
1777385019.415995,tb7,0.18,0.07355576171791148
1777385019.4236004,tb3,-0.18,-0.7459275471364515
1777385019.4523103,tb1,-0.18,-0.2696513420880648
1777385019.460717,tb2,0.18000000000000002,0.12093845797195225
1777385019.46588,tb7,-0.18000000000000002,0.008392138336754796
1777385019.4737165,tb3,0.18,-0.15113677053906116
1777385019.502332,tb1,-0.18,-0.24661939921013767
1777385019.5104518,tb2,0.18,0.06046130492533617
1777385019.5159464,tb7,-0.18,0.0026014675171683738
1777385019.5237422,tb3,0.18,-0.2761508598397683
1777385019.5523796,tb1,-0.18,-0.22536363980587604
1777385019.560711,tb2,0.18,0.04605273378492202
1777385019.5658429,tb7,-0.18,-0.003979537759516243
1777385019.5736513,tb3,0.18,-0.39060747001158036
1777385019.602321,tb1,-0.18,-0.22790528069675187
1777385019.6105728,tb2,0.18,0.029359603745958224
1777385019.6159265,tb7,-0.18,0.008420110381653871
1777385019.6236396,tb3,0.17999999999999997,-0.6769607206193032
1777385019.6523542,tb1,-0.18,-0.23734796961562712
1777385019.6605074,tb2,0.18,0.05488515346091124
1777385019.6658723,tb7,-0.18,0.047892212512858946
1777385019.6736515,tb3,0.18,-0.9631923476386585
1777385019.702306,tb1,-0.18,-0.25913952231855863
1777385019.7104924,tb2,0.18,0.0726638326087245
1777385019.7160285,tb7,0.18,0.5550867427712664
1777385019.7235844,tb3,-0.12332300455016654,-1.4323888536523002
1777385019.7525115,tb1,-0.1728579308819558,-0.29027329300738114
1777385019.7605994,tb2,0.18,0.10371381654491948
1777385019.7657373,tb7,0.18,0.07994942138222128
1777385019.773863,tb3,-0.18,-0.6253175229760212
1777385019.8023994,tb1,0.058505125303932023,0.03441694406893938
1777385019.8107033,tb2,0.18,0.23522489325505316
1777385019.8158998,tb7,0.18,0.06206141740690574
1777385019.8236353,tb3,-0.18,-0.42515083111297347
1777385019.852512,tb1,0.18,0.28184812412288085
1777385019.8606915,tb2,-0.18,0.07075468451671472
1777385019.8658955,tb7,0.18,0.058293359349413716
1777385019.8737934,tb3,0.06326435452635358,-1.232512954006072
1777385019.9026074,tb1,0.18,0.2933653791993062
1777385019.9104412,tb2,-0.18000000000000002,-0.006557722216488908
1777385019.9158547,tb7,0.18,0.04833021818076869
1777385019.923675,tb3,-0.06453497443328961,-1.3636630225401183
1777385019.9523773,tb1,0.18,0.31457278017007784
1777385019.9607077,tb2,-0.18,-0.020099057016431495
1777385019.965955,tb7,0.18,0.044116751703469285
1777385019.9737551,tb3,-0.10008840893787185,-1.3994463421489876
1777385020.0023956,tb1,0.18,0.3216080854504526
1777385020.0106528,tb2,-0.18,-0.024565940703761068
1777385020.0158927,tb7,0.18,0.043710831240311186
1777385020.023793,tb3,-0.1283931316924377,-1.3959986153897952
1777385020.0523095,tb1,0.18,0.33456636697030573
1777385020.0605855,tb2,-0.18,-0.022376978454830408
1777385020.0657527,tb7,0.18,0.03829865066514863
1777385020.0737107,tb3,0.18,-0.3273641130901894
1777385020.1022341,tb1,0.18,0.3200209859318448
1777385020.110541,tb2,-0.17999999999999997,-0.020800096575106394
1777385020.1159172,tb7,0.18,0.025867494905750982
1777385020.1235673,tb3,0.18,-0.2027542044649089
1777385020.1524272,tb1,0.18,0.29795509238133433
1777385020.1604893,tb2,-0.18,-0.021246288162774695
1777385020.1659088,tb7,0.18,0.05857606169576705
1777385020.1737077,tb3,0.18,-0.10804871493798548
1777385020.2022998,tb1,0.18,0.2674839325447323
1777385020.2104301,tb2,-0.18,-0.030762165295338567
1777385020.2159343,tb7,0.18000000000000002,0.2746209773732919
1777385020.2237706,tb3,0.18,-0.10857678207934929
1777385020.252209,tb1,0.18,0.2705081108208983
1777385020.260598,tb2,-0.17999999999999997,-0.032306324412468626
1777385020.2660012,tb7,0.18,0.016461997363424245
1777385020.273731,tb3,-0.05032238325637252,-1.2959741826127096
1777385020.30226,tb1,0.10009893777258354,0.15033027374693153
1777385020.3104293,tb2,-0.18,-0.026244139738437148
1777385020.3158042,tb7,0.18,-0.0057492881748389384
1777385020.3237736,tb3,-0.18,-0.9849258495589331
1777385020.3524137,tb1,-0.1553354592888218,-0.16162956475275198
1777385020.3605773,tb2,-0.18,-0.006522889792697623
1777385020.3659086,tb7,0.18,0.0056812358501909166
1777385020.3738246,tb3,-0.18,-0.6290874058323603
1777385020.4023495,tb1,-0.18,-0.17817208792899192
1777385020.4105332,tb2,-0.18,0.058248502689535825
1777385020.4160018,tb7,0.18,0.03202784358350838
1777385020.423686,tb3,-0.18,-0.633212613017564
1777385020.4523308,tb1,-0.18,-0.1594340604197466
1777385020.4605894,tb2,0.12809713402902195,0.16259263713546024
1777385020.4660442,tb7,-0.18,0.03344324150623396
1777385020.4737966,tb3,-0.18,-0.41504558308232437
1777385020.5023456,tb1,-0.18,-0.16340493262345285
1777385020.5105455,tb2,0.18,0.06437904838597631
1777385020.515777,tb7,-0.18,0.05282705335171436
1777385020.5236652,tb3,-0.18,-0.4621697320744787
1777385020.552297,tb1,-0.17263975428623363,-0.1743370064364203
1777385020.5604851,tb2,0.18,0.0659117766810911
1777385020.5659788,tb7,-0.18,0.03455666951142373
1777385020.573664,tb3,-0.18,-0.5185598805805126
1777385020.6023242,tb1,0.1300190579170319,0.12422418050656964
1777385020.6105254,tb2,0.18000000000000002,0.058523130195236577
1777385020.6159232,tb7,-0.18,0.026600667355587863
1777385020.623706,tb3,-0.18,-0.6035537104024241
1777385020.6522288,tb1,-0.056353507573986224,-0.0680790185210009
1777385020.6605322,tb2,0.17999999999999997,0.06528652962461443
1777385020.6659176,tb7,-0.18,0.03878792113281823
1777385020.6738167,tb3,-0.18,-0.47611021013884947
1777385020.7025821,tb1,0.18,0.20396050334626467
1777385020.7104783,tb2,0.18,0.07114991013135803
1777385020.7158895,tb7,-0.18,0.14895794973893697
1777385020.7237864,tb3,-0.18,-0.5198191790463326
1777385020.7522683,tb1,0.18,0.2126208060159074
1777385020.760581,tb2,0.18,0.06689312191848867
1777385020.765936,tb7,0.18,0.007376336773063305
1777385020.7738085,tb3,-0.18,-0.5807184751381724
1777385020.8024523,tb1,0.18000000000000002,0.2084100211040456
1777385020.8105042,tb2,0.18,0.0646945034747127
1777385020.815867,tb7,0.18,0.03045618238344142
1777385020.8236272,tb3,-0.18,-0.678402327342326
1777385020.8522615,tb1,-0.18,-0.2074022521507166
1777385020.8605895,tb2,0.18,0.0675411293708471
1777385020.8658688,tb7,0.18,-0.003799950516754496
1777385020.8737757,tb3,0.07731780238209489,-1.1144025091996617
1777385020.9022758,tb1,-0.18,-0.2031469780018121
1777385020.910566,tb2,0.18,0.09432380792789452
1777385020.9158053,tb7,0.18,-0.07528683235548332
1777385020.923716,tb3,0.18,-0.3022204725155899
1777385020.9522638,tb1,-0.18,-0.18895756529227883
1777385020.9604776,tb2,0.18,0.16633089672925847
1777385020.965978,tb7,0.18,-0.06279966125679037
1777385020.9734652,tb3,0.18,-0.039643346865333114
1777385021.0021975,tb1,-0.18000000000000002,-0.1907004638679354
1777385021.0105217,tb2,0.18,0.07618827732246414
1777385021.0158312,tb7,0.18,-0.09953408467177871
1777385021.0237763,tb3,0.18,0.02583239116440488
1777385021.0523307,tb1,-0.15586503732537357,-0.1786122788373679
1777385021.0605125,tb2,0.18,0.09452497618918236
1777385021.0659187,tb7,0.18,-0.015564349570629169
1777385021.0737743,tb3,0.18,0.2550236251329404
1777385021.1022484,tb1,0.03947774764754303,0.04699316368830976
1777385021.1104763,tb2,0.12722757006257235,0.26154382030663265
1777385021.1158798,tb7,-0.18,0.15459340102602925
1777385021.1237087,tb3,0.18,0.2292662048838314
1777385021.1522667,tb1,0.18000000000000002,0.2173533413851838
1777385021.1605449,tb2,-0.18,0.039332290782246225
1777385021.165862,tb7,-0.18,0.0938236237591145
1777385021.173749,tb3,0.18,0.18155829595507667
1777385021.2023323,tb1,0.18,0.22563430577321023
1777385021.2104528,tb2,-0.18,0.008107135815643176
1777385021.2159932,tb7,-0.18,0.1109542432115341
1777385021.2237825,tb3,0.18,0.0980357193377988
1777385021.252254,tb1,0.18,0.23384561336499196
1777385021.2604408,tb2,-0.18,0.008837532839466379
1777385021.265952,tb7,-0.18,0.3483919699254354
1777385021.2737749,tb3,0.18,0.18499098967721184
1777385021.3024402,tb1,0.18,0.2366522924150888
1777385021.3105397,tb2,-0.18,0.022122448532699263
1777385021.31589,tb7,0.18,-0.0088882853646179
1777385021.3236887,tb3,0.18,0.07622059006508837
1777385021.3525221,tb1,0.18,0.24308207083038572
1777385021.3605247,tb2,-0.18,0.040690328967226894
1777385021.3658981,tb7,0.18,-0.07244161402436135
1777385021.373761,tb3,0.17999999999999997,-0.17844501512526756
1777385021.4023373,tb1,0.09017764207889736,0.13194443436304937
1777385021.4104884,tb2,-0.16041190360378652,0.18146051881041014
1777385021.415794,tb7,0.18,-0.07933443714258973
1777385021.4238338,tb3,0.1021112109221365,-0.750251997191651
1777385021.4522393,tb1,0.18,0.21842642913932855
1777385021.460847,tb2,0.18,0.05265050980274195
1777385021.4657593,tb7,-0.18,0.1711531469552185
1777385021.4737108,tb3,-0.137963648913268,-1.3049487361721834
1777385021.502441,tb1,-0.04182775392732294,-0.03807778603845051
1777385021.5104444,tb2,0.18,0.0186577381342382
1777385021.5157628,tb7,-0.18,0.1679534766659053
1777385021.5235481,tb3,-0.18,-0.9328657990465761
1777385021.552268,tb1,-0.18,-0.16574943264371744
1777385021.560536,tb2,0.18,0.030167549621863913
1777385021.5657666,tb7,-0.18,0.07368705055214349
1777385021.5736988,tb3,-0.18,-0.7569290651157713
1777385021.602432,tb1,-0.18,-0.15353534788004747
1777385021.610487,tb2,0.18,0.05169266759003569
1777385021.6160316,tb7,-0.18,0.11096363075624081
1777385021.6237888,tb3,-0.18,-0.7169790504382771
1777385021.652253,tb1,-0.18,-0.15209169673217543
1777385021.660492,tb2,0.18,0.06658836693806994
1777385021.6657672,tb7,-0.18,0.18176407758288632
1777385021.6737564,tb3,-0.17999999999999997,-0.5325995161542407
1777385021.702257,tb1,-0.1419044541597561,-0.1251556825913699
1777385021.7105443,tb2,0.18,0.07313799912741212
1777385021.7157645,tb7,-0.18,0.17721667944292618
1777385021.7237656,tb3,-0.18000000000000002,-0.4763888206977099
1777385021.7523909,tb1,0.09281776142247146,0.08502525804985128
1777385021.760541,tb2,0.18,0.08829421428086874
1777385021.765854,tb7,-0.18,0.19168330474711767
1777385021.7737448,tb3,-0.18000000000000002,-0.40410717234231663
1777385021.8024633,tb1,0.18,0.1833610146132571
1777385021.8104904,tb2,0.17999999999999997,0.10395253877321381
1777385021.8159108,tb7,-0.18,0.2006237642263535
1777385021.8237472,tb3,-0.18,-0.3446209561268485
1777385021.8521597,tb1,0.18,0.2077484418163636
1777385021.8603866,tb2,0.18,0.18958723568564328
1777385021.8659444,tb7,0.18,-0.18728142064833297
1777385021.8737483,tb3,-0.18,-0.4879208438526166
1777385021.902316,tb1,0.18,0.21304799631404633
1777385021.9105456,tb2,-0.18,0.13134066749116122
1777385021.9158025,tb7,0.18,-0.20055572030073227
1777385021.92374,tb3,-0.18,-0.5170269451789123
1777385021.9523416,tb1,0.18,0.22084303801674016
1777385021.960665,tb2,-0.18000000000000002,0.00016097201070514568
1777385021.9658914,tb7,0.18,-0.2186011447467817
1777385021.9736009,tb3,-0.18,-0.9469874314625889
1777385022.0026681,tb1,0.18,0.22966009060308282
1777385022.0105982,tb2,-0.18,-0.012141293881760263
1777385022.015949,tb7,0.18,-0.22567009650105896
1777385022.0237803,tb3,-0.08958031991281272,-1.258283004253185
1777385022.0521994,tb1,-0.02494623967834521,0.0183583815593475
1777385022.0604897,tb2,-0.18,0.00718838522865702
1777385022.0661306,tb7,0.18,-0.22656581533230993
1777385022.0736742,tb3,0.18,-0.2531468437542175
1777385022.102445,tb1,-0.18,-0.15094202529003578
1777385022.1105433,tb2,-0.18,0.03330361968760541
1777385022.1157706,tb7,0.18,-0.2260732330148672
1777385022.1236553,tb3,0.18,-0.17102682597819924
1777385022.152365,tb1,-0.18,-0.14882424057128532
1777385022.1609528,tb2,-0.12022801203786661,0.20326090019033352
1777385022.165739,tb7,0.18,-0.22938962616044095
1777385022.1737165,tb3,0.18,-0.0890104197829875
1777385022.2023437,tb1,-0.18,-0.1474320904180954
1777385022.2104347,tb2,0.18,0.13232367686377033
1777385022.215887,tb7,0.18,-0.23232529075281824
1777385022.2236784,tb3,0.18000000000000002,-0.06229365276624447
1777385022.2522423,tb1,-0.18,-0.15940260856037758
1777385022.2604964,tb2,0.18,0.04656213872224639
1777385022.2657464,tb7,0.18,-0.22001633460862877
1777385022.2738192,tb3,0.18,-0.08809161408717159
1777385022.3024344,tb1,-0.18,-0.1681246289211603
1777385022.3104827,tb2,0.18,0.036910970926922686
1777385022.315891,tb7,0.18,-0.1983052796274176
1777385022.3236558,tb3,0.18,-0.11736702832434236
1777385022.3524792,tb1,-0.18,-0.17596921999848644
1777385022.3605855,tb2,0.18,0.06714620668767149
1777385022.3657486,tb7,0.18,-0.12928426974658286
1777385022.3737366,tb3,0.18,-0.207469000604208
1777385022.402414,tb1,-0.18,-0.18126523642648668
1777385022.4105573,tb2,0.18,0.10193193856416247
1777385022.4158988,tb7,0.18,-0.16845387646418483
1777385022.4237657,tb3,0.18,-0.4029554630465386
1777385022.4522605,tb1,0.08680810656410326,0.12089421560685355
1777385022.4605777,tb2,0.18,0.12492899666523491
1777385022.4660544,tb7,-0.18,0.3755753136058546
1777385022.4737425,tb3,-0.18,-0.8259394587106634
1777385022.5023272,tb1,0.18,0.23334869747217463
1777385022.5103767,tb2,0.18,0.1329470821916726
1777385022.5160446,tb7,-0.18,0.12660875273944283
1777385022.5237443,tb3,-0.18,-0.507040867084585
1777385022.5522258,tb1,0.18,0.23802787786068824
1777385022.5605917,tb2,0.18,0.1497586438847759
1777385022.5658038,tb7,-0.17999999999999997,0.08827971997126169
1777385022.5737789,tb3,-0.18,-0.39941656695000527
1777385022.6023636,tb1,0.18,0.26299310522111224
1777385022.6106,tb2,0.18,0.28621441553713994
1777385022.6158357,tb7,-0.18,0.12909391824179295
1777385022.6237278,tb3,-0.18,-0.2856598849662488
1777385022.6522293,tb1,0.18,0.26591665074135085
1777385022.6606276,tb2,-0.18,-0.015677289019304545
1777385022.665801,tb7,-0.18,0.12810123201521412
1777385022.673757,tb3,-0.18,-0.18562784065331273
1777385022.7023404,tb1,0.18,0.2701306309555044
1777385022.710526,tb2,-0.18,-0.033682025311467606
1777385022.7157638,tb7,-0.18,0.13700013026989327
1777385022.723753,tb3,-0.18,-0.10883464127249345
1777385022.752231,tb1,0.18,0.2714926678348634
1777385022.7604954,tb2,-0.18000000000000002,-0.03129941350600976
1777385022.7659972,tb7,-0.18,0.1769499763018335
1777385022.7737484,tb3,-0.18,-0.10796205785705598
1777385022.8025217,tb1,0.18,0.2612019009710594
1777385022.8105838,tb2,-0.18,-0.02313357090794408
1777385022.8158858,tb7,-0.18,0.17523680600503624
1777385022.8237484,tb3,-0.17999999999999997,-0.1919188699635402
1777385022.8523157,tb1,0.18,0.2667582432261951
1777385022.860487,tb2,-0.18,-0.00856073250077446
1777385022.865907,tb7,-0.18,0.19036038037458775
1777385022.8737736,tb3,0.18,-0.7721017062717629
1777385022.902315,tb1,0.18,0.2091460751734001
1777385022.9104946,tb2,-0.18,0.019842808309396665
1777385022.91592,tb7,-0.17999999999999997,0.24709716418909755
1777385022.9235537,tb3,0.17999999999999997,-0.5430808304517245
1777385022.952384,tb1,0.18,0.2216032326857922
1777385022.960556,tb2,-0.09014078256307062,0.2565418327462635
1777385022.9660444,tb7,0.18,-0.08483685119286041
1777385022.973911,tb3,0.18000000000000002,-0.4849482123804165
1777385023.0023496,tb1,-0.01704228979026698,0.05231133499353907
1777385023.0105312,tb2,0.18,0.16429485884344444
1777385023.0157473,tb7,0.18000000000000002,-0.18059784254642178
1777385023.0248706,tb3,0.18,-0.49808819849373265
1777385023.0521808,tb1,-0.18,-0.13812770762735896
1777385023.0606682,tb2,0.17999999999999997,0.0806503346104206
1777385023.0660071,tb7,0.18,-0.20350642566562552
1777385023.0738027,tb3,0.18,-0.5749092021967873
1777385023.1024678,tb1,-0.18,-0.11937343231823011
1777385023.1106353,tb2,0.18,0.06773232806322625
1777385023.1158624,tb7,0.18,-0.2117550250569682
1777385023.1236684,tb3,0.18,-0.6993542966164427
1777385023.15232,tb1,-0.18,-0.10660735925378793
1777385023.1606672,tb2,0.18,0.06954300796793514
1777385023.1657457,tb7,0.18,-0.1674854921241355
1777385023.1737022,tb3,0.18,-0.8755133171716993
1777385023.2024424,tb1,-0.18,-0.10629390515837918
1777385023.2107997,tb2,0.18,0.07673584066943588
1777385023.2158766,tb7,0.18,-0.20819657227419108
1777385023.2237847,tb3,0.18,-1.1002496081681523
1777385023.2527797,tb1,-0.18,-0.1127424234030262
1777385023.260606,tb2,0.18,0.08468370643267868
1777385023.26575,tb7,0.18,-0.2142435440598191
1777385023.2737763,tb3,0.18,-1.3228282531149302
1777385023.302272,tb1,-0.18,-0.11756731469171884
1777385023.3105786,tb2,0.18,0.09223109670684859
1777385023.3158617,tb7,0.18,-0.21489589955998098
1777385023.3237705,tb3,0.1736422645054605,-1.5
1777385023.3524158,tb1,-0.18,-0.11468373721353436
1777385023.360581,tb2,0.18,0.14085680239833365
1777385023.365986,tb7,0.18,-0.2033671921274297
1777385023.3738272,tb3,0.15097792080697303,-1.5
1777385023.4023848,tb1,-0.09538347004602907,-0.0423533917105626
1777385023.4105275,tb2,-0.07138866218507259,0.2675161622052872
1777385023.41586,tb7,0.18,-0.18993216635033985
1777385023.42362,tb3,0.13251382859236088,-1.5
1777385023.4522405,tb1,0.16536145172458036,0.18983415054099084
1777385023.4604943,tb2,-0.18,0.012032326838629061
1777385023.4657648,tb7,-0.18,0.19776880746086198
1777385023.4737449,tb3,0.11894353131207787,-1.5
1777385023.5022724,tb1,0.18,0.18643737153920154
1777385023.5104542,tb2,-0.18,0.012682309338658972
1777385023.5159192,tb7,-0.18,0.16712824121684955
1777385023.5238905,tb3,0.10748028783894341,-1.5
1777385023.552261,tb1,0.18,0.22362200597052037
1777385023.560519,tb2,-0.18,0.020573907544186813
1777385023.5657947,tb7,-0.18,0.09068282468653938
1777385023.5736825,tb3,0.09653251221892775,-1.5
1777385023.602246,tb1,0.18,0.26054491028024646
1777385023.6103377,tb2,-0.18,0.03189813781619493
1777385023.6157851,tb7,-0.18,0.1056992884174788
1777385023.6236858,tb3,0.08770059270029462,-1.5
1777385023.6521173,tb1,0.18,0.2893737588729683
1777385023.6606445,tb2,-0.18,0.02852457732585878
1777385023.665976,tb7,-0.18,0.12984173013967926
1777385023.6737313,tb3,0.08430682030404359,-1.5
1777385023.702507,tb1,0.18,0.31215618023697556
1777385023.710542,tb2,-0.18,0.038794549565753095
1777385023.7157454,tb7,-0.18,0.1454859295779328
1777385023.7237718,tb3,0.08717936257482613,-1.5
1777385023.7524724,tb1,0.18,0.30110711916381105
1777385023.7604914,tb2,-0.18,0.05969188113950178
1777385023.7657661,tb7,-0.18,0.16561081331179317
1777385023.7737415,tb3,0.09427406445712987,-1.5
1777385023.8023584,tb1,0.18,0.3010918710072153
1777385023.8105724,tb2,0.04451742752532234,0.2460188524203455
1777385023.8159263,tb7,-0.18,0.1802609029917729
1777385023.8236315,tb3,0.10508572497958574,-1.5
1777385023.8522353,tb1,0.17999999999999997,0.33623627991388017
1777385023.8605857,tb2,0.18,0.04413120688170372
1777385023.8659792,tb7,-0.18,0.17430587493093327
1777385023.8736753,tb3,0.12022044802268912,-1.5
1777385023.9023273,tb1,0.07632032516041384,0.28045744838355946
1777385023.9106383,tb2,0.18,0.027765918252576446
1777385023.915739,tb7,-0.18,0.1917017331659026
1777385023.9237716,tb3,0.1348371260338896,-1.5000000000000002
1777385023.9523532,tb1,-0.18,-0.017586871028818493
1777385023.9608614,tb2,0.18,0.02055678904263879
1777385023.9659574,tb7,-0.18,0.2158167105314128
1777385023.973738,tb3,0.1506562138297705,-1.5
1777385024.0023715,tb1,-0.18,-0.08110483574330031
1777385024.0105355,tb2,0.17999999999999997,0.021737507706189377
1777385024.0158336,tb7,0.04664807587369326,0.2052897365454548
1777385024.0235717,tb3,0.1663235534642779,-1.5
1777385024.0522475,tb1,-0.18,-0.07981335117923592
1777385024.0603962,tb2,0.18,0.025064471594529913
1777385024.0659292,tb7,0.18,-0.15400162807432968
1777385024.0737202,tb3,0.18,-1.4321490449082686
1777385024.1021843,tb1,-0.18,-0.09953353158263739
1777385024.1104715,tb2,0.18,0.0425380569791679
1777385024.11586,tb7,0.18,-0.20683367451779655
1777385024.1235912,tb3,0.18,-1.3489228629524093
1777385024.152161,tb1,-0.18,-0.09681414231175305
1777385024.1604712,tb2,0.18,0.052784614637758284
1777385024.1658204,tb7,0.18,-0.2379231808171812
1777385024.1735468,tb3,0.18,-1.2824863874915735
1777385024.2024803,tb1,-0.18,-0.09176268985511146
1777385024.2107372,tb2,0.18,0.09995941720812783
1777385024.2159834,tb7,0.18,-0.259420322536119
1777385024.2236865,tb3,0.18,-1.3080800955659384
1777385024.2522848,tb1,-0.18,-0.07273641303662122
1777385024.260487,tb2,0.18,0.07171322757349222
1777385024.2657793,tb7,-0.18000000000000002,0.30436913687454314
1777385024.2736511,tb3,0.18,-1.096285288379795
1777385024.3023682,tb1,0.18,0.16504620480477492
1777385024.3107858,tb2,0.18,0.12925299979349594
1777385024.3157554,tb7,-0.18,0.29709849694567564
1777385024.3237004,tb3,0.18,-1.1309604947206893
1777385024.3523803,tb1,0.18,0.16876059986124387
1777385024.360709,tb2,-0.18,0.16583501909561252
1777385024.3660088,tb7,-0.18,0.296090309539205
1777385024.373662,tb3,0.18,-1.2907723614978632
1777385024.4023466,tb1,0.18,0.18012845097764515
1777385024.4105895,tb2,-0.18,0.02676934445906141
1777385024.4159043,tb7,-0.18,0.29743162998821776
1777385024.423598,tb3,0.1417863057509428,-1.5
1777385024.4522061,tb1,0.17999999999999997,0.19501323338149007
1777385024.4604664,tb2,-0.18,0.016390209069146677
1777385024.4657826,tb7,-0.18,0.3071711756631887
1777385024.4737422,tb3,0.18,-1.1720779376125416
1777385024.502315,tb1,0.18,0.20120855035615834
1777385024.5104065,tb2,-0.18,0.025011791048685665
1777385024.5158308,tb7,-0.18,0.3296563525883503
1777385024.5233994,tb3,0.17069661142999323,-1.5
1777385024.5523682,tb1,0.18,0.2176190790904239
1777385024.5606434,tb2,-0.18,0.03024328102056211
1777385024.5659027,tb7,-0.18,0.3571192183491703
1777385024.5736334,tb3,0.06675996469794482,-1.5
1777385024.602429,tb1,0.18,0.23607022686755888
1777385024.6105835,tb2,-0.18,0.04200517338647442
1777385024.6157799,tb7,-0.18,0.3823365013975925
1777385024.6236691,tb3,-0.08567314822397624,-1.5
1777385024.6522782,tb1,0.18,0.23181998723603556
1777385024.6604984,tb2,-0.18000000000000002,0.07621487773096201
1777385024.665794,tb7,0.18000000000000002,-0.36380323638710327
1777385024.6737158,tb3,-0.033811784731922145,-1.4753264576064786
1777385024.7022629,tb1,0.18,0.2012644628608439
1777385024.7106588,tb2,-0.0033577024343874476,0.24395017050339463
1777385024.7158852,tb7,0.18,-0.42897387163132955
1777385024.7237737,tb3,-0.10235928603703416,-1.4354198422937756
1777385024.7524943,tb1,0.18,0.18253373657617056
1777385024.760644,tb2,0.18000000000000002,0.05423386738033279
1777385024.7658896,tb7,0.18,-0.39292028717005384
1777385024.7738833,tb3,-0.09411976332081334,-1.4051251265333566
1777385024.8023183,tb1,0.18,0.184861236535727
1777385024.8105826,tb2,0.18,0.0173390954361773
1777385024.8161604,tb7,0.18,-0.51123638367957
1777385024.8236742,tb3,-0.06067450033769457,-1.322828768616434
1777385024.852247,tb1,0.18,0.18954872451345312
1777385024.8605385,tb2,0.18,-0.0029194833712763214
1777385024.866431,tb7,0.18,-0.48446760906576
1777385024.8737724,tb3,-0.18,-1.0249585879914649
1777385024.9023914,tb1,0.18,0.19249871559953863
1777385024.910658,tb2,0.18,-0.002455515879819924
1777385024.9165618,tb7,-0.18,0.6010002749916333
1777385024.9237666,tb3,-0.18,-1.4258693862137988
1777385024.9522598,tb1,0.18,0.27209943478412063
1777385024.960645,tb2,0.18,0.01623767046457477
1777385024.9660113,tb7,-0.18,0.5670605816459457
1777385024.9736626,tb3,-0.09468201247508766,-1.42357460206298
1777385025.0023615,tb1,-0.08961959520189938,0.1936482417274704
1777385025.010547,tb2,0.18,0.032736855508341337
1777385025.016053,tb7,-0.18,0.49502893364583483
1777385025.0237317,tb3,0.02865803416879637,-0.9070818949128587
1777385025.0522606,tb1,-0.18,0.024609953930046093
1777385025.0605795,tb2,0.18,0.024233658921640287
1777385025.066102,tb7,-0.18,0.36499448191299766
1777385025.073723,tb3,0.18,0.5034678991741287
1777385025.1023219,tb1,-0.18,-0.0006463095225446823
1777385025.1105356,tb2,0.18,0.04993465254604829
1777385025.1160707,tb7,-0.18,0.21390183281460629
1777385025.1236238,tb3,0.18,0.697425997690146
1777385025.1522732,tb1,-0.18,-0.0024149036061774575
1777385025.1605334,tb2,0.1589036136107332,0.2695587050579711
1777385025.1657963,tb7,-0.18,0.11942114175152617
1777385025.1737144,tb3,0.18,0.8583556554945427
1777385025.2022662,tb1,-0.18,0.03397644943198582
1777385025.2106051,tb2,-0.18,0.08910002839185516
1777385025.2159228,tb7,-0.18,0.08058443785229982
1777385025.2237904,tb3,0.18,1.0205526467829151
1777385025.2523427,tb1,-0.18,0.11555130876179685
1777385025.2604885,tb2,0.18,0.09383062239058858
1777385025.266042,tb7,0.18,0.023891782552692486
1777385025.2737672,tb3,0.18,1.290596430346666
1777385025.3024738,tb1,0.18,0.08015536313243497
1777385025.3104467,tb2,0.14459118012047162,0.26219272221929085
1777385025.3160284,tb7,0.18,0.03643472609201326
1777385025.3237689,tb3,0.18,1.4369151033011118
1777385025.352459,tb1,0.18,0.058021231086792135
1777385025.360644,tb2,0.18,0.21454145105486722
1777385025.3659174,tb7,0.18,0.002915652856264879
1777385025.3738306,tb3,0.17016221144792734,1.5
1777385025.4022558,tb1,0.18,0.053171036205359956
1777385025.4105327,tb2,0.017596748011361144,0.26840751864852486
1777385025.416024,tb7,0.18,0.028946801093491754
1777385025.423588,tb3,0.15399178875104624,1.4999999999999998
1777385025.4522882,tb1,0.18,0.05295560824270135
1777385025.460402,tb2,-0.18,0.09262307321752526
1777385025.4658718,tb7,0.18,0.013442673239059282
1777385025.4738438,tb3,0.14021965941355174,1.5
1777385025.5023477,tb1,0.18,0.06666543117937454
1777385025.5105789,tb2,-0.18,0.04391449102248262
1777385025.515744,tb7,0.18,0.02037686431966251
1777385025.5237179,tb3,0.1301671337521868,1.5
1777385025.5523212,tb1,0.18,0.08526149360326303
1777385025.560522,tb2,-0.18,0.047505880553355896
1777385025.565802,tb7,0.18,-0.008430655400904841
1777385025.573817,tb3,0.122365869173089,1.5
1777385025.6023593,tb1,0.18,0.1036859673289276
1777385025.6105585,tb2,-0.18,0.07113868961886026
1777385025.615877,tb7,0.18,0.020583067941823456
1777385025.6236403,tb3,0.11604790874548186,1.5
1777385025.6523097,tb1,0.17999999999999997,0.12208069349682842
1777385025.6604888,tb2,0.18,0.25361288195435416
1777385025.6658833,tb7,0.18,0.0036396890144077703
1777385025.673666,tb3,0.11137189490188631,1.5
1777385025.702353,tb1,0.18,0.17754396971882652
1777385025.7105165,tb2,0.18,0.047019258913864055
1777385025.7159226,tb7,0.18,0.022312527284327137
1777385025.723704,tb3,0.10707146655864361,1.5
1777385025.7523777,tb1,0.011649486672150681,0.2575094641495051
1777385025.7606585,tb2,0.18,0.017802039765412794
1777385025.7658901,tb7,0.18,-0.0005768396266522532
1777385025.7737498,tb3,0.10339275236520452,1.5
1777385025.8024964,tb1,-0.17999999999999997,0.11579038918426994
1777385025.8106353,tb2,0.18,0.01361696300772614
1777385025.8160472,tb7,0.18000000000000002,0.0458145174645834
1777385025.8236856,tb3,0.09982121811754027,1.5
1777385025.8523977,tb1,-0.18,0.06320964652419468
1777385025.8604844,tb2,0.18,-0.005427469945784309
1777385025.8660142,tb7,0.17999999999999997,-0.013123099743879442
1777385025.8737292,tb3,0.09796523524614914,1.5
1777385025.902457,tb1,-0.18,0.0992688350388974
1777385025.910654,tb2,0.18,0.009397105825000808
1777385025.9158192,tb7,-0.18,0.36746277695633944
1777385025.9236746,tb3,0.10011839425970671,1.5
1777385025.9523675,tb1,-0.18000000000000002,0.12638857433214215
1777385025.9607072,tb2,0.18,0.018246586873226556
1777385025.9657323,tb7,-0.18,0.06762772333840882
1777385025.9737754,tb3,0.10643306120601544,1.4999999999999998
1777385026.0024116,tb1,-0.08722012034154668,0.2196756648377609
1777385026.010732,tb2,0.18,0.05626421322719269
1777385026.0159707,tb7,-0.18,0.05749901438158156
1777385026.0237355,tb3,0.11477392596532933,1.5000000000000002
1777385026.05232,tb1,0.18,0.135732378343798
1777385026.0603473,tb2,0.18000000000000002,0.04992560989500619
1777385026.0659962,tb7,-0.18,0.07310792387885903
1777385026.0736954,tb3,0.12957682745862156,1.4999999999999998
1777385026.102273,tb1,0.18,0.027347039786652094
1777385026.1104903,tb2,0.18,0.07017938574026193
1777385026.11603,tb7,-0.18,0.06051771320125233
1777385026.1237662,tb3,0.14749152749569178,1.5
1777385026.1523702,tb1,0.18,-0.015268020051648117
1777385026.1604364,tb2,0.09978382705460521,0.3217177915427496
1777385026.1660557,tb7,-0.18,0.44815206486529857
1777385026.1737263,tb3,0.16858648672719603,1.5
1777385026.202241,tb1,0.18,-0.027234882191180476
1777385026.2105432,tb2,-0.18,0.04400433364339409
1777385026.2160335,tb7,0.18,0.02572380388825765
1777385026.223749,tb3,0.18,1.3944298361614003
1777385026.2524345,tb1,0.18,-0.02696720934507409
1777385026.2605276,tb2,-0.18,-0.0014934125150000619
1777385026.265971,tb7,0.18,0.002889985604770308
1777385026.273872,tb3,0.18,1.2736546393566994
1777385026.3023648,tb1,0.18,-0.06308815534522
1777385026.3105295,tb2,-0.17999999999999997,0.019885698069624418
1777385026.315809,tb7,0.18,-0.03394359569079116
1777385026.3238592,tb3,0.18,1.1417903635783844
1777385026.3524058,tb1,0.18,-0.06076742149543138
1777385026.360576,tb2,-0.17999999999999997,0.019501122791374215
1777385026.3658357,tb7,0.18,-0.08460884763654582
1777385026.3738203,tb3,0.18,1.0285111485986889
1777385026.4023578,tb1,-0.05089624939979397,0.1065371528347739
1777385026.410677,tb2,-0.18,0.021747425964342204
1777385026.4159935,tb7,0.18,-0.03100973899174808
1777385026.423751,tb3,0.18,0.9244019755014501
1777385026.452263,tb1,-0.18,0.1559285084651715
1777385026.4604826,tb2,0.18,0.05923782109391107
1777385026.466046,tb7,-0.18,0.09772650686528642
1777385026.4737747,tb3,0.18,0.8552572273955136
1777385026.5024955,tb1,0.0027297776900632644,0.06379301299877359
1777385026.5104914,tb2,0.18,0.02230814990918036
1777385026.5159526,tb7,-0.18,0.14153541159895613
1777385026.5236773,tb3,0.18,0.7736154382950002
1777385026.5525165,tb1,-0.013787883586271105,0.06993037585775613
1777385026.560504,tb2,0.18,0.02344731795092967
1777385026.5660045,tb7,-0.18,0.15184657327409404
1777385026.573821,tb3,0.18,0.7075153402688286
1777385026.6024005,tb1,0.03775000196669968,0.02884669137069469
1777385026.6105425,tb2,0.18,0.034374844247149546
1777385026.6158178,tb7,-0.18,0.1457875402070259
1777385026.6237328,tb3,0.18,0.6313785789528675
1777385026.652354,tb1,0.08059131299756739,-0.008353222555891127
1777385026.660366,tb2,0.18,0.02508575075541782
1777385026.6659486,tb7,-0.18,0.08583920896432307
1777385026.6738143,tb3,0.18000000000000002,0.5420171574647659
1777385026.702324,tb1,0.18,-0.13694082300041394
1777385026.7107046,tb2,0.18,0.0362827595682742
1777385026.7160022,tb7,-0.18,0.16848815030213513
1777385026.7238503,tb3,0.17157440465745152,0.37705894903582393
1777385026.7523432,tb1,0.18,-0.13629659639049435
1777385026.7607205,tb2,0.18,0.08114030602925851
1777385026.7660065,tb7,-0.18,0.1964283718945741
1777385026.7737164,tb3,0.005732927768022235,-0.19296090728603205
1777385026.802349,tb1,0.18000000000000002,-0.1294145572792794
1777385026.810653,tb2,0.18,0.10482117649695552
1777385026.8159816,tb7,-0.18,0.19474169873682812
1777385026.8237238,tb3,-0.14770808095984392,-0.6498939307733527
1777385026.8522873,tb1,0.18,-0.12766005230277605
1777385026.8603866,tb2,0.18,0.10114219263528709
1777385026.865948,tb7,-0.18,0.20157510907470952
1777385026.8736734,tb3,0.08144467823012996,0.08456212645840705
1777385026.9023623,tb1,0.18,-0.12542955743431336
1777385026.9105284,tb2,0.18,0.12698077718943737
1777385026.9159384,tb7,-0.18,0.21249457235979402
1777385026.9237018,tb3,0.02271894580028696,-0.08390419289682105
1777385026.9524624,tb1,0.18,-0.10793426665824933
1777385026.9606562,tb2,0.18,0.21040859979188853
1777385026.965919,tb7,-0.18,0.22395930906626077
1777385026.9736347,tb3,0.04281000410043328,-0.013140060593146326
1777385027.002442,tb1,0.17999999999999997,-0.09236509088943191
1777385027.010702,tb2,-0.18,0.23425824807191045
1777385027.0159621,tb7,-0.18,0.24763000556111234
1777385027.0238185,tb3,0.03739245785019989,-0.013913461598560033
1777385027.0524442,tb1,0.18,-0.07344870629001857
1777385027.0604668,tb2,-0.17999999999999997,0.011541842673468874
1777385027.0658135,tb7,-0.18,0.25481947164724805
1777385027.0737193,tb3,0.18,0.5259913204288958
1777385027.1024842,tb1,0.18,-0.06867720354019406
1777385027.1106799,tb2,-0.18,-0.018285366412877008
1777385027.116058,tb7,-0.18,0.28190616828746323
1777385027.1237588,tb3,0.18,0.5398064520265567
1777385027.1522703,tb1,0.18,-0.04167777632463825
1777385027.1606846,tb2,-0.18,0.0023890479006054995
1777385027.1660495,tb7,-0.18,0.37487317311763313
1777385027.1738884,tb3,0.18,0.5682130703897423
1777385027.2024803,tb1,0.04762147642971443,0.05344263317059024
1777385027.210645,tb2,-0.18,0.03633257710694833
1777385027.2159922,tb7,0.18,-0.24855138485583367
1777385027.2237732,tb3,0.18,0.6259965781991174
1777385027.2524729,tb1,-0.18,0.10033356702712523
1777385027.2605846,tb2,0.18,0.09162765910696677
1777385027.265955,tb7,-0.06504693164967566,0.5441335254969824
1777385027.2738044,tb3,0.18,0.672719468227326
1777385027.3028858,tb1,-0.18000000000000002,0.09515234685905592
1777385027.3106081,tb2,0.18,0.07849919402122578
1777385027.3159983,tb7,0.17999999999999997,-0.3561425114727271
1777385027.3237555,tb3,0.18,0.7196946684028096
1777385027.3524292,tb1,-0.18,0.08742825064838738
1777385027.3606763,tb2,0.18,0.06365907602304442
1777385027.3657901,tb7,0.18,-0.39770386117924705
1777385027.3736837,tb3,0.18,0.7956930908738254
1777385027.402347,tb1,-0.18,0.1147550336162118
1777385027.4104414,tb2,0.18,0.09381382583077665
1777385027.4158237,tb7,0.18000000000000002,-0.4166614811679681
1777385027.42398,tb3,0.18,0.8840492733847989
1777385027.4524214,tb1,0.03357128353478,0.08860704279273901
1777385027.4605606,tb2,0.18,0.10224904649021344
1777385027.4657905,tb7,-0.1065041121646997,0.6344502659527704
1777385027.4736667,tb3,0.18,0.9774248616716198
1777385027.5024173,tb1,0.18,-0.03617462803662773
1777385027.510664,tb2,0.18,0.10083654747396414
1777385027.5159855,tb7,-0.18,0.5089878151937602
1777385027.5236487,tb3,0.18,1.0727536301161966
1777385027.5524662,tb1,0.18,-0.05306264022232874
1777385027.5606964,tb2,0.18,0.12090593524609307
1777385027.565856,tb7,-0.18,0.4875249530109351
1777385027.573711,tb3,0.18,1.1676435435822001
1777385027.602383,tb1,0.18,-0.05385030317458225
1777385027.6106572,tb2,0.18,0.1518416539151279
1777385027.6158447,tb7,-0.18,0.5024280570999439
1777385027.6236322,tb3,0.18,1.2708288634758376
1777385027.6524785,tb1,0.18000000000000002,-0.05332075788176955
1777385027.6605601,tb2,0.18,0.16268005830260224
1777385027.665961,tb7,-0.18000000000000002,0.4926954572773756
1777385027.673539,tb3,0.18,1.3218207252262295
1777385027.7023463,tb1,0.18,-0.05260513798675583
1777385027.7105293,tb2,0.18,0.1612094020527073
1777385027.7159739,tb7,-0.18,0.5118271034605684
1777385027.7238986,tb3,0.18,1.3931315791667243
1777385027.7524602,tb1,0.18,-0.04181028097453475
1777385027.760535,tb2,0.18,0.14524060159140006
1777385027.7658799,tb7,-0.18,0.49577793338212445
1777385027.7737637,tb3,0.18,1.4775586402125558
1777385027.802453,tb1,0.18,-0.014344991220373129
1777385027.8105865,tb2,0.18,0.1567142117783619
1777385027.8158798,tb7,-0.18,0.7541931415713883
1777385027.823744,tb3,0.17348097416499894,1.5
1777385027.8523712,tb1,0.09115353688781018,0.07001099058623393
1777385027.8603938,tb2,0.18,0.1313629701144742
1777385027.8658757,tb7,-0.18,0.583463789134605
1777385027.87375,tb3,0.17967111923180723,1.5
1777385027.9024742,tb1,0.18,0.024768676883264684
1777385027.910667,tb2,0.18000000000000002,0.12428999942926361
1777385027.9157665,tb7,0.18,-0.31454072032698627
1777385027.9238453,tb3,0.17291501381821206,1.5
1777385027.9523365,tb1,-0.0977469252821676,0.12325078430778243
1777385027.9605618,tb2,0.18,0.1367396050604603
1777385027.9659436,tb7,0.18,-0.49260096731984493
1777385027.974729,tb3,0.16701550882497807,1.5
1777385028.0024168,tb1,-0.18,0.08160659076685875
1777385028.010692,tb2,0.18,0.1838583247547199
1777385028.0159607,tb7,0.18,-0.5257263445189057
1777385028.0237193,tb3,0.1614664267259943,1.5
1777385028.0524395,tb1,-0.18000000000000002,0.07875368603575954
1777385028.0606542,tb2,0.18,0.11582491080376622
1777385028.065975,tb7,0.18,-0.5278333712471369
1777385028.0736425,tb3,0.1671476996503505,1.5
1777385028.1025906,tb1,-0.13879905779591276,0.12368322766593373
1777385028.1105888,tb2,0.18000000000000002,0.14925617589262372
1777385028.1159754,tb7,0.18,-0.49459307301317207
1777385028.1237612,tb3,0.16418380282347392,1.5
1777385028.1524184,tb1,0.07454962891354446,0.047628819266995755
1777385028.1606605,tb2,0.18,0.429834269578394
1777385028.1657565,tb7,0.18,-0.48431707382144507
1777385028.1735969,tb3,0.16203105922950267,1.5
1777385028.2022254,tb1,0.18,-0.035883020417690134
1777385028.210597,tb2,-0.18,0.10061821006538763
1777385028.215928,tb7,0.10997954416175135,0.13603624887302368
1777385028.2235687,tb3,0.15974034375525015,1.5
1777385028.2523787,tb1,0.18,-0.050459660334771804
1777385028.2604554,tb2,0.18000000000000002,0.16323377255798965
1777385028.2658694,tb7,-0.18,0.563264159966873
1777385028.273712,tb3,0.15824015579908798,1.5
1777385028.3023198,tb1,0.17999999999999997,-0.054400617288930656
1777385028.3106546,tb2,0.17109990446452797,0.6225492950626831
1777385028.3158906,tb7,-0.18,0.563264159966873
1777385028.3237283,tb3,0.15637337671702706,1.5
1777385028.3522813,tb1,0.18,-0.04215898622269749
1777385028.3605118,tb2,-0.15375395016782867,0.5302228064496509
1777385028.366003,tb7,-0.18,0.48542461017217053
1777385028.3736768,tb3,0.15514408841324803,1.5
1777385028.4027262,tb1,0.15167064006693465,0.010033165587124129
1777385028.410518,tb2,-0.18,0.15915212088274477
1777385028.4160447,tb7,-0.18,0.48542461017217053
1777385028.4237509,tb3,0.15385745127928682,1.5
1777385028.4523633,tb1,-0.18,0.13909902485811873
1777385028.4605794,tb2,-0.18,0.40477310310822573
1777385028.465891,tb7,-0.18,0.353388685009317
1777385028.473747,tb3,0.1629385669013857,1.5
1777385028.502431,tb1,0.04108914961149252,0.06532350039338225
1777385028.5104918,tb2,-0.007585584658351516,0.4963898236551393
1777385028.5159254,tb7,-0.18,0.12428302859890866
1777385028.5236943,tb3,0.16224081646817234,1.5
1777385028.552248,tb1,-0.17008974969837212,0.13082099016048887
1777385028.5604455,tb2,0.18,0.07075931254970146
1777385028.5660026,tb7,-0.18,0.11781060909089278
1777385028.573703,tb3,0.16248898098697642,1.5
1777385028.603403,tb1,-0.12388133961523547,0.11245376403477825
1777385028.6105125,tb2,0.18,-0.037610984392295474
1777385028.6157985,tb7,-0.18,0.06925366284509099
1777385028.6237578,tb3,0.16157983441359075,1.5
1777385028.6523683,tb1,-0.09080703436207237,0.09830419075040256
1777385028.660439,tb2,0.18,-0.12243218972037957
1777385028.6657834,tb7,-0.18,0.04923801036603255
1777385028.673693,tb3,0.16053834939650166,1.4999999999999998
1777385028.7022607,tb1,0.16193885529033158,-0.011444261296075318
1777385028.7104406,tb2,0.18,-0.12607292248067345
1777385028.716075,tb7,-0.18,0.038480817762982976
1777385028.723901,tb3,0.15855663209889406,1.5
1777385028.7523046,tb1,0.18,-0.06817213200029383
1777385028.7607136,tb2,0.18,-0.12017529262542143
1777385028.7659175,tb7,-0.18,0.04497945217816798
1777385028.7737033,tb3,0.15724215202062494,1.5
1777385028.802332,tb1,0.18,-0.08556690766262504
1777385028.8106453,tb2,0.18,-0.11254320835235389
1777385028.8160036,tb7,-0.18,0.06153789470494011
1777385028.8237565,tb3,0.15547020342288073,1.5
1777385028.8523192,tb1,0.18,-0.08157124167721283
1777385028.8606417,tb2,0.18,-0.07242450927533743
1777385028.8659475,tb7,-0.18,0.1167431926256281
1777385028.8737364,tb3,0.15777725208540025,1.5000000000000002
1777385028.9023416,tb1,0.18,-0.07503009296290164
1777385028.9110005,tb2,0.18,0.09339987980872876
1777385028.9157784,tb7,-0.18,0.2627501415363457
1777385028.9237494,tb3,0.15641536647951373,1.5
1777385028.952283,tb1,0.18,-0.05004663050451883
1777385028.960652,tb2,-0.18,0.21196019660154033
1777385028.96575,tb7,0.18,0.05787625712727238
1777385028.9737167,tb3,0.15557002768139738,1.5
1777385029.002255,tb1,-0.08269508565773113,0.08416757130463824
1777385029.0105267,tb2,-0.18000000000000002,0.15077372144891396
1777385029.0160124,tb7,0.18,-0.015198010132198946
1777385029.023697,tb3,0.15473783735743113,1.4999999999999998
1777385029.0522597,tb1,-0.18,0.09306334313573368
1777385029.0605836,tb2,-0.18,0.15981211011856797
1777385029.0658135,tb7,0.18,-0.04016074578047132
1777385029.0736034,tb3,0.16076152233372423,1.5
1777385029.1034486,tb1,-0.18,0.09162533293315137
1777385029.1106505,tb2,-0.18,0.15272818546042843
1777385029.1158662,tb7,0.18,-0.03829786174990193
1777385029.1237128,tb3,0.16044121307523823,1.5
1777385029.1528678,tb1,-0.18,0.0924632592424805
1777385029.16053,tb2,-0.18,0.18528648270619796
1777385029.166022,tb7,0.17999999999999997,-0.021465246557484573
1777385029.1736474,tb3,0.159804449301264,1.5
1777385029.2031317,tb1,-0.18,0.10476896487696043
1777385029.2104335,tb2,-0.18,0.2732717265686063
1777385029.2157924,tb7,0.18,0.05243293726274124
1777385029.2238412,tb3,0.15863402712456456,1.5
1777385029.2522917,tb1,0.012293310402263656,0.04012951744674538
1777385029.2606406,tb2,0.18,-0.10959157851906329
1777385029.2659953,tb7,-0.18,0.3752049734841639
1777385029.273711,tb3,0.1569671203918666,1.5
1777385029.302362,tb1,0.18,-0.06389017142356686
1777385029.3106492,tb2,0.18,-0.1333849180998665
1777385029.3160875,tb7,-0.18,0.15861187724612008
1777385029.3237717,tb3,0.15609704533539076,1.5
1777385029.352356,tb1,0.18,-0.09491931079877357
1777385029.3606353,tb2,0.18,-0.16051329776115264
1777385029.3659248,tb7,-0.18000000000000002,0.1647916846264079
1777385029.373725,tb3,0.1552359058551347,1.5
1777385029.402325,tb1,0.18,-0.09359217941734888
1777385029.4106274,tb2,0.18,-0.16857160663561072
1777385029.4159784,tb7,-0.18,0.1845666270495958
1777385029.4237697,tb3,0.15423393778575814,1.5
1777385029.4522247,tb1,0.18,-0.08733777797520231
1777385029.4604933,tb2,0.18,-0.1544044801789887
1777385029.4659731,tb7,-0.18,0.2138477572943562
1777385029.4737687,tb3,0.14793779766973392,1.5
1777385029.5024176,tb1,0.18,-0.08081849286861283
1777385029.5105731,tb2,0.18,-0.12991056499574125
1777385029.5160034,tb7,-0.18,0.25091193208875595
1777385029.5236943,tb3,0.14734321485923693,1.5
1777385029.5523639,tb1,0.18,-0.06751271481255414
1777385029.5604982,tb2,0.18,-0.11324464650594764
1777385029.5659225,tb7,0.18,0.4874784415456798
1777385029.5737035,tb3,0.14737495547718105,1.5
1777385029.6023722,tb1,-0.04705862078822454,0.06051617078791657
1777385029.6106062,tb2,0.18,0.014127236271417267
1777385029.615844,tb7,0.18,-0.0889244486065192
1777385029.6237361,tb3,0.14706902935087873,1.5
1777385029.6522954,tb1,-0.18,0.09706611073110841
1777385029.6603796,tb2,0.18,-0.05132538479897946
1777385029.6659594,tb7,0.18,-0.15272188325995964
1777385029.6737487,tb3,0.1487128923766956,1.5
1777385029.7022617,tb1,-0.18,0.09066498675050798
1777385029.7105365,tb2,-0.17434907333123542,0.4879752087440802
1777385029.715771,tb7,0.18,-0.10191789552684542
1777385029.7236464,tb3,0.1486512397989675,1.5
1777385029.752292,tb1,-0.18,0.09214372480076528
1777385029.7605298,tb2,-0.18,0.1800875286445363
1777385029.7659168,tb7,0.18,-0.09106501936111547
1777385029.7735898,tb3,0.14886242141186448,1.5
1777385029.80237,tb1,-0.18,0.10525041100039186
1777385029.8105326,tb2,-0.18,0.15129234097344277
1777385029.815899,tb7,0.18000000000000002,-0.08665631545697187
1777385029.8239162,tb3,0.14894099165131763,1.5
1777385029.852358,tb1,-0.010909356601631944,0.04186615137268714
1777385029.8606317,tb2,0.18,-0.0015218146037601257
1777385029.8658504,tb7,0.18,0.01987151034572996
1777385029.8736687,tb3,0.15386060533516993,1.5
1777385029.9022772,tb1,0.18,-0.07889489502003995
1777385029.9106593,tb2,0.17999999999999997,-0.1026414691658848
1777385029.915964,tb7,-0.18,0.2723544478917659
1777385029.9237041,tb3,0.15391552091498245,1.5
1777385029.952306,tb1,0.18,-0.09458309152381472
1777385029.9606316,tb2,0.18,-0.13859602301490506
1777385029.9658911,tb7,-0.18,0.223506153698872
1777385029.9738076,tb3,0.154159318277253,1.5
1777385030.0022507,tb1,0.18,-0.09561160534255946
1777385030.010504,tb2,0.18,-0.13406692138114384
1777385030.0159135,tb7,-0.18000000000000002,0.15870367852621106
1777385030.023787,tb3,0.15405136817509726,1.5
1777385030.052395,tb1,0.18,-0.09206942238519905
1777385030.060648,tb2,0.18,0.024459311266535708
1777385030.0658846,tb7,-0.18,0.20272818819445076
1777385030.073633,tb3,0.14739330358649466,1.5
1777385030.102411,tb1,0.18,-0.08026414637669578
1777385030.1105006,tb2,-0.18,0.27492059691899423
1777385030.115889,tb7,-0.17999999999999997,0.16435793073410115
1777385030.1237512,tb3,0.146737802851762,1.5
1777385030.1523836,tb1,0.18,-0.07526043344181217
1777385030.160696,tb2,-0.18,0.19116449062366359
1777385030.1659946,tb7,-0.18,0.2375044676671223
1777385030.173885,tb3,0.14647519253987512,1.5
1777385030.2024343,tb1,0.11355984703416266,-0.012495780507793377
1777385030.210538,tb2,-0.18,0.18036413379325927
1777385030.215809,tb7,-0.18,0.2798877099285233
1777385030.223751,tb3,0.1461827593633397,1.5
1777385030.2522328,tb1,-0.18,0.11081369563083045
1777385030.2605243,tb2,-0.18,0.20887242354733376
1777385030.2657938,tb7,0.18,0.007246249084614671
1777385030.2743607,tb3,0.15050172401058706,1.5
1777385030.302508,tb1,-0.18,0.09685074221850556
1777385030.3105729,tb2,-0.18,0.27135935388985777
1777385030.3160875,tb7,0.18,-0.08524603947358565
1777385030.323598,tb3,0.15077441034294753,1.5000000000000002
1777385030.3522732,tb1,-0.18,0.08701022041912325
1777385030.3606577,tb2,-0.09333565364450665,0.36878354165409966
1777385030.3660002,tb7,0.18,-0.22535762937149176
1777385030.3737519,tb3,0.1503563502548648,1.5
1777385030.4023733,tb1,-0.18,0.09242647719239273
1777385030.4104168,tb2,0.18,-0.17657322846176504
1777385030.415888,tb7,0.18,-0.238235974784
1777385030.4237788,tb3,0.15016404934128794,1.5000000000000002
1777385030.4523451,tb1,-0.12673320838996258,0.08401717210422098
1777385030.460535,tb2,0.18,-0.23282413190694326
1777385030.4657903,tb7,0.18,-0.22882799458697714
1777385030.4737415,tb3,0.15339993536141286,1.5
1777385030.5023422,tb1,0.18,-0.06722222659679294
1777385030.5105927,tb2,0.18,-0.24565718810575654
1777385030.5158024,tb7,0.18,0.21038293497121593
1777385030.5237668,tb3,0.15303861898368953,1.5
1777385030.5522957,tb1,0.18,-0.08778557229733323
1777385030.5604753,tb2,0.18,-0.24977911976254932
1777385030.566018,tb7,-0.18,0.35574192891194395
1777385030.5737681,tb3,0.15271672321966534,1.5
1777385030.6024127,tb1,0.18,-0.08950820148396718
1777385030.6106522,tb2,0.18,-0.24607118380473214
1777385030.6158972,tb7,-0.18,0.3266892251382521
1777385030.6236598,tb3,0.15226895011936553,1.5
1777385030.6523705,tb1,0.18,-0.09065790802730561
1777385030.6606786,tb2,0.18,-0.23486571642192203
1777385030.665792,tb7,-0.18,0.3149231701644131
1777385030.6742558,tb3,0.14462046953937266,1.5000000000000002
1777385030.7023308,tb1,0.18,-0.09007249230774098
1777385030.7106552,tb2,0.17999999999999997,-0.22395513665770062
1777385030.7159686,tb7,-0.18,0.3260716554006819
1777385030.7237256,tb3,0.1438200557098356,1.5
1777385030.7522993,tb1,0.18,-0.07632599163167204
1777385030.760509,tb2,0.18,-0.1990252447440144
1777385030.7659788,tb7,-0.18,0.31176889142425257
1777385030.773712,tb3,0.1432679603285802,1.5
1777385030.8023229,tb1,0.02465504574177327,0.025615817614477843
1777385030.8106995,tb2,0.18,-0.14809426805859882
1777385030.8159485,tb7,-0.18,0.3937675286870526
1777385030.8238027,tb3,0.1430300625340642,1.5
1777385030.8522654,tb1,-0.18,0.09195924438852737
1777385030.8605745,tb2,0.18,-0.12385650476784128
1777385030.8658056,tb7,-0.17999999999999997,0.48038995303928966
1777385030.8735788,tb3,0.1475024979784793,1.5000000000000002
1777385030.9022615,tb1,0.18,-0.049851485345899345
1777385030.9106536,tb2,-0.18,0.24829413133123998
1777385030.9159594,tb7,0.18,-0.04627621259280624
1777385030.9236915,tb3,0.14801254804784422,1.5000000000000002
1777385030.952423,tb1,0.18,-0.0527876314966467
1777385030.9605474,tb2,-0.18,0.17313294354510947
1777385030.965981,tb7,0.18,-0.37153337454454
1777385030.973711,tb3,0.1482356848687628,1.5000000000000002
1777385031.0024998,tb1,0.17999999999999997,-0.05300522475203911
1777385031.0106392,tb2,-0.18,0.15484872362129018
1777385031.0160534,tb7,0.17999999999999997,-0.4395077316361372
1777385031.0236628,tb3,0.14844009586678816,1.4999999999999998
1777385031.0524282,tb1,0.18,-0.05595679992853852
1777385031.0604599,tb2,0.18,-0.013379292213826758
1777385031.0658052,tb7,0.18,-0.4672393310527026
1777385031.0735667,tb3,0.14850522888237286,1.4999999999999998
1777385031.1023586,tb1,0.18,-0.05210864263175851
1777385031.110711,tb2,0.18,-0.11305936566790432
1777385031.1159196,tb7,0.18,-0.46244028810319887
1777385031.123708,tb3,0.15684063916673574,1.5
1777385031.1523197,tb1,0.17999999999999997,-0.051338785062987224
1777385031.160469,tb2,0.18,-0.14326029822253145
1777385031.1659153,tb7,0.18,-0.4533590707426965
1777385031.1738238,tb3,0.15707765634090873,1.5
1777385031.2022593,tb1,0.18,-0.04644337376297725
1777385031.2105231,tb2,0.18,-0.15566985537548217
1777385031.2158527,tb7,0.18,-0.26206443061495444
1777385031.2235422,tb3,0.15749079399203061,1.5
1777385031.2524343,tb1,0.17999999999999997,-0.022895007747977023
1777385031.260515,tb2,0.18,-0.1429499031456938
1777385031.265932,tb7,-0.18,0.5933327117951778
1777385031.2736816,tb3,0.1538593468402349,1.5
1777385031.3024735,tb1,-0.17999999999999997,0.040217509045878876
1777385031.310705,tb2,0.18,-0.10604596593353788
1777385031.3160145,tb7,-0.18,0.5217562114644876
1777385031.3237972,tb3,0.1533470414675749,1.5000000000000002
1777385031.3523943,tb1,-0.17999999999999997,0.03651736177543098
1777385031.3605833,tb2,0.025652929790400215,0.20104089638083353
1777385031.3659928,tb7,-0.18,0.46056767992999437
1777385031.3737185,tb3,0.1525447745346816,1.5000000000000002
1777385031.4023204,tb1,-0.18,0.033683578535215454
1777385031.410575,tb2,-0.18,0.1772286577774999
1777385031.4159825,tb7,-0.18,0.3267052095408423
1777385031.4237294,tb3,0.15163714119720786,1.4999999999999998
1777385031.4522748,tb1,-0.18,0.03461962989208081
1777385031.4604442,tb2,0.18,-0.08049302012652056
1777385031.465971,tb7,-0.18,0.21280126225241233
1777385031.4735734,tb3,0.1507575269336486,1.4999999999999998
1777385031.5021544,tb1,-0.18,0.037998505204022134
1777385031.510405,tb2,0.18,0.09697905912353488
1777385031.5159974,tb7,-0.18,0.09463571515120017
1777385031.5234575,tb3,0.14851400530094924,1.5
1777385031.5522363,tb1,-0.18,0.042362631669764984
1777385031.5603845,tb2,0.18,0.03340397599381403
1777385031.5658493,tb7,-0.18,0.03657115481880233
1777385031.5736248,tb3,0.14751606740580173,1.5000000000000002
1777385031.6022582,tb1,-0.18,0.04740770887244493
1777385031.6103969,tb2,-0.113013949525716,0.29224886809831907
1777385031.6159148,tb7,-0.18,0.007154287380153517
1777385031.6235783,tb3,0.146891269098704,1.4999999999999998
1777385031.6523569,tb1,-0.18,0.0681653254770472
1777385031.6605334,tb2,-0.18,0.13913714303614944
1777385031.6658375,tb7,-0.18,0.004858632468372026
1777385031.6736405,tb3,0.14607110751284924,1.5
1777385031.7023187,tb1,0.12191198009336375,0.07051332698823609
1777385031.7104971,tb2,-0.18,0.14300973963920457
1777385031.7158346,tb7,-0.18,0.0076932260049495434
1777385031.7239387,tb3,0.15044314236890938,1.5
1777385031.752304,tb1,0.18,0.008156891393881618
1777385031.7604072,tb2,-0.18,0.16241813373568464
1777385031.76585,tb7,-0.18,0.06854235113197597
1777385031.7736924,tb3,0.15042733568324065,1.5
1777385031.8021705,tb1,0.18,-0.01053043219579347
1777385031.8104165,tb2,-0.18,0.1714849975677054
1777385031.8160107,tb7,0.17999999999999997,0.2419114239273976
1777385031.823753,tb3,0.15029144141071615,1.5
1777385031.8524282,tb1,0.18,-0.0045176040947627165
1777385031.8604167,tb2,-0.18,0.24277141927247636
1777385031.8659303,tb7,0.18,0.07668610206033583
1777385031.8737006,tb3,0.14971259053961522,1.5
1777385031.902286,tb1,-0.18,0.09388727546352223
1777385031.9106512,tb2,0.18,-0.12621584520288945
1777385031.9159226,tb7,0.18000000000000002,0.08066086576108292
1777385031.9236364,tb3,0.15943960012954583,1.5
1777385031.9522567,tb1,-0.18,0.061719059977929515
1777385031.9605484,tb2,0.17999999999999997,-0.17157455100638083
1777385031.965873,tb7,0.18,0.0678292817490271
1777385031.9737525,tb3,0.159004620597352,1.5
1777385032.0023432,tb1,-0.18,0.049178858550085434
1777385032.0106065,tb2,0.18000000000000002,-0.17804869574308077
1777385032.015871,tb7,0.18,0.08173185612124559
1777385032.0235088,tb3,0.15878125581101213,1.5
1777385032.0523455,tb1,-0.18,0.05230305947319224
1777385032.0605166,tb2,0.18,-0.17789150560628125
1777385032.0657396,tb7,0.18,0.2389572430779033
1777385032.0736225,tb3,0.1581469738805819,1.5
1777385032.102333,tb1,-0.18000000000000002,0.07949110547797317
1777385032.1105728,tb2,0.18,-0.16814842166348243
1777385032.115809,tb7,-0.18000000000000002,0.12798711612802938
1777385032.1236482,tb3,0.15668717959099815,1.5
1777385032.1523015,tb1,-0.05130621560274532,0.10865309022854042
1777385032.160506,tb2,0.17999999999999997,-0.1434912659001766
1777385032.165794,tb7,-0.18,0.10704411388845589
1777385032.1734788,tb3,0.15606883465153654,1.5
1777385032.2022605,tb1,0.18,0.04110999360689538
1777385032.2105815,tb2,-0.012205448958752035,0.21842330682403271
1777385032.2160423,tb7,-0.18,0.10459686963412257
1777385032.2236814,tb3,0.15499487592017885,1.5
1777385032.2524393,tb1,0.18,-0.013168334530524857
1777385032.2605677,tb2,-0.18,0.17849232973028892
1777385032.2659514,tb7,-0.18,0.11304528226959533
1777385032.2736912,tb3,0.15369309092029804,1.5
1777385032.3023505,tb1,0.18,-0.02821469282877133
1777385032.3105044,tb2,-0.18,0.1581308687411168
1777385032.3158898,tb7,-0.18000000000000002,0.12740829591656652
1777385032.3237891,tb3,0.14997479105975625,1.5
1777385032.3523543,tb1,0.18,-0.017087978173884313
1777385032.3604739,tb2,-0.18,0.15750729444701236
1777385032.3659952,tb7,-0.18,0.1492172315526496
1777385032.3735487,tb3,0.14901891501423087,1.5
1777385032.4023716,tb1,0.18000000000000002,0.003689083351746633
1777385032.4105618,tb2,-0.18,0.15939506710724927
1777385032.4157677,tb7,-0.18,0.33885186750099705
1777385032.423709,tb3,0.14836242397203478,1.5000000000000002
1777385032.4523191,tb1,0.18,0.018996730530481287
1777385032.4605863,tb2,-0.18,0.1694319832280173
1777385032.4658942,tb7,0.18,0.011237960971552725
1777385032.473635,tb3,0.14794355518160235,1.5
1777385032.5023222,tb1,0.18,0.08988236483767274
1777385032.510537,tb2,-0.18,0.1807394048126616
1777385032.5157704,tb7,0.18,-0.06850334514086077
1777385032.5236654,tb3,0.1525845751654369,1.5
1777385032.5523272,tb1,-0.12408268901559598,0.1342965366820471
1777385032.5604818,tb2,-0.18,0.20530541390918086
1777385032.5659254,tb7,0.18,-0.10832930479266924
1777385032.5737078,tb3,0.1526674698639271,1.5
1777385032.6023304,tb1,-0.18,0.06555866334275964
1777385032.610464,tb2,-0.18,0.2611436243115905
1777385032.6158729,tb7,0.18,-0.12091053678402457
1777385032.623762,tb3,0.15302949397261603,1.5
1777385032.652295,tb1,-0.18,0.06438893299284118
1777385032.6605744,tb2,0.18,-0.19479456223705532
1777385032.665929,tb7,0.18,-0.11331461809533361
1777385032.6738815,tb3,0.1527145529049572,1.5
1777385032.7023165,tb1,-0.18,0.07481516752791295
1777385032.7104597,tb2,0.18,-0.21692207608682557
1777385032.7158668,tb7,0.18,-0.024882112824158562
1777385032.723569,tb3,0.1570967579478566,1.5
1777385032.7522845,tb1,-0.18,0.08428772911148738
1777385032.7604148,tb2,0.18,-0.25436408649761394
1777385032.7657354,tb7,-0.18,0.3443071194380651
1777385032.7735333,tb3,0.1567118256936579,1.5
1777385032.8022633,tb1,-0.1546801663137776,0.13878832307735778
1777385032.8103547,tb2,0.18,-0.27997124836511106
1777385032.8157408,tb7,-0.18,0.19063350897143688
1777385032.823711,tb3,0.15595753495147355,1.5
1777385032.8523242,tb1,0.10486552934475347,0.052492242942505
1777385032.8605793,tb2,0.18,-0.2776370570811112
1777385032.865892,tb7,-0.18,0.21061856903097748
1777385032.8735678,tb3,0.1553912263629509,1.5
1777385032.9022863,tb1,0.18,-0.04384645036254201
1777385032.9104369,tb2,0.18,-0.2826155439493681
1777385032.9158823,tb7,0.18,-0.1758201729261697
1777385032.923712,tb3,0.14489246487949217,1.5
1777385032.9522767,tb1,0.18,-0.04860812179487209
1777385032.9604719,tb2,0.18,-0.27978703680062955
1777385032.9659321,tb7,0.18,-0.18410445934793507
1777385032.973639,tb3,0.14373617053891238,1.4999999999999998
1777385033.0023513,tb1,0.18000000000000002,-0.03638545679081935
1777385033.010504,tb2,0.18,-0.26161507887066054
1777385033.0159838,tb7,0.18,-0.19348717088545636
1777385033.0236237,tb3,0.1429802597355133,1.5
1777385033.0523236,tb1,0.18,-0.021828970210371248
1777385033.060499,tb2,-0.18,0.28198122538275416
1777385033.0658746,tb7,0.18,-0.1930336720403007
1777385033.0737047,tb3,0.1425608311004469,1.5000000000000002
1777385033.1023293,tb1,0.18,-0.007547303812925249
1777385033.110509,tb2,-0.18,0.23182873306377577
1777385033.1159387,tb7,0.18,-0.14747797458638154
1777385033.123789,tb3,0.14359445711696364,1.5000000000000002
1777385033.1523242,tb1,0.18,0.007042692331107502
1777385033.1603897,tb2,-0.18,0.20715967695299123
1777385033.1660125,tb7,0.18,-0.18331747608694143
1777385033.1738043,tb3,0.14337997855414789,1.5
1777385033.202354,tb1,0.18,0.06812306829674833
1777385033.2103925,tb2,-0.18,0.21033488398186626
1777385033.2159407,tb7,0.18,-0.1613355179119512
1777385033.2235973,tb3,0.14341080423233535,1.5
1777385033.2523608,tb1,-0.07753216908772659,0.14107613532702962
1777385033.2604387,tb2,0.09535335294017795,-0.008397705931479007
1777385033.2659018,tb7,0.18,-0.21588683109389484
1777385033.2736385,tb3,0.1435972248277025,1.4999999999999998
1777385033.3022075,tb1,-0.18,0.11310214169874049
1777385033.3105,tb2,0.18,-0.2105203024774576
1777385033.3159258,tb7,0.18,-0.15334174823981273
1777385033.3237011,tb3,0.14403543638085026,1.5
1777385033.3523405,tb1,-0.18,0.07559270987053238
1777385033.3604825,tb2,0.18,-0.22879822567441577
1777385033.3658748,tb7,0.18,-0.18275556773142415
1777385033.373637,tb3,0.14435047698143183,1.5
1777385033.402269,tb1,-0.18,0.07795133444458761
1777385033.410495,tb2,0.18,-0.23164540482636273
1777385033.4158437,tb7,0.18,-0.13923516705185285
1777385033.4237115,tb3,0.14420839944064645,1.5000000000000002
1777385033.452329,tb1,-0.18,0.09230361771025827
1777385033.4604762,tb2,0.18,-0.22092443705180925
1777385033.4657955,tb7,0.18,-0.13511497244153511
1777385033.4735966,tb3,0.14408534491867045,1.5
1777385033.5022814,tb1,-0.16232473801100117,0.15325557468815038
1777385033.5103626,tb2,0.18,-0.19892668732030333
1777385033.5157864,tb7,0.18,-0.10916625587562422
1777385033.5237474,tb3,0.1343575466498758,1.5
1777385033.5525122,tb1,0.10756370365507827,0.06835183265468706
1777385033.560427,tb2,0.18,-0.1779595893697644
1777385033.5657856,tb7,0.18,-0.11169001788393898
1777385033.5738187,tb3,0.1338586007132464,1.5
1777385033.6022508,tb1,0.18,-0.03823729429498129
1777385033.610446,tb2,0.18,-0.10143390393708783
1777385033.615971,tb7,0.07577505589884515,0.4615695422743231
1777385033.623801,tb3,0.13375101753840762,1.5
1777385033.6522815,tb1,0.18,-0.0667694453858242
1777385033.6603115,tb2,-0.18000000000000002,0.18581641461579457
1777385033.6657205,tb7,-0.18,0.19733402569020422
1777385033.6736193,tb3,0.13397495472011633,1.5
1777385033.7021568,tb1,0.18,-0.0855317288289911
1777385033.7102807,tb2,-0.18,0.161212157052252
1777385033.715802,tb7,-0.18,0.13804551491251724
1777385033.7236345,tb3,0.12572884895651015,1.5
1777385033.7522788,tb1,0.18,-0.08348061000701244
1777385033.760431,tb2,-0.18,0.14411004701585328
1777385033.7660694,tb7,-0.18,0.1803846350865134
1777385033.7736843,tb3,0.12597739282581683,1.5
1777385033.8023372,tb1,0.18,-0.06961507751184885
1777385033.8105175,tb2,-0.18,0.13067764195148507
1777385033.8157976,tb7,-0.18,0.1606422988925023
1777385033.823746,tb3,0.12631935154590673,1.5
1777385033.85242,tb1,0.18,-0.05130133247806692
1777385033.8604875,tb2,-0.18,0.12485902570186846
1777385033.8658557,tb7,-0.18,0.20210003860328932
1777385033.8738217,tb3,0.12677698880511387,1.5
1777385033.9022672,tb1,0.18,-0.026331286573417063
1777385033.9104888,tb2,-0.18,0.10978971348422918
1777385033.9159138,tb7,-0.18,0.2773318004521614
1777385033.9237466,tb3,0.1298374717130674,1.5
1777385033.9522672,tb1,-0.12439387896003233,0.12895505593157353
1777385033.960496,tb2,-0.18,0.0926111650407785
1777385033.9658952,tb7,-0.18,0.31972305865469014
1777385033.9737482,tb3,0.13073938314024222,1.5
1777385034.0022745,tb1,-0.18,0.10587968815513152
1777385034.010497,tb2,-0.18,0.07956495130539143
1777385034.0159743,tb7,-0.18,0.37929255041091753
1777385034.023685,tb3,0.13131657652192702,1.5
1777385034.0522122,tb1,-0.18,0.08675767803213141
1777385034.060439,tb2,-0.18,0.07527197236452715
1777385034.0658696,tb7,-0.18,0.4122759844386811
1777385034.0736773,tb3,0.13213397263793042,1.5
1777385034.102342,tb1,0.18,-0.07173921417811026
1777385034.1104832,tb2,-0.18,0.07424342347137199
1777385034.1158552,tb7,-0.18,0.44274234316443684
1777385034.1237812,tb3,0.13451017320071706,1.5
1777385034.1523633,tb1,0.18,-0.07977451254013873
1777385034.1604905,tb2,-0.18,0.08237832481196655
1777385034.1659002,tb7,-0.18,0.4719200402581421
1777385034.1736798,tb3,0.1352404454033489,1.5
1777385034.2022662,tb1,0.18,-0.08074333467315768
1777385034.2104943,tb2,-0.18,0.08570453679357913
1777385034.2157845,tb7,-0.18,0.5032092127064659
1777385034.2237725,tb3,0.13599776927724389,1.5
1777385034.252339,tb1,0.18,-0.08308414780302777
1777385034.2605128,tb2,-0.18,0.09575205826855708
1777385034.2658186,tb7,-0.18,0.542801698733821
1777385034.2737527,tb3,0.13666710719106087,1.5
1777385034.3023438,tb1,0.18,-0.07930357221213667
1777385034.3105073,tb2,-0.18,0.10456016135287141
1777385034.3158545,tb7,-0.17999999999999997,0.5700346008409167
1777385034.3237956,tb3,0.16691775659773866,1.5
1777385034.3523214,tb1,0.18,-0.0723759238243691
1777385034.3604646,tb2,-0.18,0.11117293482718056
1777385034.3658295,tb7,-0.18,0.5731682275468152
1777385034.3736794,tb3,0.16751863497438732,1.5
1777385034.4023259,tb1,0.18,-0.06810083435130176
1777385034.4103782,tb2,-0.18,0.12461324515499803
1777385034.4160204,tb7,0.18,-0.5446044273576367
1777385034.423632,tb3,0.1674760625409741,1.5
1777385034.4523506,tb1,0.18,-0.058023294086474456
1777385034.4605055,tb2,-0.18,0.1526378184822863
1777385034.4659612,tb7,0.18,-0.6545792641752564
1777385034.4735227,tb3,0.16652890692589703,1.5
1777385034.5023017,tb1,0.18,-0.020093659050152143
1777385034.5103793,tb2,0.18,-0.07576746403827464
1777385034.5160365,tb7,0.18,-0.7271568059463123
1777385034.5235066,tb3,0.17265703089894588,1.5
1777385034.552331,tb1,0.019131436530902147,0.10207082249528952
1777385034.5603373,tb2,0.18,-0.13138881923552198
1777385034.565782,tb7,0.18,-0.8486592784787685
1777385034.5737522,tb3,0.1702450149606361,1.5
1777385034.6022193,tb1,-0.18,0.0821819045596122
1777385034.610282,tb2,0.18,-0.14443573531725132
1777385034.6157098,tb7,0.18,-1.0260627554173727
1777385034.6235025,tb3,0.1673949411514088,1.5
1777385034.6523845,tb1,-0.18,0.0654577721645988
1777385034.6603618,tb2,0.17999999999999997,-0.14044047042178442
1777385034.665702,tb7,0.18,-1.2282694971157833
1777385034.673652,tb3,0.1640030183205615,1.5
1777385034.7021835,tb1,-0.18,0.07331052731658501
1777385034.710444,tb2,0.18,-0.12965700912452163
1777385034.715882,tb7,0.18,-1.464405666084979
1777385034.7237763,tb3,0.16048600195807686,1.5
1777385034.7523677,tb1,-0.18,0.07568168338953804
1777385034.760447,tb2,0.18,-0.1082687331744246
1777385034.7659562,tb7,0.15230880097952149,-1.5
1777385034.7737412,tb3,0.1568651236847368,1.5
1777385034.802334,tb1,-0.18,0.07836169497247485
1777385034.8104684,tb2,0.18,-0.06515679276771995
1777385034.815907,tb7,0.12551407507448642,-1.5
1777385034.8237338,tb3,0.1529039894751048,1.5
1777385034.85234,tb1,-0.18,0.08560936810173929
1777385034.8604887,tb2,-0.18,0.17456770323497586
1777385034.8657598,tb7,0.10222304930150679,-1.5
1777385034.8736775,tb3,0.14899495985427752,1.5
1777385034.9022634,tb1,-0.18,0.09624025020690964
1777385034.9105628,tb2,-0.18,0.1065300038306181
1777385034.915964,tb7,0.08433627078307351,-1.5
1777385034.9235585,tb3,0.1450563659141586,1.5
1777385034.9523156,tb1,-0.18,0.0990303673012431
1777385034.9604247,tb2,-0.18,0.08310641312892104
1777385034.9660378,tb7,0.06690226563606484,-1.5
1777385034.9735825,tb3,0.14193957444109576,1.5
1777385035.0022278,tb1,-0.18,0.11458587186860482
1777385035.0105493,tb2,-0.18,0.07358636354365178
1777385035.0159128,tb7,0.058259753348708344,-1.5
1777385035.0235524,tb3,0.13957836981286606,1.5
1777385035.0523381,tb1,-0.18,0.1421024988169347
1777385035.0605,tb2,-0.18,0.07444329840829317
1777385035.0657794,tb7,0.05845310984492514,-1.5
1777385035.0737896,tb3,0.13822562184793688,1.5
1777385035.1023052,tb1,0.18,-0.11035488626276846
1777385035.1104405,tb2,-0.18,0.0803406113131588
1777385035.1158073,tb7,0.06398688781701403,-1.5
1777385035.1238816,tb3,0.13731992295101098,1.5
1777385035.1523647,tb1,0.18,-0.12432592811658146
1777385035.1604393,tb2,-0.18,0.10582260686728917
1777385035.1660104,tb7,0.07291254052733252,-1.5
1777385035.17377,tb3,0.13720257953573178,1.5
1777385035.2022479,tb1,0.18000000000000002,-0.11738090465537507
1777385035.210475,tb2,0.18,0.08397782086030854
1777385035.2161763,tb7,0.0837728228144336,-1.5
1777385035.2238162,tb3,0.13729669283868698,1.5
1777385035.2524626,tb1,0.18,-0.11554510477444409
1777385035.2604392,tb2,0.18,-0.057431951409659725
1777385035.2659934,tb7,0.09633693622375207,-1.5
1777385035.273798,tb3,0.13751311051644496,1.5
1777385035.302269,tb1,0.18,-0.10437335212803371
1777385035.3105614,tb2,0.18,-0.08225340668592496
1777385035.3158376,tb7,0.11112555889824097,-1.5
1777385035.323668,tb3,0.13780019096865234,1.5
1777385035.352141,tb1,0.18,-0.08265285281605686
1777385035.3603618,tb2,0.18,-0.08820269838954183
1777385035.365871,tb7,0.1256571505623684,-1.5
1777385035.3734286,tb3,0.13838253454081154,1.5000000000000002
1777385035.4022834,tb1,0.18,-0.06800091123545732
1777385035.4104018,tb2,0.18,-0.07148857555323293
1777385035.4159698,tb7,0.1430001221000772,-1.5
1777385035.42376,tb3,0.13975179768868803,1.5
1777385035.452428,tb1,0.18,-0.05995502289453094
1777385035.465968,tb7,0.16232867655512107,-1.4999999999999998
1777385035.473636,tb3,0.14074728690808883,1.5
1777385035.5022898,tb1,0.18,-0.03931878920956361
1777385035.5160592,tb7,0.1795404169922186,-1.5000000000000002
1777385035.5236557,tb3,0.1411179736998971,1.5
1777385035.552254,tb1,0.18,-0.009734421266280125
1777385035.5660655,tb7,-0.116552848718879,0.597517096894258
1777385035.5736916,tb3,0.1414080958302205,1.5
1777385035.6022706,tb1,-0.11037436965001929,0.1409976086832001
1777385035.6159916,tb7,-0.18,1.1444363469561463
1777385035.6236284,tb3,0.14138454112116003,1.5
1777385035.652179,tb1,-0.18,0.07304028873254219
1777385035.6657877,tb7,-0.18,1.0779107370390695
1777385035.6736407,tb3,0.14100080948591537,1.5
1777385035.702133,tb1,-0.18,0.05787708658144504
1777385035.7157483,tb7,-0.18,1.0739063643480697
1777385035.7235703,tb3,0.14025339625580457,1.5
1777385035.7521613,tb1,-0.18,0.06364186499355116
1777385035.7658038,tb7,-0.18,1.0929555917724358
1777385035.7736793,tb3,0.13969573284794662,1.5
1777385035.8021975,tb1,-0.17999999999999997,0.08088877983733013
1777385035.8159893,tb7,-0.18,1.0858902854479655
1777385035.823781,tb3,0.138826393910841,1.5
1777385035.8524542,tb1,-0.18,0.1232727313247913
1777385035.8659604,tb7,0.18,-1.231922212653417
1777385035.8736017,tb3,0.13798987817859246,1.5
1777385035.9022238,tb1,0.18,0.019178531349956757
1777385035.9159205,tb7,0.18,-1.2849729091457152
1777385035.9235952,tb3,0.137248027268489,1.5
1777385035.9522724,tb1,0.18,-0.0434170058257948
1777385035.9658828,tb7,0.18,-1.2918693558836263
1777385035.9737482,tb3,0.13618998908186183,1.5
1777385036.0022213,tb1,0.18,-0.056932327671828244
1777385036.015904,tb7,0.18,-1.3464458388239908
1777385036.0238254,tb3,0.1350571607664904,1.5
1777385036.052266,tb1,0.18,-0.06908857354034237
1777385036.0660818,tb7,0.18,-1.3976034913814348
1777385036.0735848,tb3,0.1338770274042742,1.5
1777385036.1022635,tb1,0.17999999999999997,-0.08387225604629045
1777385036.1159086,tb7,0.18,-1.4540218656134265
1777385036.1236517,tb3,0.13253766128038894,1.5
1777385036.1522782,tb1,0.18,-0.09187696961529712
1777385036.1658962,tb7,0.17328463868282223,-1.5
1777385036.1736894,tb3,0.13214291536965136,1.5
1777385036.2022336,tb1,0.18,-0.09544240905552281
1777385036.2159386,tb7,0.15638918237955504,-1.5
1777385036.2236352,tb3,0.13186872648474982,1.5
1777385036.2524464,tb1,0.18,-0.09020478017191574
1777385036.2658978,tb7,0.14022357088120793,-1.5
1777385036.273759,tb3,0.13172274045640647,1.5
1777385036.3023105,tb1,0.18,-0.07172912462101837
1777385036.315896,tb7,0.12574617313053713,-1.5
1777385036.3237417,tb3,0.13128310747879984,1.5
1777385036.352326,tb1,0.18,-0.04307585997479116
1777385036.3658378,tb7,0.112520596362162,-1.5
1777385036.3736835,tb3,0.1307454212575775,1.5
1777385036.402304,tb1,0.18000000000000002,-0.028827261724877054
1777385036.4157567,tb7,0.10109489612702076,-1.5
1777385036.4236894,tb3,0.129913278927473,1.5
1777385036.4521976,tb1,0.17999999999999997,-0.02039226647778457
1777385036.4658105,tb7,0.09178527239941456,-1.5
1777385036.4735162,tb3,0.12895504583499823,1.5
1777385036.5023222,tb1,0.18,0.011736544445875166
1777385036.515789,tb7,0.08248616588149688,-1.5
1777385036.5523527,tb1,0.02526358605247044,0.15724659388238388
1777385036.5659196,tb7,0.07973650217436544,-1.5
1777385036.6022155,tb1,-0.18,0.08373679590970833
1777385036.6159155,tb7,0.08242983777303438,-1.5
1777385036.6521568,tb1,-0.18,0.06158271909316984
1777385036.6659253,tb7,0.08784851098042668,-1.5
1777385036.7022552,tb1,-0.18,0.05654985697777249
1777385036.7160754,tb7,0.0973256833575798,-1.5
1777385036.75242,tb1,-0.18,0.06457496189418459
1777385036.7659318,tb7,0.10859339737881926,-1.5
1777385036.8023593,tb1,-0.18,0.07847219205334426
1777385036.8159277,tb7,0.12433938894823392,-1.5
1777385036.8523505,tb1,-0.18,0.08500816645621116
1777385036.8657959,tb7,0.14399321912191076,-1.5
1777385036.9024143,tb1,-0.18,0.09445289552039299
1777385036.916064,tb7,0.16522652401638765,-1.5
1777385036.952347,tb1,-0.18,0.10462884800157439
1777385036.9659345,tb7,0.18,-1.4281441343604475
1777385037.0024254,tb1,-0.18,0.1291603310769968
1777385037.0157664,tb7,0.18,-1.2615165132093047
1777385037.052354,tb1,-0.15376581121893093,0.2007241507291077
1777385037.0659888,tb7,0.18,-1.1312089229377844
1777385037.1022503,tb1,0.18,-0.0726539068907802
1777385037.1159203,tb7,0.18,-1.0258218250481221
1777385037.152331,tb1,0.18,-0.1161567303215373
1777385037.1659126,tb7,0.18,-0.9283085779494265
1777385037.202182,tb1,0.18,-0.1255707701808497
1777385037.215882,tb7,0.18,-0.8554988649221348
1777385037.2522364,tb1,0.18,-0.12868264568270177
1777385037.265897,tb7,0.18,-0.7928129400873402
1777385037.3024337,tb1,0.18,-0.11341932500983379
1777385037.3158,tb7,0.18,-0.7656446883859
1777385037.352247,tb1,0.18,-0.07692979867548787
1777385037.3658168,tb7,0.18,-0.7101806277514717
1777385037.4022808,tb1,0.18,0.004450646663376802
1777385037.4159315,tb7,0.18,-0.6565724007214699
1777385037.4524302,tb1,-0.18,0.15933217602785404
1777385037.4658198,tb7,0.17999999999999997,-0.6106806030344225
1777385037.5157678,tb7,0.18,-0.5529650284625985
1777385037.5658998,tb7,-0.13207425416848445,0.6958029978153322
1777385037.6157916,tb7,-0.18,0.5477318550030436
1777385037.6660655,tb7,-0.18,0.5148687231128297
1777385037.715992,tb7,-0.18,0.5192301773716083
1777385037.7658393,tb7,-0.18,0.5406542432961673
1777385037.8158858,tb7,-0.18,0.5931674441445076
1777385037.865877,tb7,0.18,-0.3790585561293462
1777385037.9157627,tb7,0.18,-0.5748004272365396
1777385037.9658594,tb7,0.18,-0.5988563847383462
1777385038.0158901,tb7,0.18,-0.6112876036612626
1777385038.0659707,tb7,0.18,-0.6155413332098753
1777385038.1158848,tb7,0.18,-0.5895433222403985
1777385038.1658487,tb7,0.17999999999999997,-0.5295547881692577
1777385038.215973,tb7,-0.18,0.6318845413974691
1777385038.2659328,tb7,-0.18,0.5597665316574311
1777385038.3157427,tb7,-0.18,0.4699117147337659
1777385038.3658834,tb7,-0.18,0.3272897445232566
1777385038.4159017,tb7,-0.18,0.19228528516468385
1777385038.4657536,tb7,-0.18,0.09610809865927314
