timestamp,robot_id,x,y,v_cmd,w_cmd
1777389927.2052803,tb7,-3.4077245091735095e-06,-0.49999999997310784,-0.05624217891890877,1.5
1777389927.2150238,tb2,-1.5000034077245095,-1.9999999999731086,0.18,1.2631770765268577
1777389927.2552476,tb7,-0.0007293931783756935,-0.5000119468377245,-0.051459511193379305,1.5
1777389927.2649848,tb2,-1.500013622229204,-1.9999996199020669,0.18,1.224583608574886
1777389927.3053718,tb7,-0.0040450136683243725,-0.5002173736509749,-0.03752299430088005,1.5
1777389927.3151054,tb2,-1.4981220909603192,-1.9998984000744844,0.18,1.068088687199604
1777389927.3554103,tb7,-0.0040450136683243725,-0.5002173736509749,-0.03752299430088005,1.5
1777389927.3650737,tb2,-1.4937028736038716,-1.9994187370231793,0.18,0.9394818340241029
1777389927.4052796,tb7,-0.006737164823033817,-0.5005815744836997,-0.023958951434510843,1.5
1777389927.4168139,tb2,-1.4867878157322452,-1.998313323325128,0.18,0.8352605816860574
1777389927.4555306,tb7,-0.00923838133104636,-0.5011116611146484,-0.010359262785716186,1.5
1777389927.465013,tb2,-1.4867878157322452,-1.998313323325128,0.18,0.8358911953847947
1777389927.5052729,tb7,-0.01095730696023333,-0.5015991511604284,0.0031149475330913457,1.5
1777389927.515185,tb2,-1.4786224058077293,-1.9965682402940315,0.18,0.7506763091430358
1777389927.555433,tb7,-0.012261401770633005,-0.5014730368891348,0.016635832951303726,1.5
1777389927.5652347,tb2,-1.4713355851451921,-1.9945982768553956,0.18,0.6678557976944878
1777389927.605353,tb7,-0.013762029364576775,-0.5012680690586296,0.030800566186078713,1.5
1777389927.6150458,tb2,-1.4641415163149658,-1.992651994921907,0.18,0.5873520039539034
1777389927.6552176,tb7,-0.015433790402914226,-0.5011516383616885,0.04590125169785739,1.5
1777389927.6650593,tb2,-1.4570384465713,-1.9907353060037352,0.18,0.5088250043865162
1777389927.705341,tb7,-0.015433790402914226,-0.5011516383616885,0.04590125169785739,1.5
1777389927.7151034,tb2,-1.4490514868620175,-1.9878958669150657,0.18,0.43264884458057623
1777389927.7552967,tb7,-0.015858650244485767,-0.5007168312864179,0.06162379335795041,1.5
1777389927.765195,tb2,-1.4490514868620175,-1.9878958669150657,0.18,0.43264884458057623
1777389927.8053968,tb7,-0.014486406842244027,-0.4996263996303314,0.07779745582495627,1.5
1777389927.8151317,tb2,-1.4412865714606804,-1.9845028977366836,0.17999999999999997,0.3580339811792238
1777389927.855296,tb7,-0.01250033801065544,-0.4977967386964162,0.09544734627305396,1.5
1777389927.8651028,tb2,-1.4337742192995448,-1.9808932015691645,0.18,0.2849471012727435
1777389927.9054074,tb7,-0.010023375544965563,-0.4951599779508506,0.11531407420548781,1.5000000000000002
1777389927.9152372,tb2,-1.4253632075609577,-1.9764140842438447,0.18,0.21437027766290892
1777389927.955428,tb7,-0.00713985905830896,-0.49159953980093285,0.13804506679535858,1.5
1777389927.9659355,tb2,-1.4175074143694328,-1.9717934150349157,0.18,0.1452375140129705
1777389928.0052617,tb7,-0.00713985905830896,-0.49159953980093285,0.13804506679535858,1.5
1777389928.0149877,tb2,-1.4102636993739257,-1.9671547416085924,0.18,0.07771058567506295
1777389928.0553796,tb7,-0.0037778554612169237,-0.4867459713769257,0.16460804174117105,1.5
1777389928.0651174,tb2,-1.4102636993739257,-1.9671547416085924,0.18,0.07771058567506295
1777389928.1054938,tb7,-0.0005643784083028295,-0.4812974488098886,0.18,1.3656350682009821
1777389928.1149988,tb2,-1.402725923617908,-1.9619283420486193,0.18000000000000002,0.012832958550242279
1777389928.155445,tb7,0.0029077639859677352,-0.4742372551567141,0.17999999999999997,1.1271987054605725
1777389928.1650548,tb2,-1.3960363311309643,-1.9569276289552704,0.18,-0.04928174272019611
1777389928.2060301,tb7,0.006278802020790667,-0.4658306395398477,0.18,0.9124217141547764
1777389928.215104,tb2,-1.3891796866170891,-1.9514703928267516,0.18,-0.08437281762235853
1777389928.2554257,tb7,0.006278802020790667,-0.4658306395398477,0.18,0.9124378570848565
1777389928.2651966,tb2,-1.3891796866170891,-1.9514703928267516,0.18,-0.08437281762235853
1777389928.3053198,tb7,0.008842970559400377,-0.4576800899425965,0.18,0.7108149833311834
1777389928.3151572,tb2,-1.3821568954643428,-1.9458218537017395,0.18,-0.07358918692553275
1777389928.355448,tb7,0.009907537882871518,-0.4525403005323169,0.18,0.5130137864451005
1777389928.3651328,tb2,-1.3751132578195742,-1.9402049542241835,0.18,-0.06170666269775882
1777389928.4053798,tb7,0.010738007532924176,-0.44787621482487094,0.18,0.3230136210299922
1777389928.4151182,tb2,-1.3680575111899478,-1.934623155751352,0.18,-0.05087594039371997
1777389928.4555151,tb7,0.011697336139636747,-0.437868822916047,0.18,0.14145414273082393
1777389928.465055,tb2,-1.3608996292273716,-1.9296781926129236,0.18,-0.0406627280843843
1777389928.50526,tb7,0.012028227105388832,-0.42979356317670003,0.18,-0.03986009725195463
1777389928.5074027,tb1,0.999287815037258,4.9969578905679676e-11,-0.17999999999999997,0.6538824557699633
1777389928.5150864,tb2,-1.353747217779662,-1.9249565030368454,0.18,-0.030185823786959384
1777389928.5553637,tb7,0.012028227105388832,-0.42979356317670003,0.18,-0.03986009725195463
1777389928.5575826,tb1,0.9991216008654468,5.217895684933114e-10,-0.17999999999999997,0.6540897023520001
1777389928.564617,tb3,1.999122124852721,-0.9999999999528415,-0.18,0.7520498840597897
1777389928.565389,tb2,-1.3466359454679155,-1.9202668420862632,0.18,-0.019486086959558873
1777389928.6053634,tb7,0.011693019883427844,-0.42479481122444096,0.18,-0.22448828913003727
1777389928.6074595,tb1,0.9991216008654468,5.217895684933114e-10,-0.18,0.6550424215860858
1777389928.614668,tb3,1.998665390087235,-0.9999999740316345,-0.18,0.7529436768429274
1777389928.6150262,tb2,-1.3395018190962162,-1.9151991101494608,0.18000000000000002,-0.008357746454126173
1777389928.656246,tb7,0.009997339912841886,-0.41072024986443034,0.18,-0.42057325930953504
1777389928.6574314,tb1,0.9986494355496599,2.5565877394748064e-08,-0.18,0.6562551007875745
1777389928.6647356,tb3,1.998665390087235,-0.9999999740316345,-0.18,0.7529436768429274
1777389928.6650388,tb2,-1.3395018190962162,-1.9151991101494608,0.18000000000000002,-0.008357746454126173
1777389928.7053835,tb7,0.009180500779333911,-0.4060177296225742,0.18,-0.586578546441549
1777389928.7074997,tb1,0.9896841358367902,-0.00011528168906470855,-0.18,0.7240503313593645
1777389928.7147622,tb3,1.9897655409584551,-1.0001272508148171,-0.18,0.827595171863924
1777389928.7150152,tb2,-1.3323458966544481,-1.9097077103525122,0.18,0.0019925740132665758
1777389928.7553504,tb7,0.0063976655823275025,-0.3958639692366283,0.18,-0.7725584158150149
1777389928.757458,tb1,0.9804201913222876,-0.0005377071505818175,-0.18,0.8039525801003802
1777389928.7647505,tb3,1.9804642710045393,-1.0006052668831777,-0.18,0.9176027277005229
1777389928.765167,tb2,-1.3251810340762173,-1.9042156503415888,0.18,0.011005999222755655
1777389928.8052878,tb7,0.0027240681235853547,-0.38446428139220046,0.18,-0.9770021009570122
1777389928.807297,tb1,0.971134269209623,-0.0013026797614005918,-0.18,0.8959509549713888
1777389928.8147798,tb3,1.971143696868811,-1.0014706164882399,-0.18,1.0222001802698992
1777389928.8150454,tb2,-1.3180255871592328,-1.898730420427686,0.17999999999999997,0.019413825813246875
1777389928.8552108,tb7,0.0029434402943478884,-0.3840801316111829,0.18,-1.1561567133786679
1777389928.8572874,tb1,0.9618376184543597,-0.0024556789144443377,-0.18,1.005520434933379
1777389928.8646472,tb3,1.9618180915038756,-1.0027741426966914,-0.17999999999999997,1.1470667377919328
1777389928.8649566,tb2,-1.3108819472501634,-1.893247990344265,0.18,0.025988901015804252
1777389928.905195,tb7,0.0016928676634498047,-0.38060085511565545,0.18,-1.3663514707192643
1777389928.9073174,tb1,0.9525490155674782,-0.004048570972595043,-0.18,1.135342538076933
1777389928.9146476,tb3,1.9525124753008882,-1.0045734782405051,-0.18,1.2972362665785706
1777389928.9150162,tb2,-1.3037519057818177,-1.8877646539096034,0.18,0.032381437153577754
1777389928.9552789,tb7,0.0016928676634498047,-0.38060085511565545,0.18,-1.3663514707192643
1777389928.957293,tb1,0.9432916067506124,-0.006142958829004063,-0.18,1.2924366173801258
1777389928.9646356,tb3,1.9432571879962348,-1.0069368334333852,-0.18,1.4832921836029622
1777389928.9649365,tb2,-1.2966371350763433,-1.8822775910540734,0.18,0.038934924195862655
1777389929.0053747,tb7,-0.0018352827040252749,-0.3739721601229585,0.16709446016904872,-1.5
1777389929.0073264,tb1,0.9432916067506124,-0.006142958829004063,-0.18,1.2924366173801258
1777389929.0147514,tb3,1.9340974908826072,-1.0099455475912338,-0.1567857552947727,1.5
1777389929.0160592,tb2,-1.2895395249324093,-1.8767843421571766,0.18,0.04609458096641779
1777389929.055516,tb7,-0.008957898413955574,-0.36298158615776954,0.13903486355963965,-1.5
1777389929.057503,tb1,0.9341016466604313,-0.008810673966338804,-0.18,1.4873379164301535
1777389929.0648143,tb3,1.9340974908826072,-1.0099455475912338,-0.1567857552947727,1.5
1777389929.0650816,tb2,-1.2895395249324093,-1.8767843421571766,0.18,0.04609458096641779
1777389929.1052504,tb7,-0.010689079426047087,-0.36049518513650247,0.12149044032187864,-1.5
1777389929.107345,tb1,0.9250734519730353,-0.012079058121519683,-0.15681930604002892,1.5
1777389929.1146877,tb3,1.925898472726737,-1.0133216393603488,-0.13430845318754464,1.5
1777389929.1150522,tb2,-1.2824615381478213,-1.871282508013317,0.18,0.0508874108741379
1777389929.1552854,tb7,-0.02022497876288815,-0.34820760390355865,0.0998520392071316,-1.5
1777389929.1573405,tb1,0.9163377025406436,-0.015961627566587838,-0.13375176888441506,1.5
1777389929.1647806,tb3,1.918316477994082,-1.0171371154524935,-0.11480474090550719,1.5
1777389929.1650724,tb2,-1.2754020469454435,-1.8657687513508348,0.18,0.058080447367291274
1777389929.2053466,tb7,-0.02402441718811591,-0.34306702873373834,0.08506967422007716,-1.5
1777389929.2073603,tb1,0.9089603383791879,-0.019919226134364667,-0.11336619564763908,1.5
1777389929.2146792,tb3,1.9119469707032721,-1.0209575777962023,-0.09740493390190068,1.5
1777389929.215018,tb2,-1.2683635586958506,-1.8602431964909256,0.18,0.06266453651891969
1777389929.2552614,tb7,-0.030970533091035007,-0.3360219134451789,0.06984612648533255,-1.5
1777389929.2573168,tb1,0.9029340342033282,-0.02375297017989679,-0.09551477412694662,1.5000000000000002
1777389929.2648454,tb3,1.9067761078087542,-1.0246067502321063,-0.08171902218963392,1.5
1777389929.2654846,tb2,-1.2613485249945748,-1.8547038365200135,0.18,0.06736255473885096
1777389929.3053732,tb7,-0.03001460926296034,-0.3368219106482862,0.06116858500269467,-1.5
1777389929.3074076,tb1,0.898115707709781,-0.02734210857459387,-0.0790765380916439,1.5
1777389929.3147523,tb3,1.9026443331168261,-1.028003238521555,-0.06721527266734324,1.5
1777389929.3151183,tb2,-1.2543950544077016,-1.8492266717073016,0.18,0.06878520334512558
1777389929.3553758,tb7,-0.03792716750473003,-0.3300167901276291,0.047771273441752936,-1.5
1777389929.35736,tb1,0.8943155469548695,-0.030630975480910642,-0.06438466761163757,1.5
1777389929.3647451,tb3,1.8994003639402959,-1.0310912450179122,-0.05378389477426098,1.5
1777389929.3651023,tb2,-1.2474843811148997,-1.8437855278373454,0.18,0.07308488370597407
1777389929.4052594,tb7,-0.03624900261398463,-0.3314237267900607,0.041266580720083136,-1.5
1777389929.4072993,tb1,0.890752181101225,-0.033126024879206836,-0.05024469774094593,1.5
1777389929.4146023,tb3,1.8962792413461877,-1.033279539117115,-0.040977082834215355,1.5
1777389929.4149632,tb2,-1.2406144405758528,-1.838377136373773,0.18,0.07402091693522488
1777389929.4552796,tb7,-0.03624900261398463,-0.3314237267900607,0.041266580720083136,-1.5
1777389929.4574022,tb1,0.890752181101225,-0.033126024879206836,-0.05024469774094593,1.5
1777389929.4645734,tb3,1.8930322714384213,-1.0356140032939067,-0.028755983672002973,1.5
1777389929.464952,tb2,-1.2336597613760485,-1.83278059779934,0.18,0.07883692893332965
1777389929.505378,tb7,-0.04468923621094101,-0.3246737336428731,0.029620544257836653,-1.5
1777389929.5073757,tb1,0.8870451255185163,-0.03567590422057288,-0.037141121174787406,1.5
1777389929.5148668,tb3,1.889674051959163,-1.0381056983128005,-0.0167532450395276,1.4999999999999998
1777389929.5158722,tb2,-1.226691450141173,-1.827094220933792,0.18,0.08178476020108902
1777389929.5553467,tb7,-0.05111041205031442,-0.31922400774146875,0.01961055682421399,-1.5
1777389929.557412,tb1,0.883219063958925,-0.03837747369014046,-0.024340164228821428,1.5
1777389929.564772,tb3,1.889674051959163,-1.0381056983128005,-0.01682552592191406,1.5
1777389929.5651,tb2,-1.226691450141173,-1.827094220933792,0.18,0.08178476020108902
1777389929.605403,tb7,-0.051375216088390414,-0.31915920984085033,0.013567324289814444,-1.5
1777389929.6075394,tb1,0.8796296728789521,-0.041120960459707596,-0.01151091369346441,1.4999999999999998
1777389929.6146784,tb3,1.8868878351406657,-1.0404285199127403,-0.00504762292338777,1.5
1777389929.6151516,tb2,-1.2197520953166852,-1.821385322117665,0.18,0.08204567354761866
1777389929.6553082,tb7,-0.0555818782772771,-0.31660653775946196,0.005371709739281776,-1.5
1777389929.6573193,tb1,0.8788041577793959,-0.042695715977833504,0.0006569793137643377,1.5000000000000002
1777389929.6646707,tb3,1.8862791487007935,-1.041741507202174,0.006521207698192278,1.5
1777389929.665143,tb2,-1.2128412544114755,-1.815652585477982,0.18,0.08295870946902155
1777389929.7053185,tb7,-0.052536248363375206,-0.31835819021590195,0.0012089885601051873,-1.5
1777389929.7074053,tb1,0.8783953094293757,-0.043592978781339185,0.013202903944716578,1.5
1777389929.7147243,tb3,1.8859903669189344,-1.04245100217701,0.01826965284689059,1.5000000000000002
1777389929.71515,tb2,-1.2059591594351624,-1.809896084650573,0.18,0.08082666068127503
1777389929.7553234,tb7,-0.05756816780755856,-0.31572556941461993,-0.006633680692079183,-1.5
1777389929.7573988,tb1,0.8783599977450588,-0.04365343756894125,0.025548799016535673,1.5
1777389929.7646549,tb3,1.8859136692579004,-1.0426787371143265,0.03016047344038273,1.5
1777389929.7649975,tb2,-1.1991060257820152,-1.804115630692541,0.18,0.08195519397231674
1777389929.8052485,tb7,-0.053959549227449666,-0.3175278765040721,-0.009841752610553174,-1.5
1777389929.8073947,tb1,0.878424589213895,-0.04340459186533732,0.03877719171918868,1.5
1777389929.8146427,tb3,1.8860038808979023,-1.0422288726752753,0.04252612121471011,1.5
1777389929.8149931,tb2,-1.1922812167815842,-1.7983113196908063,0.18,0.07958361492843087
1777389929.8552518,tb7,-0.06053159255835022,-0.31438152178616485,-0.01776019457826445,-1.5
1777389929.857472,tb1,0.8785833450080521,-0.04241404616842743,0.052070471126699165,1.5000000000000002
1777389929.8646536,tb3,1.8861685478760288,-1.040873687966329,0.05533544688582447,1.4999999999999998
1777389929.8649938,tb2,-1.1854850296412291,-1.7924834284975997,0.18,0.08166853476869658
1777389929.9069314,tb7,-0.0604841015429343,-0.31403550030957106,-0.021448511272685135,-1.5
1777389929.9091387,tb1,0.878760445900123,-0.040719717028139056,0.06658577317342175,1.5
1777389929.9146209,tb3,1.8862698598974108,-1.0390854651825523,0.069003025728452,1.5
1777389929.914978,tb2,-1.1787175088982098,-1.786632653319872,0.18,0.08096639227230122
1777389929.9552753,tb7,-0.0604841015429343,-0.31403550030957106,-0.02234284386216515,-1.5
1777389929.9573817,tb1,0.878760445900123,-0.040719717028139056,0.06659521815378038,1.5
1777389929.9646564,tb3,1.8862081518892198,-1.0364303848551295,0.08383205048144272,1.5
1777389929.9650807,tb2,-1.1719790853055951,-1.7807587404346947,0.18,0.07705283493379664
1777389930.0053806,tb7,-0.053107861144001664,-0.3169887163097399,-0.023182997893282785,-1.5
1777389930.0074348,tb1,0.8788229133830013,-0.0381648834496957,0.08289808468182193,1.5
1777389930.0146863,tb3,1.8862081518892198,-1.0364303848551295,0.08383205048144272,1.5
1777389930.0150607,tb2,-1.1719790853055951,-1.7807587404346947,0.18,0.07705283493379664
1777389930.0552838,tb7,-0.05907944163605754,-0.3147316620832439,-0.0301128171173059,-1.5
1777389930.0573835,tb1,0.8786941354693033,-0.0353935570546677,0.0998735455840005,1.5
1777389930.0647852,tb3,1.8858956397467848,-1.033100868737655,0.09981939661650598,1.4999999999999998
1777389930.0650213,tb2,-1.1652680184319426,-1.7748612737535292,0.18,0.07966457923905952
1777389930.1057448,tb7,-0.055826767624991926,-0.3158608581442895,-0.03239039137404164,-1.5
1777389930.1075,tb1,0.8782573194135622,-0.0318777016209272,0.1199071831013471,1.5
1777389930.1147711,tb3,1.8852893012741219,-1.0295922020859416,0.11777348710851661,1.5
1777389930.1150887,tb2,-1.1585822809698663,-1.7689828576536126,0.18,0.07830924074452089
1777389930.1552668,tb7,-0.052409995197861964,-0.31706487854727183,-0.03427308924679221,-1.5
1777389930.1573536,tb1,0.8773488631120638,-0.027383894624489417,0.14323654894190452,1.5
1777389930.16481,tb3,1.8842306332017262,-1.0253647485169841,0.13811036784329372,1.5
1777389930.165203,tb2,-1.151931069668985,-1.7631609677657492,0.18,0.07712168409586061
1777389930.2053294,tb7,-0.057583302405822503,-0.3153714036304281,-0.04002956466885568,-1.5
1777389930.2075222,tb1,0.8758176391775032,-0.021950147731118575,0.169760157871471,1.5
1777389930.2147546,tb3,1.8825402373099673,-1.0202761772403874,0.16145631844993388,1.5
1777389930.2151742,tb2,-1.1453188549718865,-1.7573740146868897,0.18,0.08040487389041888
1777389930.2553241,tb7,-0.06262546965192789,-0.3137359811782357,-0.04562064881497693,-1.5
1777389930.2574773,tb1,0.8734864236862654,-0.017034704035365122,0.18,1.331943740629026
1777389930.2647102,tb3,1.88023818684675,-1.016045659332612,0.18,1.426841672598069
1777389930.2651455,tb2,-1.1387041083028469,-1.7514922695881432,0.18,0.08410389171006813
1777389930.3053606,tb7,-0.06262546965192789,-0.3137359811782357,-0.04562064881497693,-1.5
1777389930.3073773,tb1,0.8711887437510865,-0.012516766122956333,0.18,1.0944283543321833
1777389930.3147817,tb3,1.8780062058545546,-1.0120720735652935,0.18,1.2078620829069922
1777389930.3151052,tb2,-1.1320650970166637,-1.7454254164966618,0.18,0.08281143964050616
1777389930.3552985,tb7,-0.05833542073214251,-0.3149328398865312,-0.0465178821016601,-1.5
1777389930.357367,tb1,0.8711887437510865,-0.012516766122956333,0.18,1.0905502995936036
1777389930.3647516,tb3,1.8758683429522507,-1.008266688072728,0.18,1.0126570766034055
1777389930.3649733,tb2,-1.1254563916353233,-1.7393358721749443,0.18,0.0841484965804998
1777389930.4054756,tb7,-0.05810816688975763,-0.3150270819045898,-0.048810532922059294,-1.5
1777389930.4075413,tb1,0.8666871604188975,-0.004330245327947756,0.18,0.8747204016163976
1777389930.414852,tb3,1.8758683429522507,-1.008266688072728,0.18,1.0126570766034055
1777389930.4151275,tb2,-1.1254563916353233,-1.7393358721749443,0.18,0.0841484965804998
1777389930.4552765,tb7,-0.05562140643582966,-0.31564306022545763,-0.0494596167482182,-1.5
1777389930.4576745,tb1,0.8611011695341237,0.00477241576282865,0.18,0.6713529236082365
1777389930.4646456,tb3,1.8720492025107058,-1.0029217966236486,0.18,0.8319990575888789
1777389930.465044,tb2,-1.1188781773937282,-1.7332238201661392,0.18,0.08497293824515242
1777389930.505277,tb7,-0.05462281689972757,-0.3159143035591617,-0.05048346199960431,-1.5
1777389930.5074143,tb1,0.8567768727276889,0.011137271438377467,0.18,0.4871739976889435
1777389930.514839,tb3,1.86539977419694,-0.994989360874412,0.18,0.6629918457756334
1777389930.514989,tb2,-1.112330608909167,-1.727088905769054,0.18,0.08693245772431317
1777389930.5552347,tb7,-0.05122855598121951,-0.3167051159048005,-0.05001696608415085,-1.5
1777389930.5573752,tb1,0.8534888508191925,0.014875229481262037,0.18,0.31123707471533546
1777389930.5646405,tb3,1.857085954414127,-0.986323368018373,0.18,0.5018405873924783
1777389930.5652277,tb2,-1.10581422199774,-1.7209313205964496,0.18,0.08768192374735757
1777389930.6054938,tb7,-0.05214667358338632,-0.3164990021958667,-0.0510500745645076,-1.5
1777389930.6073618,tb1,0.8453307898874877,0.02281171233836846,0.18,0.12650587869040666
1777389930.6146498,tb3,1.8533670207528719,-0.9829827801094437,0.18,0.35447387285045323
1777389930.6150615,tb2,-1.0993298741679174,-1.714750888211827,0.18,0.09108752129195598
1777389930.6559017,tb7,-0.05599431737977744,-0.3154593394553623,-0.05305202653928695,-1.5
1777389930.657464,tb1,0.8345522284877058,0.03204055116805422,0.17999999999999997,-0.06202578211687812
1777389930.6646824,tb3,1.847751019610476,-0.9787625231301932,0.18,0.21232027601987782
1777389930.6651433,tb2,-1.0928780896889299,-1.7085472483880129,0.18,0.09739765924473662
1777389930.705289,tb7,-0.05282981841083378,-0.3160659123800446,-0.05193849264873805,-1.5
1777389930.707437,tb1,0.8318081987523531,0.03410457188963169,0.17999999999999997,-0.22449387514482455
1777389930.7146869,tb3,1.8359765718807615,-0.9709810381178734,0.18,0.06557604103938991
1777389930.7150955,tb2,-1.0864609520801518,-1.7023204322045071,0.18,0.09849010625398127
1777389930.7553506,tb7,-0.05137941535912258,-0.3164012419801078,-0.05159982880141941,-1.5
1777389930.7573044,tb1,0.8277884350277818,0.03653995639289185,0.18,-0.39916744282647465
1777389930.764742,tb3,1.8293698977521422,-0.9671450343463247,0.18,-0.07443465713132241
1777389930.765057,tb2,-1.0800802362302704,-1.6960687031783088,0.18,0.09944155245121382
1777389930.805234,tb7,-0.05489111209890829,-0.315642603243098,-0.052566335925632125,-1.5
1777389930.8072963,tb1,0.8134201797380362,0.04427232487333285,0.18,-0.6324938013797295
1777389930.8147898,tb3,1.827055947879929,-0.9660004475657225,0.18,-0.20535658572767504
1777389930.8151498,tb2,-1.0737357357468413,-1.6897904653734457,0.18,0.10558592019966502
1777389930.855387,tb7,-0.0464597972371851,-0.31742312535130934,-0.047208816090562274,-1.5
1777389930.857445,tb1,0.8038634567343418,0.048760186168047066,0.18,-0.8893258740426428
1777389930.8648243,tb3,1.8208471397008712,-0.9635184017235199,0.18,-0.3448831522867389
1777389930.8651645,tb2,-1.0674218899800059,-1.6835203477713119,0.18,0.10365263960156926
1777389930.905527,tb7,-0.0464597972371851,-0.31742312535130934,-0.047208816090562274,-1.5
1777389930.9076028,tb1,0.8040624654842882,0.04883638921428381,0.18,-1.0716539429501792
1777389930.9147656,tb3,1.8063572870059619,-0.9587460549298739,0.18,-0.4972079466101585
1777389930.9149992,tb2,-1.0611378582222417,-1.6773107641309166,0.18,0.1051230935396075
1777389930.9554422,tb7,-0.045395305167800507,-0.3176630333012787,-0.04657162294750922,-1.5
1777389930.957973,tb1,0.8040624654842882,0.04883638921428381,0.18,-1.0541227511724174
1777389930.9650471,tb3,1.8063572870059619,-0.9587460549298739,0.18,-0.4972079466101585
1777389930.9651403,tb2,-1.0611378582222417,-1.6773107641309166,0.18,0.1051230935396075
1777389931.005483,tb7,-0.0488698232934591,-0.3168488704516799,-0.04830934953885075,-1.5
1777389931.0075812,tb1,0.8043260621378203,0.04942738921657482,0.18,-1.2099147976196918
1777389931.0148842,tb3,1.7912817344424428,-0.9546090125250686,0.18,-0.656737438366234
1777389931.0150871,tb2,-1.0548907575530093,-1.671138663472663,0.18,0.10983413923763949
1777389931.0553896,tb7,-0.052386554274458604,-0.3160841604535676,-0.04895283598569137,-1.5
1777389931.057448,tb1,0.7930141244921369,0.05210274847412763,0.1780393072032103,-1.5
1777389931.0648282,tb3,1.7853174031107293,-0.9534157927960167,0.18,-0.80501744869073
1777389931.0651872,tb2,-1.0486622025682493,-1.6648686194551485,0.18,0.11633856991626737
1777389931.1053746,tb7,-0.04946736088204797,-0.3166997638464031,-0.04509308304696833,-1.5
1777389931.107464,tb1,0.7755405195876476,0.05533060467430781,0.13208545468433985,-1.5
1777389931.1147118,tb3,1.7823689228161081,-0.9532214901807664,0.18,-0.9541360508801423
1777389931.1151986,tb2,-1.0424473045769795,-1.658386767598127,0.18,0.11953515102791248
1777389931.1554098,tb7,-0.049607302486425246,-0.3166697941038295,-0.044311647982201524,-1.5
1777389931.1574624,tb1,0.7752022069631836,0.055678949458347886,0.117925495063405,-1.5
1777389931.164777,tb3,1.765025904031366,-0.9526669452712111,0.18,-1.1432659482452767
1777389931.1650114,tb2,-1.0362759215132429,-1.6518763985499225,0.18,0.12237847622807138
1777389931.2053819,tb7,-0.0449267200106732,-0.3177056586284977,-0.040248961974171445,-1.5
1777389931.20744,tb1,0.7683682914862753,0.05574817659305055,0.09530940952128826,-1.5
1777389931.2148273,tb3,1.7580881672131536,-0.9527381154807325,0.18,-1.3253764296493944
1777389931.215093,tb2,-1.0301488312973823,-1.6453355392191933,0.18,0.12112402848118492
1777389931.2552464,tb7,-0.04702479695867472,-0.3172295774240963,-0.03897387709778734,-1.5
1777389931.2573385,tb1,0.7557443101407021,0.05554671505524933,0.07218470499831937,-1.5000000000000002
1777389931.2647338,tb3,1.75403727865287,-0.9532603331219838,0.17910849371559787,-1.5
1777389931.2649753,tb2,-1.0240663540274377,-1.6387628490702513,0.18,0.12609809157924595
1777389931.3052714,tb7,-0.044283958266628856,-0.31786364330553446,-0.03678101172994008,-1.5
1777389931.307388,tb1,0.7628047384529796,0.05609861012368615,0.07021798482581112,-1.5
1777389931.3147013,tb3,1.735224753681585,-0.9561915794910563,0.15319790964963254,-1.5
1777389931.3151362,tb2,-1.0180294155413474,-1.6321589850096303,0.18,0.12436215465335268
1777389931.3560178,tb7,-0.044283958266628856,-0.31786364330553446,-0.03678101172994008,-1.5
1777389931.3579676,tb1,0.7508733467475892,0.054447534293974566,0.05037618191778683,-1.5000000000000002
1777389931.3646219,tb3,1.7333262187414413,-0.9564892382061035,0.1367251049555877,-1.5
1777389931.3649912,tb2,-1.0120386534681538,-1.6255225788555103,0.18,0.12496297942129984
1777389931.4054732,tb7,-0.04160383283734083,-0.3185261906600142,-0.03240833544033607,-1.5
1777389931.4075546,tb1,0.7508733467475892,0.054447534293974566,0.04943901622790552,-1.5
1777389931.4147072,tb3,1.7284558563397936,-0.9578520346242431,0.12102530116245651,-1.5
1777389931.41517,tb2,-1.0060938885412785,-1.6188538914662447,0.18,0.12405164446914904
1777389931.455415,tb7,-0.041331294700794746,-0.31860637312087803,-0.03080891467126145,-1.5
1777389931.457569,tb1,0.7504404651421401,0.054497449651878194,0.04120082209933767,-1.5
1777389931.4646895,tb3,1.7284558563397936,-0.9578520346242431,0.12102530116245651,-1.5
1777389931.465142,tb2,-1.0060938885412785,-1.6188538914662447,0.18,0.12405164446914904
1777389931.5055165,tb7,-0.04304672421840844,-0.3180996790421555,-0.028890391540522545,-1.5
1777389931.5074146,tb1,0.7480779796731872,0.05378542209002856,0.03474445802003628,-1.5
1777389931.514701,tb3,1.7124058585324622,-0.963261793076537,0.10517856217127851,-1.5
1777389931.5152729,tb2,-1.0001951539974814,-1.6121529656530633,0.18,0.1288675490311036
1777389931.5555258,tb7,-0.046281869020667804,-0.3170962951064683,-0.027221219056368106,-1.5
1777389931.5574677,tb1,0.7418667961354922,0.05205677215598511,0.02613738097844022,-1.5
1777389931.5646925,tb3,1.6969603046174697,-0.9694024086302365,0.09106674050944562,-1.5
1777389931.5650299,tb2,-0.994343231418321,-1.6054208624334871,0.18,0.1364287497421144
1777389931.6054046,tb7,-0.043245431200748384,-0.3180156089569798,-0.02329414113884742,-1.5
1777389931.6074245,tb1,0.7442100385979236,0.05305610878047133,0.022828020197310322,-1.5
1777389931.61472,tb3,1.6829548571425679,-0.9758456165559294,0.07751124929788064,-1.5
1777389931.6150794,tb2,-0.9885416094698475,-1.598658462203765,0.18,0.1345048813447518
1777389931.6552992,tb7,-0.04335199319481358,-0.317979327861305,-0.020305169033119092,-1.5
1777389931.6577623,tb1,0.7337549835583854,0.050471038671473914,0.007466098299287149,-1.5
1777389931.664803,tb3,1.6880530368016238,-0.9731363358337283,0.06948147097843457,-1.5
1777389931.665116,tb2,-0.9827664026347585,-1.5919245952854328,0.18,0.1343705914868022
1777389931.705435,tb7,-0.04335199319481358,-0.317979327861305,-0.020305169033119092,-1.5
1777389931.707446,tb1,0.7337549835583854,0.050471038671473914,0.007466098299287149,-1.5
1777389931.7146506,tb3,1.6872591124847194,-0.9737811918556044,0.06099679263916932,-1.5
1777389931.7150652,tb2,-0.9770143015209451,-1.5852524856567136,0.18,0.1387646655763401
1777389931.75559,tb7,-0.046716176845841895,-0.3168291396287273,-0.018877618165724214,-1.5
1777389931.7575443,tb1,0.7242671483307156,0.046440940770272304,-0.0051157311214588405,-1.4999999999999998
1777389931.7646496,tb3,1.6872591124847194,-0.9737811918556044,0.06099679263916932,-1.5
1777389931.7651052,tb2,-0.9770143015209451,-1.5852524856567136,0.18,0.1387646655763401
1777389931.8054104,tb7,-0.044553075101408546,-0.3175991278270428,-0.013221496307397298,-1.5
1777389931.8075469,tb1,0.7149271910850913,0.04238676036539663,-0.01772256916146324,-1.5
1777389931.814736,tb3,1.6762947349022321,-0.9810625064765355,0.051324170904268,-1.5
1777389931.8151765,tb2,-0.9712960727761594,-1.5786213296576208,0.18,0.1417327665794461
1777389931.855413,tb7,-0.03995769067154683,-0.3193335355450233,-0.008273803307581004,-1.5
1777389931.8575134,tb1,0.7124295068164719,0.04128457536905447,-0.027830965119717527,-1.5
1777389931.8648658,tb3,1.6793321507930805,-0.9787406646061577,0.04421408645991138,-1.5
1777389931.8651516,tb2,-0.965633011381885,-1.571782305182255,0.18,0.1349987103861464
1777389931.9052186,tb7,-0.04354354345688889,-0.31791095492529486,-0.009974057102802768,-1.5
1777389931.9074302,tb1,0.7215958496842119,0.04685116011806182,-0.023555488124526066,-1.5
1777389931.9147737,tb3,1.6786201654708222,-0.9794827828573078,0.03656849271833266,-1.5
1777389931.915117,tb2,-0.960031939781022,-1.5647821511798263,0.18,0.13163102361235227
1777389931.9554107,tb7,-0.04354354345688889,-0.31791095492529486,-0.009974057102802768,-1.5
1777389931.9574893,tb1,0.7215958496842119,0.04685116011806182,-0.023555488124526066,-1.5
1777389931.9649043,tb3,1.6700788554915875,-0.9870506281996784,0.028627931497807478,-1.5
1777389931.9650254,tb2,-0.954480489430403,-1.5577474695773676,0.18,0.13637692862386094
1777389932.0052834,tb7,-0.04633731809960539,-0.3167340194299477,-0.008307842036326585,-1.5
1777389932.0073555,tb1,0.7182686044874913,0.0445392541580537,-0.02899910660704641,-1.4999999999999998
1777389932.0147798,tb3,1.6700788554915875,-0.9870506281996784,0.028627931497807478,-1.5
1777389932.0151508,tb2,-0.954480489430403,-1.5577474695773676,0.18,0.13637692862386094
1777389932.0554142,tb7,-0.04512494994403252,-0.31730162634014986,-0.0052918244948481335,-1.5
1777389932.0575216,tb1,0.7159355095349815,0.04295250704414706,-0.03727173840844701,-1.5
1777389932.0650291,tb3,1.674788955794389,-0.9824555719096726,0.02314846715830533,-1.5
1777389932.065209,tb2,-0.9489810820198245,-1.550682409559963,0.18,0.13229069183226805
1777389932.1054518,tb7,-0.04760821599049106,-0.31613030766663663,-0.005578775725104428,-1.5
1777389932.107414,tb1,0.7244548160970202,0.04958626357119731,-0.03312988539958666,-1.4999999999999998
1777389932.114717,tb3,1.6719443969345638,-0.9855941626720324,0.016380912277036565,-1.5
1777389932.1150355,tb2,-0.9435335655891145,-1.5435851349984024,0.18,0.12952992842769756
1777389932.1553195,tb7,-0.04542328011157043,-0.31721447173860995,-0.00019477158735827407,-1.5
1777389932.1578636,tb1,0.7195947639601107,0.045490786722116615,-0.04113511279289609,-1.5000000000000002
1777389932.1647947,tb3,1.6647548970259876,-0.992686712812265,0.009621652214853267,-1.5
1777389932.1651037,tb2,-0.9381360666536461,-1.5364556592725442,0.18,0.130226824961883
1777389932.20543,tb7,-0.04542328011157043,-0.31721447173860995,-0.00019477158735827407,-1.5
1777389932.2076325,tb1,0.7195947639601107,0.045490786722116615,-0.04113511279289609,-1.5000000000000002
1777389932.214651,tb3,1.6647548970259876,-0.992686712812265,0.009621652214853267,-1.5
1777389932.215006,tb2,-0.9381360666536461,-1.5364556592725442,0.18,0.130226824961883
1777389932.2562459,tb7,-0.048783034950556414,-0.315460546676647,0.0008880203508386275,-1.5
1777389932.2577157,tb1,0.7215909391445693,0.04738541543373897,-0.041193345625297986,-1.5000000000000002
1777389932.2646477,tb3,1.6575112664577778,-0.9996522302025678,0.002715651956012794,-1.5
1777389932.2650309,tb2,-0.9327889016065218,-1.5292964065701031,0.18,0.13358824505591058
1777389932.3055084,tb7,-0.047488372348730254,-0.31614663489964334,0.004878692026910639,-1.5
1777389932.307447,tb1,0.7246621196738874,0.05021165462984393,-0.04168092104239604,-1.5
1777389932.3147633,tb3,1.6503231528439457,-1.0065448392299186,-0.004321265613806966,-1.5
1777389932.3151221,tb2,-0.9274927522045464,-1.5221080430065785,0.18,0.13163809489413025
1777389932.3555613,tb7,-0.047974016403439526,-0.3158817898434948,0.008646459559035603,-1.5
1777389932.3574712,tb1,0.7210162654877286,0.046531841224375536,-0.04856092467928581,-1.5
1777389932.3648791,tb3,1.6504563656932705,-1.0061811154404567,-0.009239620474622257,-1.5
1777389932.365171,tb2,-0.9222490139424234,-1.51489088525135,0.17999999999999997,0.13202861950109
1777389932.4052653,tb7,-0.04987409708580545,-0.31469483944210513,0.01002533796437767,-1.5
1777389932.4074707,tb1,0.7281436916636423,0.05423815096840844,-0.045430648096096045,-1.4999999999999998
1777389932.4149897,tb3,1.6500649272846957,-1.006818188656457,-0.013866411680475811,-1.5
1777389932.4153192,tb2,-0.9170569685575667,-1.5076440578229349,0.18,0.12910795208196105
1777389932.4552467,tb7,-0.04987409708580545,-0.31469483944210513,0.01002533796437767,-1.5
1777389932.4574878,tb1,0.7281436916636423,0.05423815096840844,-0.045430648096096045,-1.4999999999999998
1777389932.4647706,tb3,1.651976454825694,-1.0037085134826482,-0.013126781567129186,-1.5
1777389932.4650087,tb2,-0.91190877170308,-1.5003788768286774,0.18,0.12522093261579645
1777389932.505641,tb7,-0.05070240184975927,-0.31411405622311317,0.012510141904377912,-1.5
1777389932.5074496,tb1,0.7336395268593113,0.061103282874442735,-0.044585907334331716,-1.5
1777389932.514977,tb3,1.6520102753933987,-1.00364623227976,-0.0025085830873264312,-1.5
1777389932.515264,tb2,-0.9067450290523018,-1.4932065038188724,0.18,0.12957216778658454
1777389932.5553691,tb7,-0.05414052754925241,-0.3118135953764172,0.015089433503523052,-1.5
1777389932.5573611,tb1,0.730578645930479,0.05747757563020739,-0.04953423380830797,-1.5
1777389932.5648143,tb3,1.6520102753933987,-1.00364623227976,-0.0025085830873264312,-1.5
1777389932.5656395,tb2,-0.9067450290523018,-1.4932065038188724,0.18,0.12957216778658454
1777389932.6053617,tb7,-0.05756040709935444,-0.3092799873482029,0.01784959726492751,-1.5
1777389932.6075108,tb1,0.72690182849634,0.05287382227258149,-0.05499459664620592,-1.5
1777389932.6147034,tb3,1.6517111123861716,-1.0040157000119292,0.008267865473235743,-1.5
1777389932.6150615,tb2,-0.9016116656261092,-1.4860778076990218,0.18,0.13469795155962103
1777389932.6557548,tb7,-0.05681913101248464,-0.30986062239525747,0.023072836835209144,-1.5
1777389932.6573894,tb1,0.725206796795858,0.050698326210316134,-0.05999606559924954,-1.5
1777389932.6647723,tb3,1.6513255907852116,-1.0044307614263435,0.018973006518778708,-1.5
1777389932.6651955,tb2,-0.8965222123335949,-1.4789173817323404,0.18,0.13407605062955086
1777389932.705391,tb7,-0.05660864019659347,-0.31001625735483723,0.026822380112627275,-1.5
1777389932.7074044,tb1,0.7315290023069376,0.059493835304900954,-0.05764991416949942,-1.4999999999999998
1777389932.7148082,tb3,1.6504920909725762,-1.005200883857375,0.029432437688044873,-1.5
1777389932.7151816,tb2,-0.8915385410271429,-1.4714596832524434,0.18000000000000002,0.1293213532907482
1777389932.755339,tb7,-0.06009776189481408,-0.30688983774737477,0.02943531281303161,-1.5
1777389932.7575414,tb1,0.7319924160948281,0.06006489580303098,-0.05912794518192822,-1.5
1777389932.7647946,tb3,1.6491293558751412,-1.0062813938374195,0.040562599918533664,-1.5
1777389932.7650878,tb2,-0.886608045687907,-1.4639742242454077,0.18,0.13267936494595498
1777389932.8053231,tb7,-0.0620262051964744,-0.3051143934508587,0.03374583233162807,-1.5
1777389932.8074594,tb1,0.7294524580710381,0.05619538095424963,-0.06341961185659362,-1.5
1777389932.8147402,tb3,1.6471838344729735,-1.0075966344644947,0.052234307103513816,-1.5
1777389932.815091,tb2,-0.8817296335222816,-1.4564619336848028,0.18,0.13623694924246
1777389932.855334,tb7,-0.06105284123551271,-0.30610100089525366,0.03881159965640557,-1.5
1777389932.8574984,tb1,0.735122535180949,0.06525779926062802,-0.06116010016606673,-1.5
1777389932.8649197,tb3,1.644590114177924,-1.0090777655959802,0.0638211124207228,-1.5
1777389932.865117,tb2,-0.8769056864509844,-1.4489246203702582,0.18,0.1315025683681923
1777389932.9053922,tb7,-0.06105284123551271,-0.30610100089525366,0.03881159965640557,-1.5
1777389932.9074295,tb1,0.735122535180949,0.06525779926062802,-0.06116010016606673,-1.5
1777389932.9146788,tb3,1.6413000260010766,-1.0106405442540105,0.07648102730927919,-1.5
1777389932.9150338,tb2,-0.8721355310841868,-1.4413598459733512,0.18000000000000002,0.13395928114022482
1777389932.9554272,tb7,-0.06305394819530062,-0.3039229745760059,0.04303173858034033,-1.5
1777389932.9574234,tb1,0.7357892454741652,0.06627458411974917,-0.06213775922404298,-1.4999999999999998
1777389932.9647715,tb3,1.6413000260010766,-1.0106405442540105,0.07648102730927919,-1.5
1777389932.9652145,tb2,-0.8721355310841868,-1.4413598459733512,0.18000000000000002,0.13395928114022482
1777389933.0053816,tb7,-0.0654993187833662,-0.30110446009143477,0.0475217196534295,-1.5
1777389933.0074654,tb1,0.7347974924092394,0.06460414791141306,-0.06414494979794594,-1.5
1777389933.014789,tb3,1.6372811065571926,-1.0121893775885695,0.09016043170257082,-1.5
1777389933.0151057,tb2,-0.8674193909680801,-1.4337696863264195,0.18,0.13829885755749813
1777389933.0554318,tb7,-0.06495482938776163,-0.3017622191083901,0.053371186592731656,-1.5
1777389933.0574923,tb1,0.7399019555062567,0.07376430289020773,-0.061502587426510935,-1.5
1777389933.0648031,tb3,1.632312601154814,-1.013357049055529,0.10423716463883562,-1.5
1777389933.0651937,tb2,-0.8627580011952308,-1.4261540943584559,0.18,0.13546617212113726
1777389933.1053734,tb7,-0.06746094122181905,-0.29844178658034237,0.05850059973340888,-1.5
1777389933.107448,tb1,0.7383027692393286,0.07098142265101032,-0.0634660596037947,-1.5
1777389933.1146522,tb3,1.627529204888408,-1.0144722266378492,0.12065805181086477,-1.5
1777389933.1150386,tb2,-0.8581530999714342,-1.4185136851267235,0.18,0.14039659987022862
1777389933.156068,tb7,-0.07041231582104149,-0.29435556983061634,0.06355951628387463,-1.5
1777389933.1574938,tb1,0.7362982558299522,0.06764593939932327,-0.06567324658557025,-1.5
1777389933.1651351,tb2,-0.8536041153581378,-1.4108474559370545,0.18,0.146421306315484
1777389933.1658974,tb3,1.6229353235083452,-1.015552788410415,0.13932614187383943,-1.5
1777389933.2053664,tb7,-0.07241802193391425,-0.29140865261023613,0.0698209674331148,-1.5
1777389933.2074637,tb1,0.7344579574175806,0.06422426387365529,-0.06776178044932865,-1.5
1777389933.2147927,tb3,1.616915896440384,-1.0162184155696332,0.16019277882564922,-1.5
1777389933.2151253,tb2,-0.8491140797946322,-1.4031574024552425,0.18,0.15114867801150975
1777389933.2563446,tb7,-0.07450872216525897,-0.28795994422205107,0.07707100015577555,-1.5
1777389933.257294,tb1,0.7338238401797339,0.06304579183599655,-0.06896307653840926,-1.5
1777389933.26471,tb3,1.6090490420645476,-1.0161874710304795,0.18,-1.4704027494328202
1777389933.2652717,tb2,-0.8446096687779341,-1.395551224289961,0.18,0.1562213413534726
1777389933.3054059,tb7,-0.07450872216525897,-0.28795994422205107,0.0767159012049888,-1.5
1777389933.307448,tb1,0.7338238401797339,0.06304579183599655,-0.068480133514967,-1.5
1777389933.3147073,tb3,1.6090490420645476,-1.0161874710304795,0.18,-1.4704027494328202
1777389933.3154714,tb2,-0.8401305608824379,-1.3879927797957992,0.18,0.15443078315928033
1777389933.3554363,tb7,-0.07692363749355285,-0.2835518593589807,0.08864836131612276,-1.5
1777389933.3575757,tb1,0.7382805752023397,0.07247868275332332,-0.06454871583196377,-1.5
1777389933.3648224,tb3,1.599739322964979,-1.0154435714313677,0.18,-1.287019799874757
1777389933.3651192,tb2,-0.8401305608824379,-1.3879927797957992,0.17999999999999997,0.15971374263103688
1777389933.4055142,tb7,-0.07882786329258122,-0.27936691532194596,0.10753407576589086,-1.5
1777389933.4075725,tb1,0.7399130364990703,0.07593534570735302,-0.0630369049292424,-1.5
1777389933.4147763,tb3,1.590392644293916,-1.0140306912661983,0.18,-1.115679127349202
1777389933.4152102,tb2,-0.8356963978954279,-1.3804358207933842,0.18,0.1643682588825393
1777389933.455416,tb7,-0.08065667114105228,-0.2743861424535377,0.1302612777007935,-1.5
1777389933.4580066,tb1,0.7384249806867463,0.07261130125793587,-0.06404072813643169,-1.5
1777389933.4647052,tb3,1.5820512679645162,-1.0121068036828633,0.17999999999999997,-0.9504801236932262
1777389933.4651968,tb2,-0.8314066541302478,-1.3725691753716105,0.18,0.17014235484476267
1777389933.5057013,tb7,-0.08241210369237374,-0.26820765065636765,0.1564912873764863,-1.5
1777389933.5073924,tb1,0.7407125417290842,0.07792469437684378,-0.06158146897437041,-1.5
1777389933.5148213,tb3,1.5713808512705003,-1.008786747474129,0.18,-0.8072774303995324
1777389933.5150368,tb2,-0.827182346774026,-1.3646780013303312,0.18,0.17263364627912406
1777389933.5553489,tb7,-0.08387552031430875,-0.260991749325901,0.18,-1.4371312700136405
1777389933.5574176,tb1,0.7441940398563525,0.08603167853903845,-0.05886478042669988,-1.5
1777389933.5646849,tb3,1.5642270103630411,-1.0060024488962043,0.18,-0.6649264529526402
1777389933.565079,tb2,-0.8230303456371377,-1.3567622354830908,0.18,0.17162875666293498
1777389933.6055365,tb7,-0.08387552031430875,-0.260991749325901,0.18,-1.4371312700136405
1777389933.6075594,tb1,0.7441940398563525,0.08603167853903845,-0.05886478042669988,-1.5
1777389933.6154056,tb2,-0.8189495365849522,-1.348817276478828,0.18,0.16680009327809184
1777389933.615992,tb3,1.5546706521480138,-1.0013483709672553,0.18,-0.530023974991645
1777389933.6555367,tb7,-0.08512514077991266,-0.2538716032029847,0.18,-1.1621840396047547
1777389933.6574996,tb1,0.7428362304704141,0.08276457707617173,-0.059261025676312355,-1.5
1777389933.6648164,tb3,1.5546706521480138,-1.0013483709672553,0.18,-0.530023974991645
1777389933.6651077,tb2,-0.8189495365849522,-1.348817276478828,0.18,0.17449163166190823
1777389933.7054596,tb7,-0.08586601841654413,-0.24569136943279915,0.18,-0.9159385094845655
1777389933.7076561,tb1,0.7414354700745247,0.07956183001225105,-0.0600994621885252,-1.5
1777389933.7149563,tb3,1.547365632736626,-0.9972356314362775,0.18,-0.39602159042491286
1777389933.715185,tb2,-0.814938257707638,-1.3408423130656462,0.18,0.175927070586113
1777389933.755351,tb7,-0.08569735034253287,-0.23621954241171045,0.18,-0.7284260846862362
1777389933.757488,tb1,0.7427485072914832,0.0829960167663723,-0.058785523732015045,-1.5
1777389933.7646928,tb3,1.5389892597666235,-0.9915079318919525,0.18,-0.2723142050405803
1777389933.7651017,tb2,-0.810999823872331,-1.3328422843858578,0.18,0.1735609658636951
1777389933.8052506,tb7,-0.0850833617965278,-0.22687258336420774,0.18,-0.6204437076416366
1777389933.8073902,tb1,0.7460569039838584,0.09127307635277515,-0.056331315507191865,-1.5
1777389933.814701,tb3,1.532453032387078,-0.9867233514189965,0.17999999999999997,-0.15060632147617864
1777389933.8150883,tb2,-0.8071346933617334,-1.3248139609937812,0.18,0.16801473035947456
1777389933.8553936,tb7,-0.0850833617965278,-0.22687258336420774,0.18,-0.6204437076416366
1777389933.8574605,tb1,0.7460569039838584,0.09127307635277515,-0.056331315507191865,-1.5
1777389933.8646028,tb3,1.5287505914149737,-0.9841777887132722,0.18,-0.022207231118460496
1777389933.8650436,tb2,-0.8033411505049751,-1.3167564966945384,0.18,0.16187663100494112
1777389933.9053266,tb7,-0.0841508380282589,-0.2176348352049866,0.18,-0.5358779009471732
1777389933.9074337,tb1,0.7478270507093225,0.09570922718421748,-0.055444536008213516,-1.5
1777389933.9149847,tb3,1.5287505914149737,-0.9841777887132722,0.18,-0.022207231118460496
1777389933.915183,tb2,-0.8033411505049751,-1.3167564966945384,0.18,0.16187663100494112
1777389933.9553964,tb7,-0.0829354070318519,-0.20845221956988236,0.18,-0.44699314205730784
1777389933.9574757,tb1,0.7465667821484899,0.09249629495472919,-0.05676801568492305,-1.5
1777389933.9646463,tb3,1.526141743758299,-0.9819110566713256,0.18,0.1126651114785706
1777389933.9650004,tb2,-0.7996164557894136,-1.3086708774585671,0.18,0.15731104459526773
1777389934.0054414,tb7,-0.08147685867003694,-0.1993626610849189,0.18000000000000002,-0.38280501997181404
1777389934.0075493,tb1,0.7485914008970466,0.09776929363587647,-0.05566166284094454,-1.5
1777389934.0148535,tb3,1.5238802001171232,-0.979281332531551,0.18,0.24652727711934969
1777389934.0151093,tb2,-0.7959408431123269,-1.3005792487362622,0.18,0.15002032342256993
1777389934.055743,tb7,-0.08050370303569285,-0.19058901058464373,0.18,-0.32323258234297586
1777389934.0574276,tb1,0.751483159723482,0.10521122348933735,-0.0527806907845683,-1.5
1777389934.064813,tb3,1.5146124722857517,-0.9665535033171877,0.18,0.36540015868117204
1777389934.0651612,tb2,-0.7922367316900367,-1.2925743741232145,0.18,0.14721212316564483
1777389934.105331,tb7,-0.07940603185226641,-0.1817990619968576,0.18,-0.25663975789210197
1777389934.1073935,tb1,0.7503053481327346,0.10213553859269704,-0.0532916228789556,-1.5
1777389934.1148667,tb3,1.5099639495974373,-0.9594174207060697,0.18000000000000002,0.5006838475704994
1777389934.1150787,tb2,-0.7885541133936294,-1.2846185636832714,0.18,0.1447005852379459
1777389934.1554897,tb7,-0.07940603185226641,-0.1817990619968576,0.18,-0.25663975789210197
1777389934.157445,tb1,0.7503053481327346,0.10213553859269704,-0.0532916228789556,-1.5
1777389934.1647367,tb3,1.5092374492786627,-0.9580197762433355,0.18,0.6464403144670428
1777389934.1649818,tb2,-0.7849761252026629,-1.276540979400849,0.18000000000000002,0.1376073433837386
1777389934.205438,tb7,-0.07739024151615469,-0.17305912889774583,0.18,-0.18963896522252457
1777389934.2075586,tb1,0.7501055337611067,0.10167957499406509,-0.05379504322144018,-1.5
1777389934.2147138,tb3,1.5092374492786627,-0.9580197762433355,0.18,0.6464403144670428
1777389934.2150197,tb2,-0.7849761252026629,-1.276540979400849,0.18000000000000002,0.1376073433837386
1777389934.255466,tb7,-0.07513154805379799,-0.164148832607707,0.18,-0.12330741675819389
1777389934.257505,tb1,0.753063259220743,0.10933778012469773,-0.05116240159675875,-1.5
1777389934.264788,tb3,1.5030342283981573,-0.9443516792000478,0.18,0.7819420536042039
1777389934.2650166,tb2,-0.781545904786221,-1.2682592977075229,0.17999999999999997,0.1318052567510162
1777389934.3054068,tb7,-0.07276198652009541,-0.15541052690914536,0.18,-0.08755637236567648
1777389934.3077137,tb1,0.7557299589891529,0.11624037599089306,-0.04880812837457706,-1.5
1777389934.3147113,tb3,1.4969984378599202,-0.9294960315983446,0.18,0.9264623068506196
1777389934.3150527,tb2,-0.7781744327041163,-1.2599596514205864,0.18,0.125962058928487
1777389934.3553286,tb7,-0.0703407062830616,-0.1467031642185653,0.18,-0.06165609011189929
1777389934.3580682,tb1,0.7563292570558089,0.11781393979390645,-0.04823277336365102,-1.5
1777389934.3647037,tb3,1.4941324119575297,-0.9224312890695611,0.18,1.0878146673540103
1777389934.3650434,tb2,-0.7748591739951821,-1.2516413520511425,0.18,0.12038127795140097
1777389934.4053574,tb7,-0.0703407062830616,-0.1467031642185653,0.18,-0.06165609011189929
1777389934.4102118,tb1,0.7570297690952443,0.11960097702714477,-0.04710378689048293,-1.5
1777389934.4147234,tb3,1.4941693887727137,-0.922403915606411,0.18,1.265720079500282
1777389934.4150894,tb2,-0.7715975469459964,-1.2433059449081239,0.18,0.11383964230584744
1777389934.4553607,tb7,-0.067977664575906,-0.13802192449821618,0.18,-0.04527069985872148
1777389934.4580986,tb1,0.7570297690952443,0.11960097702714477,-0.047658391064064776,-1.5
1777389934.464738,tb3,1.4941693887727137,-0.922403915606411,0.18,1.265720079500282
1777389934.4650607,tb2,-0.7715975469459964,-1.2433059449081239,0.18,0.11383964230584744
1777389934.5053692,tb7,-0.06589386511874754,-0.1293629236344122,0.18,-0.029008000002485216
1777389934.5074584,tb1,0.7582812785884329,0.12270493459273878,-0.045752396187239724,-1.5
1777389934.5151896,tb2,-0.7683863566697197,-1.2349543209289282,0.18,0.110072069395622
1777389934.5153213,tb3,1.49071895289729,-0.9034758036003512,0.18,1.453037311297557
1777389934.555427,tb7,-0.0634363556957749,-0.12069661665122211,0.18,-0.008622380818089562
1777389934.5574846,tb1,0.75906335255134,0.12456591097582329,-0.04328045636035912,-1.5
1777389934.5647585,tb3,1.487983594881077,-0.8847711512898211,0.16211776008005307,1.5
1777389934.5655243,tb2,-0.7652249744750572,-1.2265902540517797,0.18,0.1054553561940714
1777389934.6054304,tb7,-0.06091524503191349,-0.11204088750388655,0.18000000000000002,0.005071336597650452
1777389934.6075304,tb1,0.759846785315771,0.12629035032526062,-0.03452290151681764,-1.5
1777389934.6149452,tb3,1.487100725499944,-0.8798253916998472,0.1426108036355245,1.5000000000000002
1777389934.6150498,tb2,-0.7621119623268718,-1.2182130927642019,0.18,0.10002048698497548
1777389934.655889,tb7,-0.05839458033164582,-0.10340118892257466,0.18,0.0154833138297046
1777389934.6575112,tb1,0.7604639752014595,0.12742336543338956,-0.025822300630927383,-1.5
1777389934.6648304,tb3,1.4871663042940342,-0.8822181869655188,0.12588312935425772,1.5
1777389934.6650956,tb2,-0.7590450750133935,-1.2098233016362903,0.18,0.09466853900742206
1777389934.7052042,tb7,-0.05588069226901693,-0.09477285747001803,0.18,0.03726956095038256
1777389934.7074215,tb1,0.7608806301378447,0.1280857823987264,-0.017537984622862716,-1.5
1777389934.7150857,tb2,-0.756021695276314,-1.2014218843070996,0.18,0.08958525942281002
1777389934.715392,tb3,1.4880155194244253,-0.8648644300579225,0.11003034198189975,1.5
1777389934.7554908,tb7,-0.05588069226901693,-0.09477285747001803,0.18,0.02372848538672118
1777389934.757673,tb1,0.7608806301378447,0.1280857823987264,-0.017537984622862716,-1.5
1777389934.764852,tb3,1.4894007319885014,-0.849049029334204,0.09557403923266991,1.5
1777389934.7649808,tb2,-0.7529556525495441,-1.1930878686516038,0.18,0.08502262035027981
1777389934.8055046,tb7,-0.05340248283326651,-0.08615618720895211,0.18,0.028701098415105715
1777389934.807497,tb1,0.7609384767317815,0.12893107519479038,-0.009608663591343276,-1.5
1777389934.8148644,tb3,1.4894007319885014,-0.849049029334204,0.09557403923266991,1.5
1777389934.8152325,tb2,-0.7529556525495441,-1.1930878686516038,0.18,0.08502262035027981
1777389934.8553653,tb7,-0.051011272975631336,-0.07756646475798393,0.18,0.03642674958761454
1777389934.8576624,tb1,0.7609532079819348,0.1304559185734709,-0.0013074493095751193,-1.5
1777389934.8648295,tb3,1.4885354403119215,-0.8546522576716815,0.08462261289185624,1.5000000000000002
1777389934.8651755,tb2,-0.7498859245344324,-1.1848185906749285,0.18,0.08200744884913728
1777389934.9053953,tb7,-0.0485418165299489,-0.0689210264117225,0.18,0.04671663922796829
1777389934.907566,tb1,0.7608721249427374,0.13118853972809583,0.006924700643098352,-1.5
1777389934.9147432,tb3,1.4876247860972884,-0.85883267642509,0.07426016971576496,1.5
1777389934.9152036,tb2,-0.7468431640859386,-1.1765705294520086,0.18,0.07886016059985074
1777389934.955321,tb7,-0.04608481582941227,-0.060276450585176916,0.18,0.0513480290414235
1777389934.957665,tb1,0.7602700639081968,0.13072738064748074,0.014145149147887323,-1.5
1777389934.9646971,tb3,1.4910080697889128,-0.846014614368718,0.06307714217602614,1.5
1777389934.9650705,tb2,-0.743958394042196,-1.1680580561666178,0.18,0.07436166787260587
1777389935.0053296,tb7,-0.04365071375150655,-0.051636620055967815,0.18,0.05614464124361498
1777389935.0075479,tb1,0.7592378474109943,0.13003387775459174,0.02116337170925478,-1.5
1777389935.0146906,tb3,1.4945145326484233,-0.8340477135867479,0.05253837279259128,1.5
1777389935.015086,tb2,-0.7411076123794055,-1.1595353952080028,0.18,0.07070968852901402
1777389935.0552952,tb7,-0.04365071375150655,-0.051636620055967815,0.18,0.05614464124361498
1777389935.0572243,tb1,0.7578146746069893,0.1292164437143631,0.029651462726464253,-1.5
1777389935.0647259,tb3,1.4948934368546776,-0.8317877572057335,0.04369284369349755,1.5
1777389935.064996,tb2,-0.7382897102185485,-1.1510067123235632,0.18,0.06960314615720868
1777389935.1054513,tb7,-0.04124192295725316,-0.04299918718261969,0.18,0.0670298311797227
1777389935.1073909,tb1,0.7578146746069893,0.1292164437143631,0.028684382030763105,-1.4999999999999998
1777389935.1146734,tb3,1.4948934368546776,-0.8317877572057335,0.04369284369349755,1.5
1777389935.115026,tb2,-0.7382897102185485,-1.1510067123235632,0.18,0.06960314615720868
1777389935.1553257,tb7,-0.038862159811953456,-0.034372030780415806,0.18,0.0819038071543811
1777389935.1573582,tb1,0.7559317882238965,0.1283089267894385,0.036384770012930126,-1.5
1777389935.1647828,tb3,1.4940858189941995,-0.8339741742799226,0.03582528572220107,1.5
1777389935.1651242,tb2,-0.7355035836102625,-1.1424736257485095,0.18,0.06976208520905838
1777389935.2054315,tb7,-0.036503075011395845,-0.02576831334920289,0.18,0.08721148072430371
1777389935.207473,tb1,0.7539053211453965,0.12751536774882724,0.0430808410698898,-1.5000000000000002
1777389935.2147536,tb3,1.4988407274634885,-0.8239623937056852,0.0270450388416582,1.5
1777389935.2151847,tb2,-0.7327491779961752,-1.1339372176948361,0.18,0.0667976445560086
1777389935.2554107,tb7,-0.03417457089657966,-0.017103986781539546,0.18,0.1055175188429045
1777389935.2574294,tb1,0.7514510015353288,0.12676995221407125,0.05169169239554337,-1.5
1777389935.2647946,tb3,1.4953774687008505,-0.8304897147685785,0.02086036334135624,1.5
1777389935.2651908,tb2,-0.730026450570718,-1.1253973654668088,0.18,0.06900102980807167
1777389935.3053696,tb7,-0.031888018928932886,-0.008441570027433287,0.18,0.11056648944657228
1777389935.3073661,tb1,0.7494589686044034,0.12649483644792786,0.06003343023828246,-1.5
1777389935.314774,tb3,1.497255747920412,-0.8274877948398954,0.013792540849318352,1.5
1777389935.3151479,tb2,-0.7273345814146284,-1.1168541766205675,0.18,0.06788379859565705
1777389935.3553236,tb7,-0.029650092823772938,0.00022118724304714843,0.18,0.11694360561072152
1777389935.3574634,tb1,0.7472395005138709,0.12620776068575415,0.0691545068335935,-1.5
1777389935.364836,tb3,1.4978885967581785,-0.8263246541432824,0.0074016518014408846,1.5
1777389935.3652089,tb2,-0.7246741664154317,-1.10830848179814,0.18,0.06762675660383927
1777389935.4055223,tb7,-0.029650092823772938,0.00022118724304714843,0.18,0.11694360561072152
1777389935.4074438,tb1,0.743231729954362,0.12589881959627824,0.07844779876530547,-1.5
1777389935.4147482,tb3,1.4953979438439124,-0.8300351761781035,0.0018925014247897888,1.5
1777389935.4150481,tb2,-0.7220448515840411,-1.0997598776582418,0.18,0.07082036197835283
1777389935.4554563,tb7,-0.0274635804854115,0.008886950260995629,0.18,0.13598847977806922
1777389935.45745,tb1,0.743231729954362,0.12589881959627824,0.07800509043439711,-1.4999999999999998
1777389935.4649122,tb2,-0.7194090403351975,-1.091248841780775,0.18,0.07059513348629505
1777389935.4650586,tb3,1.4992761466404252,-0.8247881231984042,-0.004665045331528486,1.5
1777389935.5053902,tb7,-0.025317641520909127,0.017528034166801352,0.18,0.14577150100475447
1777389935.5076454,tb1,0.7386993865309213,0.12588446172081955,0.08497448004859101,-1.5
1777389935.5147574,tb3,1.4992761466404252,-0.8247881231984042,-0.004607749977301032,1.5
1777389935.5151865,tb2,-0.7194090403351975,-1.091248841780775,0.18,0.07059513348629505
1777389935.555387,tb7,-0.023222594505104263,0.026203750850903797,0.18,0.17086541472388037
1777389935.557552,tb1,0.7341107972887939,0.12621133698073075,0.09576058569508346,-1.5
1777389935.5648615,tb3,1.494061638528594,-0.8311450002919841,-0.008954543149865104,1.5
1777389935.5650692,tb2,-0.716766330933544,-1.0828035781078567,0.18,0.076099593424191
1777389935.605492,tb7,-0.021202800050217536,0.034908281457219116,0.18,0.19330491540871386
1777389935.6075184,tb1,0.7290988058192259,0.1269506215106366,0.10711728831425055,-1.5
1777389935.6147437,tb3,1.4894168807093173,-0.8358391846089325,-0.013495250999441112,1.5
1777389935.6151865,tb2,-0.7141385172505885,-1.074408490118507,0.18,0.08191335579223344
1777389935.655319,tb7,-0.019261267015609932,0.04361146115980373,0.18,0.19738012472500138
1777389935.657629,tb1,0.7235551379921513,0.12819888475165597,0.11535245359112764,-1.5
1777389935.664764,tb3,1.4934535357094418,-0.8313543732050431,-0.01948386204287939,1.5
1777389935.6650867,tb2,-0.7116133771091757,-1.0657871681328248,0.18,0.08201112833562818
1777389935.705227,tb7,-0.017406249765654486,0.05232050551789021,0.18,0.19700759440578547
1777389935.7073636,tb1,0.7182463180269693,0.12970241159917872,0.12487331712661472,-1.5
1777389935.7147307,tb3,1.4978753899768948,-0.8266831032725945,-0.025464914555388032,1.5
1777389935.7151194,tb2,-0.7091285573841508,-1.0571531845484585,0.18,0.08112340403281929
1777389935.7553911,tb7,-0.017406249765654486,0.05232050551789021,0.18,0.19700759440578547
1777389935.7576518,tb1,0.7182463180269693,0.12970241159917872,0.12487331712661472,-1.5
1777389935.7646601,tb3,1.4912376083920587,-0.8331204246463371,-0.029060509112526715,1.5
1777389935.7650688,tb2,-0.7066806410099307,-1.0485153594036511,0.18,0.08706548718950106
1777389935.805355,tb7,-0.0156256846264617,0.061026332516017405,0.18,0.21758061236821208
1777389935.80748,tb1,0.7131912314417912,0.1312325796538859,0.14222515008817063,-1.5
1777389935.8148382,tb3,1.4933892636630688,-0.8312222842168597,-0.034235183099563804,1.5
1777389935.8153927,tb2,-0.7042709764697435,-1.039875955697134,0.18,0.08813614322252884
1777389935.8553848,tb7,-0.013898827724419402,0.06972699353510976,0.18,0.2267594517386319
1777389935.8576024,tb1,0.7069382607718908,0.1342145519492094,0.15458024028396034,-1.5
1777389935.864767,tb3,1.4933892636630688,-0.8312222842168597,-0.03413818084593127,1.5
1777389935.8651285,tb2,-0.7042709764697435,-1.039875955697134,0.18,0.08813614322252884
1777389935.9053848,tb7,-0.012307025127549814,0.07849287897217311,0.18,0.24768345587466314
1777389935.9076412,tb1,0.7002119433192382,0.1380643794231942,0.17221890328297995,-1.5
1777389935.9148073,tb3,1.4892265461571446,-0.8347862414667628,-0.037794013936096264,1.5
1777389935.9151883,tb2,-0.7019010801026213,-1.031233422104381,0.18,0.09368319084815079
1777389935.9553618,tb7,-0.010816311611238815,0.08726302205015793,0.18,0.2600360894163266
1777389935.957696,tb1,0.6931313377744981,0.14285152052018382,0.18,-1.4258665205911183
1777389935.9647205,tb3,1.4888946768200209,-0.835133956570365,-0.04194386442554544,1.5
1777389935.9651759,tb2,-0.6995712462184085,-1.0225874916764945,0.18,0.09722633177430068
1777389936.0052762,tb7,-0.009435760234448573,0.09603548968033553,0.18,0.27740901704443094
1777389936.007441,tb1,0.685748975749227,0.14868568636137944,0.18,-1.2814185230865347
1777389936.0147123,tb3,1.4854212009230414,-0.8378286738839678,-0.04521834683167651,1.5
1777389936.015052,tb2,-0.697283711401104,-1.013939795676,0.18,0.10267438264617326
1777389936.0554507,tb7,-0.008160648355696623,0.10480336646976217,0.18,0.2814212938123266
1777389936.057527,tb1,0.6788055033932787,0.15473108914015896,0.18,-1.1733950628374838
1777389936.064733,tb3,1.4853843296558273,-0.8379105269930184,-0.04881993191386841,1.5
1777389936.0651927,tb2,-0.6950404964313108,-1.005289599909511,0.18,0.10517225875451641
1777389936.1052623,tb7,-0.006934011477015911,0.11354010701243561,0.18,0.2947132206286021
1777389936.1074462,tb1,0.6722290640067771,0.16058750693866125,0.18,-1.041710980007159
1777389936.1147792,tb3,1.4798513306468422,-0.8419223244928004,-0.05103925890888264,1.5
1777389936.1151133,tb2,-0.6928439363478626,-0.9966364533756826,0.18,0.11045490741221438
1777389936.1554234,tb7,-0.006934011477015911,0.11354010701243561,0.18,0.2947132206286021
1777389936.1575236,tb1,0.6722290640067771,0.16058750693866125,0.18,-1.041710980007159
1777389936.1647053,tb3,1.4823306331491242,-0.8399139480178978,-0.05440742948384681,1.5
1777389936.165076,tb2,-0.6906636450718211,-0.9880183495385833,0.18,0.10998799152514956
1777389936.205417,tb7,-0.005916524561351866,0.12235846079777259,0.18,0.2811738263926361
1777389936.2075768,tb1,0.6661863129692831,0.16772389616169195,0.18,-0.9428844051590992
1777389936.2147584,tb3,1.4823306331491242,-0.8399139480178978,-0.05440742948384681,1.5
1777389936.2152095,tb2,-0.6906636450718211,-0.9880183495385833,0.18,0.10998799152514956
1777389936.2554982,tb7,-0.0050293439187919274,0.1311847462101433,0.18,0.26068189096371375
1777389936.2574956,tb1,0.6604724132680991,0.1753144932088301,0.18,-0.8915048944803661
1777389936.2648842,tb3,1.4862594829936826,-0.836827502213928,-0.05801769578814612,1.5
1777389936.2652209,tb2,-0.6884878013982078,-0.9794597898846514,0.18,0.10853669034683602
1777389936.3053505,tb7,-0.004267089867055895,0.14002459229385064,0.18,0.23945235172958237
1777389936.307431,tb1,0.6551859110450943,0.18309868264099471,0.18,-0.8515347518632553
1777389936.3147464,tb3,1.4900590867092955,-0.8342905833005837,-0.061600870868717676,1.5
1777389936.315059,tb2,-0.6863373565594413,-0.9709209633041793,0.18,0.10707276605187581
1777389936.3553488,tb7,-0.003587808502152269,0.14886793619977745,0.18,0.23798840881776911
1777389936.357505,tb1,0.6502690700871071,0.19108282155295575,0.18,-0.7748045270033379
1777389936.364823,tb3,1.4862385542024132,-0.8366569119023545,-0.06362519955020152,1.5
1777389936.3652225,tb2,-0.6843191947304412,-0.9621733316621928,0.18,0.11022318728573033
1777389936.405446,tb7,-0.003587808502152269,0.14886793619977745,0.18,0.23798840881776911
1777389936.4078712,tb1,0.6452907291226357,0.1986733672465848,0.18,-0.6799145938430449
1777389936.4146485,tb3,1.4791964745652406,-0.8410636288524428,-0.06490566916868594,1.5
1777389936.4151018,tb2,-0.6823495362196188,-0.9534218312819864,0.18,0.11545033932469038
1777389936.4554627,tb7,-0.0029257990225465985,0.1576826371043961,0.18,0.2463505587499708
1777389936.4580526,tb1,0.6452907291226357,0.1986733672465848,0.18,-0.6860542357732063
1777389936.4647934,tb3,1.4791964745652406,-0.8410636288524428,-0.06490566916868594,1.5
1777389936.4651651,tb2,-0.6823495362196188,-0.9534218312819864,0.18,0.11545033932469038
1777389936.505297,tb7,-0.0024885281966661003,0.16657183461259575,0.18,0.222424750025172
1777389936.507478,tb1,0.6409668856492228,0.20689811498028862,0.18,-0.6345871242471072
1777389936.5149686,tb3,1.4824346953456211,-0.8391110082144779,-0.06778215155678213,1.5
1777389936.5151522,tb2,-0.6804305955646901,-0.9446683406375591,0.18,0.11283852504837323
1777389936.5554345,tb7,-0.0021589450895143788,0.1754590840070838,0.18,0.21349142140720542
1777389936.557522,tb1,0.6371518250821043,0.21532593964412466,0.18,-0.5429885088534083
1777389936.5648587,tb3,1.477144676446933,-0.8421992907262681,-0.06883498197321906,1.5
1777389936.565976,tb2,-0.6785634885666928,-0.9359107457782702,0.18,0.11562857521431025
1777389936.6054935,tb7,-0.0019301209861422577,0.18435185375793992,0.18,0.20744378607317313
1777389936.6074631,tb1,0.6336148507099595,0.2238889487994918,0.18,-0.47471841871814097
1777389936.61483,tb3,1.4708628988830146,-0.8458502317559011,-0.06952145482107111,1.5
1777389936.6150882,tb2,-0.6767474892608534,-0.9271486622801036,0.18,0.1191340886155903
1777389936.6561651,tb7,-0.0017324293236641313,0.1932222865818819,0.18,0.1793889462907198
1777389936.6574662,tb1,0.6302734250585166,0.23245970580776926,0.18,-0.4667416702558864
1777389936.6647873,tb3,1.473666008684287,-0.8442638352089642,-0.07165900978158365,1.5
1777389936.6651015,tb2,-0.6749837951844948,-0.9183844115813229,0.18,0.1155608400801619
1777389936.7053568,tb7,-0.0017324293236641313,0.1932222865818819,0.18,0.1793889462907198
1777389936.707319,tb1,0.6302734250585166,0.23245970580776926,0.18,-0.4667416702558864
1777389936.7146895,tb3,1.4656417246459583,-0.8487152574886507,-0.07147383767380575,1.5
1777389936.7150264,tb2,-0.6732731188285885,-0.9096161469722213,0.18,0.11989258396492515
1777389936.7554772,tb7,-0.0016281331998428301,0.20211135618121337,0.18,0.18056527742469503
1777389936.7577465,tb1,0.6268358104190004,0.24087855580499282,0.18,-0.41034573322738715
1777389936.7650988,tb3,1.4656417246459583,-0.8487152574886507,-0.07147383767380575,1.5
1777389936.7652116,tb2,-0.6732731188285885,-0.9096161469722213,0.18,0.11989258396492515
1777389936.8053775,tb7,-0.0016659919348043148,0.21103484809668932,0.18,0.16786859869709816
1777389936.8075328,tb1,0.6239652835230214,0.24963298187043445,0.17999999999999997,-0.3626415432109436
1777389936.814863,tb3,1.461512945819324,-0.850977992078855,-0.07185429332370145,1.5
1777389936.815086,tb2,-0.671615644700454,-0.9008457117883448,0.18,0.12078343300559106
1777389936.8554106,tb7,-0.0017836631850345027,0.2199527637690489,0.18,0.13623520783850168
1777389936.857528,tb1,0.6212929477375426,0.25841136881764126,0.18,-0.357680430428627
1777389936.864936,tb3,1.4639927278097595,-0.8496489299179386,-0.07331376026782191,1.5
1777389936.8654456,tb2,-0.6700074678203735,-0.892075659343123,0.18,0.11667355616633902
1777389936.9054728,tb7,-0.0019611924644365964,0.22887062718030513,0.18,0.10633183169729155
1777389936.9074733,tb1,0.6187900328093787,0.2672171574510879,0.18,-0.3556782106340947
1777389936.9148843,tb3,1.466442049544446,-0.8483370414056329,-0.0747585680207531,1.5
1777389936.9151406,tb2,-0.6683729415088685,-0.8833702124743241,0.18,0.11273579377031762
1777389936.9554403,tb7,-0.0019611924644365964,0.22887062718030513,0.18,0.10633183169729155
1777389936.9576762,tb1,0.6187900328093787,0.2672171574510879,0.18,-0.3556782106340947
1777389936.9646904,tb3,1.4688178848030902,-0.8470647210525009,-0.0760824224837115,1.5
1777389936.9653401,tb2,-0.666747541476644,-0.8747170364486391,0.18,0.10843201856217907
1777389937.0054548,tb7,-0.002124156786585497,0.23776709301242505,0.18,0.08097745560192571
1777389937.0076654,tb1,0.616242818883459,0.27594851066193743,0.18,-0.35597746531818714
1777389937.0146964,tb3,1.4688178848030902,-0.8470647210525009,-0.0761931559369238,1.5
1777389937.0150638,tb2,-0.666747541476644,-0.8747170364486391,0.18,0.10890411738951077
1777389937.055348,tb7,-0.0024299356123387225,0.24672334322094394,0.17999999999999997,0.07644454837968792
1777389937.0573993,tb1,0.6140408212877433,0.2848418634362595,0.18000000000000002,-0.306055434207451
1777389937.0648327,tb3,1.463573012166011,-0.8497954026225831,-0.07595156149193573,1.5
1777389937.065978,tb2,-0.6652302086431336,-0.8659569601880673,0.18,0.1101351192844572
1777389937.1053731,tb7,-0.0027745658659065245,0.25568064084782455,0.18,0.07873555570484045
1777389937.1074262,tb1,0.6120105006654595,0.29376370766340326,0.18,-0.24750402769948543
1777389937.1147473,tb3,1.4568462569034546,-0.8533150737533387,-0.07524884859215099,1.5
1777389937.115095,tb2,-0.663829166239679,-0.857096134927503,0.18,0.1128547764430128
1777389937.1551669,tb7,-0.003153721411589701,0.2646301642721943,0.18,0.05576318277467645
1777389937.157331,tb1,0.6101214979386312,0.30268001372579073,0.18,-0.24692999220028863
1777389937.1646752,tb3,1.458929399350953,-0.8522319423594354,-0.07599594629118128,1.5
1777389937.1650033,tb2,-0.662477659138166,-0.8482334308810496,0.18,0.1088281020511853
1777389937.2053552,tb7,-0.003153721411589701,0.2646301642721943,0.18,0.05576318277467645
1777389937.2079473,tb1,0.608201685643358,0.3115419722818858,0.18,-0.23938711506984406
1777389937.2147083,tb3,1.450508275763986,-0.8565834070629507,-0.07441629845353133,1.5
1777389937.2150269,tb2,-0.6611764171320459,-0.8393693866482485,0.18,0.11252719937876736
1777389937.255577,tb7,-0.0035016605697360073,0.27354587759284166,0.18000000000000002,0.0629643122069424
1777389937.257512,tb1,0.608201685643358,0.3115419722818858,0.18,-0.19279576617932612
1777389937.26481,tb3,1.450508275763986,-0.8565834070629507,-0.07441629845353133,1.5
1777389937.2651525,tb2,-0.6611764171320459,-0.8393693866482485,0.18,0.11252719937876736
1777389937.305509,tb7,-0.003946287994657029,0.2825161474857807,0.18,0.05485230790421988
1777389937.3075929,tb1,0.6065339416707539,0.3205003070029634,0.18,-0.16493892562539197
1777389937.3147159,tb3,1.4477262495103502,-0.8580352126351082,-0.07375638590484827,1.5
1777389937.315127,tb2,-0.6599251282875114,-0.8305057100670545,0.18,0.11161080325952885
1777389937.355338,tb7,-0.004417020139515004,0.29147719973468017,0.18,0.044430731951232184
1777389937.3574233,tb1,0.6049654776049816,0.3294435970210165,0.18,-0.1471294981321777
1777389937.3646853,tb3,1.4451083336142048,-0.8593882987136234,-0.07287854665452831,1.5
1777389937.3650105,tb2,-0.6587246192952222,-0.8216418663486839,0.18,0.1102933533125809
1777389937.4052196,tb7,-0.004911745568139503,0.3004350343466907,0.18,0.0486823508752028
1777389937.4073951,tb1,0.6034596073161986,0.33837791289258357,0.18,-0.1052152575678911
1777389937.41473,tb3,1.4379084810602538,-0.8631640855927808,-0.07091384989475759,1.5
1777389937.4151633,tb2,-0.6575745080259127,-0.8127775544931736,0.18,0.11241651964922275
1777389937.4553237,tb7,-0.004911745568139503,0.3004350343466907,0.18,0.0486823508752028
1777389937.4576058,tb1,0.6034596073161986,0.33837791289258357,0.18,-0.1052152575678911
1777389937.4646964,tb3,1.4387129421771747,-0.8627361799166118,-0.07027038852850927,1.5
1777389937.4650898,tb2,-0.6564746963922875,-0.8039140018308727,0.18,0.10802661972502303
1777389937.5054548,tb7,-0.005388240445650199,0.30936461501093493,0.18,0.03120610701353573
1777389937.5075173,tb1,0.6019516019521389,0.34728476998049285,0.18,-0.11564437937451824
1777389937.5146856,tb3,1.4387129421771747,-0.8627361799166118,-0.07027038852850927,1.5
1777389937.5150654,tb2,-0.6564746963922875,-0.8039140018308727,0.18,0.10802661972502303
1777389937.5553515,tb7,-0.0059246422313160895,0.318335448773092,0.18,0.03786809181566982
1777389937.557447,tb1,0.6005780022476428,0.35623216215012166,0.18,-0.07315619745126554
1777389937.5648122,tb3,1.4306799280716784,-0.8670375892841455,-0.06763534959304399,1.5
1777389937.5652084,tb2,-0.6554246840326761,-0.7950495749418597,0.18,0.11070159198825115
1777389937.6053104,tb7,-0.006476874815666105,0.3273022268480066,0.18,0.04211065408669016
1777389937.6074126,tb1,0.5992545400393922,0.3651743941827959,0.18,-0.03773278499618399
1777389937.6148212,tb3,1.4237475635082824,-0.8706799814562541,-0.0652282116527764,1.5
1777389937.6150584,tb2,-0.6543431435229543,-0.786238510058424,0.18,0.11290454030387491
1777389937.6553345,tb7,-0.007044303293681562,0.33625735066399004,0.18,0.024530629902436256
1777389937.6574159,tb1,0.5979178251713066,0.37407644174880267,0.18,-0.054191127662242995
1777389937.6648169,tb3,1.4233060443184535,-0.8708775678103223,-0.06395071726778725,1.5
1777389937.6651487,tb2,-0.6532590872069474,-0.77748412028568,0.18,0.11022130277916103
1777389937.7054868,tb7,-0.007044303293681562,0.33625735066399004,0.18,0.024530629902436256
1777389937.707493,tb1,0.5979178251713066,0.37407644174880267,0.18,-0.054191127662242995
1777389937.7150884,tb3,1.4246982916011355,-0.8700706522725021,-0.06289433960504802,1.5
1777389937.7151892,tb2,-0.6522628896046523,-0.7686697490565637,0.18,0.10539772380998025
1777389937.7554803,tb7,-0.007614866182227403,0.3451940437443992,0.18,0.001714096314987692
1777389937.7575579,tb1,0.5966313174046589,0.3830036087508135,0.18,-0.08082723227666784
1777389937.7647758,tb3,1.4246982916011355,-0.8700706522725021,-0.06297351843760737,1.5
1777389937.765138,tb2,-0.6522628896046523,-0.7686697490565637,0.18,0.10539772380998025
1777389937.8053753,tb7,-0.008216213099430695,0.35416959274303067,0.18000000000000002,-0.007793156913610898
1777389937.8075387,tb1,0.5953846330149284,0.3919440289341533,0.18,-0.08419802377153668
1777389937.8146918,tb3,1.4230501422078827,-0.871002675192761,-0.06128142831325578,1.5
1777389937.8150496,tb2,-0.6513999100954153,-0.7597367122822284,0.18,0.10262807157788224
1777389937.8553948,tb7,-0.008820840070453785,0.3631479558456108,0.18,0.006087247505851731
1777389937.8575335,tb1,0.5941703659542525,0.400889782395206,0.18,-0.042795441473047445
1777389937.8648205,tb3,1.4157552141202299,-0.8752518447003728,-0.05831227106226063,1.5
1777389937.8651614,tb2,-0.6505843192733677,-0.7508055012192737,0.18,0.1042492155564836
1777389937.905167,tb7,-0.00941286840766397,0.3721097168353292,0.18,-0.007331347099745144
1777389937.9073632,tb1,0.5929857883482728,0.40982138843698424,0.18,-0.06055715410970219
1777389937.9147284,tb3,1.4166525841445032,-0.8747177053578413,-0.056788373740365716,1.5
1777389937.9150336,tb2,-0.6498153460386367,-0.7418763654829438,0.18,0.09912206330322962
1777389937.9554963,tb7,-0.00941286840766397,0.3721097168353292,0.18,-0.007331347099745144
1777389937.9574668,tb1,0.5929857883482728,0.40982138843698424,0.18,-0.06055715410970219
1777389937.9648256,tb3,1.412615590711455,-0.877174011188683,-0.054105191372606845,1.5
1777389937.9652157,tb2,-0.6490926828904684,-0.7329489023206237,0.18,0.09804308624833741
1777389938.005366,tb7,-0.010008952824189548,0.38107952962229363,0.18,-0.003475009032524378
1777389938.007394,tb1,0.5918317563153204,0.41877504941546123,0.18,-0.04452483467110899
1777389938.0147612,tb3,1.412615590711455,-0.877174011188683,-0.054105191372606845,1.5
1777389938.0152364,tb2,-0.6490926828904684,-0.7329489023206237,0.18,0.09804308624833741
1777389938.0553083,tb7,-0.010610211655218936,0.39006342531733296,0.18,0.002903890758404887
1777389938.0574265,tb1,0.5907054228298373,0.42772502088422387,0.18,-0.023723007037873185
1777389938.0647995,tb3,1.4081146497477441,-0.8799814869724101,-0.051221202537093585,1.5
1777389938.065299,tb2,-0.6484146298094562,-0.7240234906269134,0.18,0.09743884041628144
1777389938.105456,tb7,-0.01120911473962706,0.3990384143636321,0.18,-0.009085753483734013
1777389938.1075807,tb1,0.58957986744956,0.4366520333846698,0.18,-0.044142149031151316
1777389938.1147277,tb3,1.408637853665853,-0.8796449628239629,-0.049167061527671634,1.5
1777389938.1151977,tb2,-0.6477809001812507,-0.7151014327023928,0.18,0.09249918389271115
1777389938.1553063,tb7,-0.011804406414145254,0.40799330023167607,0.18,0.0028477601902030043
1777389938.1574318,tb1,0.5884895489357876,0.4456041208949346,0.18,-0.013099001545622947
1777389938.1648316,tb3,1.4023736008510268,-0.8837837375932863,-0.045577156513820404,1.5
1777389938.165125,tb2,-0.6471910618138752,-0.7061819504421678,0.18,0.09318688679957329
1777389938.2052696,tb7,-0.012403553466467905,0.4169771104497136,0.18,-0.004763618938749752
1777389938.2074695,tb1,0.5874160646551541,0.4545457321005581,0.18,-0.03935064856691291
1777389938.214776,tb3,1.403276413775449,-0.8831526276573163,-0.043274906481387855,1.5
1777389938.2151031,tb2,-0.6466434843820515,-0.6972653934556994,0.18,0.08799778112237867
1777389938.2553556,tb7,-0.012403553466467905,0.4169771104497136,0.18,-0.010933626691495378
1777389938.257487,tb1,0.5874160646551541,0.4545457321005581,0.18,-0.03935064856691291
1777389938.2648642,tb3,1.403276413775449,-0.8831526276573163,-0.043274906481387855,1.5
1777389938.2652102,tb2,-0.6466434843820515,-0.6972653934556994,0.18,0.08799778112237867
1777389938.3053932,tb7,-0.013001848942304196,0.4259565801990921,0.18,-0.027793950315469582
1777389938.3074474,tb1,0.5863358231901736,0.4634732958896246,0.18,-0.0748713754334635
1777389938.3148613,tb3,1.4051006240407347,-0.8818099622215139,-0.04114460769788328,1.5
1777389938.315105,tb2,-0.6460538310241659,-0.6884054253173431,0.18,0.08234057691761794
1777389938.355291,tb7,-0.013591778868957339,0.4349165981671032,0.18,-0.03457109029111607
1777389938.3573737,tb1,0.5852830704737364,0.4724356636488758,0.18,-0.08397468759609139
1777389938.3648467,tb3,1.4044629552307366,-0.8822744988106458,-0.03845696998413382,1.5
1777389938.36518,tb2,-0.6454643650547601,-0.6795992835691128,0.18,0.07873161127953973
1777389938.4054456,tb7,-0.014178021359181347,0.44391521508333454,0.18,-0.017676635436289712
1777389938.4075475,tb1,0.5842620011393154,0.4814075038103553,0.18,-0.046352054131299635
1777389938.4150088,tb3,1.3993063231189136,-0.8861724178551048,-0.034737638125815276,1.5
1777389938.415232,tb2,-0.6449785407062792,-0.6707037057779912,0.18,0.07878022426516289
1777389938.4553246,tb7,-0.014178021359181347,0.44391521508333454,0.18,-0.017676635436289712
1777389938.4576206,tb1,0.5842620011393154,0.4814075038103553,0.18,-0.046352054131299635
1777389938.464652,tb3,1.4013731533676963,-0.8845698059829713,-0.032280766528681046,1.5
1777389938.4651115,tb2,-0.6445896599381009,-0.6617272376525342,0.18,0.07320323465323188
1777389938.5053012,tb7,-0.014750728922373554,0.45290491670333877,0.18,-0.030448224462947836
1777389938.5073593,tb1,0.5832803291923425,0.49036742916280546,0.18,-0.0711661831208359
1777389938.5150409,tb2,-0.6445896599381009,-0.6617272376525342,0.18,0.07320323465323188
1777389938.515298,tb3,1.4013731533676963,-0.8845698059829713,-0.03229957784391224,1.5
1777389938.555298,tb7,-0.015315178129763492,0.46187558706806797,0.18,-0.03966453676957937
1777389938.557487,tb1,0.5823163154249478,0.49934014643428454,0.18,-0.08994214702383281
1777389938.5647066,tb3,1.4022673920177129,-0.8838304252633189,-0.029595982157647836,1.5
1777389938.565605,tb2,-0.6442350173786745,-0.652753721499513,0.18,0.06901333034394012
1777389938.6053894,tb7,-0.015869815511091036,0.47087274836097665,0.18,-0.021934167060021624
1777389938.6073751,tb1,0.5813786579877207,0.5083159095386862,0.18,-0.05286914048434371
1777389938.6147523,tb3,1.3976933955903201,-0.8876549710163365,-0.025666242193526242,1.5
1777389938.6150525,tb2,-0.6439132826305339,-0.6437850381416667,0.18,0.06944371266465758
1777389938.6556742,tb7,-0.016408092209154398,0.47986803212340856,0.18,-0.006918844761763405
1777389938.6573718,tb1,0.580474853531285,0.5172951336261901,0.18,-0.021691865910580692
1777389938.66492,tb3,1.3938053183453722,-0.8910036958913797,-0.021893567364234742,1.5
1777389938.6650696,tb2,-0.6436231604801104,-0.6348206719673242,0.18,0.06939585103761828
1777389938.7052362,tb7,-0.01694213234456509,0.48883641914722437,0.18,-0.00947543835902115
1777389938.7073195,tb1,0.5795998844762457,0.5262650206487167,0.18,-0.02744808446670021
1777389938.7146854,tb3,1.3929501945402,-0.8916791773437939,-0.018674140358712663,1.5
1777389938.7150307,tb2,-0.6433643531389497,-0.6258621602270167,0.18,0.06644383396724807
1777389938.7553113,tb7,-0.01694213234456509,0.48883641914722437,0.18,-0.00947543835902115
1777389938.7574902,tb1,0.5787164816296954,0.5352205436787731,0.18,-0.04366185277929063
1777389938.7648487,tb3,1.393315542505846,-0.891330663339372,-0.015561417611653968,1.5
1777389938.766325,tb2,-0.6431365128566345,-0.6169085549841872,0.18,0.06247575859583993
1777389938.8058496,tb7,-0.017467586366620373,0.49782892198833295,0.18,-0.01738778560406227
1777389938.808662,tb1,0.5787164816296954,0.5352205436787731,0.18,-0.0471992917535374
1777389938.8148847,tb3,1.393315542505846,-0.891330663339372,-0.015561417611653968,1.5
1777389938.8151448,tb2,-0.6431365128566345,-0.6169085549841872,0.18,0.06247575859583993
1777389938.8554335,tb7,-0.017988366738486992,0.5068157270935075,0.18,-0.00703827590135676
1777389938.8574002,tb1,0.5778677841476707,0.5442012473526713,0.18,-0.02230537293388366
1777389938.8647842,tb3,1.3897135865638317,-0.8948673504179628,-0.011510059196731997,1.5
1777389938.8651044,tb2,-0.642938095310034,-0.6079591291942099,0.18,0.06228454246024918
1777389938.9059317,tb7,-0.018502055718350084,0.5157920386797423,0.18,-0.01549767950559713
1777389938.9083197,tb1,0.5770390743790205,0.5531728793472624,0.18,-0.038626815074726865
1777389938.9147868,tb3,1.3904443067247252,-0.8941018883964031,-0.008242686839777911,1.5
1777389938.9150236,tb2,-0.6427440259856284,-0.5990281561964665,0.18,0.0582941650329645
1777389938.9554005,tb7,-0.019012027424170866,0.5247838465908186,0.18,-0.02401557357702744
1777389938.957428,tb1,0.5762286886136702,0.5621485622759577,0.18,-0.05562822954870182
1777389938.9647853,tb3,1.3907702967576614,-0.8937503939570061,-0.004781331445424411,1.5
1777389938.9650266,tb2,-0.6425171061737901,-0.5901572252351726,0.18,0.054896308379466144
1777389939.0053635,tb7,-0.01951445303976337,0.5337702639789441,0.18,-0.015196521129892547
1777389939.0074956,tb1,0.5754352764079816,0.5711273064582765,0.17999999999999997,-0.03593043101130499
1777389939.01487,tb3,1.3881066258437458,-0.8966817710795015,-0.0005890788519641642,1.5
1777389939.015186,tb2,-0.6422983483264847,-0.5813261860453464,0.18,0.05416844370194421
1777389939.0554142,tb7,-0.02000829574995313,0.5427577915184062,0.18,-0.005187031279231128
1777389939.0573084,tb1,0.5746638589341623,0.5801110776104962,0.18,-0.01650744103161067
1777389939.0647101,tb3,1.3854935934072887,-0.899708355139662,0.00361603851607411,1.5
1777389939.0650315,tb2,-0.6422094712074641,-0.5723277265330585,0.18,0.05336042380185549
1777389939.1053343,tb7,-0.02000829574995313,0.5427577915184062,0.18,-0.005187031279231128
1777389939.1074114,tb1,0.5746638589341623,0.5801110776104962,0.18,-0.01650744103161067
1777389939.1146302,tb3,1.3862202440486988,-0.8987572111585189,0.007211494142912688,1.5
1777389939.1150177,tb2,-0.642144809631496,-0.5633353656260474,0.18,0.0494395453196228
1777389939.155335,tb7,-0.020496180852229245,0.5517455823462402,0.18000000000000002,-0.015121490775316325
1777389939.1574032,tb1,0.5739001348188765,0.5890794644936054,0.18,-0.04124777488403386
1777389939.164696,tb3,1.3862202440486988,-0.8987572111585189,0.007211494142912688,1.5
1777389939.1651735,tb2,-0.642144809631496,-0.5633353656260474,0.18,0.0494395453196228
1777389939.2054164,tb7,-0.020986615165774124,0.5607228243754103,0.18,-0.018543106963343627
1777389939.2075083,tb1,0.5731491825293183,0.598056424462153,0.17999999999999997,-0.05117449574033311
1777389939.2149713,tb3,1.3856556802778686,-0.899499991976517,0.011292762475996235,1.5
1777389939.215111,tb2,-0.6421033333120306,-0.5543478720573479,0.18,0.04701897341942861
1777389939.2554576,tb7,-0.021467033732385853,0.5697180705994173,0.18,-0.019281462703725268
1777389939.257644,tb1,0.5724157102979441,0.6070366227908335,0.18000000000000002,-0.05540923851024856
1777389939.2647572,tb3,1.3852473071737923,-0.9000199111425804,0.015487865143096177,1.5
1777389939.2650533,tb2,-0.642084024205424,-0.5453666093345553,0.18,0.044353220749845955
1777389939.3054667,tb7,-0.021938074274491598,0.578700426487969,0.18,-0.024176104196343355
1777389939.307518,tb1,0.5717015827581912,0.6160322939435139,0.18,-0.06718478456123694
1777389939.3148549,tb3,1.3857747499022621,-0.8992761231481033,0.019673541499701186,1.5
1777389939.3151095,tb2,-0.6420860769001999,-0.5363908251816328,0.17999999999999997,0.040951481351487205
1777389939.3552773,tb7,-0.022401705525507704,0.5877003485465213,0.18,-0.013853620318708028
1777389939.3573914,tb1,0.5710126919615536,0.6250285463374635,0.18,-0.043983819404364174
1777389939.3647068,tb3,1.3838563738388396,-0.9020854672701167,0.02458380067443641,1.5
1777389939.3651493,tb2,-0.6421081935886257,-0.5274203215543036,0.18,0.04004604474259927
1777389939.4052482,tb7,-0.02285731911865986,0.5966860304401912,0.18,-0.023738423673650675
1777389939.407459,tb1,0.5703479753088339,0.6340224339870143,0.18,-0.06362430903969044
1777389939.4150167,tb3,1.3850166238612776,-0.9000555657302366,0.028911109218131184,1.5
1777389939.415183,tb2,-0.6421488996650087,-0.5184554627635435,0.18,0.03638428902740778
1777389939.4553893,tb7,-0.02285731911865986,0.5966860304401912,0.18,-0.02297865666290431
1777389939.4575343,tb1,0.5703479753088339,0.6340224339870143,0.18,-0.06362430903969044
1777389939.4651601,tb2,-0.642207111536498,-0.5094959358871958,0.18000000000000002,0.03138655368875656
1777389939.4649415,tb3,1.3849317291373364,-0.900226254339,0.03383740834853833,1.5
1777389939.5053558,tb7,-0.023303298890118132,0.6056858954071238,0.18,-0.022379600721785246
1777389939.5075765,tb1,0.5697105960244784,0.6430242784479336,0.18,-0.06178561084077587
1777389939.514948,tb3,1.3849317291373364,-0.900226254339,0.033773538268509526,1.5
1777389939.5151303,tb2,-0.642207111536498,-0.5094959358871958,0.18,0.03411293560851079
1777389939.5552638,tb7,-0.02373826385147865,0.6146761311831191,0.18,-0.02800737783541283
1777389939.5573735,tb1,0.5691004922843798,0.6520303617395008,0.18,-0.07103722619828401
1777389939.5646768,tb3,1.3856993101215784,-0.89884024238485,0.03877353424601799,1.5
1777389939.5651262,tb2,-0.642230675083694,-0.5005860439607133,0.18000000000000002,0.03133147176076029
1777389939.6052713,tb7,-0.024163051365617028,0.6236781017907341,0.18,-0.03199409704067317
1777389939.6073623,tb1,0.568519059749398,0.6610398632204463,0.18,-0.07587945466990632
1777389939.6146626,tb3,1.3862530645457338,-0.8977459782189818,0.044211680161926774,1.5
1777389939.6151235,tb2,-0.6422519789396336,-0.4917291338383693,0.18,0.02869507886515044
1777389939.65533,tb7,-0.024575933281540837,0.6326753561876091,0.18,-0.0331477724976572
1777389939.657451,tb1,0.5679698952667358,0.6700557881513621,0.18,-0.07543549865516005
1777389939.6648169,tb3,1.3867715971904642,-0.8966288566329996,0.05010153775840821,1.5
1777389939.6650956,tb2,-0.6423347970805255,-0.4827748477970936,0.18,0.026071295026328795
1777389939.7055616,tb7,-0.024974247260092612,0.6416787820002475,0.18,-0.03654151229445901
1777389939.7074127,tb1,0.5674546033029206,0.679074979845399,0.18,-0.0824672899313999
1777389939.7147446,tb3,1.3879090833955645,-0.8938872349378646,0.05635359401011626,1.5
1777389939.7151365,tb2,-0.6424549327940415,-0.4737693340521787,0.18,0.02306800662041735
1777389939.755389,tb7,-0.024974247260092612,0.6416787820002475,0.18,-0.03654151229445901
1777389939.7575445,tb1,0.5674546033029206,0.679074979845399,0.18,-0.0824672899313999
1777389939.7647545,tb3,1.3897704410674228,-0.8892453199448196,0.06269568742179459,1.5
1777389939.7651072,tb2,-0.6425863946370443,-0.4647691975242442,0.18,0.01958001956164931
1777389939.8054998,tb7,-0.025357851313255814,0.6506831735186774,0.18,-0.04400164276684108
1777389939.8074064,tb1,0.5669745399436953,0.6880988977962373,0.18,-0.09793347542996414
1777389939.8148346,tb3,1.3897704410674228,-0.8892453199448196,0.06269568742179459,1.5
1777389939.815056,tb2,-0.6425863946370443,-0.4647691975242442,0.18,0.01958001956164931
1777389939.8553348,tb7,-0.025725099280685126,0.6596885130218019,0.18,-0.041946420917402166
1777389939.8574321,tb1,0.5665318226833603,0.6971267072833066,0.18,-0.09068903169953357
1777389939.8647904,tb3,1.3904587556322838,-0.8872235082386172,0.06978140202054389,1.5
1777389939.8651161,tb2,-0.6427275269442336,-0.45577415774380103,0.18,0.017542587830568484
1777389939.905419,tb7,-0.026072907728872222,0.6686984191846989,0.18,-0.040135683752628555
1777389939.9074874,tb1,0.566130990064906,0.7061605829558067,0.18,-0.0832158026112929
1777389939.9149194,tb3,1.3915094777995085,-0.8835699853727758,0.07719184040467066,1.5
1777389939.9151945,tb2,-0.6428773341749393,-0.4467855901988305,0.18,0.015032714593318822
1777389939.9552023,tb7,-0.026402179612493196,0.6777090363373779,0.18,-0.03495567155497636
1777389939.9573338,tb1,0.5657713392384297,0.7151922323885153,0.18,-0.06773590154986284
1777389939.964672,tb3,1.3920533785272133,-0.8812689082562983,0.0853860206137406,1.5
1777389939.9651196,tb2,-0.6430350450401351,-0.4378025861979248,0.18,0.013187387557321474
1777389940.005241,tb7,-0.026713831897150094,0.6867183707584193,0.18,-0.030929272142465193
1777389940.0073946,tb1,0.5654475695042754,0.7242183454614702,0.17999999999999997,-0.05587832193600433
1777389940.0147715,tb3,1.392553453675205,-0.8789608674331758,0.09425771355797076,1.5
1777389940.0161886,tb2,-0.6431993819000088,-0.42882534022670377,0.18,0.011510908735272801
1777389940.055295,tb7,-0.026713831897150094,0.6867183707584193,0.18,-0.030929272142465193
1777389940.0573251,tb1,0.5654475695042754,0.7242183454614702,0.17999999999999997,-0.05587832193600433
1777389940.0647106,tb3,1.392553453675205,-0.8789608674331758,0.09425771355797076,1.5
1777389940.0652182,tb2,-0.6431993819000088,-0.42882534022670377,0.18,0.011510908735272801
1777389940.1054826,tb7,-0.027009506708769466,0.6957275039238675,0.18,-0.032541771184893035
1777389940.107518,tb1,0.5651523494140785,0.733239012275429,0.18,-0.057736605875480435
1777389940.1147738,tb3,1.3934708513319911,-0.8734510895006002,0.10353397846099954,1.5
1777389940.1151018,tb2,-0.6433693559875395,-0.4198539963376432,0.18,0.009517655516495166
1777389940.1553118,tb7,-0.02729120921509914,0.7047372079234587,0.18,-0.03244731893546593
1777389940.1573653,tb1,0.5648823908298356,0.742260292868475,0.18,-0.05387049805332949
1777389940.1646645,tb3,1.394153948214924,-0.8680713007353684,0.11361713913489609,1.5
1777389940.165107,tb2,-0.6435201654298179,-0.41091950117895754,0.18,0.007855117503934137
1777389940.205371,tb7,-0.027558427662950007,0.713747827322941,0.18,-0.02920922382430061
1777389940.207507,tb1,0.5646381172222713,0.75128216136962,0.18,-0.04206355598096887
1777389940.21474,tb3,1.3945620101747345,-0.8627734875129562,0.12476463112632237,1.5
1777389940.2150974,tb2,-0.6436637767320339,-0.40204069519411734,0.18000000000000002,0.006422835340514778
1777389940.255405,tb7,-0.02781121286504122,0.7227580844767677,0.18,-0.02307525207256486
1777389940.2574987,tb1,0.5644178344510029,0.7603010994189773,0.18,-0.025732255996924067
1777389940.2648957,tb3,1.394721463131812,-0.8579377237336756,0.13734978130269174,1.5
1777389940.2650502,tb2,-0.6438322397329145,-0.3930962556521894,0.18,0.005280571299336675
1777389940.3053224,tb7,-0.02805162991396354,0.731765670724615,0.17999999999999997,-0.03105022016917385
1777389940.3074596,tb1,0.5642148932193451,0.7693118273674678,0.18,-0.012774636008628576
1777389940.3147905,tb3,1.394670834462869,-0.8519508358579304,0.15154966099195333,1.5
1777389940.315125,tb2,-0.6440213145436223,-0.3840822089549324,0.18,0.004520060280491178
1777389940.3554437,tb7,-0.02805162991396354,0.731765670724615,0.18,-0.016905591504497074
1777389940.3574352,tb1,0.5642148932193451,0.7693118273674678,0.18,-0.012774636008628576
1777389940.3648114,tb3,1.394670834462869,-0.8519508358579304,0.15154966099195333,1.5
1777389940.3651307,tb2,-0.6440213145436223,-0.3840822089549324,0.18,0.004520060280491178
1777389940.405279,tb7,-0.028280052982979854,0.740775548876445,0.18,-0.005736093870491005
1777389940.4074614,tb1,0.5640212224940002,0.7783159434449526,0.18,-0.005624006317413749
1777389940.414843,tb3,1.394533768716634,-0.847372181783117,0.16781591765899395,1.5
1777389940.4151328,tb2,-0.6442125206179874,-0.3750744678026027,0.18,0.0038948680870910008
1777389940.4552453,tb7,-0.028498742023169973,0.7497792773112383,0.18,0.005379028731482685
1777389940.4575963,tb1,0.5638332566024542,0.7873190725602601,0.18,0.019078283085407863
1777389940.464765,tb3,1.3938109960216558,-0.8393099367974473,0.18,1.4486262561009795
1777389940.4650493,tb2,-0.644405615581318,-0.3660734050163767,0.18,0.0038339316165069757
1777389940.5053277,tb7,-0.02871374428967942,0.758777389154219,0.18,0.014739089123816902
1777389940.5073652,tb1,0.5636482771257957,0.7963161514248497,0.18,0.050894929759475155
1777389940.5149512,tb3,1.392689934305071,-0.8316159189183491,0.18,1.2961305924916264
1777389940.5150352,tb2,-0.6446004449263665,-0.35707881927946855,0.17999999999999997,0.0042440944371402245
1777389940.5552976,tb7,-0.028930564413854637,0.767770599675353,0.18,0.024129272281256095
1777389940.5575054,tb1,0.5634562501412402,0.8053001181667144,0.18,0.080282681987337
1777389940.5646572,tb3,1.391111208512254,-0.8234663039238597,0.18,1.1502168176815584
1777389940.5652633,tb2,-0.6447968717728766,-0.3480909959019575,0.18,0.005153263119607185
1777389940.605234,tb7,-0.029153776010914654,0.7767591939691711,0.18,0.034013102447215685
1777389940.6074197,tb1,0.5632428640072787,0.8142689427228256,0.1718267320584746,0.09570775562605315
1777389940.6147945,tb3,1.3891114889819272,-0.8145740372043021,0.18,1.010918244775103
1777389940.6150036,tb2,-0.6449950346313945,-0.33911019482245464,0.18,0.0064991618293097145
1777389940.6559553,tb7,-0.029388039116764676,0.7857426531570751,0.18,0.04403653175895067
1777389940.6574283,tb1,0.5630010583679157,0.822996840096828,0.15446224712776804,0.09930214440313334
1777389940.6648173,tb3,1.3866735874508924,-0.8062960547443935,0.18,0.8774220630400882
1777389940.665151,tb2,-0.6451953415894138,-0.33013668462417967,0.18,0.008262482480683427
1777389940.705388,tb7,-0.029388039116764676,0.7857426531570751,0.18,0.04403653175895067
1777389940.7074804,tb1,0.5630010583679157,0.822996840096828,0.15446224712776804,0.09930214440313334
1777389940.714936,tb3,1.3866735874508924,-0.8062960547443935,0.18,0.8774220630400882
1777389940.7153752,tb2,-0.6453887930509882,-0.32120500519807393,0.18,0.005854574168715842
1777389940.7552538,tb7,-0.029638704145211067,0.7947202048942098,0.18,0.050847560081337353
1777389940.757327,tb1,0.5627455587128396,0.8308626065272257,0.138866855875066,0.1108324552359665
1777389940.764692,tb3,1.383818403731684,-0.798047855652775,0.18,0.7493257575042024
1777389940.7650201,tb2,-0.6453887930509882,-0.32120500519807393,0.18,0.010570490573412793
1777389940.805364,tb7,-0.02990922381236324,0.8036953301629819,0.18,0.05910171622752897
1777389940.807448,tb1,0.5624667766056433,0.8383004553629587,0.12417335201921235,0.1288133973866984
1777389940.814884,tb3,1.3806820445787988,-0.7900734792115347,0.18,0.625987807220672
1777389940.8152292,tb2,-0.6455799935130483,-0.3123275473104958,0.18,0.013385074457288098
1777389940.8553338,tb7,-0.030202390725684255,0.8126657244465144,0.17511715728326913,0.06800028117672263
1777389940.8573115,tb1,0.5621857958491953,0.8448315051542009,0.1113930950407074,0.15825305395644446
1777389940.864701,tb3,1.3769598217485641,-0.7820295296564836,0.18,0.5062766546546631
1777389940.8651655,tb2,-0.6457857760775183,-0.30335704389072776,0.18,0.016310078284721325
1777389940.9052672,tb7,-0.030202390725684255,0.8126657244465144,0.17511715728326913,0.06800028117672263
1777389940.907361,tb1,0.5621857958491953,0.8448315051542009,0.1113930950407074,0.15825305395644446
1777389940.9146945,tb3,1.3727308911082132,-0.773916888193677,0.18,0.3894564405073919
1777389940.915119,tb2,-0.6460021883785461,-0.29434972136782783,0.18000000000000002,0.01919761688702811
1777389940.955372,tb7,-0.03051564772956406,0.8214251714590002,0.15766007820006006,0.06982395725137314
1777389940.9575298,tb1,0.5619049693149373,0.8504535857117387,0.10050153039657479,0.18248707962775512
1777389940.9648037,tb3,1.3727308911082132,-0.773916888193677,0.18,0.3894564405073919
1777389940.965249,tb2,-0.6460021883785461,-0.29434972136782783,0.18000000000000002,0.01919761688702811
1777389941.0052452,tb7,-0.030846652048945843,0.8298819375204517,0.14083083325172135,0.07631856342971513
1777389941.0074117,tb1,0.5615953031656108,0.8557988451424826,0.09023875646152799,0.20755982265316747
1777389941.01492,tb3,1.3681900754700957,-0.7661363162419754,0.18,0.27782019821544396
1777389941.0157213,tb2,-0.6462262004410066,-0.2853509340040129,0.18,0.02205764643686665
1777389941.0554073,tb7,-0.031161952644965032,0.8372709218315192,0.12614421223661845,0.08186596335588991
1777389941.0575662,tb1,0.5612817233768398,0.8604798295325785,0.0812348114908784,0.2063789612232339
1777389941.0647192,tb3,1.363668955891044,-0.7586381270420134,0.18,0.22224043619676695
1777389941.0650363,tb2,-0.6464587470214139,-0.27635969022109647,0.18,0.02462475718435465
1777389941.1054435,tb7,-0.031161952644965032,0.8372709218315192,0.12614421223661845,0.08186596335588991
1777389941.1073875,tb1,0.5612817233768398,0.8604798295325785,0.0812348114908784,0.2063789612232339
1777389941.1148605,tb3,1.363668955891044,-0.7586381270420134,0.18,0.22224043619676695
1777389941.115048,tb2,-0.6464587470214139,-0.27635969022109647,0.18,0.02462475718435465
1777389941.1553133,tb7,-0.03146005906015011,0.8436670885320723,0.11347580620202823,0.09104275256231242
1777389941.1573284,tb1,0.5609684616400792,0.864526782079052,0.07357269181006715,0.20909742994423602
1777389941.164726,tb3,1.35881207609732,-0.7511896158110877,0.18,0.18337902997783873
1777389941.1649945,tb2,-0.646701038293923,-0.26737696683263107,0.18,0.026984015719163725
1777389941.2052853,tb7,-0.031769343037252665,0.8497639650929325,0.10141206632595498,0.09895143316709364
1777389941.2073925,tb1,0.5606285536458019,0.8683964575426882,0.06628495795864621,0.2113650651669841
1777389941.214802,tb3,1.3539286900443657,-0.743756622420213,0.18,0.14638522527103603
1777389941.215206,tb2,-0.6469541604587968,-0.25840170604919815,0.18,0.02930092673402346
1777389941.2552571,tb7,-0.032063966422461475,0.8550975425455815,0.09087828119858288,0.10334202848567502
1777389941.257332,tb1,0.5602931868434905,0.8718040151826035,0.06000273979927896,0.218465363301007
1777389941.2647746,tb3,1.348898503322216,-0.7363861625887148,0.18,0.1136944495797226
1777389941.2651696,tb2,-0.6472188348096559,-0.2494348181991582,0.18,0.031251626033720496
1777389941.3054059,tb7,-0.03234528434874917,0.8597663610716968,0.08167481655451873,0.10507187257251978
1777389941.3074052,tb1,0.5599647668469285,0.8748087963795461,0.05455940475855005,0.22413895719750238
1777389941.3148437,tb3,1.3438329393367479,-0.7290284315192925,0.18,0.08439352209187101
1777389941.3159132,tb2,-0.6474961293846574,-0.24048168651863366,0.18,0.03276330959492766
1777389941.3553584,tb7,-0.03234528434874917,0.8597663610716968,0.08167481655451873,0.10507187257251978
1777389941.3573945,tb1,0.5599647668469285,0.8748087963795461,0.05455940475855005,0.22413895719750238
1777389941.3647504,tb3,1.3386974822891289,-0.7216947268105476,0.18,0.058474755175575883
1777389941.3650985,tb2,-0.6477767756121636,-0.23158168542946322,0.18,0.034183130778551646
1777389941.4054525,tb7,-0.032615245280320886,0.8638863098423789,0.07358649634408662,0.10790695731433794
1777389941.4074495,tb1,0.5596422490634925,0.8774827376472347,0.04981285614499755,0.2284342492116559
1777389941.415436,tb3,1.3386974822891289,-0.7216947268105476,0.18,0.058474755175575883
1777389941.4159372,tb2,-0.6477767756121636,-0.23158168542946322,0.18,0.034183130778551646
1777389941.4553964,tb7,-0.03289353876200028,0.867815694599754,0.06589033626881612,0.1112537049815704
1777389941.4573646,tb1,0.5593044711564622,0.8800400663635903,0.04533208176350938,0.23251556480510022
1777389941.4647057,tb3,1.3335211552148742,-0.7143676718551025,0.18,0.03539793081773017
1777389941.4650145,tb2,-0.6480612306825337,-0.22270551608500946,0.18,0.035707897359746124
1777389941.50534,tb7,-0.03315325111059676,0.8712203777574425,0.05927257218706768,0.116423782803989
1777389941.5073514,tb1,0.5589812159710219,0.8822876228762074,0.04151228822133873,0.23606135058890781
1777389941.5148034,tb3,1.3283223452935786,-0.7070532511338586,0.18,0.013035627677557952
1777389941.5151718,tb2,-0.6483829786046303,-0.21370695849199284,0.18,0.03638178789200739
1777389941.5568042,tb7,-0.03315325111059676,0.8712203777574425,0.05927257218706768,0.116423782803989
1777389941.5576868,tb1,0.5586682017312753,0.8842946733503253,0.0344123335833311,0.002417934837993796
1777389941.5648365,tb3,1.3231007584186747,-0.6997393486485022,0.18,-0.00711251410086477
1777389941.5651999,tb2,-0.6487203693536017,-0.20471628926227706,0.18,0.03670827248133746
1777389941.6054697,tb7,-0.033399414442567554,0.8742216497944376,0.053471731695298834,0.1205239727028937
1777389941.6073992,tb1,0.5586682017312753,0.8842946733503253,0.03821479115463329,0.23928216146620862
1777389941.614896,tb3,1.3231007584186747,-0.6997393486485022,0.18,-0.00711251410086477
1777389941.6151907,tb2,-0.6487203693536017,-0.20471628926227706,0.18,0.03670827248133746
1777389941.6554422,tb7,-0.033647277818332995,0.8770404332972566,0.04802368956269113,0.1217730385243277
1777389941.657395,tb1,0.5583856992182392,0.8860344177939096,0.03730908384761977,0.3848530628490037
1777389941.664772,tb3,1.3178695444005617,-0.6924164236946354,0.18,-0.02474404924942826
1777389941.6651247,tb2,-0.6490738319516838,-0.19573321357564044,0.17999999999999997,0.036807941407790035
1777389941.7053273,tb7,-0.033877746717888915,0.8794908075158338,0.043348518778928424,0.12528545286779041
1777389941.70741,tb1,0.5580865243984694,0.8877545444801493,0.0339770209976709,0.32397606867246803
1777389941.7147987,tb3,1.312634502605327,-0.6850880330992717,0.18,-0.0418916672030008
1777389941.715157,tb2,-0.6494434936158838,-0.18675753507098664,0.18,0.03673630981298788
1777389941.7555668,tb7,-0.033877746717888915,0.8794908075158338,0.043348518778928424,0.12528545286779041
1777389941.7576542,tb1,0.5580865243984694,0.8877545444801493,0.0339770209976709,0.32397606867246803
1777389941.7646005,tb3,1.3074031906238184,-0.6777450578028716,0.18,-0.05731956504591527
1777389941.7649355,tb2,-0.6498293897236816,-0.17778925930551778,0.18,0.03647766283370206
1777389941.8054974,tb7,-0.03409425816676177,0.8816476575953146,0.03928793468359806,0.12984625217707252
1777389941.8075106,tb1,0.5577851029906824,0.8893191554994264,0.030512287718181666,0.2440015749610633
1777389941.8149836,tb3,1.3074031906238184,-0.6777450578028716,0.18,-0.05731956504591527
1777389941.8151438,tb2,-0.6498293897236816,-0.17778925930551778,0.18,0.03647766283370206
1777389941.8554583,tb7,-0.03431493196321241,0.8837143068756514,0.03542415817420177,0.13464142467185608
1777389941.8574953,tb1,0.5574693847895232,0.8908256716610181,0.02731361555145851,0.18565224176172593
1777389941.8647668,tb3,1.3021839581864625,-0.6703824401861944,0.18,-0.07097966084756284
1777389941.8650317,tb2,-0.6502314694408899,-0.16882829594863813,0.18,0.036174263223613716
1777389941.90532,tb7,-0.03451961995463381,0.8855190137602836,0.03207565423116436,0.13646487318155878
1777389941.9074333,tb1,0.5571731524799162,0.8921537167788038,0.025877979811031696,0.20916738744178962
1777389941.914802,tb3,1.2969845840480991,-0.6630026701425002,0.18,-0.08451960018400607
1777389941.915209,tb2,-0.6506496598090459,-0.15987473592483345,0.18,0.03562217698100896
1777389941.9553165,tb7,-0.03471204674368729,0.8871173195483533,0.02912723178413503,0.13577346037832577
1777389941.9573834,tb1,0.5568919338813006,0.8933575805684709,0.0251388886436063,0.25168565736537
1777389941.9647963,tb3,1.291806652431786,-0.6555990449939645,0.18,-0.09677082695190257
1777389941.9651117,tb2,-0.6510629684485492,-0.15096250732326558,0.18,0.03508306874531095
1777389942.005788,tb7,-0.03489116154087356,0.8885219810495275,0.02461797128497787,-0.015784611508235374
1777389942.0075378,tb1,0.5566161647615414,0.8944782510905726,0.02393184413460868,0.2567517949261078
1777389942.015139,tb2,-0.6514723080554607,-0.1421040127260693,0.18,0.03452169153495413
1777389942.017092,tb3,1.286656501271886,-0.6481675305538819,0.18,-0.10771432356937202
1777389942.0553575,tb7,-0.03489116154087356,0.8885219810495275,0.02659247224266747,0.13648659768346252
1777389942.0574646,tb1,0.5566161647615414,0.8944782510905726,0.02393184413460868,0.2567517949261078
1777389942.0646636,tb3,1.286656501271886,-0.6481675305538819,0.18,-0.10771432356937202
1777389942.065034,tb2,-0.6514723080554607,-0.1421040127260693,0.18,0.03452169153495413
1777389942.105315,tb7,-0.035053765798632355,0.889769275078958,0.02545460185205863,0.23600428420608124
1777389942.1073976,tb1,0.5563431597509695,0.8955284944267592,0.022701922649404606,0.25199387544886104
1777389942.1147761,tb3,1.2815403377301393,-0.6407055639591722,0.18,-0.11757132814480939
1777389942.115086,tb2,-0.6519345432481611,-0.1331306495486202,0.18,0.03350864362116651
1777389942.1554422,tb7,-0.03522026796975474,0.8909818993134743,0.023024532179340525,0.20237871473272057
1777389942.1575227,tb1,0.5560642867983536,0.8965474796311209,0.021573201022495745,0.2482664793615706
1777389942.1647537,tb3,1.2764633626203112,-0.6332143160641618,0.18,-0.12721132353587952
1777389942.1651149,tb2,-0.6524183670511441,-0.12414455939672105,0.18,0.03235602480664792
1777389942.2052941,tb7,-0.03538239264083655,0.8920707509332282,0.020435151656069732,0.13933646798375712
1777389942.207358,tb1,0.5557910080060626,0.8974981510460341,0.02071561287693268,0.24913592699399828
1777389942.2148347,tb3,1.27142714006468,-0.6256892829700396,0.18,-0.13585527972484174
1777389942.2151532,tb2,-0.6529169099602342,-0.11516541739856245,0.18,0.031179018903642376
1777389942.2554672,tb7,-0.03553416413774175,0.8930333090236607,0.01634371390814051,-0.01773846877128648
1777389942.2573044,tb1,0.5555222358765599,0.8983903307133139,0.02001511590232487,0.25030295893178867
1777389942.2647552,tb3,1.2664365509404423,-0.6181278705341241,0.18,-0.14351643311280238
1777389942.2651618,tb2,-0.6534295417270867,-0.1061931380174957,0.18,0.02996852056818477
1777389942.3053877,tb7,-0.03553416413774175,0.8930333090236607,0.018825266299136664,0.13817915421278643
1777389942.3075008,tb1,0.5555222358765599,0.8983903307133139,0.02001511590232487,0.25030295893178867
1777389942.3148,tb3,1.2614962315385498,-0.6105288633540098,0.18,-0.15044352569928504
1777389942.315251,tb2,-0.6539556448149343,-0.09722776416608428,0.18,0.02865814469409849
1777389942.355284,tb7,-0.03566619038387603,0.8938620737824253,0.01924918580757867,0.26945056867765144
1777389942.3574216,tb1,0.5552545339791423,0.8992397253006883,0.019353216129325487,0.24870782017232865
1777389942.3648057,tb3,1.2614962315385498,-0.6105288633540098,0.18,-0.15044352569928504
1777389942.3650584,tb2,-0.6539556448149343,-0.09722776416608428,0.18,0.02865814469409849
1777389942.4054747,tb7,-0.03580858782216272,0.8947197272203853,0.01767765836863154,0.2466932113495549
1777389942.4075305,tb1,0.5549797144855749,0.9000750621008111,0.018719414726426128,0.24639981695670485
1777389942.4148448,tb3,1.2566098451765841,-0.6028908630341001,0.18,-0.1566370477363755
1777389942.41511,tb2,-0.6544945963801508,-0.08826922330098372,0.18,0.02744798180071176
1777389942.455422,tb7,-0.03595182409483624,0.8955170775268013,0.015103694425752504,0.14945637494967956
1777389942.4580293,tb1,0.5547061512332775,0.9008726464126261,0.018214690752360624,0.24518691197951997
1777389942.4647434,tb3,1.2517806300503715,-0.5952153828136718,0.18,-0.16275160479430037
1777389942.465193,tb2,-0.6550460204067213,-0.07931796653794339,0.18,0.02611469897758301
1777389942.5053563,tb7,-0.03608793715388551,0.896229869562305,0.013471159000619785,0.11247771326947065
1777389942.5074034,tb1,0.5544331267667633,0.9016374568871307,0.017784769102748982,0.2437072042504411
1777389942.515113,tb2,-0.6555875049839963,-0.07040173805480038,0.18,0.024929583856983257
1777389942.5151901,tb3,1.2470097274875138,-0.5874998818602136,0.18,-0.16824427116058613
1777389942.555552,tb7,-0.03621150670340137,0.8968551732774902,0.013035750738588415,0.1387923086085147
1777389942.5573823,tb1,0.5541599684012039,0.9023737271708938,0.017389451638831696,0.24110560772200507
1777389942.5646224,tb3,1.242300216411664,-0.5797431661263993,0.18,-0.1730844095822369
1777389942.565173,tb2,-0.6561216884359863,-0.06154022426467232,0.18,0.023701755112870586
1777389942.6053526,tb7,-0.03621150670340137,0.8968551732774902,0.013035750738588415,0.1387923086085147
1777389942.608111,tb1,0.5538857838434368,0.9030859254964931,0.008161049181811202,0.0086653617007014
1777389942.6146462,tb3,1.2376551959244617,-0.5719445933303778,0.18,-0.17728995258210822
1777389942.6149929,tb2,-0.6567036451670595,-0.05257566297827984,0.18,0.022288764415515517
1777389942.6559882,tb7,-0.03633018361441829,0.8974346777867555,0.012542504552412011,0.15342392162193638
1777389942.6574016,tb1,0.5538857838434368,0.9030859254964931,0.017100038986410625,0.23973939630304492
1777389942.6648977,tb3,1.2376551959244617,-0.5719445933303778,0.18,-0.17728995258210822
1777389942.6651025,tb2,-0.6567036451670595,-0.05257566297827984,0.18,0.022288764415515517
1777389942.7052865,tb7,-0.0364514972528377,0.8980064698926993,0.011880961208334768,0.1574716883379926
1777389942.7073624,tb1,0.5537228485928493,0.9035039511316502,0.023068042040298678,0.4096360585846151
1777389942.714875,tb3,1.2330773434205038,-0.5641039660945981,0.18,-0.18132261789709858
1777389942.715129,tb2,-0.6573042289070277,-0.0435919086905189,0.18,0.020633587679654432
1777389942.755827,tb7,-0.0365693169820935,0.8985407559916578,0.011275511803301188,0.15800784161914394
1777389942.7576263,tb1,0.5534274713187928,0.9042370383398782,0.02165475054988223,0.3684894541633208
1777389942.7647684,tb3,1.228568902361001,-0.5562225824467726,0.18,-0.18483311266920519
1777389942.765095,tb2,-0.6579143506094752,-0.034615316431539894,0.18,0.019123895904299575
1777389942.8053114,tb7,-0.03668268320584394,0.8990354613762164,0.010821080658058646,0.1606809514454623
1777389942.807343,tb1,0.5530590776265027,0.905105654356317,0.01640983228411296,0.2313060311632029
1777389942.8148816,tb3,1.2241305980381705,-0.5482990223791107,0.18,-0.18752713690530656
1777389942.8152313,tb2,-0.6585335380442593,-0.02564517164385483,0.18,0.017861592532366657
1777389942.8553674,tb7,-0.03679225268713228,0.8994958710549384,0.010324324561070233,0.15760287241166782
1777389942.857388,tb1,0.5527499993460274,0.9058041440788848,0.015132466605943286,0.20227286583876647
1777389942.8648238,tb3,1.219764855417264,-0.5403332305117673,0.18,-0.1898895593921024
1777389942.8652384,tb2,-0.6591608965001551,-0.016681524131553147,0.18,0.016521857226525865
1777389942.9054468,tb7,-0.03679225268713228,0.8994958710549384,0.010324324561070233,0.15760287241166782
1777389942.9074981,tb1,0.5527499993460274,0.9058041440788848,0.015132466605943286,0.20227286583876647
1777389942.9148464,tb3,1.219764855417264,-0.5403332305117673,0.18,-0.1898895593921024
1777389942.915187,tb2,-0.6591608965001551,-0.016681524131553147,0.18,0.016521857226525865
1777389942.955435,tb7,-0.0368992786897383,0.8999297793874775,0.00987892217118129,0.15445981288219968
1777389942.9576075,tb1,0.5524722483677367,0.9064137928799049,0.015803813945730452,0.22003067330139806
1777389942.9650738,tb3,1.2154736694185249,-0.5323255774442464,0.18,-0.19193516800613808
1777389942.9653947,tb2,-0.6597956825947228,-0.00772443889624514,0.18,0.015138896538154147
1777389943.0053267,tb7,-0.037007525331033346,0.9003541884198409,0.009473871985223795,0.1520687963630775
1777389943.0073833,tb1,0.5521862725097055,0.9070247531151243,0.016267571463227517,0.23155743522727373
1777389943.014823,tb3,1.211258526319306,-0.5242771521145945,0.18,-0.19373085842748994
1777389943.0152333,tb2,-0.6604374366543487,0.0012256789220521766,0.18,0.01367808609813716
1777389943.0554347,tb7,-0.03711279761816238,0.9007536890442871,0.009175379980987714,0.15196121892610814
1777389943.0574586,tb1,0.5518818341125368,0.9076568178669567,0.015901190656565933,0.2233881325605414
1777389943.0648782,tb3,1.2071202082359176,-0.5161877785497493,0.18,-0.19506523167066384
1777389943.0651298,tb2,-0.6610619821857057,0.010129579014567642,0.18,0.012509202692439512
1777389943.1054173,tb7,-0.03711279761816238,0.9007536890442871,0.009175379980987714,0.15196121892610814
1777389943.1071954,tb1,0.5515716708034076,0.908282510699389,0.015424711242757497,0.21278761748507358
1777389943.1147213,tb3,1.2030601005973949,-0.5080579286335042,0.18,-0.19598713094784231
1777389943.1151612,tb2,-0.6616869845015861,0.01899777389471461,0.18,0.011250337897452552
1777389943.1554735,tb7,-0.03721614579905027,0.9011337512429373,0.00893315548736405,0.15218867085578547
1777389943.157334,tb1,0.5515716708034076,0.908282510699389,0.015424711242757497,0.21278761748507358
1777389943.1648571,tb3,1.1990793570778286,-0.4998883261797363,0.18,-0.19653987168311435
1777389943.1650455,tb2,-0.6623513154579825,0.027986337257994962,0.18,0.009930508431791676
1777389943.2052937,tb7,-0.03732126108048052,0.9015089170217566,0.008733644476428638,0.15318375979124504
1777389943.2073634,tb1,0.5512646402988091,0.9088853552838259,0.01533898940975214,0.2104461248562276
1777389943.2147238,tb3,1.1990793570778286,-0.4998883261797363,0.18,-0.19653987168311435
1777389943.2151341,tb2,-0.6623513154579825,0.027986337257994962,0.18,0.009930508431791676
1777389943.2560098,tb7,-0.037425439550828936,0.9018698506923027,0.008551379610230475,0.1532497581939885
1777389943.2574706,tb1,0.5509519027037529,0.9094835959934773,0.015136023479109261,0.20545566775316837
1777389943.2648213,tb3,1.1951788335678648,-0.49167978939877927,0.18,-0.19676341027678082
1777389943.265151,tb2,-0.6630199722189029,0.03696849819784315,0.18,0.008662186447841424
1777389943.3053606,tb7,-0.037529057798652954,0.9022185300581227,0.008366929748799977,0.15189576754084935
1777389943.3075023,tb1,0.5506357504360447,0.9100732350886737,0.01493407616937039,0.20043760509387204
1777389943.314759,tb3,1.19135914883092,-0.4834332758634216,0.18,-0.1967098988083759
1777389943.3151982,tb2,-0.6636925629668159,0.045943855863918776,0.18,0.007293041161152337
1777389943.355253,tb7,-0.03763223655047517,0.9025560669929801,0.008205333586751502,0.15034213350870662
1777389943.35742,tb1,0.5503181519234734,0.9106513362930649,0.01481796555469377,0.19708008370294772
1777389943.3647034,tb3,1.1876207306068898,-0.475149541489627,0.18,-0.19635705481837998
1777389943.3650184,tb2,-0.6643686360749333,0.05491294365588731,0.18,0.005995475741876872
1777389943.4053016,tb7,-0.03763223655047517,0.9025560669929801,0.008205333586751502,0.15034213350870662
1777389943.407394,tb1,0.5503181519234734,0.9106513362930649,0.01481796555469377,0.19708008370294772
1777389943.414689,tb3,1.1839639805982807,-0.4668295664971715,0.18000000000000002,-0.1957263695540289
1777389943.415032,tb2,-0.6650474535189321,0.06387580008899457,0.18,0.004775045149158083
1777389943.4553947,tb7,-0.03773522905664796,0.9028839741170276,0.008081963330205104,0.14931853002211942
1777389943.457452,tb1,0.5499979818769929,0.9112206448637482,0.014723628320636267,0.1940991457725757
1777389943.4650574,tb3,1.1839639805982807,-0.4668295664971715,0.18000000000000002,-0.1957263695540289
1777389943.4652362,tb2,-0.6650474535189321,0.06387580008899457,0.18,0.004775045149158083
1777389943.505366,tb7,-0.037840172502867045,0.9032094919887956,0.007941351141846683,0.14734566350230838
1777389943.5075479,tb1,0.5496727680263643,0.9117858261131929,0.014491859400532036,0.1884530766452952
1777389943.5147552,tb3,1.1803891059836467,-0.45847440690215974,0.18,-0.19483133798133745
1777389943.5152364,tb2,-0.6657283198921129,0.07283242967508301,0.18,0.0036420763356214175
1777389943.5553644,tb7,-0.0379454849027045,0.9035279141735254,0.007806332586445558,0.1450293330715174
1777389943.5575016,tb1,0.5493447951075981,0.9123432371110636,0.014239102481916144,0.18254463098362117
1777389943.564784,tb3,1.1768961993682552,-0.4500847474042911,0.17999999999999997,-0.1936063192771825
1777389943.5650587,tb2,-0.6664046563234993,0.08176986130090298,0.18,0.0024560221003826614
1777389943.6052856,tb7,-0.038050963255537085,0.9038390848705079,0.007682599176176785,0.14268018640537164
1777389943.6074471,tb1,0.5490170026600081,0.9128885437220365,0.014072519594956994,0.17830294992792978
1777389943.6147943,tb3,1.1734854816655254,-0.4416618665508048,0.18,-0.19216143621391354
1777389943.6152053,tb2,-0.6670712747634718,0.09065291168988436,0.18,0.0012486116470345444
1777389943.6552734,tb7,-0.03815670311766235,0.904143733480869,0.0076227484581904035,0.14191263537590054
1777389943.6575022,tb1,0.5486891817322966,0.9134228297757163,0.013994669436582933,0.17565689628973313
1777389943.6647525,tb3,1.1701567831718347,-0.43320692361857205,0.18000000000000002,-0.19049770593395404
1777389943.6653957,tb2,-0.667751403280875,0.09958996274692408,0.18,-8.599100171535849e-07
1777389943.7052946,tb7,-0.03826329893411266,0.9044438954093532,0.007592357370593519,0.14164416702599122
1777389943.7073636,tb1,0.5483591386468808,0.9139501767247235,0.01389307281881108,0.17263054916970413
1777389943.715119,tb2,-0.6684415576276115,0.10857719496396678,0.18,-0.0011611141525382847
1777389943.7152097,tb3,1.166909781390578,-0.4247210662150295,0.18,-0.18862090074552848
1777389943.7551858,tb7,-0.03837127602235226,0.90474121684301,0.0075371434859574146,0.14031305016120726
1777389943.75737,tb1,0.5480266820217966,0.9144712442085575,0.013743451087020509,0.16888717683060242
1777389943.7646546,tb3,1.1637440148703273,-0.4162055894081449,0.18,-0.18658769128611344
1777389943.765008,tb2,-0.6691312107452917,0.11755838447068796,0.18,-0.002225760236956888
1777389943.8055267,tb7,-0.03837127602235226,0.90474121684301,0.0075371434859574146,0.14031305016120726
1777389943.8073397,tb1,0.5476930069074221,0.9149845298951038,0.012642586472800362,0.1505981873124929
1777389943.8147233,tb3,1.1606588321299303,-0.4076616065523259,0.18,-0.1843917901713674
1777389943.815064,tb2,-0.669819770108332,0.12653346174507688,0.18,-0.003232622715355375
1777389943.8554223,tb7,-0.038480579673598414,0.9050357086539926,0.007469608184447156,0.13841812591817315
1777389943.857405,tb1,0.5476930069074221,0.9149845298951038,0.013573632035401881,0.16490966936298346
1777389943.86482,tb3,1.1606588321299303,-0.4076616065523259,0.18,-0.1843917901713674
1777389943.865727,tb2,-0.6705067247072546,0.13550242970461335,0.18,-0.01146812451787947
1777389943.9054322,tb7,-0.03859176048400057,0.9053289413212219,0.007314058629792994,0.13396830432224555
1777389943.9074721,tb1,0.547378235794662,0.9154604312526937,0.014129896628103385,0.17243388738773757
1777389943.9149103,tb3,1.1576535416444904,-0.39909032179085796,0.18,-0.18214454338260863
1777389943.915225,tb2,-0.6705067247072546,0.13550242970461335,0.18,-0.004239536517557329
1777389943.9553916,tb7,-0.03870365615933496,0.9056180331867343,0.007235028045781271,0.1315357127911017
1777389943.9574094,tb1,0.5470378718168973,0.9159661388875567,0.013665045384584225,0.16379435661049124
1777389943.965053,tb3,1.1547274882429934,-0.3904919157511102,0.18000000000000002,-0.17938288011356937
1777389943.965267,tb2,-0.6711902430106471,0.14446838197991058,0.18,-0.0040177329855091756
1777389944.0054655,tb7,-0.0388155091340397,0.9059013804297699,0.0072475934351234296,0.13148550416282118
1777389944.0079644,tb1,0.5466854957753914,0.9164802962197865,0.012716755512811083,0.14808277502547773
1777389944.0148833,tb3,1.1518806151241285,-0.3818682020857309,0.18,-0.17643299745871183
1777389944.015125,tb2,-0.6718684985039891,0.15342081772788818,0.18,-0.004921618824183486
1777389944.0553076,tb7,-0.038928651812408184,0.9061825740435843,0.007198103963118704,0.12973518880420562
1777389944.057459,tb1,0.5463492223498122,0.9169626060960154,0.01236061484577698,0.14175897698150952
1777389944.0647838,tb3,1.1491119358167714,-0.3732207439503055,0.18000000000000002,-0.1735527691064214
1777389944.06514,tb2,-0.6725384030660465,0.16232267935273223,0.18,-0.005915765562280585
1777389944.1052866,tb7,-0.039043282003536,0.9064621961844002,0.007102424402057234,0.12676199312230793
1777389944.1073468,tb1,0.5460260204154934,0.9174189669348695,0.012466444440176411,0.14241443581240165
1777389944.1147463,tb3,1.146420058111502,-0.3645506036718597,0.17999999999999997,-0.17067689770620073
1777389944.1150446,tb2,-0.673209899006829,0.17124047043287965,0.18,-0.007015034718035987
1777389944.1554399,tb7,-0.039043282003536,0.9064621961844002,0.007102424402057234,0.12676199312230793
1777389944.15749,tb1,0.5456999285535991,0.9178725382662112,0.0023029631940060303,0.00012208246715122387
1777389944.1647773,tb3,1.1438037272097412,-0.3558589036801471,0.17999999999999997,-0.16772694743712002
1777389944.165138,tb2,-0.673885534096477,0.18023278698203396,0.18,-0.008039584469071331
1777389944.2054589,tb7,-0.03915832281863603,0.9067378143909134,0.007067432632126657,0.1253160297777201
1777389944.2074568,tb1,0.5456999285535991,0.9178725382662112,0.012420814500016798,0.1408643537121398
1777389944.2147655,tb3,1.1438037272097412,-0.3558589036801471,0.17999999999999997,-0.16772694743712002
1777389944.2152166,tb2,-0.673885534096477,0.18023278698203396,0.18,-0.008039584469071331
1777389944.2553766,tb7,-0.039274837885861225,0.9070120759981706,0.0064677905612480265,0.11033967618674195
1777389944.2575643,tb1,0.5455916082467123,0.9180221801196656,0.019522485433496935,0.2404675954170911
1777389944.264799,tb3,1.1412616272333649,-0.3471468193332811,0.18,-0.1658439455832434
1777389944.2652931,tb2,-0.6745573923854812,0.18921921099490094,0.18,-0.009604671134404516
1777389944.305301,tb7,-0.03938860857846424,0.9072754666844869,0.006726695183881304,0.11605550755460642
1777389944.3074098,tb1,0.5452048376908525,0.9185491750274617,0.016884628058902337,0.20008786735661344
1777389944.3149085,tb3,1.1387927557997415,-0.3384141115362354,0.18,-0.16218159200623877
1777389944.3151007,tb2,-0.6752251356411448,0.19819945202682793,0.18,-0.010406499209122448
1777389944.3552682,tb7,-0.039501138449549535,0.9075319840772567,0.007330378551815803,0.12958158873397302
1777389944.357465,tb1,0.5447223411109923,0.9191929567841514,0.011011793675204964,0.11704874202329002
1777389944.364817,tb3,1.1363967642211807,-0.3296625062835966,0.18,-0.1579050774591537
1777389944.365529,tb2,-0.6758882720056422,0.20717397923850375,0.18,-0.010780863323359311
1777389944.4054217,tb7,-0.039501138449549535,0.9075319840772567,0.007330378551815803,0.12958158873397302
1777389944.407504,tb1,0.5447223411109923,0.9191929567841514,0.011011793675204964,0.11704874202329002
1777389944.4147484,tb3,1.1340721925660786,-0.32089388122139456,0.18,-0.15447403981949473
1777389944.4150612,tb2,-0.676546288039398,0.21614247220933613,0.18,-0.01147075738236252
1777389944.455462,tb7,-0.039624801057560936,0.907809213909266,0.007033355261246694,0.12165100019555043
1777389944.4580302,tb1,0.5443813788455172,0.9196398420309896,0.010197613830177827,0.10559059926876987
1777389944.4648647,tb3,1.1340721925660786,-0.32089388122139456,0.18,-0.15447403981949473
1777389944.4651594,tb2,-0.676546288039398,0.21614247220933613,0.18,-0.01147075738236252
1777389944.5053105,tb7,-0.03975129450048249,0.9080879805529463,0.006508445745494037,0.10868642065324435
1777389944.507453,tb1,0.5440803259798953,0.9200294704223934,0.010689930128145862,0.11186658045140827
1777389944.5148919,tb3,1.1318169097199318,-0.3121093223160297,0.18,-0.15138171611539009
1777389944.5150633,tb2,-0.6771985467488912,0.22510082923868735,0.18,-0.01221892909549942
1777389944.5552878,tb7,-0.03987188521925445,0.9083496275736683,0.006316090667755127,0.10378541343085379
1777389944.5574799,tb1,0.5437901613745507,0.9204007663182266,0.011410633469081709,0.1210423361549593
1777389944.5648706,tb3,1.1296296183968129,-0.3033081178023984,0.18,-0.14800342375583225
1777389944.5658967,tb2,-0.6778449627375569,0.23400889419051454,0.18,-0.01313175428474709
1777389944.6053734,tb7,-0.039987204417979434,0.9085963656093872,0.006488907097569364,0.10719636658010116
1777389944.6073623,tb1,0.5434790952808949,0.9207941929992178,0.011249718361826944,0.11849840931268742
1777389944.6148531,tb3,1.1275095965426696,-0.2944922085557817,0.17999999999999997,-0.1445311830042935
1777389944.615065,tb2,-0.6784884810654451,0.2429384758966012,0.18,-0.014027725944904222
1777389944.655569,tb7,-0.039987204417979434,0.9085963656093872,0.006488907097569364,0.10719636658010116
1777389944.6573672,tb1,0.5434790952808949,0.9207941929992178,0.011249718361826944,0.11849840931268742
1777389944.6658704,tb2,-0.6791272621961179,0.2519360753434767,0.18,-0.014711969855014419
1777389944.6667314,tb3,1.1254551585853985,-0.28566271141823396,0.18,-0.1410846218381721
1777389944.7052763,tb7,-0.04010504871823626,0.9088450733311848,0.0065758130353137986,0.10856535183510996
1777389944.7074158,tb1,0.5431599871071698,0.9211929241984922,0.010693350854653167,0.11090258297933371
1777389944.7149143,tb3,1.1254551585853985,-0.28566271141823396,0.18,-0.1410846218381721
1777389944.7152,tb2,-0.6791272621961179,0.2519360753434767,0.18,-0.014711969855014419
1777389944.7552786,tb7,-0.040225462103210666,0.9090957173168056,0.006523634088971439,0.10681285923397685
1777389944.7574759,tb1,0.5428458784393542,0.9215807445435511,0.010173511021608272,0.10391269730499794
1777389944.7648795,tb3,1.1234644565396548,-0.27682056307614955,0.18,-0.137751125646695
1777389944.7664852,tb2,-0.6797591950808337,0.2609278532639208,0.18000000000000002,-0.015294137543124699
1777389944.8060865,tb7,-0.040225462103210666,0.9090957173168056,0.006523634088971439,0.10681285923397685
1777389944.8076785,tb1,0.5428458784393542,0.9215807445435511,0.010173511021608272,0.10391269730499794
1777389944.8146503,tb3,1.121536154221062,-0.2679656436878487,0.18,-0.13432412284669767
1777389944.8149378,tb2,-0.6803840243804662,0.2699135741280838,0.18,-0.015912811513667715
1777389944.8553104,tb7,-0.040347520297072705,0.9093463457595784,0.00636074001592935,0.10275296455573549
1777389944.8573709,tb1,0.5425484727131673,0.9219438639797498,0.010090263557236351,0.10257002549489706
1777389944.8649657,tb3,1.121536154221062,-0.2679656436878487,0.18,-0.13432412284669767
1777389944.8669531,tb2,-0.6803840243804662,0.2699135741280838,0.18,-0.015912811513667715
1777389944.9053218,tb7,-0.04047017677874862,0.9095948446301934,0.006154246364335214,0.09783273397591088
1777389944.9073863,tb1,0.5422542029978784,0.92229935377364,0.009960407908622775,0.10065379982126108
1777389944.9148955,tb3,1.1196688352516877,-0.25909968653278503,0.17999999999999997,-0.13104508961071992
1777389944.9152124,tb2,-0.6810014676230449,0.2788934343757233,0.18,-0.01645278451622879
1777389944.9552717,tb7,-0.040589952871996224,0.9098344529585234,0.006090989427623584,0.0960615242038159
1777389944.9574428,tb1,0.5419617003304437,0.9226490525065167,0.009726810735985714,0.09750988353515602
1777389944.964727,tb3,1.117861167046187,-0.2502220750514395,0.18,-0.12749823109580163
1777389944.9651592,tb2,-0.6816112977720968,0.2878672113900519,0.18,-0.0170258699382925
1777389945.005346,tb7,-0.04070837031397585,0.9100685053232517,0.006081721485924475,0.09546219283919588
1777389945.007501,tb1,0.5416733977879977,0.9229902583466381,0.009473141663028772,0.09418667000603115
1777389945.0146556,tb3,1.1161121652237274,-0.24133451656647337,0.18,-0.12404438248220423
1777389945.0150049,tb2,-0.6822142054483494,0.2968276664594425,0.18,-0.017573614338443563
1777389945.055239,tb7,-0.04082744398906712,0.9103010969338026,0.006029943992965869,0.09400598413931711
1777389945.0573335,tb1,0.541391644349357,0.9233204771971802,0.009292154186019077,0.09179936970616102
1777389945.064675,tb3,1.1144200714997239,-0.23243776741811162,0.18,-0.12070819915776046
1777389945.0653937,tb2,-0.6828139874572381,0.3057360009557812,0.18,-0.01822692977670909
1777389945.1054456,tb7,-0.04082744398906712,0.9103010969338026,0.006029943992965869,0.09400598413931711
1777389945.1079671,tb1,0.541391644349357,0.9233204771971802,0.009292154186019077,0.09179936970616102
1777389945.1152904,tb2,-0.6828139874572381,0.3057360009557812,0.18,-0.01822692977670909
1777389945.116007,tb3,1.1144200714997239,-0.23243776741811162,0.18,-0.12070819915776046
1777389945.1553624,tb7,-0.04094677052754869,0.9105315072083199,0.00594114022645888,0.09184171569591348
1777389945.157428,tb1,0.5411146933867266,0.9236420273621109,0.009113376317036265,0.08948053424625943
1777389945.164861,tb3,1.112783165938683,-0.2235324231607102,0.18,-0.11746896218309899
1777389945.1654887,tb2,-0.6834053790973741,0.31469174877705697,0.18,-0.018812677259097188
1777389945.205313,tb7,-0.04106635635646215,0.9107598084559426,0.005805636360146833,0.08877406236797261
1777389945.2073867,tb1,0.5408391863519998,0.9239589651333876,0.008815864176790294,0.0857876320267319
1777389945.2147722,tb3,1.1112001504091764,-0.21461817945999115,0.18,-0.11402830728183833
1777389945.2151365,tb2,-0.6839860773680608,0.32369360733515035,0.18,-0.01923316320698614
1777389945.2552054,tb7,-0.04118437352460843,0.9109826692049586,0.0057039835548039,0.08646148355640682
1777389945.2573092,tb1,0.5405707762987807,0.9242649964783287,0.008580643602302731,0.08289178150043108
1777389945.264788,tb3,1.109669946784965,-0.20569653290280288,0.18,-0.11074373056388245
1777389945.265139,tb2,-0.6845579483859123,0.33268958576626434,0.18,-0.01959657683970353
1777389945.305259,tb7,-0.04118437352460843,0.9109826692049586,0.0057039835548039,0.08646148355640682
1777389945.3073878,tb1,0.5405707762987807,0.9242649964783287,0.008580643602302731,0.08289178150043108
1777389945.3145442,tb3,1.1081907076533148,-0.19676815187789848,0.18,-0.1076504917895796
1777389945.314952,tb2,-0.6851207431610113,0.3416796258975812,0.18,-0.019924448606680502
1777389945.3553164,tb7,-0.041300824345170344,0.9112002823470366,0.005628545364883933,0.08472948630198274
1777389945.3573878,tb1,0.5403101889344037,0.9245595871226641,0.008430623815112321,0.08103613479818514
1777389945.3646789,tb3,1.1081907076533148,-0.19676815187789848,0.18,-0.1076504917895796
1777389945.3649974,tb2,-0.6851207431610113,0.3416796258975812,0.18,-0.019924448606680502
1777389945.4052777,tb7,-0.0414176767320523,0.9114164040724533,0.005497584036221582,0.08193600902619852
1777389945.4075096,tb1,0.5400502472126839,0.9248510084761935,0.008140033229583368,0.077581099144894
1777389945.4146829,tb3,1.1067605901241897,-0.18783353767294372,0.18,-0.104687401722582
1777389945.414989,tb2,-0.6856742563927767,0.3506637069486417,0.18,-0.020173409039172585
1777389945.455411,tb7,-0.041533225522570036,0.9116279922375959,0.005378415582825666,0.07943655175221644
1777389945.4574034,tb1,0.5397961706128589,0.9251335515315752,0.007870904832073271,0.07442654064018944
1777389945.4647985,tb3,1.105378589723823,-0.17889178705697198,0.18,-0.10145294245386716
1777389945.4652278,tb2,-0.6862183932387824,0.3596416725826867,0.18,-0.020439411653323754
1777389945.5053296,tb7,-0.04164684169918017,0.9118340586768946,0.005302528455238568,0.07781199943738111
1777389945.5074944,tb1,0.5395507636605356,0.9254043454789699,0.007715584792340724,0.07260767320638987
1777389945.5146596,tb3,1.104043827087393,-0.16994444656802077,0.18,-0.09834414535602029
1777389945.5150115,tb2,-0.6867582897329065,0.3685912367165543,0.18,-0.020829376751106226
1777389945.555257,tb7,-0.04175914338944207,0.9120358675455994,0.005253742700965984,0.07672268456491663
1777389945.5573134,tb1,0.5393113026097948,0.9256666216203845,0.00759418246562804,0.07119371932275273
1777389945.5647995,tb3,1.1027546787383349,-0.1609920871629991,0.18,-0.09538258170023613
1777389945.5651565,tb2,-0.6872958650061146,0.3774917924269431,0.18,-0.021406500231868943
1777389945.6053016,tb7,-0.04175914338944207,0.9120358675455994,0.005253742700965984,0.07672268456491663
1777389945.6073542,tb1,0.5393113026097948,0.9256666216203845,0.00759418246562804,0.07119371932275273
1777389945.61485,tb3,1.1027546787383349,-0.1609920871629991,0.18,-0.09538258170023613
1777389945.6154132,tb2,-0.6878144067037903,0.3865024263598177,0.18,-0.027165354126979874
1777389945.655303,tb7,-0.041871019195246356,0.9122351051814129,0.005144850109959553,0.07456152753072214
1777389945.6574123,tb1,0.5390753072589275,0.9259232410893534,0.007406210662564835,0.0690601870515439
1777389945.665106,tb3,1.101509541746415,-0.15203503039017513,0.18,-0.09254211269289267
1777389945.6652703,tb2,-0.6878144067037903,0.3865024263598177,0.18,-0.021563168168197092
1777389945.705318,tb7,-0.04198260931183444,0.9124320772812659,0.004993543040576209,0.0716524110649297
1777389945.707394,tb1,0.5388412910493052,0.9261759088078035,0.0071181281064179435,0.06584465624425313
1777389945.714744,tb3,1.1003072353303962,-0.14307286029877278,0.18,-0.0895417232577029
1777389945.7152107,tb2,-0.6883219132590239,0.39550892356899714,0.18,-0.02079546909128665
1777389945.755404,tb7,-0.04209183141506666,0.9126232329655476,0.004873928772941332,0.06938442493418202
1777389945.7573817,tb1,0.5386146398127146,0.9264189516931451,0.006889034302116915,0.06332046397129867
1777389945.764772,tb3,1.0991468027619236,-0.1341066926892039,0.18,-0.0866920292801387
1777389945.76507,tb2,-0.6888185730218238,0.4045073590147415,0.18,-0.020898092794839097
1777389945.8052573,tb7,-0.042198429468872686,0.9128082853250501,0.004140124410087585,0.05645571583899969
1777389945.8073795,tb1,0.53839664825168,0.9266511887484276,0.006761611025175916,0.061937265661120976
1777389945.8148336,tb3,1.0980266670285657,-0.1251369869062094,0.18,-0.08403912895629267
1777389945.8151612,tb2,-0.6893054331417298,0.4134994322671993,0.18,-0.02111216179515205
1777389945.8552709,tb7,-0.042198429468872686,0.9128082853250501,0.004793272408659756,0.06787112179959547
1777389945.8573766,tb1,0.53839664825168,0.9266511887484276,0.006761611025175916,0.061937265661120976
1777389945.8648844,tb3,1.0969452587194417,-0.11616400171323409,0.18,-0.08155838600174363
1777389945.8650136,tb2,-0.6897825028015607,0.42248540702173787,0.18,-0.021408022499282944
1777389945.9052997,tb7,-0.04229158660886161,0.9129688892888213,0.005193275246259157,0.0749721008230021
1777389945.907382,tb1,0.5381832638536604,0.9268770945791528,0.006546664550809731,0.05963623280425583
1777389945.9147346,tb3,1.0969452587194417,-0.11616400171323409,0.18,-0.08155838600174363
1777389945.9150827,tb2,-0.6897825028015607,0.42248540702173787,0.18,-0.021408022499282944
1777389945.9553683,tb7,-0.042399716919075035,0.9131538602938245,0.00493803369538262,0.07033104096152326
1777389945.957426,tb1,0.5379712415012213,0.9271001774972589,0.006315479917601054,0.057165040134327924
1777389945.9646547,tb3,1.0959012110204955,-0.1071878614023573,0.18,-0.07910493573425001
1777389945.965027,tb2,-0.6902509646308381,0.4314622724570304,0.18,-0.021469746196617245
1777389946.005279,tb7,-0.04251210766791358,0.9133445285925925,0.00447461102723372,0.06207529188402742
1777389946.007348,tb1,0.5377664119634221,0.927314409770603,0.0062031070971096105,0.05597861881858162
1777389946.014872,tb3,1.0948937729573716,-0.09820789362188677,0.18,-0.07641543348674165
1777389946.015093,tb2,-0.6907205179789054,0.44039031017557645,0.18,-0.021735568588984552
1777389946.0553384,tb7,-0.04261691634982072,0.9135209711841865,0.004245831411083906,0.05806157623916601
1777389946.0574138,tb1,0.5375669372724861,0.9275218481754924,0.006059503761217581,0.05448084452553864
1777389946.0646877,tb3,1.0939222046851702,-0.08922518156147237,0.18,-0.07382320167399237
1777389946.0652206,tb2,-0.6911775862585681,0.4493456358160717,0.18,-0.021971150797979733
1777389946.1052694,tb7,-0.04271419514003591,0.9136836184366964,0.004231777864520016,0.05784992130298905
1777389946.1073487,tb1,0.537371600738514,0.9277238558887149,0.0058405236968671,0.05221094529441233
1777389946.1148057,tb3,1.0929852237448385,-0.08024018178048796,0.18,-0.07140281794186172
1777389946.1151042,tb2,-0.6916172421669309,0.4583571182895993,0.18,-0.021989260073730067
1777389946.1553662,tb7,-0.04271419514003591,0.9136836184366964,0.004231777864520016,0.05784992130298905
1777389946.1574311,tb1,0.537371600738514,0.9277238558887149,0.0058405236968671,0.05221094529441233
1777389946.1648376,tb3,1.092081399677806,-0.07125317942683783,0.18,-0.06916867724115829
1777389946.1650975,tb2,-0.6920467068465094,0.4673624348729877,0.18,-0.021954914433256527
1777389946.2053583,tb7,-0.04280997934434309,0.9138427174304645,0.004200614712581031,0.05735301461398338
1777389946.207395,tb1,0.5371832635302269,0.9279175863792758,0.005685270409617428,0.05063076859724367
1777389946.2149727,tb3,1.092081399677806,-0.07125317942683783,0.18,-0.06916867724115829
1777389946.2152216,tb2,-0.6920467068465094,0.4673624348729877,0.18,-0.021954914433256527
1777389946.2554371,tb7,-0.042906004985929516,0.9140011798078574,0.0040992017781238494,0.05565936526328857
1777389946.2574193,tb1,0.5369967160095267,0.9281084785462954,0.005448908744914289,0.04821741941068369
1777389946.264843,tb3,1.0912094099858123,-0.062264223883165555,0.18,-0.06702323133066279
1777389946.2650893,tb2,-0.6924659669040348,0.47636150400918514,0.18,-0.021850282301186394
1777389946.3052626,tb7,-0.04300106895929017,0.9141570524552624,0.003959847783060123,0.05334498995384001
1777389946.3073604,tb1,0.5368163021283309,0.9282921641034991,0.005256713532657988,0.046282592068482564
1777389946.3147316,tb3,1.0903685183464011,-0.0532726586786136,0.18,-0.06470828475437371
1777389946.315097,tb2,-0.6928750353071359,0.48535431223659764,0.18,-0.021706061833986566
1777389946.3553615,tb7,-0.04309328311779421,0.9143073268383431,0.003850139067415729,0.05156488506512512
1777389946.3573544,tb1,0.5366436846014548,0.9284670700885929,0.005148556912368319,0.04523267901619415
1777389946.3647065,tb3,1.0895580231645041,-0.044279495681783104,0.18,-0.06254385207552147
1777389946.365194,tb2,-0.6932739516630395,0.4943407947146462,0.18,-0.021576522068090322
1777389946.4054618,tb7,-0.04318278656293487,0.9144523313325212,0.0009158077475790267,0.0037448933210696652
1777389946.4072897,tb1,0.5364758217077474,0.9286363765295985,0.005050858304788536,0.044294612183406565
1777389946.4147067,tb3,1.0887766932753904,-0.03528492029601376,0.18,-0.06049912057009756
1777389946.415171,tb2,-0.693671632902465,0.5032954258369046,0.18,-0.021680232466603642
1777389946.4553726,tb7,-0.04318278656293487,0.9144523313325212,0.003803351848932194,0.050847377981788795
1777389946.4578462,tb1,0.5364758217077474,0.9286363765295985,0.005050858304788536,0.044294612183406565
1777389946.465198,tb2,-0.6940652180613089,0.5122211055359672,0.18,-0.026784814076177048
1777389946.4652333,tb3,1.0880233488065292,-0.026289083831020903,0.18,-0.06064887951231699
1777389946.5053473,tb7,-0.04321358767726608,0.9145022658636746,0.005889035098430813,0.08564032044257992
1777389946.5075076,tb1,0.5363114468604634,0.9288014238711082,0.004579268471551827,0.03958846160562007
1777389946.5150135,tb3,1.0880233488065292,-0.026289083831020903,0.18,-0.05870786541329481
1777389946.515083,tb2,-0.6940652180613089,0.5122211055359672,0.18,-0.022657469405473297
1777389946.555277,tb7,-0.04331448075440602,0.9146644624725123,0.005225092823222702,0.07442502886872496
1777389946.5574234,tb1,0.5361505456865857,0.9289622799611508,0.004492855880536961,0.03878181532756363
1777389946.5647676,tb3,1.0872972754875867,-0.01729124686991091,0.18,-0.056565385611818536
1777389946.5655723,tb2,-0.6944350420136413,0.5212394621802721,0.18,-0.021203991634303095
1777389946.605257,tb7,-0.04344394772232571,0.914870854208208,0.0033834618660904354,0.04395339188456063
1777389946.607357,tb1,0.5360020027970386,0.9291101807552592,0.00482739065957243,0.042218285431133186
1777389946.6147046,tb3,1.0865979640454386,-0.008292289377128165,0.18,-0.05449723362109615
1777389946.6150057,tb2,-0.6947937003745474,0.5302498829679263,0.18,-0.02013876356812193
1777389946.6554582,tb7,-0.04353210323621871,0.9150104891807824,0.0030929319421844396,0.03932150053571195
1777389946.6573172,tb1,0.5358466502600284,0.9292642320978517,0.004578956818687314,0.03977087990868888
1777389946.6646876,tb3,1.085924250133516,0.0007073120994213896,0.18,-0.05266009228992055
1777389946.6652863,tb2,-0.6951424466624148,0.5392531988008086,0.18,-0.01988501566687282
1777389946.7053866,tb7,-0.04353210323621871,0.9150104891807824,0.0030929319421844396,0.03932150053571195
1777389946.7080095,tb1,0.5356951596104805,0.9294138437237963,0.0003293125037938863,-0.002311380027965479
1777389946.7147958,tb3,1.0852749656508347,0.009707795764033297,0.18,-0.050936160052973176
1777389946.7155364,tb2,-0.6954818550483606,0.5482498977019692,0.18,-0.019881497847640366
1777389946.755327,tb7,-0.043606409224268734,0.9151276625412378,0.0032608501258215533,0.04220796387900842
1777389946.7574232,tb1,0.5356951596104805,0.9294138437237963,0.004243750241098288,0.036478343612063424
1777389946.76466,tb3,1.0852749656508347,0.009707795764033297,0.18,-0.050936160052973176
1777389946.7650769,tb2,-0.6954818550483606,0.5482498977019692,0.18,-0.019881497847640366
1777389946.8053477,tb7,-0.043680928685343214,0.9152446549667368,0.003006804107838691,0.03837499645832057
1777389946.8075144,tb1,0.5356558964016503,0.9294525970355367,0.007094081351838379,0.0650531354634288
1777389946.8148654,tb3,1.0846491634900723,0.018709012601627086,0.18,-0.050169023898330244
1777389946.815199,tb2,-0.6958120509344372,0.5572401863471618,0.17999999999999997,-0.02046656182864214
1777389946.8553953,tb7,-0.04375658616143835,0.9153628927252434,0.0030738295171295242,0.03956996730741333
1777389946.857409,tb1,0.5354903891361847,0.9296152221585271,0.00610687302232097,0.05508474769054074
1777389946.864686,tb3,1.0840462952069096,0.02771163933861667,0.18,-0.04817262302601711
1777389946.8651397,tb2,-0.6961391050570694,0.5662094750089613,0.18,-0.020368927165043293
1777389946.9053893,tb7,-0.04382928780154138,0.9154760205680654,0.0033996599151599576,0.044811760725386285
1777389946.9074697,tb1,0.5352717036016323,0.9298289309241708,0.00343850909026888,0.028516706801648525
1777389946.9148257,tb3,1.0834661109621737,0.036715204580773673,0.18,-0.04565469157192126
1777389946.9151835,tb2,-0.6964677937687009,0.5751246967562711,0.18000000000000002,-0.0202333289396653
1777389946.9553025,tb7,-0.0439078644820968,0.9155977178225353,0.003170960440399915,0.04124609791608932
1777389946.9574075,tb1,0.5351245352009899,0.9299720732328313,0.002822751853059143,0.02252894243029578
1777389946.9648218,tb3,1.0829077309838533,0.045718931839723184,0.18,-0.043903645756735055
1777389946.9650426,tb2,-0.696772776465793,0.5841388272041819,0.18,-0.019702643768424972
1777389947.0053122,tb7,-0.0439078644820968,0.9155977178225353,0.003170960440399915,0.04124609791608932
1777389947.0074143,tb1,0.5351245352009899,0.9299720732328313,0.002822751853059143,0.02252894243029578
1777389947.0147512,tb3,1.0823698746051411,0.05472279858644674,0.18,-0.04273465901802021
1777389947.015186,tb2,-0.6970677213387422,0.5931517311778992,0.18,-0.01945964206574474
1777389947.0553374,tb7,-0.043984717840252166,0.9157161977175589,0.0027868753326609824,0.03529901750297868
1777389947.057526,tb1,0.5350272582509041,0.9300664373150422,0.0035857407559359224,0.030186412778242
1777389947.0647593,tb3,1.0823698746051411,0.05472279858644674,0.18,-0.04273465901802021
1777389947.0650692,tb2,-0.6970677213387422,0.5931517311778992,0.18,-0.01945964206574474
1777389947.1053243,tb7,-0.04405845459840434,0.9158293787312691,0.0024743435373853783,0.030532539272334663
1777389947.1073406,tb1,0.534927110995845,0.9301633514835737,0.00414409899092732,0.035797894077605315
1777389947.1146967,tb3,1.0818516091546626,0.06372710006850153,0.18,-0.04158290102680004
1777389947.115048,tb2,-0.6973536174942658,0.6021580439994864,0.18,-0.019201154025345325
1777389947.1553266,tb7,-0.04412265048064158,0.9159275550879631,0.0025425724144287334,0.03176363725545911
1777389947.1575289,tb1,0.5348001474438546,0.9302858335622839,0.0037377615295978222,0.03189786745627691
1777389947.1647265,tb3,1.0813525688379881,0.07273230077352778,0.18,-0.040062416517324284
1777389947.165094,tb2,-0.6976305451373073,0.6111578849956172,0.18,-0.018781436696379713
1777389947.2053375,tb7,-0.04418391433083475,0.9160209277900789,0.002672688510591801,0.0339449088400538
1777389947.2074258,tb1,0.5346695858213779,0.9304113624938837,0.0031042489241991113,0.025792214756296818
1777389947.214764,tb3,1.0808723402366005,0.08173787521208148,0.18,-0.038524651486766134
1777389947.2151914,tb2,-0.6978986043176588,0.6201511184316139,0.18,-0.018319105977276227
1777389947.255351,tb7,-0.04424818527919508,0.9161185233407403,0.0025853303592140733,0.03271531047309089
1777389947.258164,tb1,0.5345592094695621,0.930517171422843,0.003001229722784738,0.02488736454899453
1777389947.2648323,tb3,1.0804101892071172,0.09074362630477563,0.18,-0.03720573789939447
1777389947.265224,tb2,-0.6981619558820055,0.6291283997902366,0.18,-0.018085925364398972
1777389947.30536,tb7,-0.04424818527919508,0.9161185233407403,0.0025853303592140733,0.03271531047309089
1777389947.3074236,tb1,0.5345592094695621,0.930517171422843,0.003001229722784738,0.02488736454899453
1777389947.3146756,tb3,1.0804101892071172,0.09074362630477563,0.18,-0.03720573789939447
1777389947.3151321,tb2,-0.6981619558820055,0.6291283997902366,0.18,-0.018085925364398972
1777389947.3553216,tb7,-0.04431162003622637,0.9162145010251052,0.0024818809821878078,0.03123099039031036
1777389947.3573515,tb1,0.5344583393387058,0.9306136193601885,0.0031015007512797737,0.025956320120686795
1777389947.3646588,tb3,1.0799652917787803,0.09974945456528973,0.18,-0.036034886824507686
1777389947.3650327,tb2,-0.6984276454794642,0.6380531542667264,0.18,-0.018307747865543716
1777389947.4053762,tb7,-0.04437401001157212,0.9163085673583958,0.0023294006041311445,0.02900883209764596
1777389947.4074187,tb1,0.5343567126446559,0.930710545323449,0.0030644745451076636,0.025691543509907266
1777389947.4146724,tb3,1.0795371540108836,0.10875586094595381,0.18,-0.03475165287876341
1777389947.4150116,tb2,-0.6986739386868202,0.6470556155674131,0.18,-0.017949997399218005
1777389947.455334,tb7,-0.04443286482555933,0.9163970131653044,0.002247615659263085,0.02788843132868053
1777389947.457405,tb1,0.5342534701573606,0.9308087569950723,0.0028619696176772303,0.023822728592715142
1777389947.464709,tb3,1.0791253740277553,0.11776238941834562,0.18,-0.03350075918052047
1777389947.4651937,tb2,-0.6989094171138391,0.6560695546317328,0.18,-0.017341180432626103
1777389947.5052814,tb7,-0.04448878658567992,0.9164807932718453,0.0022009580697642415,0.02731393339163858
1777389947.5074081,tb1,0.5341555342022759,0.9309016889299584,0.0027106047520106917,0.022452103330326472
1777389947.514704,tb3,1.0787292688107035,0.12676894933461905,0.18,-0.03235947890503409
1777389947.51614,tb2,-0.6991366539346014,0.6650767435305761,0.18,-0.016806222157804574
1777389947.5553784,tb7,-0.04448878658567992,0.9164807932718453,0.0022009580697642415,0.02731393339163858
1777389947.5574148,tb1,0.5341555342022759,0.9309016889299584,0.0027106047520106917,0.022452103330326472
1777389947.564915,tb3,1.0783481797429508,0.13577555220827636,0.18,-0.03275261649667117
1777389947.5651548,tb2,-0.6993559450909548,0.6740771291773056,0.18,-0.020903894925128414
1777389947.6053607,tb7,-0.04454328335288333,0.9165621942219377,0.002133259144056466,0.026416906628018592
1777389947.60741,tb1,0.5340638227369165,0.930988513127301,0.0026503853093076983,0.021960226574975653
1777389947.6147153,tb3,1.0783481797429508,0.13577555220827636,0.18,-0.03131537846618686
1777389947.6152272,tb2,-0.6993559450909548,0.6740771291773056,0.18,-0.016362682107060485
1777389947.6553707,tb7,-0.04459736587456506,0.9166427394077142,0.002028249178510552,0.024957984699280122
1777389947.6574311,tb1,0.5339730666900446,0.9310742398942301,0.0025354230380002147,0.020946826115622385
1777389947.6647716,tb3,1.0779817631110682,0.1447827253748425,0.18,-0.03009564314656249
1777389947.665107,tb2,-0.6995666603257915,0.6830725365433651,0.18,-0.014484298337300531
1777389947.7054834,tb7,-0.04464919114446796,0.9167197058924997,0.0019568796807840835,0.024010864080012163
1777389947.7074554,tb1,0.5338854185441995,0.9311568495378549,0.0024232877100772393,0.019959352600303557
1777389947.7148144,tb3,1.0776297034648488,0.15378974412916752,0.18,-0.02899360052164222
1777389947.7151644,tb2,-0.6997735184670787,0.6920476409927996,0.18,-0.014031672741238586
1777389947.7553625,tb7,-0.044698404178075885,0.9167925998445299,0.00044847885970402995,0.0016323212578799918
1777389947.7585418,tb1,0.5338025543434995,0.9312347884919877,0.0020590480820018115,0.016595212092643852
1777389947.7648122,tb3,1.077291273318504,0.16279661394250775,0.18,-0.02800432861099445
1777389947.7651114,tb2,-0.6999824908043026,0.7009694681068229,0.18,-0.014011075205291526
1777389947.8052876,tb7,-0.044698404178075885,0.9167925998445299,0.001947903199418359,0.024002729252558596
1777389947.8073559,tb1,0.5338025543434995,0.9312347884919877,0.0023745596797423553,0.01957498011126133
1777389947.814705,tb3,1.077291273318504,0.16279661394250775,0.18,-0.02800432861099445
1777389947.8150759,tb2,-0.6999824908043026,0.7009694681068229,0.18,-0.014011075205291526
1777389947.8563247,tb7,-0.04471971201115098,0.9168241867607754,0.0027830972264763173,0.036821964480184585
1777389947.858105,tb1,0.533730024435729,0.9313028847355956,0.0023530237453556003,0.01946684232518439
1777389947.864688,tb3,1.0769657928640715,0.1718033613718266,0.18,-0.0272900063324665
1777389947.8650808,tb2,-0.7001716143966487,0.7099856415681249,0.18,-0.014788394511323385
1777389947.9052858,tb7,-0.04477802086988765,0.9169101969049467,0.00230514877886502,0.029664695592790686
1777389947.9074333,tb1,0.5336501571357227,0.9313777240426101,0.0022834144242683723,0.01887481684438163
1777389947.9147909,tb3,1.076652907841017,0.18081037110685483,0.18,-0.02628064193799569
1777389947.9151192,tb2,-0.7003539381376177,0.718997901372097,0.18,-0.014228868116817117
1777389947.9559865,tb7,-0.04483885576816009,0.9169996199297347,0.0016866508436143074,0.0204175635515322
1777389947.9574704,tb1,0.5335722045960731,0.931450627418665,0.00221551578539953,0.018293166610129218
1777389947.96483,tb3,1.0763523141053863,0.18981735599247335,0.18,-0.025282096679903245
1777389947.9650278,tb2,-0.7005295743768053,0.7280036631775871,0.18,-0.013284654711832189
1777389948.0053463,tb7,-0.04483885576816009,0.9169996199297347,0.0016866508436143074,0.0204175635515322
1777389948.0074623,tb1,0.5335722045960731,0.931450627418665,0.00221551578539953,0.018293166610129218
1777389948.0148568,tb3,1.0763523141053863,0.18981735599247335,0.18,-0.025282096679903245
1777389948.015462,tb2,-0.7006987569658378,0.7370024168393596,0.18,-0.017933426551401024
1777389948.0553858,tb7,-0.044883316932807595,0.9170648245514116,0.0015972077276247853,0.019201937707970004
1777389948.0575094,tb1,0.5334969063128312,0.9315209168972479,0.002053025361027262,0.01682405199566797
1777389948.064857,tb3,1.0760634933769528,0.1988241949455638,0.18,-0.024407942934699254
1777389948.0652366,tb2,-0.7006987569658378,0.7370024168393596,0.18,-0.012990660013337166
1777389948.1055431,tb7,-0.04492497400744451,0.9171257885244314,0.0015593014706067906,0.018771809578705674
1777389948.1074138,tb1,0.5334233950580992,0.9315894143298941,0.0018603127488034984,0.01507706483042159
1777389948.1146355,tb3,1.0757860729637825,0.2078312039566891,0.18000000000000002,-0.023468970449596355
1777389948.1150727,tb2,-0.7008608739866279,0.7459961608707658,0.17999999999999997,-0.010908755398667515
1777389948.1553495,tb7,-0.04496462886074998,0.917183703324356,0.001545434524044042,0.018695105400077523
1777389948.1574554,tb1,0.5333575227226186,0.9316506940318371,0.0018249383470082736,0.014817455026879329
1777389948.164792,tb3,1.0755197433377195,0.21683802431443097,0.17999999999999997,-0.022651853618200556
1777389948.1652136,tb2,-0.7010228233890338,0.7549601359735248,0.18,-0.010986418146172492
1777389948.2052662,tb7,-0.04496462886074998,0.917183703324356,0.001545434524044042,0.018695105400077523
1777389948.2073696,tb1,0.5333575227226186,0.9316506940318371,0.0018249383470082736,0.014817455026879329
1777389948.214633,tb3,1.0752639725274649,0.22584468839922944,0.18,-0.021900432158892574
1777389948.214988,tb2,-0.7011819632882177,0.7639036198546098,0.18,-0.011451458503715775
1777389948.2554133,tb7,-0.04500368248956196,0.9172406228105884,0.001511237531463572,0.018305202807132243
1777389948.2575374,tb1,0.5332952479410105,0.9317085391444235,0.0018349073471548058,0.014981265614483204
1777389948.2648497,tb3,1.0752639725274649,0.22584468839922944,0.18,-0.021900432158892574
1777389948.2653604,tb2,-0.7011819632882177,0.7639036198546098,0.18,-0.011451458503715775
1777389948.3053813,tb7,-0.04504258568364336,0.9172972090027309,0.0014146270880188907,0.01699538173178716
1777389948.3075063,tb1,0.5332331771114968,0.9317661085921135,0.001777431485854516,0.014511909979681853
1777389948.3148167,tb3,1.0750182981803587,0.23485120472284113,0.18,-0.021196514971197837
1777389948.3152027,tb2,-0.7013267331858228,0.77291956235201,0.18,-0.011563586197215344
1777389948.355411,tb7,-0.04507992475961731,0.9173514148909592,0.0013340279093162705,0.015920333378160182
1777389948.357329,tb1,0.5331714200062841,0.931823300390791,0.0016612145310127785,0.013487303880210317
1777389948.364795,tb3,1.0747824829895856,0.24385788091512053,0.18,-0.02038886943274142
1777389948.3650856,tb2,-0.7014662416057985,0.78192891518207,0.18,-0.01149139093024107
1777389948.405447,tb7,-0.04511447613858531,0.9174014866680983,0.001300486024315988,0.015543131698282297
1777389948.4075294,tb1,0.5331133091665254,0.9318770388437764,0.0015766507607722867,0.01275918783749206
1777389948.414663,tb3,1.0745562779784856,0.2528643841632401,0.18,-0.019655810289242855
1777389948.4150293,tb2,-0.7016004605886245,0.7909316632789692,0.18,-0.011323062569642673
1777389948.4554205,tb7,-0.04511447613858531,0.9174014866680983,0.001300486024315988,0.015543131698282297
1777389948.4579823,tb1,0.5331133091665254,0.9318770388437764,0.0015766507607722867,0.01275918783749206
1777389948.4649994,tb3,1.0745562779784856,0.2528643841632401,0.18,-0.019655810289242855
1777389948.4652157,tb2,-0.7016004605886245,0.7909316632789692,0.18,-0.011323062569642673
1777389948.5053003,tb7,-0.0451475693634614,0.9174493641522742,0.0012669958209846786,0.015162542161639193
1777389948.5075285,tb1,0.5330592578227314,0.9319269576327293,0.0015467386401352794,0.012541473756997597
1777389948.5150645,tb2,-0.7017294242806587,0.7999277014482011,0.18,-0.01112043256573075
1777389948.515314,tb3,1.0743392085806676,0.2618706598896289,0.18,-0.019021102791383155
1777389948.55535,tb7,-0.04518030579999086,0.917496646835903,0.0012147461103115913,0.014505371674496585
1777389948.5574267,tb1,0.5330058475448562,0.9319762211911525,0.001484269492628627,0.012020080221524593
1777389948.5647898,tb3,1.0741309942201676,0.27087702102197964,0.17999999999999997,-0.018301005334300596
1777389948.5658314,tb2,-0.7018541234209095,0.8089144408312121,0.18,-0.010781820628570445
1777389948.605474,tb7,-0.04521194845805139,0.9175422758706158,0.0011879229268197946,0.01421391915430301
1777389948.6073787,tb1,0.5329539555787601,0.9320240240140265,0.0014208824724176751,0.011487149137316546
1777389948.6147592,tb3,1.073931429156547,0.27988325392215485,0.18,-0.0175816401701455
1777389948.6150646,tb2,-0.7019811165417587,0.8178541962569356,0.1643087353616209,-0.010309862410174295
1777389948.655687,tb7,-0.04524245593853974,0.9175861994781349,0.001122788038203901,0.01336182681026958
1777389948.6573136,tb1,0.5329045616120669,0.9320694712192034,0.0013558556407869977,0.010938528449267878
1777389948.6646779,tb3,1.0737401579864503,0.288889292074301,0.18,-0.016942529727362494
1777389948.6651156,tb2,-0.7020937216671125,0.8264984615299545,0.1470188903268322,-0.008757085522939433
1777389948.7053092,tb7,-0.04527161481968213,0.9176281198533814,0.001015455653394131,0.011899238825144393
1777389948.7074149,tb1,0.5328574641748166,0.932112756200638,0.0012776222785545177,0.010267999491882243
1777389948.7147877,tb3,1.0735568184485722,0.2978951710141588,0.18,-0.01637611964670585
1777389948.7150667,tb2,-0.7021884868024041,0.8342944380536357,0.13142705371617597,-0.006392855229034919
1777389948.755379,tb7,-0.04527161481968213,0.9176281198533814,0.001015455653394131,0.011899238825144393
1777389948.7575445,tb1,0.5328574641748166,0.932112756200638,0.0012776222785545177,0.010267999491882243
1777389948.7646685,tb3,1.0733810945087565,0.3069009007911465,0.18000000000000002,-0.015881375602735892
1777389948.7650888,tb2,-0.7022691111297963,0.8411677414959844,0.11768054239101408,-0.00449004906207588
1777389948.805446,tb7,-0.04529811900160653,0.9176661759520315,0.0009227587802652353,0.010661464953047681
1777389948.8073893,tb1,0.5328131622632903,0.9321534286766672,0.0012001346886033237,0.009605705536700437
1777389948.8147645,tb3,1.0733810945087565,0.3069009007911465,0.18000000000000002,-0.015881375602735892
1777389948.815159,tb2,-0.7022691111297963,0.8411677414959844,0.11768054239101408,-0.00449004906207588
1777389948.8554497,tb7,-0.0453237328631655,0.9177029086677811,0.0007999911803108556,0.008994584737342068
1777389948.857408,tb1,0.5327698473195043,0.9321931542583164,0.0010886785605074304,0.00863128197891461
1777389948.8648298,tb3,1.0732126759758593,0.3159064781865927,0.18,-0.015428431512284617
1777389948.865088,tb2,-0.7023373325950952,0.8471326966873586,0.10575048954147757,-0.0032767895106184026
1777389948.9053051,tb7,-0.04534641514236327,0.9177354049713369,0.0007387799342432921,0.008229234548670835
1777389948.9074953,tb1,0.5327299178682106,0.932229740249925,0.0010146584382871025,0.008004556700483938
1777389948.9147558,tb3,1.0730514073825999,0.32491212728699925,0.18,-0.01492696232922478
1777389948.9150808,tb2,-0.7024021463628893,0.8529129622150655,0.0941895780584189,-0.0023775711598649353
1777389948.9554315,tb7,-0.04536638816154053,0.9177639967756086,0.0007332624234185835,0.008276106581164478
1777389948.9574378,tb1,0.5326935326500316,0.9322630506397236,0.000985970928063131,0.007798055177217485
1777389948.9646635,tb3,1.072897150502511,0.3339176744913611,0.18,-0.014454522575505451
1777389948.9650137,tb2,-0.7024641453461978,0.858321113764021,0.08337223716433087,-0.002283588816130956
1777389949.0053902,tb7,-0.04538535750040514,0.9177911272425587,0.0007659244697489453,0.008865270347101464
1777389949.0074027,tb1,0.5326591845531156,0.9322944706786209,0.0009883218371173929,0.007875102778298365
1777389949.0146787,tb3,1.0727496680782065,0.3429230963289864,0.18,-0.013971005677159335
1777389949.0150306,tb2,-0.7025329438294979,0.8639556193121362,0.07210107400053878,-0.003238203514510285
1777389949.0553315,tb7,-0.045404738904161863,0.9178188167741161,0.0006792109946969146,0.007715124078631609
1777389949.0573583,tb1,0.5326253426793239,0.9323254022406522,0.0009313609192260766,0.0074011085137860744
1777389949.0647318,tb3,1.0726087208889534,0.3519283832295102,0.18,-0.013536099627373843
1777389949.0651107,tb2,-0.7025779364098523,0.8680630124706439,0.06388680949825111,-0.0019669070494587747
1777389949.1054363,tb7,-0.045404738904161863,0.9178188167741161,0.0006792109946969146,0.007715124078631609
1777389949.1077785,tb1,0.5325930588268745,0.9323548868839827,0.0007950145821402448,0.006195900532123209
1777389949.114763,tb3,1.0724740516167843,0.3609335120056761,0.18,-0.01314717290164054
1777389949.1151056,tb2,-0.7026132924965524,0.8714071891984123,0.05719965963726892,-0.00017477823621368598
1777389949.1553922,tb7,-0.04542254467865337,0.917844234250859,0.0005908885741487824,0.00654097550323222
1777389949.157563,tb1,0.5325930588268745,0.9323548868839827,0.000859689319935869,0.0067892723743871
1777389949.164772,tb3,1.0724740516167843,0.3609335120056761,0.18,-0.01314717290164054
1777389949.1651835,tb2,-0.7026132924965524,0.8714071891984123,0.05719965963726892,-0.00017477823621368598
1777389949.2053952,tb7,-0.04543974009014573,0.9178687615815033,0.00048096040114087855,0.005059545758835815
1777389949.2075217,tb1,0.5325653039081848,0.9323802200105626,0.0008764156542502006,0.006993903481775263
1777389949.214726,tb3,1.0723454238668768,0.3699385200614562,0.18,-0.012809962292426551
1777389949.2151427,tb2,-0.702643931404475,0.8743235546190006,0.051367359771282,0.0006010576937329941
1777389949.2559073,tb7,-0.045454076308915695,0.9178892021349768,0.00045765042739568415,0.004832908843154691
1777389949.2575526,tb1,0.5325356307391389,0.9324072841651664,0.0007885605577555753,0.006232910272405244
1777389949.2647815,tb3,1.0722227155932291,0.3789435585833219,0.18,-0.01236301829359121
1777389949.265134,tb2,-0.70267342328761,0.8771329345197687,0.04574871853984895,0.0010153474415490345
1777389949.3053346,tb7,-0.04546613192956587,0.9179063856623993,0.0004756069337492399,0.005199848083006003
1777389949.307257,tb1,0.5325077192334299,0.9324327244420387,0.0006988307639594675,0.0054522737228083875
1777389949.31465,tb3,1.0721057903095628,0.3879484266422283,0.18,-0.011958361402871551
1777389949.3149621,tb2,-0.7026985599438981,0.8795219476970138,0.040970568390042296,0.0010411966165014348
1777389949.355356,tb7,-0.04547840576636922,0.9179238664550098,0.0003674630199983867,0.003741341343911388
1777389949.357353,tb1,0.5324832080331068,0.9324550535640405,0.0006793429662054438,0.005318294750558453
1777389949.3646667,tb3,1.0719944010145812,0.39695315755912164,0.18,-0.011583946635084235
1777389949.3650107,tb2,-0.7027226609674025,0.881727432353897,0.036559326330748744,0.0008878726565622104
1777389949.4053977,tb7,-0.04547840576636922,0.9179238664550098,0.0004578097649974087,0.0050372622845999354
1777389949.4073856,tb1,0.5324832080331068,0.9324550535640405,0.0006793429662054438,0.005318294750558453
1777389949.4146938,tb3,1.071888350974538,0.40595776742485623,0.18,-0.011197352530358707
1777389949.4150586,tb2,-0.7027509801331684,0.8841181399787156,0.03177682832580312,-2.2482490807853445e-06
1777389949.4554145,tb7,-0.04548825352212789,0.9179378915551081,0.0005229398989486772,0.00607112327663046
1777389949.4573934,tb1,0.5324598019872788,0.9324763641601249,0.0006567018880973187,0.005152869924930267
1777389949.4648407,tb3,1.071888350974538,0.40595776742485623,0.18,-0.011197352530358707
1777389949.4651728,tb2,-0.7027509801331684,0.8841181399787156,0.03177682832580312,-2.2482490807853445e-06
1777389949.5054898,tb7,-0.04550047107137282,0.9179552719981012,0.0004679879607611842,0.005361062128080489
1777389949.507495,tb1,0.5324365851632823,0.9324974911251717,0.000615704500116807,0.004818802168931971
1777389949.514862,tb3,1.0717874511585666,0.4149622468672222,0.18,-0.010804221790718719
1777389949.5151296,tb2,-0.7027711290885498,0.8859337043819997,0.0281461061610454,0.0005394920894893646
1777389949.5553424,tb7,-0.04551330627267257,0.9179735149526708,0.0003624034518246085,0.003908376281868199
1777389949.5574803,tb1,0.5324145949115455,0.9325174914791267,0.00058174050093783,0.0045464571844535595
1777389949.5648901,tb3,1.0716915862524161,0.42396671112067585,0.18,-0.010353391907892667
1777389949.5651128,tb2,-0.7027876368960003,0.887481982772346,0.025050411335451005,0.0014958031046337053
1777389949.6053689,tb7,-0.04552368379739912,0.917988262027339,0.00031697934517563997,0.0033280361216513565
1777389949.607429,tb1,0.5323940917285058,0.9325361304959897,0.0005458948520353034,0.004255572703377059
1777389949.6147218,tb3,1.0716006075805151,0.4329710060362433,0.18,-0.009938550502342883
1777389949.6150827,tb2,-0.7028019911150502,0.8888245029078791,0.022365782096584175,0.0019089584147723641
1777389949.6551898,tb7,-0.04553210756855321,0.918000232418219,0.00014782233126809884,0.0009832286488488963
1777389949.65738,tb1,0.5323750828568767,0.9325534035126184,0.0005132433734340508,0.003992492232733574
1777389949.664682,tb3,1.0715142737909984,0.4419751108829018,0.18,-0.009571453566244172
1777389949.6650152,tb2,-0.702814461326878,0.889982103284314,0.020050537133816135,0.0017805483626535715
1777389949.7053409,tb7,-0.04553210756855321,0.918000232418219,0.0003158239522247826,0.0033871916880920012
1777389949.7074468,tb1,0.5323750828568767,0.9325534035126184,0.0005132433734340508,0.003992492232733574
1777389949.714568,tb3,1.0714323739580152,0.450979072406359,0.18,-0.009235851370138286
1777389949.7150407,tb2,-0.7028255485944744,0.8910021275345251,0.018010242482073172,0.0014521863077225506
1777389949.7553828,tb7,-0.04553652560145998,0.9180065231948007,0.00043163306565993843,0.005141237658485939
1777389949.7574112,tb1,0.5323573008974818,0.9325695550939742,0.0004648496469651416,0.0035845876891557413
1777389949.7649121,tb3,1.0714323739580152,0.450979072406359,0.18,-0.009235851370138286
1777389949.7652209,tb2,-0.7028255485944744,0.8910021275345251,0.018010242482073172,0.0014521863077225506
1777389949.8053777,tb7,-0.04554514669794834,0.918018764225948,0.0003933282733810312,0.004655329319941939
1777389949.8073795,tb1,0.53233979347793,0.9325854510155863,0.0004299535585152237,0.0032998845520282307
1777389949.8147182,tb3,1.0713547272443764,0.4599828995686676,0.18,-0.00886973911523333
1777389949.8150916,tb2,-0.7028356055126168,0.8919162244800439,0.016182282347458114,0.0015929640463060158
1777389949.8552747,tb7,-0.04555594117814759,0.9180340732143549,0.00027046566438598417,0.002932098103554625
1777389949.8573487,tb1,0.5323241093198913,0.9325996868441991,0.0004435527736022319,0.003457455300960509
1777389949.8647614,tb3,1.071281237383951,0.46898672055548357,0.18,-0.008427618818422727
1777389949.865173,tb2,-0.7028471578348515,0.8929290571191728,0.014156699117607542,0.00161223542974113
1777389949.905432,tb7,-0.04556483390026382,0.9180466825440257,0.00019533358716370243,0.0019004657918281255
1777389949.9074733,tb1,0.5323091224239083,0.9326132849543984,0.00044111604709540643,0.003466332279449448
1777389949.914708,tb3,1.0712117942003236,0.4779903887597014,0.18,-0.00800310064191307
1777389949.915071,tb2,-0.7028570090475655,0.8938026718383154,0.012409516937890235,0.0015772799178407997
1777389949.9553137,tb7,-0.04557088038349772,0.9180552606877149,0.00020238653228143305,0.0020602453602787743
1777389949.957358,tb1,0.5322938886286124,0.9326271013654658,0.00038920747000322414,0.003019719333659343
1777389949.964653,tb3,1.0711461913836984,0.4869938662703684,0.18,-0.007612059005991743
1777389949.9651241,tb2,-0.7028647158222799,0.8944916314257874,0.011031641246451599,0.001512595890148731
1777389950.005455,tb7,-0.04557610980609832,0.9180626799310897,0.00022271434133677983,0.002409465135392221
1777389950.0075216,tb1,0.5322796592488108,0.9326400026241708,0.00034081840694888757,0.002604389698192393
1777389950.014812,tb3,1.0710842160443999,0.49599717358183315,0.18,-0.007253323950610148
1777389950.0150664,tb2,-0.7028714581471796,0.89509011900379,0.009834718273773652,0.0014526486697490262
1777389950.055388,tb7,-0.04558177647686937,0.9180707137077937,0.00021041735400284783,0.002281472696043957
1777389950.0573866,tb1,0.5322674029396948,0.9326511125896199,0.00033330223476498133,0.0025627952674722454
1777389950.064751,tb3,1.071025670836252,0.505000308438053,0.18,-0.006942680279757549
1777389950.065112,tb2,-0.7028773074871522,0.8956057508995103,0.008803579723328257,0.0014574099533591154
1777389950.1056492,tb7,-0.04558177647686937,0.9180707137077937,0.00021041735400284783,0.002281472696043957
1777389950.1074984,tb1,0.5322674029396948,0.9326511125896199,0.00033330223476498133,0.0025627952674722454
1777389950.1147792,tb3,1.071025670836252,0.505000308438053,0.18,-0.006942680279757549
1777389950.1151905,tb2,-0.7028773074871522,0.8956057508995103,0.008803579723328257,0.0014574099533591154
1777389950.1553836,tb7,-0.045587264904940736,0.9180784918445632,0.00019152068857290674,0.002053602285886903
1777389950.1574218,tb1,0.5322558849978217,0.9326615504310294,0.0003278266166570309,0.0025379348078572415
1777389950.1646967,tb3,1.0709703611104378,0.5140032842069255,0.18,-0.006658799530203021
1777389950.1651647,tb2,-0.7028823620645418,0.8960481791337966,0.007918876364435988,0.0014811854708697324
1777389950.2054558,tb7,-0.045592476238273186,0.9180858757363182,0.00017515280121438524,0.001860552497173406
1777389950.2074049,tb1,0.5322444452091236,0.9326719146447431,0.00030726174872393184,0.0023748111680453533
1777389950.2148614,tb3,1.0709181775897179,0.523006227590603,0.18,-0.0063134429993961
1777389950.2151847,tb2,-0.7028871636147371,0.8964654855870062,0.007084369681387086,0.0014607465823788383
1777389950.255373,tb7,-0.04559728990124529,0.9180926953000761,0.00016518327142716466,0.0017582710953554775
1777389950.2574134,tb1,0.5322334234225795,0.9326818974210498,0.0002806182479186921,0.0021544024140454916
1777389950.264818,tb3,1.0708690289839928,0.5320090407819112,0.18,-0.005970165582217391
1777389950.2651649,tb2,-0.7028919452352251,0.8968791547807117,0.00625703438803445,0.001349017422547629
1777389950.3075025,tb1,0.5322233189880029,0.9326910473565365,0.00026206270802783967,0.002006880155730092
1777389950.3054984,tb7,-0.045601713136900694,0.9180989607121477,0.00015691814144298973,0.0016779758577932687
1777389950.3146613,tb3,1.070822750895229,0.541011696005498,0.18,-0.005661712255423796
1777389950.3149831,tb2,-0.7028960867879888,0.8972358714576668,0.005543615946898027,0.0012480456073941009
1777389950.3553653,tb7,-0.04560586983674311,0.9181048472951174,0.00014680494289293598,0.001568276898700306
1777389950.3573573,tb1,0.5322140941021185,0.9326993992328663,0.000252288814894743,0.0019385119660013576
1777389950.364795,tb3,1.070779161909477,0.5500141861282403,0.18,-0.005396744971395434
1777389950.3650575,tb2,-0.702899636556544,0.8975385817082664,0.004938283264949895,0.0012196021822599907
1777389950.4054763,tb7,-0.04560586983674311,0.9181048472951174,0.00014680494289293598,0.001568276898700306
1777389950.4075458,tb1,0.5322140941021185,0.9326993992328663,0.000252288814894743,0.0019385119660013576
1777389950.4148016,tb3,1.070779161909477,0.5500141861282403,0.18,-0.005396744971395434
1777389950.415191,tb2,-0.702899636556544,0.8975385817082664,0.004938283264949895,0.0012196021822599907
1777389950.4553719,tb7,-0.045609719492763025,0.9181102980805165,0.00013816075208904842,0.0014768913776050034
1777389950.4577053,tb1,0.5322053527934634,0.9327073116141562,0.00024055814085667873,0.0018507874394361667
1777389950.464711,tb3,1.0707380937219775,0.5590165400110447,0.18,-0.00515457227890736
1777389950.465077,tb2,-0.7029026805863634,0.8977967578494482,0.004422044437424933,0.0012148002016377029
1777389950.505427,tb7,-0.04561346725485279,0.9181156037100188,0.000127604538166611,0.0013573790851216442
1777389950.507477,tb1,0.532196782607117,0.9327150675673462,0.00022095955044107015,0.0016909908056663972
1777389950.5151772,tb2,-0.7029055216323797,0.898036414157264,0.0039428196449429465,0.0011869273334919094
1777389950.515505,tb3,1.070699454100315,0.5680188545871206,0.18,-0.004864395362710142
1777389950.5557802,tb7,-0.0456168903035399,0.9181204489982642,3.189284865694155e-05,2.1636156470064676e-05
1777389950.5575144,tb1,0.5321889375100372,0.9327221661123382,0.00020718870676403057,0.0015831355521031807
1777389950.5647147,tb3,1.070663139796884,0.5770210133745841,0.18,-0.004618270140901229
1777389950.565347,tb2,-0.7029078775397256,0.8982338876337815,0.0035479537757168275,0.0011508511750608118
1777389950.6054738,tb7,-0.0456168903035399,0.9181204489982642,0.00011872852289459202,0.0012595692199517008
1777389950.6075332,tb1,0.5321889375100372,0.9327221661123382,0.00020718870676403057,0.0015831355521031807
1777389950.6148138,tb3,1.070663139796884,0.5770210133745841,0.18,-0.004618270140901229
1777389950.6150422,tb2,-0.7029078775397256,0.8982338876337815,0.0035479537757168275,0.0011508511750608118
1777389950.6559083,tb7,-0.045618296159688466,0.9181224456428382,0.00016987105740676894,0.002028141440140833
1777389950.6573503,tb1,0.5321817536228272,0.9327286653860436,0.00018741668203309724,0.0014198421379479033
1777389950.6647654,tb3,1.0706289847047457,0.5860230405785029,0.18,-0.0044175588356071445
1777389950.6650674,tb2,-0.7029098701465362,0.898399784001162,0.0032161215147344753,0.0010143860197105229
1777389950.7054,tb7,-0.04562188202625598,0.9181275182680846,0.0001414002945145289,0.001643485431397
1777389950.70749,tb1,0.5321748557207269,0.9327349050516565,0.00017956696467470119,0.0013647864308375993
1777389950.7148178,tb3,1.0705969067583219,0.5950250339255374,0.18000000000000002,-0.004157375188260476
1777389950.7151685,tb2,-0.7029115391765623,0.8985521281422829,0.00291154203514414,0.0010018065638824599
1777389950.7553313,tb7,-0.04562587126553777,0.918133158130478,9.25554695145745e-05,0.0009614127823519507
1777389950.757421,tb1,0.5321685310540628,0.9327406254520726,0.00018043966860831648,0.0013881934056154583
1777389950.7646713,tb3,1.0705668263023513,0.6040269073658958,0.18000000000000002,-0.003916026979776464
1777389950.765019,tb2,-0.7029130992474578,0.8986881752490713,0.002639588469346449,0.0010211578741991766
1777389950.8054557,tb7,-0.04562587126553777,0.918133158130478,9.25554695145745e-05,0.0009614127823519507
1777389950.8074803,tb1,0.5321685310540628,0.9327406254520726,0.00018043966860831648,0.0013881934056154583
1777389950.8149314,tb3,1.0705386010332603,0.6130286504741128,0.18,-0.003707625656395625
1777389950.8154871,tb2,-0.7029148843753735,0.8988348782757389,0.002345462947828347,0.0003373289473965063
1777389950.8552883,tb7,-0.04562848978575654,0.9181368628437023,8.736684905456169e-05,0.000910083795289338
1777389950.857467,tb1,0.5321623047028781,0.9327462558024359,0.00016584853116028217,0.0012690702961160765
1777389950.8647635,tb3,1.0705386010332603,0.6130286504741128,0.18,-0.003707625656395625
1777389950.865175,tb2,-0.7029148843753735,0.8988348782757389,0.002346199126279943,0.0009457350576998194
1777389950.9054434,tb7,-0.04563076039355521,0.9181400754644753,8.836899462510029e-05,0.0009458650652580687
1777389950.9075243,tb1,0.5321562751500721,0.9327517074573907,0.00014567137713294377,0.001098841545831103
1777389950.9147828,tb3,1.0705120989441856,0.6220302805991097,0.18,-0.0035223074229688562
1777389950.9150784,tb2,-0.7029163724986308,0.898957192791951,0.0021018857429191537,0.0011672726266234075
1777389950.9555879,tb7,-0.04563310349640205,0.9181433898861233,8.143050442248485e-05,0.0008673907031359906
1777389950.957581,tb1,0.5321509475141518,0.9327565241336846,0.00013745714293481612,0.0010371943100360788
1777389950.964599,tb3,1.0704872568975032,0.6310318732589774,0.18,-0.0033138678312339596
1777389950.9649763,tb2,-0.7029177178880034,0.8990668737665652,0.0018824771264108018,0.0010325896268911878
1777389951.0054946,tb7,-0.04563310349640205,0.9181433898861233,8.143050442248485e-05,0.0008673907031359906
1777389951.0075097,tb1,0.5321509475141518,0.9327565241336846,0.00013745714293481612,0.0010371943100360788
1777389951.015283,tb2,-0.702918808129647,0.8991550747283011,0.0017053841919611678,0.0003658167366679898
1777389951.017028,tb3,1.070463986777567,0.6400333562232108,0.18,-0.0032951856805593133
1777389951.055377,tb7,-0.045635297125162504,0.9181464923832166,7.272697202033539e-05,0.0007617422631891395
1777389951.0575242,tb1,0.532146344700747,0.9327606851755355,0.00014013795023375998,0.0010734142114619438
1777389951.064776,tb3,1.070463986777567,0.6400333562232108,0.18,-0.0031432025768349963
1777389951.0652413,tb2,-0.702918808129647,0.8991550747283011,0.0017059794922467486,0.0008525207631151336
1777389951.1053874,tb7,-0.04563726642150605,0.9181492774804156,6.87395827378177e-05,0.0007219270544745962
1777389951.1074903,tb1,0.5321413731553108,0.9327651789764999,0.00012382243620752506,0.0009375016917187794
1777389951.1146395,tb3,1.0704422059568084,0.6490347964024836,0.18,-0.002931713498335084
1777389951.1150706,tb2,-0.7029196545510222,0.8992249108965594,0.0015665913517153354,0.0010429253877089822
1777389951.1554034,tb7,-0.04563919011702243,0.9181519980803414,6.025330476792214e-05,0.0006185369841710483
1777389951.1574922,tb1,0.532136994500595,0.9327691363574658,0.00011512944293027356,0.0008688503253628504
1777389951.164668,tb3,1.0704218533806333,0.6580361457189031,0.18,-0.00274515774406326
1777389951.1651192,tb2,-0.7029199536639209,0.8992611816329584,0.0014941262601424275,0.001020075727917811
1777389951.2052824,tb7,-0.04564075839052207,0.9181542161155466,6.0546341429140846e-05,0.0006379978633584743
1777389951.2074716,tb1,0.5321328433849132,0.9327728878936531,0.00010497951483574871,0.0007872682937564593
1777389951.2148197,tb3,1.0704028191593626,0.6670373890861501,0.18,-0.002589660178259285
1777389951.2151573,tb2,-0.7029205666507697,0.8993149534530941,0.001386490633353616,0.0008524266907493543
1777389951.2553077,tb7,-0.04564075839052207,0.9181542161155466,6.0546341429140846e-05,0.0006379978633584743
1777389951.2574518,tb1,0.5321328433849132,0.9327728878936531,0.00010497951483574871,0.0007872682937564593
1777389951.264671,tb3,1.0703850023853463,0.6760385473406415,0.18,-0.002454632656722367
1777389951.2649784,tb2,-0.7029215706761719,0.899395192499543,0.0012258752684970544,0.0006594709290917712
1777389951.3058093,tb7,-0.045642404067839044,0.9181565431539694,5.6601064884473475e-05,0.0005965948192415959
1777389951.3075106,tb1,0.5321291034793959,0.9327762676213049,0.00010160312498770687,0.0007667225575973487
1777389951.3148272,tb3,1.0703850023853463,0.6760385473406415,0.18,-0.002454632656722367
1777389951.315308,tb2,-0.7029215706761719,0.899395192499543,0.0012258752684970544,0.0006594709290917712
1777389951.3559275,tb7,-0.045643894663471005,0.9181586507197268,5.360673327156813e-05,0.0005671701362095081
1777389951.3573937,tb1,0.5321256471018173,0.9327793908646157,9.903801760060715e-05,0.0007526944864675697
1777389951.3646924,tb3,1.0703683242666249,0.685039636870565,0.18,-0.0023325439557615297
1777389951.3651314,tb2,-0.702922385505794,0.8994601981941129,0.0010958507574328844,0.0005877721176984456
1777389951.405336,tb7,-0.045645390980497705,0.9181607662038259,4.869563050391352e-05,0.0005103622298083605
1777389951.4074285,tb1,0.5321221078321067,0.9327825886364773,8.862125928722097e-05,0.0006669449269015647
1777389951.4147284,tb3,1.0703527465265978,0.6940407039206047,0.18,-0.002167157627749179
1777389951.415074,tb2,-0.702923083649525,0.8995156905946156,0.0009848742307578874,0.0005361973231216792
1777389951.4554558,tb7,-0.04564662139525127,0.9181625057198579,1.6549038687435532e-05,6.371446842790433e-05
1777389951.4574497,tb1,0.5321188660773121,0.9327855174232673,7.928326220034193e-05,0.0005904682456216887
1777389951.464699,tb3,1.0703382150641707,0.7030416957244893,0.18,-0.002024096515331296
1777389951.464974,tb2,-0.7029236077548577,0.8995571326399909,0.0009020245754145822,0.000511758432863439
1777389951.505547,tb7,-0.04564662139525127,0.9181625057198579,4.812932290032236e-05,0.0005133487151650118
1777389951.5075274,tb1,0.5321188660773121,0.9327855174232673,7.928326220034193e-05,0.0005904682456216887
1777389951.5149457,tb3,1.0703382150641707,0.7030416957244893,0.18,-0.002024096515331296
1777389951.5151534,tb2,-0.7029236077548577,0.8995571326399909,0.0009020245754145822,0.000511758432863439
1777389951.5553775,tb7,-0.045647254382005516,0.9181634032346413,6.374712102232653e-05,0.0007521193229903404
1777389951.5575058,tb1,0.5321162052797934,0.9327879213370617,7.689459684737945e-05,0.0005763813472510355
1777389951.56494,tb3,1.070324643240481,0.7120426065085707,0.18,-0.0019318571459575333
1777389951.5651162,tb2,-0.7029238586338047,0.8995813024929026,0.0008537079068219689,0.00048023484713561297
1777389951.6053627,tb7,-0.04564862652211265,0.9181653420356438,5.0062194389778596e-05,0.0005658038713586961
1777389951.6073666,tb1,0.5321133806913741,0.9327904730589558,6.939962720284468e-05,0.0005163381829551906
1777389951.614732,tb3,1.0703119819881217,0.7210434958446401,0.18,-0.0017931165638378004
1777389951.61515,tb2,-0.702923396560256,0.8995575507331637,0.0009013805709106232,0.0005598437936499136
1777389951.6552694,tb7,-0.04565007017085351,0.9181673812259722,3.431725014925671e-05,0.00034852432952140025
1777389951.657385,tb1,0.5321110821462913,0.9327925494429361,7.413158007783672e-05,0.0005657869000189706
1777389951.66473,tb3,1.0703001924138937,0.7300443225469184,0.18,-0.0016709815154314182
1777389951.6651325,tb2,-0.7029239442361964,0.8996022394611776,0.0008119874454405042,0.0004990847016097817
1777389951.7055275,tb7,-0.04565007017085351,0.9181673812259722,3.431725014925671e-05,0.00034852432952140025
1777389951.7074716,tb1,0.5321110821462913,0.9327925494429361,7.413158007783672e-05,0.0005657869000189706
1777389951.7146044,tb3,1.0702892021569355,0.7390450820195849,0.18,-0.0015531796699489752
1777389951.715137,tb2,-0.7029245752126296,0.8996518901636973,0.0007126163968435863,0.0003969634618895284
1777389951.7554548,tb7,-0.04565091849994787,0.918168580428506,3.814804813868264e-05,0.00041105099831312297
1777389951.7575104,tb1,0.5321083530321224,0.9327950144295104,5.9402441113737454e-05,0.00043874396142442424
1777389951.7646487,tb3,1.0702892021569355,0.7390450820195849,0.18,-0.0015531796699489752
1777389951.7650335,tb2,-0.7029245752126296,0.8996518901636973,0.0007126163968435863,0.0003969634618895284
1777389951.8054175,tb7,-0.045651922379130065,0.9181699996318806,3.539642079773147e-05,0.0003820291958531299
1777389951.807528,tb1,0.5321058923207506,0.9327972368349533,4.908574928789622e-05,0.0003509437205998884
1777389951.8146744,tb3,1.0702789426160322,0.7480457772877278,0.18,-0.0014638977268563646
1777389951.8150282,tb2,-0.7029250462564589,0.8996888843801211,0.0006386446178536036,0.00037357117221923616
1777389951.8555734,tb7,-0.045652854844029776,0.9181713172942008,3.067975804893045e-05,0.00032218549472470495
1777389951.8574152,tb1,0.5321039474619172,0.9327989936037581,4.9479394162192663e-05,0.0003608767890025906
1777389951.8647592,tb3,1.0702693809915074,0.757046460283229,0.17999999999999997,-0.0013588731277510231
1777389951.8650906,tb2,-0.7029254181301786,0.899717964401409,0.0005804900384657183,0.0003417130101055512
1777389951.905343,tb7,-0.045653749900538644,0.9181725821671384,2.4479743005710852e-05,0.00024142891784938858
1777389951.9074264,tb1,0.532102374416877,0.932800414557705,5.628855713408533e-05,0.0004282965139050382
1777389951.9146864,tb3,1.0702604855834368,0.7660470938665468,0.18,-0.0012792263795677837
1777389951.9150522,tb2,-0.7029256555483873,0.8997363602041485,0.0005437164079732681,0.00032153962775167743
1777389951.9553027,tb7,-0.04565435775859483,0.9181734414709656,2.5689105036742407e-05,0.00026502019577654404
1777389951.9574597,tb1,0.5321003785094005,0.9328022171015549,4.565675014440898e-05,0.00033733775742447844
1777389951.964674,tb3,1.0702522044072438,0.7750476811772128,0.18,-0.0011924586396194522
1777389951.9649856,tb2,-0.7029254470392791,0.899725233318178,0.0005660466167646108,0.0003458095901259479
1777389952.0053742,tb7,-0.04565435775859483,0.9181734414709656,2.5689105036742407e-05,0.00026502019577654404
1777389952.0075366,tb1,0.5321003785094005,0.9328022171015549,4.565675014440898e-05,0.00033733775742447844
1777389952.015029,tb2,-0.702925111344738,0.8997032869347625,0.000610017438944987,0.0003697245250640159
1777389952.0150785,tb3,1.0702444914081732,0.7840482230313105,0.18,-0.0011400217579989643
1777389952.0553946,tb7,-0.04565509015782642,0.9181744767627034,2.0629439627019124e-05,0.0002005241842276665
1777389952.0574102,tb1,0.5320988332692503,0.9328036126357182,4.5048927529493315e-05,0.0003363302852475381
1777389952.064748,tb3,1.0702444914081732,0.7840482230313105,0.18,-0.0011400217579989643
1777389952.065082,tb2,-0.702925111344738,0.8997032869347625,0.000610017438944987,0.0003697245250640159
1777389952.105494,tb7,-0.045655699640145445,0.9181753382702177,2.1419910710468606e-05,0.00021798725414699755
1777389952.1075273,tb1,0.532097286569495,0.932805009470422,4.278123697684531e-05,0.00032042221660109053
1777389952.1147416,tb3,1.0702373052742695,0.7930487330787207,0.18,-0.001072988460403538
1777389952.1150472,tb2,-0.7029256385133054,0.8997444412521663,0.0005276232429112362,0.0002701149411643064
1777389952.1553745,tb7,-0.045656206793414075,0.918176055281925,2.3945865729643046e-05,0.00025976372316033824
1777389952.1573935,tb1,0.5320957927308717,0.9328063584552172,3.849241522654233e-05,0.00028566927434319937
1777389952.1647909,tb3,1.0702306287139325,0.802049228269349,0.18,-0.0009762073824392939
1777389952.1651208,tb2,-0.7029260592103248,0.8997772244019936,0.00046199565847239487,0.00019307479265827417
1777389952.2052176,tb7,-0.0456569061724506,0.9181770435101246,1.9314151475594365e-05,0.00019975536444237312
1777389952.2074711,tb1,0.532094302589778,0.9328077040865241,3.313547222504323e-05,0.0002413641017536943
1777389952.2147884,tb3,1.0702244295844083,0.8110496797666308,0.1779006640510025,-0.0008780966093510362
1777389952.215105,tb2,-0.7029263391025921,0.8997990054640089,0.00041846591861262507,0.00019884838106761827
1777389952.2554386,tb7,-0.0456569061724506,0.9181770435101246,1.9314151475594365e-05,0.00019975536444237312
1777389952.2575433,tb1,0.532094302589778,0.9328077040865241,3.313547222504323e-05,0.0002413641017536943
1777389952.2647088,tb3,1.0702187109939467,0.8199661075023577,0.1600678043750494,-0.0007812784192049294
1777389952.2649715,tb2,-0.7029264963082008,0.8998111447276772,0.0003942153168421742,0.00020237767623830283
1777389952.3058002,tb7,-0.04565738356382111,0.9181777181645694,1.835845380859108e-05,0.00019064059768141096
1777389952.3075626,tb1,0.5320932655065866,0.9328086406561525,3.6068695335534506e-05,0.00027139700502325215
1777389952.3148682,tb3,1.0702187109939467,0.8199661075023577,0.16006780453203595,-0.0007787062729572793
1777389952.3150415,tb2,-0.7029264963082008,0.8998111447276772,0.0003942153168421742,0.00020237767623830283
1777389952.3554516,tb7,-0.04565786684569124,0.9181784011612445,1.592327461172907e-05,0.00016065466396151298
1777389952.3574731,tb1,0.5320920085023687,0.9328097757943333,2.8631761987228636e-05,0.00020803022135045652
1777389952.3648477,tb3,1.07021388022545,0.8280233484690779,0.1439533220912491,-0.0006486950938118228
1777389952.3652,tb2,-0.7029264238812689,0.8998074159046613,0.00040172035181479225,0.00021867136253483162
1777389952.4054446,tb7,-0.045658333891371305,0.9181790612089153,1.0617605302826313e-05,8.970291822446656e-05
1777389952.4074216,tb1,0.5320907868854733,0.9328108788448334,1.8480895183390145e-05,0.00011940358501837253
1777389952.4147336,tb3,1.0702094814491008,0.8358659329505461,0.1282681535483318,-0.0005107434890810106
1777389952.4150198,tb2,-0.7029256617893954,0.8997531399610921,0.0005104104792479089,0.0002996728822751
1777389952.4554095,tb7,-0.045658732570682675,0.918179625031112,9.370507888356048e-06,7.747108349835969e-05
1777389952.4580827,tb1,0.5320901173521474,0.9328114835733754,2.1518241830556187e-05,0.00014982959834355412
1777389952.465067,tb2,-0.7029261157860677,0.8997884339377208,0.0004397070140494046,0.00018776303037240197
1777389952.4657583,tb3,1.0702058764297153,0.8427031025996041,0.11459381277652217,-0.0004363085694639923
1777389952.50588,tb7,-0.04565887865494167,0.9181798317761761,5.810741356385465e-06,2.944637795305066e-05
1777389952.5077562,tb1,0.5320894289304593,0.9328121054480656,1.8607466328317832e-05,0.00012687183555012206
1777389952.5151618,tb2,-0.702926490816741,0.8998175621838579,0.0003813376416867902,8.058717029841317e-05
1777389952.5154018,tb3,1.0702028931183443,0.8486517900727962,0.10269643603706913,-0.0003917154457053984
1777389952.5554316,tb7,-0.04565887865494167,0.9181798317761761,1.3789704255421942e-05,0.0001429909239081527
1777389952.557461,tb1,0.5320894289304593,0.9328121054480656,1.9568670118058597e-05,0.00013559087720022272
1777389952.5645957,tb3,1.0702003707277716,0.8539057624370966,0.0921884904920657,-0.0003402628158734411
1777389952.5651896,tb2,-0.702926735166327,0.8998365711318256,0.0003432990748931466,5.6592727940123845e-05
1777389952.6054153,tb7,-0.04565904354560899,0.91818006528593,1.6761373143636894e-05,0.00018885706393128665
1777389952.6073802,tb1,0.532088761592304,0.9328127082245706,1.576986608468006e-05,0.00010423835719563977
1777389952.614759,tb3,1.0702003707277716,0.8539057624370966,0.0921884904920657,-0.0003402628158734411
1777389952.6151667,tb2,-0.702926735166327,0.8998365711318256,0.0003432990748931466,5.6592727940123845e-05
1777389952.655831,tb7,-0.04565944605604208,0.9181806346103115,1.2247026614062518e-05,0.0001305829143599101
1777389952.6573617,tb1,0.5320881021128882,0.9328133038817763,1.1729908603216258e-05,7.059689948169426e-05
1777389952.664798,tb3,1.0701982242778538,0.8585573768807724,0.08288526155537726,-0.00028263897018009266
1777389952.6651065,tb2,-0.702926864208954,0.8998465952986203,0.0003232850950453648,7.881852360095517e-05
1777389952.705401,tb7,-0.04565986856796906,0.9181812313062576,5.314166307290523e-06,3.451244513833736e-05
1777389952.7074878,tb1,0.5320874047951186,0.9328139338362824,6.339126198257491e-06,2.554490427518222e-05
1777389952.714759,tb3,1.070196200289467,0.8631111326510026,0.07377775036686975,-0.00021790319157222182
1777389952.7151074,tb2,-0.7029268617668724,0.8998472600961221,0.0003220110490232504,0.00011664861678881559
1777389952.7554424,tb7,-0.0456600989229671,0.9181815567483504,-2.8427875786138157e-07,-4.3234430124112095e-05
1777389952.7575603,tb1,0.5320871495803173,0.9328141644795347,8.505793666938633e-06,4.704840644133584e-05
1777389952.7647498,tb3,1.0701944713306477,0.8671371178673519,0.06572577792332684,-0.0002198520084269328
1777389952.765,tb2,-0.7029262077367809,0.8998018497505591,0.0004129513180914449,0.00019860620342305958
1777389952.8053238,tb7,-0.0456600989229671,0.9181815567483504,3.329343544680288e-06,8.186671855403362e-06
1777389952.8074763,tb1,0.532086826038772,0.9328144571039673,8.122385647283333e-06,4.713460153798526e-05
1777389952.8147514,tb3,1.0701930314464323,0.8705845435404517,0.0588309254903784,-0.00020940743364350077
1777389952.8151035,tb2,-0.7029263336844264,0.899812670876413,0.0003912276620023653,0.00012103368576331635
1777389952.8555567,tb7,-0.0456600989229671,0.9181815567483504,3.329343544680288e-06,8.186671855403362e-06
1777389952.857463,tb1,0.532086826038772,0.9328144571039673,8.122385647283333e-06,4.713460153798526e-05
1777389952.8646412,tb3,1.0701918042521328,0.8736020300620545,0.05279595233617258,-0.00017827902599441145
1777389952.864967,tb2,-0.7029266829540596,0.8998397994940396,0.00033685797158928394,2.264462429482953e-05
1777389952.9054174,tb7,-0.0456600989229671,0.9181815567483504,7.288858615353514e-06,6.452975676920602e-05
1777389952.90735,tb1,0.5320865598684237,0.9328146976905166,8.102670154704717e-06,4.9117462726129424e-05
1777389952.9146543,tb3,1.0701907424363777,0.8762781188953243,0.047443773636480696,-0.00017593558023269588
1777389952.915264,tb2,-0.7029269123881114,0.8998576674241672,0.000301063515391401,-2.4466672390064064e-05
1777389952.9554749,tb7,-0.0456600989229671,0.9181815567483504,1.0551475345510591e-05,0.0001109561216617073
1777389952.9575636,tb1,0.5320862971120841,0.9328149351789933,7.141820025983754e-06,4.2478076396302006e-05
1777389952.9648232,tb3,1.0701907424363777,0.8762781188953243,0.04744377457662833,-0.00015140260281265515
1777389952.9650834,tb2,-0.7029269123881114,0.8998576674241672,0.0003010935229921602,-1.0396894636570265e-06
1777389953.0054507,tb7,-0.04566061137874795,0.9181822836452439,3.2216966638089083e-06,2.271428930914637e-05
1777389953.007318,tb1,0.5320860409985614,0.9328151666332828,8.790061591187297e-06,5.930078858827398e-05
1777389953.014661,tb3,1.070189818215808,0.8786610893326232,0.04267783444518269,-0.00010473375029726411
1777389953.0149853,tb2,-0.702927028661879,0.8998667524483436,0.00028298180097991794,4.740736227397783e-05
1777389953.0553901,tb7,-0.0456607273106782,0.9181824474469198,2.208496266673579e-06,9.334220903353367e-06
1777389953.0574148,tb1,0.5320857877558931,0.9328153954963574,7.519717006555907e-06,4.964983066162488e-05
1777389953.0647483,tb3,1.0701889416651433,0.880966617380251,0.038066778053600814,-8.933629714404005e-05
1777389953.065113,tb2,-0.7029270550596164,0.8998687892886026,0.00027892993665944887,6.344569235595603e-05
1777389953.1058772,tb7,-0.0456608617356296,0.9181826375972058,-1.2388242438198202e-06,-3.762714645686383e-05
1777389953.10743,tb1,0.5320855610134131,0.9328156003065057,5.277119490105014e-06,3.0450425861723877e-05
1777389953.1147661,tb3,1.0701881752155271,0.8830129436817047,0.03397412438522005,-0.00010064315308188959
1777389953.1151168,tb2,-0.7029265496378182,0.8998302176421317,0.00035614856491643886,0.00011254827880139216
1777389953.1555412,tb7,-0.0456608617356296,0.9181826375972058,-8.154792399418801e-07,-3.1603151995042544e-05
1777389953.1573405,tb1,0.5320853343837881,0.9328158050293458,2.455124958813713e-06,6.075958744603715e-06
1777389953.1646745,tb3,1.0701875137739378,0.8848017314408018,0.030396548393096544,-9.755255843281575e-05
1777389953.1650376,tb2,-0.7029264561035006,0.8998231551283135,0.00037025049947875987,8.50557959796875e-05
1777389953.2055628,tb7,-0.0456608617356296,0.9181826375972058,1.1732185610140287e-07,-1.8329843971864126e-05
1777389953.2076204,tb1,0.5320853343837881,0.9328158050293458,2.455124958813713e-06,6.075958744603715e-06
1777389953.2147014,tb3,1.0701869451466661,0.886360956504252,0.027278097970598186,-9.037823068266939e-05
1777389953.2151277,tb2,-0.7029267949591165,0.8998494883398345,0.0003174865412969529,3.1941282785795873e-06
1777389953.2554069,tb7,-0.04566089446527216,0.9181826852959531,3.4796804395378183e-06,3.569639515950609e-05
1777389953.2575772,tb1,0.5320853343837881,0.9328158050293458,5.962887749844107e-06,3.7892365345886176e-05
1777389953.2647626,tb3,1.0701869451466661,0.886360956504252,0.027278097970598186,-9.037823068266939e-05
1777389953.2650533,tb2,-0.7029267949591165,0.8998494883398345,0.0003174865412969529,3.1941282785795873e-06
1777389953.3052907,tb7,-0.04566089446527216,0.9181826852959531,6.20511518607327e-06,7.447819860817986e-05
1777389953.3075123,tb1,0.5320849895620132,0.9328161169419701,9.693338198057343e-07,-3.3371536802496283e-06
1777389953.3148458,tb3,1.0701864486827306,0.88774049474279,0.024519022244417092,-5.478763576694042e-05
1777389953.315191,tb2,-0.7029270188303895,0.899866929148435,0.00028258465438206324,-1.1522724755072857e-05
1777389953.3552682,tb7,-0.0456610417412515,0.9181828937265931,3.794057110026413e-06,4.2879662670242675e-05
1777389953.3573875,tb1,0.5320849895620132,0.9328161169419701,4.4016778404983245e-06,2.779504687343129e-05
1777389953.364657,tb3,1.0701859746337443,0.8890740870281394,0.02185183745393191,-4.790750476302534e-05
1777389953.3650262,tb2,-0.7029271482991706,0.899877017579114,0.0002624091724734753,-9.149307301644097e-06
1777389953.4056602,tb7,-0.04566114246001062,0.9181830358983144,2.4261267256798157e-06,2.3773305862926042e-05
1777389953.4074922,tb1,0.5320847068230499,0.9328163725513756,3.47569434846932e-07,-6.395968942359762e-06
1777389953.414698,tb3,1.0701855622780319,0.8902440507262641,0.01951191010284333,-3.7170947233118316e-05
1777389953.4150665,tb2,-0.702927169034339,0.8998786362129394,0.000259200244780655,1.4222952635560672e-05
1777389953.4552205,tb7,-0.04566114246001062,0.9181830358983144,1.0056063344791003e-06,3.5600872955548542e-06
1777389953.4574974,tb1,0.5320847068230499,0.9328163725513756,1.1016778527931647e-06,4.439493279859133e-07
1777389953.464661,tb3,1.0701852010465769,0.891275823644156,0.017448363195474093,-6.077854971292452e-05
1777389953.4650555,tb2,-0.7029266573548331,0.8998407475355217,0.0003350674517577685,8.036794186691481e-05
1777389953.505358,tb7,-0.04566114246001062,0.9181830358983144,1.0056063344791003e-06,3.5600872955548542e-06
1777389953.5074537,tb1,0.5320847068230499,0.9328163725513756,1.1016778527931647e-06,4.439493279859133e-07
1777389953.5147076,tb3,1.0701848892149126,0.8921730292451713,0.015653951805698764,-5.780730143381756e-05
1777389953.515077,tb2,-0.7029265807591054,0.8998354229849538,0.00034570959809733043,6.924477812833641e-05
1777389953.5552418,tb7,-0.045661264982212596,0.9181832091130511,-2.0861047654627646e-06,-3.891606582495344e-05
1777389953.5573106,tb1,0.5320847068230499,0.9328163725513756,3.2306203673557563e-06,1.9753895292427565e-05
1777389953.5646873,tb3,1.0701848892149126,0.8921730292451713,0.015653951805698764,-5.780730143381756e-05
1777389953.565033,tb2,-0.7029265807591054,0.8998354229849538,0.00034570959809733043,6.924477812833641e-05
1777389953.6053472,tb7,-0.045661264982212596,0.9181832091130511,-5.056313471844466e-07,-1.64269120093163e-05
1777389953.6073828,tb1,0.5320847068230499,0.9328163725513756,5.0938764445450404e-06,3.665401068884298e-05
1777389953.614796,tb3,1.0701846165312303,0.8929647251002221,0.01407056026945529,-4.41678888733309e-05
1777389953.6153107,tb2,-0.7029268978257442,0.8998600659721608,0.00029633474791426376,-3.956782901253877e-06
1777389953.6553383,tb7,-0.045661264982212596,0.9181832091130511,7.198762237756352e-07,1.0112985589906159e-06
1777389953.657338,tb1,0.5320847068230499,0.9328163725513756,6.745297549411433e-06,5.1632739368165904e-05
1777389953.6646807,tb3,1.0701843535055287,0.8937347806253282,0.012530449329705876,-3.267361094534448e-05
1777389953.6649852,tb2,-0.7029271243935139,0.8998776627252849,0.00026107420275263074,-5.972005560157324e-05
1777389953.7052286,tb7,-0.045661238975653134,0.9181831732318536,4.6041842533710795e-06,5.954292445817373e-05
1777389953.7073014,tb1,0.5320843763606655,0.9328166714499295,3.8915186744562976e-07,-2.2443998588598907e-06
1777389953.7146168,tb3,1.0701841221000372,0.8944167655703843,0.01116648014814542,-4.74480500384848e-06
1777389953.7149873,tb2,-0.7029272319094496,0.899886052786377,0.0002443034000129416,-4.9536525874996e-05
1777389953.7553885,tb7,-0.045661238975653134,0.9181831732318536,5.503788251804137e-06,7.234379121012165e-05
1777389953.7575066,tb1,0.5320841774710346,0.9328168510075564,-3.984939443838517e-06,-4.1383678976957225e-05
1777389953.7647033,tb3,1.0701839177802255,0.8950214752876174,0.009957060781967158,1.815295688382365e-06
1777389953.7650182,tb2,-0.702927213435601,0.8998848301321364,0.00024680001556826774,-4.023480453852556e-06
1777389953.8053699,tb7,-0.04566144055510496,0.9181834577615918,-2.560461169309437e-06,-4.173286964066479e-05
1777389953.807461,tb1,0.5320841774710346,0.9328168510075564,-2.9460061534367654e-06,-3.196042212443385e-05
1777389953.8146505,tb3,1.0701837397655865,0.8955483550812423,0.008903300240424343,-2.5411209033485496e-05
1777389953.815002,tb2,-0.7029266030308292,0.8998389479716196,0.00033870678001038276,0.00010614070375891174
1777389953.8553774,tb7,-0.04566144055510496,0.9181834577615918,-2.2350754791776665e-06,-3.710285684173676e-05
1777389953.8574474,tb1,0.5320842721029476,0.9328167660087028,1.5674190007647254e-06,1.0981919405432865e-05
1777389953.8647418,tb3,1.0701835825103185,0.8960146018993494,0.00797080600439273,-4.0752323011301665e-05
1777389953.8650396,tb2,-0.7029267164242933,0.8998480272880756,0.0003204969562130103,6.219538694019231e-05
1777389953.9054844,tb7,-0.04566144055510496,0.9181834577615918,-2.2350754791776665e-06,-3.710285684173676e-05
1777389953.9075394,tb1,0.5320842721029476,0.9328167660087028,1.5674190007647254e-06,1.0981919405432865e-05
1777389953.9147327,tb3,1.070183444571878,0.8964262135463691,0.007147582964718099,-2.8023595032146862e-05
1777389953.9149225,tb2,-0.702927006150037,0.899870529679234,0.0002753974013463623,-1.6274798488903727e-05
1777389953.9553673,tb7,-0.04566138097295864,0.9181833741157712,1.5131050682266975e-06,1.7870046201350976e-05
1777389953.9574592,tb1,0.5320842721029476,0.9328167660087028,2.355857328965929e-06,1.8133186043757986e-05
1777389953.9647133,tb3,1.0701833232186224,0.8967901920333549,0.006419626170803409,-1.829480691392831e-05
1777389953.9649618,tb2,-0.7029271817137037,0.8998842091294682,0.000248017524995182,-3.050136087882201e-05
1777389954.00547,tb7,-0.04566138097295864,0.9181833741157712,2.3464390621910925e-06,2.9727868554463047e-05
1777389954.0074372,tb1,0.5320842721029476,0.9328167660087028,3.2484692840987694e-06,2.6229324787133073e-05
1777389954.0147808,tb3,1.0701833232186224,0.8967901920333549,0.006419626170803409,-1.829480691392831e-05
1777389954.015127,tb2,-0.7029271817137037,0.8998842091294682,0.000248017524995182,-3.050136087882201e-05
1777389954.05539,tb7,-0.04566138097295864,0.9181833741157712,2.7550645650099414e-06,3.554235429063959e-05
1777389954.057455,tb1,0.5320842721029476,0.9328167660087028,3.878298965769514e-06,3.194198464809499e-05
1777389954.0646787,tb3,1.0701832157487092,0.8971133657409817,0.0057732787020578135,-1.700878121332027e-05
1777389954.065005,tb2,-0.7029272498676941,0.8998895432378001,0.00023736153459031758,-1.732053331913406e-05
1777389954.105431,tb7,-0.04566138097295864,0.9181833741157712,3.288010516090773e-06,4.312584237284648e-05
1777389954.1075332,tb1,0.5320840635660422,0.9328169543198336,-1.2440430732064475e-06,-1.3729000305236073e-05
1777389954.1147716,tb3,1.0701831118646,0.8974265989948743,0.0051468125876125564,-1.9819558256265384e-06
1777389954.1150842,tb2,-0.7029271629761865,0.8998826463454912,0.00025119717667517285,1.7484076457959722e-05
1777389954.155918,tb7,-0.04566149364726191,0.9181835333114702,-2.1827659932748523e-06,-3.3711726776654676e-05
1777389954.1575599,tb1,0.5320840635660422,0.9328169543198336,-1.2761345936211868e-06,-1.402007447132523e-05
1777389954.1647503,tb3,1.0701830194272897,0.8977058715975811,0.004588266974527049,-1.2485670169698578e-05
1777389954.1650698,tb2,-0.7029265067342443,0.8998310338875192,0.0003545486570383594,0.00011242613123904829
1777389954.205354,tb7,-0.04566149364726191,0.9181835333114702,-8.133181587572009e-07,-1.4225433061128638e-05
1777389954.2072806,tb1,0.5320840635660422,0.9328169543198336,-2.832970168761648e-07,-5.014911550458787e-06
1777389954.2146938,tb3,1.0701829383362857,0.8979509272283308,0.004098155658405352,-1.2736759743683155e-05
1777389954.2151144,tb2,-0.7029268394869165,0.8998569097213864,0.00030271059261245984,4.2620885532730445e-05
1777389954.2554924,tb7,-0.04566149364726191,0.9181835333114702,-8.133181587572009e-07,-1.4225433061128638e-05
1777389954.2575674,tb1,0.5320840635660422,0.9328169543198336,-2.832970168761648e-07,-5.014911550458787e-06
1777389954.2648296,tb3,1.0701829383362857,0.8979509272283308,0.004098155658405352,-1.2736759743683155e-05
1777389954.2651496,tb2,-0.7029268394869165,0.8998569097213864,0.00030271059261245984,4.2620885532730445e-05
1777389954.3053367,tb7,-0.04566149364726191,0.9181835333114702,2.759585795519906e-07,1.2742201021182459e-06
1777389954.3073795,tb1,0.5320840635660422,0.9328169543198336,5.285541901119612e-07,2.3486820097270354e-06
1777389954.3146873,tb3,1.070182868309791,0.8981631923999392,0.0036736254022870325,-8.070549561183025e-06
1777389954.3151696,tb2,-0.7029271020969489,0.8998773050399668,0.0002618385029827348,-2.476626182420013e-05
1777389954.3554325,tb7,-0.04566149364726191,0.9181835333114702,9.673659131837053e-07,1.111246734354148e-05
1777389954.3575463,tb1,0.5320840635660422,0.9328169543198336,1.1282825592525223e-06,7.7882944890231e-06
1777389954.3647187,tb3,1.070182802788489,0.8983621619192719,0.0032756863904578382,-5.444292308220189e-06
1777389954.3649976,tb2,-0.7029272609070815,0.8998896480486084,0.0002371132983309342,-5.623590240960045e-05
1777389954.4052355,tb7,-0.04566149364726191,0.9181835333114702,1.2201759051206233e-06,1.4709778342129253e-05
1777389954.4073613,tb1,0.5320840635660422,0.9328169543198336,1.4816959944127263e-06,1.0993799232784465e-05
1777389954.4147332,tb3,1.0701827453484831,0.8985366937008473,0.0029266227352516476,-7.074744274883837e-06
1777389954.4150639,tb2,-0.7029273064563316,0.8998932296626286,0.00022997109979187402,-3.546483020792637e-05
1777389954.4554083,tb7,-0.04566149364726191,0.9181835333114702,1.2201759051206233e-06,1.4709778342129253e-05
1777389954.457967,tb1,0.5320840635660422,0.9328169543198336,1.4816959944127263e-06,1.0993799232784465e-05
1777389954.4646857,tb3,1.0701826951748727,0.8986893109207399,0.0026213880724914743,-1.2920095035331038e-05
1777389954.4650307,tb2,-0.7029270532582736,0.8998736115469524,0.0002692751483863602,1.9204058834532225e-05
1777389954.506053,tb7,-0.04566149364726191,0.9181835333114702,3.359151716352884e-07,2.127360860070983e-06
1777389954.5074933,tb1,0.5320840635660422,0.9328169543198336,1.2513517717895877e-06,8.904547877691558e-06
1777389954.5154428,tb3,1.0701826951748727,0.8986893109207399,0.0026213880724914743,-1.2920095035331038e-05
1777389954.5156374,tb2,-0.7029270532582736,0.8998736115469524,0.0002692751483863602,1.9204058834532225e-05
1777389954.5554194,tb7,-0.04566149364726191,0.9181835333114702,-9.119985995629448e-07,-1.5629587352405894e-05
1777389954.5574517,tb1,0.5320840635660422,0.9328169543198336,8.170427003391779e-07,4.96530943826494e-06
1777389954.564803,tb3,1.070182651636461,0.8988222172382027,0.0023555753166245746,-1.5077799747179906e-05
1777389954.5652769,tb2,-0.7029267061284212,0.8998466356469353,0.00032328866534007126,6.524480929004478e-05
1777389954.605394,tb7,-0.04566149364726191,0.9181835333114702,1.0739260848790876e-06,1.2628744745056725e-05
1777389954.6074357,tb1,0.5320838121718419,0.9328171815029552,-4.621492230114234e-06,-4.251690878068899e-05
1777389954.6147385,tb3,1.0701826094098577,0.8989514319039458,0.002097146851323541,1.3880244820238348e-05
1777389954.6151006,tb2,-0.7029269885952818,0.8998686209389573,0.0002792671959985866,2.5822804539584684e-05
1777389954.655676,tb7,-0.04566149364726191,0.9181835333114702,1.948386538633715e-06,2.507171103772803e-05
1777389954.6575038,tb1,0.5320838121718419,0.9328171815029552,-4.0458237151198145e-06,-3.7295544732550016e-05
1777389954.6647923,tb3,1.070182572185255,0.8990653371408349,0.001869336456340523,1.7383337092261595e-05
1777389954.6651695,tb2,-0.7029272065170888,0.8998855441759728,0.00024535301902443125,-3.0128820172649445e-05
1777389954.7054446,tb7,-0.04566149364726191,0.9181835333114702,1.8394243501582818e-06,2.352125460192911e-05
1777389954.707417,tb1,0.532083965391056,0.9328170433652045,8.206903865611781e-07,7.409469041688902e-06
1777389954.7146657,tb3,1.0701825398852587,0.8991631251776382,0.0016737595672894387,-9.571840942320616e-06
1777389954.7149835,tb2,-0.7029273046711259,0.8998931944287618,0.00023004009635504093,-3.794036530851815e-05
1777389954.7553084,tb7,-0.04566149364726191,0.9181835333114702,1.8394243501582818e-06,2.352125460192911e-05
1777389954.7575622,tb1,0.532083965391056,0.9328170433652045,8.206903865611781e-07,7.409469041688902e-06
1777389954.7648447,tb3,1.0701825398852587,0.8991631251776382,0.0016737595672894387,-9.571840942320616e-06
1777389954.765191,tb2,-0.7029273046711259,0.8998931944287618,0.00023004009635504093,-3.794036530851815e-05
1777389954.8057044,tb7,-0.04566162777932161,0.9181837230359013,-1.6517055095933133e-06,-2.409685040853365e-05
1777389954.8076022,tb1,0.532083965391056,0.9328170433652045,1.7722496257461743e-06,1.604023225656021e-05
1777389954.814809,tb3,1.0701825118188282,0.8992487708209541,0.0015024683350435043,-7.175638454780321e-06
1777389954.8152778,tb2,-0.702927270541606,0.8998905788985969,0.00023531109754395242,-3.5036723883272277e-06
1777389954.8552132,tb7,-0.04566162777932161,0.9181837230359013,-3.946192247136899e-06,-5.674564911950409e-05
1777389954.8575053,tb1,0.532083965391056,0.9328170433652045,7.590990002695475e-07,6.850827341552577e-06
1777389954.8646672,tb3,1.0701824853405675,0.8993298934156724,0.001340222890149548,-1.407288575599411e-05
1777389954.864984,tb2,-0.7029266523220102,0.8998425098846103,0.00033156700274722286,8.603286672403786e-05
1777389954.9053826,tb7,-0.04566162777932161,0.9181837230359013,-2.809534551664739e-06,-4.0571875832640125e-05
1777389954.9074295,tb1,0.532083965391056,0.9328170433652045,1.4059633662535183e-06,1.2717969338646996e-05
1777389954.9147644,tb3,1.0701824622695884,0.8994008032928186,0.001198403409280336,-4.169937490321527e-06
1777389954.9151578,tb2,-0.7029269450489634,0.8998652805792374,0.00028595527273678987,3.0046822241069167e-05
1777389954.955292,tb7,-0.045661554313620505,0.9181836196421737,-1.6299622750618968e-07,-1.93534576640581e-06
1777389954.957507,tb1,0.532083965391056,0.9328170433652045,1.453711807411741e-06,1.3151053767388186e-05
1777389954.9651825,tb2,-0.7029271820288889,0.899883692422015,0.00024905840126474975,-2.9544480472534064e-05
1777389954.9653745,tb3,1.0701824419960881,0.8994631377906092,0.0010737345420706455,8.323596860746099e-07
1777389955.005329,tb7,-0.045661554313620505,0.9181836196421737,7.594426811676774e-07,1.1190321161067495e-05
1777389955.0074942,tb1,0.532083965391056,0.9328170433652045,1.453711807411741e-06,1.3151053767388186e-05
1777389955.0148597,tb3,1.0701824419960881,0.8994631377906092,0.0010737345420706455,8.323596860746099e-07
1777389955.0150797,tb2,-0.7029271820288889,0.899883692422015,0.00024905840126474975,-2.9544480472534064e-05
1777389955.0554357,tb7,-0.045661554313620505,0.9181836196421737,1.2953797489017504e-06,1.8816334525223227e-05
1777389955.05745,tb1,0.532083965391056,0.9328170433652045,1.7868842656229612e-06,1.6172970299879134e-05
1777389955.0648115,tb3,1.0701824240850975,0.8995179465792914,0.000964116955869282,7.342182498331867e-07
1777389955.0651703,tb2,-0.702927317421546,0.8998942543774567,0.00022792752112284678,-3.1742215679654924e-05
1777389955.105469,tb7,-0.045661554313620505,0.9181836196421737,2.0101102203390244e-06,2.898645421855724e-05
1777389955.1074848,tb1,0.5320838023163701,0.9328171904427168,-2.763550566556376e-06,-2.5419709710781848e-05
1777389955.1146915,tb3,1.0701824068845993,0.8995705367737684,0.0008589368995565163,1.131445893714578e-05
1777389955.1150568,tb2,-0.7029273524143657,0.8998970045381869,0.00022244750884434185,-1.2559400933067885e-05
1777389955.1552057,tb7,-0.045661554313620505,0.9181836196421737,6.030589602751325e-07,8.965089100696747e-06
1777389955.1574512,tb1,0.5320838023163701,0.9328171904427168,-3.389112670340549e-06,-3.1093613019756825e-05
1777389955.1646788,tb3,1.0701823917112112,0.8996167420796128,0.0007665259242243573,-4.89327536521967e-07
1777389955.165028,tb2,-0.7029269736987939,0.8998673323564862,0.00028186978537077966,4.755498978270101e-05
1777389955.2053926,tb7,-0.045661554313620505,0.9181836196421737,5.078744423385338e-07,7.6106793209921705e-06
1777389955.2074332,tb1,0.5320838023163701,0.9328171904427168,-3.3822258353464494e-06,-3.1031148820559e-05
1777389955.2147,tb3,1.0701823784014814,0.8996571916204099,0.0006856266638149747,-6.489795902639192e-06
1777389955.2151308,tb2,-0.7029269434866973,0.8998648906095824,0.00028674846337192837,4.2070257297477536e-05
1777389955.255348,tb7,-0.045661554313620505,0.9181836196421737,9.18507731366526e-07,1.3453706680780078e-05
1777389955.2574506,tb1,0.5320839619677775,0.9328170464773683,1.788150818820115e-06,1.630693343494004e-05
1777389955.2648065,tb3,1.0701823667666217,0.8996929310898352,0.0006141474920492874,-1.3288956807139314e-05
1777389955.2652304,tb2,-0.7029271929644538,0.8998842826379634,0.0002478930479170152,-1.549095675392816e-05
1777389955.3053696,tb7,-0.045661554313620505,0.9181836196421737,9.18507731366526e-07,1.3453706680780078e-05
1777389955.307426,tb1,0.5320839619677775,0.9328170464773683,1.788150818820115e-06,1.630693343494004e-05
1777389955.3146873,tb3,1.070182356639201,0.8997244300332522,0.0005511499440045228,-1.3299846789139122e-06
1777389955.3150012,tb2,-0.7029273377700603,0.8998955632474018,0.00022531797021295972,-2.456484627419512e-05
1777389955.3555257,tb7,-0.04566163060580369,0.9181837270739704,-1.1789034262910073e-06,-1.7163641459397807e-05
1777389955.3575559,tb1,0.5320839619677775,0.9328170464773683,2.6041250433288035e-06,2.3707923623658426e-05
1777389955.3648677,tb3,1.070182356639201,0.8997244300332522,0.0005511499440045228,-1.3299846789139122e-06
1777389955.3650608,tb2,-0.7029273377700603,0.8998955632474018,0.00022531797021295972,-2.456484627419512e-05
1777389955.4055798,tb7,-0.04566163060580369,0.9181837270739704,-1.017386431585805e-06,-1.4865377482825577e-05
1777389955.4075212,tb1,0.5320839619677775,0.9328170464773683,2.719081778196579e-06,2.475059585683563e-05
1777389955.4147627,tb3,1.0701823476096657,0.8997521774513337,0.0004956551304392926,-3.2298197180576746e-07
1777389955.4151132,tb2,-0.702927377215745,0.8998986549103462,0.00021914525201251428,-1.3496759474907015e-05
1777389955.4554212,tb7,-0.04566163060580369,0.9181837270739704,-2.14100051546801e-06,-3.0853551218158856e-05
1777389955.4574883,tb1,0.5320839619677775,0.9328170464773683,2.2060272469386955e-06,2.009712588429647e-05
1777389955.4647903,tb3,1.070182338865212,0.8997790139994386,0.0004419818612861131,-5.5957985862085925e-06
1777389955.4652526,tb2,-0.702927076050899,0.8998749903413283,0.00026653581227743345,3.3811749290749407e-05
1777389955.5055037,tb7,-0.04566163060580369,0.9181837270739704,-1.9041386626744984e-06,-2.7483187222140617e-05
1777389955.5073688,tb1,0.5320838003827254,0.9328171922008147,-2.5958823182478783e-06,-2.3826495665743877e-05
1777389955.5146532,tb3,1.0701823314661618,0.8998017866968117,0.0003964368408962952,6.539572992756227e-06
1777389955.5149863,tb2,-0.7029269893667979,0.8998681218812358,0.0002802888959154663,4.529385558067457e-05
1777389955.555374,tb7,-0.04566163060580369,0.9181837270739704,-1.9041386626744984e-06,-2.7483187222140617e-05
1777389955.5575438,tb1,0.5320838003827254,0.9328171922008147,-2.5958823182478783e-06,-2.3826495665743877e-05
1777389955.5648553,tb3,1.0701823246371909,0.8998225498378923,0.0003549105117004163,4.7394205614703144e-06
1777389955.5657735,tb2,-0.7029272344973827,0.8998871767106632,0.0002421082420542448,-1.1912316761885558e-05
1777389955.6054149,tb7,-0.04566155146358599,0.9181836155954552,1.7370875293764657e-06,2.4995537951411766e-05
1777389955.6074827,tb1,0.5320838003827254,0.9328171922008147,-2.6335964093036076e-06,-2.4168565797729296e-05
1777389955.614752,tb3,1.0701823246371909,0.8998225498378923,0.0003549105117004163,4.7394205614703144e-06
1777389955.6151757,tb2,-0.7029272344973827,0.8998871767106632,0.0002421082420542448,-1.1912316761885558e-05
1777389955.6552985,tb7,-0.04566155146358599,0.9181836155954552,2.263889181471647e-06,3.249156095383043e-05
1777389955.6575994,tb1,0.5320838003827254,0.9328171922008147,-2.3525045595103052e-06,-2.16190379298367e-05
1777389955.6648238,tb3,1.0701823186150976,0.8998407726389801,0.00031846485083300243,2.4457727213376608e-06
1777389955.6651437,tb2,-0.702927371913274,0.8998978879086048,0.0002206713331975777,-2.1003988045104967e-05
1777389955.705371,tb7,-0.04566155146358599,0.9181836155954552,1.8903357680588913e-06,2.717615435167327e-05
1777389955.7074237,tb1,0.5320839601045169,0.9328170481708491,2.407501220364286e-06,2.1987354653153465e-05
1777389955.7147846,tb3,1.0701823133391806,0.8998567593609179,0.0002864909310405798,-1.2878607351241405e-05
1777389955.7150645,tb2,-0.7029274159263351,0.8999013269258241,0.00021379280692447177,-1.9372750139538082e-05
1777389955.7564585,tb7,-0.04566155146358599,0.9181836155954552,1.8903357680588913e-06,2.717615435167327e-05
1777389955.7576942,tb1,0.5320839601045169,0.9328170481708491,1.8125593073407555e-06,1.6591155601054225e-05
1777389955.764798,tb3,1.0701823084093562,0.8998722041213462,0.0002556013848472201,-1.282711985143315e-05
1777389955.7651205,tb2,-0.702927079985641,0.899875026962844,0.00026645683061748304,2.9326479711327858e-05
1777389955.8054972,tb7,-0.04566155146358599,0.9181836155954552,6.301780929443053e-07,9.244982568585046e-06
1777389955.8079817,tb1,0.5320839601045169,0.9328170481708491,1.8125593073407555e-06,1.6591155601054225e-05
1777389955.814772,tb3,1.0701823084093562,0.8998722041213462,0.0002556013848472201,-1.282711985143315e-05
1777389955.8151054,tb2,-0.702927079985641,0.899875026962844,0.00026645683061748304,2.9326479711327858e-05
1777389955.855299,tb7,-0.04566163170444877,0.9181837286338574,-2.016430382291533e-06,-2.9039869169478294e-05
1777389955.8574665,tb1,0.5320839601045169,0.9328170481708491,2.3948993285453594e-06,2.187305388664274e-05
1777389955.8646994,tb3,1.070182304491582,0.8998847565258453,0.00023049689128357254,-1.5933608275325048e-06
1777389955.8650346,tb2,-0.7029270995253963,0.8998764821434881,0.00026353843674220263,2.1624444927703077e-05
1777389955.9054573,tb7,-0.04566163170444877,0.9181837286338574,-6.243004757190539e-07,-9.230919800241408e-06
1777389955.9074595,tb1,0.5320837997339781,0.9328171927942112,-1.8314640888566353e-06,-1.6852953066536756e-05
1777389955.914824,tb3,1.0701823004384632,0.8998976252980685,0.00020476004100031432,2.1403591768866953e-05
1777389955.9151056,tb2,-0.7029273214825157,0.8998937472019064,0.00022896227280450783,-1.4714218445079928e-05
1777389955.9554124,tb7,-0.04566163170444877,0.9181837286338574,-1.553103663297363e-07,-2.557547374503506e-06
1777389955.9574602,tb1,0.5320837997339781,0.9328171927942112,-1.5879468184462418e-06,-1.4644229893792063e-05
1777389955.9648144,tb3,1.0701822967564076,0.8999085022841221,0.00018300591132362594,1.542738019586957e-05
1777389955.9651535,tb2,-0.7029274444456698,0.8999033202866145,0.0002097960974687706,-2.935398242473309e-05
1777389956.0052907,tb7,-0.04566163170444877,0.9181837286338574,-1.553103663297363e-07,-2.557547374503506e-06
1777389956.0073624,tb1,0.5320837997339781,0.9328171927942112,-1.5879468184462418e-06,-1.4644229893792063e-05
1777389956.0147674,tb3,1.0701822967564076,0.8999085022841221,0.00018300591132362594,1.542738019586957e-05
1777389956.015009,tb2,-0.7029274444456698,0.8999033202866145,0.0002097960974687706,-2.935398242473309e-05
1777389956.0553422,tb7,-0.04566163170444877,0.9181837286338574,-1.2215139380916556e-07,-2.085720424522164e-06
1777389956.057679,tb1,0.5320837997339781,0.9328171927942112,-1.5595751263046371e-06,-1.4386896137637796e-05
1777389956.064671,tb3,1.0701822937115728,0.899917152896745,0.00016570435442919465,3.395647252903835e-06
1777389956.0650811,tb2,-0.7029274520984095,0.8999039539832367,0.00020854552966131416,-1.3514301713571412e-05
1777389956.1053782,tb7,-0.04566163170444877,0.9181837286338574,-1.9238666217105745e-06,-2.7722757283498638e-05
1777389956.1074202,tb1,0.5320837997339781,0.9328171927942112,-2.424679646373553e-06,-2.223347062125536e-05
1777389956.1147149,tb3,1.0701822902792641,0.8999269589678931,0.00014609162015607322,-1.6795014756690388e-05
1777389956.1150763,tb2,-0.7029269731399411,0.8998669069251058,0.0002827301865054771,5.5195555436615094e-05
1777389956.1553028,tb7,-0.04566163170444877,0.9181837286338574,-1.5100623709194232e-06,-2.1834637637481852e-05
1777389956.1573625,tb1,0.532083958373315,0.9328170497415361,2.6794057267457604e-06,2.4499885891748208e-05
1777389956.1648421,tb3,1.0701822877064886,0.8999348632421132,0.00013028281640292366,-2.470418311525668e-05
1777389956.1651902,tb2,-0.7029272259271271,0.8998866028000349,0.00024329339990034312,2.2176095858798064e-05
1777389956.2053964,tb7,-0.04566155447198785,0.9181836198645986,1.8744222816064445e-06,2.7053294215386205e-05
1777389956.207367,tb1,0.532083958373315,0.9328170497415361,2.5264411783802697e-06,2.3112477917843214e-05
1777389956.2146683,tb3,1.0701822859194334,0.899941129391933,0.00011775092534278633,-1.001684404356946e-05
1777389956.2150266,tb2,-0.7029274144488794,0.8999012515323416,0.00021393716531212064,-2.5501191522636524e-05
1777389956.255362,tb7,-0.04566155447198785,0.9181836198645986,1.8744222816064445e-06,2.7053294215386205e-05
1777389956.2576423,tb1,0.532083958373315,0.9328170497415361,2.5264411783802697e-06,2.3112477917843214e-05
1777389956.2648249,tb3,1.0701822859194334,0.899941129391933,0.00011775092534278633,-1.001684404356946e-05
1777389956.2651868,tb2,-0.7029274144488794,0.8999012515323416,0.00021393716531212064,-2.5501191522636524e-05
1777389956.3054135,tb7,-0.04566155447198785,0.9181836198645986,2.1597471688035503e-06,3.111326974313833e-05
1777389956.3076575,tb1,0.532083958373315,0.9328170497415361,2.673018827163892e-06,2.4441955897490698e-05
1777389956.31473,tb3,1.070182284072261,0.899947459735963,0.00010509058250181989,2.4258236062185794e-06
1777389956.3150988,tb2,-0.7029274894046075,0.8999071043271685,0.00020223195195780188,-2.2766301047256627e-05
1777389956.3553588,tb7,-0.04566155447198785,0.9181836198645986,2.2258849149920605e-06,3.2054364064155404e-05
1777389956.3574986,tb1,0.5320837981856892,0.9328171941994386,-2.2043784936801016e-06,-2.01915731484204e-05
1777389956.3647757,tb3,1.0701822821273064,0.899953800491348,9.240956788993212e-05,1.9010545268482448e-05
1777389956.3652084,tb2,-0.7029273607655481,0.8998970470871975,0.00022238719570854575,1.0224504620739172e-05
1777389956.4053762,tb7,-0.04566163372458839,0.9181837315032602,-1.182456271716007e-06,-1.7091992138675187e-05
1777389956.4077814,tb1,0.5320837981856892,0.9328171941994386,-2.020935995044656e-06,-1.852773345737006e-05
1777389956.4146864,tb3,1.0701822806902819,0.899957954359067,8.410167116589154e-05,1.330010644012915e-05
1777389956.4151456,tb2,-0.7029271733586588,0.8998823863228242,0.00025174952975713004,4.1239986838740285e-05
1777389956.455393,tb7,-0.04566163372458839,0.9181837315032602,-3.883181966040279e-07,-5.792011774525011e-06
1777389956.4580019,tb1,0.5320837981856892,0.9328171941994386,-1.6257966017906523e-06,-1.4943784204148734e-05
1777389956.464762,tb3,1.0701822787509017,0.8999630730352794,7.38640272563435e-05,2.187029271530018e-06
1777389956.4650972,tb2,-0.702927383177391,0.8998987082902021,0.00021905642651772714,2.3193745685617474e-06
1777389956.505392,tb7,-0.04566163372458839,0.9181837315032602,-3.883181966040279e-07,-5.792011774525011e-06
1777389956.5079672,tb1,0.5320837981856892,0.9328171941994386,-1.6257966017906523e-06,-1.4943784204148734e-05
1777389956.5149252,tb3,1.0701822776763186,0.8999661586041102,6.76928519226547e-05,5.42020321694261e-07
1777389956.5149648,tb2,-0.702927506340276,0.8999082883926339,0.00019986952724816156,-1.8512301754313514e-05
1777389956.555278,tb7,-0.04566163372458839,0.9181837315032602,7.77479317490345e-08,8.397544936299075e-07
1777389956.5574985,tb1,0.5320837981856892,0.9328171941994386,-1.3941507431802828e-06,-1.2842735773766668e-05
1777389956.5648034,tb3,1.0701822776763186,0.8999661586041102,6.76928519226547e-05,5.42020321694261e-07
1777389956.5659237,tb2,-0.702927506340276,0.8999082883926339,0.00019986952724816156,-1.8512301754313514e-05
1777389956.6054134,tb7,-0.04566163372458839,0.9181837315032602,1.0650746828007366e-07,1.2489808086343572e-06
1777389956.607423,tb1,0.5320837981856892,0.9328171941994386,-1.3746780988918682e-06,-1.2666117167403504e-05
1777389956.6148114,tb3,1.0701822763172821,0.8999702630113072,5.94840094345754e-05,-4.54808385019445e-07
1777389956.6150534,tb2,-0.7029275134569414,0.8999088317476467,0.00019879234405430899,-9.455877683490686e-06
1777389956.6561403,tb7,-0.04566163372458839,0.9181837315032602,-1.9018129464171386e-06,-2.7327890093570424e-05
1777389956.6574953,tb1,0.5320839574886954,0.9328170505449391,2.5538569208367942e-06,2.3388845132396988e-05
1777389956.6648521,tb3,1.0701822753072732,0.8999733356599348,5.333809875507535e-05,-1.983989380404899e-05
1777389956.665152,tb2,-0.7029271252714037,0.8998783519175799,0.0002598166008447231,3.8741636193851615e-05
1777389956.705309,tb7,-0.04566163372458839,0.9181837315032602,-1.0116590281615334e-06,-1.4661677362312921e-05
1777389956.7074,tb1,0.5320839574886954,0.9328170505449391,2.991620442110682e-06,2.7359416158543885e-05
1777389956.714947,tb3,1.0701822744188985,0.8999763810316136,4.7247629401968495e-05,-1.0451851533393554e-05
1777389956.7152834,tb2,-0.7029273609390387,0.8998967062778264,0.0002230656808561076,7.1165077162393436e-06
1777389956.7553759,tb7,-0.04566163372458839,0.9181837315032602,-1.0116590281615334e-06,-1.4661677362312921e-05
1777389956.7574105,tb1,0.5320839574886954,0.9328170505449391,2.991620442110682e-06,2.7359416158543885e-05
1777389956.764889,tb3,1.0701822744188985,0.8999763810316136,4.7247629401968495e-05,-1.0451851533393554e-05
1777389956.765257,tb2,-0.7029273609390387,0.8998967062778264,0.0002230656808561076,7.1165077162393436e-06
1777389956.8054152,tb7,-0.04566163372458839,0.9181837315032602,-4.339054874966512e-07,-6.440684225935689e-06
1777389956.8075492,tb1,0.5320839574886954,0.9328170505449391,3.2755021273638858e-06,2.993425928626742e-05
1777389956.8147206,tb3,1.0701822739043099,0.8999784434700416,4.312305923908738e-05,3.4637988793781695e-07
1777389956.8150713,tb2,-0.702927513922159,0.8999086112171303,0.00019922445989819504,-1.707365500427539e-05
1777389956.855336,tb7,-0.04566163372458839,0.9181837315032602,3.4588602543388507e-07,4.655155478014425e-06
1777389956.8575013,tb1,0.532083796253607,0.9328171959487682,-1.2887122507152298e-06,-1.185516746775845e-05
1777389956.864882,tb3,1.0701822733576543,0.899980526491688,3.8957637733506865e-05,2.097896258561375e-05
1777389956.8651576,tb2,-0.7029275740607485,0.8999132880884988,0.0001898643860955117,-2.1734516115121597e-05
1777389956.9054017,tb7,-0.04566163372458839,0.9181837315032602,-7.083531698389928e-07,-1.0345865854480179e-05
1777389956.907506,tb1,0.532083796253607,0.9328171959487682,-1.8003588266206844e-06,-1.6495847099938714e-05
1777389956.914848,tb3,1.0701822727090697,0.8999825911244622,3.482825835803478e-05,1.754485857951967e-05
1777389956.9151626,tb2,-0.7029272943156065,0.8998914312473546,0.00023363109527454413,1.8510806015055362e-05
1777389956.9553463,tb7,-0.04566163372458839,0.9181837315032602,-4.91853739500272e-07,-7.265243745620485e-06
1777389956.9574616,tb1,0.532083796253607,0.9328171959487682,-1.690922563155901e-06,-1.550325052488262e-05
1777389956.964801,tb3,1.070182271752827,0.8999846387177446,3.073267890602894e-05,3.066974257372491e-06
1777389956.9651902,tb2,-0.7029273513569447,0.8998958583867592,0.0002247704783838465,1.4448037502204145e-05
1777389957.0053616,tb7,-0.04566155809490574,0.9181836250138442,2.81977861482244e-06,4.0662098245781856e-05
1777389957.0073688,tb1,0.532083796253607,0.9328171959487682,-1.8615345951716918e-06,-1.7050716723751255e-05
1777389957.0146892,tb3,1.0701822709018418,0.8999866465638713,2.671672809307828e-05,-6.4435208804299604e-06
1777389957.0151374,tb2,-0.7029275269431042,0.8999095224850052,0.00019740011479203753,-1.8257361719377258e-05
1777389957.0554132,tb7,-0.04566155809490574,0.9181836250138442,2.820978737803691e-06,4.067917516419491e-05
1777389957.0574617,tb1,0.532083796253607,0.9328171959487682,-1.8615345951716918e-06,-1.7050716723751255e-05
1777389957.0646718,tb3,1.0701822709018418,0.8999866465638713,2.671672809307828e-05,-6.4435208804299604e-06
1777389957.0651345,tb2,-0.7029275269431042,0.8999095224850052,0.00019740011479203753,-1.8257361719377258e-05
1777389957.1054592,tb7,-0.04566155809490574,0.9181836250138442,3.097955244876922e-06,4.462035893245511e-05
1777389957.107418,tb1,0.532083796253607,0.9328171959487682,-1.7251744908991045e-06,-1.5813918534649907e-05
1777389957.1147192,tb3,1.0701822705888346,0.8999876733361272,2.4663253480018707e-05,-4.0780715488523494e-06
1777389957.115105,tb2,-0.7029276002591204,0.8999152431422556,0.00018595586720191858,-1.8639152545965343e-05
1777389957.15534,tb7,-0.045661638061324075,0.9181837376582492,-1.365341282175585e-07,-2.057272068528876e-06
1777389957.157486,tb1,0.532083796253607,0.9328171959487682,-1.4452144743831248e-06,-1.3274656458730855e-05
1777389957.1647704,tb3,1.0701822703264303,0.8999886907685654,2.262848586858298e-05,-5.181230736861627e-07
1777389957.165028,tb2,-0.7029274657551414,0.899904785060248,0.00020690984203790183,1.128933177619992e-05
1777389957.205427,tb7,-0.045661717189153135,0.9181838491208314,-3.840547246572543e-06,-5.54100285428986e-05
1777389957.20746,tb1,0.5320839562945159,0.9328170516274061,3.5112966203806873e-06,3.209899092978992e-05
1777389957.2147524,tb3,1.070182269754001,0.8999907287643235,1.855222892373182e-05,-8.248397628407098e-06
1777389957.215115,tb2,-0.7029273445336788,0.8998953490542922,0.00022580544335024268,2.9160362317445095e-05
1777389957.2559574,tb7,-0.045661717189153135,0.9181838491208314,-3.1745452034427704e-06,-4.593337258513111e-05
1777389957.2573826,tb1,0.5320839562945159,0.9328170516274061,3.837188501029237e-06,3.5054871883636e-05
1777389957.264772,tb3,1.0701822694977632,0.899991740214395,1.652952634887782e-05,-1.4890522197055002e-06
1777389957.2651372,tb2,-0.7029275210093546,0.8999090796745705,0.00019830434271194054,-2.1845727248561766e-06
1777389957.3054907,tb7,-0.045661717189153135,0.9181838491208314,-3.1745452034427704e-06,-4.593337258513111e-05
1777389957.3074448,tb1,0.5320839562945159,0.9328170516274061,3.837188501029237e-06,3.5054871883636e-05
1777389957.3145878,tb3,1.0701822694977632,0.899991740214395,1.6529577201813395e-05,1.1894589892131285e-07
1777389957.3150847,tb2,-0.7029276192874507,0.8999167290459573,0.00018298224348529884,-1.9871696110109347e-05
1777389957.355429,tb7,-0.045661638225202764,0.9181837378939874,-1.0381700078997941e-07,-1.576541200976441e-06
1777389957.357431,tb1,0.5320839562945159,0.9328170516274061,3.4984074940806787e-06,3.198208490909959e-05
1777389957.3647568,tb3,1.0701822694977632,0.899991740214395,1.6529512114446573e-05,-1.9391528561636435e-06
1777389957.3651128,tb2,-0.7029276192874507,0.8999167290459573,0.00018298224348529884,-1.9871696110109347e-05
1777389957.4054763,tb7,-0.04566155826753567,0.9181836252671939,2.8681510506984003e-06,4.138829731082097e-05
1777389957.4074447,tb1,0.5320837936772282,0.9328171982784058,-1.898634977418281e-06,-1.736049705342516e-05
1777389957.4148054,tb3,1.0701822692061553,0.8999927493405085,1.4511609555524229e-05,9.385924541918837e-06
1777389957.4150352,tb2,-0.7029275341632906,0.8999101283898397,0.00019620821251136627,4.223445301830071e-07
1777389957.45537,tb7,-0.04566155826753567,0.9181836252671939,2.7695772382129936e-06,3.998566022128784e-05
1777389957.457522,tb1,0.5320836327212946,0.9328173434288508,-6.885953334107848e-06,-6.299137510625656e-05
1777389957.4647865,tb3,1.0701822688899436,0.8999937580394439,1.249454175207437e-05,1.9921463309884057e-05
1777389957.465138,tb2,-0.7029273617666078,0.8998967307246882,0.0002230451207738368,3.278783608631641e-05
1777389957.505248,tb7,-0.04566155826753567,0.9181836252671939,3.4071409381396368e-06,4.905775015987545e-05
1777389957.5073147,tb1,0.5320836327212946,0.9328173434288508,-6.573081052306505e-06,-6.0153608283818346e-05
1777389957.5146632,tb3,1.0701822684219489,0.8999947667151896,1.047707455587505e-05,1.5269458279224427e-05
1777389957.5149841,tb2,-0.702927530624849,0.8999098792850175,0.00019671615353236756,8.631769514237778e-06
1777389957.5552416,tb7,-0.04566163830305871,0.9181837380106422,-2.7789531941417665e-08,-4.650612271923701e-07
1777389957.5574088,tb1,0.5320839542506635,0.9328170534738733,3.481852566076188e-06,3.184522354790801e-05
1777389957.5646431,tb3,1.0701822684219489,0.8999947667151896,1.0476389688281702e-05,-6.365208322998478e-06
1777389957.5649943,tb2,-0.7029276348996557,0.899917975545749,0.0001804880799420492,-2.0463191674832467e-05
1777389957.6058297,tb7,-0.04566163830305871,0.9181837380106422,-4.291353237058875e-07,-6.175906187739647e-06
1777389957.6075501,tb1,0.5320839542506635,0.9328170534738733,3.289016915170718e-06,3.009617964518764e-05
1777389957.6147647,tb3,1.0701822676891661,0.8999957757267125,8.45771927830851e-06,-2.949672327354414e-05
1777389957.615123,tb2,-0.7029275282197897,0.8999096719039072,0.00019711609559912833,-4.640142311459575e-06
1777389957.6553464,tb7,-0.04566163830305871,0.9181837380106422,-6.722248893870793e-07,-9.634885575635545e-06
1777389957.6574106,tb1,0.5320839542506635,0.9328170534738733,3.1704411198281966e-06,2.9020682086099234e-05
1777389957.664678,tb3,1.0701822676891661,0.8999957757267125,8.457685749263376e-06,-3.055121209201557e-05
1777389957.6650949,tb2,-0.7029274637712427,0.8999046626706991,0.00020715138937760555,8.912848490071674e-06
1777389957.7055244,tb7,-0.04566163830305871,0.9181837380106422,-6.722248893870793e-07,-9.634885575635545e-06
1777389957.7075334,tb1,0.5320839542506635,0.9328170534738733,3.1704411198281966e-06,2.9020682086099234e-05
1777389957.7146747,tb3,1.0701822680417452,0.8999967831852211,6.444245837763646e-06,2.080492036460001e-05
1777389957.7150333,tb2,-0.7029276177363648,0.8999166530999138,0.0001831484561074349,-7.353370903411678e-06
1777389957.7553985,tb7,-0.04566163830305871,0.9181837380106422,4.5884582890643544e-07,6.4593893467231625e-06
1777389957.7574239,tb1,0.5320837934101178,0.9328171985200011,-1.2177459824042278e-06,-1.1179473112422319e-05
1777389957.764695,tb3,1.0701822680417452,0.8999967831852211,6.444245837763646e-06,2.080492036460001e-05
1777389957.7651331,tb2,-0.7029276177363648,0.8999166530999138,0.0001831484561074349,-7.353370903411678e-06
1777389957.805399,tb7,-0.04566163830305871,0.9181837380106422,6.664598662760162e-07,9.413578984138732e-06
1777389957.807332,tb1,0.5320837934101178,0.9328171985200011,-1.1164744112738613e-06,-1.0260931052466315e-05
1777389957.8146734,tb3,1.0701822680417452,0.8999967831852211,6.44427425938214e-06,2.1705521486728267e-05
1777389957.8151307,tb2,-0.7029276727795694,0.8999209442979245,0.00017456199699636968,-9.365610445828092e-06
1777389957.855282,tb7,-0.04566163830305871,0.9181837380106422,-2.624378296742553e-07,-3.803927800870004e-06
1777389957.8574088,tb1,0.5320837934101178,0.9328171985200011,-1.5695791909658273e-06,-1.4370631268121136e-05
1777389957.8646584,tb3,1.0701822680417452,0.8999967831852211,6.444147096641548e-06,1.7676092026336046e-05
1777389957.8649955,tb2,-0.7029274265077242,0.8999013937499967,0.00021370462032263413,2.1258238043569013e-05
1777389957.905359,tb7,-0.04566163830305871,0.9181837380106422,4.2878389675035986e-07,6.031630946658541e-06
1777389957.907525,tb1,0.5320837934101178,0.9328171985200011,-1.2284106896525496e-06,-1.1276202945438251e-05
1777389957.914746,tb3,1.070182267043423,0.8999977888484083,4.431937051940853e-06,-1.4905653015721433e-05
1777389957.9150944,tb2,-0.7029276093929937,0.8999156446869984,0.00018517454905226305,9.357164771276129e-07
1777389957.9553065,tb7,-0.04566163830305871,0.9181837380106422,8.217063108373837e-07,1.1622617657917733e-05
1777389957.9574823,tb1,0.5320837934101178,0.9328171985200011,-1.0367479689420365e-06,-9.537805206238786e-06
1777389957.9648116,tb3,1.070182267043423,0.8999977888484083,4.431991240196683e-06,-1.3201209415669851e-05
1777389957.9650507,tb2,-0.7029277135656694,0.8999237470634865,0.0001689465658798625,-1.7288564356740507e-05
1777389958.0053422,tb7,-0.04566163830305871,0.9181837380106422,4.0969142660170954e-07,5.759959636854935e-06
1777389958.007454,tb1,0.5320837934101178,0.9328171985200011,-1.2377237607147874e-06,-1.1360673319330371e-05
1777389958.0148,tb3,1.070182267043423,0.8999977888484083,4.431934418882827e-06,-1.4988473524206045e-05
1777389958.0150206,tb2,-0.7029276043311461,0.8999153782865977,0.0001857068483174786,3.2226782070218864e-07
1777389958.0555046,tb7,-0.04566163830305871,0.9181837380106422,4.0969142660170954e-07,5.759959636854935e-06
1777389958.0574365,tb1,0.5320837934101178,0.9328171985200011,-1.2377237607147874e-06,-1.1360673319330371e-05
1777389958.0645797,tb3,1.070182267043423,0.8999977888484083,4.4320155102330635e-06,-1.2437816913957132e-05
1777389958.064973,tb2,-0.7029276323943766,0.899917635913644,0.0001811958647374767,4.332403236141834e-06
1777389958.1053212,tb7,-0.04566171854828487,0.9181838510655808,-2.1937275488238897e-06,-3.186527299309066e-05
1777389958.1074078,tb1,0.5320837934101178,0.9328171985200011,-6.580606435587178e-07,-6.103077848360142e-06
1777389958.1146805,tb3,1.070182267043423,0.8999977888484083,4.4320155102330635e-06,-1.2437816913957132e-05
1777389958.1150146,tb2,-0.7029276323943766,0.899917635913644,0.0001811958647374767,4.332403236141834e-06
1777389958.1553047,tb7,-0.04566171854828487,0.9181838510655808,-1.7560339490516733e-06,-2.5637256280887427e-05
1777389958.1573832,tb1,0.5320837934101178,0.9328171985200011,-4.4527997077393313e-07,-4.17313842590405e-06
1777389958.1648574,tb3,1.0701822672231718,0.8999987926085541,2.425295669902918e-06,1.637229327875648e-05
1777389958.165094,tb2,-0.7029277485036703,0.8999266781092761,0.00016309165723124504,-1.034357111723105e-05
1777389958.2057934,tb7,-0.04566171854828487,0.9181838510655808,-1.7762075881726268e-06,-2.5924310424828855e-05
1777389958.208711,tb1,0.5320837934101178,0.9328171985200011,-4.5512038640798743e-07,-4.262391861457961e-06
1777389958.214893,tb3,1.0701822672231718,0.8999987926085541,2.425292903274333e-06,1.6284783132892484e-05
1777389958.2151752,tb2,-0.7029277431551993,0.8999260738311564,0.00016429804732535894,-1.2542718577013267e-05
1777389958.2554367,tb7,-0.04566164055017504,0.918183741214984,1.2660382681153133e-07,1.8722139773474214e-06
1777389958.2574155,tb1,0.5320839517429463,0.9328170557432228,3.529236955754527e-06,3.231392774281628e-05
1777389958.2647734,tb3,1.0701822672231718,0.8999987926085541,2.424798958426453e-06,6.61006988150398e-07
1777389958.2651527,tb2,-0.7029276777734313,0.8999206522547737,0.00017514358225501842,-1.093034951663247e-05
1777389958.3054214,tb7,-0.04566164055017504,0.918183741214984,5.634032296412526e-07,8.087537013677869e-06
1777389958.3074841,tb1,0.5320839517429463,0.9328170557432228,3.7423018827614157e-06,3.4246453711667985e-05
1777389958.3147125,tb3,1.0701822672231718,0.8999987926085541,2.4248588616745152e-06,2.5557831804399266e-06
1777389958.3151598,tb2,-0.7029277935789219,0.899929688167124,0.0001570626302069558,-1.5700964167251208e-05
1777389958.3552446,tb7,-0.04566164055017504,0.918183741214984,1.0562522137519829e-06,1.510040293000245e-05
1777389958.357469,tb1,0.5320837914816193,0.9328172002673323,-9.378165849258478e-07,-8.599718732457415e-06
1777389958.3648453,tb3,1.0701822672231718,0.8999987926085541,2.4252518564563273e-06,1.4986447298985439e-05
1777389958.3651645,tb2,-0.7029277787310724,0.8999287020839863,0.00015905090793496052,-1.9137000417891307e-06
1777389958.4052737,tb7,-0.04566164055017504,0.918183741214984,1.0562522137519829e-06,1.510040293000245e-05
1777389958.4074252,tb1,0.5320837914816193,0.9328172002673323,-1.0127437018499096e-06,-9.279314270618185e-06
1777389958.4147828,tb3,1.0701822672231718,0.8999987926085541,2.425230790729423e-06,1.4320125536767852e-05
1777389958.4150565,tb2,-0.702927738006622,0.8999257670443,0.00016493189897810544,6.9341157275556445e-06
1777389958.4553766,tb7,-0.04566164055017504,0.918183741214984,9.026462459481895e-07,1.2914706923955187e-05
1777389958.4579878,tb1,0.5320837914816193,0.9328172002673323,-1.0127437018499096e-06,-9.279314270618185e-06
1777389958.4648893,tb2,-0.7029278432864873,0.8999339643840165,0.00014851776673911738,-7.75303077438158e-06
1777389958.4653916,tb3,1.0701822672231718,0.8999987926085541,2.425285249336727e-06,1.604268442836181e-05
1777389958.5053782,tb7,-0.04566164055017504,0.918183741214984,1.2997446472990305e-06,1.8565114927301338e-05
1777389958.507491,tb1,0.5320837914816193,0.9328172002673323,-8.190439365424531e-07,-7.522440369021921e-06
1777389958.515061,tb2,-0.7029278432864873,0.8999339643840165,0.00014851776673911738,-7.75303077438158e-06
1777389958.5152485,tb3,1.0701822672231718,0.8999987926085541,2.425285249336727e-06,1.604268442836181e-05
1777389958.5553727,tb7,-0.04566164055017504,0.918183741214984,1.119672514998754e-06,1.600282554495217e-05
1777389958.5575557,tb1,0.5320837914816193,0.9328172002673323,-9.024429221293959e-07,-8.278876500809339e-06
1777389958.564766,tb3,1.0701822661152898,0.8999997006386183,6.080112887183143e-07,-2.7785566014816182e-05
1777389958.5654805,tb2,-0.7029277951310102,0.8999301400324576,0.00015617836087887947,1.730356665345882e-06
1777389958.6053643,tb7,-0.04566172113271071,0.9181838547464007,-1.5844504110854957e-06,-2.30539152685106e-05
1777389958.6074808,tb1,0.5320837914816193,0.9328172002673323,-3.6483702006877857e-07,-3.4027437023249557e-06
1777389958.6146965,tb3,1.0701822661152898,0.8999997006386183,6.080803700644826e-07,-2.561986802858145e-05
1777389958.6150343,tb2,-0.7029277991288894,0.8999303942511475,0.00015567944603407202,9.828576762211058e-06
1777389958.6558652,tb7,-0.04566172113271071,0.9181838547464007,-1.2650988514742818e-06,-1.8509807516936882e-05
1777389958.6574726,tb1,0.5320837914816193,0.9328172002673323,-2.0906182193000846e-07,-1.9898489593107427e-06
1777389958.6647196,tb3,1.0701822661152898,0.8999997006386183,6.081245582595083e-07,-2.4234569532087773e-05
1777389958.665086,tb2,-0.7029278837959652,0.899936986489754,0.0001424797198796692,-1.6169400386125932e-06
1777389958.7054443,tb7,-0.04566172113271071,0.9181838547464007,-1.75275001799654e-06,-2.544867904947456e-05
1777389958.7074091,tb1,0.5320837914816193,0.9328172002673323,-4.469311904684544e-07,-4.147345045643336e-06
1777389958.7147572,tb3,1.0701822661152898,0.8999997006386183,6.08057082704654e-07,-2.6349926012144183e-05
1777389958.7150924,tb2,-0.7029277545089947,0.8999265131389542,0.00016343917563367414,6.047983608341344e-06
1777389958.7553036,tb7,-0.04566172113271071,0.9181838547464007,-1.257072772960959e-06,-1.839560307831905e-05
1777389958.7574089,tb1,0.5320837914816193,0.9328172002673323,-2.0812451867095154e-07,-1.9813475363425508e-06
1777389958.764688,tb3,1.0701822668586283,0.8999999277897855,1.5501965827278564e-07,1.9159704090487496e-05
1777389958.7650628,tb2,-0.7029278862017861,0.8999367745276194,0.00014289551289819693,-9.122136679319389e-06
1777389958.8053374,tb7,-0.04566164364814914,0.9181837456184977,1.4155454327786629e-06,2.034642067149583e-05
1777389958.8076317,tb1,0.5320837914816193,0.9328172002673323,-6.183428453397836e-07,-5.702063825993203e-06
1777389958.81477,tb3,1.0701822668586283,0.8999999277897855,1.549838289627949e-07,1.802631540648301e-05
1777389958.815254,tb2,-0.702927940361864,0.8999410076572465,0.00013441808958518375,-1.692475278248973e-05
1777389958.855343,tb7,-0.04566164364814914,0.9181837456184977,1.619828306380044e-06,2.3253210414155916e-05
1777389958.858648,tb1,0.5320837914816193,0.9328172002673323,-6.183428453397836e-07,-5.702063825993203e-06
1777389958.8646054,tb3,1.0701822668586283,0.8999999277897855,1.5494484088772898e-07,1.6793005496182248e-05
1777389958.865059,tb2,-0.7029278649840595,0.8999354617401935,0.000145529741150336,-9.12068395147252e-07
1777389958.9053893,tb7,-0.04566164364814914,0.9181837456184977,1.3355156615797141e-06,1.9207657965022107e-05
1777389958.9075928,tb1,0.5320837914816193,0.9328172002673323,-7.570271159908752e-07,-6.9599423540444525e-06
1777389958.9147477,tb3,1.0701822668586283,0.8999999277897855,1.5494484088772898e-07,1.6793005496182248e-05
1777389958.915104,tb2,-0.7029278649840595,0.8999354617401935,0.000145529741150336,-9.12068395147252e-07
1777389958.955403,tb7,-0.04566164364814914,0.9181837456184977,1.1461967841771355e-06,1.651379449411968e-05
1777389958.9575355,tb1,0.5320839497367025,0.9328170575610957,4.030951916252714e-06,3.6905819575320634e-05
1777389958.9648607,tb3,1.0701822668586283,0.8999999277897855,1.5459757254633638e-07,5.8078648794860555e-06
1777389958.9651964,tb2,-0.7029279584830901,0.8999427496383988,0.00013093667826917572,-1.3254107488981117e-05
1777389959.0052977,tb7,-0.04566164364814914,0.9181837456184977,7.518208417462093e-07,1.090212512605e-05
1777389959.0074084,tb1,0.5320839497367025,0.9328170575610957,3.8385805324467735e-06,3.516098668717882e-05
1777389959.014819,tb3,1.0701822668586283,0.8999999277897855,1.545434913818605e-07,4.097115220879992e-06
1777389959.0150664,tb2,-0.7029278539249794,0.8999344756379477,0.00014750077241199933,-1.6734784194118794e-06
1777389959.0552638,tb7,-0.04566172375740269,0.9181838584753219,-9.628681166738061e-07,-1.410273410486427e-05
1777389959.0574,tb1,0.5320837881410965,0.9328172032875341,-1.0984554056384486e-07,-1.0558280687086336e-06
1777389959.0647898,tb3,1.0701822668586283,0.8999999277897855,1.5507469406128977e-07,2.0900651374206143e-05
1777389959.065055,tb2,-0.70292797227876,0.899943709840468,0.00012903134634039087,-4.032739131140002e-07
1777389959.1055207,tb7,-0.04566172375740269,0.9181838584753219,-9.293657054662372e-07,-1.3626022599498536e-05
1777389959.1074479,tb1,0.5320837881410965,0.9328172032875341,-9.01839074036762e-08,-8.774953357758356e-07
1777389959.1148372,tb3,1.0701822660299347,0.8999999654797507,7.850549070992063e-08,-2.2241873798714923e-05
1777389959.115123,tb2,-0.7029279808511383,0.8999443647435269,0.00012772097263488488,-6.602827548869402e-07
1777389959.1554615,tb7,-0.04566172375740269,0.9181838584753219,-9.293657054662372e-07,-1.3626022599498536e-05
1777389959.1574318,tb1,0.5320837881410965,0.9328172032875341,-9.01839074036762e-08,-8.774953357758356e-07
1777389959.164915,tb2,-0.702927992828795,0.89994528335152,0.00012588237129608967,-1.5649229547187084e-06
1777389959.1649954,tb3,1.0701822660299347,0.8999999654797507,7.850549070992063e-08,-2.2241873798714923e-05
1777389959.205298,tb7,-0.04566172375740269,0.9181838584753219,-8.841877913502116e-07,-1.298317837810504e-05
1777389959.2078917,tb1,0.5320837881410965,0.9328172032875341,-6.814675113419091e-08,-6.776164004101868e-07
1777389959.2148235,tb3,1.0701822660299347,0.8999999654797507,7.851174180421396e-08,-2.204589881245358e-05
1777389959.2151642,tb2,-0.702927992828795,0.89994528335152,0.00012588237129608967,-1.5649229547187084e-06
1777389959.2553318,tb7,-0.04566172375740269,0.9181838584753219,-7.524541316732758e-07,-1.1108717736366465e-05
1777389959.2574675,tb1,0.5320837881410965,0.9328172032875341,-3.8889054667620125e-09,-9.479211837337154e-08
1777389959.2647328,tb3,1.0701822660299347,0.8999999654797507,7.852996928503364e-08,-2.1474458015754505e-05
1777389959.265068,tb2,-0.7029280277542822,0.8999480081604758,0.00012042863247788183,-4.273472691046712e-06
1777389959.3053606,tb7,-0.04566172375740269,0.9181838584753219,-7.580897636286773e-07,-1.1188908101665894e-05
1777389959.3075845,tb1,0.5320837881410965,0.9328172032875341,-6.637888406936904e-09,-1.1972563414560972e-07
1777389959.3149083,tb3,1.0701822660299347,0.8999999654797507,7.852918950420183e-08,-2.1498904541535793e-05
1777389959.3151104,tb2,-0.7029280262601523,0.8999479006998113,0.00012064504826902355,-2.93376873818812e-06
1777389959.3552897,tb7,-0.0456616468731994,0.9181837502023731,1.995804563360193e-06,2.8743969202493638e-05
1777389959.357378,tb1,0.5320837881410965,0.9328172032875341,-4.7323590173309894e-07,-4.351810437051917e-06
1777389959.3646958,tb3,1.070182266828274,0.9000000050541284,5.152476628999454e-10,1.9891434126673564e-05
1777389959.3650346,tb2,-0.7029280496662212,0.8999497352817948,0.00011696954860014758,-7.243454978450832e-06
1777389959.4052014,tb7,-0.0456616468731994,0.9181837502023731,2.09702791880213e-06,3.0184300446769414e-05
1777389959.407331,tb1,0.5320837881410965,0.9328172032875341,-4.2386035876445577e-07,-3.903969942525907e-06
1777389959.4148662,tb3,1.070182266828274,0.9000000050541284,5.291293018791571e-10,2.0330527544116725e-05
1777389959.4151547,tb2,-0.7029280765028664,0.8999518406008646,0.00011275820306552871,-7.042297398703681e-06
1777389959.4554627,tb7,-0.0456616468731994,0.9181837502023731,2.09702791880213e-06,3.0184300446769414e-05
1777389959.4573529,tb1,0.5320837881410965,0.9328172032875341,-4.2386035876445577e-07,-3.903969942525907e-06
1777389959.464788,tb3,1.070182266828274,0.9000000050541284,5.291293018791571e-10,2.0330527544116725e-05
1777389959.4652827,tb2,-0.7029280765028664,0.8999518406008646,0.00011275820306552871,-7.042297398703681e-06
1777389959.5052648,tb7,-0.0456616468731994,0.9181837502023731,2.0053170160336907e-06,2.8879324158230043e-05
1777389959.5074348,tb1,0.5320837881410965,0.9328172032875341,-4.6859584121726295e-07,-4.3097246822205775e-06
1777389959.5148826,tb3,1.070182266828274,0.9000000050541284,5.165521880896323e-10,1.993269787258557e-05
1777389959.5164182,tb2,-0.7029280521881917,0.8999500024517452,0.00011644300762463477,7.979513741381763e-08
1777389959.5552976,tb7,-0.045661726207535384,0.9181838619618943,-4.1159182787541507e-07,-6.135521352911389e-06
1777389959.5573921,tb1,0.5320837881410965,0.9328172032875341,1.9011651842988267e-07,1.6648540496450431e-06
1777389959.5647032,tb3,1.070182266828274,0.9000000050541284,6.203482393513072e-10,2.3215895406669715e-05
1777389959.5650365,tb2,-0.7029281264741395,0.8999557978016,0.00010485062174721381,4.180178255665022e-08
1777389959.6053035,tb7,-0.045661726207535384,0.9181838619618943,-3.6972908439294375e-07,-5.539849257031169e-06
1777389959.6075213,tb1,0.5320837881410965,0.9328172032875341,2.1053658612862808e-07,1.8500658501971582e-06
1777389959.614796,tb3,1.070182266828274,0.9000000050541284,6.260892196506962e-10,2.3397489717176394e-05
1777389959.6151426,tb2,-0.7029281375728762,0.8999565839304627,0.00010327666471052546,-1.1889567964858957e-06
1777389959.655348,tb7,-0.045661726207535384,0.9181838619618943,-3.1648536632284806e-07,-4.782235338379388e-06
1777389959.6573248,tb1,0.5320837881410965,0.9328172032875341,2.397408628027233e-07,2.114951194674427e-06
1777389959.6648242,tb3,1.0701822660212734,0.8999999856786964,3.819566745900521e-08,-1.949431606613072e-05
1777389959.6651337,tb2,-0.7029281513872255,0.8999576629651685,0.00010111698584819133,-2.2437752105289997e-06
1777389959.7053459,tb7,-0.045661726207535384,0.9181838619618943,-3.1648536632284806e-07,-4.782235338379388e-06
1777389959.7074244,tb1,0.5320837881410965,0.9328172032875341,2.397408628027233e-07,2.114951194674427e-06
1777389959.7148447,tb3,1.0701822660212734,0.8999999856786964,3.819566745900521e-08,-1.949431606613072e-05
1777389959.7152455,tb2,-0.7029281513872255,0.8999576629651685,0.00010111698584819133,-2.2437752105289997e-06
1777389959.7553096,tb7,-0.045661726207535384,0.9181838619618943,-2.357534568356314e-07,-3.6334872696151275e-06
1777389959.7575605,tb1,0.5320837881410965,0.9328172032875341,2.791207745805416e-07,2.47213043979521e-06
1777389959.764885,tb3,1.0701822660212734,0.8999999856786964,3.820683827098667e-08,-1.9144113064030596e-05
1777389959.7651947,tb2,-0.7029281727910373,0.8999593400662524,9.776094643772912e-05,-3.2646730306324702e-06
1777389959.80537,tb7,-0.045661726207535384,0.9181838619618943,-9.504136479226412e-08,-1.6312709834737466e-06
1777389959.8074033,tb1,0.5320837881410965,0.9328172032875341,3.477581960654217e-07,3.094677857659557e-06
1777389959.814725,tb3,1.0701822660212734,0.8999999856786964,3.82263084959188e-08,-1.8533724917304065e-05
1777389959.815063,tb2,-0.702928210096923,0.8999622492891352,9.193853365002589e-05,-5.755118204744802e-06
1777389959.8552172,tb7,-0.045661726207535384,0.9181838619618943,3.7183460241879566e-08,2.5017853711161736e-07
1777389959.857382,tb1,0.5320837881410965,0.9328172032875341,4.122556502482973e-07,3.679675409894503e-06
1777389959.8646545,tb3,1.0701822660212734,0.8999999856786964,3.824460434572976e-08,-1.7960153225254585e-05
1777389959.8650246,tb2,-0.7029282451526501,0.8999650019973195,8.643033402003968e-05,-7.21717719261107e-06
1777389959.9053903,tb7,-0.045661726207535384,0.9181838619618943,3.7183460241879566e-08,2.5017853711161736e-07
1777389959.9074986,tb1,0.5320837881410965,0.9328172032875341,4.122556502482973e-07,3.679675409894503e-06
1777389959.915811,tb2,-0.7029282451526501,0.8999650019973195,8.643033402003968e-05,-7.21717719261107e-06
1777389959.9166517,tb3,1.0701822660212734,0.8999999856786964,3.824460434572976e-08,-1.7960153225254585e-05
1777389959.9553854,tb7,-0.045661726207535384,0.9181838619618943,2.4623136572139544e-07,3.224756733318317e-06
1777389959.957418,tb1,0.5320837881410965,0.9328172032875341,5.110108758966413e-07,4.575393946487993e-06
1777389959.9646857,tb3,1.0701822668239689,0.9000000179542276,-2.5089736001701415e-08,2.606596433359261e-05
1777389959.9650228,tb2,-0.7029283008760087,0.8999693539210754,7.772307259408182e-05,-8.604042236313533e-06
1777389960.0053346,tb7,-0.045661726207535384,0.9181838619618943,4.467484096823878e-07,6.077947850282812e-06
1777389960.0073898,tb1,0.5320837881410965,0.9328172032875341,6.088203533867861e-07,5.4625344645443714e-06
1777389960.0148609,tb3,1.0701822668239689,0.9000000179542276,-2.5062237430489622e-08,2.6935777644800993e-05
1777389960.0151696,tb2,-0.7029283540375293,0.8999735053011081,6.941712586518143e-05,-9.864512272031365e-06
1777389960.055424,tb7,-0.045661726207535384,0.9181838619618943,6.459640622838364e-07,8.912621248287384e-06
1777389960.057506,tb1,0.5320837881410965,0.9328172032875341,7.059950399848313e-07,6.343917373672398e-06
1777389960.0647156,tb3,1.0701822668239689,0.9000000179542276,-2.50349173262739e-08,2.7799945827482635e-05
1777389960.0649893,tb2,-0.7029284068540301,0.899977632700106,6.116094001366844e-05,-9.466878788859103e-06
1777389960.1054003,tb7,-0.045661726207535384,0.9181838619618943,6.459640622838364e-07,8.912621248287384e-06
1777389960.1082451,tb1,0.5320837881410965,0.9328172032875341,7.786459618324295e-07,7.002867590962393e-06
1777389960.114808,tb3,1.0701822668239689,0.9000000179542276,-2.5014491936870098e-08,2.8446025780263038e-05
1777389960.1151626,tb2,-0.7029284463413474,0.899980720911803,5.498491421847009e-05,-7.837731462716746e-06
1777389960.1555026,tb7,-0.045661726207535384,0.9181838619618943,7.949040816664813e-07,1.1031914111719736e-05
1777389960.1576293,tb1,0.5320837881410965,0.9328172032875341,7.786459618324295e-07,7.002867590962393e-06
1777389960.1651402,tb3,1.0701822668239689,0.9000000179542276,-2.5014491936870098e-08,2.8446025780263038e-05
1777389960.1651857,tb2,-0.7029284463413474,0.899980720911803,5.498491421847009e-05,-7.837731462716746e-06
1777389960.205386,tb7,-0.045661726207535384,0.9181838619618943,9.456538797602306e-07,1.3176958624189957e-05
1777389960.2074168,tb1,0.5320837881410965,0.9328172032875341,8.553931651062954e-07,7.698971439166836e-06
1777389960.2148626,tb3,1.07018226602177,0.8999999911646611,2.7401822736896822e-08,-1.3895380714465363e-05
1777389960.2152011,tb2,-0.7029284860085416,0.8999838229750684,4.8781027527836645e-05,-6.351693754869489e-06
1777389960.2553525,tb7,-0.045661810955644706,0.9181839814231338,-1.7215679541004172e-06,-2.513639705191757e-05
1777389960.257365,tb1,0.5320837881410965,0.9328172032875341,1.4619622091286886e-06,1.3200605736366794e-05
1777389960.2647207,tb3,1.07018226602177,0.8999999911646611,2.748615265484208e-08,-1.125158478244526e-05
1777389960.2651253,tb2,-0.70292851259132,0.8999859015669096,4.462991787908062e-05,-7.681968426508202e-07
1777389960.3052518,tb7,-0.045661810955644706,0.9181839814231338,-1.0536320241083068e-06,-1.5632268741806815e-05
1777389960.3073347,tb1,0.5320836221155024,0.9328173530391275,-3.2397678576638427e-06,-2.970436626805428e-05
1777389960.3151662,tb2,-0.702928538928229,0.8999879594194483,4.051816601611991e-05,3.0143811600704496e-06
1777389960.3154166,tb3,1.07018226602177,0.8999999911646611,2.791869151936137e-08,2.308780486722829e-06
1777389960.35552,tb7,-0.045661810955644706,0.9181839814231338,-1.0536320241083068e-06,-1.5632268741806815e-05
1777389960.3574698,tb1,0.5320836221155024,0.9328173530391275,-3.1915204965623554e-06,-2.9266760373971375e-05
1777389960.3647923,tb3,1.07018226602177,0.8999999911646611,2.7932377362190748e-08,2.737840261476355e-06
1777389960.365125,tb2,-0.702928565151637,0.8999900032862028,3.642637222625458e-05,8.287763178355243e-08
1777389960.4054358,tb7,-0.045661810955644706,0.9181839814231338,-9.547210495888848e-07,-1.4224854421212043e-05
1777389960.4074,tb1,0.5320836221155024,0.9328173530391275,-3.1915204965623554e-06,-2.9266760373971375e-05
1777389960.414932,tb3,1.07018226602177,0.8999999911646611,2.7932377362190748e-08,2.737840261476355e-06
1777389960.4152887,tb2,-0.7029285914539111,0.8999920515734311,3.232469127381363e-05,-3.8171128138755196e-06
1777389960.4553843,tb7,-0.045661810955644706,0.9181839814231338,-1.4038773921625551e-06,-2.061594572119743e-05
1777389960.45773,tb1,0.5320837822335013,0.9328172086503482,1.5184481555115558e-06,1.3877497807237688e-05
1777389960.4646864,tb3,1.07018226602177,0.8999999911646611,2.7542212285432998e-08,-9.494080127892796e-06
1777389960.4651663,tb2,-0.7029285914539111,0.8999920515734311,3.231995334983092e-05,-7.513194423414482e-06
1777389960.5053928,tb7,-0.04566173547463016,0.9181838751485719,1.3443639869192385e-06,1.93099496135422e-05
1777389960.5074577,tb1,0.5320837822335013,0.9328172086503482,1.069424964017678e-06,9.804818095101265e-06
1777389960.5152094,tb3,1.07018226602177,0.8999999911646611,2.7492978774086142e-08,-1.1037581653678411e-05
1777389960.5155144,tb2,-0.7029286173570222,0.8999940743618137,2.82673028139975e-05,-1.2448323927418448e-05
1777389960.555343,tb7,-0.04566173547463016,0.9181838751485719,1.3926888715896613e-06,1.9997572616021262e-05
1777389960.5575156,tb1,0.5320837822335013,0.9328172086503482,1.0929971953293258e-06,1.001862029964518e-05
1777389960.5648396,tb3,1.07018226602177,0.8999999911646611,2.7499665286883538e-08,-1.0827955274762381e-05
1777389960.5654655,tb2,-0.7029286301690325,0.8999950782883398,2.6260704014490533e-05,-1.0875498299496099e-05
1777389960.6052237,tb7,-0.04566173547463016,0.9181838751485719,1.4890887311999315e-06,2.1369262612921438e-05
1777389960.607281,tb1,0.5320837822335013,0.9328172086503482,1.1400197567029037e-06,1.0445119053711141e-05
1777389960.6148472,tb3,1.07018226602177,0.8999999911646611,2.7513003734205975e-08,-1.040978656750222e-05
1777389960.6151175,tb2,-0.702928655726798,0.8999970886968452,2.2247034166594252e-05,-3.4263628506031608e-06
1777389960.6562116,tb7,-0.04566173547463016,0.9181838751485719,1.4890887311999315e-06,2.1369262612921438e-05
1777389960.657562,tb1,0.5320837822335013,0.9328172086503482,1.1400197567029037e-06,1.0445119053711141e-05
1777389960.6647956,tb3,1.07018226602177,0.8999999911646611,2.7513003734205975e-08,-1.040978656750222e-05
1777389960.6651216,tb2,-0.702928655726798,0.8999970886968452,2.2247034166594252e-05,-3.4263628506031608e-06
1777389960.70533,tb7,-0.04566173547463016,0.9181838751485719,1.5376078284426617e-06,2.2059649099121153e-05
1777389960.7073197,tb1,0.5320837822335013,0.9328172086503482,1.1636867237470157e-06,1.0659780519653864e-05
1777389960.714668,tb3,1.07018226602177,0.8999999911646611,2.7519717120022425e-08,-1.0199317702548153e-05
1777389960.715047,tb2,-0.7029286685902998,0.8999980977326606,2.023082051061664e-05,-1.2912294869603008e-06
1777389960.7552648,tb7,-0.04566181621907614,0.918183988906124,-1.140752448849948e-06,-1.663700142330175e-05
1777389960.7573462,tb1,0.5320837822335013,0.9328172086503482,1.7185781753574848e-06,1.569269463238227e-05
1777389960.7647173,tb3,1.07018226602177,0.8999999911646611,2.7593532669632284e-08,-7.885153826507669e-06
1777389960.7649908,tb2,-0.7029286814042597,0.8999991001508177,1.823197968546924e-05,3.823350253672206e-06
1777389960.8054352,tb7,-0.04566181621907614,0.918183988906124,-1.091970690791421e-06,-1.5942880843076234e-05
1777389960.8074713,tb1,0.5320837822335013,0.9328172086503482,1.7423731704894128e-06,1.5908517324305543e-05
1777389960.8148549,tb3,1.07018226602177,0.8999999911646611,2.7600282372291855e-08,-7.673546405695308e-06
1777389960.8150902,tb2,-0.7029286943373482,0.9000001102649803,1.6210952432295157e-05,3.4945641965555288e-06
1777389960.85542,tb7,-0.04566181621907614,0.918183988906124,-4.942724733662819e-07,-7.438172321068056e-06
1777389960.857383,tb1,0.5320836221060178,0.9328173530528642,-2.882906279857073e-06,-2.644057489977203e-05
1777389960.8646674,tb3,1.07018226602177,0.8999999911646611,2.8011019917238788e-08,5.203333791953136e-06
1777389960.8650258,tb2,-0.7029287074080867,0.9000011253669141,1.4181190680869168e-05,3.620733878203882e-06
1777389960.9052808,tb7,-0.04566181621907614,0.918183988906124,-4.46729113925625e-07,-6.761673040307702e-06
1777389960.9073064,tb1,0.5320836221060178,0.9328173530528642,-2.86291867566634e-06,-2.6259286360105706e-05
1777389960.9147909,tb3,1.0701822668214425,0.9000000305444106,-4.956149307510663e-08,4.849269849416967e-05
1777389960.9150326,tb2,-0.7029287203118456,0.9000021261856251,1.2174509218795027e-05,-6.469813085109828e-07
1777389960.9557111,tb7,-0.04566181621907614,0.918183988906124,-4.46729113925625e-07,-6.761673040307702e-06
1777389960.9574468,tb1,0.5320836221060178,0.9328173530528642,-2.86291867566634e-06,-2.6259286360105706e-05
1777389960.9647164,tb3,1.0701822668214425,0.9000000305444106,-4.956149307510663e-08,4.849269849416967e-05
1777389960.9651365,tb2,-0.7029287203118456,0.9000021261856251,1.2174509218795027e-05,-6.469813085109828e-07
1777389961.0053506,tb7,-0.04566181621907614,0.918183988906124,-4.46729113925625e-07,-6.761673040307702e-06
1777389961.0074356,tb1,0.5320836221060178,0.9328173530528642,-2.86291867566634e-06,-2.6259286360105706e-05
1777389961.014745,tb3,1.0701822660152531,0.9000000035363835,2.8743045008880256e-09,-7.1423504483308395e-06
1777389961.0150793,tb2,-0.7029287331924062,0.9000031300536824,1.0159986120834257e-05,-5.838071200755926e-06
1777389961.0554008,tb7,-0.04566181621907614,0.918183988906124,-9.444382370582127e-07,-1.3843626604134576e-05
1777389961.0573575,tb1,0.5320837819509822,0.9328172089093514,1.8159097953363582e-06,1.6596889139305356e-05
1777389961.064781,tb3,1.0701822660152531,0.9000000035363835,2.8743045008880256e-09,-7.1423504483308395e-06
1777389961.0650496,tb2,-0.7029287331924062,0.9000031300536824,1.0159986120834257e-05,-5.838071200755926e-06
1777389961.1053991,tb7,-0.04566181621907614,0.918183988906124,-9.444382370582127e-07,-1.3843626604134576e-05
1777389961.1073925,tb1,0.5320837819509822,0.9328172089093514,1.8159097953363582e-06,1.6596889139305356e-05
1777389961.114695,tb3,1.0701822660152531,0.9000000035363835,2.8743045008880256e-09,-7.1423504483308395e-06
1777389961.1150317,tb2,-0.7029287331924062,0.9000031300536824,1.0159986120834257e-05,-5.838071200755926e-06
1777389961.1553519,tb7,-0.04566174082877025,0.9181838827592494,1.751216928182298e-06,2.5332880085877673e-05
1777389961.1574426,tb1,0.5320837819509822,0.9328172089093514,1.343419189743097e-06,1.2311357861947135e-05
1777389961.164726,tb3,1.0701822660152531,0.9000000035363835,2.8183188470932463e-09,-8.897490132557256e-06
1777389961.1650956,tb2,-0.702928746016054,0.9000041391335951,8.14017343711925e-06,-6.160615507805789e-06
1777389961.2054236,tb7,-0.04566174082877025,0.9181838827592494,1.751216928182298e-06,2.5332880085877673e-05
1777389961.2074158,tb1,0.5320837819509822,0.9328172089093514,1.343419189743097e-06,1.2311357861947135e-05
1777389961.21477,tb3,1.0701822660152531,0.9000000035363835,2.8183188470932463e-09,-8.897490132557256e-06
1777389961.215204,tb2,-0.702928746016054,0.9000041391335951,8.14017343711925e-06,-6.160615507805789e-06
1777389961.2554085,tb7,-0.04566174082877025,0.9181838827592494,1.7991930989465212e-06,2.6015541156407643e-05
1777389961.257477,tb1,0.5320837819509822,0.9328172089093514,1.366821327297693e-06,1.252361730427263e-05
1777389961.2648883,tb3,1.0701822660152531,0.9000000035363835,2.8249572845637366e-09,-8.689376370263393e-06
1777389961.2651198,tb2,-0.7029287587356166,0.9000051450502174,6.135096066499569e-06,5.164260242083953e-07
1777389961.305227,tb7,-0.04566181973050444,0.918183993902643,-8.924208503458692e-07,-1.2929331456216868e-05
1777389961.3073437,tb1,0.5320837819509822,0.9328172089093514,1.8860115145939904e-06,1.7232717887895933e-05
1777389961.3147428,tb3,1.0701822660152531,0.9000000035363835,2.8905550497692096e-09,-6.6328988067303454e-06
1777389961.3150373,tb2,-0.7029287587356166,0.9000051450502174,6.140770291192533e-06,4.9437357309869675e-06
1777389961.3558877,tb7,-0.04566181973050444,0.918183993902643,-8.924208503458692e-07,-1.2929331456216868e-05
1777389961.3579502,tb1,0.5320837819509822,0.9328172089093514,1.8860115145939904e-06,1.7232717887895933e-05
1777389961.364834,tb3,1.0701822660152531,0.9000000035363835,2.8905550497692096e-09,-6.6328988067303454e-06
1777389961.3651497,tb2,-0.7029287587356166,0.9000051450502174,6.140770291192533e-06,4.9437357309869675e-06
1777389961.4053478,tb7,-0.04566181973050444,0.918183993902643,-3.427109915624837e-07,-5.107454150885274e-06
1777389961.4074166,tb1,0.5320836214402307,0.9328173536583378,-2.7717718919728136e-06,-2.540637736172566e-05
1777389961.4148188,tb3,1.0701822660152531,0.9000000035363835,3.2954483883217236e-09,6.060430969811575e-06
1777389961.4152076,tb2,-0.7029287587356166,0.9000051450502174,6.145518963402926e-06,8.648883783628287e-06
1777389961.4553857,tb7,-0.04566181973050444,0.918183993902643,-2.9404091520245833e-07,-4.414922700618433e-06
1777389961.4574435,tb1,0.5320836214402307,0.9328173536583378,-2.7480313162594626e-06,-2.519104918614953e-05
1777389961.4646926,tb3,1.0701822660152531,0.9000000035363835,3.3021828147957212e-09,6.2715539692561305e-06
1777389961.4650562,tb2,-0.7029287716390986,0.9000061489866765,4.134470420198185e-06,6.112764558826675e-06
1777389961.5055902,tb7,-0.04566181973050444,0.918183993902643,-2.9404091520245833e-07,-4.414922700618433e-06
1777389961.5075576,tb1,0.5320836214402307,0.9328173536583378,-2.7480313162594626e-06,-2.519104918614953e-05
1777389961.5149856,tb3,1.0701822660152531,0.9000000035363835,3.3021828147957212e-09,6.2715539692561305e-06
1777389961.5150692,tb2,-0.7029287716390986,0.9000061489866765,4.134470420198185e-06,6.112764558826675e-06
1777389961.555376,tb7,-0.04566181973050444,0.918183993902643,-2.9404091520245833e-07,-4.414922700618433e-06
1777389961.5573812,tb1,0.5320836214402307,0.9328173536583378,-2.7480313162594626e-06,-2.519104918614953e-05
1777389961.5647554,tb3,1.0701822660152531,0.9000000035363835,3.3021828147957212e-09,6.2715539692561305e-06
1777389961.5650504,tb2,-0.7029287716390986,0.9000061489866765,4.134470420198185e-06,6.112764558826675e-06
1777389961.6053894,tb7,-0.04566181973050444,0.918183993902643,-8.429359097009786e-07,-1.2225205219436977e-05
1777389961.6074793,tb1,0.5320837817130485,0.9328172091279396,1.9134230865766717e-06,1.7503605423257437e-05
1777389961.6146042,tb3,1.0701822660152531,0.9000000035363835,2.8978896714204343e-09,-6.402959801712403e-06
1777389961.6150894,tb2,-0.7029287716390986,0.9000061489866765,4.129728752709763e-06,2.4131089234843513e-06
1777389961.6554675,tb7,-0.04566181973050444,0.918183993902643,-8.429359097009786e-07,-1.2225205219436977e-05
1777389961.6573734,tb1,0.5320837817130485,0.9328172091279396,1.9134230865766717e-06,1.7503605423257437e-05
1777389961.6646318,tb3,1.0701822660152531,0.9000000035363835,2.9047894679995557e-09,-6.1866524806709e-06
1777389961.6650019,tb2,-0.7029287848594377,0.9000071507900876,2.106692609947572e-06,-1.5199121934486801e-05
1777389961.7053766,tb7,-0.04566181973050444,0.918183993902643,-7.930706958901798e-07,-1.1515668037230662e-05
1777389961.7074535,tb1,0.5320837817130485,0.9328172091279396,1.937746578884335e-06,1.772422163771453e-05
1777389961.7147574,tb3,1.0701822660152531,0.9000000035363835,2.9047894679995557e-09,-6.1866524806709e-06
1777389961.7150528,tb2,-0.7029287848594377,0.9000071507900876,2.106692609947572e-06,-1.5199121934486801e-05
1777389961.7554276,tb7,-0.04566174228534973,0.9181838848330071,1.8818731049859518e-06,2.7268860798345327e-05
1777389961.7574818,tb1,0.5320837817130485,0.9328172091279396,1.4281410003061658e-06,1.310205422071443e-05
1777389961.7648413,tb3,1.0701822660152531,0.9000000035363835,2.8404026820833393e-09,-8.205166071948807e-06
1777389961.7650967,tb2,-0.7029287848594377,0.9000071507900876,2.1011225358465067e-06,-1.9544698648213898e-05
1777389961.8054338,tb7,-0.04566174228534973,0.9181838848330071,1.8818731049859518e-06,2.7268860798345327e-05
1777389961.8074067,tb1,0.5320837817130485,0.9328172091279396,1.4281410003061658e-06,1.310205422071443e-05
1777389961.8146856,tb3,1.0701822660152531,0.9000000035363835,2.8404026820833393e-09,-8.205166071948807e-06
1777389961.8150525,tb2,-0.7029287848594377,0.9000071507900876,2.1011225358465067e-06,-1.9544698648213898e-05
1777389961.85542,tb7,-0.04566174228534973,0.9181838848330071,1.8818731049859518e-06,2.7268860798345327e-05
1777389961.8575199,tb1,0.5320837817130485,0.9328172091279396,1.4281410003061658e-06,1.310205422071443e-05
1777389961.8648937,tb3,1.0701822660152531,0.9000000035363835,2.8404026820833393e-09,-8.205166071948807e-06
1777389961.8651824,tb2,-0.7029287848594377,0.9000071507900876,2.1011225358465067e-06,-1.9544698648213898e-05
1777389961.9052873,tb7,-0.04566182113214122,0.9181839958927579,-2.4996274023173745e-07,-3.7356157715317016e-06
1777389961.9074473,tb1,0.5320836210292762,0.9328173540320116,-2.710615640669951e-06,-2.48364495105615e-05
1777389961.9147935,tb3,1.0701822660152531,0.9000000035363835,3.3136326360468687e-09,6.63050370535909e-06
1777389961.915119,tb2,-0.7029287893584694,0.9000075645219486,1.321542458070712e-06,2.3506038848430655e-05
1777389961.9552627,tb7,-0.04566182113214122,0.9181839958927579,-2.4996274023173745e-07,-3.7356157715317016e-06
1777389961.9574172,tb1,0.5320836210292762,0.9328173540320116,-2.710615640669951e-06,-2.48364495105615e-05
1777389961.9646652,tb3,1.0701822660152531,0.9000000035363835,3.3136326360468687e-09,6.63050370535909e-06
1777389961.9650192,tb2,-0.7029287893584694,0.9000075645219486,1.321542458070712e-06,2.3506038848430655e-05
1777389962.0051975,tb7,-0.04566182113214122,0.9181839958927579,-2.4996274023173745e-07,-3.7356157715317016e-06
1777389962.0072842,tb1,0.5320836210292762,0.9328173540320116,-2.710615640669951e-06,-2.48364495105615e-05
1777389962.0146215,tb3,1.0701822660152531,0.9000000035363835,3.3136326360468687e-09,6.63050370535909e-06
1777389962.0150352,tb2,-0.7029287893584694,0.9000075645219486,1.321542458070712e-06,2.3506038848430655e-05
1777389962.0552282,tb7,-0.04566182113214122,0.9181839958927579,-7.982283413599271e-07,-1.1536942446424522e-05
1777389962.0573914,tb1,0.532083781118315,0.9328172096651297,1.940174048908354e-06,1.774950458237848e-05
1777389962.06483,tb3,1.0701822660152531,0.9000000035363835,2.909803081651351e-09,-6.029476638554264e-06
1777389962.0652246,tb2,-0.7029287893584694,0.9000075645219486,1.3168067913038148e-06,1.981062494126357e-05
1777389962.105398,tb7,-0.04566182113214122,0.9181839958927579,-7.982283413599271e-07,-1.1536942446424522e-05
1777389962.1074169,tb1,0.532083781118315,0.9328172096651297,1.940174048908354e-06,1.774950458237848e-05
1777389962.1146703,tb3,1.0701822660152531,0.9000000035363835,2.909803081651351e-09,-6.029476638554264e-06
1777389962.1150277,tb2,-0.7029287893584694,0.9000075645219486,1.3168067913038148e-06,1.981062494126357e-05
1777389962.1554434,tb7,-0.04566182113214122,0.9181839958927579,-7.982283413599271e-07,-1.1536942446424522e-05
1777389962.1574454,tb1,0.532083781118315,0.9328172096651297,1.940174048908354e-06,1.774950458237848e-05
1777389962.1648555,tb3,1.0701822660152531,0.9000000035363835,2.909803081651351e-09,-6.029476638554264e-06
1777389962.165108,tb2,-0.7029287893584694,0.9000075645219486,1.3168067913038148e-06,1.981062494126357e-05
1777389962.205372,tb7,-0.04566182113214122,0.9181839958927579,-7.796578393216984e-07,-1.1272700895214908e-05
1777389962.2074893,tb1,0.532083781118315,0.9328172096651297,1.9492324572489534e-06,1.783166514177778e-05
1777389962.214765,tb3,1.0701822660152531,0.9000000035363835,2.912372662313597e-09,-5.948920769569305e-06
1777389962.2151062,tb2,-0.7029287942819084,0.9000078852237021,6.364222681946694e-07,-1.6218248634206535e-05
1777389962.2553232,tb7,-0.04566182113214122,0.9181839958927579,-2.2858313012114898e-07,-3.4314031375248764e-06
1777389962.2574816,tb1,0.53208362020904,0.9328173547728164,-2.7226529981440013e-06,-2.4941786986115223e-05
1777389962.264987,tb3,1.0701822660152531,0.9000000035363835,3.3182712874301448e-09,6.775924551097945e-06
1777389962.2651684,tb2,-0.7029287942819084,0.9000078852237021,6.411832476366853e-07,-1.2503901931095756e-05
1777389962.3057506,tb7,-0.04566182113214122,0.9181839958927579,-2.2858313012114898e-07,-3.4314031375248764e-06
1777389962.3075018,tb1,0.53208362020904,0.9328173547728164,-2.7226529981440013e-06,-2.4941786986115223e-05
1777389962.3147252,tb3,1.0701822660152531,0.9000000035363835,3.3182712874301448e-09,6.775924551097945e-06
1777389962.3151033,tb2,-0.7029287942819084,0.9000078852237021,6.411832476366853e-07,-1.2503901931095756e-05
1777389962.3553512,tb7,-0.04566182113214122,0.9181839958927579,-2.2858313012114898e-07,-3.4314031375248764e-06
1777389962.3573577,tb1,0.53208362020904,0.9328173547728164,-2.7226529981440013e-06,-2.4941786986115223e-05
1777389962.3647857,tb3,1.0701822660152531,0.9000000035363835,3.3182712874301448e-09,6.775924551097945e-06
1777389962.3652203,tb2,-0.7029287942819084,0.9000078852237021,6.411832476366853e-07,-1.2503901931095756e-05
1777389962.40527,tb7,-0.04566182113214122,0.9181839958927579,-2.2858313012114898e-07,-3.4314031375248764e-06
1777389962.4072993,tb1,0.5320837804950115,0.9328172102289645,1.935368783667285e-06,1.7713522718465556e-05
1777389962.4146445,tb3,1.0701822660152531,0.9000000035363835,2.8495099091417557e-09,-7.919656221834711e-06
1777389962.4150326,tb2,-0.7029287942819084,0.9000078852237021,6.308664566028041e-07,-2.0552695090167572e-05
1777389962.4553695,tb7,-0.04566174362892641,0.9181838867395121,1.8968827109594778e-06,2.7528247260249068e-05
1777389962.457995,tb1,0.5320837804950115,0.9328172102289645,1.425381152279054e-06,1.3087890136535995e-05
1777389962.4645948,tb3,1.0701822660152531,0.9000000035363835,2.8495099091417557e-09,-7.919656221834711e-06
1777389962.4650779,tb2,-0.7029287942819084,0.9000078852237021,6.308664566028041e-07,-2.0552695090167572e-05
1777389962.5052936,tb7,-0.04566174362892641,0.9181838867395121,1.8968827109594778e-06,2.7528247260249068e-05
1777389962.5073414,tb1,0.5320837804950115,0.9328172102289645,1.425381152279054e-06,1.3087890136535995e-05
1777389962.5151815,tb3,1.0701822660152531,0.9000000035363835,2.8495099091417557e-09,-7.919656221834711e-06
1777389962.515239,tb2,-0.7029287942819084,0.9000078852237021,6.308664566028041e-07,-2.0552695090167572e-05
1777389962.5553465,tb7,-0.04566174362892641,0.9181838867395121,1.8968827109594778e-06,2.7528247260249068e-05
1777389962.5575047,tb1,0.5320837804950115,0.9328172102289645,1.425381152279054e-06,1.3087890136535995e-05
1777389962.5652146,tb3,1.0701822660152531,0.9000000035363835,2.8495099091417557e-09,-7.919656221834711e-06
1777389962.5658154,tb2,-0.7029287942819084,0.9000078852237021,6.308664566028041e-07,-2.0552695090167572e-05
1777389962.605451,tb7,-0.04566182226272216,0.9181839975007419,-7.800362585775316e-07,-1.1224766543102828e-05
1777389962.6074114,tb1,0.5320837804950115,0.9328172102289645,1.9490422208056687e-06,1.7837541993525434e-05
1777389962.6148267,tb3,1.0701822660152531,0.9000000035363835,2.916653293143249e-09,-5.814723800642499e-06
1777389962.6151118,tb2,-0.7029287976702072,0.9000082123416824,1.9921272896992573e-08,1.8904288938562418e-05
1777389962.655791,tb7,-0.04566182226272216,0.9181839975007419,-2.3207793862247867e-07,-3.427812224737273e-06
1777389962.6573648,tb1,0.5320836204956964,0.9328173545134274,-2.70282829447019e-06,-2.4765957585622404e-05
1777389962.664848,tb3,1.0701822660152531,0.9000000035363835,3.320256515945381e-09,6.838161090517884e-06
1777389962.665227,tb2,-0.7029287976702072,0.9000082123416824,2.4654288615294407e-08,2.2597631685612733e-05
1777389962.705376,tb7,-0.04566182226272216,0.9181839975007419,-2.3207793862247867e-07,-3.427812224737273e-06
1777389962.7075179,tb1,0.5320836204956964,0.9328173545134274,-2.70282829447019e-06,-2.4765957585622404e-05
1777389962.7148306,tb3,1.0701822660152531,0.9000000035363835,3.320256515945381e-09,6.838161090517884e-06
1777389962.7151716,tb2,-0.7029287976702072,0.9000082123416824,2.4654288615294407e-08,2.2597631685612733e-05
1777389962.7552884,tb7,-0.04566182226272216,0.9181839975007419,-2.3207793862247867e-07,-3.427812224737273e-06
1777389962.7576573,tb1,0.5320836204956964,0.9328173545134274,-2.70282829447019e-06,-2.4765957585622404e-05
1777389962.7648213,tb3,1.0701822660152531,0.9000000035363835,3.320256515945381e-09,6.838161090517884e-06
1777389962.765349,tb2,-0.7029287976702072,0.9000082123416824,2.4654288615294407e-08,2.2597631685612733e-05
1777389962.8054016,tb7,-0.04566182226272216,0.9181839975007419,-2.3207793862247867e-07,-3.427812224737273e-06
1777389962.807371,tb1,0.5320836204956964,0.9328173545134274,-2.70282829447019e-06,-2.4765957585622404e-05
1777389962.8148031,tb3,1.0701822660152531,0.9000000035363835,3.320256515945381e-09,6.838161090517884e-06
1777389962.8152142,tb2,-0.7029287976702072,0.9000082123416824,2.4654288615294407e-08,2.2597631685612733e-05
1777389962.8552809,tb7,-0.04566182226272216,0.9181839975007419,-7.83697032346926e-07,-1.1276856063072486e-05
1777389962.8574762,tb1,0.5320837815639275,0.9328172092643893,1.9784954573997353e-06,1.810391947872315e-05
1777389962.8649106,tb3,1.0701822660152531,0.9000000035363835,2.9139569185179753e-09,-5.8992546364474364e-06
1777389962.8651462,tb2,-0.7029287976702072,0.9000082123416824,1.988965278813818e-08,1.8879614628006734e-05
1777389962.9053745,tb7,-0.04566182226272216,0.9181839975007419,-7.799193803196544e-07,-1.122310347055827e-05
1777389962.9075348,tb1,0.5320837815639275,0.9328172092643893,1.9803381386299693e-06,1.8120632759651095e-05
1777389962.9147925,tb3,1.0701822660152531,0.9000000035363835,2.914479628165044e-09,-5.882867787626117e-06
1777389962.9151022,tb2,-0.702928798671744,0.9000082272588968,-4.834086586420732e-08,-1.6731210690071343e-05
1777389962.9553223,tb7,-0.04566182226272216,0.9181839975007419,-7.799193803196544e-07,-1.122310347055827e-05
1777389962.957371,tb1,0.5320837815639275,0.9328172092643893,1.9803381386299693e-06,1.8120632759651095e-05
1777389962.964939,tb3,1.0701822660152531,0.9000000035363835,2.914479628165044e-09,-5.882867787626117e-06
1777389962.9651186,tb2,-0.702928798671744,0.9000082272588968,-4.834086586420732e-08,-1.6731210690071343e-05
1777389963.0053384,tb7,-0.04566182226272216,0.9181839975007419,-7.799193803196544e-07,-1.122310347055827e-05
1777389963.0074277,tb1,0.5320837815639275,0.9328172092643893,1.9803381386299693e-06,1.8120632759651095e-05
1777389963.0148761,tb3,1.0701822660152531,0.9000000035363835,2.914479628165044e-09,-5.882867787626117e-06
1777389963.015181,tb2,-0.702928798671744,0.9000082272588968,-4.834086586420732e-08,-1.6731210690071343e-05
1777389963.0553079,tb7,-0.04566182226272216,0.9181839975007419,-7.799193803196544e-07,-1.122310347055827e-05
1777389963.057329,tb1,0.5320837815639275,0.9328172092643893,1.9803381386299693e-06,1.8120632759651095e-05
1777389963.0648975,tb3,1.0701822660152531,0.9000000035363835,2.914479628165044e-09,-5.882867787626117e-06
1777389963.0652912,tb2,-0.702928798671744,0.9000082272588968,-4.834086586420732e-08,-1.6731210690071343e-05
1777389963.1053762,tb7,-0.04566182226272216,0.9181839975007419,-7.799193803196544e-07,-1.122310347055827e-05
1777389963.107342,tb1,0.5320837815639275,0.9328172092643893,1.9803381386299693e-06,1.8120632759651095e-05
1777389963.1149194,tb3,1.0701822660152531,0.9000000035363835,2.914479628165044e-09,-5.882867787626117e-06
1777389963.1152039,tb2,-0.702928798671744,0.9000082272588968,-4.834086586420732e-08,-1.6731210690071343e-05
1777389963.155287,tb7,-0.045661743366280046,0.9181838863660631,2.462863837396692e-06,3.556983974294524e-05
1777389963.157414,tb1,0.5320836211634301,0.9328173539135002,-3.195180016317306e-06,-2.9217909558975644e-05
1777389963.1646547,tb3,1.0701822660152531,0.9000000035363835,3.2535014817758633e-09,4.7454033632921e-06
1777389963.165012,tb2,-0.702928798671744,0.9000082272588968,-4.926939945069395e-08,-1.745561908264168e-05
1777389963.205355,tb7,-0.045661743366280046,0.9181838863660631,2.461732381140332e-06,3.555374006022982e-05
1777389963.2074106,tb1,0.5320836211634301,0.9328173539135002,-3.1989457856598183e-06,-2.9252065270690735e-05
1777389963.2147791,tb3,1.0701822668175434,0.9000000326558621,-5.3806056922077926e-08,4.778396116313776e-05
1777389963.2156553,tb2,-0.702928798671744,0.9000082272588968,-4.9286214129879854e-08,-1.746873728848573e-05
1777389963.255251,tb7,-0.045661822784397905,0.9181839982331075,-2.553353601980573e-07,-3.772394981860837e-06
1777389963.2573197,tb1,0.5320836211634301,0.9328173539135002,-2.677494008502708e-06,-2.4522472203788187e-05
1777389963.2648292,tb3,1.0701822668175434,0.9000000326558621,-5.374093612650185e-08,4.984377778627291e-05
1777389963.2652824,tb2,-0.7029287980532755,0.9000082420534493,-3.4919662517685854e-08,2.247005694669294e-05
1777389963.3054316,tb7,-0.045661822784397905,0.9181839982331075,-2.553353601980573e-07,-3.772394981860837e-06
1777389963.307483,tb1,0.5320836211634301,0.9328173539135002,-2.677494008502708e-06,-2.4522472203788187e-05
1777389963.315137,tb3,1.070182266007618,0.9000000041026249,2.175887280377185e-09,6.413438673279602e-06
1777389963.3152878,tb2,-0.7029287980532755,0.9000082420534493,-3.966868212794124e-08,1.876422780966935e-05
1777389963.3553243,tb7,-0.045661822784397905,0.9181839982331075,-8.059687823145225e-07,-1.1607413273453092e-05
1777389963.3574016,tb1,0.5320837822773711,0.9328172086211725,2.0039996644467314e-06,1.8338344731550553e-05
1777389963.364953,tb3,1.070182266007618,0.9000000041026249,1.76943952397846e-09,-6.327591961769662e-06
1777389963.3651915,tb2,-0.7029287980532755,0.9000082420534493,-3.966868212794124e-08,1.876422780966935e-05
1777389963.405324,tb7,-0.045661822784397905,0.9181839982331075,-8.059687823145225e-07,-1.1607413273453092e-05
1777389963.4073741,tb1,0.5320837822773711,0.9328172086211725,2.0039996644467314e-06,1.8338344731550553e-05
1777389963.4149191,tb3,1.070182266007618,0.9000000041026249,1.76943952397846e-09,-6.327591961769662e-06
1777389963.415131,tb2,-0.7029287980532755,0.9000082420534493,-3.966868212794124e-08,1.876422780966935e-05
1777389963.4553416,tb7,-0.045661822784397905,0.9181839982331075,-8.059687823145225e-07,-1.1607413273453092e-05
1777389963.4574013,tb1,0.5320837822773711,0.9328172086211725,2.0039996644467314e-06,1.8338344731550553e-05
1777389963.4648573,tb3,1.070182266007618,0.9000000041026249,1.76943952397846e-09,-6.327591961769662e-06
1777389963.4650867,tb2,-0.7029287980532755,0.9000082420534493,-3.966868212794124e-08,1.876422780966935e-05
1777389963.5053139,tb7,-0.045661822784397905,0.9181839982331075,-8.045556792142305e-07,-1.1587306087448764e-05
1777389963.5074224,tb1,0.5320837822773711,0.9328172086211725,2.0046889547669583e-06,1.834459665554628e-05
1777389963.5148263,tb3,1.070182266007618,0.9000000041026249,1.7696350693916102e-09,-6.321462145427298e-06
1777389963.515184,tb2,-0.7029287984279194,0.9000082080450037,-9.98153454307396e-09,-1.6804970582399638e-05
1777389963.5552673,tb7,-0.045661822784397905,0.9181839982331075,-8.045556792142305e-07,-1.1587306087448764e-05
1777389963.557384,tb1,0.5320837822773711,0.9328172086211725,2.0046889547669583e-06,1.834459665554628e-05
1777389963.5647464,tb3,1.070182266007618,0.9000000041026249,1.7696350693916102e-09,-6.321462145427298e-06
1777389963.5651708,tb2,-0.7029287984279194,0.9000082080450037,-9.98153454307396e-09,-1.6804970582399638e-05
1777389963.605353,tb7,-0.045661822784397905,0.9181839982331075,-8.045556792142305e-07,-1.1587306087448764e-05
1777389963.6074553,tb1,0.5320837822773711,0.9328172086211725,2.0046889547669583e-06,1.834459665554628e-05
1777389963.6149569,tb3,1.070182266007618,0.9000000041026249,2.109098117651013e-09,4.3197802510427796e-06
1777389963.6150153,tb2,-0.7029287984279194,0.9000082080450037,-1.0910111955942728e-08,-1.7529412660727195e-05
1777389963.6553764,tb7,-0.04566174380920053,0.9181838869888719,2.443577303818436e-06,3.5287812645124325e-05
1777389963.6575236,tb1,0.5320836216868937,0.932817353441317,-3.177586037117203e-06,-2.9057265111540136e-05
1777389963.664793,tb3,1.070182266007618,0.9000000041026249,2.109098117651013e-09,4.3197802510427796e-06
1777389963.665232,tb2,-0.7029287984279194,0.9000082080450037,-1.0910111955942728e-08,-1.7529412660727195e-05
1777389963.7054217,tb7,-0.04566174380920053,0.9181838869888719,2.443577303818436e-06,3.5287812645124325e-05
1777389963.7074401,tb1,0.5320836216868937,0.932817353441317,-3.177586037117203e-06,-2.9057265111540136e-05
1777389963.7148142,tb3,1.070182266007618,0.9000000041026249,2.109098117651013e-09,4.3197802510427796e-06
1777389963.7151468,tb2,-0.7029287984279194,0.9000082080450037,-1.0910111955942728e-08,-1.7529412660727195e-05
1777389963.755305,tb7,-0.04566174380920053,0.9181838869888719,2.443577303818436e-06,3.5287812645124325e-05
1777389963.7574372,tb1,0.5320836216868937,0.932817353441317,-3.177586037117203e-06,-2.9057265111540136e-05
1777389963.7650626,tb3,1.070182266007618,0.9000000041026249,2.109098117651013e-09,4.3197802510427796e-06
1777389963.7651875,tb2,-0.7029287984279194,0.9000082080450037,-1.0910111955942728e-08,-1.7529412660727195e-05
1777389963.8059824,tb7,-0.04566182248515954,0.9181839978105591,-2.4768901401900354e-07,-3.664799725840499e-06
1777389963.8074567,tb1,0.5320836216868937,0.932817353441317,-2.6608395356059317e-06,-2.43703490593104e-05
1777389963.8148637,tb3,1.070182266007618,0.9000000041026249,2.1742412377985844e-09,6.361839719686228e-06
1777389963.8152688,tb2,-0.7029287979063644,0.9000082303294408,-1.1633144643575658e-08,2.23183752188271e-05
1777389963.855419,tb7,-0.04566182248515954,0.9181839978105591,-2.4768901401900354e-07,-3.664799725840499e-06
1777389963.8574874,tb1,0.5320836216868937,0.932817353441317,-2.6608395356059317e-06,-2.43703490593104e-05
1777389963.8649023,tb3,1.070182266007618,0.9000000041026249,2.1742412377985844e-09,6.361839719686228e-06
1777389963.8652234,tb2,-0.7029287979063644,0.9000082303294408,-1.1633144643575658e-08,2.23183752188271e-05
1777389963.905468,tb7,-0.04566182248515954,0.9181839978105591,-8.002581054381428e-07,-1.1527360963189606e-05
1777389963.9074082,tb1,0.5320837830325145,0.9328172079393807,2.0226137097794376e-06,1.8506722592874386e-05
1777389963.914913,tb3,1.070182266007618,0.9000000041026249,1.7672090139488635e-09,-6.39751237877645e-06
1777389963.9151936,tb2,-0.7029287979063644,0.9000082303294408,-1.6405993148044676e-08,1.8593955054702162e-05
1777389963.9554365,tb7,-0.04566182248515954,0.9181839978105591,-8.002581054381428e-07,-1.1527360963189606e-05
1777389963.957507,tb1,0.5320837830325145,0.9328172079393807,2.0226137097794376e-06,1.8506722592874386e-05
1777389963.964879,tb3,1.070182266007618,0.9000000041026249,1.7672090139488635e-09,-6.39751237877645e-06
1777389963.9651897,tb2,-0.7029287979063644,0.9000082303294408,-1.6405993148044676e-08,1.8593955054702162e-05
1777389964.0070865,tb7,-0.04566182248515954,0.9181839978105591,-8.002581054381428e-07,-1.1527360963189606e-05
1777389964.0085046,tb1,0.5320837830325145,0.9328172079393807,2.0226137097794376e-06,1.8506722592874386e-05
1777389964.0150998,tb2,-0.7029287979063644,0.9000082303294408,-1.6405993148044676e-08,1.8593955054702162e-05
1777389964.015481,tb3,1.070182266007618,0.9000000041026249,1.7672090139488635e-09,-6.39751237877645e-06
1777389964.0554664,tb7,-0.04566182248515954,0.9181839978105591,-8.002581054381428e-07,-1.1527360963189606e-05
1777389964.0574362,tb1,0.5320837830325145,0.9328172079393807,2.0226137097794376e-06,1.8506722592874386e-05
1777389964.0647864,tb3,1.070182266007618,0.9000000041026249,1.7674409604128433e-09,-6.3902414885901134e-06
1777389964.065208,tb2,-0.702928798350749,0.9000082017939105,2.3467786657129285e-09,-1.6962310376222293e-05
1777389964.1055992,tb7,-0.04566182248515954,0.9181839978105591,-7.98581951130499e-07,-1.1503510794782161e-05
1777389964.1078355,tb1,0.5320837830325145,0.9328172079393807,2.0234313127106455e-06,1.8514138323701905e-05
1777389964.1147907,tb3,1.070182266007618,0.9000000041026249,1.7674409604128433e-09,-6.3902414885901134e-06
1777389964.1152172,tb2,-0.702928798350749,0.9000082017939105,2.3467786657129285e-09,-1.6962310376222293e-05
1777389964.155387,tb7,-0.04566182248515954,0.9181839978105591,-7.98581951130499e-07,-1.1503510794782161e-05
1777389964.1574368,tb1,0.5320837830325145,0.9328172079393807,2.0234313127106455e-06,1.8514138323701905e-05
1777389964.16496,tb3,1.070182266007618,0.9000000041026249,1.7674409604128433e-09,-6.3902414885901134e-06
1777389964.1652255,tb2,-0.702928798350749,0.9000082017939105,2.3467786657129285e-09,-1.6962310376222293e-05
1777389964.205367,tb7,-0.04566182248515954,0.9181839978105591,-2.478767437059295e-07,-3.6674709504573752e-06
1777389964.2076015,tb1,0.5320836222311324,0.9328173529501015,-2.644388815588608e-06,-2.4220165175465084e-05
1777389964.2148619,tb3,1.070182266007618,0.9000000041026249,2.17310021480309e-09,6.326071755139694e-06
1777389964.2151463,tb2,-0.702928798350749,0.9000082017939105,7.104575983353437e-09,-1.3250454241869783e-05
1777389964.2553425,tb7,-0.04566182248515954,0.9181839978105591,-2.478767437059295e-07,-3.6674709504573752e-06
1777389964.257413,tb1,0.5320836222311324,0.9328173529501015,-2.644388815588608e-06,-2.4220165175465084e-05
1777389964.2648025,tb3,1.070182266007618,0.9000000041026249,2.17310021480309e-09,6.326071755139694e-06
1777389964.2651873,tb2,-0.702928798350749,0.9000082017939105,7.104575983353437e-09,-1.3250454241869783e-05
1777389964.3054628,tb7,-0.04566182248515954,0.9181839978105591,-2.478767437059295e-07,-3.6674709504573752e-06
1777389964.3074274,tb1,0.5320836222311324,0.9328173529501015,-2.644388815588608e-06,-2.4220165175465084e-05
1777389964.314794,tb3,1.070182266007618,0.9000000041026249,2.17310021480309e-09,6.326071755139694e-06
1777389964.3157542,tb2,-0.702928798350749,0.9000082017939105,7.104575983353437e-09,-1.3250454241869783e-05
1777389964.3553712,tb7,-0.04566182248515954,0.9181839978105591,-2.478767437059295e-07,-3.6674709504573752e-06
1777389964.3577242,tb1,0.5320836222311324,0.9328173529501015,-2.644388815588608e-06,-2.4220165175465084e-05
1777389964.3646805,tb3,1.070182266007618,0.9000000041026249,2.17310021480309e-09,6.326071755139694e-06
1777389964.365,tb2,-0.702928798350749,0.9000082017939105,7.104575983353437e-09,-1.3250454241869783e-05
1777389964.405299,tb7,-0.04566174414596879,0.9181838874669689,1.885398817255432e-06,2.7357351650744608e-05
1777389964.4074795,tb1,0.5320837823038286,0.9328172085982899,1.4903668230689188e-06,1.3687020328010764e-05
1777389964.4147992,tb3,1.070182266007618,0.9000000041026249,1.7038951403539776e-09,-8.382229948000084e-06
1777389964.415111,tb2,-0.7029287978741456,0.9000082277179694,-1.6847695425910366e-08,1.416474700234854e-05
1777389964.4553924,tb7,-0.04566174414596879,0.9181838874669689,1.885398817255432e-06,2.7357351650744608e-05
1777389964.457838,tb1,0.5320837823038286,0.9328172085982899,1.4903668230689188e-06,1.3687020328010764e-05
1777389964.4649224,tb3,1.070182266007618,0.9000000041026249,1.7038951403539776e-09,-8.382229948000084e-06
1777389964.4651845,tb2,-0.7029287978741456,0.9000082277179694,-1.6847695425910366e-08,1.416474700234854e-05
1777389964.5052776,tb7,-0.04566174414596879,0.9181838874669689,1.885398817255432e-06,2.7357351650744608e-05
1777389964.5073266,tb1,0.5320837823038286,0.9328172085982899,1.4903668230689188e-06,1.3687020328010764e-05
1777389964.5152168,tb2,-0.7029287978741456,0.9000082277179694,-1.6847695425910366e-08,1.416474700234854e-05
1777389964.5153928,tb3,1.070182266007618,0.9000000041026249,1.7038951403539776e-09,-8.382229948000084e-06
1777389964.55534,tb7,-0.04566182282394394,0.918183998288962,-8.080134841725879e-07,-1.1636637219303624e-05
1777389964.5573583,tb1,0.5320837823038286,0.9328172085982899,2.0080846069165775e-06,1.8382766324801407e-05
1777389964.5647771,tb3,1.070182266007618,0.9000000041026249,1.7693121627299862e-09,-6.3315843901764505e-06
1777389964.56559,tb2,-0.7029287978741456,0.9000082277179694,-1.1190179638513963e-08,1.8579502431630198e-05
1777389964.6053693,tb7,-0.04566182282394394,0.918183998288962,-8.080134841725879e-07,-1.1636637219303624e-05
1777389964.6077063,tb1,0.5320837823038286,0.9328172085982899,2.0080846069165775e-06,1.8382766324801407e-05
1777389964.6148849,tb3,1.070182266007618,0.9000000041026249,1.7693121627299862e-09,-6.3315843901764505e-06
1777389964.6151812,tb2,-0.7029287978741456,0.9000082277179694,-1.1190179638513963e-08,1.8579502431630198e-05
1777389964.6559868,tb7,-0.04566182282394394,0.918183998288962,-8.080134841725879e-07,-1.1636637219303624e-05
1777389964.657454,tb1,0.5320837823038286,0.9328172085982899,2.0080846069165775e-06,1.8382766324801407e-05
1777389964.6648557,tb3,1.070182266007618,0.9000000041026249,2.1741133155466303e-09,6.357829705347626e-06
1777389964.6651528,tb2,-0.7029287978741456,0.9000082277179694,-6.443491021291925e-09,2.2283507887642224e-05
1777389964.705371,tb7,-0.04566182282394394,0.918183998288962,-2.584731911371767e-07,-3.817173188468928e-06
1777389964.7075412,tb1,0.5320836218425935,0.9328173532990631,-2.658060509899235e-06,-2.4353216890734236e-05
1777389964.7151155,tb2,-0.7029287978741456,0.9000082277179694,-6.443491021291925e-09,2.2283507887642224e-05
1777389964.7152116,tb3,1.070182266007618,0.9000000041026249,2.1741133155466303e-09,6.357829705347626e-06
1777389964.7553954,tb7,-0.04566182282394394,0.918183998288962,-2.567782164496413e-07,-3.793055223380052e-06
1777389964.7573674,tb1,0.5320836218425935,0.9328173532990631,-2.6572337252845057e-06,-2.434571791385738e-05
1777389964.764762,tb3,1.070182266007618,0.9000000041026249,2.1743478663559343e-09,6.365182234669701e-06
1777389964.765214,tb2,-0.7029287983235198,0.9000081995971793,1.1495461275210794e-08,-1.3259020204284612e-05
1777389964.8053372,tb7,-0.04566182282394394,0.918183998288962,-2.567782164496413e-07,-3.793055223380052e-06
1777389964.8074179,tb1,0.5320836218425935,0.9328173532990631,-2.6572337252845057e-06,-2.434571791385738e-05
1777389964.814926,tb3,1.070182266007618,0.9000000041026249,2.1743478663559343e-09,6.365182234669701e-06
1777389964.8152094,tb2,-0.7029287983235198,0.9000081995971793,1.1495461275210794e-08,-1.3259020204284612e-05
1777389964.855306,tb7,-0.04566182282394394,0.918183998288962,-2.567782164496413e-07,-3.793055223380052e-06
1777389964.8574238,tb1,0.5320836218425935,0.9328173532990631,-2.6572337252845057e-06,-2.434571791385738e-05
1777389964.864826,tb3,1.070182266007618,0.9000000041026249,2.1743478663559343e-09,6.365182234669701e-06
1777389964.8650737,tb2,-0.7029287983235198,0.9000081995971793,1.1495461275210794e-08,-1.3259020204284612e-05
1777389964.9053907,tb7,-0.04566182282394394,0.918183998288962,-8.085672210543317e-07,-1.1644516397016737e-05
1777389964.907483,tb1,0.532083782960434,0.9328172080051528,2.0252406400525717e-06,1.8534095487246405e-05
1777389964.9149342,tb3,1.070182266007618,0.9000000041026249,1.767890271571172e-09,-6.376156806997434e-06
1777389964.9151206,tb2,-0.7029287983235198,0.9000081995971793,6.728299404036091e-09,-1.697818130346208e-05
1777389964.9554443,tb7,-0.04566182282394394,0.918183998288962,-8.085672210543317e-07,-1.1644516397016737e-05
1777389964.9574108,tb1,0.532083782960434,0.9328172080051528,2.0252406400525717e-06,1.8534095487246405e-05
1777389964.964803,tb3,1.070182266007618,0.9000000041026249,1.767890271571172e-09,-6.376156806997434e-06
1777389964.9650657,tb2,-0.7029287983235198,0.9000081995971793,6.728299404036091e-09,-1.697818130346208e-05
1777389965.0053551,tb7,-0.04566182282394394,0.918183998288962,-8.085672210543317e-07,-1.1644516397016737e-05
1777389965.0073757,tb1,0.532083782960434,0.9328172080051528,2.0252406400525717e-06,1.8534095487246405e-05
1777389965.0148234,tb3,1.070182266007618,0.9000000041026249,1.767890271571172e-09,-6.376156806997434e-06
1777389965.0152206,tb2,-0.7029287983235198,0.9000081995971793,6.728299404036091e-09,-1.697818130346208e-05
1777389965.0555675,tb7,-0.04566182282394394,0.918183998288962,-8.085672210543317e-07,-1.1644516397016737e-05
1777389965.0574641,tb1,0.532083782960434,0.9328172080051528,2.0252406400525717e-06,1.8534095487246405e-05
1777389965.0646672,tb3,1.070182266007618,0.9000000041026249,1.767890271571172e-09,-6.376156806997434e-06
1777389965.0650945,tb2,-0.7029287983235198,0.9000081995971793,6.728299404036091e-09,-1.697818130346208e-05
1777389965.1054084,tb7,-0.04566174402805478,0.9181838872980915,1.8842331784497279e-06,2.7329283093576395e-05
1777389965.107413,tb1,0.532083782960434,0.9328172080051528,1.5067469623426348e-06,1.3831312009176545e-05
1777389965.114815,tb3,1.070182266007618,0.9000000041026249,1.70237520916193e-09,-8.429875652955214e-06
1777389965.115175,tb2,-0.7029287983235198,0.9000081995971793,1.0610591902852048e-09,-2.139954980578287e-05
1777389965.1552863,tb7,-0.04566174402805478,0.9181838872980915,2.432214439184832e-06,3.512660094079722e-05
1777389965.157347,tb1,0.5320836224497065,0.9328173527533182,-3.154542996670779e-06,-2.88453225717064e-05
1777389965.1648622,tb3,1.070182266007618,0.9000000041026249,2.1070622157620856e-09,4.255960269437727e-06
1777389965.16513,tb2,-0.7029287978656152,0.9000082270041769,-1.072757691644272e-08,1.7822113829014648e-05
1777389965.2052293,tb7,-0.04566174402805478,0.9181838872980915,2.432214439184832e-06,3.512660094079722e-05
1777389965.2073672,tb1,0.5320836224497065,0.9328173527533182,-3.154542996670779e-06,-2.88453225717064e-05
1777389965.2148168,tb3,1.070182266007618,0.9000000041026249,2.1070622157620856e-09,4.255960269437727e-06
1777389965.2153158,tb2,-0.7029287978656152,0.9000082270041769,-1.072757691644272e-08,1.7822113829014648e-05
1777389965.2552834,tb7,-0.04566182328305531,0.9181839989324055,-2.8135808841124056e-07,-4.160297409112563e-06
1777389965.2573342,tb1,0.5320836224497065,0.9328173527533182,-2.633026689042425e-06,-2.411514404234501e-05
1777389965.2648714,tb3,1.070182266007618,0.9000000041026249,2.172959007393716e-09,6.3216452872839596e-06
1777389965.265088,tb2,-0.7029287978656152,0.9000082270041769,-5.028567862818484e-09,2.2269247146792723e-05
1777389965.3053322,tb7,-0.04566182328305531,0.9181839989324055,-2.8135808841124056e-07,-4.160297409112563e-06
1777389965.3074107,tb1,0.5320836224497065,0.9328173527533182,-2.633026689042425e-06,-2.411514404234501e-05
1777389965.3150098,tb3,1.070182266007618,0.9000000041026249,1.7680842342036694e-09,-6.370076606519517e-06
1777389965.3167803,tb2,-0.7029287978656152,0.9000082270041769,-9.776120529092612e-09,1.856456806286195e-05
1777389965.3553092,tb7,-0.04566182328305531,0.9181839989324055,-8.309983355708088e-07,-1.1981183365772074e-05
1777389965.3573372,tb1,0.532083782940124,0.9328172080223845,2.0244236187121543e-06,1.85214325170942e-05
1777389965.3647845,tb3,1.070182266007618,0.9000000041026249,1.7680842342036694e-09,-6.370076606519517e-06
1777389965.3651676,tb2,-0.7029287978656152,0.9000082270041769,-9.776120529092612e-09,1.856456806286195e-05
1777389965.4053314,tb7,-0.04566182328305531,0.9181839989324055,-8.309983355708088e-07,-1.1981183365772074e-05
1777389965.407431,tb1,0.532083782940124,0.9328172080223845,2.0244236187121543e-06,1.85214325170942e-05
1777389965.4148185,tb3,1.070182266007618,0.9000000041026249,1.7680842342036694e-09,-6.370076606519517e-06
1777389965.4152179,tb2,-0.7029287978656152,0.9000082270041769,-9.776120529092612e-09,1.856456806286195e-05
1777389965.455629,tb7,-0.04566182328305531,0.9181839989324055,-8.292565281246698e-07,-1.1956399013707045e-05
1777389965.457516,tb1,0.532083782940124,0.9328172080223845,2.0252732456061543e-06,1.852913870806324e-05
1777389965.4648616,tb3,1.070182266007618,0.9000000041026249,1.7683252657365124e-09,-6.36252092415784e-06
1777389965.4652565,tb2,-0.7029287983274057,0.9000081998443575,6.233248876133277e-09,-1.6983674243691955e-05
1777389965.5054185,tb7,-0.04566182328305531,0.9181839989324055,-8.292565281246698e-07,-1.1956399013707045e-05
1777389965.5074327,tb1,0.532083782940124,0.9328172080223845,2.0252732456061543e-06,1.852913870806324e-05
1777389965.5149739,tb3,1.070182266007618,0.9000000041026249,1.7683252657365124e-09,-6.36252092415784e-06
1777389965.517298,tb2,-0.7029287983274057,0.9000081998443575,6.233248876133277e-09,-1.6983674243691955e-05
1777389965.5553913,tb7,-0.04566182328305531,0.9181839989324055,-8.292565281246698e-07,-1.1956399013707045e-05
1777389965.5574436,tb1,0.532083782940124,0.9328172080223845,2.0252732456061543e-06,1.852913870806324e-05
1777389965.5648808,tb3,1.070182266007618,0.9000000041026249,1.7683252657365124e-09,-6.36252092415784e-06
1777389965.5652277,tb2,-0.7029287983274057,0.9000081998443575,6.233248876133277e-09,-1.6983674243691955e-05
1777389965.6053946,tb7,-0.04566182328305531,0.9181839989324055,-8.292565281246698e-07,-1.1956399013707045e-05
1777389965.607448,tb1,0.532083782940124,0.9328172080223845,2.0252732456061543e-06,1.852913870806324e-05
1777389965.6152642,tb2,-0.7029287983274057,0.9000081998443575,6.233248876133277e-09,-1.6983674243691955e-05
1777389965.6159024,tb3,1.070182266007618,0.9000000041026249,1.7683252657365124e-09,-6.36252092415784e-06
1777389965.6554065,tb7,-0.04566182328305531,0.9181839989324055,-2.7949935980216147e-07,-4.133849374145852e-06
1777389965.6575236,tb1,0.5320836224155665,0.9328173527835769,-2.6342176388044407e-06,-2.4128301172815338e-05
1777389965.664849,tb3,1.070182266007618,0.9000000041026249,2.1732861651442134e-09,6.331900792095977e-06
1777389965.6651847,tb2,-0.7029287983274057,0.9000081998443575,1.0982857586494064e-08,-1.3278208183854477e-05
1777389965.705292,tb7,-0.04566182328305531,0.9181839989324055,-2.7949935980216147e-07,-4.133849374145852e-06
1777389965.7072253,tb1,0.5320836224155665,0.9328173527835769,-2.6342176388044407e-06,-2.4128301172815338e-05
1777389965.7146044,tb3,1.070182266007618,0.9000000041026249,2.1732861651442134e-09,6.331900792095977e-06
1777389965.7149498,tb2,-0.7029287983274057,0.9000081998443575,1.0982857586494064e-08,-1.3278208183854477e-05
1777389965.7553575,tb7,-0.04566182328305531,0.9181839989324055,-2.7949935980216147e-07,-4.133849374145852e-06
1777389965.7573414,tb1,0.5320836224155665,0.9328173527835769,-2.6342176388044407e-06,-2.4128301172815338e-05
1777389965.7646642,tb3,1.070182266007618,0.9000000041026249,2.10794990424841e-09,4.283786886808808e-06
1777389965.7650485,tb2,-0.7029287978608508,0.9000082263916004,-9.575049562823215e-09,1.774407476679151e-05
1777389965.8054273,tb7,-0.04566174499509566,0.9181838886624659,2.4030709829330253e-06,3.4714060510489584e-05
1777389965.8074057,tb1,0.5320836224155665,0.9328173527835769,-3.1502289873870607e-06,-2.880854943828643e-05
1777389965.8148718,tb3,1.070182266007618,0.9000000041026249,1.7044333139677696e-09,-8.365359670350993e-06
1777389965.8150246,tb2,-0.7029287978608508,0.9000082263916004,-1.430668013430883e-08,1.4051823307724687e-05
1777389965.855421,tb7,-0.04566174499509566,0.9181838886624659,1.8552759258049857e-06,2.6919392561186385e-05
1777389965.8574471,tb1,0.532083782367607,0.9328172085405914,1.4974366932106949e-06,1.375055639946806e-05
1777389965.8647623,tb3,1.070182266007618,0.9000000041026249,1.7044333139677696e-09,-8.365359670350993e-06
1777389965.8651707,tb2,-0.7029287978608508,0.9000082263916004,-1.430668013430883e-08,1.4051823307724687e-05
1777389965.905263,tb7,-0.04566174499509566,0.9181838886624659,1.8552759258049857e-06,2.6919392561186385e-05
1777389965.9074292,tb1,0.532083782367607,0.9328172085405914,1.4974366932106949e-06,1.375055639946806e-05
1777389965.9148316,tb3,1.070182266007618,0.9000000041026249,1.7044333139677696e-09,-8.365359670350993e-06
1777389965.9151542,tb2,-0.7029287978608508,0.9000082263916004,-1.430668013430883e-08,1.4051823307724687e-05
1777389965.955324,tb7,-0.0456618240881358,0.918184000072944,-8.467118598307138e-07,-1.218499370039827e-05
1777389965.9575057,tb1,0.532083782367607,0.9328172085405914,2.0178856896622598e-06,1.847107474025057e-05
1777389965.9646714,tb3,1.070182266007618,0.9000000041026249,1.7701954433014645e-09,-6.303895948935537e-06
1777389965.9652736,tb2,-0.7029287978608508,0.9000082263916004,-8.619312495837255e-09,1.8489868743466066e-05
1777389966.0053277,tb7,-0.0456618240881358,0.918184000072944,-8.467118598307138e-07,-1.218499370039827e-05
1777389966.0074048,tb1,0.532083782367607,0.9328172085405914,2.0178856896622598e-06,1.847107474025057e-05
1777389966.0148265,tb3,1.070182266007618,0.9000000041026249,1.7701954433014645e-09,-6.303895948935537e-06
1777389966.0150275,tb2,-0.7029287978608508,0.9000082263916004,-8.619312495837255e-09,1.8489868743466066e-05
1777389966.0553513,tb7,-0.0456618240881358,0.918184000072944,-8.461322826869551e-07,-1.217674683952516e-05
1777389966.0574386,tb1,0.532083782367607,0.9328172085405914,2.014957978553518e-06,1.8444520142048717e-05
1777389966.0648315,tb3,1.0701822668090504,0.9000000325734299,-5.3990069785153175e-08,3.668640630483784e-05
1777389966.0650926,tb2,-0.7029287983141626,0.900008198886486,8.257644329682851e-09,-1.6891845965728334e-05
1777389966.105439,tb7,-0.0456618240881358,0.918184000072944,-8.461322826869551e-07,-1.217674683952516e-05
1777389966.1074567,tb1,0.532083782367607,0.9328172085405914,2.014957978553518e-06,1.8444520142048717e-05
1777389966.1146805,tb3,1.0701822668090504,0.9000000325734299,-5.3990069785153175e-08,3.668640630483784e-05
1777389966.1151187,tb2,-0.7029287983141626,0.900008198886486,8.257644329682851e-09,-1.6891845965728334e-05
1777389966.1553757,tb7,-0.0456618240881358,0.918184000072944,-2.998473613857725e-07,-4.403604313871128e-06
1777389966.1574528,tb1,0.5320836228569186,0.9328173523842652,-2.6229025285302238e-06,-2.4031086027488377e-05
1777389966.1647882,tb3,1.0701822668090504,0.9000000325734299,-5.3591235557664257e-08,4.9300638759064975e-05
1777389966.1650903,tb2,-0.7029287983141626,0.900008198886486,1.2977253307183869e-08,-1.3209783536276714e-05
1777389966.2052095,tb7,-0.0456618240881358,0.918184000072944,-2.987111123765137e-07,-4.387436513609381e-06
1777389966.207364,tb1,0.5320836228569186,0.9328173523842652,-2.6191208194424136e-06,-2.399678574021208e-05
1777389966.2147682,tb3,1.0701822660033642,0.9000000024876564,5.395865235440257e-09,6.068050989545091e-06
1777389966.2150314,tb2,-0.7029287983141626,0.900008198886486,1.2994139184727488e-08,-1.3196609806082522e-05
1777389966.255264,tb7,-0.0456618240881358,0.918184000072944,-2.987111123765137e-07,-4.387436513609381e-06
1777389966.257403,tb1,0.5320836228569186,0.9328173523842652,-2.6191208194424136e-06,-2.399678574021208e-05
1777389966.2651205,tb2,-0.7029287983141626,0.900008198886486,1.2994139184727488e-08,-1.3196609806082522e-05
1777389966.265039,tb3,1.0701822660033642,0.9000000024876564,5.395865235440257e-09,6.068050989545091e-06
1777389966.3053405,tb7,-0.0456618240881358,0.918184000072944,-2.987111123765137e-07,-4.387436513609381e-06
1777389966.307711,tb1,0.5320837840469946,0.9328172070251333,2.0650798550498045e-06,1.8898067993490755e-05
1777389966.3147252,tb3,1.0701822652002997,0.899999974828435,5.91015193821568e-08,-4.973724861268613e-05
1777389966.3150663,tb2,-0.7029287983141626,0.900008198886486,8.241671359493392e-09,-1.690430747974395e-05
1777389966.355439,tb7,-0.0456618240881358,0.918184000072944,-8.496149713567277e-07,-1.222630236329496e-05
1777389966.3574579,tb1,0.5320837840469946,0.9328172070251333,2.068849254346491e-06,1.8932256779226965e-05
1777389966.3647053,tb3,1.0701822652002997,0.899999974828435,5.910128118232203e-08,-4.9744649401173424e-05
1777389966.3650916,tb2,-0.7029287978618389,0.9000082264360947,-8.75829233219199e-09,1.8448336820910715e-05
1777389966.4053357,tb7,-0.0456618240881358,0.918184000072944,-8.513210715919214e-07,-1.2250578633376924e-05
1777389966.407515,tb1,0.5320837840469946,0.9328172070251333,2.068017045500656e-06,1.8924708571229198e-05
1777389966.4148278,tb3,1.0701822652002997,0.899999974828435,5.910128118232203e-08,-4.9744649401173424e-05
1777389966.4151864,tb2,-0.7029287978618389,0.9000082264360947,-8.75829233219199e-09,1.8448336820910715e-05
1777389966.4552767,tb7,-0.0456618240881358,0.918184000072944,-8.524641120694877e-07,-1.2266843070117279e-05
1777389966.4579096,tb1,0.5320837840469946,0.9328172070251333,2.0642127371097657e-06,1.8890203156914255e-05
1777389966.4647045,tb3,1.0701822660108016,0.9000000041612883,1.6535522394867441e-09,-6.259349958267968e-06
1777389966.4651268,tb2,-0.7029287978618389,0.9000082264360947,-8.775275422748267e-09,1.8435084341927386e-05
1777389966.505299,tb7,-0.04566174521714821,0.9181838889732797,1.8373103921181113e-06,2.6652530355580702e-05
1777389966.5072932,tb1,0.5320837840469946,0.9328172070251333,1.541454856206412e-06,1.4148742840457038e-05
1777389966.5147955,tb3,1.070182266814005,0.9000000329698001,-5.4844750139056954e-08,3.4765590354567515e-05
1777389966.515009,tb2,-0.7029287978618389,0.9000082264360947,-1.4463506576362442e-08,1.399636551358545e-05
1777389966.5554209,tb7,-0.04566174521714821,0.9181838889732797,2.388646137121359e-06,3.449757916407491e-05
1777389966.5574372,tb1,0.5320836230611014,0.9328173522017413,-3.1329026873096907e-06,-2.86478431427419e-05
1777389966.5646923,tb3,1.070182266814005,0.9000000329698001,-5.444225041899942e-08,4.7496483151084815e-05
1777389966.5653565,tb2,-0.7029287978618389,0.9000082264360947,-9.701292570937485e-09,1.7712481894869063e-05
1777389966.60528,tb7,-0.04566174521714821,0.9181838889732797,2.390394679890489e-06,3.45224594724748e-05
1777389966.6073442,tb1,0.5320836230611014,0.9328173522017413,-3.1320497700153437e-06,-2.8640107140858025e-05
1777389966.6147957,tb3,1.070182266814005,0.9000000329698001,-5.444201061417171e-08,4.750406807450588e-05
1777389966.6151755,tb2,-0.7029287983254169,0.9000081994672541,5.956325097322095e-09,-1.7807414258598986e-05
1777389966.6556962,tb7,-0.045661823871008485,0.9181839997599889,-3.029962974138766e-07,-4.476257734900571e-06
1777389966.6573513,tb1,0.5320836230611014,0.9328173522017413,-2.6107269524129525e-06,-2.3911683499073043e-05
1777389966.6647205,tb3,1.0701822660124838,0.9000000034159105,3.552678057655934e-09,6.552975713968063e-06
1777389966.6650257,tb2,-0.7029287983254169,0.9000081994672541,1.1630154134107932e-08,-1.3380909589945213e-05
1777389966.7053778,tb7,-0.045661823871008485,0.9181839997599889,-3.029962974138766e-07,-4.476257734900571e-06
1777389966.7074363,tb1,0.5320836230611014,0.9328173522017413,-2.6107269524129525e-06,-2.3911683499073043e-05
1777389966.7146952,tb3,1.0701822660124838,0.9000000034159105,3.552678057655934e-09,6.552975713968063e-06
1777389966.7151423,tb2,-0.7029287983254169,0.9000081994672541,1.1630154134107932e-08,-1.3380909589945213e-05
1777389966.7552264,tb7,-0.045661823871008485,0.9181839997599889,-8.546373633128902e-07,-1.2325613233716348e-05
1777389966.7573447,tb1,0.5320837841357384,0.9328172069440297,2.0638631783299523e-06,1.8882187327857714e-05
1777389966.7647943,tb3,1.0701822660124838,0.9000000034159105,3.14635098615137e-09,-6.1849467364874065e-06
1777389966.765073,tb2,-0.7029287983254169,0.9000081994672541,6.864266076974877e-09,-1.709907339051181e-05
1777389966.8053274,tb7,-0.045661823871008485,0.9181839997599889,-8.546373633128902e-07,-1.2325613233716348e-05
1777389966.8075185,tb1,0.5320837841357384,0.9328172069440297,2.0638631783299523e-06,1.8882187327857714e-05
1777389966.8146517,tb3,1.0701822660124838,0.9000000034159105,3.14635098615137e-09,-6.1849467364874065e-06
1777389966.8150375,tb2,-0.7029287983254169,0.9000081994672541,6.864266076974877e-09,-1.709907339051181e-05
1777389966.855314,tb7,-0.045661823871008485,0.9181839997599889,-8.546373633128902e-07,-1.2325613233716348e-05
1777389966.8574219,tb1,0.5320837841357384,0.9328172069440297,2.0638631783299523e-06,1.8882187327857714e-05
1777389966.8653128,tb3,1.0701822660124838,0.9000000034159105,3.14635098615137e-09,-6.1849467364874065e-06
1777389966.8653905,tb2,-0.7029287983254169,0.9000081994672541,6.864266076974877e-09,-1.709907339051181e-05
1777389966.9053364,tb7,-0.045661823871008485,0.9181839997599889,-8.546373633128902e-07,-1.2325613233716348e-05
1777389966.9073825,tb1,0.5320837841357384,0.9328172069440297,2.0638631783299523e-06,1.8882187327857714e-05
1777389966.914838,tb3,1.0701822660124838,0.9000000034159105,3.14635098615137e-09,-6.1849467364874065e-06
1777389966.9151745,tb2,-0.7029287983254169,0.9000081994672541,6.864266076974877e-09,-1.709907339051181e-05
1777389966.9553738,tb7,-0.045661823871008485,0.9181839997599889,-8.563915183719228e-07,-1.2350573280220413e-05
1777389966.957441,tb1,0.5320837841357384,0.9328172069440297,2.0630075282266535e-06,1.8874426505597647e-05
1777389966.964828,tb3,1.0701822660124838,0.9000000034159105,3.146108258828599e-09,-6.192555980445998e-06
1777389966.9650943,tb2,-0.7029287978603527,0.900008226195558,-8.385665992073607e-09,1.8352819211655007e-05
1777389967.0054102,tb7,-0.045661823871008485,0.9181839997599889,-3.0856640689097824e-07,-4.555515375703364e-06
1777389967.0074155,tb1,0.5320836241753283,0.9328173511964125,-2.5804512131108657e-06,-2.3636953534085816e-05
1777389967.0147579,tb3,1.0701822660124838,0.9000000034159105,3.549624580972018e-09,6.457252460629371e-06
1777389967.0151436,tb2,-0.7029287978603527,0.900008226195558,-3.6537853659565864e-09,2.204526386887533e-05
1777389967.055312,tb7,-0.045661823871008485,0.9181839997599889,-3.0856640689097824e-07,-4.555515375703364e-06
1777389967.0574207,tb1,0.5320836241753283,0.9328173511964125,-2.5804512131108657e-06,-2.3636953534085816e-05
1777389967.0647824,tb3,1.0701822660124838,0.9000000034159105,3.549624580972018e-09,6.457252460629371e-06
1777389967.0652192,tb2,-0.7029287978603527,0.900008226195558,-3.6537853659565864e-09,2.204526386887533e-05
1777389967.1053715,tb7,-0.045661745614873996,0.9181838895349438,2.3743907131962217e-06,3.429687136925876e-05
1777389967.1074443,tb1,0.5320836241753283,0.9328173511964125,-3.0953947322744094e-06,-2.8307516752704167e-05
1777389967.1149647,tb3,1.0701822660124838,0.9000000034159105,3.4845617472684523e-09,4.417601676215439e-06
1777389967.1151483,tb2,-0.7029287978603527,0.900008226195558,-9.28097629863081e-09,1.7654178645839584e-05
1777389967.155286,tb7,-0.045661745614873996,0.9181838895349438,1.8237683661008967e-06,2.6461973764179472e-05
1777389967.1573768,tb1,0.5320837849529136,0.9328172062087566,1.5753363924509805e-06,1.4460899707351119e-05
1777389967.1647716,tb3,1.0701822660124838,0.9000000034159105,3.0789840174213755e-09,-8.296829708565697e-06
1777389967.1651032,tb2,-0.7029287978603527,0.900008226195558,-1.403703025039297e-08,1.3942870734412681e-05
1777389967.2055366,tb7,-0.04566182450079609,0.9181840006525335,-8.726085107726109e-07,-1.2564793009468625e-05
1777389967.2074711,tb1,0.5320837849529136,0.9328172062087566,2.094422483325501e-06,1.9169056689994623e-05
1777389967.2146728,tb3,1.0701822660124838,0.9000000034159105,3.144570461972782e-09,-6.240764279788261e-06
1777389967.215097,tb2,-0.7029287978603527,0.900008226195558,-8.36455294821571e-09,1.8369294425666213e-05
1777389967.2553864,tb7,-0.04566182450079609,0.9181840006525335,-8.726085107726109e-07,-1.2564793009468625e-05
1777389967.2574344,tb1,0.5320837849529136,0.9328172062087566,2.094422483325501e-06,1.9169056689994623e-05
1777389967.2647398,tb3,1.0701822660124838,0.9000000034159105,3.144814554685837e-09,-6.2331122322933555e-06
1777389967.2650347,tb2,-0.7029287983280329,0.9000081997344516,6.39292735949092e-09,-1.7043593691477557e-05
1777389967.3053148,tb7,-0.04566182450079609,0.9181840006525335,-8.70844488570445e-07,-1.2539692562792369e-05
1777389967.307412,tb1,0.5320837849529136,0.9328172062087566,2.095282946468426e-06,1.91768611671823e-05
1777389967.3150961,tb3,1.0701822660124838,0.9000000034159105,3.144814554685837e-09,-6.2331122322933555e-06
1777389967.3151276,tb2,-0.7029287983280329,0.9000081997344516,6.39292735949092e-09,-1.7043593691477557e-05
1777389967.3553207,tb7,-0.04566182450079609,0.9181840006525335,-8.70844488570445e-07,-1.2539692562792369e-05
1777389967.3573635,tb1,0.5320837849529136,0.9328172062087566,2.095282946468426e-06,1.91768611671823e-05
1777389967.3647687,tb3,1.0701822660124838,0.9000000034159105,3.144814554685837e-09,-6.2331122322933555e-06
1777389967.3651683,tb2,-0.7029287983280329,0.9000081997344516,6.39292735949092e-09,-1.7043593691477557e-05
1777389967.4053626,tb7,-0.04566182450079609,0.9181840006525335,-3.212763525565771e-07,-4.719833109748415e-06
1777389967.407423,tb1,0.5320836244835556,0.9328173509183967,-2.5674128670717873e-06,-2.3519899370012877e-05
1777389967.4147701,tb3,1.0701822660124838,0.9000000034159105,3.5496147501194705e-09,6.4569442738356445e-06
1777389967.4151263,tb2,-0.7029287983280329,0.9000081997344516,1.1140905227336251e-08,-1.3339401832385145e-05
1777389967.4554238,tb7,-0.04566182450079609,0.9181840006525335,-3.212763525565771e-07,-4.719833109748415e-06
1777389967.457433,tb1,0.5320836244835556,0.9328173509183967,-2.5674128670717873e-06,-2.3519899370012877e-05
1777389967.4647102,tb3,1.0701822660124838,0.9000000034159105,3.5496147501194705e-09,6.4569442738356445e-06
1777389967.4651067,tb2,-0.7029287983280329,0.9000081997344516,1.1140905227336251e-08,-1.3339401832385145e-05
1777389967.5052505,tb7,-0.04566182450079609,0.9181840006525335,-3.212763525565771e-07,-4.719833109748415e-06
1777389967.507395,tb1,0.5320836244835556,0.9328173509183967,-2.5674128670717873e-06,-2.3519899370012877e-05
1777389967.5147214,tb3,1.0701822660124838,0.9000000034159105,3.5496147501194705e-09,6.4569442738356445e-06
1777389967.5150082,tb2,-0.7029287983280329,0.9000081997344516,1.1140905227336251e-08,-1.3339401832385145e-05
1777389967.5552826,tb7,-0.045661745697300665,0.9181838896492883,2.3679405243799445e-06,3.4197419232945334e-05
1777389967.5575328,tb1,0.5320836244835556,0.9328173509183967,-3.0868091894013145e-06,-2.8230849763680685e-05
1777389967.5649366,tb3,1.0701822660124838,0.9000000034159105,3.4838554153695156e-09,4.3954589208247625e-06
1777389967.5650802,tb2,-0.7029287978654726,0.9000082266813879,-1.0203562916330982e-08,1.7700379656249025e-05
1777389967.6052847,tb7,-0.045661745697300665,0.9181838896492883,1.8151934248313335e-06,2.6332288266688323e-05
1777389967.607358,tb1,0.5320837858815518,0.9328172053717567,1.6032171973119787e-06,1.4716886196427608e-05
1777389967.6147697,tb3,1.0701822660124838,0.9000000034159105,3.076712635470874e-09,-8.368035122061091e-06
1777389967.6150715,tb2,-0.7029287978654726,0.9000082266813879,-1.4977968135787716e-08,1.3974750497293533e-05
1777389967.655235,tb7,-0.045661825125477826,0.9181840015314667,-8.986950680141804e-07,-1.2945431568830937e-05
1777389967.657416,tb1,0.5320837858815518,0.9328172053717567,2.1258714308761143e-06,1.9457406672851254e-05
1777389967.6647923,tb3,1.0701822660124838,0.9000000034159105,3.1427499156458625e-09,-6.297836474963181e-06
1777389967.6651497,tb2,-0.7029287978654726,0.9000082266813879,-9.26650045035182e-09,1.8431601051698982e-05
1777389967.7053432,tb7,-0.045661825125477826,0.9181840015314667,-8.986950680141804e-07,-1.2945431568830937e-05
1777389967.7074442,tb1,0.5320837858815518,0.9328172053717567,2.1258714308761143e-06,1.9457406672851254e-05
1777389967.7147875,tb3,1.0701822660124838,0.9000000034159105,3.1427499156458625e-09,-6.297836474963181e-06
1777389967.7150617,tb2,-0.7029287978654726,0.9000082266813879,-9.26650045035182e-09,1.8431601051698982e-05
1777389967.7553613,tb7,-0.045661825125477826,0.9181840015314667,-8.986950680141804e-07,-1.2945431568830937e-05
1777389967.7574637,tb1,0.5320837858815518,0.9328172053717567,2.1258714308761143e-06,1.9457406672851254e-05
1777389967.7651405,tb2,-0.7029287978654726,0.9000082266813879,-9.26650045035182e-09,1.8431601051698982e-05
1777389967.7653434,tb3,1.0701822660124838,0.9000000034159105,3.1427499156458625e-09,-6.297836474963181e-06
1777389967.805307,tb7,-0.045661825125477826,0.9181840015314667,-8.986950680141804e-07,-1.2945431568830937e-05
1777389967.8074138,tb1,0.5320837858815518,0.9328172053717567,2.1258714308761143e-06,1.9457406672851254e-05
1777389967.814743,tb3,1.0701822660124838,0.9000000034159105,3.1427499156458625e-09,-6.297836474963181e-06
1777389967.8150907,tb2,-0.7029287978654726,0.9000082266813879,-9.26650045035182e-09,1.8431601051698982e-05
1777389967.8552825,tb7,-0.045661825125477826,0.9181840015314667,-3.459589090569243e-07,-5.080494338030877e-06
1777389967.857413,tb1,0.5320836249963131,0.9328173504561276,-2.5485079700827743e-06,-2.3347354631969744e-05
1777389967.8648424,tb3,1.0701822660124838,0.9000000034159105,3.5488404969775073e-09,6.432672259561954e-06
1777389967.865149,tb2,-0.7029287983277709,0.9000081995917478,1.138015764974601e-08,-1.338664774290334e-05
1777389967.9052746,tb7,-0.04566174608419756,0.9181838901906325,2.3493958541631973e-06,3.391603385194346e-05
1777389967.907402,tb1,0.5320836249963131,0.9328173504561276,-3.0686179204981536e-06,-2.806477773202196e-05
1777389967.9149091,tb3,1.0701822660124838,0.9000000034159105,3.48312488609436e-09,4.372557603370659e-06
1777389967.9151165,tb2,-0.7029287983277709,0.9000081995917478,5.6952616724282915e-09,-1.7821785555875507e-05
1777389967.9554434,tb7,-0.04566174608419756,0.9181838901906325,2.3493958541631973e-06,3.391603385194346e-05
1777389967.9573398,tb1,0.5320836249963131,0.9328173504561276,-3.0686179204981536e-06,-2.806477773202196e-05
1777389967.9646645,tb3,1.0701822660124838,0.9000000034159105,3.48312488609436e-09,4.372557603370659e-06
1777389967.9650192,tb2,-0.7029287983277709,0.9000081995917478,5.6952616724282915e-09,-1.7821785555875507e-05
1777389968.0053835,tb7,-0.04566174608419756,0.9181838901906325,2.3493958541631973e-06,3.391603385194346e-05
1777389968.0073822,tb1,0.5320836249963131,0.9328173504561276,-3.0686179204981536e-06,-2.806477773202196e-05
1777389968.0146995,tb3,1.0701822660124838,0.9000000034159105,3.48312488609436e-09,4.372557603370659e-06
1777389968.0150642,tb2,-0.7029287983277709,0.9000081995917478,5.6952616724282915e-09,-1.7821785555875507e-05
1777389968.0553129,tb7,-0.04566182576049448,0.918184002424389,-9.220725203064712e-07,-1.3288435532700857e-05
1777389968.0574503,tb1,0.532083786331241,0.932817204964977,2.140439770751544e-06,1.9583063615115063e-05
1777389968.0647738,tb3,1.0701822660124838,0.9000000034159105,3.1423847709589224e-09,-6.3092833733650395e-06
1777389968.0650887,tb2,-0.7029287983277709,0.9000081995917478,6.652239565268518e-09,-1.707518810613348e-05
1777389968.1052358,tb7,-0.04566182576049448,0.918184002424389,-9.220725203064712e-07,-1.3288435532700857e-05
1777389968.1073673,tb1,0.532083786331241,0.932817204964977,2.140439770751544e-06,1.9583063615115063e-05
1777389968.114748,tb3,1.0701822660124838,0.9000000034159105,3.1423847709589224e-09,-6.3092833733650395e-06
1777389968.1151488,tb2,-0.7029287983277709,0.9000081995917478,6.652239565268518e-09,-1.707518810613348e-05
1777389968.1552699,tb7,-0.04566182576049448,0.918184002424389,-9.220725203064712e-07,-1.3288435532700857e-05
1777389968.1573756,tb1,0.532083786331241,0.932817204964977,2.140439770751544e-06,1.9583063615115063e-05
1777389968.1647384,tb3,1.0701822660124838,0.9000000034159105,3.1423847709589224e-09,-6.3092833733650395e-06
1777389968.1650748,tb2,-0.7029287983277709,0.9000081995917478,6.652239565268518e-09,-1.707518810613348e-05
1777389968.2054431,tb7,-0.04566182576049448,0.918184002424389,-9.220725203064712e-07,-1.3288435532700857e-05
1777389968.2075343,tb1,0.532083786331241,0.932817204964977,2.140439770751544e-06,1.9583063615115063e-05
1777389968.2146773,tb3,1.0701822660124838,0.9000000034159105,3.142139077487428e-09,-6.316985602938105e-06
1777389968.2151518,tb2,-0.7029287978570238,0.9000082259281865,-7.784401813578581e-09,1.8403969564466517e-05
1777389968.255462,tb7,-0.04566182576049448,0.918184002424389,-9.238481108593372e-07,-1.3313700584398238e-05
1777389968.2575943,tb1,0.532083786331241,0.932817204964977,2.139573665311478e-06,1.957520796155237e-05
1777389968.2650537,tb3,1.0701822660124838,0.9000000034159105,3.142139077487428e-09,-6.316985602938105e-06
1777389968.265224,tb2,-0.7029287978570238,0.9000082259281865,-7.784401813578581e-09,1.8403969564466517e-05
1777389968.3053575,tb7,-0.04566182576049448,0.918184002424389,-3.7391641901418996e-07,-5.488668736786042e-06
1777389968.3073926,tb1,0.5320836257557344,0.9328173497711136,-2.5236438092311784e-06,-2.3121026275827123e-05
1777389968.3146925,tb3,1.0701822660124838,0.9000000034159105,3.547207045101234e-09,6.381465276848543e-06
1777389968.3150578,tb2,-0.7029287978570238,0.9000082259281865,-3.0343255438162224e-09,2.2110612786117588e-05
1777389968.3553014,tb7,-0.04566182576049448,0.918184002424389,-3.7391641901418996e-07,-5.488668736786042e-06
1777389968.357402,tb1,0.5320836257557344,0.9328173497711136,-2.5236438092311784e-06,-2.3121026275827123e-05
1777389968.3647213,tb3,1.0701822660124838,0.9000000034159105,3.547207045101234e-09,6.381465276848543e-06
1777389968.3650901,tb2,-0.7029287978570238,0.9000082259281865,-3.0343255438162224e-09,2.2110612786117588e-05
1777389968.4053917,tb7,-0.04566182576049448,0.918184002424389,-3.7391641901418996e-07,-5.488668736786042e-06
1777389968.4074278,tb1,0.5320836257557344,0.9328173497711136,-2.5236438092311784e-06,-2.3121026275827123e-05
1777389968.4146562,tb3,1.0701822660124838,0.9000000034159105,3.547207045101234e-09,6.381465276848543e-06
1777389968.415046,tb2,-0.7029287978570238,0.9000082259281865,-3.0343255438162224e-09,2.2110612786117588e-05
1777389968.4553528,tb7,-0.04566182576049448,0.918184002424389,-3.7211973576315754e-07,-5.463103555022779e-06
1777389968.4575667,tb1,0.5320836257557344,0.9328173497711136,-2.522767412832699e-06,-2.3113077316781287e-05
1777389968.4648263,tb3,1.0701822660124838,0.9000000034159105,3.547455657123679e-09,6.389258999896412e-06
1777389968.4651446,tb2,-0.702928798333363,0.9000081999105979,1.0695442457698223e-08,-1.3433535921062688e-05
1777389968.5053394,tb7,-0.04566182576049448,0.918184002424389,-9.235283697211914e-07,-1.330915095646065e-05
1777389968.5073555,tb1,0.532083786762496,0.9328172045772499,2.1569555893571383e-06,1.974253022597564e-05
1777389968.5149133,tb3,1.0701822660124838,0.9000000034159105,3.1412998047250147e-09,-6.343295913306584e-06
1777389968.5150278,tb2,-0.702928798333363,0.9000081999105979,5.931559889920695e-09,-1.7150132907841423e-05
1777389968.5552917,tb7,-0.04566174706827592,0.9181838915844153,1.7732478668558048e-06,2.574054845123709e-05
1777389968.5573542,tb1,0.532083786762496,0.9328172045772499,1.63914413037607e-06,1.504593403032564e-05
1777389968.5647871,tb3,1.0701822660124838,0.9000000034159105,3.075874407097097e-09,-8.394312691954242e-06
1777389968.5653431,tb2,-0.702928798333363,0.9000081999105979,2.7176725191385785e-10,-2.1565684291599002e-05
1777389968.6053288,tb7,-0.04566174706827592,0.9181838915844153,1.7732478668558048e-06,2.574054845123709e-05
1777389968.6073368,tb1,0.532083786762496,0.9328172045772499,1.63914413037607e-06,1.504593403032564e-05
1777389968.6146924,tb3,1.0701822660124838,0.9000000034159105,3.075874407097097e-09,-8.394312691954242e-06
1777389968.6150694,tb2,-0.702928798333363,0.9000081999105979,2.7176725191385785e-10,-2.1565684291599002e-05
1777389968.65583,tb7,-0.04566174706827592,0.9181838915844153,1.7732478668558048e-06,2.574054845123709e-05
1777389968.6573718,tb1,0.532083786762496,0.9328172045772499,1.63914413037607e-06,1.504593403032564e-05
1777389968.6647782,tb3,1.0701822660124838,0.9000000034159105,3.075874407097097e-09,-8.394312691954242e-06
1777389968.6650877,tb2,-0.702928798333363,0.9000081999105979,2.7176725191385785e-10,-2.1565684291599002e-05
1777389968.70529,tb7,-0.04566182576398756,0.9181840024273049,-9.284639551407788e-07,-1.3387534156812363e-05
1777389968.707417,tb1,0.532083786762496,0.9328172045772499,2.1561036204530703e-06,1.973480279189851e-05
1777389968.7146819,tb3,1.0701822660124838,0.9000000034159105,3.1410545055642382e-09,-6.350985781657123e-06
1777389968.7151225,tb2,-0.7029287978578065,0.9000082258531169,-7.727126780921007e-09,1.8319622254771647e-05
1777389968.755291,tb7,-0.04566182576398756,0.9181840024273049,-9.284639551407788e-07,-1.3387534156812363e-05
1777389968.7577274,tb1,0.5320836265380534,0.932817349064538,-2.502411902757605e-06,-2.292978124635589e-05
1777389968.7647092,tb3,1.0701822660124838,0.9000000034159105,3.545236879636991e-09,6.3197026805116505e-06
1777389968.765145,tb2,-0.7029287978578065,0.9000082258531169,-2.987433351720159e-09,2.201816168665217e-05
1777389968.8053348,tb7,-0.04566182576398756,0.9181840024273049,-3.797345691474495e-07,-5.579610105309117e-06
1777389968.8074787,tb1,0.5320836265380534,0.932817349064538,-2.502411902757605e-06,-2.292978124635589e-05
1777389968.8147357,tb3,1.0701822660124838,0.9000000034159105,3.545236879636991e-09,6.3197026805116505e-06
1777389968.8149722,tb2,-0.7029287978578065,0.9000082258531169,-2.987433351720159e-09,2.201816168665217e-05
1777389968.8553133,tb7,-0.04566182576398756,0.9181840024273049,-3.797345691474495e-07,-5.579610105309117e-06
1777389968.8574874,tb1,0.5320836265380534,0.932817349064538,-2.502411902757605e-06,-2.292978124635589e-05
1777389968.8648245,tb3,1.0701822660124838,0.9000000034159105,3.545236879636991e-09,6.3197026805116505e-06
1777389968.8651476,tb2,-0.7029287978578065,0.9000082258531169,-2.987433351720159e-09,2.201816168665217e-05
1777389968.9054303,tb7,-0.04566182576398756,0.9181840024273049,-3.797345691474495e-07,-5.579610105309117e-06
1777389968.9074614,tb1,0.5320836265380534,0.932817349064538,-2.502411902757605e-06,-2.292978124635589e-05
1777389968.914833,tb3,1.0701822660124838,0.9000000034159105,3.545236879636991e-09,6.3197026805116505e-06
1777389968.9151464,tb2,-0.7029287978578065,0.9000082258531169,-2.987433351720159e-09,2.201816168665217e-05
1777389968.9553547,tb7,-0.04566182576398756,0.9181840024273049,-9.269117387139246e-07,-1.336544751760234e-05
1777389968.9574394,tb1,0.5320837868308513,0.9328172045147185,2.1571698422764783e-06,1.974077077524896e-05
1777389968.9647315,tb3,1.0701822660124838,0.9000000034159105,3.141129249933867e-09,-6.34864262499662e-06
1777389968.9651253,tb2,-0.7029287983313972,0.9000081999252323,6.0043980480403536e-09,-1.7055172527429133e-05
1777389969.0053346,tb7,-0.04566182576398756,0.9181840024273049,-9.269117387139246e-07,-1.336544751760234e-05
1777389969.0073898,tb1,0.5320837868308513,0.9328172045147185,2.1571698422764783e-06,1.974077077524896e-05
1777389969.0148165,tb3,1.0701822660124838,0.9000000034159105,3.141129249933867e-09,-6.34864262499662e-06
1777389969.015169,tb2,-0.7029287983313972,0.9000081999252323,6.0043980480403536e-09,-1.7055172527429133e-05
1777389969.055469,tb7,-0.04566182576398756,0.9181840024273049,-9.269117387139246e-07,-1.336544751760234e-05
1777389969.0574176,tb1,0.5320837868308513,0.9328172045147185,2.1571698422764783e-06,1.974077077524896e-05
1777389969.0648174,tb3,1.0701822660124838,0.9000000034159105,3.141129249933867e-09,-6.34864262499662e-06
1777389969.0651698,tb2,-0.7029287983313972,0.9000081999252323,6.0043980480403536e-09,-1.7055172527429133e-05
1777389969.105356,tb7,-0.04566174707260927,0.9181838915848074,1.7644523186005898e-06,2.5592755394123726e-05
1777389969.10741,tb1,0.5320837868308513,0.9328172045147185,1.639363911646958e-06,1.5044224731746676e-05
1777389969.1148324,tb3,1.0701822660124838,0.9000000034159105,3.075704550831601e-09,-8.399637505606454e-06
1777389969.1150968,tb2,-0.7029287983313972,0.9000081999252323,3.446692083966785e-10,-2.1470676775422327e-05
1777389969.1553252,tb7,-0.04566174707260927,0.9181838915848074,1.7644523186005898e-06,2.5592755394123726e-05
1777389969.1574225,tb1,0.5320837868308513,0.9328172045147185,1.639363911646958e-06,1.5044224731746676e-05
1777389969.164826,tb3,1.0701822660124838,0.9000000034159105,3.075704550831601e-09,-8.399637505606454e-06
1777389969.1650705,tb2,-0.7029287983313972,0.9000081999252323,3.446692083966785e-10,-2.1470676775422327e-05
1777389969.2053852,tb7,-0.04566174707260927,0.9181838915848074,2.311733804872804e-06,3.3380114532262765e-05
1777389969.207345,tb1,0.5320836270287801,0.932817348623457,-3.001905999045971e-06,-2.7452094149658827e-05
1777389969.2147806,tb3,1.0701822660124838,0.9000000034159105,3.4788214505959843e-09,4.237649467799316e-06
1777389969.2150855,tb2,-0.7029287983313972,0.9000081999252323,5.072904458607336e-09,-1.778188824432183e-05
1777389969.255206,tb7,-0.04566182630239584,0.9181840031813795,-4.059104768855432e-07,-5.97294415861186e-06
1777389969.2573392,tb1,0.5320836270287801,0.932817348623457,-2.4814298129397824e-06,-2.2731349002901604e-05
1777389969.2646592,tb3,1.0701822660124838,0.9000000034159105,3.544445810031814e-09,6.294903487963767e-06
1777389969.2650135,tb2,-0.7029287978562748,0.900008225873103,-2.916200818593924e-09,2.2117783517257393e-05
1777389969.305415,tb7,-0.04566182630239584,0.9181840031813795,-4.059104768855432e-07,-5.97294415861186e-06
1777389969.307504,tb1,0.5320836270287801,0.932817348623457,-2.4814298129397824e-06,-2.2731349002901604e-05
1777389969.314681,tb3,1.0701822660124838,0.9000000034159105,3.544445810031814e-09,6.294903487963767e-06
1777389969.315029,tb2,-0.7029287978562748,0.900008225873103,-2.916200818593924e-09,2.2117783517257393e-05
1777389969.355237,tb7,-0.04566182630239584,0.9181840031813795,-4.059104768855432e-07,-5.97294415861186e-06
1777389969.3573394,tb1,0.5320836270287801,0.932817348623457,-2.4814298129397824e-06,-2.2731349002901604e-05
1777389969.3646014,tb3,1.0701822660124838,0.9000000034159105,3.138036914272198e-09,-6.445584066046212e-06
1777389969.365235,tb2,-0.7029287978562748,0.900008225873103,-7.682001421788744e-09,1.839886993250651e-05
1777389969.405349,tb7,-0.04566182630239584,0.9181840031813795,-9.5766266389874e-07,-1.3823879548143566e-05
1777389969.407458,tb1,0.5320837881358516,0.9328172033374112,2.196237721541821e-06,2.0095141277466396e-05
1777389969.414897,tb3,1.0701822660124838,0.9000000034159105,3.138036914272198e-09,-6.445584066046212e-06
1777389969.4151444,tb2,-0.7029287978562748,0.900008225873103,-7.682001421788744e-09,1.839886993250651e-05
1777389969.4552813,tb7,-0.04566182630239584,0.9181840031813795,-9.5766266389874e-07,-1.3823879548143566e-05
1777389969.4574747,tb1,0.5320837881358516,0.9328172033374112,2.196237721541821e-06,2.0095141277466396e-05
1777389969.464835,tb3,1.0701822660124838,0.9000000034159105,3.138036914272198e-09,-6.445584066046212e-06
1777389969.465097,tb2,-0.7029287978562748,0.900008225873103,-7.682001421788744e-09,1.839886993250651e-05
1777389969.5053174,tb7,-0.04566182630239584,0.9181840031813795,-9.558683085772433e-07,-1.3798347492219706e-05
1777389969.5074294,tb1,0.5320837881358516,0.9328172033374112,2.1971129807061864e-06,2.01030799565229e-05
1777389969.5146616,tb3,1.0701822660124838,0.9000000034159105,3.138285204159715e-09,-6.43780044158646e-06
1777389969.5150003,tb2,-0.7029287983319968,0.9000081997811235,6.179220788783136e-09,-1.7160407794576432e-05
1777389969.555261,tb7,-0.04566182630239584,0.9181840031813795,-9.558683085772433e-07,-1.3798347492219706e-05
1777389969.5574324,tb1,0.5320837881358516,0.9328172033374112,2.1971129807061864e-06,2.01030799565229e-05
1777389969.564755,tb3,1.0701822660124838,0.9000000034159105,3.138285204159715e-09,-6.43780044158646e-06
1777389969.5650058,tb2,-0.7029287983319968,0.9000081997811235,6.179220788783136e-09,-1.7160407794576432e-05
1777389969.6052954,tb7,-0.04566182630239584,0.9181840031813795,-9.558683085772433e-07,-1.3798347492219706e-05
1777389969.607341,tb1,0.5320837881358516,0.9328172033374112,2.1971129807061864e-06,2.01030799565229e-05
1777389969.6146553,tb3,1.0701822660124838,0.9000000034159105,3.138285204159715e-09,-6.43780044158646e-06
1777389969.6150956,tb2,-0.7029287983319968,0.9000081997811235,6.179220788783136e-09,-1.7160407794576432e-05
1777389969.6553018,tb7,-0.045661748161396745,0.9181838931202303,2.2750507703195597e-06,3.285768928557672e-05
1777389969.6573935,tb1,0.5320836278150441,0.9328173479148314,-2.970760259600872e-06,-2.716516397315553e-05
1777389969.664749,tb3,1.0701822660124838,0.9000000034159105,3.477743560989318e-09,4.203858772611264e-06
1777389969.6651645,tb2,-0.7029287983319968,0.9000081997811235,5.302660021859064e-09,-1.7844266574486847e-05
1777389969.705327,tb7,-0.045661748161396745,0.9181838931202303,2.273920648792918e-06,3.284160859965066e-05
1777389969.7073877,tb1,0.5320836278150441,0.9328173479148314,-2.9745215856352945e-06,-2.719927938999283e-05
1777389969.714721,tb3,1.0701822668138274,0.9000000356820765,-5.987489874450454e-08,4.724629163009685e-05
1777389969.7151237,tb2,-0.7029287983319968,0.9000081997811235,5.285865116518188e-09,-1.7857369309526454e-05
1777389969.7553122,tb7,-0.045661748161396745,0.9181838931202303,2.273920648792918e-06,3.284160859965066e-05
1777389969.7573051,tb1,0.5320836278150441,0.9328173479148314,-2.9745215856352945e-06,-2.719927938999283e-05
1777389969.7647605,tb3,1.0701822668138274,0.9000000356820765,-5.987489874450454e-08,4.724629163009685e-05
1777389969.7649853,tb2,-0.7029287983319968,0.9000081997811235,5.285865116518188e-09,-1.7857369309526454e-05
1777389969.8053083,tb7,-0.04566182788878644,0.9181840054235851,-9.99318698975949e-07,-1.4397897756597913e-05
1777389969.8073611,tb1,0.532083787944814,0.9328172035092396,2.2010748665311516e-06,2.0138368059322348e-05
1777389969.8147771,tb3,1.070182266009712,0.9000000069426352,-3.915945979119919e-09,-6.473239543432205e-06
1777389969.815123,tb2,-0.7029287978595613,0.9000082259761011,-7.860383779089303e-09,1.840686539651545e-05
1777389969.8553393,tb7,-0.04566182788878644,0.9181840054235851,-9.99318698975949e-07,-1.4397897756597913e-05
1777389969.8573456,tb1,0.532083787944814,0.9328172035092396,2.2010748665311516e-06,2.0138368059322348e-05
1777389969.864712,tb3,1.070182266009712,0.9000000069426352,-3.915945979119919e-09,-6.473239543432205e-06
1777389969.865012,tb2,-0.7029287978595613,0.9000082259761011,-7.860383779089303e-09,1.840686539651545e-05
1777389969.9052963,tb7,-0.04566182788878644,0.9181840054235851,-9.99318698975949e-07,-1.4397897756597913e-05
1777389969.9072564,tb1,0.532083787944814,0.9328172035092396,2.2010748665311516e-06,2.0138368059322348e-05
1777389969.9146035,tb3,1.070182266009712,0.9000000069426352,-3.915945979119919e-09,-6.473239543432205e-06
1777389969.9150198,tb2,-0.7029287978595613,0.9000082259761011,-7.860383779089303e-09,1.840686539651545e-05
1777389969.9553897,tb7,-0.04566182788878644,0.9181840054235851,-9.99318698975949e-07,-1.4397897756597913e-05
1777389969.9573793,tb1,0.532083787944814,0.9328172035092396,2.2010748665311516e-06,2.0138368059322348e-05
1777389969.9645956,tb3,1.070182266009712,0.9000000069426352,-3.5125906233019694e-09,6.171303611903757e-06
1777389969.964947,tb2,-0.7029287978595613,0.9000082259761011,-3.1304703553893786e-09,2.2097773062521745e-05
1777389970.0053456,tb7,-0.04566182788878644,0.9181840054235851,-4.517215605910325e-07,-6.6060854479893315e-06
1777389970.0073931,tb1,0.5320836280509872,0.9328173477007378,-2.4423130542409623e-06,-2.237624178585165e-05
1777389970.0148137,tb3,1.070182266009712,0.9000000069426352,-3.5125906233019694e-09,6.171303611903757e-06
1777389970.014982,tb2,-0.7029287978595613,0.9000082259761011,-3.1304703553893786e-09,2.2097773062521745e-05
