timestamp,robot_id,x,y,v_cmd,w_cmd
1777019670.5131967,tb3,0.14919466340419046,1.3982772584689422,0.15583077526227054,1.5
1777019670.5626132,tb3,0.14919466340419046,1.3982772584689422,0.15583077526227054,1.5
1777019670.6124783,tb3,0.14911515158988048,1.3978812892778139,0.17331186629607467,1.5
1777019670.6624951,tb3,0.14869622443031918,1.3950292213635052,0.18,1.3095215782973668
1777019670.712557,tb3,0.14830230968347333,1.389666757767561,0.18,1.095780772076954
1777019670.7624578,tb3,0.14825608438934498,1.3818384892809628,0.18,0.9305705644985237
1777019670.812532,tb3,0.14878853583963678,1.3736426073214567,0.18,0.796342928333417
1777019670.8624625,tb3,0.1497644086007579,1.3662839847106247,0.18,0.6659209042996923
1777019670.9124532,tb3,0.15072497267206475,1.3590513787989371,0.18,0.5407248989739692
1777019670.9624887,tb3,0.15166058693285517,1.3519433162127372,0.17999999999999997,0.4196415846459338
1777019671.0124762,tb3,0.15375639753592912,1.3434479682805482,0.18,0.30011114008989453
1777019671.0625496,tb3,0.1561412095218525,1.3364538343703742,0.18,0.18205363564957366
1777019671.1124642,tb3,0.15970258061431275,1.3273247773761492,0.18,0.06502879113019802
1777019671.1624277,tb3,0.16332935928056858,1.3194981243482373,0.18,-0.050982462720266054
1777019671.2124324,tb3,0.1667870083932994,1.312720994081405,0.18000000000000002,-0.16556700718390574
1777019671.262504,tb3,0.17249156756543135,1.3029517776921948,0.18,-0.2842619484840619
1777019671.3124273,tb3,0.17696239903100427,1.2961716212327985,0.18,-0.39986562586645197
1777019671.362453,tb3,0.1817937167002947,1.2894163798654745,0.18,-0.5159167506783374
1777019671.4124482,tb3,0.1874764086948699,1.2821439186876165,0.18,-0.6335752794945017
1777019671.4629307,tb3,0.19408635952042863,1.2743988087339189,0.18,-0.7528977582119951
1777019671.512544,tb3,0.19408635952042863,1.2743988087339189,0.18,-0.7528977582119951
1777019671.562503,tb3,0.20025804343008008,1.267711783115081,0.18,-0.8659886364589544
1777019671.6126547,tb3,0.20750212088215333,1.2600428732276638,0.18,-0.88467773235296
1777019671.6626663,tb3,0.2125237204169489,1.2529591118655512,0.18,-0.8055141759622916
1777019671.7126002,tb3,0.2174868957557266,1.245940373223112,0.18,-0.7285371184695777
1777019671.7625282,tb3,0.22239562214930947,1.2389900545065822,0.18,-0.6534852035919185
1777019671.8125486,tb3,0.22781724558717323,1.2314499931740495,0.18,-0.582641029829052
1777019671.8417058,tb2,1.1569176616753358,0.08627966566248735,0.18,-1.0335567143373534
1777019671.8516688,tb1,-0.5107934185525476,1.1799632241384954,0.18,1.0861913340643434
1777019671.862613,tb3,0.23298245081936939,1.2237229499458733,0.18,-0.517447077804515
1777019671.891768,tb2,1.1562426150683331,0.08644216206595187,0.18,-0.9658966321511089
1777019671.901714,tb1,-0.5107248452441314,1.179866145296156,0.18,1.0393838899108478
1777019671.9124954,tb3,0.2378951026057401,1.2158579352818863,0.18,-0.4699578900593215
1777019671.9418397,tb2,1.152833698310629,0.08738089753073333,0.18,-0.8483731973947141
1777019671.9517403,tb1,-0.5094387720938408,1.178116710896982,0.18,0.9053159226882384
1777019671.9624183,tb3,0.24258177807708167,1.2078947287899138,0.18,-0.43138785578567995
1777019671.9917595,tb2,1.1471466797730878,0.08922149533801745,0.18,-0.7491405849546181
1777019672.0017161,tb1,-0.5064813258932259,1.1744607925208015,0.18,0.7904059590261655
1777019672.0124784,tb3,0.2470637762638263,1.19984745970982,0.18,-0.3977930145378218
1777019672.0417361,tb2,1.1392638812633429,0.09212616095974732,0.18000000000000002,-0.6657418410032199
1777019672.0517137,tb1,-0.5016794957383617,1.1690252802165275,0.18,0.6949754471072881
1777019672.0625582,tb3,0.2513587114436465,1.1917256026709406,0.18,-0.3674280808887588
1777019672.091683,tb2,1.1306552341151375,0.09564488381014725,0.18,-0.594304261496549
1777019672.1016579,tb1,-0.4957003321222224,1.162748758966625,0.18,0.6143859384639482
1777019672.112541,tb3,0.25548063845964436,1.1835391336003465,0.18,-0.3387106742069444
1777019672.141897,tb2,1.1306552341151375,0.09564488381014725,0.18,-0.594304261496549
1777019672.1516705,tb1,-0.4894857523887498,1.1566535821128108,0.18,0.5448938068129512
1777019672.1628685,tb3,0.25944240298766935,1.1752966514896157,0.18,-0.3120748303950319
1777019672.1920817,tb2,1.1221999716651325,0.09941918622335637,0.18,-0.5319759660268716
1777019672.2017283,tb1,-0.4830714891393625,1.1507278813437725,0.18,0.484483924396523
1777019672.2125359,tb3,0.2632559376439481,1.1670063293087805,0.18,-0.28751173282144643
1777019672.241822,tb2,1.113869857771343,0.10343961412918279,0.17999999999999997,-0.4711391643864881
1777019672.251677,tb1,-0.47648625186397614,1.1449587155959997,0.18,0.43141524388881286
1777019672.2624304,tb3,0.266932750545255,1.1586749439542812,0.18,-0.26480723566715064
1777019672.2919781,tb2,1.1056879596999174,0.10767664055382394,0.18000000000000002,-0.4174524370383184
1777019672.3017042,tb1,-0.46975352596171094,1.1393324450835791,0.18,0.3851665452054907
1777019672.3124723,tb3,0.27048354567591687,1.1503081631338905,0.18,-0.24376887729388902
1777019672.3419278,tb2,1.0976452161342112,0.1120996215440394,0.18,-0.37048271841886365
1777019672.3517776,tb1,-0.46975352596171094,1.1393324450835791,0.18,0.38460793970428253
1777019672.362407,tb3,0.27422643232045874,1.142223301480333,0.18,-0.22400083588839922
1777019672.3918874,tb2,1.090025092833522,0.11656592072281133,0.18,-0.3284422732438989
1777019672.4017665,tb1,-0.46303433852359593,1.133990392309593,0.18,0.3434502676838959
1777019672.4124687,tb3,0.27799165692584804,1.1342361780864718,0.18,-0.20477624479461903
1777019672.441987,tb2,1.0831898906908488,0.12079176152711209,0.18,-0.28642447063071
1777019672.4518104,tb1,-0.45686607315740124,1.1293420316997933,0.18,0.3027763332846531
1777019672.4625845,tb3,0.28173682095469726,1.1263017426517277,0.18,-0.18591123330986106
1777019672.491963,tb2,1.0764083274500054,0.12498460474094168,0.17999999999999997,-0.24460959856661105
1777019672.50184,tb1,-0.45074658779891513,1.124730991152145,0.18,0.2623729347646839
1777019672.512556,tb3,0.28173682095469726,1.1263017426517277,0.18,-0.18591123330986106
1777019672.541837,tb2,1.069376373229935,0.12944185652973433,0.18,-0.20263069549442336
1777019672.5517323,tb1,-0.4445160586706669,1.120077094075124,0.18,0.22159431375932198
1777019672.5624754,tb3,0.28492674491978226,1.1179250151960922,0.18,-0.1644960743328708
1777019672.5918949,tb2,1.0619819164761066,0.13458777709221645,0.18,-0.16138714136208435
1777019672.6017516,tb1,-0.4371667079492331,1.1150625255335322,0.18,0.1808702251179074
1777019672.6124291,tb3,0.2879204897902304,1.1093314854418552,0.18,-0.13929372244228275
1777019672.6418858,tb2,1.0546533280630834,0.13990676354158588,0.18,-0.12123515542741639
1777019672.6516848,tb1,-0.429745880495494,1.1101990780114301,0.18,0.14100036683621742
1777019672.6626363,tb3,0.29084095455180264,1.1005870660892498,0.18,-0.11382800941131893
1777019672.6918101,tb2,1.0473359792632224,0.14537350941250238,0.18,-0.10444728502203196
1777019672.7017474,tb1,-0.42216258858165867,1.105377766962709,0.18,0.11984683845867403
1777019672.7125263,tb3,0.29358997704946943,1.0919985107578916,0.17999999999999997,-0.08878141877074311
1777019672.7417033,tb2,1.040111522407946,0.15083965056378443,0.18,-0.09150290849653847
1777019672.7516775,tb1,-0.4145725762911836,1.1006293122313862,0.18,0.10314894209585317
1777019672.762553,tb3,0.29627678779351957,1.0833525565272484,0.18,-0.07933831861736822
1777019672.7917118,tb2,1.032925656334,0.1563340013248493,0.17999999999999997,-0.07992267964104506
1777019672.8017197,tb1,-0.40695244263840263,1.095924877768778,0.18,0.0882927071498196
1777019672.812495,tb3,0.29891833674014534,1.074709340710887,0.18,-0.07217164649708174
1777019672.8419209,tb2,1.0257737646138567,0.16185215562726557,0.18,-0.06944630698129807
1777019672.8517199,tb1,-0.39930793492531663,1.091258569795932,0.18,0.07494957030294573
1777019672.8625,tb3,0.301521981161616,1.0660659830937878,0.18,-0.06602857635897662
1777019672.8919322,tb2,1.0257737646138567,0.16185215562726557,0.18,-0.06944630698129807
1777019672.9016893,tb1,-0.3916436033665993,1.086624935409673,0.18,0.06293898699096596
1777019672.912481,tb3,0.30409151703665005,1.057422769610213,0.18,-0.06074128818287193
1777019672.941915,tb2,1.0186521156159174,0.16739001058425348,0.18,-0.05994232248111069
1777019672.9516509,tb1,-0.3839634775902215,1.082019175954783,0.18,0.05208737238919734
1777019672.9626315,tb3,0.30662995534582815,1.0487802045823866,0.17999999999999997,-0.05627361304320781
1777019672.991835,tb2,1.0115555666974863,0.1729481104548529,0.18,-0.05042684478456752
1777019673.0017543,tb1,-0.37627097086869726,1.0774367776937386,0.18,0.04102052664137205
1777019673.012345,tb3,0.30913983740374656,1.04013863741952,0.18,-0.05257665438778787
1777019673.0418506,tb2,1.004485681302172,0.17852197747135876,0.18000000000000002,-0.041736803639845145
1777019673.05173,tb1,-0.37627097086869726,1.0774367776937386,0.18,0.042290893925518505
1777019673.0624542,tb3,0.31169757790637476,1.03154054037199,0.18,-0.05020411075366072
1777019673.0918503,tb2,0.9974396015191288,0.184107969466851,0.18,-0.033904942857898926
1777019673.1017697,tb1,-0.36856890156817373,1.072873327119984,0.18,0.033622554248966804
1777019673.1125703,tb3,0.314395087841857,1.0230657135906072,0.18,-0.05050391585149125
1777019673.1418443,tb2,0.9903795414128125,0.18945575903039252,0.18,-0.026882417450896017
1777019673.1516283,tb1,-0.36101716569106707,1.0682650752152583,0.18,0.025006437176911433
1777019673.1625917,tb3,0.3170783238256179,1.0146412256762884,0.18,-0.05238625499617756
1777019673.1918726,tb2,0.9833465787981257,0.1946980002259607,0.18,-0.019725014356087808
1777019673.201744,tb1,-0.35364059406972626,1.0636220762030262,0.18,0.016523600673970133
1777019673.2125847,tb3,0.3170783238256179,1.0146412256762884,0.18,-0.05238625499617756
1777019673.2418344,tb2,0.9763542649422611,0.19990760460474355,0.18,-0.012317699015349777
1777019673.251737,tb1,-0.3463089840491304,1.0590053823271826,0.18,0.007846170861143873
1777019673.2624576,tb3,0.3196473149176005,1.0061140126171064,0.18,-0.05451369865554836
1777019673.2917676,tb2,0.9693315691701581,0.20551361824715314,0.18,-0.004442458639413295
1777019673.3017893,tb1,-0.33871608717097623,1.0544447316756016,0.18000000000000002,-7.064410424666681e-05
1777019673.3125312,tb3,0.3220555258157078,0.9973889295523387,0.18,-0.05518698276214475
1777019673.3418875,tb2,0.9623127559552173,0.21119496864604898,0.18,0.00122057102675643
1777019673.3517878,tb1,-0.3309101762190755,1.049915463550878,0.18,-0.005895101329705511
1777019673.3624597,tb3,0.3244389515386725,0.9886630378073976,0.18,-0.05533855191257194
1777019673.3918173,tb2,0.9553042573203689,0.21687105909476123,0.18,0.005599868791789085
1777019673.4017572,tb1,-0.3231067934382979,1.04538838011553,0.17999999999999997,-0.011076825321162682
1777019673.4124458,tb3,0.3267968283866552,0.9799368633080363,0.18,-0.05646812846921536
1777019673.4417968,tb2,0.9483023954710468,0.22254096148907343,0.18,0.009673704501101851
1777019673.4517612,tb1,-0.31530812530398733,1.0408613504534265,0.18,-0.01579689845507346
1777019673.4624991,tb3,0.3291289370927813,0.9712105413985614,0.18,-0.058861212229198746
1777019673.491786,tb2,0.9413055457768879,0.228203293736638,0.18,0.013539746862511774
1777019673.5017087,tb1,-0.3075156416878601,1.0363323909815911,0.18,-0.020115621282071863
1777019673.5124733,tb3,0.33143500752880223,0.9624835285311312,0.18,-0.06264407357975223
1777019673.541768,tb2,0.9343124346771312,0.23385661311876188,0.18,0.017230328069671702
1777019673.551795,tb1,-0.29973062108040316,1.0317996503124738,0.18,-0.024071429592704544
1777019673.5623991,tb3,0.33371421719671096,0.953755043971961,0.18,-0.06796305643841823
1777019673.5917733,tb2,0.9273218165704148,0.2394996265897877,0.18,0.020796508387112084
1777019673.6017256,tb1,-0.2919543202859324,1.0272615067940776,0.17999999999999997,-0.02772416683571402
1777019673.6124892,tb3,0.33596511545168595,0.9450241251921842,0.18,-0.07502157986704949
1777019673.6416845,tb2,0.9203325941546558,0.24513101579692168,0.18,0.02426398930106444
1777019673.6517081,tb1,-0.2841877652929696,1.0227164032228622,0.18,-0.031096595607355868
1777019673.6623578,tb3,0.338185559291185,0.936289351824276,0.18000000000000002,-0.08400859895451472
1777019673.6917434,tb2,0.9133436961698385,0.25074946501956635,0.18,0.027657918950254688
1777019673.7018332,tb1,-0.2764319813088681,1.0181629103992584,0.18000000000000002,-0.03422568890742241
1777019673.7126958,tb3,0.3403724676728652,0.9275493376843409,0.18,-0.0952986318525219
1777019673.7417374,tb2,0.9063540551689389,0.2563537325806233,0.18,0.031002686936923173
1777019673.7517354,tb1,-0.2686879316464971,1.0135997437093942,0.18,-0.03713441042302417
1777019673.7625499,tb3,0.34253518343637546,0.9188177251675618,0.18,-0.10940885598370921
1777019673.792068,tb2,0.9063540551689389,0.2563537325806233,0.18,0.031002686936923173
1777019673.8020427,tb1,-0.26097951135685565,1.0090181939969514,0.18,-0.03981405472335043
1777019673.8124955,tb3,0.3447065317216918,0.9101523321141686,0.18,-0.12871019459196384
1777019673.8419003,tb2,0.8993646322630225,0.26188212613702205,0.18,0.03420477288310018
1777019673.8516438,tb1,-0.2533588677818306,1.0044325000781593,0.18,-0.04239562262813625
1777019673.862464,tb3,0.34686562594215836,0.9015382299091277,0.18,-0.1559681623306867
1777019673.8918593,tb2,0.8924108333962166,0.2673590478415045,0.18,0.03772811458042675
1777019673.901662,tb1,-0.24578310800620973,0.9998735108574252,0.18,-0.04511208074648776
1777019673.9124289,tb3,0.34895659930822354,0.892823287099334,0.18,-0.19274734665722257
1777019673.9417589,tb2,0.8854977881912636,0.27280357770837366,0.18,0.04172719494472413
1777019673.9515984,tb1,-0.23814481975322865,0.9952830541008106,0.18,-0.0477329201044067
1777019673.9625754,tb3,0.3509527523984314,0.8839247546903609,0.1765859685575211,-0.2251477398351616
1777019673.991756,tb2,0.8784446261956276,0.27838377143867954,0.17999999999999997,0.04573024568692091
1777019674.0019004,tb1,-0.23039338445924762,0.9906148389584452,0.18,-0.05014591064548453
1777019674.012484,tb3,0.3528358383666391,0.8751275866894069,0.15765996765880638,-0.23366526383839156
1777019674.0419426,tb2,0.871373144141534,0.28395857847020567,0.18000000000000002,0.04965745779849551
1777019674.051811,tb1,-0.23039338445924762,0.9906148389584452,0.18,-0.05014591064548453
1777019674.0623887,tb3,0.3544716507368967,0.867045573364399,0.1403931173828157,-0.2380683121579509
1777019674.091896,tb2,0.8642961325114165,0.28951249488602937,0.17999999999999997,0.05315441061961937
1777019674.1017559,tb1,-0.22265807425665987,0.9859307062621934,0.18,-0.05297035240567526
1777019674.112415,tb3,0.3558367282743488,0.8598686455791923,0.12508620458753203,-0.23754209620059624
1777019674.1419125,tb2,0.8572124389989226,0.29504409438316914,0.18,0.056084497668733406
1777019674.151736,tb1,-0.21494009582174106,0.9812306817706865,0.18,-0.05669369644356611
1777019674.1627886,tb3,0.35697232836267967,0.8534848519667423,0.11146635881125956,-0.23329710647073998
1777019674.1918657,tb2,0.8501209254862957,0.3005521085666794,0.17999999999999997,0.05856459987287649
1777019674.2017071,tb1,-0.20723880877550255,0.9765135229484447,0.18,-0.06117876793038095
1777019674.2124243,tb3,0.35697232836267967,0.8534848519667423,0.11146635881125956,-0.23329710647073998
1777019674.2418787,tb2,0.8430205233461775,0.3060354681193926,0.18,0.060701217352617104
1777019674.2517729,tb1,-0.19955470729034316,0.97177762513474,0.18,-0.0665145499619067
1777019674.2624874,tb3,0.35790837925108004,0.8478348756858616,0.09935975808783358,-0.22584580171117236
1777019674.291868,tb2,0.8359103124232229,0.3114933128513703,0.18,0.06311870456337787
1777019674.301789,tb1,-0.19188860728498724,0.9670210314020495,0.18,-0.07236543596474099
1777019674.312531,tb3,0.3587614785261439,0.8422830192378074,0.0875863630960588,-0.22158550536496108
1777019674.3418374,tb2,0.8287897138890465,0.3169247367888236,0.18,0.0654061346700626
1777019674.3517053,tb1,-0.18424162532721958,0.9622414760664004,0.18,-0.07930765159826976
1777019674.3624978,tb3,0.3594594023673187,0.8373642618207442,0.07706881611887037,-0.2147630110421409
1777019674.3918536,tb2,0.8216581141369698,0.3223287647716122,0.18,0.06762156280960362
1777019674.4017317,tb1,-0.1766150448587238,0.9574364280115147,0.18,-0.08761178764623676
1777019674.4126825,tb3,0.3600215496471385,0.8330527617141656,0.06773757308183516,-0.2045301435597801
1777019674.4417965,tb2,0.81451538052694,0.3277042854419018,0.18,0.07017476027914447
1777019674.4517305,tb1,-0.1690102101799406,0.9526027300757898,0.18,-0.09710694679592498
1777019674.4624696,tb3,0.36053284852340833,0.8289864975823992,0.058882698688983146,-0.19562704649141732
1777019674.4917321,tb2,0.8074116552467296,0.33304051046909966,0.18,0.0739085063116712
1777019674.501738,tb1,-0.161440445653853,0.9477491608191393,0.18,-0.10711208988585756
1777019674.5124795,tb3,0.3611189068230873,0.824617094094233,0.04955564870454114,-0.19565802825094555
1777019674.5418,tb2,0.8003499237679443,0.3383453822766716,0.18,0.07869273104763737
1777019674.551738,tb1,-0.1539258761445528,0.9429234036360274,0.17999999999999997,-0.11886636778735431
1777019674.5626054,tb3,0.3616992945677111,0.8203024902460461,0.0404021682690791,-0.1997495646584704
1777019674.5917218,tb2,0.7932664869155316,0.34363588777950843,0.18,0.08300383948666255
1777019674.6017785,tb1,-0.14645534711632913,0.9381263671290739,0.18,-0.13581076205880838
1777019674.6124933,tb3,0.36203080976223245,0.8172956056627009,0.03360129392206157,-0.18661145273804816
1777019674.6419795,tb2,0.7860079157582284,0.34894062018330124,0.18,0.0844384785726655
1777019674.6516879,tb1,-0.13893543604736178,0.9331966055074277,0.17999999999999997,-0.15770909350420015
1777019674.6625876,tb3,0.3621792268063812,0.815335638578051,0.028391281500471533,-0.16107668063719435
1777019674.6918695,tb2,0.7860079157582284,0.34894062018330124,0.18,0.08637852153163224
1777019674.7016664,tb1,-0.1313898393914864,0.9281201983759597,0.18,-0.18233561623764616
1777019674.7124877,tb3,0.3622870862327113,0.8137143314280116,0.023564054304779036,-0.1335807760688523
1777019674.741798,tb2,0.7787335014157494,0.35421067038742243,0.18,0.09080596770984763
1777019674.751671,tb1,-0.12388259014778213,0.9229784624116099,0.18,-0.21219866310572386
1777019674.7623677,tb3,0.36236550336706597,0.8123799423478063,0.018883752141207258,-0.10613316619477026
1777019674.7918417,tb2,0.7714430270105204,0.3594451747429149,0.18,0.09651100501083043
1777019674.801742,tb1,-0.12388259014778213,0.9229784624116099,0.18,-0.21219866310572386
1777019674.8124359,tb3,0.3624213474813734,0.8113148858855979,0.01427127444166075,-0.07860384896379399
1777019674.8419259,tb2,0.7641366221161543,0.36464207572501073,0.18,0.1036001340970463
1777019674.851751,tb1,-0.11641995458836156,0.9177600917051387,0.18,-0.24875514096574455
1777019674.8624325,tb3,0.36245935793570233,0.8105143151384829,0.009653070265488584,-0.05084494406866856
1777019674.8918965,tb2,0.7568135319639014,0.3697988622954996,0.18,0.11234735342925974
1777019674.9017525,tb1,-0.10901702114786055,0.9124659243694453,0.18,-0.29747346997740437
1777019674.912446,tb3,0.36248292477326877,0.8099777950401105,0.004978990527689244,-0.02216645231523723
1777019674.9418848,tb2,0.7494726535389538,0.3749124609824824,0.18,0.12313305929954699
1777019674.9517355,tb1,-0.10166735536800096,0.907079902824791,0.18,-0.35784779314785026
1777019674.962395,tb3,0.3624943979380325,0.8097034746461655,0.0001805773799145699,0.007927737458008966
1777019674.9919336,tb2,0.7421126798480452,0.3799790558155902,0.18,0.13645852719003196
1777019675.0018191,tb1,-0.09438027894599112,0.9015826350974911,0.18,-0.43229022868302813
1777019675.012486,tb3,0.3624943979380325,0.8097034746461655,0.0001805773799145699,0.007927737458008966
1777019675.0418458,tb2,0.7347321473346607,0.38499368345827806,0.18,0.15290867022674473
1777019675.0517092,tb1,-0.08716866309494886,0.8959493868354046,0.18,-0.523392969631477
1777019675.0625756,tb3,0.3624946660266685,0.8096982130227892,-0.004816458235449645,0.03999962996678701
1777019675.0917418,tb2,0.7273289970280644,0.3899500763902448,0.18,0.17385369063385234
1777019675.1016188,tb1,-0.08004964468752758,0.8901476657068474,0.18,-0.6311827903630742
1777019675.1124127,tb3,0.36249297497846117,0.8097410100898667,-0.010132169188565222,0.07406572589776322
1777019675.1418421,tb2,0.7199259563332168,0.3948518209675897,0.18,0.2024813028321413
1777019675.1517112,tb1,-0.07305238183786841,0.884140982420402,0.18,-0.7527035120503756
1777019675.1626005,tb3,0.3625933994675924,0.8097314274650467,-0.016365914022187306,0.10239928583641573
1777019675.1918273,tb2,0.7125742212349413,0.39972337455527424,0.18,0.24275136186099883
1777019675.201722,tb1,-0.06626439987442595,0.8779777243993299,0.18,-0.8892228676574666
1777019675.2125468,tb3,0.362760832409754,0.8095805151560771,-0.023403197481490452,0.1265760178953786
1777019675.2418041,tb2,0.7052674985755844,0.4045661099754573,0.17999999999999997,0.297160035946647
1777019675.2517877,tb1,-0.05955776055449203,0.8718583687520264,0.18,-1.0593252526313812
1777019675.2626235,tb3,0.3629258065087548,0.8094818742405849,-0.030871334110885627,0.15275109160347353
1777019675.291767,tb2,0.697756803008163,0.40929249050723904,0.18,0.35267648915591915
1777019675.3016756,tb1,-0.05304651344937421,0.865842316319314,0.18,-1.2691829494641185
1777019675.3126218,tb3,0.36289126947561307,0.810611543448376,-0.03829003468861732,0.19621212301951504
1777019675.3417206,tb2,0.6901587140175649,0.4138708358438276,0.18,0.4219827405360936
1777019675.3516994,tb1,-0.0463446714590119,0.8584480055020898,0.17726273463374143,-1.5
1777019675.3624284,tb3,0.36279157232301024,0.812336761219659,-0.04580274227861148,0.268341971114119
1777019675.3917055,tb2,0.6825091190384748,0.41828786776056087,0.18,0.508348860763542
1777019675.4016926,tb1,-0.04012350733649093,0.8511098520717246,0.15334617840660297,-1.5
1777019675.4124258,tb3,0.3626460979808882,0.8144854575028619,-0.05458599327073448,0.3417698208356005
1777019675.4418569,tb2,0.6748018049392291,0.4225094006080007,0.18,0.6075045422883812
1777019675.4517393,tb1,-0.034923204473338874,0.8445469132228267,0.1410432414766159,-1.5
1777019675.4626262,tb3,0.362433938034897,0.8171000242148282,-0.06525242219914165,0.40073069876797407
1777019675.491705,tb2,0.6670287146169417,0.42649418555388957,0.18,0.7076031564044193
1777019675.5016503,tb1,-0.030003307598498175,0.8378541532502131,0.13505950694532828,-1.5
1777019675.5124798,tb3,0.3621237917228072,0.8202521675072001,-0.07683186157199075,0.47306770606397924
1777019675.541881,tb2,0.6670287146169417,0.42649418555388957,0.18,0.7205237217226285
1777019675.5516639,tb1,-0.025659899200167497,0.83126067020893,0.15689584531738618,-1.5
1777019675.5626018,tb3,0.36167863426021035,0.82399717465045,-0.0893060231459884,0.5558945348870867
1777019675.5918558,tb2,0.6591780683493672,0.43020047840464803,0.16611440397864635,0.7719798936385864
1777019675.6017206,tb1,-0.02175664945937015,0.8242041791501776,0.18,-1.3891369039231511
1777019675.6123881,tb3,0.36104726841251816,0.8284066910007932,-0.10235200572202088,0.660082243881345
1777019675.6418421,tb2,0.6512402473213834,0.43360694273612393,0.14789316883077905,0.7910605187117601
1777019675.6517098,tb1,-0.017891934454911333,0.815834524832997,0.18,-1.0963196381135967
1777019675.662427,tb3,0.36016480616366564,0.8335288640833217,-0.11381758185261008,0.8102634813722215
1777019675.6918573,tb2,0.643915153702115,0.4364302773834104,0.1344343814674131,0.7889272246418145
1777019675.701847,tb1,-0.017891934454911333,0.815834524832997,0.18,-1.0963196381135967
1777019675.7125163,tb3,0.3589692711406909,0.8392860893112047,-0.12312486504375621,0.9872694023759176
1777019675.741863,tb2,0.6373753530534036,0.43865864759312717,0.12609037037922535,0.7562650963090609
1777019675.7516658,tb1,-0.014463852065259943,0.8069813435579435,0.18,-0.870783032002388
1777019675.7623465,tb3,0.3573854135546615,0.8455737793325411,-0.1301186827379239,1.1777391148926732
1777019675.7921693,tb2,0.6313389570422534,0.44045588031301336,0.1211046063253879,0.6958798462026466
1777019675.8021824,tb1,-0.011539783139907542,0.797980926493309,0.18,-0.6407512169328331
1777019675.812567,tb3,0.3557059105120134,0.8519921318992251,-0.13542532498794568,1.3665805557898127
1777019675.841922,tb2,0.6254542885912234,0.4421379939299297,0.11647827535497564,0.6261477934794248
1777019675.8518543,tb1,-0.008721319896844295,0.7893729960129235,0.18,-0.4694239451425156
1777019675.8624318,tb3,0.3543236296222781,0.8582622464291327,-0.13492394803354998,1.5
1777019675.8918126,tb2,0.6196552323477905,0.4437995862228945,0.11118911029984697,0.5566647935400443
1777019675.901754,tb1,-0.005888549630857397,0.7809326985763677,0.18,-0.2951688876917355
1777019675.912581,tb3,0.35288851306759417,0.8646609515437903,-0.11229764411190192,1.5
1777019675.941902,tb2,0.6142842992593277,0.4449806568918278,0.10685374219951765,0.4692472734293791
1777019675.9518297,tb1,-0.003369490934381269,0.771754000693652,0.18,-0.09541271154471705
1777019675.962477,tb3,0.35288851306759417,0.8646609515437903,-0.12093173432249864,1.5
1777019675.9918258,tb2,0.6092565086678585,0.44567587721447705,0.10532697602218825,0.35193756483733546
1777019676.0016801,tb1,-0.002302291669416733,0.7637407347400859,0.18,0.12029186890248925
1777019676.0123765,tb3,0.3503776475610278,0.8705661218279552,-0.10721631105436201,1.5
1777019676.0417757,tb2,0.6039814814416982,0.44620455773614615,0.1025815181213191,0.22904626253296317
1777019676.0517335,tb1,-0.0014819587249625906,0.755291758597007,0.18,0.33533608279504684
1777019676.0624926,tb3,0.34689268133916146,0.8764360760904718,-0.09264765364955835,1.5
1777019676.0918207,tb2,0.5991855323517159,0.4465156310064391,0.09782786078844029,0.13911865504268264
1777019676.101745,tb1,-0.000974655692333767,0.7461531699934609,0.18,0.5773899163207461
1777019676.1125872,tb3,0.3436710899345027,0.8811962225733683,-0.08161762319077111,1.5
1777019676.141816,tb2,0.5942536044790816,0.44674275018997767,0.08960249740826952,0.1266122418864315
1777019676.1516647,tb1,-0.0008426313329495847,0.7379603888013061,0.1686932357925492,0.776724668190309
1777019676.1625433,tb3,0.340461952125602,0.885385847892455,-0.07193004187019403,1.5
1777019676.1918418,tb2,0.589642881703183,0.4469206976651408,0.0800272883231997,0.13548071229844832
1777019676.2017257,tb1,-0.0010606247637950596,0.7279536373824933,0.15148664864067274,0.9627415419545827
1777019676.212596,tb3,0.3372638220146747,0.88906772808194,-0.06419163261081588,1.5000000000000002
1777019676.24183,tb2,0.5854926948749241,0.4470538925570473,0.07289687389668333,0.13299194056494504
1777019676.2516782,tb1,-0.0014187493710556677,0.7213159838030355,0.13860855418427215,1.0747355285387252
1777019676.2625628,tb3,0.3343792399158362,0.8920038855879969,-0.05592211255733372,1.5
1777019676.2917762,tb2,0.5817904162431038,0.44714747253797815,0.06628314862791,0.1284939907666887
1777019676.3017874,tb1,-0.0017073264930972322,0.7151037230369149,0.13974298747831695,0.9046358691847609
1777019676.3125963,tb3,0.3315183815630775,0.8945676209082084,-0.04614369290214447,1.5
1777019676.3418334,tb2,0.5784394394087102,0.4472096151055954,0.05908052582945033,0.1328464133514749
1777019676.3517435,tb1,-0.0016805994176715266,0.708627552037387,0.1412291995657367,0.6953430277516172
1777019676.3625693,tb3,0.32881671615123287,0.896653687003127,-0.03611530557432411,1.5
1777019676.3917933,tb2,0.5753342880870033,0.4474964389344851,0.050026318800701616,0.15724192557348834
1777019676.4016993,tb1,-0.0007400350634683751,0.7020310141930491,0.14084848376874207,0.4861618766178239
1777019676.4123805,tb3,0.32640666927146955,0.8982501825890874,-0.025808678744914645,1.5
1777019676.4417574,tb2,0.5722677333597592,0.4479910245207408,0.04029247794664239,0.18148860437997621
1777019676.4517617,tb1,0.0006356360077422225,0.6954892981983338,0.1385589632198158,0.27647801470419087
1777019676.4625645,tb3,0.32414388654436593,0.9002919445590495,-0.014905454155146571,1.5
1777019676.4917738,tb2,0.5693731432187616,0.44843541826825367,0.03116568713335181,0.19458009892424857
1777019676.501778,tb1,0.0019109085292908833,0.6890248408305699,0.13436156713081412,0.09762985698024036
1777019676.5126405,tb3,0.3216966572515119,0.902628171395486,-0.0031819298256048657,1.5
1777019676.5418088,tb2,0.5677842922518606,0.4484222273212526,0.024500119621541458,0.18818926857233936
1777019676.5517128,tb1,0.003008320605795614,0.6823632648080953,0.12739178029624032,0.08637599142522173
1777019676.5626094,tb3,0.3195285136468796,0.9045204405630143,0.008811704613983791,1.461264433976778
1777019676.591748,tb2,0.5665866600736232,0.4484015532486298,0.017801194359326044,0.21162608476578543
1777019676.6017573,tb1,0.004090335081426995,0.67600465044453,0.12006764610169944,0.08909388742577348
1777019676.6125786,tb3,0.31905961234927055,0.9046818187236978,0.01550411838944913,1.2748482667566896
1777019676.6417854,tb2,0.5665866600736232,0.4484015532486298,0.017801194359326044,0.21162608476578543
1777019676.651739,tb1,0.005133223749371636,0.6700337847370202,0.11317612128104289,0.0958125458612247
1777019676.662463,tb3,0.318802967808979,0.9047506181900475,0.020131941802408994,1.0768136809330358
1777019676.6919231,tb2,0.5657587011994387,0.44837861049560174,0.012153626559550065,0.2281237289304512
1777019676.7017136,tb1,0.006137522315849609,0.6644346304096015,0.10622341566706318,0.1031101280681464
1777019676.7124643,tb3,0.3190719767098344,0.9047282962227458,0.021936399118582445,0.873439049101783
1777019676.741931,tb2,0.56497000973861,0.4483484902108587,0.00682481858246811,0.24691099314807186
1777019676.7516487,tb1,0.007100921045118733,0.6592120260438539,0.09937246355417688,0.11604058746769709
1777019676.7625468,tb3,0.31985933701139757,0.9046985301334695,0.02092359574461806,0.6681370092323504
1777019676.7918403,tb2,0.5644880656431625,0.44832420089908437,0.00243486493511999,0.26087172321133467
1777019676.8016992,tb1,0.007100921045118733,0.6592120260438539,0.09937246355417688,0.11604058746769709
1777019676.8124032,tb3,0.32014100276566765,0.9047118914421913,0.01875661408516749,0.47503685919812433
1777019676.8418484,tb2,0.5643059832925376,0.44831178158054197,-0.0009024179529219512,0.2626819039407736
1777019676.8517878,tb1,0.008023864454428134,0.6543574002090706,0.09366217559476994,0.12401009886725746
1777019676.8623936,tb3,0.32076630356873165,0.9047589246088075,0.014528143259815565,0.3885607894853877
1777019676.8918178,tb2,0.5643555470647225,0.44831335190008437,-0.0037688826922562127,0.2614499266042887
1777019676.9017713,tb1,0.00896385655654647,0.6495660141907914,0.08778872528978357,0.13849530599692284
1777019676.912607,tb3,0.32132030103185233,0.9048119119250706,0.01039568211069576,0.3206847307000258
1777019676.9417443,tb2,0.564586954689013,0.44833057906849355,-0.006043463743370853,0.25562847105150655
1777019676.9516675,tb1,0.009868349417743805,0.6451002680261534,0.08251514347060113,0.15114386699256432
1777019676.9625404,tb3,0.32132030103185233,0.9048119119250706,0.01039568211069576,0.3206847307000258
1777019676.9918418,tb2,0.5649089409015517,0.44836361284529325,-0.007784530378617575,0.24602276455205835
1777019677.0017507,tb1,0.01052378607672548,0.6406876664476896,0.07779996038857774,0.16429583617050422
1777019677.0124958,tb3,0.321474471263508,0.9047746011501121,0.0064710913114941,0.2633861062305123
1777019677.0418327,tb2,0.5650169161252963,0.4484055093906307,-0.009824242800536257,0.2399457150115941
1777019677.0517251,tb1,0.011093699259261331,0.6362496500504169,0.0734516354274554,0.17044951919718626
1777019677.0624108,tb3,0.3211862830586258,0.9045797204798162,0.0030044118631546305,0.2117524650010613
1777019677.0917745,tb2,0.5651808399773603,0.4484539766810685,-0.01166002571961432,0.23236186934890551
1777019677.1017368,tb1,0.01176243816718113,0.6321802776669867,0.0694892483488186,0.17255104193442566
1777019677.112468,tb3,0.3209859830383992,0.9044260035196007,-0.0002585133776293923,0.16147485082100338
1777019677.14182,tb2,0.5656805269142043,0.4485301571083965,-0.01276968575748698,0.2180334011479697
1777019677.1517224,tb1,0.012563745583821166,0.6287275978531863,0.0662965893950618,0.1699816146514021
1777019677.1626246,tb3,0.3209569121257655,0.9044258041645904,-0.0031796135141909767,0.11152394414414799
1777019677.191861,tb2,0.5663686055221043,0.44863058871776484,-0.013609203476065392,0.20301585889180976
1777019677.2017782,tb1,0.013347749200049296,0.6254753051649695,0.06355710032806522,0.1670955944124877
1777019677.2125657,tb3,0.32085930389815326,0.9044110911109269,-0.005581149115153703,0.08077675974193388
1777019677.2418344,tb2,0.5671043999843144,0.448746868208534,-0.014363904435243269,0.18826209355581547
1777019677.2517438,tb1,0.014118863471219607,0.6223911617897925,0.061165699680180215,0.1629524554734953
1777019677.2625768,tb3,0.3206308890093555,0.9043724693156838,-0.007553481875995772,0.056875336708564
1777019677.291762,tb2,0.5678806480525359,0.44887801446983405,-0.015065501841773082,0.1741039401564543
1777019677.3017306,tb1,0.01487984932498519,0.6194517287625038,0.059065757199050134,0.15795946490124646
1777019677.3123856,tb3,0.32028966206953213,0.9043124604807447,-0.009165911981958092,0.037626734394354884
1777019677.341766,tb2,0.5686933022341264,0.44902328547903053,-0.015725362265891378,0.16061229877645297
1777019677.3517501,tb1,0.015632697099703195,0.616638270014794,0.057206411000529644,0.15261874127659145
1777019677.3624876,tb3,0.31985557862183517,0.9042344162147631,-0.01047446558743509,0.022020655764539432
1777019677.3918903,tb2,0.5695390727614954,0.44918198293314376,-0.016352047504218183,0.1477917497016195
1777019677.4017656,tb1,0.016379830885694783,0.6139320539880705,0.05554261449792533,0.14728063002166364
1777019677.41249,tb3,0.3193467216586589,0.9041416972328785,-0.011531843625921297,0.009276983281147594
1777019677.4419172,tb2,0.5695390727614954,0.44918198293314376,-0.016352047504218183,0.1477917497016195
1777019677.4517312,tb1,0.017122087789045906,0.6113216947503949,0.05404345561444568,0.142205312199877
1777019677.4624565,tb3,0.3187785770218546,0.9040373639677766,-0.012381091767527512,-0.0012206570615961405
1777019677.4919105,tb2,0.5704164239060755,0.449353664837096,-0.016948493715328874,0.13563904600884633
1777019677.501766,tb1,0.017858306472819125,0.6087871370366805,0.05273194705648901,0.1362827099156764
1777019677.5125973,tb3,0.31820016473942175,0.9038219954260449,-0.01305689087433656,-0.008083458290269342
1777019677.5419583,tb2,0.5713020634713044,0.44953353388628714,-0.017503807858690126,0.12524059526238623
1777019677.5516386,tb1,0.018569123462675474,0.6061088337159752,0.051335285471508535,0.1327919885627032
1777019677.5624328,tb3,0.31758621716796276,0.903548826885394,-0.01384238606516218,-0.014760293625558835
1777019677.5919523,tb2,0.5722181471754257,0.4497261857933116,-0.01815275515297922,0.11710184657053382
1777019677.6023152,tb1,0.019264445295205716,0.603481689662122,0.04856567860394027,0.12310545873652616
1777019677.6124487,tb3,0.31693516175800807,0.9033642764421594,-0.014606964838664117,-0.02083315152973788
1777019677.641888,tb2,0.5731036326091196,0.4499734960154292,-0.018864625834057857,0.10935029848788343
1777019677.651746,tb1,0.019264445295205716,0.603481689662122,0.04989263486537135,0.12986061456682954
1777019677.662439,tb3,0.3162521943234765,0.9032379580092983,-0.015045781764519806,-0.025330613579059184
1777019677.6919146,tb2,0.5740361239479259,0.4502349118510444,-0.019346864121078656,0.09885492549797079
1777019677.7016587,tb1,0.019978128253507164,0.6011142920615574,0.04871808044570536,0.12709105780144325
1777019677.7123685,tb3,0.31553774749446617,0.9031066392532673,-0.015341139222671506,-0.029358609433290044
1777019677.7418232,tb2,0.5749906985548248,0.4504782870149349,-0.019807191060615112,0.08761962830609848
1777019677.7520459,tb1,0.020730499130224064,0.5987807644899821,0.047621139712345315,0.12346613292803947
1777019677.7623577,tb3,0.31480190586032814,0.9029723999252371,-0.015536888123241215,-0.03305285095578938
1777019677.792252,tb2,0.5759626079857026,0.45070849811637403,-0.02032423594405983,0.07826185093293664
1777019677.8020554,tb1,0.021477054906935432,0.5965144497904102,0.04661899420900073,0.12016641818631192
1777019677.8124273,tb3,0.31480190586032814,0.9029723999252371,-0.015536888123241215,-0.03305285095578938
1777019677.8418622,tb2,0.5769564928687558,0.4509491626135682,-0.02084104946249748,0.06994691072828418
1777019677.8517532,tb1,0.022217748004405687,0.5943119008939057,0.04570037443215223,0.11746137434648446
1777019677.8626041,tb3,0.31405002669256077,0.9028364067241705,-0.015651716416121408,-0.03607476001771707
1777019677.8917565,tb2,0.5779779052467885,0.45120101518972267,-0.021317232504003338,0.061965429010325715
1777019677.901733,tb1,0.022953137704248897,0.5921681306536051,0.04485744009434121,0.11549767989271091
1777019677.9125004,tb3,0.3132904386088459,0.9027002931127087,-0.01571208367712326,-0.03891918979690512
1777019677.94182,tb2,0.5790271726185228,0.45146379629143096,-0.02175107470568853,0.05424296013827978
1777019677.9518042,tb1,0.023683711597038044,0.5900789017303564,0.04409138495160021,0.11415034723380124
1777019677.9623992,tb3,0.31251965719887564,0.9025634696606695,-0.01570805936539722,-0.04127178654520284
1777019677.9918127,tb2,0.5801018297994008,0.45173654266519275,-0.022146177491611158,0.04694277766692888
1777019678.001781,tb1,0.024409760201975925,0.588041062198329,0.0434052960191588,0.11318232690095949
1777019678.0125391,tb3,0.31174250748456445,0.9024169703564259,-0.01564361454564911,-0.04298807020126234
1777019678.0418277,tb2,0.5811996083625327,0.45201833029907007,-0.022510167118808332,0.0403846809785326
1777019678.0517266,tb1,0.025132783231537344,0.5860485582148909,0.04283642429857245,0.11192377506239048
1777019678.0625043,tb3,0.3109372382672028,0.9022346432013297,-0.015480209031289993,-0.04372138930644828
1777019678.0917811,tb2,0.5823193690778317,0.4523085232483027,-0.022847274922255287,0.03385089927040897
1777019678.1017911,tb1,0.025845225185384887,0.5840579880218278,0.04228783630808606,0.11160708847498604
1777019678.1124978,tb3,0.3101087497087659,0.9020563422040658,-0.015308822874721748,-0.044734917466736114
1777019678.1417735,tb2,0.5834583432064021,0.45260787318678997,-0.023133397437051166,0.02707801663320825
1777019678.151762,tb1,0.026532788760820585,0.5820762970483268,0.04162006206673922,0.11412623985150261
1777019678.1627996,tb3,0.30938693481453805,0.9019338956167665,-0.015349353691327674,-0.04706922343782456
1777019678.1917326,tb2,0.5846094146589219,0.45295437183614456,-0.02339067087902482,0.020852934734875945
1777019678.2017345,tb1,0.027215435881883722,0.580142870889435,0.04100616000792797,0.11664439352615853
1777019678.2124507,tb3,0.30866427515409006,0.9018130350907564,-0.015364244280635595,-0.04841370726171834
1777019678.2417061,tb2,0.5858110891750675,0.4533142411654253,-0.023614253440333747,0.014153126871139848
1777019678.251838,tb1,0.027951912240764366,0.5782490144556238,0.04047692627785399,0.11803779480217633
1777019678.262471,tb3,0.3079340334507569,0.9016926954295823,-0.015260720202453941,-0.04917882552974204
1777019678.2917511,tb2,0.5869694408717283,0.4536359634981823,-0.023971637708473915,0.011464247616191931
1777019678.3017926,tb1,0.028685795468227363,0.5763934229990857,0.039962582696426704,0.11826949924421476
1777019678.3123798,tb3,0.30719930486611186,0.9015734441218594,-0.015110960357222487,-0.050199757325685795
1777019678.3417208,tb2,0.5869694408717283,0.4536359634981823,-0.02391718085862824,0.008488575560762412
1777019678.351616,tb1,0.029417431815899304,0.5745746000904932,0.03947295682196205,0.11804960213728974
1777019678.3623545,tb3,0.3064649988662312,0.9014560835349543,-0.014927802367284127,-0.051297035821664366
1777019678.3919196,tb2,0.5881120720279459,0.453941683629072,-0.024243456649127394,0.003345740310438019
1777019678.4017067,tb1,0.030147481756306244,0.572790093757407,0.039015484157854656,0.11785056102976402
1777019678.4124136,tb3,0.30573295226371094,0.9013408959560416,-0.014719115391152861,-0.052283573553432314
1777019678.4417741,tb2,0.5892586087160495,0.4542491062960013,-0.024542209012926055,-0.0018520246966979674
1777019678.4516995,tb1,0.030876103271209095,0.5710387101851576,0.038600514121298904,0.11799269674503612
1777019678.462459,tb3,0.30500490055047846,0.9012281344899041,-0.014487164269393057,-0.053214393295792306
1777019678.4918358,tb2,0.5904257178627322,0.4545624532791116,-0.024800467827372715,-0.007062753757683159
1777019678.5015945,tb1,0.03160400165619895,0.569318055381774,0.03668095219863583,0.10499801109273586
1777019678.5123796,tb3,0.30423677225755014,0.9010982927920221,-0.014161748928377167,-0.053664078596825135
1777019678.5419,tb2,0.5916116693606893,0.4548809154824864,-0.025020904728993546,-0.012233861609855547
1777019678.55176,tb1,0.03160400165619895,0.569318055381774,0.03827547915112383,0.11778852230335593
1777019678.5623965,tb3,0.3034153600480171,0.9009594142301119,-0.013696429231712885,-0.053604827115487926
1777019678.5917947,tb2,0.5928146281752539,0.45520365536854357,-0.02512428803622883,-0.018034672880673952
1777019678.6018357,tb1,0.03230402470507687,0.5676890943951453,0.0380889009166618,0.11904660791556108
1777019678.6124191,tb3,0.3027580077564985,0.9008610545963484,-0.013503361754068527,-0.05495588863856539
1777019678.6418805,tb2,0.5940315382025995,0.4555295032249285,-0.025314398687402637,-0.022703625008031025
1777019678.6520562,tb1,0.03303805760446306,0.566005292932721,0.03771046047088268,0.1205972170974163
1777019678.6623943,tb3,0.3021266259339678,0.9007700447878472,-0.013357109704986082,-0.05663692932432857
1777019678.6918864,tb2,0.5952590625000942,0.45585720215022035,-0.02546499888004151,-0.02730471849003914
1777019678.7017562,tb1,0.03375517059606103,0.5643339855645204,0.03732878263308937,0.12314212187383206
1777019678.7128026,tb3,0.3014969924208182,0.9006811230696706,-0.012310021824230601,-0.047102671658926384
1777019678.7419262,tb2,0.5965004974301569,0.4561986706246657,-0.02553534424349737,-0.032128248638791435
1777019678.7517602,tb1,0.03445066242522061,0.5627111680018595,0.0370119849056901,0.1260724364805458
1777019678.7625277,tb3,0.3014969924208182,0.9006811230696706,-0.01319061442363066,-0.05801264961279171
1777019678.7918708,tb2,0.5977820048768361,0.45657055088886567,-0.025636474673143082,-0.036552856182479825
1777019678.8017805,tb1,0.03519740820313312,0.5610616721404684,0.03665705053469821,0.1287437428121027
1777019678.8124676,tb3,0.3009062998441484,0.9005993525139685,-0.01308188624559878,-0.06043005410417086
1777019678.841801,tb2,0.5991077451462552,0.45695270025542656,-0.02565772626427217,-0.04186855361655775
1777019678.8518,tb1,0.035959658797223217,0.5594237334833573,0.03638577709294599,0.13083402062287083
1777019678.8623986,tb3,0.30027324458816307,0.900513331644504,-0.012857482369995229,-0.06158200774430397
1777019678.8917775,tb2,0.6003082703866361,0.4572672316795188,-0.025917818832374154,-0.04494638993074756
1777019678.9017258,tb1,0.03672131402187018,0.557813749747219,0.036045096794240915,0.13026211662276865
1777019678.9124906,tb3,0.29964110073353406,0.9004292543942697,-0.01259656174841546,-0.06268467996439439
1777019678.9418128,tb2,0.60152211810714,0.45758248326447576,-0.02614433139122625,-0.048114985973511555
1777019678.951776,tb1,0.03748338205846094,0.556229475500369,0.0357364198035777,0.12970224488020485
1777019678.9625294,tb3,0.29901451649112093,0.9003477324192585,-0.01231445353985284,-0.06376314530642846
1777019678.9917965,tb2,0.6027540131329919,0.4578993932887373,-0.02631780376423975,-0.05164229701711411
1777019679.0017624,tb1,0.0382453322724352,0.5546715030010759,0.03550290457448188,0.1289905990721861
1777019679.0124831,tb3,0.29834957518352284,0.9002549651953615,-0.011943554576494606,-0.064487650453417
1777019679.0418744,tb2,0.6040012489311728,0.458216995379629,-0.026442202705073744,-0.05565541164124311
1777019679.05171,tb1,0.03900832785754698,0.5531369033159772,0.03534490863604344,0.1280271976378229
1777019679.0625196,tb3,0.29762879549724625,0.9001540414262691,-0.011465703821302384,-0.06504289491202965
1777019679.0918267,tb2,0.6052611291585737,0.45853432053663856,-0.026556619929029978,-0.05903173650642458
1777019679.1016867,tb1,0.03977393356462398,0.5516220532129812,0.035080873472124185,0.1289307568083248
1777019679.112415,tb3,0.2970726145181091,0.9000855194236076,-0.01119869103512578,-0.066387296952774
1777019679.1417305,tb2,0.6065326857387268,0.4588508353749253,-0.026642001983497546,-0.06237914343318516
1777019679.15178,tb1,0.04054114641104085,0.5501285337138442,0.034820134868878326,0.13023493386167828
1777019679.162457,tb3,0.2965515701949887,0.9000243468324817,-0.010953460346969767,-0.06788069180474539
1777019679.1916966,tb2,0.6078148002820004,0.45916601147928926,-0.02666598753105598,-0.0659828258294288
1777019679.2017722,tb1,0.041294600326545444,0.5486604011542237,0.034594006775511874,0.13191910394594022
1777019679.2125704,tb3,0.29603759721641165,0.8999657805879665,-0.010700385812850485,-0.06942875972996657
1777019679.241936,tb2,0.609104402386948,0.4594788638007325,-0.024649586124987948,-0.0788712026015444
1777019679.2519653,tb1,0.042022389834453916,0.5472384009980542,0.03442847259760648,0.13393204037071352
1777019679.262478,tb3,0.2955303270682003,0.8999097210491516,-0.01042848044690735,-0.07091351275621333
1777019679.2918298,tb2,0.609104402386948,0.4594788638007325,-0.026603043228971238,-0.0699251862664316
1777019679.3017306,tb1,0.042788780271890335,0.5457911029529766,0.03416227653978415,0.13433943920796187
1777019679.312525,tb3,0.2950307692164814,0.8998562155629097,-0.010175799516727532,-0.07161282825501951
1777019679.3419123,tb2,0.6103357963506896,0.459805806162557,-0.0267983540489194,-0.07117804098803565
1777019679.3517184,tb1,0.04358970148360093,0.5443269486849692,0.03390233896854507,0.13488535214640324
1777019679.3624313,tb3,0.29453832238723354,0.899805133653157,-0.009909063811358835,-0.07240170696544503
1777019679.391851,tb2,0.6116147503104276,0.46014736925933436,-0.026958541430964607,-0.07284103876508538
1777019679.4017558,tb1,0.04439004886316314,0.5428865135480061,0.03218082933624865,0.11741054358734068
1777019679.412441,tb3,0.29405275317703766,0.8997562059414187,-0.009608151063723718,-0.07358413011183856
1777019679.4418304,tb2,0.6128890760903765,0.46045748695870203,-0.027040858466091933,-0.0757140185294864
1777019679.4518132,tb1,0.04439004886316314,0.5428865135480061,0.03365970613952005,0.1351990175840405
1777019679.4624007,tb3,0.2935077219242509,0.8996944176923406,-0.00915991733269648,-0.07438023864789
1777019679.4917555,tb2,0.6141539065170581,0.4607442707374193,-0.0269943679675555,-0.07981577612319302
1777019679.5016866,tb1,0.045159725080091986,0.5415213794124385,0.033522464725999984,0.137026581975361
1777019679.5123243,tb3,0.2929323193525106,0.8996309557172267,-0.008671914055876492,-0.0754393293141118
1777019679.541837,tb2,0.6154276038046691,0.46102795222021137,-0.026994982959298423,-0.08390779208941061
1777019679.5517612,tb1,0.045964607485866234,0.5401148570119976,0.03337620389647802,0.13623927708173106
1777019679.5623586,tb3,0.2925486097884526,0.8995964391674233,-0.008422055648871872,-0.07708225658555659
1777019679.5918303,tb2,0.6167054215336805,0.46130723219261194,-0.02701258666641405,-0.08690322663831931
1777019679.6016948,tb1,0.04677177838821842,0.5387265503800762,0.03312124148627667,0.13679408278520688
1777019679.612363,tb3,0.29217363362137017,0.899564233392772,-0.00815354149932078,-0.07864850189126579
1777019679.6418984,tb2,0.6179895002981521,0.46158232078127265,-0.027008179768991697,-0.08989874919540089
1777019679.6518383,tb1,0.047581243466939246,0.5373562876361447,0.0328822782539315,0.13750609169959807
1777019679.6626687,tb3,0.2918060921128834,0.8995341414072353,-0.0075113711696296595,-0.06762448047143639
1777019679.69188,tb2,0.6192804666053354,0.4618531353832419,-0.026966903206364072,-0.0930156034838585
1777019679.7018228,tb1,0.04838983703389408,0.5360092056216168,0.03267039802583431,0.13815641091750705
1777019679.7125032,tb3,0.2918060921128834,0.8995341414072353,-0.007861711344160418,-0.08011011255262442
1777019679.7418017,tb2,0.6205768746266188,0.46211919344720787,-0.026853971303645804,-0.09629805663178478
1777019679.7517998,tb1,0.049178315834884835,0.5346958740634535,0.03249800306817696,0.13907276978894254
1777019679.7623932,tb3,0.2914585970550884,0.8995070543781384,-0.007591632237639988,-0.08306218056001169
1777019679.7922761,tb2,0.6218760067694743,0.46237977875877495,-0.026644033619891188,-0.10001864200509462
1777019679.8021567,tb1,0.04993737898537987,0.5334280226576016,0.03240145568772544,0.14003354545337393
1777019679.812563,tb3,0.29109460251195307,0.8994798975936716,-0.007252029695937174,-0.0845609117116085
1777019679.8418224,tb2,0.6231945387115362,0.4626529150761841,-0.02649433588221817,-0.10339702744990589
1777019679.8518174,tb1,0.05074625563986212,0.5321232448705532,0.032253459867153,0.1408682746797351
1777019679.8625288,tb3,0.2907391255638404,0.8994546652325387,-0.00690723931389257,-0.08570326464107439
1777019679.8918319,tb2,0.6245649067194151,0.4629410291741981,-0.026290982121012278,-0.10726107611767495
1777019679.9017718,tb1,0.05159224354367266,0.5307979739568399,0.03212367532839788,0.1419082401202181
1777019679.912475,tb3,0.2903758969009517,0.8994266271375733,-0.006521822987619662,-0.08677841616246179
1777019679.9418306,tb2,0.6258757036305278,0.46320011499646885,-0.026153892838920563,-0.1111217419660378
1777019679.9518306,tb1,0.05243941074630393,0.5294908638478252,0.03199639965309292,0.14111308355115143
1777019679.9624884,tb3,0.2899475066984282,0.8993894381928105,-0.00602440011538011,-0.08744816331440004
1777019679.9917943,tb2,0.6270981648731772,0.46342067783331703,-0.02623060974653421,-0.11301929571863739
1777019680.001744,tb1,0.053288217594916726,0.5282011410929286,0.03175078576647923,0.13926990664076186
1777019680.0125754,tb3,0.2895942482275214,0.8993631388534373,-0.005613818128626897,-0.0880552174730537
1777019680.041828,tb2,0.628327261153967,0.463635199769163,-0.026298493066699284,-0.11437134865170531
1777019680.0517886,tb1,0.05413731010220966,0.5269305593551108,0.03146242812191105,0.13847509511607323
1777019680.0624616,tb3,0.28935364214227105,0.8993497821174761,-0.0053260519967120515,-0.08890982331370667
1777019680.0917678,tb2,0.6295671601608896,0.46384426663396056,-0.026309265300406948,-0.11600168197855497
1777019680.1017268,tb1,0.05498376329186335,0.5256830146974215,0.031200861588374866,0.13801543652382162
1777019680.112362,tb3,0.2891261170529084,0.8993382011623383,-0.005022151251269865,-0.08978116004534513
1777019680.1417317,tb2,0.630815422237424,0.46404735948916553,-0.026265987048159224,-0.117887339558679
1777019680.1517696,tb1,0.05582718163172943,0.5244586443821199,0.03096745882843565,0.13770324436384587
1777019680.1626222,tb3,0.28890812551732803,0.8993280697295918,-0.004697410417470559,-0.09061456261112835
1777019680.191745,tb2,0.6320688731588868,0.464243875720435,-0.026174872646038422,-0.11996031735268237
1777019680.2017276,tb1,0.056666682578306427,0.5232562109550901,0.03075892662329474,0.13747508205112108
1777019680.2124617,tb3,0.28869973540036575,0.8993192483341725,-0.004354600535462457,-0.09141044176341491
1777019680.2424114,tb2,0.6333246806425387,0.46443330584953324,-0.024099435792431047,-0.1259226096146991
1777019680.2516606,tb1,0.057473335867674995,0.5220895617890295,0.030605003291972244,0.137636120647189
1777019680.2625418,tb3,0.2885023030798558,0.8993116344355611,-0.00400801587399466,-0.09226732105210483
1777019680.2917962,tb2,0.6333246806425387,0.46443330584953324,-0.025982415334935068,-0.1223194903725221
1777019680.3017821,tb1,0.05824894132639582,0.5209664089701264,0.030416279876177916,0.13645400157855916
1777019680.3124547,tb3,0.28831522751240446,0.8993047882004008,-0.003678804541971588,-0.09246355635629387
1777019680.3418338,tb2,0.6344897206706652,0.46460216717646957,-0.025914888411964494,-0.12350391225409256
1777019680.352317,tb1,0.0591233498569725,0.5197692841272916,0.030256408953095486,0.13635977364608332
1777019680.3624532,tb3,0.2880678687047358,0.8992903449200144,-0.003215686127303711,-0.09292581698671606
1777019680.3920166,tb2,0.6357847538750907,0.4648040854775426,-0.025724197925140083,-0.12627795267268827
1777019680.401729,tb1,0.0599967678174285,0.5185902234453109,0.03017516366889084,0.1370847409409639
1777019680.4125206,tb3,0.2878166176449837,0.8992776234380186,-0.0027081036421597827,-0.09360503596038203
1777019680.4418368,tb2,0.6371355687879335,0.46501717612249815,-0.025368842560593963,-0.12989554150533927
1777019680.4518373,tb1,0.0599967678174285,0.5185902234453109,0.03017516366889084,0.1370847409409639
1777019680.4624426,tb3,0.28773259828679104,0.8992751946716879,-0.0024181806829985586,-0.09427105958059742
1777019680.4917839,tb2,0.6383859267297814,0.46518691518546,-0.025255099291554995,-0.1313878996237069
1777019680.5019011,tb1,0.06087097575391628,0.5174265447781605,0.02992319210824104,0.13701706919985174
1777019680.512338,tb3,0.2876608715357942,0.8992734172563409,-0.002134538020328173,-0.09461944493597213
1777019680.5419,tb2,0.6395689289295983,0.46532828027539347,-0.025280684363720062,-0.1320898652989702
1777019680.5517547,tb1,0.06174835191847214,0.5162750610336176,0.02960338433594159,0.13577175408433179
1777019680.5625882,tb3,0.28759770797600354,0.8992720875899419,-0.0018320770357367663,-0.09492781531696416
1777019680.5918515,tb2,0.6407551369906893,0.4654619589488509,-0.025258601061208842,-0.13298709782778434
1777019680.601881,tb1,0.06262118023036412,0.515145759937057,0.02930852623982022,0.13450703432637806
1777019680.6126692,tb3,0.28759770797600354,0.8992720875899419,-0.0018320770357367663,-0.09492781531696416
1777019680.641806,tb2,0.6419489854115985,0.46558842504521275,-0.025175752080956112,-0.13414312557866417
1777019680.6518435,tb1,0.06348929088247217,0.5140384880727459,0.029042602409692524,0.13342810424880153
1777019680.6625597,tb3,0.28754386782987257,0.8992710564017967,-0.0015101230463534976,-0.09523387875871875
1777019680.6918068,tb2,0.6431474471212009,0.46570733711617995,-0.02502838213167554,-0.1356271918602384
1777019680.7019656,tb1,0.06435048366773617,0.5129555843673975,0.02881196578587257,0.1324581060271628
1777019680.7125955,tb3,0.2874845333836345,0.8992702292279552,-0.001149538273986419,-0.09552473172923327
1777019680.7418108,tb2,0.6443469807572644,0.46581835485504947,-0.024803777376453073,-0.1372767122980208
1777019680.7517729,tb1,0.0651903055004117,0.5118982433414,0.028619357059026303,0.1318050453836018
1777019680.762545,tb3,0.28743579660097474,0.8992694342078064,-0.0007836713174047378,-0.09586870445374782
1777019680.7918177,tb2,0.6455436316538395,0.4659211578379096,-0.02445745078340577,-0.13943120813530363
1777019680.8017356,tb1,0.06599293767296589,0.5108805066131815,0.02850781183153913,0.1310500023040637
1777019680.8125432,tb3,0.28735083431894465,0.8992660317708249,-0.00034996041485640283,-0.0960978474713649
1777019680.8418045,tb2,0.6467383233148751,0.46602013945271326,-0.024159789325166825,-0.14182046627919603
1777019680.8517861,tb1,0.06683767959029036,0.5098430645745043,0.028358517723373593,0.12971957442548082
1777019680.8624637,tb3,0.28722068068278533,0.8992629735761865,0.00016720186511179745,-0.09617166125738486
1777019680.8918157,tb2,0.6479874385638302,0.466137239838487,-0.023891869551355888,-0.1429616328873966
1777019680.9017353,tb1,0.06772512997305671,0.5087859882303594,0.02815228479564785,0.1301273716610162
1777019680.9125311,tb3,0.28726908078438124,0.8992605974897617,0.0004779785619782529,-0.09648121217215429
1777019680.9417753,tb2,0.6492642644853781,0.4662513136977135,-0.023518453661166536,-0.144425876854902
1777019680.9518034,tb1,0.06860909687427641,0.5077465571337353,0.027993913493202863,0.13099547953924595
1777019680.9624376,tb3,0.28733532486310787,0.8992576342124812,0.0008024120543799026,-0.09693135003182975
1777019680.9917521,tb2,0.6503579783672505,0.466315241810002,-0.02354126219051544,-0.14420837897238548
1777019681.0019524,tb1,0.06948888853582917,0.5067254654224501,0.027642050581417353,0.128767698768198
1777019681.012549,tb3,0.28741170259735355,0.899254086621138,0.001072719469834694,-0.09633240984374304
1777019681.0417929,tb2,0.6514552548475941,0.4663710469051421,-0.023513901588539762,-0.14412385128250058
1777019681.0517452,tb1,0.07036186093701405,0.5057255676619699,0.02731639556800894,0.12663456223029768
1777019681.0624495,tb3,0.2874974749652236,0.8992498167439921,0.001357666991476923,-0.09571110022631976
1777019681.0917578,tb2,0.6525587197637395,0.46641902384084094,-0.02341658993089604,-0.14429136847828036
1777019681.1017509,tb1,0.07122557568129312,0.5047491628394765,0.02702425458837215,0.12483824889582328
1777019681.1124609,tb3,0.28759115002834856,0.8992447316077362,0.0016605261975223122,-0.09516655512498934
1777019681.1422606,tb2,0.6536644833712705,0.466459046879515,-0.021279791684007385,-0.14723813801771113
1777019681.1517591,tb1,0.07208102246376674,0.5037946080217662,0.02675931750045745,0.12326772334230715
1777019681.1625547,tb3,0.287693074482835,0.8992386691402198,0.0019781401388485453,-0.09466136402554783
1777019681.191898,tb2,0.6536644833712705,0.466459046879515,-0.023263028361613355,-0.14462374292833255
1777019681.2017264,tb1,0.07291715565196452,0.502861972422909,0.026432074873404373,0.12038238948864971
1777019681.2124982,tb3,0.28774968640465526,0.8992336242636499,0.002318512668369372,-0.0934386688798213
1777019681.2418928,tb2,0.6546763602563602,0.46648850473086834,-0.02325899022375104,-0.1444519547209323
1777019681.2517338,tb1,0.07371235199092122,0.5019648706052332,0.0263016332997567,0.11918168996883792
1777019681.2624793,tb3,0.28777266882308056,0.8992302165596828,0.002776184652485204,-0.09313753359112537
1777019681.291971,tb2,0.6557877778817379,0.46651273787894515,-0.022842345758824975,-0.14606050050987673
1777019681.3016958,tb1,0.07371235199092122,0.5019648706052332,0.0263016332997567,0.11918168996883792
1777019681.312496,tb3,0.28796232862695736,0.8992173231173276,0.0030352690403631843,-0.09304860716689758
1777019681.341819,tb2,0.6569024905571436,0.4665292641078303,-0.022537967839117566,-0.14622585090363474
1777019681.3517897,tb1,0.07453414077191764,0.501061872545964,0.026101290114156246,0.1186636191558722
1777019681.3624084,tb3,0.2881616355094138,0.8992030379264646,0.0033128464671491036,-0.09295944592539199
1777019681.3918924,tb2,0.6580522040756968,0.4665550741335862,-0.022252412315408105,-0.14642606725224416
1777019681.4018393,tb1,0.07541009601902401,0.5001312608552666,0.02586953032368325,0.11851767726295669
1777019681.4124124,tb3,0.28836832974255483,0.8991873566316447,0.0036305775340766625,-0.09318227724808412
1777019681.4418156,tb2,0.6592590535979429,0.46658286982162134,-0.02177985343327593,-0.14713946949739642
1777019681.4518383,tb1,0.07627958026091725,0.49921822996139364,0.02573069618278457,0.11920613644043881
1777019681.4625385,tb3,0.288584759275069,0.8991699591069805,0.003367356745258632,-0.08063569701330196
1777019681.4917998,tb2,0.6603070086041365,0.46658030134981937,-0.021661352391300914,-0.1465997031944395
1777019681.5017765,tb1,0.07714160388043009,0.4983236199902542,0.025418656598608664,0.11738385771373055
1777019681.512462,tb3,0.288584759275069,0.8991699591069805,0.0038770028428905916,-0.0922798653156664
1777019681.5417466,tb2,0.6613129781706947,0.4665657806012443,-0.021590054478832228,-0.1460833477295609
1777019681.5516593,tb1,0.07799774119947564,0.49744565249338196,0.02508034506915522,0.11469284959503612
1777019681.562474,tb3,0.2887789785983248,0.8991534481793663,0.004147454718096299,-0.09261297866194768
1777019681.591777,tb2,0.6623205799357353,0.4665436539392388,-0.021467715316142954,-0.14560876551686672
1777019681.6016588,tb1,0.07884320849276719,0.49658891872291355,0.02476845297645871,0.11228469697609253
1777019681.612441,tb3,0.288990878520245,0.8991344892054328,0.0044197520184562815,-0.09141642239932807
1777019681.6417994,tb2,0.6633299504367995,0.4665140328319302,-0.021237334116755616,-0.14595103015207966
1777019681.6517045,tb1,0.07967792317838941,0.49575302519189807,0.024499007271640304,0.10998491285465564
1777019681.6624346,tb3,0.2891406513638562,0.899121383561866,0.004798829382585036,-0.09021849898382805
1777019681.6917734,tb2,0.6643367747542986,0.46647718978253994,-0.020968949961983854,-0.14597140706712905
1777019681.701758,tb1,0.08049246126644943,0.49493573471515734,0.024253367281091162,0.10812943462279842
1777019681.7124865,tb3,0.2893339130541304,0.8991029734876635,0.0051289554139580295,-0.08908062522883645
1777019681.7418256,tb2,0.6653366440220962,0.46643345778530826,-0.020677111933325245,-0.14501114815825566
1777019681.7516901,tb1,0.0812662426771783,0.49415076763450544,0.02404835659778621,0.10670765736842877
1777019681.7626407,tb3,0.2896287927671851,0.8990728635345142,0.005324987977255802,-0.08811195097238325
1777019681.7921362,tb2,0.6663282099997199,0.46638311290138634,-0.020448417984952946,-0.14403792566110538
1777019681.8021243,tb1,0.0820711670037149,0.4933575461070272,0.023794888622077535,0.10518692153495202
1777019681.8125684,tb3,0.2899320137807766,0.8990406759704345,0.0055266189490588554,-0.08708118316597972
1777019681.8418453,tb2,0.6673614342084524,0.4663336939826096,-0.020160726611254922,-0.14341463421673775
1777019681.851797,tb1,0.0829113616889431,0.49255258558727744,0.023551255701711914,0.10438392580558617
1777019681.8625667,tb3,0.2902383686578175,0.8990068365827237,0.005767751844619354,-0.08629358583685223
1777019681.8918362,tb2,0.6684552693362019,0.4662829093165715,-0.019665388024186607,-0.14322659891001605
1777019681.9017158,tb1,0.08374167097083969,0.49176524438316027,0.023412732473781988,0.10453285800160751
1777019681.9125643,tb3,0.29054881472220817,0.8989711571703016,0.006058790926422843,-0.08599799452409705
1777019681.9416883,tb2,0.6694020667422796,0.46622000036719446,-0.019521930241321817,-0.14202755133362133
1777019681.9517846,tb1,0.08456444902200709,0.4909931024200256,0.02310453871358242,0.10248190592553896
1777019681.9625933,tb3,0.29086592746452755,0.8989332443811178,0.006258606443162384,-0.08456585256945823
1777019681.9922094,tb2,0.6702976524169899,0.4661485552615776,-0.017484939722000176,-0.14247841012992019
1777019682.0017395,tb1,0.08537684305807729,0.49023863467355827,0.022758178835593074,0.09975696385244157
1777019682.012463,tb3,0.2911515674340189,0.898900371690464,0.0064837694146598086,-0.08278381157156794
1777019682.0417182,tb2,0.6702976524169899,0.4661485552615776,-0.019433509943409547,-0.14099347921742955
1777019682.0516412,tb1,0.08617596269927666,0.4895041508202072,0.022330358393816314,0.09600081634809972
1777019682.0624318,tb3,0.29139922784292455,0.8988723133647508,0.006704034256670596,-0.08022160963872052
1777019682.0918744,tb2,0.6711042091422772,0.4660784235668766,-0.019511732589628485,-0.1397030741631611
1777019682.101772,tb1,0.08695897134761311,0.48879174970610034,0.022048690791405326,0.09433426382767957
1777019682.1125298,tb3,0.2917780113351992,0.8988223846134005,0.006838370394033101,-0.0788491774045568
1777019682.141834,tb2,0.6720077831798208,0.4659931164691505,-0.019361191920126013,-0.138006370446989
1777019682.1515715,tb1,0.08770783010763938,0.4880993326852738,0.021833336202163656,0.09337808867273245
1777019682.1626668,tb3,0.2921578996073596,0.8987708913841053,0.0069828179900381475,-0.07796207824584195
1777019682.1918821,tb2,0.672920578493105,0.46590048412141066,-0.019085225076814885,-0.13645715359408722
1777019682.201765,tb1,0.08770783010763938,0.4880993326852738,0.021833336202163656,0.09337808867273245
1777019682.2124102,tb3,0.292537888869871,0.8987179137202422,0.007135059407829094,-0.07722786760531843
1777019682.2418637,tb2,0.6738310101651565,0.46580184093611193,-0.018699168311064142,-0.1349334299419285
1777019682.2517083,tb1,0.08841451489604442,0.48744054897966377,0.02168902147251912,0.0925688912877902
1777019682.2624083,tb3,0.292918409755519,0.8986633431609714,0.007303241915600302,-0.07627658110035007
1777019682.2917879,tb2,0.6747325974249838,0.4656981514206313,-0.01847712665437352,-0.13363968693029316
1777019682.3018124,tb1,0.08920141584484473,0.48674103398973906,0.021416276911871954,0.09104622669073195
1777019682.3123536,tb3,0.2933002972799197,0.8986070136326489,0.007511875212188324,-0.07564996162484626
1777019682.3417866,tb2,0.6756722127701847,0.46559031386873223,-0.018138683508879313,-0.13266226231518766
1777019682.3517432,tb1,0.08999473801955954,0.48604588914065416,0.021192903503719173,0.09001836753744594
1777019682.3623738,tb3,0.2936681495720456,0.8985542726889415,0.007800233488049022,-0.07561381448249052
1777019682.3918598,tb2,0.6766690523684838,0.46547585431056726,-0.017575612350818136,-0.13219598870154775
1777019682.4016798,tb1,0.09077617942590405,0.485367336460331,0.021074227803657173,0.08994133435169588
1777019682.412486,tb3,0.2936681495720456,0.8985542726889415,0.007800233488049022,-0.07561381448249052
1777019682.4418411,tb2,0.6774950440925188,0.46536549366743785,-0.01739335584382467,-0.13137292369732287
1777019682.4517822,tb1,0.0915477998529125,0.4847033772141587,0.02075190073247691,0.08749812654599881
1777019682.4624512,tb3,0.29397893892786053,0.8985128127194125,0.008041160310597937,-0.07421033120329742
1777019682.4918294,tb2,0.67828928899718,0.4652524214934771,-0.017374769483493938,-0.12920541012061088
1777019682.501742,tb1,0.09231066939008639,0.4840529463352832,0.02040023208984763,0.08473208010781919
1777019682.5125499,tb3,0.2944041464041838,0.8984456764074651,0.008103998977281696,-0.0721516464928528
1777019682.541771,tb2,0.679084567574933,0.46513370052497593,-0.017312893352903806,-0.12700248333132652
1777019682.551696,tb1,0.0930591054584626,0.4834206179107895,0.02008048064157806,0.08229956103076691
1777019682.5625222,tb3,0.2948424838743354,0.8983744462099399,0.008161458542551386,-0.0702058368102588
1777019682.5917845,tb2,0.6798845791658952,0.46500890954627827,-0.017171191328780266,-0.12497498066890766
1777019682.6017842,tb1,0.09378955362796038,0.4828062666704866,0.019803534400489348,0.08031278092115399
1777019682.6124706,tb3,0.29527623211510934,0.8983023968282936,0.008240320722929106,-0.06857637584648338
1777019682.6418262,tb2,0.6806857998747456,0.464878747475017,-0.016907035789673525,-0.12298246855995407
1777019682.6516151,tb1,0.09447524541649106,0.4822191118358435,0.019601981640484867,0.07884713463835887
1777019682.6624217,tb3,0.2957054584934977,0.8982295370947628,0.00832927210080288,-0.06735604944965569
1777019682.6917722,tb2,0.681482389370782,0.4647443690984344,-0.01662318655343669,-0.1210939444682268
1777019682.701786,tb1,0.09515709597155621,0.4816429880046356,0.019408960747952068,0.0773234518032402
1777019682.7126167,tb3,0.2961312751284526,0.8981556904174612,0.0084315565690189,-0.06621848376818733
1777019682.7418294,tb2,0.6822736611409138,0.4646062029565549,-0.01642801454491407,-0.1197407023450944
1777019682.7517178,tb1,0.09589743962400268,0.4810381059368215,0.019122056256636634,0.07570003881728431
1777019682.762559,tb3,0.2965372864522216,0.8980866937949392,0.008574916327625486,-0.06506351604534967
1777019682.791839,tb2,0.6831237188512886,0.46445643911993745,-0.015957662509733024,-0.11925560939516608
1777019682.8017945,tb1,0.09662521117700028,0.4804480216957336,0.01894515644882292,0.0750409228386873
1777019682.8125763,tb3,0.2968907568697158,0.898029186959448,0.008859297929113318,-0.06457819407245266
1777019682.841697,tb2,0.683987568020061,0.4643020687154004,-0.015534188189276136,-0.11755119046579979
1777019682.851747,tb1,0.09734153249596514,0.4798716440559398,0.01880934330096087,0.07468697015249103
1777019682.8624513,tb3,0.29736116457781225,0.8979428125766548,0.008998161382079097,-0.06410336838166121
1777019682.8919964,tb2,0.6846826733632378,0.464167711387138,-0.013681619743611687,-0.11652294808485081
1777019682.901701,tb1,0.09804877677691194,0.47930694415572084,0.018459276965248978,0.0720933118060357
1777019682.912412,tb3,0.2978357044131763,0.8978541864611927,0.008975476414366282,-0.06204299369971419
1777019682.9419208,tb2,0.6846826733632378,0.464167711387138,-0.01557971361191018,-0.11502269720357053
1777019682.951722,tb1,0.09874144120739468,0.4787581357949134,0.018028620679431194,0.06869778534193945
1777019682.9624848,tb3,0.298305414002157,0.897764951829288,0.00888482416670267,-0.05932388133437529
1777019682.9918447,tb2,0.6852979426189018,0.46404501237293233,-0.01581942984043667,-0.11213287270276157
1777019683.001654,tb1,0.09941449234762922,0.4782288671423117,0.017770225488724683,0.06699425899135404
1777019683.012429,tb3,0.29876375504439584,0.8976764071388655,0.008919623863633652,-0.057889495836932627
1777019683.041875,tb2,0.6860078093651175,0.4638988302637448,-0.015701060629251678,-0.10992353708134425
1777019683.051758,tb1,0.09941449234762922,0.4782288671423117,0.017770225488724683,0.06699425899135404
1777019683.0624325,tb3,0.29921397928554755,0.8975879944304144,0.00898492633586934,-0.05703343634955088
1777019683.0918398,tb2,0.686734044851601,0.4637449197495177,-0.015435509199781953,-0.10786225178692715
1777019683.1017826,tb1,0.10005281634533873,0.47771801274589637,0.017592256929022793,0.06603817790299947
1777019683.1123548,tb3,0.2996306316530271,0.8975098439275674,0.009104491287431214,-0.05645009728879491
1777019683.1418004,tb2,0.6874592897309848,0.4635870753929025,-0.015028232172778854,-0.10606563138396627
1777019683.1517274,tb1,0.10064787236888768,0.47723812981295244,0.017485903830149113,0.0652971472190208
1777019683.1623724,tb3,0.30004384008114354,0.8974306545226621,0.009237320030031956,-0.055574898775209845
1777019683.1918762,tb2,0.6881758928686402,0.4634271901699777,-0.01480807736990358,-0.10479819700060268
1777019683.2017515,tb1,0.10133493622660435,0.4767088816754482,0.017224241908199534,0.06389500471074809
1777019683.2123303,tb3,0.30053075210644964,0.8973307807349064,0.009287036751341387,-0.054772493585167024
1777019683.2418113,tb2,0.6889067952974277,0.46325993427594053,-0.014597870308122197,-0.10285949097979348
1777019683.2518878,tb1,0.10201331273946136,0.47618978876536094,0.017001569759862088,0.06273222086914722
1777019683.262431,tb3,0.30053075210644964,0.8973307807349064,0.009287036751341387,-0.054772493585167024
1777019683.2918751,tb2,0.6896970383773524,0.46307786567384723,-0.014162803822186092,-0.10114572999678867
1777019683.3017309,tb1,0.10267777083033078,0.4756846597863998,0.016892077601048126,0.06249759754868033
1777019683.3124528,tb3,0.3010135158443558,0.8972304234014482,0.009413521465420282,-0.05463028880297396
1777019683.3417807,tb2,0.6903838352782206,0.46291500803238084,-0.01400235395971945,-0.09907780084714163
1777019683.351792,tb1,0.10333057978821086,0.4751916252472968,0.016660806072069385,0.061023332117221274
1777019683.3625717,tb3,0.3014899282174012,0.8971300228856989,0.00944234587806333,-0.05342164956375088
1777019683.3917842,tb2,0.6910109653077772,0.4627612344315025,-0.013991252092464006,-0.09684807027803159
1777019683.4016697,tb1,0.10397362038347148,0.4747091708103762,0.016365067645001747,0.05882906452916497
1777019683.412469,tb3,0.3019653517580565,0.8970284389712908,0.009413681811517452,-0.051618911552052935
1777019683.441818,tb2,0.6916407410615061,0.4626033550454018,-0.013913367884374809,-0.09481966540364274
1777019683.4517767,tb1,0.10460266047294411,0.4742403246807524,0.01610103508863346,0.05691183404757141
1777019683.462487,tb3,0.3024263357179753,0.8969299066064368,0.009416279502992533,-0.050015254212972364
1777019683.4919662,tb2,0.6922745713933776,0.4624411336301617,-0.013691130001993753,-0.09328683366514774
1777019683.5018072,tb1,0.1052035527141184,0.47378825011187475,0.01589007091615057,0.05542340859375942
1777019683.512491,tb3,0.30283537371147745,0.8968445525743534,0.009501492957126694,-0.048721519844679914
1777019683.5417745,tb2,0.6929064340405588,0.4622762535767157,-0.013483168125965958,-0.09071335503047824
1777019683.5517812,tb1,0.10576084748868068,0.4733660765498951,0.015751916898255943,0.0540249361938466
1777019683.5624366,tb3,0.3033281855545559,0.8967352939797748,0.009466614648973483,-0.0476388603686978
1777019683.5918531,tb2,0.6935340032338996,0.462109471961539,-0.01341045691890749,-0.08867519053039064
1777019683.6017127,tb1,0.1063894094980079,0.4729055176275899,0.015497600998187032,0.05263192818429875
1777019683.6125214,tb3,0.30381828411411027,0.8966253468701242,0.009443940078670691,-0.0465017783124505
1777019683.6417904,tb2,0.6941717343879313,0.46193594177888264,-0.013266228997564716,-0.08682501710866997
1777019683.651993,tb1,0.10700943221151217,0.4724541811246888,0.015276932223945761,0.05154766942440958
1777019683.6624637,tb3,0.30429951425783347,0.8965161996111713,0.009453796930299638,-0.045624298540152576
1777019683.691824,tb2,0.6948663061027414,0.4617430413751513,-0.012897101436590576,-0.0852081247330061
1777019683.701714,tb1,0.10761582296786193,0.4720151464140552,0.015165321038640787,0.0513260422075614
1777019683.7125552,tb3,0.30477306122898995,0.8964076165227874,0.00954973128150175,-0.04548562489486886
1777019683.7423136,tb2,0.6955188592685428,0.46156086822866493,-0.010940911715619176,-0.08412259425996532
1777019683.7516706,tb1,0.10821179140212234,0.47158599778902044,0.015014080845142514,0.05064115758168097
1777019683.7623663,tb3,0.3052393330328978,0.8963004021989271,0.009609735617315925,-0.04496451416983672
1777019683.7922084,tb2,0.6955188592685428,0.46156086822866493,-0.012624511453018433,-0.08347998740873358
1777019683.8020883,tb1,0.10879769584287763,0.4711664141153626,0.014634692610623251,0.04797536937152139
1777019683.8124506,tb3,0.30566208364837943,0.8962067931849806,0.009535183169137618,-0.042867409453231364
1777019683.8419292,tb2,0.6960012983904817,0.4614237131822317,-0.01280542153810377,-0.08164865457831977
1777019683.8516176,tb1,0.10936622172999293,0.4707614888629768,0.014406514027112908,0.04653736441385442
1777019683.8624265,tb3,0.3061420207635536,0.8960942467719877,0.009476825709967947,-0.04156153171637516
1777019683.8918424,tb2,0.6965632355888187,0.46126109406969534,-0.01276746331138235,-0.07946404533158352
1777019683.9017062,tb1,0.1099035823571453,0.4703732236571654,0.014255112239759506,0.04572306123065939
1777019683.912585,tb3,0.30662869493493894,0.8959781354716592,0.00942867750893892,-0.04072250151376057
1777019683.9419732,tb2,0.6971411309869807,0.46109118668981297,-0.012620507116921212,-0.0771462932097026
1777019683.951841,tb1,0.1099035823571453,0.4703732236571654,0.014255112239759506,0.04572306123065939
1777019683.9628549,tb3,0.3071056382888564,0.8958633190884835,0.009401714335677176,-0.04014535098056476
1777019683.991886,tb2,0.6977230266827285,0.4609175535039542,-0.01235723732700642,-0.07472860952406886
1777019684.0018053,tb1,0.11039645869448887,0.4700138025827604,0.014185968676715252,0.04515554885669886
1777019684.0123844,tb3,0.3075738481006197,0.8957495827388192,0.009397957132576849,-0.0394284256012949
1777019684.0418165,tb2,0.6983030701116264,0.46074206790873834,-0.012240506476197455,-0.07305548181319427
1777019684.0517087,tb1,0.11097484427971964,0.4696076534325849,0.013976197722405246,0.04412950649919384
1777019684.0623984,tb3,0.3080330545179604,0.8956375017596745,0.009412630668508217,-0.03882022362811517
1777019684.0918446,tb2,0.6988826302956191,0.4605636967850927,-0.01209407302269254,-0.07153401001522086
1777019684.101883,tb1,0.11154767615848439,0.4692075088358784,0.013777520295213792,0.04316107042231661
1777019684.1123857,tb3,0.30844978528913514,0.8955389310400551,0.009560982271405049,-0.03897224642439938
1777019684.1418662,tb2,0.6995112057035444,0.4603652952765118,-0.01169639424660361,-0.0705756814103598
1777019684.1517015,tb1,0.11210736352436995,0.4688183578323767,0.013672927069680062,0.043011672689026045
1777019684.1625807,tb3,0.30892346065179765,0.895421752016678,0.00959552073641896,-0.038638868070322144
1777019684.191918,tb2,0.7001168385491542,0.4601741817696821,-0.01142369645200921,-0.06890057331501453
1777019684.2018507,tb1,0.11265483182695497,0.4684394694988523,0.013561514198473996,0.04261767545547336
1777019684.212575,tb3,0.30892346065179765,0.895421752016678,0.00959552073641896,-0.038638868070322144
1777019684.2418826,tb2,0.7006253336723757,0.4600122558305629,-0.01146212201586521,-0.06682014756303965
1777019684.2517548,tb1,0.11319324239721694,0.46806860778389187,0.013326331798032675,0.04103266787661451
1777019684.262493,tb3,0.3094115614008747,0.8952991447234638,0.009487563205126,-0.037236482627924325
1777019684.29182,tb2,0.7011332155842802,0.4598484721796573,-0.011468224703492777,-0.0648181881063735
1777019684.301833,tb1,0.11372111392699405,0.46770674348799396,0.013110654285964949,0.039528734637395646
1777019684.3126898,tb3,0.30989263045054977,0.8951773219809592,0.009392122100690911,-0.03584327028769763
1777019684.3417916,tb2,0.7016489951092084,0.4596801628991761,-0.011361992006274626,-0.06279701917689506
1777019684.3517926,tb1,0.11421399693690479,0.46736501703881744,0.01296659832859326,0.03846813817701751
1777019684.3626645,tb3,0.31036095401800673,0.895057771814213,0.009326381759801258,-0.03484657616758309
1777019684.3918688,tb2,0.7021688255608987,0.4595086568715485,-0.011168696850201375,-0.06085532922668892
1777019684.4017391,tb1,0.11468204753894319,0.4670410685575957,0.012872293480337731,0.03759629868415373
1777019684.41257,tb3,0.31081227340018774,0.8949425367724214,0.009295115746461058,-0.03413527871517488
1777019684.4418464,tb2,0.7026873226189999,0.45933583402882266,-0.011039830847915025,-0.059857593932992545
1777019684.4517093,tb1,0.11521592339303369,0.4666797652502197,0.012668461201241953,0.03672561348585819
1777019684.462486,tb3,0.3112238040520109,0.8948388124628968,0.009330365172318767,-0.03343307551289759
1777019684.4918242,tb2,0.703211007227217,0.4591585369856749,-0.010955552264595825,-0.0582482578743833
1777019684.5017755,tb1,0.11573897887673358,0.4663271557855032,0.012495647444747527,0.03595310341934895
1777019684.512427,tb3,0.3116989052902974,0.8947148446949558,0.009281842283919518,-0.03276250775222274
1777019684.5417655,tb2,0.7037855429353196,0.4589600233762761,-0.010667177070009777,-0.056755477956431544
1777019684.5515888,tb1,0.11624915486165203,0.46598456635568153,0.012422100159247686,0.035914139499603696
1777019684.5624144,tb3,0.31216747783062176,0.8945917710693869,0.009316104961313174,-0.03276647799255516
1777019684.591788,tb2,0.7043196191499865,0.45877591781376537,-0.010481082629712686,-0.055201760884997474
1777019684.601789,tb1,0.11674944399768176,0.46564993588454584,0.012308024312480513,0.035445558733934845
1777019684.6125667,tb3,0.3126281635655274,0.8944699572523783,0.009308934215993062,-0.03238137874429974
1777019684.6417944,tb2,0.7047805194520679,0.4586162267471445,-0.010506456165006155,-0.05357042511259607
1777019684.6518416,tb1,0.11724074862534421,0.465322632529419,0.01210295213661328,0.03414322154213696
1777019684.6624932,tb3,0.31308301168874547,0.8943488632375822,0.00921467394586915,-0.03122422001465173
1777019684.6916974,tb2,0.7052471225783171,0.4584530330148318,-0.010443133515227469,-0.05218736815909854
1777019684.7017365,tb1,0.1177175209008516,0.4650052927009489,0.011931459460714285,0.03314479895127713
1777019684.7128167,tb3,0.31351005696339534,0.8942364458535896,0.009172400311409536,-0.030302143140526802
1777019684.7425702,tb2,0.7057176623675371,0.45828701883026507,-0.008937668369807344,-0.05105917328827651
1777019684.7516513,tb1,0.11815369782513875,0.4647108771187793,0.011835244033849092,0.03243734105298296
1777019684.7624614,tb3,0.3139467400284125,0.8941198808459555,0.009119860033505347,-0.029620420406929804
1777019684.7919202,tb2,0.7057176623675371,0.45828701883026507,-0.010304073123016247,-0.05046701706904331
1777019684.8016186,tb1,0.11860405815285727,0.464410849488775,0.011632116612639421,0.03097579130646754
1777019684.8123798,tb3,0.3144069284488087,0.8939950695080675,0.008957549342372688,-0.028308943973119123
1777019684.8417473,tb2,0.7061294011291319,0.4581406361495681,-0.010414274238541476,-0.0485629028886799
1777019684.8516243,tb1,0.11909069854172323,0.4640913479641569,0.011468300017457649,0.030353880599750346
1777019684.8624988,tb3,0.3148537356960043,0.8938731980852512,0.008909650836750469,-0.02778953275081741
1777019684.8917747,tb2,0.706606206162462,0.4579697128511623,-0.010355164362953685,-0.04722741696973402
1777019684.9022987,tb1,0.11956512985943327,0.463780867170014,0.010609401292941828,0.02459923618801971
1777019684.9124575,tb3,0.31528932022815326,0.8937537147205078,0.00891693105255377,-0.027690537531460793
1777019684.9418814,tb2,0.7071074893372017,0.4577867330780752,-0.010172798158608557,-0.04603132784471717
1777019684.95165,tb1,0.11956512985943327,0.463780867170014,0.011363454914843855,0.030143831673825717
1777019684.9623284,tb3,0.31570807280747903,0.8936397483010383,0.009024320557005291,-0.028315818720462956
1777019684.9918258,tb2,0.7076609418789764,0.45758237889656783,-0.009723051355346323,-0.04480088182949094
1777019685.0017517,tb1,0.12000184356489112,0.46349588444859974,0.011408120564535012,0.03142689601996518
1777019685.0123234,tb3,0.31611941130727167,0.8935276216966388,0.00902210582704693,-0.027922103104219654
1777019685.0418649,tb2,0.7081263123809767,0.4574113815051068,-0.009592240070207798,-0.04371957141343134
1777019685.051771,tb1,0.12046096867013847,0.46319724318838984,0.011276984918519757,0.030880220028929734
1777019685.0624661,tb3,0.3165727484818531,0.8934012422399924,0.008901327810013458,-0.026892028155327232
1777019685.0919015,tb2,0.708551606140844,0.457254301117532,-0.009644007761652479,-0.04221121003189475
1777019685.1017034,tb1,0.12091586316637966,0.46290241550872924,0.011094966124619228,0.029618090822171716
1777019685.1123111,tb3,0.3170139027977503,0.8932776188741712,0.00880389712325227,-0.026095921396192448
1777019685.141848,tb2,0.708979717909032,0.45709504949971586,-0.009629430392229797,-0.04070062757767014
1777019685.1518106,tb1,0.12134936516407409,0.4626205839078241,0.010954208491306704,0.028553613069155603
1777019685.1624868,tb3,0.3170139027977503,0.8932776188741712,0.00880389712325227,-0.026095921396192448
1777019685.1918528,tb2,0.7094158247585617,0.4569317373776268,-0.00949110204411726,-0.03901718481585377
1777019685.2017722,tb1,0.12173849721400332,0.46236614415015037,0.010901223139553606,0.027770522639035664
1777019685.2125049,tb3,0.3174430521224314,0.8931567363512626,0.008735567243353129,-0.025608337250378248
1777019685.241811,tb2,0.7098553122918728,0.45676614106214264,-0.009428685406526884,-0.03808795149763612
1777019685.2517734,tb1,0.12219221144388495,0.4620745778062243,0.010746939045413609,0.02703072680157955
1777019685.2625935,tb3,0.3178548953311982,0.8930409076443052,0.008704574728189493,-0.02508933635641375
1777019685.2918053,tb2,0.7102963261065692,0.456599021720287,-0.009350227684430149,-0.037306835774025056
1777019685.3017962,tb1,0.1226476357020723,0.46178319069857265,0.010594057260519187,0.026420578265219964
1777019685.31261,tb3,0.3182583815582655,0.8929270844245418,0.00869056791218873,-0.024627679034965478
1777019685.3418663,tb2,0.710775352130298,0.4564129767156641,-0.009164755364139913,-0.036243126364390074
1777019685.3516903,tb1,0.12309119795062883,0.4615002187326649,0.010521428106105454,0.026313776954082956
1777019685.36252,tb3,0.3186936635405502,0.892802671255327,0.008687454055471519,-0.024596364090026378
1777019685.3922014,tb2,0.7112652885949854,0.4562229678244383,-0.008914301048953929,-0.03517436647377431
1777019685.4017367,tb1,0.12352416516743785,0.4612248179790248,0.010484906032337335,0.026415560013973268
1777019685.4126377,tb3,0.3191215774053557,0.892679798174301,0.00871105077382601,-0.024745038686150342
1777019685.4418404,tb2,0.7116569417601966,0.4560720347835891,-0.008967850046112802,-0.03402811645686407
1777019685.4517634,tb1,0.12394926948787005,0.4609552358112833,0.010315380464957198,0.02539583573922198
1777019685.4624724,tb3,0.31954309159455224,0.8925581849900114,0.008604318468445692,-0.02381494908518663
1777019685.491799,tb2,0.7120531738459092,0.4559184696559382,-0.008956791764349058,-0.033034959845770026
1777019685.5017152,tb1,0.12436373082442861,0.46069289763794274,0.010171162255794331,0.02455466746393703
1777019685.5125,tb3,0.3199445615860886,0.8924425726481852,0.008535437703422018,-0.023009754066129824
1777019685.541821,tb2,0.7124560786262646,0.45576149778441816,-0.008855885593382202,-0.03174874457301749
1777019685.5517879,tb1,0.1247387720973994,0.46045222490593757,0.010104345937374684,0.024050533907035362
1777019685.562573,tb3,0.3203479948004715,0.8923257005414152,0.008471441527802293,-0.022482215076169532
1777019685.5917947,tb2,0.7128613764822046,0.4556028246666726,-0.008789319454261996,-0.030411116068256507
1777019685.6016107,tb1,0.12512229265968386,0.4602085866433126,0.01002997508378611,0.023535050328526274
1777019685.612564,tb3,0.3207709885962924,0.8922020309132357,0.008384618851134834,-0.021996731963801475
1777019685.641892,tb2,0.7128613764822046,0.4556028246666726,-0.008789319454261996,-0.030411116068256507
1777019685.651607,tb1,0.1255496800468628,0.4599405531885013,0.009887819353070447,0.022979094502019768
1777019685.6624072,tb3,0.3211833516245111,0.8920809701139839,0.008323363794737653,-0.021533870888900658
1777019685.6920083,tb2,0.7132697094279782,0.45544224262784855,-0.008773106017133098,-0.029595185063642605
1777019685.7016397,tb1,0.12596637806931832,0.45967987447923814,0.009796186974607489,0.022767170560659
1777019685.712466,tb3,0.3215852236458825,0.8919624959305243,0.008311129288384313,-0.021416054959118205
1777019685.741725,tb2,0.7136987566051856,0.45527108696101365,-0.008651565929778346,-0.028823390171886697
1777019685.7516325,tb1,0.12637328206319517,0.4594259679554893,0.009798024262514892,0.023269965917552968
1777019685.762377,tb3,0.3219576813798043,0.891854005565542,0.008421043396810995,-0.02203657613251581
1777019685.7921264,tb2,0.7141793166724045,0.4550778820850454,-0.008295182761949724,-0.02830216129075793
1777019685.8020182,tb1,0.12677400861775812,0.4591765787095585,0.009663429091016239,0.02252313004565234
1777019685.8124413,tb3,0.32236472134934036,0.891733452001833,0.008332264336171409,-0.021355958121186444
1777019685.841869,tb2,0.7145607862199785,0.45492577581367594,-0.008311183491866714,-0.02734555305240978
1777019685.8514938,tb1,0.12716443175898695,0.45893425683759176,0.009508312810623277,0.0222247811596092
1777019685.8623958,tb3,0.322777653358752,0.8916102776084837,0.008211073793260314,-0.020508177406921378
1777019685.8919084,tb2,0.7149257086935223,0.45477974062076815,-0.008372824093282676,-0.026260412376129492
1777019685.9017437,tb1,0.12716443175898695,0.45893425683759176,0.00952350041965052,0.021671551310961122
1777019685.9124343,tb3,0.3231780684787409,0.8914903784340219,0.008119551586026954,-0.019960333719000585
1777019685.9419096,tb2,0.7152981947339002,0.4546300408415775,-0.00833908879255495,-0.02508352708029118
1777019685.9518108,tb1,0.12752531584727483,0.45870881965869864,0.009445478106730795,0.021105106671974128
1777019685.9624193,tb3,0.3235649651999518,0.8913742752249691,0.008061139092831808,-0.019686810600740737
1777019685.991996,tb2,0.7156791306658182,0.4544763380288804,-0.00820540614785087,-0.023830079136661974
1777019686.0018163,tb1,0.1278565691211411,0.45850158257284235,0.00943105633803958,0.02078185494378659
1777019686.0123653,tb3,0.3239231580035828,0.8912673598239818,0.008058445917192245,-0.01941590784441827
1777019686.041879,tb2,0.7160634842458421,0.45432069498179606,-0.008146855197577199,-0.023528982797084916
1777019686.0518143,tb1,0.12826288974165787,0.45825121804605806,0.009294287165913491,0.020334187462563175
1777019686.0625665,tb3,0.3239231580035828,0.8912673598239818,0.008058445917192245,-0.01941590784441827
1777019686.0918634,tb2,0.7164556386088493,0.45416045640931885,-0.008111664389088856,-0.02284372673387193
1777019686.1017601,tb1,0.1286624052293961,0.4580055921486387,0.00918433066127634,0.01995009550765059
1777019686.1124244,tb3,0.32432394121361696,0.8911460467148642,0.008003154378756419,-0.01912647153283916
1777019686.141761,tb2,0.7168950386846026,0.45397866548313254,-0.00788704885534413,-0.022182485895957053
1777019686.1518261,tb1,0.12905070008922498,0.45776740294655766,0.009166128822418386,0.02019557847866209
1777019686.1627572,tb3,0.32471811057777444,0.89102632195998,0.00802935512142436,-0.019402066423890012
1777019686.1919036,tb2,0.717274727814923,0.45382274388588706,-0.007834782975838174,-0.021483074769483017
1777019686.201711,tb1,0.12942974853432612,0.4575354195972252,0.009074101884282183,0.01982976900584089
1777019686.2125785,tb3,0.32510311205249887,0.8909089672769718,0.007980799496172773,-0.019075902344046804
1777019686.241676,tb2,0.7176196135604602,0.4536812010060147,-0.00785377929029255,-0.020920510404209218
1777019686.2517555,tb1,0.12980153692858848,0.4573084237057132,0.008940962938454375,0.01911520803447943
1777019686.2623827,tb3,0.32546597911888114,0.8907984593907587,0.007914961916382803,-0.018419656209572755
1777019686.2918208,tb2,0.7179700783388934,0.4535368963723987,-0.007848720379419862,-0.020062719312277027
1777019686.3017304,tb1,0.13015448707426555,0.45709239452506734,0.00885002861414061,0.01854246943391329
1777019686.3125207,tb3,0.3258475116909721,0.8906815546762487,0.007827937820678546,-0.01783375218669355
1777019686.3418055,tb2,0.7183271706611429,0.4533894126716996,-0.007753080583674646,-0.018791989568987612
1777019686.3517716,tb1,0.1304622767223961,0.45690302750462325,0.008847173424863667,0.018218076373255798
1777019686.3624597,tb3,0.3262354736504383,0.8905621020204553,0.007739354962418933,-0.017480497820116153
1777019686.3918793,tb2,0.7186879552573637,0.45323998265248117,-0.007753073965277328,-0.0182940080845699
1777019686.4017565,tb1,0.13084240508081027,0.4566723605832091,0.008728566528361712,0.0177894016238065
1777019686.4124827,tb3,0.3266124263512652,0.8904456665961751,0.0076794656048798605,-0.01710458657901967
1777019686.4417887,tb2,0.7190558521165626,0.4530868760124853,-0.007698909445332261,-0.01794181781774365
1777019686.451696,tb1,0.13121883098728226,0.45644447748509553,0.00862734034210319,0.017528699366914195
1777019686.462449,tb3,0.3269739510155937,0.8903340887781211,0.007655469365541277,-0.016904908182103988
1777019686.491811,tb2,0.7194686873653897,0.45291281653316223,-0.007458419450512018,-0.01764204583774226
1777019686.501662,tb1,0.13158486235819067,0.4562233230417779,0.008612659874239597,0.017867062387351855
1777019686.512424,tb3,0.3273252542963113,0.8902256314918037,0.007716611645455381,-0.01729367318791952
1777019686.5418353,tb2,0.7198430642993066,0.45275579076236816,-0.007375109206536901,-0.017009117192170634
1777019686.551715,tb1,0.1319428912693475,0.4560074447332536,0.008555351719631812,0.017727679092309163
1777019686.5624778,tb3,0.3277034695793875,0.890107735268599,0.007677513876620653,-0.017167693151759797
1777019686.5920079,tb2,0.7201667581731352,0.45262034319361055,-0.007442177596290415,-0.016349684477657382
1777019686.6017478,tb1,0.13229359987399933,0.4557964318485601,0.008433514972705343,0.0170356035566398
1777019686.612435,tb3,0.3280764436491868,0.889991117894963,0.007570299574688504,-0.016476593388755522
1777019686.641764,tb2,0.7204985535424752,0.45248114701417863,-0.007431677643385657,-0.01565352642774542
1777019686.651818,tb1,0.1326249192790847,0.4555964782842064,0.008357577863600953,0.016605344904676765
1777019686.662477,tb3,0.32843801796301475,0.889877821734944,0.007492282617937953,-0.01600803254186936
1777019686.6919842,tb2,0.720836782573618,0.45233891706688334,-0.007282390087682625,-0.014803689428702431
1777019686.7016764,tb1,0.1329099127113879,0.4554234155562407,0.008369938222174767,0.01652658290165754
1777019686.712673,tb3,0.32877452319766637,0.8897726434008578,0.007461184666177638,-0.015875622974923384
1777019686.7418845,tb2,0.720836782573618,0.45233891706688334,-0.007282390087682625,-0.014803689428702431
1777019686.7516928,tb1,0.13327299850186494,0.4552061644401217,0.008251937893526162,0.016077724774549097
1777019686.762419,tb3,0.329142911428169,0.8896564609331722,0.00738668462083208,-0.015476773386548515
1777019686.7917454,tb2,0.721175061403606,0.4521963616059899,-0.007314370107124718,-0.014395855224549454
1777019686.801595,tb1,0.13362893123353792,0.4549936125748384,0.008157847664480918,0.015790284244463236
1777019686.8124661,tb3,0.3295020178468007,0.8895428954409782,0.007338019414977485,-0.015231690984323929
1777019686.8418562,tb2,0.7215205680694518,0.45205031302658855,-0.007295930737227921,-0.01401320914784685
1777019686.8516598,tb1,0.13397504807048535,0.45478729056744294,0.008148521433313887,0.01608542445055877
1777019686.8625023,tb3,0.32985006302059167,0.8894326532357024,0.0073747371866378685,-0.01557379698583886
1777019686.891789,tb2,0.721910316823314,0.4518839483128514,-0.007094028108596979,-0.013674023395250024
1777019686.901723,tb1,0.13431435998466393,0.4545854023978078,0.0081050083077137,0.016082288238680725
1777019686.912305,tb3,0.33018169036652084,0.8893278367818015,0.007392368363082895,-0.015664695965876087
1777019686.9419458,tb2,0.7222706284481967,0.4517306849504649,-0.006955342006215314,-0.01341418495935471
1777019686.9516485,tb1,0.1346463382878992,0.45438826386426123,0.008000060140867744,0.015471244354894748
1777019686.9624615,tb3,0.330544220566528,0.8892122590339712,0.007285735737900896,-0.01504400711125415
1777019686.991853,tb2,0.7225811432795799,0.45159876998887816,-0.0070186171046293065,-0.012816298013919704
1777019687.0018215,tb1,0.1346463382878992,0.45438826386426123,0.008000060140867744,0.015471244354894748
1777019687.0124295,tb3,0.3308967045913141,0.889099586668407,0.007195327456702929,-0.014576356333548467
1777019687.0417695,tb2,0.7228925998429607,0.4514661894731345,-0.007022815291683778,-0.012106104434868122
1777019687.051816,tb1,0.13495430353349896,0.45420486488793155,0.007938277876227598,0.015063831924481377
1777019687.0623841,tb3,0.3312307855922518,0.8889927623749349,0.0071463802042029,-0.014403807684761613
1777019687.0918608,tb2,0.7232129043666929,0.45132958257210254,-0.0069205330644120855,-0.011332230914895262
1777019687.1017766,tb1,0.13523348999698234,0.454038389038898,0.00793882571804802,0.014914182610982187
1777019687.1128254,tb3,0.33156576609396876,0.8888853700969014,0.006619790792820141,-0.010608952585285283
1777019687.1418738,tb2,0.7235382622723076,0.4511905815841729,-0.0069180080189471796,-0.0111877111847209
1777019687.1517272,tb1,0.1355804940455452,0.4538333971120449,0.007831936615564382,0.014561751632789595
1777019687.1625583,tb3,0.33156576609396876,0.8888853700969014,0.007108821562611601,-0.01414539769034534
1777019687.191836,tb2,0.7238721893274481,0.4510472260500704,-0.006857788559188988,-0.011115181413759428
1777019687.2018056,tb1,0.1359209506761019,0.45363259920890225,0.007749572689375665,0.014364978016405665
1777019687.2124906,tb3,0.33188914177244966,0.8887812944510964,0.0071086122165790605,-0.014487663977117447
1777019687.2418156,tb2,0.7242531406672696,0.4508824267253808,-0.0066452817770756584,-0.01084471602795287
1777019687.2517514,tb1,0.13625131483927996,0.4534380767200362,0.007758415679147867,0.014730636139921212
1777019687.262471,tb3,0.3322287352134454,0.888671724972895,0.007149580429695083,-0.014880281927677692
1777019687.291741,tb2,0.7245676452038066,0.4507471735253354,-0.006608734666491611,-0.010673325965565724
1777019687.30178,tb1,0.13657361680671762,0.45324862741384275,0.0076782802680795785,0.014435220936323294
1777019687.312494,tb3,0.33254488519900016,0.8885696698116435,0.007124879596516752,-0.0145952925110952
1777019687.3418882,tb2,0.7248594985156978,0.4506217142066173,-0.006690181253049213,-0.010137105058544349
1777019687.3517036,tb1,0.136889174483411,0.45306347968188976,0.007576956684579843,0.013820411544845507
1777019687.3624747,tb3,0.3328961869755792,0.8884557557602162,0.007009827605778434,-0.013890845793729796
1777019687.3918562,tb2,0.7251593018854505,0.4504926327863312,-0.006668124148900154,-0.009364758553475894
1777019687.4017236,tb1,0.13716743789310495,0.4528995098954419,0.007551802985558135,0.01349565626859629
1777019687.412485,tb3,0.3332384871705657,0.8883444876163562,0.006919024656180599,-0.013444343770660745
1777019687.4421701,tb2,0.7254661240601994,0.4503603373142593,-0.0066257022149573165,-0.00892129738260308
1777019687.4517248,tb1,0.13746249985940096,0.45272645374838427,0.00750889255662959,0.013262904397037091
1777019687.462485,tb3,0.3335640889584733,0.8882386100597944,0.0068677357890914136,-0.013178724349531944
1777019687.4917762,tb2,0.7257774410543607,0.45022593298109836,-0.0066174747992167725,-0.008840875934855856
1777019687.5016963,tb1,0.13779078597101313,0.45253472945944684,0.007416809204308161,0.013007192199328806
1777019687.5124285,tb3,0.33388504586056716,0.8881340751365038,0.006833683370897878,-0.012945672566655492
1777019687.5419097,tb2,0.7261089137772302,0.45008200831191675,-0.006542834838827789,-0.00859879498654774
1777019687.5516334,tb1,0.138110056983567,0.45234854353037335,0.007372722595307686,0.013008222037251181
1777019687.5624285,tb3,0.33421731986853265,0.8880253286778267,0.006813193664825097,-0.012934517196558465
1777019687.5927472,tb2,0.726475660542892,0.4499224224869817,-0.00530889774298794,-0.00835434635472459
1777019687.6017275,tb1,0.138421040476596,0.4521674662616766,0.0073973136576204294,0.013446811547415137
1777019687.6125343,tb3,0.3345416222200264,0.8879189601623896,0.006859012382604449,-0.013363082472133555
1777019687.6419446,tb2,0.726475660542892,0.4499224224869817,-0.006323327877541466,-0.008364711371457367
1777019687.6517723,tb1,0.13872649506325563,0.4519898975685872,0.007225027299033717,0.012430647656621274
1777019687.662442,tb3,0.3348509701499419,0.8878175807446042,0.006724968088576876,-0.012394369899879085
1777019687.6917276,tb2,0.726709349797208,0.449821192932056,-0.00652036323292267,-0.008178101424993874
1777019687.7015831,tb1,0.13901158372231237,0.451823782020848,0.007164477425902878,0.012081245237117498
1777019687.7124522,tb3,0.33518080624917157,0.8877089226360964,0.006630675016527391,-0.011952255998219042
1777019687.741932,tb2,0.7269910917221695,0.44969897246410867,-0.006552578137340254,-0.007646851866646438
1777019687.7517598,tb1,0.13901158372231237,0.451823782020848,0.007164477425902878,0.012081245237117498
1777019687.762542,tb3,0.3354985419544156,0.8876040354978422,0.0065760096160784424,-0.011888776547506958
1777019687.7924638,tb2,0.727287402195201,0.44957027513202424,-0.006450369605321827,-0.006876101611145969
1777019687.8020542,tb1,0.13925694877098754,0.451680189643983,0.007194457469185281,0.01210995716007223
1777019687.8124506,tb3,0.335794201915182,0.8875067049848794,0.0065718700490270225,-0.011827848544626374
1777019687.8418262,tb2,0.7275901894094728,0.44943861748290326,-0.006413071320049463,-0.006968418927965953
1777019687.851748,tb1,0.13957357847211352,0.45149690542305243,0.007111562363484796,0.011973557853357198
1777019687.8624105,tb3,0.33611524516767544,0.8874003059216047,0.006530797103196814,-0.01169582853906723
1777019687.891954,tb2,0.7278952068615034,0.4493058623076777,-0.006398997410378471,-0.006818639743836704
1777019687.901751,tb1,0.13988528805793277,0.4513167088431688,0.007042469061603672,0.011813764791652553
1777019687.9126031,tb3,0.33611524516767544,0.8874003059216047,0.006530797103196814,-0.01169582853906723
1777019687.9417408,tb2,0.728238658858472,0.4491553838596734,-0.006226368391301276,-0.006670584435010394
1777019687.9516814,tb1,0.14018771498956584,0.4511421198085452,0.0070487367413430944,0.012138880319207249
1777019687.9626489,tb3,0.3364279803896722,0.8872964547347322,0.006562391419140127,-0.01204851567458777
1777019687.991862,tb2,0.7285545779043721,0.4490173154326626,-0.006104441205310089,-0.006606378992519217
1777019688.0017347,tb1,0.1404820107656075,0.45097246806604036,0.007025734940218256,0.012238058781213635
1777019688.0124164,tb3,0.3367216866372644,0.8871989025163125,0.006581076008252763,-0.012187095452723673
1777019688.0418415,tb2,0.7288258936972426,0.44889889781953607,-0.006161406913339511,-0.006253345740348973
1777019688.05173,tb1,0.14076976709767058,0.4508068184068168,0.006946324714081084,0.011779253967879117
1777019688.0625703,tb3,0.33704115761912673,0.8870923992411771,0.006489560332904964,-0.011700998201759641
1777019688.0918467,tb2,0.7291018038082832,0.44877835734946236,-0.006131844270734042,-0.005610668657882073
1777019688.1017401,tb1,0.1410197760237715,0.4506626634202516,0.00693872294489052,0.01152985020102578
1777019688.1125782,tb3,0.3373557007566646,0.8869873179899077,0.0064101577534435355,-0.01135771629408296
1777019688.1418905,tb2,0.7293845883118201,0.44865470074715147,-0.006098474334170649,-0.005443866308883836
1777019688.1516948,tb1,0.1412999517632409,0.4505016662391973,0.006889584577377523,0.01131208451004466
1777019688.1629224,tb3,0.3376494169915303,0.8868890789540349,0.00637718167511454,-0.011151328580838378
1777019688.1917496,tb2,0.7296721016753466,0.44852887855815626,-0.006114056165438089,-0.005346412585594195
1777019688.2018094,tb1,0.14160263385400407,0.45032813864175525,0.006810992000180172,0.011054592817473152
1777019688.2124603,tb3,0.33796070435540626,0.886784689546474,0.006325895152721622,-0.010911730222027682
1777019688.2418413,tb2,0.7299808472002773,0.4483932006425769,-0.006030760608899582,-0.005257834416198038
1777019688.2517252,tb1,0.14189687930124983,0.45015966325137474,0.006779964925876286,0.011104532690164051
1777019688.2625377,tb3,0.33826362497660145,0.8866829156954685,0.0063209463181168385,-0.010978609434194975
1777019688.291829,tb2,0.7303158464874461,0.44824581976657507,-0.005827418157900115,-0.005202684041867808
1777019688.3017325,tb1,0.14218289850825372,0.4499961147923188,0.006803460228845195,0.011510323485325345
1777019688.312488,tb3,0.3385551008075646,0.8865850857152512,0.006374641667208993,-0.011412046628717122
1777019688.3417113,tb2,0.7305721097613923,0.44813343373251646,-0.005902204655523538,-0.004951392576793194
1777019688.3516362,tb1,0.1424630165693078,0.44983616850343044,0.006715826150091386,0.011011247854618399
1777019688.362444,tb3,0.3388608211558748,0.8864819988557091,0.006283350208199993,-0.010912886901555442
1777019688.391764,tb2,0.7308348220601398,0.4480181284471132,-0.005891357033947586,-0.004528309792978884
1777019688.4016793,tb1,0.14271394101094426,0.44969256920893297,0.006687645449735562,0.010705217450979566
1777019688.412383,tb3,0.339156770550923,0.886381969020721,0.006214783342059348,-0.010552989306642047
1777019688.4418097,tb2,0.7311041585752952,0.4478998304177586,-0.005878688302012845,-0.004195217203676032
1777019688.4517195,tb1,0.14297491067285206,0.449543635627164,0.006653589155709344,0.010469560635123516
1777019688.462491,tb3,0.3394549800916273,0.886281027180031,0.006154656407587369,-0.010295703170121222
1777019688.4917917,tb2,0.7313791724461397,0.44777896306435655,-0.0058966404466799655,-0.004196587788643756
1777019688.501699,tb1,0.14326806627813027,0.44937687044244073,0.006573923909947494,0.010222029065549455
1777019688.5125582,tb3,0.3397501647164556,0.8861809522897899,0.006111123562053685,-0.010078490404581099
1777019688.5418751,tb2,0.7316651334089852,0.44765307763812345,-0.004933599240274774,-0.004072679261771699
1777019688.55172,tb1,0.14355260432222644,0.4492151972118964,0.0065258652470072485,0.010187308718567198
1777019688.562471,tb3,0.34003343732620744,0.8860850747478053,0.006103644381674556,-0.010075346647218965
1777019688.5918758,tb2,0.7316651334089852,0.44765307763812345,-0.005844558375907083,-0.004228981334865602
1777019688.6017435,tb1,0.14382882983829892,0.44905843882145774,0.00656363195054834,0.010653246428869292
1777019688.6125045,tb3,0.34032747109532485,0.885985059221529,0.006148919669975721,-0.010544623734056882
1777019688.641876,tb2,0.7319963358399152,0.44750682036356143,-0.00564263640804912,-0.004101797746001927
1777019688.6516154,tb1,0.14410007609207812,0.4489047115329728,0.006509900186885081,0.01042177376032263
1777019688.662463,tb3,0.34060975100099816,0.8858888809401513,0.00611333258746349,-0.010339114650302897
1777019688.6925192,tb2,0.7322638857622904,0.4473889736287308,-0.005629526904767931,-0.004012610248221296
1777019688.70189,tb1,0.14434213030470902,0.4487670515154357,0.006073312840915387,0.008067846956240805
1777019688.7123694,tb3,0.34090478687394515,0.8857881815111488,0.006028127749696286,-0.009966539661737385
1777019688.742013,tb2,0.7325139105574049,0.447278841833441,-0.005645979098297087,-0.003548920469704437
1777019688.7517788,tb1,0.14434213030470902,0.4487670515154357,0.006480157360300151,0.010120633683881969
1777019688.7624483,tb3,0.34118857094547206,0.8856912516360917,0.005970734829733173,-0.009734376360472991
1777019688.7920966,tb2,0.7327697751445141,0.447166070451935,-0.005628099073008477,-0.003204151840345891
1777019688.801736,tb1,0.14458566028357062,0.44862895923014007,0.0064586800682934695,0.0100473545037329
1777019688.8127294,tb3,0.34147273259273,0.8855940106698341,0.005926486682835467,-0.009494794255924557
1777019688.841843,tb2,0.7330322757577391,0.4470503104428354,-0.005658714302423986,-0.0032561502199610895
1777019688.8516603,tb1,0.14487084139182255,0.4484678796219916,0.006374485851210701,0.00974127745086784
1777019688.8624842,tb3,0.34147273259273,0.8855940106698341,0.005926486682835467,-0.009494794255924557
1777019688.891895,tb2,0.7333017452571242,0.4469313957229499,-0.0056465398387249115,-0.003293974949704491
1777019688.9017239,tb1,0.14514883938890227,0.44831103760844315,0.006313613262585755,0.009561026156885387
1777019688.9125617,tb3,0.3417521091615914,0.8854982628336417,0.005900692406677264,-0.009394343250587588
1777019688.9417796,tb2,0.733613053598186,0.44679354364809437,-0.0054797294170790545,-0.003243174071729442
1777019688.951723,tb1,0.1454175944849896,0.4481595878641368,0.006334621063290919,0.009898472388417692
1777019688.9624798,tb3,0.34203292384184936,0.8854018715369029,0.005937371607081529,-0.009759771487718208
1777019688.9919033,tb2,0.733879586617561,0.4466757486938733,-0.005442902145819109,-0.003161224701237462
1777019689.0017447,tb1,0.14567878667148657,0.4480125804539411,0.006298875337795956,0.009798525486321473
1777019689.0125527,tb3,0.34230803446369296,0.885307278004483,0.005913096926374142,-0.00968785814588834
1777019689.041847,tb2,0.7341215869256688,0.44656884208333125,-0.005447085892769211,-0.0026745751239283196
1777019689.0517912,tb1,0.14590566475789313,0.4478845484847404,0.0062842563754376985,0.009530123734887474
1777019689.0625322,tb3,0.3425934159761785,0.8852089460785566,0.005831173296151442,-0.009354286013067809
1777019689.09176,tb2,0.7343691411691989,0.44645942928077625,-0.00547520533145596,-0.002570739087855078
1777019689.1017838,tb1,0.14616525543108205,0.447738631186862,0.006222005001921838,0.00921031616995555
1777019689.112502,tb3,0.34287060465630675,0.885113257079321,0.005773499378999597,-0.009036857251721334
1777019689.141802,tb2,0.7346238840083998,0.4463467944479466,-0.005501027603652161,-0.0026368049725458372
1777019689.151747,tb1,0.146439917206906,0.4475845495392228,0.006145605723498456,0.008945461700153697
1777019689.1624978,tb3,0.3431455465355761,0.8850182814142165,0.005732207504331623,-0.00879656156070296
1777019689.1918392,tb2,0.7348883792541602,0.4462297578904325,-0.005480392194484414,-0.0026156398534927746
1777019689.201643,tb1,0.14670570539840788,0.447435603246856,0.006100515579242222,0.0088551351376761
1777019689.2125611,tb3,0.3434212351254641,0.884922862174991,0.0057050107819902095,-0.008723886608788534
1777019689.2417965,tb2,0.735195983927518,0.44609336235188846,-0.005293030100663865,-0.0025642274945773726
1777019689.251793,tb1,0.14696306384501986,0.44729153860834103,0.00613742513945572,0.00929240577626431
1777019689.2624702,tb3,0.34369231011551354,0.884828985705325,0.005752290446463946,-0.0091744289198015
1777019689.2918174,tb2,0.7354373670527165,0.4459865006831222,-0.0053116585219480685,-0.0023983397775523946
1777019689.3017304,tb1,0.14720946698145063,0.4471536130356165,0.006089572972390256,0.009030312598638545
1777019689.3125396,tb3,0.34396386602821305,0.8847347268380484,0.0056945172389036795,-0.008915551239491368
1777019689.3427067,tb2,0.7356743515092921,0.445881571418449,-0.00451350984911096,-0.002324645682940912
1777019689.3517108,tb1,0.14742440749810193,0.4470331133363023,0.006089020961442395,0.008837521421085348
1777019689.3624635,tb3,0.3442369135489172,0.8846397995122487,0.005624947202368115,-0.008666192331805458
1777019689.3918757,tb2,0.7356743515092921,0.445881571418449,-0.00529471535520827,-0.0019373849960662446
1777019689.4017541,tb1,0.14769563009628311,0.44688177164719295,0.005950610369083654,0.008158421716247392
1777019689.412464,tb3,0.3445076286860639,0.884545556904298,0.005522357832207188,-0.00802558942328871
1777019689.4419634,tb2,0.7358847235698198,0.4457883971158792,-0.005458545980885597,-0.002011804534361153
1777019689.4521527,tb1,0.1479559784623527,0.44673663263511004,0.005486083617322578,0.005983513208941277
1777019689.4624317,tb3,0.34477340083587904,0.8844529135815916,0.00548916521369876,-0.007916993962594132
1777019689.4919276,tb2,0.7361345039597506,0.44567772770436154,-0.005463863803762975,-0.0020496270624752655
1777019689.5018353,tb1,0.1479559784623527,0.44673663263511004,0.005893550727812504,0.00803665494956525
1777019689.512444,tb3,0.3450362727172237,0.8843611656842426,0.005496308505948438,-0.008168595741722923
1777019689.5418692,tb2,0.736407861039301,0.4455564204229132,-0.005343560942242175,-0.0018862785751583636
1777019689.5518024,tb1,0.14819150442072201,0.44660542318411645,0.005920046933336034,0.008548624276132857
1777019689.5623884,tb3,0.3452990828782603,0.8842693185125977,0.00552924085401728,-0.00853942436563708
1777019689.5919147,tb2,0.7366974145759383,0.4454278595473249,-0.0051857409202773555,-0.001819044227731137
1777019689.6017516,tb1,0.14843717210113616,0.44646870924301246,0.005950927958647509,0.008933956337384457
1777019689.6125643,tb3,0.345563472719882,0.8841767909555585,0.005090617575731628,-0.0063997193442924556
1777019689.6422162,tb2,0.7369302830943755,0.44532460221469783,-0.005177744060851207,-0.0014943741596998815
1777019689.6517282,tb1,0.14865669175917018,0.44634623226531006,0.005937457453196491,0.00876646473078728
1777019689.6625502,tb3,0.345563472719882,0.8841767909555585,0.005468442125561545,-0.008319683068894225
1777019689.6918516,tb2,0.7371644477004221,0.445220740801049,-0.00516604824267857,-0.001523290212169016
1777019689.7018225,tb1,0.14889506808295172,0.4462136425914003,0.00589200665586001,0.008543081360862846
1777019689.712551,tb3,0.34580769752981855,0.8840912365466806,0.0054470234654310735,-0.008389868008651293
1777019689.7418203,tb2,0.7374043424639336,0.44511431245378635,-0.005200221866141952,-0.0016220563977333317
1777019689.7517521,tb1,0.14915636637875787,0.44606866692020697,0.005817374430365041,0.008239644044051857
1777019689.7624686,tb3,0.34606910959366005,0.883999532872947,0.0054054161452107095,-0.008156155247519108
1777019689.7923458,tb2,0.7376514310486383,0.4450046636204458,-0.005194133705452236,-0.0016520270470826628
1777019689.8019934,tb1,0.14940923123387573,0.4459285087433122,0.005769128923341188,0.008084085644422912
1777019689.812496,tb3,0.346329207825382,0.8839081672306243,0.005376508888967472,-0.008019475561592125
1777019689.8417642,tb2,0.7379384799736194,0.44487706784062586,-0.00503548337317798,-0.0016238892760910809
1777019689.8516378,tb1,0.14965337466347983,0.44579332129859245,0.0057990278746255005,0.00842567462026507
1777019689.862488,tb3,0.34658719359257084,0.8838174268487259,0.00541337772124301,-0.00836442330371398
1777019689.8920043,tb2,0.738172099251347,0.4447733368884376,-0.0050350612954509315,-0.0014728731804646337
1777019689.9017057,tb1,0.14988468402649135,0.44566529896416607,0.005767234088589876,0.008236769024089353
1777019689.9124928,tb3,0.3468448260915938,0.8837266930634617,0.0053662787584343756,-0.008168198716397039
1777019689.9417665,tb2,0.7383973020096832,0.44467334248881035,-0.005024257861283853,-0.0011095038602321043
1777019689.9517548,tb1,0.15009262748009297,0.4455502059467339,0.005762464410127233,0.008043267791816338
1777019689.9624934,tb3,0.34710265891719216,0.8836357670452502,0.005303715077178697,-0.007922758339958624
1777019689.991766,tb2,0.7386283425634468,0.44457073170008077,-0.005071804853281957,-0.0012349203782487822
1777019690.0017395,tb1,0.15034959675427145,0.44540832887344395,0.005682740005501562,0.007732620664305559
1777019690.0124586,tb3,0.34735765345711955,0.8835457269470597,0.005258800358399967,-0.007644580418543821
1777019690.0418575,tb2,0.7386283425634468,0.44457073170008077,-0.005071804853281957,-0.0012349203782487822
1777019690.0516474,tb1,0.15059820685483397,0.445271190038879,0.005630588271970151,0.007584776354342712
1777019690.0624754,tb3,0.34760981870497476,0.8834565764231186,0.005230942146684722,-0.00751658555929963
1777019690.0919614,tb2,0.738867455778295,0.4444645201961057,-0.005073910565596954,-0.0013055404804795294
1777019690.1016803,tb1,0.15083829362124365,0.4451388756288258,0.0056319067781555624,0.007760231826844854
1777019690.1124964,tb3,0.3478600748787452,0.8833679953308631,0.005244344937769072,-0.007701451401057615
1777019690.1419024,tb2,0.7391310323763102,0.4443472834833898,-0.004976349681571525,-0.0013172792241429089
1777019690.1516306,tb1,0.15107110127751183,0.44501065949828117,0.005631649773254707,0.007852743178577773
1777019690.1628625,tb3,0.348110246116759,0.8832793365584768,0.00524318698585356,-0.00779755053552864
1777019690.191894,tb2,0.7393856717067588,0.4442340596272364,-0.004896766754674011,-0.0012590648423658883
1777019690.2017155,tb1,0.15107110127751183,0.44501065949828117,0.005631649773254707,0.007852743178577773
1777019690.2124815,tb3,0.3483606138392337,0.8831904975752758,0.0051847849646989,-0.007613201816743481
1777019690.2417731,tb2,0.7396059561458262,0.44413616406624884,-0.004870903385743707,-0.0008512093813282029
1777019690.2517586,tb1,0.1512666652711984,0.44490263105693784,0.005641679195034095,0.00774403539680818
1777019690.2624657,tb3,0.34860873651158336,0.8831023479405343,0.005138741417761511,-0.007329274275675606
1777019690.2918756,tb2,0.7398291104494071,0.4440369733112099,-0.004922214790706907,-0.0009614715873813092
1777019690.3017669,tb1,0.15151596866248918,0.4447656002390582,0.005563408433160765,0.007412747160677311
1777019690.31247,tb3,0.348854281729601,0.8830150130027936,0.005106617152443,-0.007157249041022124
1777019690.3420386,tb2,0.7400582895990027,0.4439350870559473,-0.004945326055691451,-0.001084545560045907
1777019690.351807,tb1,0.15176286582792606,0.44463002973068433,0.005498960629414389,0.007176289926947375
1777019690.362528,tb3,0.348854281729601,0.8830150130027936,0.005106617152443,-0.007157249041022124
1777019690.3918195,tb2,0.7403048958525722,0.44382537214178197,-0.00489140903820986,-0.0011376185428948202
1777019690.401801,tb1,0.15200053530547497,0.44449964202590353,0.005478441378374569,0.007208318649955269
1777019690.41257,tb3,0.3490979390226683,0.882928252178785,0.005104619858171847,-0.007224879517979128
1777019690.4420204,tb2,0.7405656295938634,0.4437093417149579,-0.0047759040026708974,-0.0011138026948162355
1777019690.4517412,tb1,0.15222989316179994,0.44437392998896197,0.005494953023384867,0.007446292375686459
1777019690.462493,tb3,0.34934146485150785,0.8828414399599823,0.005124407961116057,-0.007461365235670453
1777019690.4918509,tb2,0.7407786756908027,0.4436145942007866,-0.004764610855988253,-0.0007686184660589119
1777019690.5017428,tb1,0.15242545723151021,0.4442664337584674,0.005494749377571807,0.007328258705259258
1777019690.5125432,tb3,0.34958506377371545,0.8827545013516627,0.005066454173225267,-0.007274007167412153
1777019690.541759,tb2,0.7409952014414238,0.4435182813655152,-0.004812527398439876,-0.0008154745291782972
1777019690.5517268,tb1,0.15266296989588046,0.4441364204715313,0.005427529075690656,0.007031060018568966
1777019690.5626414,tb3,0.3498289349762349,0.8826673620193773,0.005016388924730576,-0.006979407222780598
1777019690.5917706,tb2,0.7412191361321718,0.44341866039875244,-0.004835066596567575,-0.0009151390617096453
1777019690.6017263,tb1,0.1529028988483529,0.44400524378328365,0.005368058003283081,0.006828052162922468
1777019690.6124866,tb3,0.3500698341269856,0.8825811873306377,0.004983338315871351,-0.006793630225218469
1777019690.6417906,tb2,0.7414559241293225,0.4433133023476652,-0.0047960822201526055,-0.0009522416133472627
1777019690.6517582,tb1,0.15313409619651314,0.4438789465265111,0.0053443438069095215,0.0068359661441883875
1777019690.6624734,tb3,0.3503083291350651,0.8824957810015177,0.004974208729177826,-0.006808822925094935
1777019690.6918645,tb2,0.7417190465786212,0.4431962064542828,-0.004652949845165982,-0.000925653903209268
1777019690.7017272,tb1,0.1533571387609029,0.44375719461582874,0.005376365906629166,0.007168549492989466
1777019690.712546,tb3,0.35054557170602213,0.8824107328215967,0.005008037660685665,-0.007139797929639447
1777019690.7417002,tb2,0.7419244412265065,0.44310480377780487,-0.0046445872105970384,-0.0005562990977082375
1777019690.7517033,tb1,0.15354406289932607,0.44365494903299846,0.005379882875319489,0.007050521142659672
1777019690.7624657,tb3,0.3507833701434198,0.8823253911374676,0.004947296420450292,-0.006938517594111206
1777019690.7925935,tb2,0.7419244412265065,0.44310480377780487,-0.0046445872105970384,-0.0005562990977082375
1777019690.8017492,tb1,0.15378539387800497,0.4435234429698814,0.0052970030249685504,0.006706300023610072
1777019690.8125317,tb3,0.3510205080866152,0.8822401908201218,0.004899437056054371,-0.006626836390324518
1777019690.841972,tb2,0.7421348364756767,0.44301116009249836,-0.004709707875429827,-0.0007073753121698031
1777019690.851725,tb1,0.15401826847259406,0.4433966442223726,0.005238898877301776,0.006505854118619672
1777019690.8624861,tb3,0.3512548226443254,0.882155916393744,0.004865697764943527,-0.006446706535608716
1777019690.8919609,tb2,0.7423514000872585,0.442914763195632,-0.004735619156776829,-0.0008065051688676108
1777019690.9016223,tb1,0.1542423241665711,0.44327474488630414,0.005217489555880693,0.006519534911212776
1777019690.912472,tb3,0.35148704478881765,0.8820723105145697,0.004856133308498899,-0.006467967400045824
1777019690.941981,tb2,0.7425813066626971,0.4428123933342847,-0.004698673963203606,-0.0008371314770590785
1777019690.951758,tb1,0.1542423241665711,0.44327474488630414,0.005217489555880693,0.006519534911212776
1777019690.9624906,tb3,0.35171832379813267,0.8819889600421678,0.004888587392608989,-0.006802669805164465
1777019690.9918559,tb2,0.7428374105577168,0.44269830442144825,-0.004554076162563361,-0.0007778355204166509
1777019691.001731,tb1,0.1544555997820658,0.4431587419517208,0.0052560483487222,0.006859251401308473
1777019691.01239,tb3,0.3519507848475145,0.8819050935320665,0.004837424947916099,-0.006623495496812473
1777019691.0418262,tb2,0.7430429507546293,0.44260679279305,-0.004545836903891152,-0.0005020234019002096
1777019691.051784,tb1,0.15464746571632496,0.4430543244181666,0.005251957331003088,0.006754063691794406
1777019691.062369,tb3,0.35218141722707835,0.8818217996839507,0.004794265086922997,-0.006348994104595322
1777019691.0918841,tb2,0.7432495458515916,0.44251479932908144,-0.004603019480080746,-0.0006401796502221099
1777019691.10172,tb1,0.15488210908308175,0.4429269673523689,0.005175079090364541,0.00642920520668023
1777019691.112478,tb3,0.35218141722707835,0.8818217996839507,0.004794265086922997,-0.006348994104595322
1777019691.141741,tb2,0.7434629983848502,0.44241974257972655,-0.00462256451374264,-0.0007450736920608359
1777019691.151663,tb1,0.1551101854291344,0.44280327206957176,0.00512057292020393,0.006228059399552212
1777019691.162457,tb3,0.35240970248644105,0.8817392726645519,0.004765708693095902,-0.006206452987718358
1777019691.1917732,tb2,0.7436929516906119,0.4423173137825308,-0.004571066813636957,-0.0007657838908752814
1777019691.2017078,tb1,0.1553291818513709,0.44268459558872036,0.005108465212355728,0.0062781716913671536
1777019691.2124867,tb3,0.3526377338811366,0.8816567558472431,0.004762907360238909,-0.006263957383960479
1777019691.2419033,tb2,0.7439310644861135,0.44221124135715745,-0.004458508881225566,-0.0006231324277197205
1777019691.2516992,tb1,0.15552934848188427,0.4425760788573119,0.005142019754332671,0.006519854978482216
1777019691.262402,tb3,0.3528643847532456,0.8815746596170889,0.0047739798271884525,-0.006480995536496206
1777019691.2919052,tb2,0.7441313770489149,0.44212201514010413,-0.00448080926058908,-0.0005187556953478029
1777019691.3016927,tb1,0.15573403358913301,0.4424652238884247,0.005107971625485892,0.00632632109218139
1777019691.3125389,tb3,0.3530909963912895,0.881492496300567,0.004725794257410841,-0.0062747182917077165
1777019691.3418324,tb2,0.7443359937135755,0.4420308616256577,-0.004525768909318976,-0.0006226231731750235
1777019691.3517504,tb1,0.15596078975847644,0.4423426180665144,0.0050425041719439736,0.006061905814120272
1777019691.3625488,tb3,0.35331763703623265,0.8814102383523477,0.0046857205872797795,-0.006028479970200255
1777019691.3917272,tb2,0.7445484704381921,0.44193619992208155,-0.0045273072548696666,-0.000673728071464159
1777019691.4017286,tb1,0.15617960663040042,0.44222439376897216,0.005003526880613962,0.005948198763686095
1777019691.4125822,tb3,0.3535418546378141,0.8813287819161124,0.00466177298099801,-0.005922976907095133
1777019691.4418178,tb2,0.744786625777847,0.44183008608175484,-0.004423448098955924,-0.0006517228207608521
1777019691.4516745,tb1,0.1563887453952898,0.4421114574168721,0.005022192761349846,0.00617552335111636
1777019691.4625697,tb3,0.35376422696636234,0.8812479216195855,0.004680934355067035,-0.006146000571594161
1777019691.4917753,tb2,0.7449995321322396,0.4417352189148726,-0.004362625654753533,-0.0004035825947586364
1777019691.5016842,tb1,0.15657323434121,0.4420117475367789,0.0050435836696785565,0.0062506662080115735
1777019691.5125556,tb3,0.3539861340568986,0.8811671551172706,0.004659140998552282,-0.006174204056701049
1777019691.5417285,tb2,0.7451957912275375,0.44164775963664116,-0.004426185588774868,-0.0005342809995034954
1777019691.5516782,tb1,0.15679830968894232,0.44189040615820707,0.004968230143952798,0.0059340964853226725
1777019691.5624912,tb3,0.35420820719165264,0.8810862492840195,0.004613659403971344,-0.00588771908317867
1777019691.5917413,tb2,0.7454001463788933,0.44155668752520194,-0.004447253004804286,-0.0006063308112091927
1777019691.6017363,tb1,0.1570157535146208,0.4417732634408122,0.004919167014017929,0.005760860523831228
1777019691.612599,tb3,0.3544286307143222,0.8810058689106071,0.00458323692885601,-0.005726216554731401
1777019691.6419706,tb2,0.7454001463788933,0.44155668752520194,-0.004447253004804286,-0.0006063308112091927
1777019691.6517196,tb1,0.15722469157984517,0.441660785359371,0.004900431577311529,0.005759164716605911
1777019691.662397,tb3,0.3546469743315809,0.8809261767853004,0.0045712043956093636,-0.005726573769115092
1777019691.6918612,tb2,0.7456141389891804,0.44146131394609284,-0.004418501396651567,-0.0006147898150895919
1777019691.701661,tb1,0.1574080182331543,0.4415620352789434,0.0049651758336375215,0.006139440549590432
1777019691.7127607,tb3,0.354864286363623,0.880846791087559,0.004598036941423595,-0.006071373205936504
1777019691.7418578,tb2,0.7458528848081748,0.44135490030689656,-0.004262050534266789,-0.000397557215843843
1777019691.7517624,tb1,0.15762200939206142,0.4414469746237544,0.004906577220995221,0.005871915457360481
1777019691.7625408,tb3,0.3550823151669578,0.8807670684601456,0.004555932126565697,-0.005829548655385212
1777019691.792671,tb2,0.7460474602293711,0.44126816771133515,-0.004306802056287204,-0.0004533811522341221
1777019691.8021016,tb1,0.15762200939206142,0.4414469746237544,0.004906577220995221,0.005871915457360481
1777019691.812735,tb3,0.3552992316620966,0.880687679627077,0.004516260002058215,-0.005595934342980226
1777019691.8419576,tb2,0.7462422803516507,0.4411813173322401,-0.004351762084296056,-0.0005413120223233593
1777019691.8517497,tb1,0.1578375993590062,0.4413311577328297,0.004845979165962212,0.005624733616636109
1777019691.8625689,tb3,0.35551401699048146,0.8806090034881746,0.004493159977632689,-0.00550458002631672
1777019691.8918881,tb2,0.7464454094162022,0.44109075848074725,-0.00435518376785895,-0.0005881208646753809
1777019691.9017417,tb1,0.15804700850879597,0.44121874379056025,0.004809194487643647,0.005499125843885509
1777019691.9123313,tb3,0.355727422971304,0.880530766553956,0.004513703249230154,-0.005770605108511762
1777019691.9418092,tb2,0.746675536586291,0.4409881365353716,-0.004233535516348757,-0.00046882285293925897
1777019691.9517493,tb1,0.15823721569362295,0.4411166389989411,0.004848751865419008,0.005773623023361419
1777019691.9626174,tb3,0.355727422971304,0.880530766553956,0.004513703249230154,-0.005770605108511762
1777019691.991824,tb2,0.746876694882692,0.44089844107398896,-0.00422558882803409,-0.00042171453674524515
1777019692.001667,tb1,0.15843629489651687,0.44100987006744463,0.004827327484443425,0.005705255807957894
1777019692.0126398,tb3,0.3559416388970519,0.8804521611851385,0.004487396978154529,-0.005672728022661822
1777019692.041707,tb2,0.7470674499384011,0.4408133809544225,-0.0042766781478078145,-0.0005092160840595604
1777019692.0517356,tb1,0.15864968191691736,0.4408955508854329,0.0047644364720249134,0.005438886151073878
1777019692.0624845,tb3,0.3561558416555381,0.8803734903261627,0.004445730478631832,-0.005419740455928955
1777019692.0917847,tb2,0.7472652885366797,0.4407251569848022,-0.0042893195280340485,-0.0005405814004555616
1777019692.1017559,tb1,0.15885565367962187,0.4407852816450902,0.004725810367132394,0.005298328210904915
1777019692.1124923,tb3,0.35636857573407693,0.8802952911784416,0.004417295589372511,-0.005281075317705767
1777019692.1420662,tb2,0.7474783811608924,0.4406301257876214,-0.004217662796192615,-0.00042404374957814156
1777019692.1517353,tb1,0.1590438235590028,0.44068453279004877,0.004742379833628766,0.00542449345369834
1777019692.1629093,tb3,0.3565792241867773,0.8802177956583673,0.004415439641395816,-0.005391794846474588
1777019692.1918194,tb2,0.7476939551424616,0.4405339827046313,-0.00415097465134719,-0.00040229243847171754
1777019692.2017274,tb1,0.1592409846733904,0.44057907146717923,0.004747416276238601,0.005541057028819372
1777019692.2125316,tb3,0.3567886997729976,0.8801406690218471,0.004420270681140665,-0.005514906741723776
1777019692.2417312,tb2,0.7478802676368826,0.44045088205667615,-0.004202315908560777,-0.0004881399994963978
1777019692.2517335,tb1,0.15944976311286974,0.440467515820081,0.004685896013332001,0.0052856524743215266
1777019692.2626014,tb3,0.3569982187563066,0.8800634606659834,0.004379429214868883,-0.005280293726726523
1777019692.291684,tb2,0.7480737509199704,0.44036457858794187,-0.00421597622440432,-0.000508657625260991
1777019692.301662,tb1,0.15965106231384385,0.4403600297121272,0.004648899663576234,0.005152045986582853
1777019692.3124666,tb3,0.3572070140498792,0.8799864543279718,0.004350556399425729,-0.005145499543785712
1777019692.3416474,tb2,0.7482767834296651,0.4402740078260348,-0.004157973327448203,-0.0003420549165294518
1777019692.3517106,tb1,0.15983043190450522,0.44026422485140737,0.004665044839357881,0.005232687362143475
1777019692.3624945,tb3,0.35741395603175,0.8799100714760233,0.00433847068722824,-0.005206193243525796
1777019692.3918855,tb2,0.7482767834296651,0.4402740078260348,-0.004157973327448203,-0.0003420549165294518
1777019692.4016876,tb1,0.16003422077274107,0.44015553048003875,0.004668394717924821,0.005402543192019778
1777019692.4124646,tb3,0.35761988049301685,0.879834003795647,0.00435921071195138,-0.0053926708266497266
1777019692.4418786,tb2,0.7484982759594434,0.44017519092160695,-0.00407726598017865,-0.0004121128942776147
1777019692.4516807,tb1,0.1602381592863673,0.44004684078387657,0.004612508464771934,0.005163313821794966
1777019692.4625793,tb3,0.357826166042273,0.8797577393408045,0.004320465030590291,-0.005171244094951039
1777019692.4919257,tb2,0.7486827154891168,0.4400929048312285,-0.004122080941607706,-0.0004827606062823755
1777019692.5016587,tb1,0.16043368830786697,0.43994269643421186,0.004278764028923058,0.0030628649504803383
1777019692.512464,tb3,0.3580315531836438,0.8796817457604765,0.004287223977550915,-0.005015564348067136
1777019692.5417728,tb2,0.7488700360358849,0.44000932992001635,-0.004141808449853054,-0.0004802904390077884
1777019692.5517719,tb1,0.16043368830786697,0.43994269643421186,0.0045760781440409475,0.005014884188130932
1777019692.5623906,tb3,0.35823507599937177,0.8796063846755747,0.0042694199881309,-0.005040299577829595
1777019692.59194,tb2,0.7490659731592977,0.439921905455819,-0.004095579022045186,-0.0003036417554647141
1777019692.60176,tb1,0.16060882986238229,0.43984938725653294,0.004589685275865933,0.005130214837605141
1777019692.61241,tb3,0.3584375305731801,0.8795313611046996,0.0042937709297506,-0.0052356883059684525
1777019692.6417897,tb2,0.7492860215244839,0.4398237084569324,-0.004013959902189898,-0.0003993050113648049
1777019692.6517255,tb1,0.16081221678206364,0.43974118295768666,0.00459187263391066,0.005312573839559515
1777019692.6625319,tb3,0.35864082829616595,0.8794559637316847,0.004253748382481126,-0.005011176623386768
1777019692.6918383,tb2,0.7494667684617027,0.4397430514902757,-0.004056938985507384,-0.00044059864175449454
1777019692.7017283,tb1,0.16101024167029826,0.4396358997385372,0.004540795767630135,0.005088595321564389
1777019692.7126908,tb3,0.35864082829616595,0.8794559637316847,0.004253748382481126,-0.005011176623386768
1777019692.7418404,tb2,0.7496516336308361,0.4396605535351871,-0.004056494112727846,-0.00034320996075487076
1777019692.751712,tb1,0.16119207854145243,0.4395393126773633,0.004523887679115482,0.004962086357136108
1777019692.7625897,tb3,0.35884249029482534,0.8793811161415195,0.004222008653359925,-0.004903698204468026
1777019692.791808,tb2,0.7498456461454823,0.4395739575683749,-0.004048292623310611,-0.00037768681354924394
1777019692.8017776,tb1,0.1613878706629828,0.4394353522863136,0.004497829234881133,0.0048942381873234575
1777019692.8125548,tb3,0.3590438840055204,0.8793063109697962,0.004206310394389411,-0.004852310366883425
1777019692.8418107,tb2,0.7500558216654034,0.43948010930641307,-0.003985501180071436,-0.00044048823458220756
1777019692.851735,tb1,0.1615849497182906,0.4393307645070222,0.004495468245876061,0.005010188061791286
1777019692.8625023,tb3,0.3592437279035645,0.8792320262096075,0.0042190995094879506,-0.004983083366478002
1777019692.8918154,tb2,0.7502348462791277,0.4394002056133084,-0.0040102007768850895,-0.00041198206153155413
1777019692.9017417,tb1,0.1617721659031723,0.4392314262581811,0.0044606763185222114,0.004847225770741009
1777019692.9124947,tb3,0.3594430181293005,0.8791578920196085,0.004182606992552473,-0.004822808015536438
1777019692.9417887,tb2,0.7504195127335261,0.4393177788346493,-0.004010644949406046,-0.0003527734235158719
1777019692.9517345,tb1,0.16195613775067433,0.4391338381470277,0.00444052466185352,0.004756983688851838
1777019692.9624877,tb3,0.3596423510837674,0.8790836850590547,0.004154584556560841,-0.0047209810741718
1777019692.991761,tb2,0.7506160456895383,0.4392300498272055,-0.0039877335745274155,-0.0004172288250496462
1777019693.0017254,tb1,0.16215157635174562,0.4390303045639266,0.004419612608462601,0.004755857289473679
1777019693.0125737,tb3,0.35983994467281644,0.8790100725357507,0.004149416881506824,-0.004730929184558856
1777019693.0416925,tb2,0.7508151232717754,0.4391411819472112,-0.003940495861473237,-0.00041171535341453895
1777019693.0516486,tb1,0.16233853426044342,0.4389312937700454,0.004417479640086058,0.004826681850450853
1777019693.0624163,tb3,0.3600364863485654,0.8789367993828783,0.004149461572193328,-0.004803877082286318
1777019693.0916986,tb2,0.7509929672155553,0.4390617881230975,-0.003954132345070857,-0.00034795203108126897
1777019693.1017172,tb1,0.16251931775623052,0.4388355529876516,0.0043922146180660135,0.004699972535442021
1777019693.1125448,tb3,0.3602328712977074,0.8788635310976186,0.004115497954196039,-0.00467028351888749
1777019693.1417677,tb2,0.7511770521017519,0.43897960282783766,-0.003966681268623085,-0.0004090431617203064
1777019693.1517746,tb1,0.16271264878484243,0.43873331326242376,0.004355295918899659,0.0045862758130945525
1777019693.162527,tb3,0.3604285008058015,0.8787904914853621,0.004093696121398331,-0.004565872537944417
1777019693.1918142,tb2,0.7511770521017519,0.43897960282783766,-0.003966681268623085,-0.0004090431617203064
1777019693.2016473,tb1,0.16289646493435525,0.43863613533453244,0.004368672987742376,0.004753434446473897
1777019693.2125287,tb3,0.3606226492444477,0.8787179545241166,0.004107350176350833,-0.0047297083265118965
1777019693.2418287,tb2,0.751382287960517,0.4388879919348078,-0.0038899735195600006,-0.0003939429566267869
1777019693.2516432,tb1,0.16307695906635983,0.4385407390940411,0.0043502516307709375,0.004681821302710163
1777019693.2625465,tb3,0.36081672989277624,0.8786453910222142,0.004083392192472053,-0.004651968500894673
1777019693.291862,tb2,0.7515639843004214,0.4388068697493385,-0.0038867811743296087,-0.0003471278949581974
1777019693.3017445,tb1,0.16307695906635983,0.4385407390940411,0.0043502516307709375,0.004681821302710163
1777019693.3123422,tb3,0.3610102543518941,0.8785729833858887,0.004054156809080745,-0.004496332050858078
1777019693.3419192,tb2,0.7517412824180857,0.43872770244963516,-0.003914790365700873,-0.0004005951620870453
1777019693.3517559,tb1,0.16326774317976545,0.43844001752340694,0.004307039999898034,0.004515628996335148
1777019693.3624504,tb3,0.36120229754448097,0.8785010811855172,0.004037613755526349,-0.004463782737730248
1777019693.3918803,tb2,0.7519253664526229,0.43864550065428626,-0.003900856723518074,-0.0003753534395766443
1777019693.401755,tb1,0.16344844529073846,0.4383446818058065,0.004292032882763658,0.0044687180207332085
1777019693.41245,tb3,0.3613933628557479,0.8784294967657985,0.004051408882680587,-0.004620645348689726
1777019693.4418018,tb2,0.7521273798375143,0.43855529063126475,-0.003828499644759463,-0.00037596036963716576
1777019693.4516315,tb1,0.1636311247175191,0.43824835062978496,0.004302371480601603,0.004614986959589061
1777019693.4623923,tb3,0.3615848957806724,0.8783576858600195,0.004018965548120761,-0.004446615934752133
1777019693.4918451,tb2,0.7523007126962739,0.4384778822672052,-0.003861016313802995,-0.0004137541761591295
1777019693.501751,tb1,0.1638183853573349,0.4381496531065247,0.004259340961412994,0.004449001609202169
1777019693.5124817,tb3,0.3615848957806724,0.8783576858600195,0.004018965548120761,-0.004446615934752133
1777019693.5418952,tb2,0.7524785221199974,0.43839847063895937,-0.003851860347191274,-0.0003285724982459901
1777019693.551731,tb1,0.16399103723323738,0.43805868077195564,0.004248400464393205,0.004382680349413876
1777019693.5624142,tb3,0.36177500203665724,0.8782863623120182,0.003995093330833906,-0.00438599898126474
1777019693.591896,tb2,0.7526743342209693,0.43831101988548726,-0.0038088172722862503,-0.0003920067449687966
1777019693.6018271,tb1,0.1641797005171371,0.43795935169801675,0.00423882767356251,0.0044503885110009755
1777019693.6124837,tb3,0.36196495122440697,0.8782150496435206,0.0040013541343431195,-0.004462769730099963
1777019693.6418931,tb2,0.7528522518425121,0.43823155344041204,-0.0038148047063821236,-0.00041353022480566937
1777019693.6518016,tb1,0.16436270836395972,0.4378630525561743,0.004210575515823094,0.004364336164518396
1777019693.6625576,tb3,0.3621538137193963,0.8781440977934332,0.003980612248841046,-0.004381222464681857
1777019693.6918716,tb2,0.7530265136843385,0.4381537141857968,-0.0038202839525718754,-0.00036006722136001706
1777019693.701819,tb1,0.1645379172704892,0.4377708538521894,0.0041899952683616465,0.004272617001358629
1777019693.712577,tb3,0.3623427986569139,0.878073051368073,0.003953100469630628,-0.004276946055165015
1777019693.741874,tb2,0.7532106176858842,0.4380714671484902,-0.0038054922674320467,-0.0003987909019845747
1777019693.7517126,tb1,0.16472185467535763,0.4376741690360104,0.004170159184156906,0.004255444614286225
1777019693.762869,tb3,0.36253060465624204,0.8780024019389384,0.003944056990651588,-0.004261898606946637
1777019693.7920969,tb2,0.753397073252425,0.4379881630847297,-0.0037608186397554725,-0.00033605313851516093
1777019693.8019848,tb1,0.16489371898218877,0.4375838191799035,0.004175014052540603,0.0043269853364082626
1777019693.8124235,tb3,0.3627172465663971,0.8779321453931077,0.003939854989034999,-0.004322695383984091
1777019693.8417032,tb2,0.7535683361584794,0.4379116509545082,-0.003787604288001748,-0.0003924227793042855
1777019693.8517072,tb1,0.16507808317643768,0.43748701057654393,0.004134002184825884,0.004179329919618406
1777019693.8625407,tb3,0.36290351285725897,0.8778619844785714,0.003913054786032645,-0.0041856108879549415
1777019693.8917036,tb2,0.7537480581391952,0.4378313589530814,-0.003764453241063268,-0.00034091085068787283
1777019693.9018059,tb1,0.16525023052967636,0.43739663394624456,0.004127738397524236,0.004184322670982119
1777019693.912537,tb3,0.36308905824973103,0.8777920497728691,0.0038999604621901664,-0.004178337235208192
1777019693.9417963,tb2,0.7537480581391952,0.4378313589530814,-0.003764453241063268,-0.00034091085068787283
1777019693.951685,tb1,0.1654319338129239,0.43730131683085877,0.0041141834576865375,0.004211875204092441
1777019693.9624395,tb3,0.36327353629586934,0.8777224738669207,0.003898676866013262,-0.004213323832367
1777019693.991875,tb2,0.753933536666676,0.4377484959542587,-0.0037363300551313426,-0.0003877731415349991
1777019694.0016315,tb1,0.16560377916355878,0.43721122030197235,0.00409443605283858,0.004130242155064736
1777019694.0124824,tb3,0.3634577015469241,0.8776529715108636,0.0038739169745475206,-0.00412583852790481
1777019694.041924,tb2,0.7541044479911843,0.43767212965299307,-0.0037402293557200566,-0.00034650556831581497
1777019694.0516944,tb1,0.1657843006987684,0.43711662244094124,0.004071215408634581,0.004092098819189224
1777019694.0625255,tb3,0.36364102174541757,0.8775837446276665,0.003862711826454291,-0.0040932120455225325
1777019694.0917625,tb2,0.754282527679495,0.4375925573240189,-0.0037332818973855866,-0.0003908245066066261
1777019694.1015801,tb1,0.1659561360414707,0.4370265948745074,0.004068723103005277,0.004136730725803861
1777019694.1125004,tb3,0.3638235690304951,0.8775147671115638,0.0038577877806179016,-0.004132103257372009
1777019694.1418402,tb2,0.7544641333658396,0.4375114060110791,-0.0036987945700576435,-0.00036238297259224466
1777019694.1517165,tb1,0.1659561360414707,0.4370265948745074,0.004068723103005277,0.004136730725803861
1777019694.1630495,tb3,0.36400578234609976,0.8774458726352142,0.003835053678039436,-0.004026052152766572
1777019694.191748,tb2,0.7546339106069759,0.4374355356768951,-0.003714484691659403,-0.0003955671237188007
1777019694.2016726,tb1,0.16613448487896998,0.43693323017107455,0.0040360329206090605,0.0040235308464419165
1777019694.212449,tb3,0.36418701794898944,0.8773773062671324,0.0038283114672976034,-0.004039972578263778
1777019694.2417734,tb2,0.7548128429795758,0.43735556595100644,-0.003690615720460669,-0.0003982362728885045
1777019694.2517745,tb1,0.16630846562137952,0.43684220016244574,0.0040254994281267555,0.004026948872473944
1777019694.2623665,tb3,0.3643677680018804,0.877308881848674,0.003523577407710092,-0.002752150192061654
1777019694.2917826,tb2,0.7549884473959857,0.4372770812800515,-0.003674779169086329,-0.00039014286193180025
1777019694.3016677,tb1,0.16648098642980902,0.4367519560718928,0.004012384185715783,0.004015704126555148
1777019694.312428,tb3,0.3643677680018804,0.877308881848674,0.0038169441743128108,-0.0040258140196952836
1777019694.341825,tb2,0.7551573488070951,0.43720159097822886,-0.0036640500598991137,-0.000529708216073612
1777019694.351784,tb1,0.16665626362630676,0.43666033315110714,0.003982800950384456,0.003962001876416468
1777019694.362532,tb3,0.3645345610297623,0.8772457217759603,0.0038204554823960974,-0.004144502419283932
1777019694.3918316,tb2,0.7553415005907049,0.43711928817880025,-0.0036205126328861807,-0.0005364114830892232
1777019694.4018157,tb1,0.1668298680312964,0.4365696270654157,0.003981545553857083,0.004035311224963501
1777019694.4126217,tb3,0.3647147341087298,0.8771774448255728,0.0038237312465593948,-0.0042141655390926566
1777019694.4416592,tb2,0.7555053231964354,0.43704606231604093,-0.0036436579334921115,-0.0005228602360019875
1777019694.4516687,tb1,0.16700227340384172,0.4364795937447655,0.003949986991513133,0.0039038788514512914
1777019694.4624414,tb3,0.3648951144517822,0.8771090453724276,0.003793936030242158,-0.004061148053931842
1777019694.4918032,tb2,0.755674377487444,0.4369704945693405,-0.0036509920848940814,-0.0005219740194164785
1777019694.5017772,tb1,0.16717587026592307,0.4363889815431542,0.003924760500543301,0.003820851570251753
1777019694.5127537,tb3,0.36507531306015356,0.877040671309021,0.0037728051942896015,-0.003954303579136287
1777019694.5418906,tb2,0.755850432096713,0.43689182314910835,-0.003631606426598988,-0.0005285224938801972
1777019694.5517006,tb1,0.16734887733781154,0.4362987216329268,0.003911907577024584,0.0038300797113622774
1777019694.5625014,tb3,0.36525405207546097,0.876972810914576,0.0037654395160523686,-0.003944703831515893
1777019694.5916996,tb2,0.7560170823486563,0.43681731691985554,-0.0036410597483646613,-0.0005342659818499598
1777019694.601654,tb1,0.16752103745047758,0.4362089453069529,0.0038855413164027423,0.003751956536564053
1777019694.6124995,tb3,0.36543193675228325,0.8769052352712131,0.0037446096132256286,-0.003853359704201907
1777019694.641721,tb2,0.7561932108293558,0.4367385753077504,-0.003616064877827088,-0.0005367529585605969
1777019694.6516757,tb1,0.16769223366275643,0.436119712741615,0.0038760679564443174,0.0037819846571535403
1777019694.6624143,tb3,0.36560915344560285,0.876837873922269,0.0037399885391111777,-0.0038693308049987597
1777019694.69172,tb2,0.7563579248935351,0.4366649244557824,-0.0036272038142820626,-0.0005383366432672046
1777019694.7018237,tb1,0.1678627431349447,0.43603087907729443,0.00384954526296851,0.0036993316767140543
1777019694.7125592,tb3,0.3657856699568933,0.8767707400534442,0.003718351524636255,-0.0037775050587481192
1777019694.741908,tb2,0.7563579248935351,0.4366649244557824,-0.0036272038142820626,-0.0005383366432672046
1777019694.7516978,tb1,0.1680322847043894,0.43594258968945054,0.003841000977110947,0.003732461931472645
1777019694.7625735,tb3,0.36596149808345996,0.8767038296393044,0.003714027522162348,-0.003799568877379553
1777019694.7917886,tb2,0.756532784555371,0.4365867339313862,-0.003601605975442219,-0.0005370768535988826
1777019694.8016245,tb1,0.16820121608442348,0.4358546582748574,0.0035408722925084493,0.0024908195497559335
1777019694.8125257,tb3,0.3661367074137622,0.8766371168814043,0.0036949158853267416,-0.0037265989282105755
1777019694.8418279,tb2,0.7566977354790723,0.4365129665880494,-0.0036073441536880572,-0.0005350811798180972
1777019694.8517704,tb1,0.16820121608442348,0.4358546582748574,0.0038176543452999893,0.003666136077869744
1777019694.8624916,tb3,0.3663111514747541,0.876570658244196,0.0036855047950316846,-0.0037595244634251084
1777019694.8918457,tb2,0.7568685290074093,0.4364365815636522,-0.0035720557467688128,-0.000427939870390403
1777019694.901817,tb1,0.16835804377813793,0.43577304436927655,0.003826922511604355,0.0038619657422089815
1777019694.9125202,tb3,0.3664850021637668,0.8765043881221849,0.0036700154310988285,-0.003706928383118691
1777019694.9417667,tb2,0.757034359560325,0.43636240545538546,-0.0035710793352882507,-0.0004295187858932765
1777019694.9517727,tb1,0.16852595724350775,0.4356857092714965,0.0038068033572830375,0.0038164402895020898
1777019694.9624221,tb3,0.36665809923348275,0.876438368574456,0.0036570179483472105,-0.003667950206103622
1777019694.9918551,tb2,0.7572009095137378,0.43628789251455086,-0.0035668664395335373,-0.0004430452719343821
1777019695.0017147,tb1,0.16869407237417974,0.4355983123564407,0.0037871119809670217,0.0037563701210246796
1777019695.01249,tb3,0.36665809923348275,0.876438368574456,0.0036570179483472105,-0.003667950206103622
1777019695.0418198,tb2,0.7573679608987047,0.43621316341870087,-0.0035584602413191997,-0.0004538739461937302
1777019695.0518143,tb1,0.16886129901187616,0.4355114175666439,0.003769847085344831,0.003712437514649615
1777019695.0624723,tb3,0.3668305086882401,0.8763725752710328,0.003645945062677393,-0.0036437501189223102
1777019695.0917592,tb2,0.7575341942566732,0.4361388005726498,-0.003551266292544748,-0.0004564095105770373
1777019695.1017864,tb1,0.16902765028950906,0.4354250168595901,0.0037529418490703115,0.0036705735621485867
1777019695.112436,tb3,0.367002837020018,0.8763067767458242,0.0036336241238926325,-0.003613299766754424
1777019695.1419077,tb2,0.7576986273085219,0.43606523630844274,-0.0035480010549537055,-0.00045635165349610773
1777019695.1517856,tb1,0.16919324340080294,0.43533904862403916,0.003734552359546771,0.003619671210337485
1777019695.1626272,tb3,0.3671745988938495,0.8762411587628876,0.0036193478275194377,-0.003571119549333041
1777019695.1918387,tb2,0.7578619092242761,0.435992182099987,-0.003546307657574666,-0.0004544853737558285
1777019695.2016902,tb1,0.1693580520965866,0.43525352561027286,0.003715760494426236,0.0035671182162473397
1777019695.212433,tb3,0.3673457100861324,0.8761757541334438,0.003604303586731348,-0.003525377095901351
1777019695.2418692,tb2,0.7580245217081887,0.43591942273704093,-0.003544381626204258,-0.0004513196560007723
1777019695.2517872,tb1,0.16952204141008756,0.43516846496311773,0.0036974027149355333,0.0035190363738364823
1777019695.2624717,tb3,0.3675160904570381,0.8761105942927774,0.0035894109336508887,-0.003482804623887014
1777019695.2918036,tb2,0.7581861323632267,0.43584710727007936,-0.0035432596943430583,-0.00044699323418728905
1777019695.301741,tb1,0.16968519172231378,0.43508387591424835,0.0036789784110266926,0.003472231485859283
1777019695.3124888,tb3,0.36768571090149554,0.8760456911482604,0.00357418945310373,-0.003440494583664465
1777019695.3417718,tb2,0.7583476719821751,0.43577481915467475,-0.0035397364277607556,-0.0004419055297714275
1777019695.3516939,tb1,0.1698474953752673,0.43499976154871406,0.003661981861175626,0.0034361304628646684
1777019695.3624463,tb3,0.36785453040190397,0.8759810611391219,0.0035601939504170672,-0.00340820414071571
1777019695.3917115,tb2,0.7585090670310527,0.43570259134086,-0.0035341157073195905,-0.0004361406785897211
1777019695.401733,tb1,0.17000897202502793,0.43491611089530074,0.003646248963827164,0.003409037453066307
1777019695.4124987,tb3,0.36802256463381766,0.8759166989530456,0.0035472739623656022,-0.0033844958826866533
1777019695.4416149,tb2,0.7586702031907309,0.4356304750479689,-0.0029929067192797174,-0.00042082156950938067
1777019695.4516249,tb1,0.17016970124143826,0.43483288215772187,0.003631441298035577,0.0033876287811251808
1777019695.4623554,tb3,0.368189907888288,0.8758525689507004,0.0035350734280058965,-0.0033660259604466466
1777019695.4918106,tb2,0.7586702031907309,0.4356304750479689,-0.0035270635667014553,-0.00042963657350132255
1777019695.5017645,tb1,0.17032974575699905,0.43475004236098913,0.0035798434827822587,0.003129967214695287
1777019695.5123656,tb3,0.36835661046950613,0.8757886522551024,0.003485950399917444,-0.003111156531514002
1777019695.5419097,tb2,0.758807600938297,0.4355689800830048,-0.0035976245849173435,-0.0004223288944639838
1777019695.5516446,tb1,0.17048782145426716,0.4346682517899731,0.00356985785007241,0.0031555895827764286
1777019695.562467,tb3,0.36852151319500337,0.8757253963967844,0.0034777936275724964,-0.0031327494255169565
1777019695.5918639,tb2,0.7589686472646717,0.4354968956136324,-0.003582648680741246,-0.0004128225164104992
1777019695.6017997,tb1,0.17048782145426716,0.4346682517899731,0.00356985785007241,0.0031555895827764286
1777019695.6123798,tb3,0.368685282100707,0.8756625468237392,0.0034761870305376644,-0.003199506869677733
1777019695.6417792,tb2,0.7591325621503973,0.43542352275130897,-0.003555016838346718,-0.00040661391988872347
1777019695.6517608,tb1,0.1706451424115993,0.43458688307140364,0.0035657532494781045,0.003218565990988206
1777019695.662382,tb3,0.3688488935122743,0.8755997271871758,0.0034733780589473393,-0.003250151262701754
1777019695.6918917,tb2,0.7592956393691729,0.4353505206651522,-0.00352994470771139,-0.00040175305225112696
1777019695.7017546,tb1,0.17080243578889998,0.4345055601395932,0.0035603673880207827,0.0032719728267024853
1777019695.712534,tb3,0.3690123931232715,0.8755369194150658,0.0034684532058393254,-0.0032797788845959986
1777019695.7419047,tb2,0.7594573656612332,0.4352781193142223,-0.003508906196911192,-0.0003958948872280054
1777019695.7516932,tb1,0.17095950806788782,0.43442438441840925,0.0035530854191084087,0.0033031909337828094
1777019695.763123,tb3,0.36917566245834393,0.8754741689227705,0.0031924286276961483,-0.002153322173066973
1777019695.7922168,tb2,0.7596179461828073,0.43520622697735006,-0.003490943441808337,-0.00038960445115768455
1777019695.8020039,tb1,0.17111631089215065,0.43434338117782223,0.0035443429286452005,0.003316918294820144
1777019695.8126225,tb3,0.36917566245834393,0.8754741689227705,0.0034619743295957292,-0.003293806635606821
1777019695.8417642,tb2,0.7597775691309856,0.4351347594854457,-0.003456443928665084,-0.0004867369997865875
1777019695.8516397,tb1,0.17127274268479248,0.4342626028370029,0.0035337557855862393,0.0033546050426325733
1777019695.862599,tb3,0.36932687365379957,0.8754160405516354,0.0034758918665510944,-0.0034775075896920755
1777019695.8918395,tb2,0.759935877646459,0.43506387745820696,-0.003444437979092559,-0.00047287817688865426
1777019695.901668,tb1,0.17142873154877727,0.43418208648579576,0.003522714457884978,0.0033407709405269045
1777019695.9125514,tb3,0.3694898983878839,0.875353331365323,0.0034660356528276107,-0.0034649626071196976
1777019695.9418206,tb2,0.7600930954582399,0.4349934799763621,-0.0034361705466052837,-0.0004475912233588568
1777019695.9517038,tb1,0.17158421963230638,0.4341018620411005,0.0035108264309874995,0.0033127616475587336
1777019695.9625554,tb3,0.3696534672578412,0.875290378670609,0.00345316186309976,-0.0034193220251497883
1777019695.9918299,tb2,0.760249856285688,0.4349232823845187,-0.0034277775051612326,-0.00042317661500792777
1777019696.0017593,tb1,0.17173920244250795,0.434021930918043,0.00349911219512426,0.0032854227454537474
1777019696.0124784,tb3,0.36981649513228393,0.8752276018988455,0.0034404446418696117,-0.0033744596724904563
1777019696.0417767,tb2,0.7604062223388135,0.4348532570114197,-0.0034188078381672165,-0.0004007116033974715
1777019696.0516357,tb1,0.1718936539342771,0.4339423059355557,0.003487724280724806,0.00326100730159934
1777019696.0625875,tb3,0.3699788577919661,0.875165049833376,0.003428241730329425,-0.0033350250505468997
1777019696.0917652,tb2,0.7605621633455276,0.43478341769963375,-0.003409354541000618,-0.0003800274669622187
1777019696.1016848,tb1,0.17204756569964247,0.43386299093526687,0.0034766265125372848,0.0032391255154395264
1777019696.112411,tb3,0.3701405590043319,0.875102721700078,0.0034164943626398565,-0.0033005182698429445
1777019696.141771,tb2,0.7607176515835191,0.4347137771441651,-0.0033996317641233546,-0.00036098816228085154
1777019696.1517513,tb1,0.1722009719102762,0.4337839678772669,0.0034657095706969333,0.003218716289716205
1777019696.1628647,tb3,0.37030163926736537,0.8750406024311527,0.0034050803092974986,-0.0032695408249230505
1777019696.1923738,tb2,0.7608726784621438,0.4346443394510873,-0.002879051505481868,-0.00034753320464760195
1777019696.2017148,tb1,0.1723538825190542,0.4337052312305454,0.0034549396063626083,0.00319933290471698
1777019696.2124555,tb3,0.37046212171497883,0.8749786836113216,0.0033939385855271207,-0.003241283950154749
1777019696.2418377,tb2,0.7608726784621438,0.4346443394510873,-0.003389721365963112,-0.00034337820938005895
1777019696.2520382,tb1,0.17250629524414327,0.43362678176635666,0.003409931317477067,0.0029620008001175866
1777019696.2625377,tb3,0.3706220131610792,0.8749169630969652,0.0033486939825841137,-0.002996643551786641
1777019696.2919118,tb2,0.7610058025688504,0.43458470992975,-0.003451629785141094,-0.00032645687704990593
1777019696.3018665,tb1,0.17265698530445722,0.4335492458783693,0.003403016458753495,0.002984399947222199
1777019696.3124702,tb3,0.37078016769542704,0.8748558863210597,0.0033412980285269928,-0.0030077900415411882
1777019696.341904,tb2,0.7611606214929704,0.4345153585426312,-0.00343508255012944,-0.0003095013004825284
1777019696.351751,tb1,0.17265698530445722,0.4335492458783693,0.003403016458753495,0.002984399947222199
1777019696.362461,tb3,0.3709373534126075,0.8747951572246031,0.003339440351535188,-0.0030571502600709906
1777019696.3918319,tb2,0.7613178381613241,0.4344449295657472,-0.003408056551226205,-0.00029672258230136394
1777019696.4017978,tb1,0.17280712261303938,0.4334720226524275,0.0034008833459198895,0.00303728580263965
1777019696.4124677,tb3,0.3710943871143524,0.8747344588564777,0.0033363053935675825,-0.0030916207925513824
1777019696.4418237,tb2,0.7614741604586442,0.4343748980652676,-0.0033838076918647664,-0.0002857121996896711
1777019696.4517179,tb1,0.1729572455387078,0.43339483523282124,0.003397347584103068,0.0030799358553018803
1777019696.4624836,tb3,0.37125128609319497,0.8746737842626909,0.003331271322993634,-0.0031082661606231373
1777019696.4918392,tb2,0.7616292178027008,0.43430543029766766,-0.0033634354952251184,-0.00027518707733908184
1777019696.5017948,tb1,0.17310725054830492,0.43331773794023654,0.0033918925181106556,0.0031027067786281565
1777019696.5127752,tb3,0.37140794754001144,0.8746131732488154,0.0030658510300082525,-0.002028244961536248
1777019696.5417738,tb2,0.7617831696232569,0.4342364550103689,-0.0033461347164870743,-0.00026540395666437575
1777019696.5516963,tb1,0.17325707402899046,0.4332407636786493,0.0033849036130249094,0.0031095443291312636
1777019696.5625834,tb3,0.37140794754001144,0.8746131732488154,0.0033247953474027326,-0.0031116679178059127
1777019696.591825,tb2,0.7619361983927587,0.434167890593389,-0.0033122533322064896,-0.0003606045984884702
1777019696.6017344,tb1,0.1734066228933789,0.4331639601794166,0.003375959689087462,0.003142218273563058
1777019696.6124427,tb3,0.371552522278199,0.8745572286173203,0.0033388869091207944,-0.0032856163997715395
1777019696.6418512,tb2,0.7620880101547439,0.43409986959202335,-0.0033007250235054155,-0.00034583960039043845
1777019696.6517243,tb1,0.17355582223872518,0.4330873658470029,0.003366574240327052,0.0031245230306367567
1777019696.6624117,tb3,0.37170890723027195,0.8744966773633193,0.003329343518596994,-0.0032661249923037167
1777019696.6918182,tb2,0.762238705631945,0.4340323463155746,-0.003293219639839448,-0.0003198530693027438
1777019696.7017906,tb1,0.17370459834954363,0.43301101864696284,0.00335617014556234,0.00309239312356484
1777019696.7124665,tb3,0.37186588071379323,0.8744358670652778,0.0033166702796718034,-0.0032133235540410384
1777019696.7418137,tb2,0.7623889653059346,0.43396501488260714,-0.003285631786352825,-0.0002951958444945995
1777019696.751838,tb1,0.17385292556511425,0.43293493083001955,0.0033458828303692253,0.0030616136427961548
1777019696.7624893,tb3,0.3720223289429326,0.8743752310861899,0.003304179309937332,-0.003162268908189858
1777019696.7918477,tb2,0.7625388691064046,0.4338978396625007,-0.0032774589082817333,-0.0002730899401179299
1777019696.8017364,tb1,0.1740007896502141,0.4328591090987915,0.003335870792354146,0.003034488309161655
1777019696.8125427,tb3,0.3721781205644173,0.8743148213295285,0.003292271805406531,-0.00311785561562734
1777019696.8417966,tb2,0.7626883949761238,0.4338308308221821,-0.003268765562761036,-0.00025347515196382083
1777019696.851682,tb1,0.17414819037902052,0.43278355311774325,0.003326093583685886,0.003010549247929276
1777019696.8623776,tb3,0.3723332502571849,0.8742546405620456,0.0032809176632006215,-0.003079671375253851
1777019696.8917966,tb2,0.7628374910022487,0.4337640118805326,-0.003259818115996757,-0.00023597362266672807
1777019696.901754,tb1,0.17429513903759472,0.4327082567080262,0.0033164434528917797,0.0029885990037609037
1777019696.9124856,tb3,0.3724877642810818,0.8741946713820135,0.0032699405982507816,-0.0030458977638751533
1777019696.9417694,tb2,0.7628374910022487,0.4337640118805326,-0.003259818115996757,-0.00023597362266672807
1777019696.951689,tb1,0.17444164292512043,0.43263321575911395,0.0033069126801654725,0.002968237901999763
1777019696.9624858,tb3,0.37264169089561655,0.874134903319484,0.003259290515561567,-0.003015677308499298
1777019696.9918249,tb2,0.7629861626954352,0.4336973806225821,-0.0032506548863452467,-0.00022023404671423028
1777019697.0016615,tb1,0.17458770737981097,0.43255842717856596,0.003298065151854124,0.0029527919942007167
1777019697.012464,tb3,0.3727950511098805,0.8740753286772949,0.003249499037639865,-0.002991986096833913
1777019697.041846,tb2,0.7631347685693668,0.4336307767172698,-0.003240114511152664,-0.0002053932480504633
1777019697.0516956,tb1,0.1747333591022732,0.4324838770145009,0.0032892525797837426,0.0029376265573344187
1777019697.0626278,tb3,0.372947892004232,0.8740159295446525,0.003239882103412637,-0.0029699374182786797
1777019697.091951,tb2,0.7632829379014662,0.4335643662021249,-0.003229560475214035,-0.00019189473608915942
1777019697.1017067,tb1,0.1747333591022732,0.4324838770145009,0.0032892525797837426,0.0029376265573344187
1777019697.1123416,tb3,0.37310023645970336,0.8739566973733277,0.003230302402961939,-0.0029483157086940097
1777019697.141827,tb2,0.7634306124214209,0.433498175365237,-0.003219261081372357,-0.00017969184695822713
1777019697.1517284,tb1,0.17487861995637116,0.4324095537931454,0.0032803412788616885,0.002921767747226041
1777019697.1624403,tb3,0.3732520980424268,0.8738976272366076,0.003220751273808464,-0.0029256358688322043
1777019697.1918657,tb2,0.7635777840762002,0.43343220797692916,-0.0032098709581887663,-0.00017197781595671693
1777019697.2017968,tb1,0.17502385293917458,0.4323352717378613,0.0032706603181429255,0.0029016365662347583
1777019697.2123861,tb3,0.3734034690153302,0.8738387225260272,0.0032112325240670025,-0.002903456308068343
1777019697.2418373,tb2,0.7637244648369728,0.4333664588345513,-0.0032007051984868935,-0.00016521557164472355
1777019697.2517278,tb1,0.17516867966939612,0.432261224078153,0.0032609162807179463,0.00288110863574928
1777019697.2626657,tb3,0.37355435124014746,0.873779982884429,0.0029551904742709154,-0.0018706405510182872
1777019697.2918239,tb2,0.7638707060480444,0.4333009050819832,-0.0031915408860697892,-0.0001589085041863044
1777019697.30177,tb1,0.17531306831334226,0.4321874266998941,0.003251255244033208,0.0028613811467417555
1777019697.312566,tb3,0.37355435124014746,0.873779982884429,0.0032018224379998673,-0.002882380744157831
1777019697.3417637,tb2,0.7640164979658061,0.43323555116991835,-0.003164542841233769,-0.0002524630524062231
1777019697.3516827,tb1,0.17545701708161424,0.43211388015504987,0.00324079223745404,0.002877783497153277
1777019697.3623605,tb3,0.3736935564992953,0.8737257811701039,0.0032130166029926193,-0.0030306497963242794
1777019697.3918684,tb2,0.7641614389255129,0.43317057789938035,-0.0031575846819685643,-0.000240148659060393
1777019697.4017575,tb1,0.1756005147010728,0.432040590033539,0.0032306604235968046,0.0028527099201217728
1777019697.4125874,tb3,0.37384397854077517,0.8736671788654777,0.0032022235645938414,-0.003000989278040228
1777019697.4418523,tb2,0.7643055626988854,0.43310596957851166,-0.003153367045851232,-0.00021721436328400864
1777019697.4517179,tb1,0.1757435415615414,0.4319675664592772,0.003220083816754694,0.002818587064946155
1777019697.4625628,tb3,0.37399486631353857,0.873608367467387,0.003189022421701596,-0.0029449501513978816
1777019697.4917424,tb2,0.7644494232128936,0.43304147691649436,-0.0031483596815623416,-0.00019573517554848313
1777019697.501772,tb1,0.17588609573828454,0.43189480954036497,0.0032099450338683375,0.0027886698701962338
1777019697.5125587,tb3,0.3741451771012915,0.8735497552702549,0.0031763818112308987,-0.0028939085720325764
1777019697.5418015,tb2,0.7645930654332348,0.4329770798978271,-0.003142273759413592,-0.0001769329901180755
1777019697.5517473,tb1,0.17602819214243004,0.4318223111414048,0.0032002882313150152,0.0027640558347971135
1777019697.5625703,tb3,0.37429480961640293,0.8734913827269736,0.003164589168287965,-0.0028514862883481933
1777019697.5917938,tb2,0.7647364388526053,0.43291280140472715,-0.0031353230076349103,-0.00016050421672541377
1777019697.6017323,tb1,0.17616983378188814,0.43175006934224586,0.003191020229189531,0.0027436486873773478
1777019697.6124136,tb3,0.3744437887481601,0.8734332407409962,0.0031535106295369885,-0.002816338885260829
1777019697.6417072,tb2,0.7648794885079592,0.43284866629476587,-0.003127800731521928,-0.00014610485643025114
1777019697.6517537,tb1,0.17631104074322526,0.43167807358173976,0.003182009930179076,0.002725977870135746
1777019697.6625,tb3,0.3745921619082145,0.8733753112886319,0.003142961571372084,-0.0027864659881615943
1777019697.69173,tb2,0.765022179203757,0.43278469054153185,-0.0031199251421319724,-0.00013333423534343152
1777019697.7017605,tb1,0.17645182747493968,0.43160631620343337,0.003173171142602217,0.0027099977290065305
1777019697.7124135,tb3,0.37473997688931104,0.8733175761212087,0.003132790777341341,-0.0027602554533948825
1777019697.7416673,tb2,0.7651645034686566,0.4327208776650615,-0.0026422214632838095,-0.00012863055055955565
1777019697.751728,tb1,0.17659221105679657,0.43153478822838476,0.0031644584495153115,0.002695146165946189
1777019697.7624235,tb3,0.3748872598916963,0.8732600253830001,0.003122933780469598,-0.002736837706337834
1777019697.7921567,tb2,0.7651645034686566,0.4327208776650615,-0.0031117913384636933,-0.0001220067234894125
1777019697.8021066,tb1,0.1767322053871734,0.43146348231432474,0.003122707171797201,0.0024721870053720832
1777019697.8124077,tb3,0.37503403054369044,0.8732026517620441,0.003080228676779873,-0.0025067954446311063
1777019697.841843,tb2,0.7652858636437277,0.4326664635735168,-0.0031725872917864814,-0.00011153612005844514
1777019697.8515615,tb1,0.1768706006502898,0.4313930110145505,0.003117552310779862,0.0024965609264438414
1777019697.8624098,tb3,0.37517922141086424,0.8731458752426503,0.003073850042768972,-0.0025197504419116764
