timestamp,kf_x,kf_y,ekf_raw_x,ekf_raw_y,gt_x,gt_y,gt_obs_x,gt_obs_y
1774349001.2516391,0.5916246013889255,0.29628765961188996,0.6516580313422964,0.22481402952367202,0.6829786896705627,0.20605376362800598,0.3355625569820404,0.2731746435165405
1774349001.4774346,0.5916126511684096,0.29630171987202925,0.6516580313422964,0.22481402952367202,0.6833233833312988,0.20532429218292236,0.33555692434310913,0.2731678783893585
1774349001.6123316,0.5917661380953761,0.2960381393441964,0.6516580313422964,0.22481402952367202,0.6829777359962463,0.2060266137123108,0.3355585038661957,0.27316293120384216
1774349001.896538,0.5917376567234954,0.296067350891514,0.6516580313422964,0.22481402952367202,0.6829959750175476,0.20604339241981506,0.33556777238845825,0.2731570601463318
1774349002.0042,0.5917099980608345,0.2960996689289356,0.6516580313422964,0.22481402952367202,0.6830012798309326,0.20603719353675842,0.33556339144706726,0.2731703519821167
1774349002.199419,0.5916794615951678,0.2961350438266613,0.6516580313422964,0.22481402952367202,0.682983934879303,0.2060415893793106,0.33556851744651794,0.27316814661026
1774349002.4536138,0.5917229603259823,0.29607967836178395,0.6516580313422964,0.22481402952367202,0.682993471622467,0.20603449642658234,0.3355660140514374,0.2731648087501526
1774349002.5980477,0.5917634517576753,0.2960281542364728,0.6516580313422964,0.22481402952367202,0.682997465133667,0.20600855350494385,0.33557048439979553,0.2731522023677826
1774349002.8002334,0.5918802103191322,0.29584149098445034,0.6516580313422964,0.22481402952367202,0.6829804182052612,0.2060348242521286,0.3355751037597656,0.2731669545173645
1774349003.053092,0.59184727730168,0.29587996203472366,0.6516580313422964,0.22481402952367202,0.6829855442047119,0.20602403581142426,0.33556634187698364,0.27315664291381836
1774349003.200555,0.5919589523791154,0.2957001541509413,0.6516580313422964,0.22481402952367202,0.6829544901847839,0.2060314416885376,0.3356303870677948,0.2740321457386017
1774349003.4527586,0.5919141736576864,0.295752013265597,0.6516580313422964,0.22481402952367202,0.6829794645309448,0.20603927969932556,0.3355690836906433,0.2731667757034302
1774349003.6026359,0.591899628201976,0.29576729689364273,0.6516580313422964,0.22481402952367202,0.6829937100410461,0.20603488385677338,0.3355739116668701,0.2731686234474182
1774349003.801678,0.5920278833656785,0.29548833237801936,0.6516580313422964,0.22481402952367202,0.682945966720581,0.20603518187999725,0.33554545044898987,0.27316585183143616
1774349004.0056832,0.5919917752216075,0.29553103912344414,0.6516580313422964,0.22481402952367202,0.6829812526702881,0.20603343844413757,0.3355754613876343,0.27316218614578247
1774349004.208863,0.5920474024372818,0.2954324729005421,0.6516580313422964,0.22481402952367202,0.6829696297645569,0.20603109896183014,0.33555954694747925,0.27316814661026
1774349004.4523675,0.5919979627879177,0.29548332220979345,0.6516580313422964,0.22481402952367202,0.6829742193222046,0.2060406655073166,0.33556845784187317,0.27316731214523315
1774349004.6571786,0.5920166153990081,0.2954595316637453,0.6516580313422964,0.22481402952367202,0.6829919815063477,0.20603212714195251,0.3355698883533478,0.273170530796051
1774349004.80598,0.5919531977643724,0.29553197326248176,0.6516580313422964,0.22481402952367202,0.6829826235771179,0.2060396522283554,0.33557721972465515,0.2731768488883972
1774349005.0526023,0.5919016516915023,0.29558472042533157,0.6516580313422964,0.22481402952367202,0.6829888820648193,0.20605404675006866,0.33556443452835083,0.2731793522834778
1774349005.2096791,0.5920157933773063,0.29535367824812214,0.6516580313422964,0.22481402952367202,0.6829806566238403,0.2060299515724182,0.33555907011032104,0.27316704392433167
1774349005.4084582,0.5919661982113162,0.29541166198865804,0.6516580313422964,0.22481402952367202,0.6829714775085449,0.20605264604091644,0.3355674743652344,0.2731788158416748
1774349005.652017,0.5920461077896829,0.2951045575820345,0.6516580313422964,0.22481402952367202,0.682971179485321,0.20604270696640015,0.3355564773082733,0.2731594443321228
1774349005.85201,0.5921246385466279,0.2949734677823354,0.6516580313422964,0.22481402952367202,0.682982325553894,0.20603495836257935,0.3355630338191986,0.2731682062149048
1774349006.009001,0.5921810731325209,0.29488663795087977,0.6516580313422964,0.22481402952367202,0.6829766035079956,0.2060561180114746,0.33555373549461365,0.2731793224811554
1774349006.2531345,0.5921330951323154,0.29494448163252673,0.6516580313422964,0.22481402952367202,0.682980477809906,0.20604459941387177,0.335562139749527,0.2731693685054779
1774349006.4103882,0.5920987754288247,0.2949866485230656,0.6516580313422964,0.22481402952367202,0.6829774975776672,0.20604370534420013,0.33555176854133606,0.27317485213279724
1774349006.6131864,0.5920707892422821,0.29502124849471006,0.6516580313422964,0.22481402952367202,0.6829718351364136,0.20602451264858246,0.33555492758750916,0.2731592655181885
1774349006.8524,0.5920944237354184,0.29498950540390273,0.6516580313422964,0.22481402952367202,0.6829837560653687,0.20602959394454956,0.3355615437030792,0.27316686511039734
1774349007.0119524,0.5921784881497082,0.2948565065222924,0.6516580313422964,0.22481402952367202,0.6829699277877808,0.20601385831832886,0.3355441093444824,0.2731665372848511
1774349007.2521014,0.592148695341572,0.2948935135758556,0.6516580313422964,0.22481402952367202,0.6829829216003418,0.20603521168231964,0.3355627954006195,0.27316752076148987
1774349007.412875,0.592198159763369,0.2947995487037559,0.6516580313422964,0.22481402952367202,0.6829770803451538,0.2060377150774002,0.33556506037712097,0.2731638252735138
1774349007.6541696,0.5922006529569386,0.294796281201587,0.6516580313422964,0.22481402952367202,0.6829572319984436,0.20606361329555511,0.33555111289024353,0.2731839716434479
1774349007.8147917,0.5922165579426281,0.29477484281539584,0.6516580313422964,0.22481402952367202,0.6829662919044495,0.20603421330451965,0.3355500102043152,0.27315589785575867
1774349008.0514596,0.5921782150547658,0.29482198386610026,0.6516580313422964,0.22481402952367202,0.6829689145088196,0.20604074001312256,0.33556032180786133,0.2731669545173645
1774349008.215593,0.5922082340692226,0.29478037217915476,0.6516580313422964,0.22481402952367202,0.6829589605331421,0.20605024695396423,0.3355436623096466,0.27318274974823
1774349008.4164314,0.5922556282606654,0.2946903649974667,0.6516580313422964,0.22481402952367202,0.6829718947410583,0.2060423493385315,0.3355603814125061,0.2731761336326599
1774349008.652241,0.5922189834712932,0.29473586627188664,0.6516580313422964,0.22481402952367202,0.6830040812492371,0.2060355246067047,0.3355604410171509,0.2731696665287018
1774349008.8527217,0.5922766217623122,0.29461774246218425,0.6516580313422964,0.22481402952367202,0.6829890608787537,0.20604455471038818,0.3355618119239807,0.2731707692146301
1774349009.017315,0.5923085118349042,0.2945726591903428,0.6516580313422964,0.22481402952367202,0.682976484298706,0.20604035258293152,0.33555319905281067,0.27316814661026
1774349009.2203417,0.5923620977352257,0.2944639240465214,0.6516580313422964,0.22481402952367202,0.6829618811607361,0.20606544613838196,0.33553069829940796,0.27302393317222595
1774349009.4519265,0.5923894874447022,0.2944288253100903,0.6516580313422964,0.22481402952367202,0.682986319065094,0.2060575783252716,0.33546924591064453,0.27181097865104675
1774349009.6205025,0.5924918285011335,0.29426278492956043,0.6516580313422964,0.22481402952367202,0.6829705238342285,0.20605207979679108,0.3353257179260254,0.26844972372055054
1774349009.8235433,0.5925871236972247,0.29393575123385773,0.6516580313422964,0.22481402952367202,0.6829763650894165,0.20605821907520294,0.33500996232032776,0.26448196172714233
1774349010.021917,0.5926829874170799,0.2937742499758373,0.6516580313422964,0.22481402952367202,0.682992160320282,0.20605012774467468,0.33412396907806396,0.25830888748168945
1774349010.2209158,0.5926839443170745,0.29377308421746473,0.6516580313422964,0.22481402952367202,0.6829666495323181,0.20604345202445984,0.3336672782897949,0.252446711063385
1774349010.4514604,0.5928132588348193,0.29360055028082566,0.6516580313422964,0.22481402952367202,0.6829847097396851,0.20603972673416138,0.3331064283847809,0.2455781102180481
1774349010.62319,0.5928981003970494,0.29347717650633987,0.6516580313422964,0.22481402952367202,0.6829724311828613,0.2060374766588211,0.33274218440055847,0.23973627388477325
1774349010.8244622,0.5930310628655153,0.29323914390358546,0.6516580313422964,0.22481402952367202,0.6829710602760315,0.206056147813797,0.33273571729660034,0.23444071412086487
1774349011.0525355,0.593182301449249,0.2928830096634861,0.651659560697448,0.22480162956678806,0.6829862594604492,0.20598140358924866,0.33241310715675354,0.22843188047409058
1774349011.2247946,0.5933430362381111,0.29201150618533334,0.6517330383585259,0.22420701556474176,0.6832033395767212,0.20443926751613617,0.3315903842449188,0.22284166514873505
1774349011.4516754,0.5938677525588836,0.2882909577163212,0.6521669970556191,0.2205952444185848,0.6840441823005676,0.19979651272296906,0.33107954263687134,0.21648593246936798
1774349011.651117,0.5944981086462691,0.2827043126915127,0.6527682063168935,0.2154056065130876,0.6849627494812012,0.19388271868228912,0.33087268471717834,0.2111474722623825
1774349012.0517867,0.5953371554142388,0.2763588937011015,0.6534532418614272,0.20953810475798362,0.6868444681167603,0.18241634964942932,0.33008497953414917,0.1985580027103424
1774349012.2577345,0.5955949969511584,0.2755702943590982,0.6534532418614272,0.20953810475798362,0.687889814376831,0.17672088742256165,0.3299010396003723,0.193353071808815
1774349012.449833,0.5956244978652229,0.27467660331289145,0.6534532418614272,0.20953810475798362,0.6887839436531067,0.1720813512802124,0.3291611075401306,0.18678703904151917
1774349012.6519368,0.5956872574909025,0.2737292221531744,0.6534532418614272,0.20953810475798362,0.6897032260894775,0.16659677028656006,0.32874542474746704,0.18193519115447998
1774349012.852119,0.5992151342241632,0.24423057350879668,0.657001449268946,0.18015308350577408,0.6908223032951355,0.16058391332626343,0.3287133574485779,0.17680254578590393
1774349013.6050837,0.6015338406958787,0.2253500743539492,0.6593276468489091,0.16112937775565261,0.6941316723823547,0.13926899433135986,0.3275938034057617,0.1542677879333496
1774349013.6087089,0.6015433858049587,0.22519185746672488,0.6593276468489091,0.16112937775565261,0.6941683888435364,0.1389952450990677,0.32763949036598206,0.15492239594459534
1774349013.6522083,0.6015571937758849,0.22482397517894834,0.6593276468489091,0.16112937775565261,0.6944286227226257,0.13772660493850708,0.32740306854248047,0.1526644080877304
1774349013.8518174,0.6015401685351945,0.22443516048122766,0.6593276468489091,0.16112937775565261,0.6953648924827576,0.1317984014749527,0.3273640275001526,0.14979392290115356
1774349014.0522056,0.6014677065951879,0.22370343828407258,0.6593276468489091,0.16112937775565261,0.6963310837745667,0.12676066160202026,0.32735443115234375,0.1438535749912262
1774349014.8708227,0.6013741498453118,0.22279319983671686,0.6593276468489091,0.16112937775565261,0.700205385684967,0.10335740447044373,0.32644355297088623,0.11899598687887192
1774349014.8746097,0.600985395993719,0.2218116661902487,0.6593276468489091,0.16112937775565261,0.700205385684967,0.10335740447044373,0.32644355297088623,0.11899598687887192
1774349014.8781674,0.6001284815882545,0.22108659780011197,0.6593276468489091,0.16112937775565261,0.7002675533294678,0.1031126156449318,0.32641375064849854,0.11870469897985458
1774349014.8811078,0.5991747487806697,0.22112467670851121,0.6593276468489091,0.16112937775565261,0.7002675533294678,0.1031126156449318,0.32641375064849854,0.11870469897985458
1774349015.0511653,0.5983941211604852,0.2213642016364304,0.6593276468489091,0.16112937775565261,0.7011208534240723,0.09784157574176788,0.32607343792915344,0.11431850492954254
1774349015.2519555,0.5993639417633557,0.20641558349969372,0.6611432481980588,0.14618952942908836,0.7019596695899963,0.09261339902877808,0.3261355459690094,0.10993818193674088
1774349015.4525082,0.6045146553709527,0.16442252724557488,0.6662903787927802,0.10418134938109802,0.7029110789299011,0.08704056590795517,0.32597699761390686,0.10244564712047577
1774349016.2016635,0.6085262279462151,0.1326987686467556,0.6701721570239662,0.0717117794183223,0.7090103626251221,0.05492140352725983,0.32510116696357727,0.08158145099878311
1774349016.20528,0.6086225753851858,0.13310136737830683,0.6701721570239662,0.0717117794183223,0.7090103626251221,0.05492140352725983,0.32510116696357727,0.08158145099878311
1774349016.2486503,0.609051435322325,0.13050405134459211,0.670515077742849,0.068870526320016,0.7090542912483215,0.05250319465994835,0.325059175491333,0.08046384155750275
1774349016.4511833,0.6103692626506158,0.12098653190403252,0.671706914614999,0.059030713207523844,0.7107170820236206,0.04213719069957733,0.32530802488327026,0.07624030113220215
1774349016.652007,0.6115681097234305,0.11133680972399944,0.6728779597206451,0.049322485506568814,0.7127708196640015,0.03211935609579086,0.3254806399345398,0.0707627534866333
1774349016.8513813,0.6130301520098157,0.10105948466185166,0.6741677736855014,0.03867128693075328,0.7149987816810608,0.023154575377702713,0.3252740204334259,0.0633992999792099
1774349017.0513523,0.6144599101171786,0.09118490292755296,0.6754323260222768,0.028556768683407174,0.7158852815628052,0.013516293838620186,0.32527273893356323,0.05892057716846466
1774349018.8037906,0.6253945362904653,0.005542916812958425,0.6856691580667966,-0.060836493069360564,0.7310434579849243,-0.08661860227584839,0.32494786381721497,0.009627851657569408
1774349018.8073795,0.6259640772674616,0.008516681751661204,0.6856691580667966,-0.060836493069360564,0.7307541966438293,-0.08718506246805191,0.32502076029777527,0.009340116754174232
1774349018.9392722,0.6265451287182927,0.01075320292825721,0.6856691580667966,-0.060836493069360564,0.7317641973495483,-0.09649871289730072,0.32509827613830566,0.00536101870238781
1774349018.9428031,0.6269607859029582,0.012254329376991283,0.6856691580667966,-0.060836493069360564,0.7317641973495483,-0.09649871289730072,0.32509827613830566,0.00536101870238781
1774349019.7830691,0.6375216487969774,-0.07503940096632168,0.6953201889898248,-0.15314921019203276,0.7412093877792358,-0.16048695147037506,0.3249901533126831,-0.01872383803129196
1774349019.7872543,0.6382273917921549,-0.07169668962450534,0.6953201889898248,-0.15314921019203276,0.7413398027420044,-0.1621873825788498,0.32494235038757324,-0.020237252116203308
1774349019.7906344,0.6385227429763425,-0.06927374403846968,0.6953201889898248,-0.15314921019203276,0.7413398027420044,-0.1621873825788498,0.32494235038757324,-0.020237252116203308
1774349019.7938805,0.6390465715582562,-0.06838100082693124,0.6953201889898248,-0.15314921019203276,0.7413398027420044,-0.1621873825788498,0.32494235038757324,-0.020237252116203308
1774349019.7961123,0.6398043675624614,-0.06784287768554802,0.6953201889898248,-0.15314921019203276,0.7414053082466125,-0.16297754645347595,0.32492148876190186,-0.02047613263130188
1774349019.854627,0.6401754492333228,-0.07324158688036997,0.6958438867856822,-0.15823088892672854,0.7419477701187134,-0.16685625910758972,0.32493677735328674,-0.021974068135023117
1774349020.0566628,0.6417947228112527,-0.0886730263454376,0.6974470492553526,-0.17367612912837704,0.7447957992553711,-0.18215402960777283,0.3246913552284241,-0.027268903329968452
1774349020.2572262,0.644273611731843,-0.10495865344026757,0.6992192043933743,-0.19027880113737006,0.7475742697715759,-0.19916479289531708,0.3248242735862732,-0.03259885311126709
1774349020.4586878,0.6462161760118117,-0.12217438373224146,0.7011182154024217,-0.2075453423400806,0.7501273155212402,-0.21548987925052643,0.3247990906238556,-0.03840722143650055
1774349020.659318,0.6482738349169771,-0.13756887189812633,0.7028249430735608,-0.2232047499201213,0.7527214288711548,-0.23079895973205566,0.32465994358062744,-0.04560578241944313
1774349020.8639593,0.6503944743235217,-0.15391345303057397,0.7045750516407205,-0.23988487508572887,0.7539429068565369,-0.24599802494049072,0.3247092068195343,-0.050131600350141525
1774349021.063109,0.6520379706733648,-0.17071217646197678,0.7060323209572539,-0.2569163891474373,0.7555615901947021,-0.26245197653770447,0.3245674669742584,-0.0567413829267025
1774349021.2640154,0.6532255507353921,-0.18624231822045917,0.7068317213766705,-0.27279173110556754,0.7555241584777832,-0.2776425778865814,0.32443249225616455,-0.06142663210630417
1774349021.4662693,0.6535764683457675,-0.20193534700573004,0.7069213253812862,-0.28884169660569725,0.7547605037689209,-0.2916586101055145,0.32453638315200806,-0.06730365753173828
1774349021.667182,0.6530656053028167,-0.21868373717209205,0.7060316187995299,-0.30608129039950194,0.7531375288963318,-0.30664026737213135,0.3245299458503723,-0.07488192617893219
1774349021.868071,0.6518526027042321,-0.23403785404923755,0.7041860836381914,-0.3218898126009121,0.7496749758720398,-0.3215724229812622,0.3244573175907135,-0.08066253364086151
1774349022.069713,0.6495117087750727,-0.24881590854406585,0.7013585402892383,-0.3371158870732286,0.7457940578460693,-0.33634862303733826,0.3245621919631958,-0.08561377972364426
1774349022.2707353,0.6457334515974338,-0.26452408843092673,0.6972300292799792,-0.3532130717403654,0.7407506108283997,-0.35180357098579407,0.32459184527397156,-0.09092295914888382
1774349022.4732826,0.6412178199962527,-0.2800227446613987,0.6920971092228372,-0.36919742660192817,0.7354370355606079,-0.36539924144744873,0.3244171738624573,-0.09651371836662292
1774349022.671174,0.6363601678366474,-0.2940710272631269,0.686546612034941,-0.3837760006001872,0.7284952998161316,-0.37949731945991516,0.32464301586151123,-0.10176702588796616
1774349022.8726301,0.630458590015915,-0.30852885738021,0.6797844478401199,-0.3988385559070494,0.7212489247322083,-0.3932523727416992,0.32457464933395386,-0.10934427380561829
1774349023.0731604,0.6231788985679024,-0.32293021075839495,0.671965393539869,-0.4137129890080279,0.7133496403694153,-0.40556660294532776,0.3246123492717743,-0.11428796499967575
1774349023.2782998,0.6158437621381296,-0.3357054167660883,0.6639875003630054,-0.4269890274114437,0.7045225501060486,-0.4190340042114258,0.3245553970336914,-0.120472252368927
1774349023.4830213,0.6049316834716904,-0.35207374147321824,0.652313762434505,-0.4439767147301205,0.6946616172790527,-0.43177396059036255,0.32461756467819214,-0.12597066164016724
1774349023.6795893,0.5971957850755684,-0.36219747131142754,0.6440333051889542,-0.45463992296563055,0.685675859451294,-0.44273653626441956,0.32448211312294006,-0.1311311423778534
1774349023.882117,0.5854433513915761,-0.3758236073697801,0.6315872990102361,-0.4690543345485918,0.6756231784820557,-0.45415931940078735,0.3247618079185486,-0.13710738718509674
1774349024.1203077,0.5744217759368783,-0.38724495172928247,0.6198416814284278,-0.48115942032985104,0.6615458130836487,-0.4666818678379059,0.3246924877166748,-0.14542002975940704
1774349024.2866921,0.565936230009843,-0.3951485969727041,0.610714111994823,-0.48959843176701495,0.6517065763473511,-0.4747023582458496,0.32466524839401245,-0.15056036412715912
1774349024.520096,0.5515871867586608,-0.4073138993884614,0.595696328432135,-0.502222189470676,0.6377562284469604,-0.48624369502067566,0.3247176706790924,-0.1566307544708252
1774349024.6821415,0.5397810820425855,-0.4164514198181979,0.5833333808306088,-0.5117290660180879,0.6282501220703125,-0.4938293695449829,0.3248319625854492,-0.16054348647594452
1774349024.9186382,0.5266870188833906,-0.4257392950955289,0.5695934397950622,-0.5215030331265664,0.6124697327613831,-0.5038526058197021,0.32486212253570557,-0.166794553399086
1774349025.1194992,0.513747774003289,-0.43423440385337087,0.5558929645270512,-0.5304753750808204,0.5981833338737488,-0.5128157138824463,0.32494473457336426,-0.17288784682750702
1774349025.2847254,0.5012537310754182,-0.441566277755618,0.5427753702719168,-0.5383438759572444,0.5874499678611755,-0.5189337134361267,0.32500559091567993,-0.1777053028345108
1774349025.5195107,0.4861403205457098,-0.44966537460316786,0.527065626558455,-0.5469335734032451,0.5710234045982361,-0.527353823184967,0.3249548375606537,-0.18495212495326996
1774349025.720135,0.4731352369912693,-0.4558453282197925,0.5135686635014074,-0.5535623190913721,0.5576877593994141,-0.5339363217353821,0.32497137784957886,-0.19187839329242706
1774349025.9191575,0.45835671281373913,-0.46212806228033343,0.49820015128322337,-0.5604059205389182,0.5429672002792358,-0.5398665070533752,0.3251372277736664,-0.19608457386493683
1774349026.1220083,0.44414551970561966,-0.4675249389057735,0.48339826097145044,-0.5662794689286281,0.5288470983505249,-0.5451560020446777,0.3250216543674469,-0.20309458673000336
1774349026.3178759,0.43044446743456677,-0.4721196457606888,0.46889056781108085,-0.5713878898440952,0.5137534737586975,-0.5498440265655518,0.32513299584388733,-0.20774483680725098
1774349026.5199392,0.4151882630396899,-0.4764805977404595,0.4529385149332712,-0.5763491613695995,0.497265100479126,-0.5544373393058777,0.325199693441391,-0.2143205851316452
1774349026.7182667,0.4005302928348189,-0.48006650251231336,0.43766832352810153,-0.5804930592829415,0.48268017172813416,-0.5572707056999207,0.32504671812057495,-0.2209029644727707
1774349026.9189105,0.38551756745202936,-0.4829433594810688,0.4219984663318934,-0.5840925001377626,0.46646347641944885,-0.5601703524589539,0.32509753108024597,-0.22706107795238495
1774349027.1186032,0.3697321996879048,-0.4854682971536885,0.4055630435410924,-0.5871976187326025,0.45348843932151794,-0.5628048777580261,0.3251892030239105,-0.23134727776050568
1774349027.318478,0.35433435688208303,-0.48738177474883776,0.3894302196510368,-0.5897714236495808,0.4376099705696106,-0.5645176768302917,0.32508066296577454,-0.2371441274881363
1774349027.5192816,0.33946314147459716,-0.4885732133904277,0.3738111388425918,-0.5916536997406907,0.4227122664451599,-0.566889226436615,0.325123131275177,-0.2429979145526886
1774349027.718453,0.3236403377446265,-0.4892483598997897,0.3570975990817748,-0.5930725510078407,0.4057614803314209,-0.5675286054611206,0.3251826763153076,-0.24964651465415955
1774349027.9182415,0.3084655846460215,-0.48924505015652137,0.34109808549668047,-0.5938627590522788,0.39039188623428345,-0.5672300457954407,0.32514071464538574,-0.2557431161403656
1774349028.1188145,0.29297995607232713,-0.48871389308741275,0.3248255733564716,-0.5940465550499867,0.3745857775211334,-0.5669618844985962,0.3249964714050293,-0.2614290714263916
1774349028.520304,0.26131995452395035,-0.4862307638129893,0.29210873364177475,-0.5924102487693981,0.34374701976776123,-0.563407838344574,0.3249654471874237,-0.2724059522151947
1774349028.7192764,0.24674898156824476,-0.48305589094212614,0.27633157382365414,-0.5907121785135024,0.3275376260280609,-0.5614398121833801,0.32506540417671204,-0.2785568833351135
1774349028.918861,0.2310686047984454,-0.47950737913315644,0.25942830919568616,-0.588202182669683,0.3123326301574707,-0.5582683682441711,0.3250371515750885,-0.28447407484054565
1774349029.1281354,0.21629091203617304,-0.47583848350682867,0.24363838737531035,-0.5852012392315376,0.29776158928871155,-0.5550509691238403,0.3249815106391907,-0.2923808693885803
1774349029.3184845,0.2023464920160485,-0.4714817770872463,0.22836940619084017,-0.581710331689079,0.2831866145133972,-0.5507163405418396,0.3249974250793457,-0.29633164405822754
1774349029.5183892,0.18747368234964823,-0.46644994870085044,0.21222871310536795,-0.5773474004346966,0.269705593585968,-0.5467056632041931,0.3248702585697174,-0.3033546507358551
1774349029.7185693,0.17311232062218251,-0.4616550391438747,0.19707309893293523,-0.5726101692752374,0.2551150321960449,-0.5413253903388977,0.32501888275146484,-0.3078894019126892
1774349029.9240358,0.15887911283218914,-0.45544319998230537,0.181586891534529,-0.5671251590988411,0.2395457923412323,-0.5360623002052307,0.32478103041648865,-0.31469395756721497
1774349030.119563,0.14577710909165512,-0.4489579540011088,0.16721572961930142,-0.5613785871696175,0.22449900209903717,-0.5287711024284363,0.32498759031295776,-0.31951892375946045
1774349030.5181332,0.11749803505610444,-0.4343751815123223,0.13747800839437407,-0.5474248252257674,0.19768781960010529,-0.5156691074371338,0.32471299171447754,-0.331494003534317
1774349030.7191393,0.10486334238132242,-0.42623632658168403,0.12336250695688433,-0.5398709330314547,0.18421083688735962,-0.50774747133255,0.32463061809539795,-0.33678361773490906
1774349030.9220908,0.09170594201297666,-0.417045469083199,0.10868508968727864,-0.5312971638975897,0.17082488536834717,-0.4991995096206665,0.3245598077774048,-0.34405067563056946
1774349031.1194506,0.07977826978793452,-0.4078897821204676,0.09517512017856866,-0.5226843886949601,0.15913671255111694,-0.4907330274581909,0.32460519671440125,-0.34808793663978577
1774349031.3186312,0.06808606650340172,-0.398451473538911,0.08210433110685744,-0.5136949993992767,0.14620906114578247,-0.48155683279037476,0.3245987892150879,-0.35598722100257874
1774349031.5186977,0.056010686659575606,-0.3878441431024745,0.06855251583394095,-0.5035555983423611,0.13328604400157928,-0.4709895849227905,0.3245573341846466,-0.36060404777526855
1774349031.7203438,0.04487804134538094,-0.37719780347222787,0.055924063786060185,-0.49327498303272727,0.12212599813938141,-0.4617528021335602,0.3242432475090027,-0.3663855195045471
1774349031.9210217,0.03441767452806509,-0.36630506415497577,0.04393726780550644,-0.48271471287395534,0.11100471019744873,-0.45042482018470764,0.3242783844470978,-0.37223315238952637
1774349032.1187205,0.0235542641329887,-0.35444884993687675,0.03168766426626668,-0.4710912324871238,0.09956903010606766,-0.4396582245826721,0.32410112023353577,-0.37905940413475037
1774349032.3193526,0.013640088727473574,-0.34245093722950737,0.0203347413891779,-0.4593542497598261,0.08962059766054153,-0.4280073642730713,0.32269150018692017,-0.38345232605934143
1774349032.5202165,0.004745978730810866,-0.3306050484438779,0.009955556579577252,-0.44770808139899326,0.08102799952030182,-0.4172229766845703,0.3239811360836029,-0.39185717701911926
1774349032.7184854,-0.004502960704066609,-0.3177012182018177,-0.0005418481412323706,-0.4349790905631024,0.07046175748109818,-0.4039304256439209,0.32408586144447327,-0.3958476185798645
1774349032.9179945,-0.01305903302990698,-0.30437818098869635,-0.010552905881759944,-0.4218306373936266,0.06142613664269447,-0.39106282591819763,0.32401299476623535,-0.4013250172138214
1774349033.117907,-0.021035852942562317,-0.29127204757995057,-0.019738823109399894,-0.40876301234561035,0.05244199186563492,-0.3768357038497925,0.32262879610061646,-0.40715092420578003
1774349033.318115,-0.0287515533925574,-0.2772730143590343,-0.028730027161274485,-0.394822215041188,0.0446605309844017,-0.3632437586784363,0.32406556606292725,-0.4126427471637726
1774349033.519983,-0.035555242913806906,-0.2630903447865772,-0.037023757038492255,-0.38068861196245024,0.03744444251060486,-0.3494499623775482,0.3225593864917755,-0.41806215047836304
1774349033.719616,-0.04212752771766212,-0.2487302556028332,-0.04465239422735934,-0.366306137443802,0.03010907955467701,-0.335604727268219,0.3226778209209442,-0.4238002598285675
1774349033.918202,-0.04781726815588683,-0.23417123919905253,-0.05170627364136615,-0.35177699620277225,0.023866254836320877,-0.3207646310329437,0.3225887715816498,-0.43023812770843506
1774349034.1186917,-0.053684982808332816,-0.21821822468059468,-0.058714735336983015,-0.33577338890332753,0.018505191430449486,-0.3073272407054901,0.32264444231987,-0.43631958961486816
1774349034.320087,-0.05871016963956461,-0.20335892796856891,-0.06455370928057413,-0.3208500741032392,0.012754487805068493,-0.29254937171936035,0.3225569427013397,-0.44194772839546204
1774349034.519279,-0.0638250444890967,-0.18723270071639347,-0.07018240709606915,-0.3046947018060717,0.007908551953732967,-0.2773626744747162,0.3226558566093445,-0.44774702191352844
1774349034.71865,-0.06757651226062303,-0.17222912658719391,-0.07481157474390543,-0.28959800679621905,0.004290599375963211,-0.2629985809326172,0.3225807845592499,-0.4530539810657501
1774349034.9187214,-0.07112805425797868,-0.15737994508586467,-0.07887862464648498,-0.2746612593405622,0.002544643357396126,-0.2559385299682617,0.3227956295013428,-0.4589083194732666
1774349035.1191785,-0.0717366470978932,-0.15219816141030149,-0.08021558402630924,-0.2692777427402926,0.0024188507813960314,-0.2556752562522888,0.3228200078010559,-0.464423269033432
1774349035.5212615,-0.07147338001007762,-0.15198193018733439,-0.08029611632833777,-0.26895436484182556,0.00236547295935452,-0.25555941462516785,0.32272833585739136,-0.4762117564678192
1774349035.719066,-0.07080736371002556,-0.152173340124539,-0.08029611633231126,-0.26895436482596724,0.0023781717754900455,-0.2555612027645111,0.3227998912334442,-0.48200705647468567
1774349035.918797,-0.06970707597876818,-0.1525024024367475,-0.08029611633231126,-0.26895436482596724,0.0023776469752192497,-0.25555679202079773,0.3228580951690674,-0.48750191926956177
1774349036.1199124,-0.06895288682530115,-0.15276361353891554,-0.08029611633231126,-0.26895436482596724,0.002388420281931758,-0.25555965304374695,0.3229321241378784,-0.4932333827018738
1774349036.3189886,-0.06820759762588312,-0.15300343129973007,-0.08029611633231126,-0.26895436482596724,0.0023863448295742273,-0.25557267665863037,0.3230453431606293,-0.49894827604293823
1774349036.5188985,-0.06720759080602819,-0.1533126155749308,-0.08029611633231126,-0.26895436482596724,0.0023929323069751263,-0.2555764615535736,0.3230668008327484,-0.5050334334373474
1774349036.7186687,-0.06645743534993256,-0.15356801907444545,-0.08029611633231126,-0.26895436482596724,0.0023766246158629656,-0.255580872297287,0.3230656087398529,-0.511040210723877
1774349036.919557,-0.06558799245540928,-0.15387580278704394,-0.08029611633231126,-0.26895436482596724,0.002371456241235137,-0.25557562708854675,0.3231239318847656,-0.5161890387535095
1774349037.1190155,-0.06488863585783675,-0.15405868102003353,-0.08029611633231126,-0.26895436482596724,0.0023743114434182644,-0.25557246804237366,0.3231182098388672,-0.5221196413040161
1774349037.319356,-0.06420390167667259,-0.15429970478198698,-0.08029611633231126,-0.26895436482596724,0.0023759917821735144,-0.25558483600616455,0.323478102684021,-0.5275009274482727
1774349037.5195284,-0.06359068443983705,-0.15447752850002483,-0.08029611633231126,-0.26895436482596724,0.0023698152508586645,-0.2555907368659973,0.32358303666114807,-0.5335913896560669
1774349037.7190173,-0.06277561967545867,-0.15470832964262937,-0.08029611633231126,-0.26895436482596724,0.0023645348846912384,-0.2555805444717407,0.3236812353134155,-0.5370067358016968
1774349037.9195685,-0.06231138020881309,-0.15486955266588895,-0.08029611633231126,-0.26895436482596724,0.0023613926023244858,-0.25556567311286926,0.32367122173309326,-0.5371679663658142
1774349038.1203718,-0.061965833335343036,-0.15498177112141834,-0.08029611633231126,-0.26895436482596724,0.0023661525920033455,-0.2555830478668213,0.32367926836013794,-0.5371960997581482
1774349038.3186986,-0.06123980512723147,-0.1552722237644924,-0.08029611633231126,-0.26895436482596724,0.002374555915594101,-0.25558406114578247,0.3236873149871826,-0.5371993780136108
1774349038.5189824,-0.06084331445396837,-0.15540876294853292,-0.08029611633231126,-0.26895436482596724,0.0023706217762082815,-0.25558391213417053,0.32367148995399475,-0.5371984839439392
1774349038.7193224,-0.060062882780928924,-0.15573215629786558,-0.08029611633231126,-0.26895436482596724,0.002373628318309784,-0.25560328364372253,0.323668509721756,-0.5372189283370972
1774349038.9207256,-0.05936027662944947,-0.15595394829531964,-0.08029611633231126,-0.26895436482596724,0.0023789010010659695,-0.25558915734291077,0.32367879152297974,-0.5371918678283691
1774349039.1203926,-0.05878639254860526,-0.15617996531494058,-0.08029611633231126,-0.26895436482596724,0.0023713517002761364,-0.25558000802993774,0.32369059324264526,-0.537192702293396
1774349039.3192024,-0.05839851655082255,-0.15627662940488493,-0.08029611633231126,-0.26895436482596724,0.0023712252732366323,-0.2555829882621765,0.32367604970932007,-0.5371938347816467
1774349039.5207202,-0.05807133747863285,-0.1563536339852699,-0.08029611633231126,-0.26895436482596724,0.0023673067335039377,-0.2555748224258423,0.3236793279647827,-0.5371879935264587
1774349039.721391,-0.05753645738486001,-0.1565116820628755,-0.08029611633231126,-0.26895436482596724,0.0023626736365258694,-0.2555857002735138,0.32367345690727234,-0.5371907353401184
1774349039.9224553,-0.05719652696731849,-0.156595149854331,-0.08029611633231126,-0.26895436482596724,0.0023718886077404022,-0.255580872297287,0.32366907596588135,-0.5371900796890259
1774349040.1346102,-0.056903231601800025,-0.15666381830068107,-0.08029611633231126,-0.26895436482596724,0.002375591779127717,-0.25557103753089905,0.3236769437789917,-0.5371754169464111
1774349040.3271284,-0.056680502298145974,-0.15671236465688873,-0.08029611633231126,-0.26895436482596724,0.0023744713980704546,-0.25556257367134094,0.3236854374408722,-0.5371745824813843
1774349040.5855207,-0.056238280018316454,-0.1568868895528057,-0.08029611633231126,-0.26895436482596724,0.0023906121496111155,-0.25562891364097595,0.3236920237541199,-0.537192165851593
1774349040.785507,-0.0557984228349456,-0.15703492242957878,-0.08029611633231126,-0.26895436482596724,0.002382377628237009,-0.25561824440956116,0.32368502020835876,-0.5371784567832947
1774349040.9857986,-0.055357408826758395,-0.15720586157586108,-0.0802975610326212,-0.26894859843253427,0.002398418029770255,-0.2556261420249939,0.32371366024017334,-0.5372079014778137
1774349041.1848083,-0.05503866307951969,-0.1573265577882133,-0.080297561033992,-0.26894859842706464,0.0023796656168997288,-0.2556345462799072,0.32367759943008423,-0.5371865034103394
1774349041.3849587,-0.05467919358368726,-0.1574640374184707,-0.080297561033992,-0.26894859842706464,0.002391173504292965,-0.25563472509384155,0.3236836791038513,-0.5371866226196289
1774349041.5864115,-0.054610764345202546,-0.15749275643377295,-0.080297561033992,-0.26894859842706464,0.002378786914050579,-0.2556271553039551,0.32367539405822754,-0.5371925234794617
1774349041.7851741,-0.05432213514233782,-0.15760328616080063,-0.08029643713335677,-0.26895308337555934,0.0023889895528554916,-0.25561559200286865,0.32369670271873474,-0.5371822714805603
1774349041.982686,-0.05377838141983932,-0.157806574311765,-0.08029643984853085,-0.268953072539848,0.002373321447521448,-0.2556372582912445,0.32368239760398865,-0.5372152328491211
1774349042.1850533,-0.05379427062236776,-0.1578000590235753,-0.08029643984853085,-0.268953072539848,0.0023745116777718067,-0.25563159584999084,0.3236956000328064,-0.5371979475021362
1774349042.3849173,-0.05325229074158892,-0.15805109271450452,-0.08029374000081213,-0.26896384656711414,0.0023808320984244347,-0.25562557578086853,0.323652446269989,-0.5381647348403931
1774349042.5849729,-0.05293050754305652,-0.1581750420628356,-0.08029750034859229,-0.2689488404933481,0.002366638043895364,-0.25563058257102966,0.3235846757888794,-0.5408159494400024
1774349042.7853625,-0.05257848456749769,-0.15830263990767632,-0.08029750034859229,-0.2689488404933481,0.002361453138291836,-0.2556156516075134,0.3234950304031372,-0.5448736548423767
1774349042.985363,-0.052377287059635264,-0.15838208043752885,-0.08029750034859229,-0.2689488404933481,0.0023898771032691,-0.2555474042892456,0.3235969841480255,-0.5488896369934082
1774349043.1850734,-0.05231623596908457,-0.15852699468957415,-0.08026407014858516,-0.26908253041534025,0.002519305096939206,-0.2559252679347992,0.32360950112342834,-0.5524556636810303
1774349043.3859184,-0.051599022778518196,-0.16036017745730646,-0.0798504224754304,-0.27075221763394053,0.0035974220372736454,-0.2588401734828949,0.32355058193206787,-0.5560888051986694
1774349043.5861866,-0.050204938983014404,-0.16484018110773194,-0.07877720946938516,-0.27513019413204187,0.005340958014130592,-0.2641674876213074,0.323529988527298,-0.5601863265037537
1774349043.7861018,-0.0488142373564836,-0.17059324790371358,-0.07736478350021148,-0.2808935877412845,0.0067231012508273125,-0.2706921696662903,0.32355475425720215,-0.5639239549636841
1774349043.984549,-0.04649361563785671,-0.1786456116713267,-0.0754386184734086,-0.2887468456668131,0.008698143064975739,-0.27869677543640137,0.32371607422828674,-0.5680558085441589
1774349044.185639,-0.04351805710442115,-0.18941255205460095,-0.07282144577094352,-0.2993700380611972,0.012061852030456066,-0.2897503972053528,0.32387641072273254,-0.5725358724594116
1774349044.385109,-0.04044047532606545,-0.20052040596745305,-0.07019409004175325,-0.3103217039201738,0.015351120382547379,-0.30071890354156494,0.3239648640155792,-0.5764415860176086
1774349044.5867057,-0.0373007067584068,-0.21307712405199772,-0.06744336226463188,-0.32275794851182105,0.018816770985722542,-0.31168925762176514,0.32385578751564026,-0.5800392627716064
1774349044.7859008,-0.03432556450824685,-0.22469854656260727,-0.06515561732032904,-0.3341973905700546,0.021787861362099648,-0.32303470373153687,0.3239445388317108,-0.5842584371566772
1774349044.98582,-0.03189401989452317,-0.2367687482751965,-0.0629606056644989,-0.34623952761251753,0.02463253028690815,-0.3343263566493988,0.3255491554737091,-0.5904977917671204
1774349045.1860235,-0.029112772779566063,-0.24919648548080747,-0.06098826091843035,-0.35846775878361353,0.02752329595386982,-0.34566476941108704,0.3251609206199646,-0.591946005821228
1774349045.386099,-0.026772196616663732,-0.26159694732963984,-0.0592231256277741,-0.3707701362899222,0.030709529295563698,-0.35762524604797363,0.32423263788223267,-0.5955607295036316
1774349045.5857916,-0.02424375029666487,-0.27424338297502554,-0.057664996147920755,-0.38321960269485805,0.031934451311826706,-0.36968258023262024,0.32422196865081787,-0.599530816078186
1774349045.7879264,-0.022133221927354733,-0.28387668299206387,-0.05651595007572818,-0.39260442382963623,0.03436797857284546,-0.3818990886211395,0.3243817090988159,-0.6035245060920715
1774349045.9852915,-0.01971459771177197,-0.2983309526388816,-0.05476306270408682,-0.40697927153374974,0.03641748055815697,-0.39244407415390015,0.324543297290802,-0.6075261831283569
1774349046.1856365,-0.01706688176213937,-0.3103834803481551,-0.05328341945189641,-0.41887963079122703,0.03778648376464844,-0.4050675928592682,0.3254573345184326,-0.6120007634162903
1774349046.386527,-0.014499060245627424,-0.32282067625957306,-0.051734374654014204,-0.4312074334917091,0.03973829373717308,-0.4161958396434784,0.32607096433639526,-0.6177279949188232
1774349046.585554,-0.011835235157453912,-0.3351937716333181,-0.050216106442891206,-0.44343054463393067,0.041579581797122955,-0.42719313502311707,0.32449743151664734,-0.6191369891166687
1774349046.7870455,-0.009483730596839698,-0.34668018237608134,-0.04881566500983914,-0.45485123766844154,0.04339646175503731,-0.43986570835113525,0.3255426287651062,-0.6235692501068115
1774349046.9865448,-0.007332911097319379,-0.35681430123987834,-0.04758504804206132,-0.46489882416835143,0.04489421471953392,-0.451151043176651,0.3256208598613739,-0.6275565028190613
1774349047.1848376,-0.004446477889321796,-0.3711757386564919,-0.04583045690022536,-0.47914882116497093,0.04682198166847229,-0.46148455142974854,0.3256564438343048,-0.6310672163963318
1774349047.3866575,-0.0016753153088849629,-0.3834640840361725,-0.04433510145540953,-0.49132788007058437,0.048223406076431274,-0.4736851751804352,0.32563483715057373,-0.6348795294761658
1774349047.5854266,0.0009604320433940689,-0.39526262693723346,-0.04290529197349502,-0.5030297344769303,0.050011493265628815,-0.48477810621261597,0.3258194625377655,-0.6390560865402222
1774349047.785567,0.003280410483769594,-0.40513154943656726,-0.04173198192700345,-0.5128858920638325,0.051914338022470474,-0.4958900809288025,0.32575616240501404,-0.6429876685142517
1774349047.9854162,0.005918535700023631,-0.4193223132386155,-0.04005262933506648,-0.527120889811306,0.05331013724207878,-0.5087519288063049,0.32581180334091187,-0.6473997235298157
1774349048.1850495,0.008203889220260833,-0.42907536845719757,-0.03891196806508834,-0.5368631724566156,0.055108267813920975,-0.52028489112854,0.32581865787506104,-0.6515896916389465
1774349048.3862584,0.011044971638345396,-0.4431008710562429,-0.03726078218612294,-0.5509152320382604,0.05706418305635452,-0.5310745239257812,0.32585132122039795,-0.6551312804222107
1774349048.5865293,0.013676086504819614,-0.455475921332741,-0.03580644133424382,-0.5632968883183855,0.058537572622299194,-0.5429511666297913,0.32590264081954956,-0.6589457392692566
1774349048.786015,0.016007223875680952,-0.46717500343346946,-0.03442526082976061,-0.575003504347654,0.060454800724983215,-0.5545743703842163,0.3259596526622772,-0.6630173921585083
1774349048.9859748,0.018541066363623952,-0.47925867910359077,-0.0330077229606377,-0.5871607735968605,0.062042172998189926,-0.5659205317497253,0.32600024342536926,-0.6667880415916443
1774349049.1853788,0.02126724496215368,-0.49178830591511763,-0.03150890985761945,-0.5997230974744228,0.0637967586517334,-0.5772502422332764,0.3260718286037445,-0.6702604293823242
1774349049.3847508,0.023867183193196754,-0.5031825259477578,-0.030097249175840224,-0.6111827835723229,0.06465355306863785,-0.5882576704025269,0.3261806070804596,-0.674399733543396
1774349049.5853667,0.02657152768331953,-0.5151314069322575,-0.028446084890194512,-0.623287535145284,0.06674060225486755,-0.5988646745681763,0.3261604905128479,-0.6786183714866638
1774349049.7858524,0.029666557749087562,-0.5274534244772755,-0.026729417125788135,-0.6358058273834456,0.06915117055177689,-0.6107020974159241,0.3261007070541382,-0.682322084903717
1774349049.9851775,0.032551500310267684,-0.5388166032713594,-0.025132234505043427,-0.6472698074009657,0.07040881365537643,-0.6222230792045593,0.3260876536369324,-0.6866039633750916
1774349050.1852324,0.035677414597257054,-0.5509453792977519,-0.023367453319235065,-0.6595535957213279,0.07261143624782562,-0.6338953971862793,0.32613247632980347,-0.6906487345695496
1774349050.3853908,0.03876997521102783,-0.5624140149224552,-0.02167595890046803,-0.6712041540794556,0.07453470677137375,-0.645112931728363,0.3261890709400177,-0.6943366527557373
1774349050.584945,0.04204226265350909,-0.5746945264566111,-0.019802829821897072,-0.6836703808910607,0.07663979381322861,-0.6577631235122681,0.32622814178466797,-0.6981382369995117
1774349050.785038,0.045458878722383,-0.5875808462276033,-0.01780589093819407,-0.6968150581740807,0.07915277779102325,-0.6716133952140808,0.3262442648410797,-0.7022874355316162
1774349050.9873075,0.04901175763609241,-0.6025343362545814,-0.015553496566844793,-0.7119625293373214,0.08156319707632065,-0.6886000633239746,0.3263067901134491,-0.7061789631843567
1774349051.1893163,0.05276491685719984,-0.6186420642831306,-0.013079836330430195,-0.7283435312449362,0.08432873338460922,-0.704056441783905,0.32642611861228943,-0.7104324698448181
1774349051.3854337,0.05651581586936253,-0.6342162157853704,-0.01068509055308231,-0.7441731403885381,0.08697272837162018,-0.7184292078018188,0.32641133666038513,-0.7144736051559448
1774349051.5826166,0.060266396300565996,-0.650008908058333,-0.008288315462533391,-0.7602807433463967,0.0894322395324707,-0.7331293821334839,0.3264024257659912,-0.7183201313018799
1774349051.7872322,0.0635287091823295,-0.6614862047693926,-0.006573857786351889,-0.7720402970269652,0.09240946173667908,-0.7498366832733154,0.3264256715774536,-0.7220981121063232
1774349051.9849622,0.06795058073229199,-0.6808032040126792,-0.003721822758341986,-0.791816605021137,0.09508641809225082,-0.7642069458961487,0.32645082473754883,-0.7259021401405334
1774349052.1851332,0.07173365461698034,-0.6968689136595597,-0.0014620627622469184,-0.8083314295116784,0.09817627817392349,-0.7789783477783203,0.3264354467391968,-0.7297104597091675
1774349052.3851838,0.07498692883027121,-0.7090760567492813,0.0002761463569269651,-0.8209595474082165,0.10038574784994125,-0.794508159160614,0.32649317383766174,-0.7332438826560974
1774349052.5860608,0.07896600760776623,-0.727700478928539,0.0029260509621650277,-0.8400164772044258,0.10288652777671814,-0.8094162344932556,0.3264252245426178,-0.7367902994155884
1774349052.7850437,0.08270479344861095,-0.744347899613812,0.005364458891795043,-0.8571142628607453,0.10580158978700638,-0.8256416916847229,0.32628071308135986,-0.7406001687049866
1774349052.9875484,0.08637735927311804,-0.7595451447806236,0.0076375313371832565,-0.8727762617871836,0.10821905732154846,-0.8424940705299377,0.3264981806278229,-0.7449426651000977
1774349053.186808,0.09014189812389806,-0.7751552705116671,0.010121937002546155,-0.8887989061882272,0.11068138480186462,-0.8562846183776855,0.3262820243835449,-0.7486640214920044
1774349053.3861573,0.09418532187605791,-0.7912436343967599,0.012935380615093695,-0.9052832501875153,0.1131678894162178,-0.8723078966140747,0.32635200023651123,-0.7530245780944824
1774349053.5857992,0.09858043213579619,-0.8063503896824932,0.01585692947734685,-0.9209792452604013,0.11574147641658783,-0.8869293928146362,0.3264114260673523,-0.7569248676300049
1774349053.786143,0.10326590867602647,-0.821783136658303,0.01912239062968979,-0.9369368085130865,0.11906569451093674,-0.901961624622345,0.32628360390663147,-0.7605981826782227
1774349053.983429,0.1074483070516733,-0.834170934682214,0.021917749538035713,-0.9497980705474842,0.12232711911201477,-0.9174622297286987,0.326341450214386,-0.7648169994354248
1774349054.1863065,0.11351055542168288,-0.8537352926811475,0.02664171064666021,-0.9699509054975926,0.12656915187835693,-0.9341795444488525,0.3264135718345642,-0.7686120867729187
1774349054.3861432,0.1187057367733064,-0.8683469873883142,0.030488125975212443,-0.9850953754406166,0.13183507323265076,-0.9530044794082642,0.32643866539001465,-0.7721168994903564
1774349054.5848317,0.12647264369860128,-0.890580885803084,0.0368677515443,-1.0080175629861885,0.1368691325187683,-0.969660758972168,0.3266097605228424,-0.7761786580085754
1774349054.7863386,0.1338735407799754,-0.9099454522332252,0.0430091754229307,-1.0280219785035514,0.14286606013774872,-0.987414538860321,0.326516717672348,-0.7800288200378418
1774349054.9859092,0.141715161965686,-0.9277759498578346,0.049595021671870576,-1.0465111871631771,0.14861002564430237,-1.0055557489395142,0.3264937102794647,-0.7837958931922913
1774349055.1847894,0.15048343639324344,-0.945140795470713,0.057126615430173944,-1.0645886104728572,0.15548375248908997,-1.0242936611175537,0.32646000385284424,-0.7882750034332275
1774349055.451675,0.16373765848000185,-0.9688622073631572,0.06919766136670369,-1.0891879643374762,0.16584132611751556,-1.047957181930542,0.32655441761016846,-0.7936956882476807
1774349055.584882,0.1717510502558791,-0.9805209059251895,0.07612231039610473,-1.1015280030164232,0.1708194762468338,-1.0578594207763672,0.32653459906578064,-0.7959707379341125
1774349055.7857037,0.18345272182688852,-0.9971145269747187,0.08686049323933831,-1.1187291583613397,0.1810774952173233,-1.0734727382659912,0.32654741406440735,-0.7996809482574463
1774349055.9854994,0.19636463760165845,-1.0140179885701435,0.09894631142649235,-1.1361653896426138,0.1916651427745819,-1.088840365409851,0.32659897208213806,-0.803868293762207
1774349056.2530992,0.21353227269481936,-1.0338562194406926,0.11528582018488998,-1.1567024614732229,0.2068537473678589,-1.1089954376220703,0.326616108417511,-0.8091497421264648
1774349056.3849967,0.22319314431808243,-1.043396528136433,0.12424867820687246,-1.166781800629039,0.21519477665424347,-1.118655800819397,0.32661551237106323,-0.8112474679946899
1774349056.5860076,0.2388000766526365,-1.057923755033783,0.13908910195762791,-1.1821010515281438,0.2281290888786316,-1.131456732749939,0.32670241594314575,-0.8153807520866394
1774349056.8527818,0.25786981851688623,-1.0746681729497127,0.15755040702121814,-1.1995376358673626,0.24670375883579254,-1.1507010459899902,0.32684674859046936,-0.820963978767395
1774349056.9871209,0.2697052137824916,-1.0835226423413695,0.16884645132521547,-1.2090459208642566,0.2570251226425171,-1.1594748497009277,0.3266332149505615,-0.8238358497619629
1774349057.1923172,0.28664721290249273,-1.0955760318795957,0.18533540743224708,-1.221665295093745,0.2729876935482025,-1.1705143451690674,0.3267221450805664,-0.828104555606842
1774349057.590673,0.32077831576862403,-1.1172702964973789,0.21913070582564553,-1.2437411150130613,0.3034345507621765,-1.1908351182937622,0.32679247856140137,-0.8356183767318726
1774349057.7918224,0.3395268573452536,-1.1268722550379286,0.237450248232552,-1.2539061515968006,0.31954601407051086,-1.200012445449829,0.3267090320587158,-0.8395530581474304
1774349058.0556552,0.3632708033791454,-1.1374597971649183,0.2609921188926935,-1.2648640549414107,0.3396698832511902,-1.2112188339233398,0.3267359733581543,-0.8447635769844055
1774349058.19147,0.3771542975617879,-1.1424819494811247,0.2746820506685507,-1.2700825366998527,0.3523451089859009,-1.2163511514663696,0.3267344534397125,-0.8473352789878845
1774349058.3920808,0.39621881605943476,-1.1484719945374215,0.29359400520683904,-1.276251512628885,0.37216976284980774,-1.2229750156402588,0.32690688967704773,-0.8509671092033386
1774349058.6531947,0.42273232452821713,-1.155287928123293,0.32007037398123805,-1.2830932650305127,0.3941185772418976,-1.2290297746658325,0.3269020915031433,-0.8566173911094666
1774349058.7939186,0.4370910935328699,-1.1576918487740222,0.33424560866864905,-1.2859743904644994,0.40822991728782654,-1.2318074703216553,0.3269309401512146,-0.8593153953552246
1774349059.0521028,0.4628541544643104,-1.16137212493183,0.35998240719761454,-1.2897448630510762,0.43165022134780884,-1.2359058856964111,0.32684698700904846,-0.8641580939292908
1774349059.19738,0.4771939400358854,-1.1626229534099437,0.3743751139403345,-1.2909011351821482,0.44660985469818115,-1.2374354600906372,0.3269273340702057,-0.8673230409622192
1774349059.3963838,0.49710980831249985,-1.1631685638213751,0.3943700318815785,-1.2913362160420074,0.4642885625362396,-1.2383358478546143,0.32694000005722046,-0.8710818886756897
1774349059.5970953,0.5176517576489947,-1.1622188397936266,0.41496133845341776,-1.290220350690281,0.4834941327571869,-1.2383201122283936,0.3269643485546112,-0.8745918273925781
1774349059.8523397,0.5434797543034702,-1.1588964319828892,0.44082975641557365,-1.2865203280121507,0.5069290399551392,-1.2355290651321411,0.32689720392227173,-0.879742443561554
1774349059.998215,0.5565274478092581,-1.1564017113674983,0.45412212084753995,-1.2835493258922575,0.5210152864456177,-1.2328816652297974,0.3269224166870117,-0.8825963735580444
1774349060.253322,0.5822382723738897,-1.148957863680079,0.47990387817318014,-1.275404957911821,0.541991651058197,-1.2274374961853027,0.3270430564880371,-0.8872480392456055
1774349060.3996754,0.5964705536431103,-1.143513653140239,0.49444693843217175,-1.2692611571910635,0.5549772381782532,-1.2221155166625977,0.3270997107028961,-0.8906954526901245
1774349060.602859,0.6131151098269595,-1.134859893460767,0.5115966115308204,-1.2600426942306064,0.5701922178268433,-1.214669942855835,0.32709696888923645,-0.8950368762016296
1774349060.8528621,0.6342332971596231,-1.120795939533783,0.533489745617032,-1.245182384791272,0.5895277857780457,-1.2028273344039917,0.3271529972553253,-0.8997103571891785
1774349061.0001905,0.6456435789768314,-1.1106167395360953,0.5456809291426213,-1.2344517742962098,0.600634753704071,-1.1937930583953857,0.327184796333313,-0.9024719595909119
1774349061.2035942,0.6587565597246523,-1.0961481362138643,0.5596217334536835,-1.2192576527633288,0.613585889339447,-1.1814885139465332,0.3272232115268707,-0.9066978693008423
1774349061.4023933,0.6698610518228567,-1.0794754934986224,0.571496093267495,-1.2023643675849656,0.626343846321106,-1.166368842124939,0.3272635042667389,-0.9104670286178589
1774349061.6526983,0.6824293690981464,-1.0541333279024832,0.584602427617293,-1.177137018218198,0.6383494138717651,-1.1473528146743774,0.3272143006324768,-0.9148092865943909
1774349061.8035266,0.686910233572804,-1.0414603494817185,0.5896210280699282,-1.1644763265990625,0.6444453001022339,-1.1336257457733154,0.32727497816085815,-0.9176868796348572
1774349062.0029602,0.6923623174431894,-1.0196668175390102,0.5962438051345365,-1.142689947542103,0.6499586701393127,-1.1163194179534912,0.32731330394744873,-0.9215354919433594
1774349062.25195,0.6968536114064418,-0.9936194895945065,0.6011895083221394,-1.1168881741957217,0.6553977727890015,-1.094411849975586,0.32735759019851685,-0.9262368083000183
1774349062.405066,0.6976920005031684,-0.9789175567905758,0.6025881148434289,-1.1024085549635374,0.6572866439819336,-1.079217553138733,0.3273164927959442,-0.9295547604560852
1774349062.6050386,0.6975818703054902,-0.9616213971698411,0.6030546527846193,-1.0854242398011567,0.6579453945159912,-1.0744282007217407,0.32735735177993774,-0.9337015748023987
1774349062.8058927,0.6971534060755374,-0.9585983492363619,0.6030404624215997,-1.0826196863911652,0.6579229831695557,-1.0743682384490967,0.3274194002151489,-0.9372714757919312
1774349063.0073361,0.6967922995741572,-0.9583615663297009,0.6030401938291946,-1.0825830140340233,0.6579570174217224,-1.0743494033813477,0.32734033465385437,-0.9410736560821533
1774349063.251535,0.6964947690111375,-0.9581834476524743,0.6030401901956249,-1.0825825271025196,0.6579741835594177,-1.0743523836135864,0.32740917801856995,-0.9463231563568115
1774349063.4093847,0.6960981111468677,-0.9579924884632357,0.6030401901140398,-1.0825825159764593,0.6579592227935791,-1.074355125427246,0.32743293046951294,-0.9493550658226013
1774349063.6072023,0.6957025103035034,-0.9577878032783383,0.6030401901140398,-1.0825825159764593,0.6579535007476807,-1.0743499994277954,0.32742130756378174,-0.952827513217926
1774349063.808326,0.6954882040537652,-0.9577024937046141,0.6030403618990539,-1.0826059291433845,0.6579641103744507,-1.0743420124053955,0.3274223506450653,-0.9569429755210876
1774349064.0526874,0.6951732666883923,-0.9574827446915783,0.6030401295502801,-1.0825742756559045,0.6579523086547852,-1.0743610858917236,0.32749584317207336,-0.9618402123451233
1774349064.214689,0.6949795021525941,-0.9574068775467902,0.6030402028390127,-1.0825842935278682,0.6579481363296509,-1.0743449926376343,0.327499121427536,-0.9651708006858826
1774349064.4100077,0.6948827441413732,-0.9573356142556851,0.6030400773197477,-1.0825671893447493,0.6579455733299255,-1.074324369430542,0.3275347948074341,-0.9694706797599792
1774349064.6526327,0.6947640222172654,-0.9572654194214943,0.6030400256661989,-1.0825601698300573,0.6579527258872986,-1.0743423700332642,0.32759493589401245,-0.9743776321411133
1774349065.0113547,0.6946504050977647,-0.9572056334880732,0.603040057960835,-1.0825645690734178,0.657953679561615,-1.0743380784988403,0.32764869928359985,-0.9799113273620605
1774349065.2527237,0.6945743708372022,-0.9571877384978191,0.6030401511314495,-1.0825771984327761,0.6579591035842896,-1.0743389129638672,0.32764673233032227,-0.9801239371299744
1774349065.413217,0.6945210746938705,-0.9571508097797049,0.6030400351033504,-1.0825614085518787,0.6579670906066895,-1.0743389129638672,0.3276517987251282,-0.9801239371299744
1774349065.615109,0.6943600204353366,-0.9570476978788542,0.6030400351033005,-1.0825614085451276,0.6579337120056152,-1.074336051940918,0.3276355564594269,-0.980106770992279
1774349065.8537571,0.6942670302541891,-0.9569861175845104,0.6030399999946288,-1.0825565612941443,0.6579591631889343,-1.0743488073349,0.3276480734348297,-0.9801346063613892
1774349066.015597,0.6941528873097224,-0.9569186402875333,0.6030400233600246,-1.0825597192996699,0.6579480767250061,-1.074338674545288,0.32764121890068054,-0.9801116585731506
1774349066.216344,0.6941580780865069,-0.9569282584845529,0.6030400802966676,-1.082567342899726,0.6579822301864624,-1.0743451118469238,0.3276728391647339,-0.9800222516059875
1774349066.4497228,0.6940056093699742,-0.9568522727859176,0.6030401770801994,-1.0825805405234799,0.6579619646072388,-1.074333667755127,0.32763728499412537,-0.9777374267578125
1774349066.615633,0.693866758670133,-0.956771986948556,0.6030400833300268,-1.0825677202245756,0.6579740047454834,-1.0743242502212524,0.3276061713695526,-0.975269079208374
1774349066.8176842,0.6936557895760449,-0.9566524280770352,0.6030399310429967,-1.0825469355296298,0.6579832434654236,-1.0743296146392822,0.3275606334209442,-0.9698476195335388
1774349067.0522516,0.6933264858565896,-0.9565471330282467,0.603040023302182,-1.08255947682307,0.6579810976982117,-1.0743826627731323,0.32751166820526123,-0.9622161984443665
1774349067.2156234,0.6931289398098501,-0.9564345477631188,0.6030398879609873,-1.0825410730796972,0.6579793095588684,-1.0743801593780518,0.3274332880973816,-0.9573633074760437
1774349067.4196153,0.6928609604880844,-0.9563020440229494,0.603039887913407,-1.0825410665637625,0.6579698920249939,-1.0743625164031982,0.3273826241493225,-0.9517518281936646
1774349067.6502838,0.692608144534268,-0.9561846912741624,0.603039887913407,-1.0825410665637625,0.6579670906066895,-1.074344515800476,0.3273599445819855,-0.9454777836799622
1774349067.8217328,0.6923987704274959,-0.9560863160079818,0.603039791982879,-1.0825279155557068,0.6579629778862,-1.0743495225906372,0.327309787273407,-0.9401330947875977
1774349068.051452,0.6920354639349389,-0.9559512386997141,0.603039791880171,-1.0825279015307958,0.6579440236091614,-1.0743385553359985,0.327246755361557,-0.9340764284133911
1774349068.2205558,0.6917997005254763,-0.9558707465733998,0.603039791880171,-1.0825279015307958,0.6579693555831909,-1.074355125427246,0.3272594213485718,-0.928907573223114
1774349068.4518945,0.691434610328967,-0.9557258474350094,0.6030398559982215,-1.0825366866468624,0.6579580307006836,-1.0743536949157715,0.3271903395652771,-0.9219099879264832
1774349068.6210914,0.691028985992133,-0.9555127015452459,0.603039807381772,-1.0825300592030078,0.6579487323760986,-1.0743638277053833,0.3271542489528656,-0.9170776009559631
1774349068.8258576,0.6909702574403711,-0.9554741180970316,0.6030396992560575,-1.082515386241729,0.6579504609107971,-1.0743391513824463,0.32716771960258484,-0.9117590188980103
1774349069.2224329,0.6906502319370476,-0.9536195443722985,0.6030265519091701,-1.0808176011490165,0.6577672362327576,-1.0716850757598877,0.3270435333251953,-0.8999971747398376
1774349069.4235313,0.6903980684445926,-0.9507615685218439,0.6030034577084769,-1.078054010320658,0.6573824286460876,-1.068113088607788,0.3269990384578705,-0.8945851922035217
1774349069.6540873,0.6899364883657482,-0.9465077732159857,0.602965713883228,-1.0739317371595922,0.6576956510543823,-1.0637680292129517,0.32695770263671875,-0.8866958022117615
1774349069.8292775,0.6894290697628442,-0.942297887239176,0.6029273252636166,-1.0699987768950157,0.6578431129455566,-1.0600968599319458,0.3267645239830017,-0.8823713064193726
1774349070.0245433,0.6891965829557611,-0.9381044737891349,0.6028917809481249,-1.0659022702154026,0.6571669578552246,-1.056250810623169,0.3267744481563568,-0.8767901062965393
1774349070.261143,0.6886920819009008,-0.9338694301234213,0.6028751503631559,-1.061871492867614,0.6570129990577698,-1.0510848760604858,0.3268009126186371,-0.8705930709838867
1774349070.454209,0.6883120056374931,-0.9297912775797034,0.6028578984251961,-1.0579173155214077,0.6572510600090027,-1.045949101448059,0.32672548294067383,-0.8647730350494385
1774349070.654082,0.6879381001084953,-0.9235206682244286,0.6028342089341471,-1.0517734365898106,0.6564953923225403,-1.0405488014221191,0.32680508494377136,-0.8592223525047302
1774349070.8588414,0.6872435667442275,-0.9175553305840357,0.6028211288760774,-1.0461531921365854,0.6565946936607361,-1.0344184637069702,0.326810747385025,-0.8524619936943054
1774349071.0527608,0.6867221117320025,-0.9103900546118601,0.6027856993706573,-1.0393395660789593,0.6561354398727417,-1.0274561643600464,0.3265916705131531,-0.8470332026481628
1774349071.2520077,0.686106689896034,-0.9022477512992467,0.6027376938793785,-1.0314939652962947,0.6561951637268066,-1.0196043252944946,0.326576292514801,-0.8414561748504639
1774349071.451633,0.6856254067166998,-0.8942893762282947,0.6026963482630114,-1.0237956531176469,0.6556614637374878,-1.0114985704421997,0.3266483247280121,-0.835503339767456
1774349071.6520846,0.6851103127867413,-0.8851230575011755,0.6026714656254808,-1.0150441702605315,0.6550658941268921,-1.0032174587249756,0.3265734016895294,-0.8300670385360718
1774349071.8513007,0.6844407413451452,-0.8769343951943492,0.6026525470508014,-1.0072541732927074,0.6553334593772888,-0.9955818057060242,0.3265686631202698,-0.8237302303314209
1774349072.0529144,0.6839367260926117,-0.8680202230097195,0.6026305185396184,-0.9987006663747132,0.6546133160591125,-0.9879544377326965,0.32667943835258484,-0.8181053996086121
1774349072.250903,0.6836368356770173,-0.8594876965939906,0.602619630208914,-0.9904066042463353,0.6544418931007385,-0.9782969951629639,0.3264649510383606,-0.811774730682373
1774349072.4515786,0.6830188830860716,-0.8486587317815576,0.60260383465045,-0.9801644813710917,0.6540831923484802,-0.9681856036186218,0.3264763057231903,-0.8069392442703247
1774349072.6510525,0.6825999303116517,-0.8377815267803131,0.6025801783903133,-0.9698442307596069,0.6539444923400879,-0.9586945176124573,0.32641130685806274,-0.800833523273468
1774349072.851859,0.6821479405512235,-0.8263858740194049,0.6025441621715919,-0.9592023966611576,0.6533761024475098,-0.9473493099212646,0.32636135816574097,-0.7954422235488892
1774349073.0509856,0.6817449455251159,-0.8131859029696024,0.6024976707781972,-0.946773413040527,0.6529332399368286,-0.9346442222595215,0.32629862427711487,-0.7893993854522705
1774349073.2522306,0.6814445333405896,-0.8000529452230019,0.6024577558787408,-0.9342124984107324,0.6526225209236145,-0.9235890507698059,0.3264264166355133,-0.7828583717346191
1774349073.4513657,0.6812093338689806,-0.7879838011623227,0.6023941424841603,-0.9225403151576572,0.652138352394104,-0.9118766784667969,0.326204776763916,-0.7770072817802429
1774349073.65125,0.6809812465739281,-0.7752914385917498,0.6023090410980172,-0.9102625452732068,0.6520512104034424,-0.9000419974327087,0.3262484669685364,-0.7715636491775513
1774349073.8529866,0.6807106518321892,-0.7625516137372221,0.6022261534518548,-0.8980389488937723,0.6513150930404663,-0.8886905312538147,0.32617807388305664,-0.7660737037658691
1774349074.05184,0.6805568129058192,-0.7502684530026217,0.6021529529898398,-0.8862475515450874,0.6512807607650757,-0.8769065141677856,0.32613682746887207,-0.7598263025283813
1774349074.2520146,0.6804523020942284,-0.7372134764333534,0.6020683048030161,-0.8735489746793513,0.6513800621032715,-0.8650229573249817,0.32635071873664856,-0.7550783753395081
1774349074.452085,0.6803578584252906,-0.7253549941580951,0.6019722706220717,-0.8620610546574867,0.6507762670516968,-0.8533902764320374,0.32605692744255066,-0.7484337091445923
1774349074.6512575,0.6802683565386528,-0.7122932411212027,0.601877620783857,-0.8493257062738215,0.6505703926086426,-0.8417919278144836,0.32597804069519043,-0.7424563765525818
1774349074.85151,0.6802069488606077,-0.7003568777657483,0.6017892190517203,-0.8376914416634567,0.6509402394294739,-0.8306876420974731,0.32595449686050415,-0.7366638779640198
1774349075.051722,0.6800680436360591,-0.6884268612161759,0.6016138223350023,-0.8260409242937632,0.6501721143722534,-0.8188985586166382,0.3259682357311249,-0.7314661741256714
1774349075.2530434,0.6799117620666534,-0.6756189498475383,0.6014396984818613,-0.81354819843094,0.649396538734436,-0.8072143793106079,0.32612186670303345,-0.7258210182189941
1774349075.4515429,0.6797318370468307,-0.6626709463467536,0.6012420571077377,-0.8008856332920614,0.6496068239212036,-0.7955436706542969,0.32615622878074646,-0.7200744152069092
1774349075.6509998,0.6794879319022596,-0.6503963476004864,0.6009656993073486,-0.788860076639521,0.6487641930580139,-0.784192681312561,0.3261191248893738,-0.7144225835800171
1774349075.851771,0.6792735278092155,-0.637705385086602,0.6007359510268783,-0.7762109158131559,0.6478286981582642,-0.772829532623291,0.32601961493492126,-0.7075170278549194
1774349076.051968,0.6790703215688261,-0.6261171911212388,0.6005174169837048,-0.7646603078949948,0.6476873159408569,-0.7611088156700134,0.32596349716186523,-0.702437162399292
1774349076.2508547,0.6787033155135704,-0.6138025048146183,0.6001708187083099,-0.7523006476534322,0.6469027400016785,-0.7480832934379578,0.325859010219574,-0.6964992880821228
1774349076.4518933,0.6782181251238084,-0.5989659259107483,0.5997661556667754,-0.7372884747208143,0.6464491486549377,-0.7345675230026245,0.3258545994758606,-0.6913886666297913
1774349076.6495755,0.6778193757773313,-0.5854767493226847,0.5993699701445352,-0.7237924536613725,0.6458505988121033,-0.7208555340766907,0.32575902342796326,-0.6850404143333435
1774349076.8680706,0.6772860062977117,-0.5717078290603829,0.5989158187464615,-0.7098582021401899,0.6451144814491272,-0.7072347402572632,0.3258131146430969,-0.6791624426841736
1774349077.0521758,0.6766702240205443,-0.5562766101531548,0.5983814562346861,-0.6942750629411447,0.6449077725410461,-0.6927050352096558,0.3257901668548584,-0.6734058260917664
1774349077.2516785,0.6757614206898048,-0.540613647939731,0.5976747932166884,-0.6782382167661947,0.6429669857025146,-0.6775878071784973,0.3255850672721863,-0.6677867770195007
1774349077.452856,0.6748814338061082,-0.5252331383719461,0.5970147334546292,-0.6624704308618644,0.6421718597412109,-0.661980390548706,0.3254983425140381,-0.6620543003082275
1774349077.655559,0.6738670514284453,-0.5084773574252173,0.5962644940561671,-0.6452732931852214,0.6412312984466553,-0.6456855535507202,0.32546520233154297,-0.6561111211776733
1774349077.8561556,0.6728505540051405,-0.4933780038736398,0.5955927697602206,-0.6296639014958203,0.6409391164779663,-0.6318032145500183,0.32537803053855896,-0.6507006287574768
1774349078.0572991,0.6717312558270127,-0.4772305290326681,0.5948004853091046,-0.6129679790830468,0.639741837978363,-0.613995373249054,0.32544970512390137,-0.6439648866653442
1774349078.258085,0.6704485286918572,-0.4593249352043038,0.593838521206329,-0.5945632366000251,0.6382996439933777,-0.597117006778717,0.3254939019680023,-0.6381934881210327
1774349078.459809,0.6690692685045331,-0.44153190565601264,0.592859906536505,-0.5761643186494032,0.6374552249908447,-0.5790835022926331,0.3252365291118622,-0.6319602131843567
1774349078.6621752,0.6676373712902769,-0.4239166512039697,0.5919260744304486,-0.5578199994152266,0.6351129412651062,-0.5625070333480835,0.3251783847808838,-0.6270501613616943
1774349078.8626463,0.6661518349512421,-0.40654346573879385,0.590999993355796,-0.5397044674470319,0.6345799565315247,-0.5443015694618225,0.3250117599964142,-0.6207517981529236
1774349079.064308,0.6645782573859166,-0.38889536058465796,0.5899324683793067,-0.5213533164862675,0.6331406831741333,-0.5283567905426025,0.3249698579311371,-0.6155336499214172
1774349079.2640476,0.6627953016877939,-0.37287062485285605,0.5886768014732994,-0.5046265883994239,0.6323190927505493,-0.510612964630127,0.3249567747116089,-0.6096549034118652
1774349079.4640803,0.6602575567647533,-0.3541777219028609,0.5867183573521748,-0.48516476423533866,0.629841685295105,-0.4940178692340851,0.3240300416946411,-0.6032801866531372
1774349079.6640308,0.6576661145953997,-0.3378876159565717,0.5846934612519484,-0.4681345855404469,0.628390908241272,-0.47646602988243103,0.32370713353157043,-0.5971747636795044
1774349079.8651056,0.6545419077577338,-0.3193349373994827,0.5821218201955105,-0.4488288255416412,0.6257789731025696,-0.46009063720703125,0.3246854543685913,-0.5918750762939453
1774349080.066276,0.6512569097845158,-0.3024698436251399,0.5794615974914783,-0.4311530719722375,0.6234004497528076,-0.4423234164714813,0.3245626986026764,-0.5863311290740967
1774349080.2678087,0.6478439811787661,-0.28603184085729,0.5765831252447137,-0.4140195237806137,0.6203046441078186,-0.42470186948776245,0.3249478042125702,-0.5818451046943665
1774349080.4669135,0.6435119295738105,-0.26783679726545206,0.5730316617709906,-0.39486714397529254,0.6171053051948547,-0.40706056356430054,0.32343190908432007,-0.5745578408241272
1774349080.6676288,0.6392059789308876,-0.2514733355899252,0.5695192285047017,-0.3775437813309693,0.6132248044013977,-0.39085906744003296,0.3244374096393585,-0.5683647990226746
1774349080.8689241,0.6343181775511771,-0.23440194812217457,0.5655019307438629,-0.35942308414973684,0.6079972982406616,-0.3707755208015442,0.3240741193294525,-0.5625762343406677
1774349081.068539,0.6288093061167083,-0.21398856179204012,0.5604983756914678,-0.3383684539752039,0.6036919951438904,-0.35397619009017944,0.3240073621273041,-0.556755542755127
1774349081.2698696,0.6234410876123372,-0.19649517732410657,0.5558392014002724,-0.3200142984663197,0.5978593230247498,-0.3343561887741089,0.3230377733707428,-0.5517876744270325
1774349081.4719594,0.6169368805437575,-0.17810557662107768,0.550329815042568,-0.30042561155987435,0.5934787392616272,-0.31591764092445374,0.32292869687080383,-0.5460659861564636
1774349081.6720538,0.6098820002873423,-0.15980179811446674,0.5442802930140836,-0.2808632393130116,0.5873417854309082,-0.29794788360595703,0.32303163409233093,-0.5401061177253723
1774349081.8721044,0.6024003025008895,-0.14288689584879613,0.538082340820706,-0.26236372474015124,0.5817226767539978,-0.28038278222084045,0.3230893909931183,-0.5340625643730164
1774349082.0739796,0.5935971919624299,-0.12244049938478396,0.5299633559401837,-0.24100017310383404,0.5749697089195251,-0.2629251480102539,0.3227832317352295,-0.5276798605918884
1774349082.2747788,0.5851319239602428,-0.10596675263273407,0.5224692084032819,-0.22310586420335798,0.5681376457214355,-0.2460753321647644,0.3224664330482483,-0.5222838521003723
1774349082.47372,0.5756656192484884,-0.08896258130132165,0.5140005162675745,-0.20460667691279477,0.5595743060112,-0.2278228998184204,0.32240790128707886,-0.5165173411369324
1774349082.6737187,0.565563131170491,-0.07209552828666703,0.504875446370401,-0.18625075649309164,0.5502274036407471,-0.21127955615520477,0.32231274247169495,-0.5114189386367798
1774349082.8736515,0.5555153141406948,-0.05658781083518211,0.49574203797947214,-0.16937703877231358,0.5416513085365295,-0.19474825263023376,0.3221406042575836,-0.5052622556686401
1774349083.0752904,0.5444888226872082,-0.040526136030062464,0.48553708313315525,-0.15226017674550163,0.5324112772941589,-0.17938700318336487,0.32243189215660095,-0.5000309348106384
1774349083.274913,0.532822829629264,-0.024320242908864115,0.47448976461119946,-0.1352834121565517,0.5205199122428894,-0.1630735695362091,0.3223930597305298,-0.4939444661140442
1774349083.4765537,0.520371456780394,-0.008345369219857736,0.4626872531767641,-0.11844168441909642,0.5111073851585388,-0.14875909686088562,0.32180631160736084,-0.48842528462409973
1774349083.676094,0.5071703568353069,0.0068383488770441935,0.45025404346490694,-0.10211087395578256,0.49940431118011475,-0.133513942360878,0.32178762555122375,-0.4829331040382385
1774349083.8766108,0.4931891955027236,0.022252912518419977,0.4368841448298885,-0.0859029814543174,0.48709556460380554,-0.11945874989032745,0.32169923186302185,-0.4771415591239929
1774349084.0763159,0.479705459809234,0.03548647742419417,0.42410500554881014,-0.07144460683558307,0.4748223125934601,-0.10543308407068253,0.32157397270202637,-0.4715936481952667
1774349084.2771494,0.46465771959276836,0.04972034526805351,0.4097930246511745,-0.05596802055913208,0.46230974793434143,-0.09070613235235214,0.3218846917152405,-0.4650551378726959
1774349084.4771788,0.4494259296565609,0.06300727700792788,0.3952449477930632,-0.0415502990381863,0.44778066873550415,-0.0782444179058075,0.32206276059150696,-0.4597877860069275
1774349084.7207646,0.43083044570242557,0.07811894833711404,0.37730877948049807,-0.025041611792131824,0.4318789839744568,-0.06287655979394913,0.32146725058555603,-0.4523662030696869
1774349084.8784647,0.4181854502914146,0.08728269987347477,0.36528938424271296,-0.014706633265840097,0.4200693368911743,-0.05299471318721771,0.3214496076107025,-0.44819948077201843
1774349085.1188605,0.39903390999316646,0.10113848182830902,0.34665510510772485,0.0002220411102984432,0.4004823565483093,-0.038972146809101105,0.321248859167099,-0.4409257173538208
1774349085.3191588,0.3817846082126328,0.11275509040327054,0.32994987882416166,0.012693739269429627,0.38678640127182007,-0.02742326259613037,0.321180522441864,-0.4358735680580139
1774349085.479361,0.3687945320210218,0.12074103873019802,0.31750466008421596,0.02143674444952759,0.37445390224456787,-0.019541600719094276,0.3210434317588806,-0.4308692514896393
1774349085.7192943,0.3468671105917691,0.13404243052117085,0.29607183732068104,0.035411078891559256,0.35531696677207947,-0.007150046061724424,0.32123181223869324,-0.4236014485359192
1774349085.9186656,0.32804320866924586,0.1438365156940754,0.27768955426195396,0.04609925608394405,0.33827999234199524,0.0031561178620904684,0.3207695484161377,-0.41739165782928467
1774349086.0811524,0.31440139182817833,0.14954631053979714,0.264560777492715,0.052897235780343665,0.32562440633773804,0.009323107078671455,0.32078519463539124,-0.41328632831573486
1774349086.3201137,0.2909230997947188,0.1591027025302487,0.24151212866616983,0.06337390537779086,0.304614394903183,0.018402816727757454,0.32061827182769775,-0.40635013580322266
1774349086.5187602,0.27196141552113023,0.16570283217752452,0.22295112250011995,0.07047675241171647,0.2874952554702759,0.02556592971086502,0.3205569386482239,-0.40049120783805847
1774349086.7222903,0.25226009510980874,0.17077829240482045,0.2037465034693633,0.07631367522146093,0.2693566679954529,0.03150840848684311,0.32067087292671204,-0.39482492208480835
1774349086.918249,0.2313019424210316,0.17426965601405764,0.1832895175342545,0.08089204473696254,0.2511056363582611,0.03590374439954758,0.3207058310508728,-0.38827037811279297
1774349087.120859,0.21120835071708316,0.17609251250226657,0.16364157832939052,0.08375580430779983,0.23296459019184113,0.03932178020477295,0.3202628791332245,-0.38266023993492126
1774349087.2851381,0.19527618745446854,0.17636030382690118,0.14841394992417323,0.0849628292580189,0.21702401340007782,0.040562018752098083,0.3202197253704071,-0.37803080677986145
1774349087.5181365,0.16894636604068122,0.17568214857952896,0.12245335501283283,0.08503200969034153,0.19572877883911133,0.04137391224503517,0.3201799988746643,-0.3720192313194275
1774349087.7211306,0.14917534401830315,0.17324479278021213,0.10303733124557146,0.08362688110463701,0.1775497943162918,0.03994569182395935,0.3199627697467804,-0.365853488445282
1774349087.918875,0.12911699191729434,0.16955283412133568,0.08340915467565624,0.08078457003255002,0.15805871784687042,0.037056755274534225,0.32026344537734985,-0.3602645695209503
1774349088.3225386,0.08733685761764552,0.1583071671309433,0.041888542121728434,0.06999106444657577,0.12078054249286652,0.028191428631544113,0.32054775953292847,-0.3505168855190277
1774349088.5188625,0.06898113933517011,0.15112108588613102,0.02380789163738717,0.06314260435222585,0.10306618362665176,0.0214955173432827,0.3199344575405121,-0.34428051114082336
1774349088.719598,0.049764762503353176,0.14173087400074622,0.004807999616150527,0.05436625168789666,0.08498797565698624,0.013888491317629814,0.319821834564209,-0.33879825472831726
1774349088.9197652,0.03203349110430756,0.13145930743581297,-0.012704465054032221,0.044694210920721456,0.06950949877500534,0.005563482642173767,0.31942805647850037,-0.3331660330295563
1774349089.1154377,0.014855422683487083,0.1199473073429036,-0.029721058197682337,0.033604864446453164,0.05311109870672226,-0.005134377628564835,0.3192797899246216,-0.3267025649547577
1774349089.318788,-0.001354817333612979,0.10718553072133985,-0.0457685195350368,0.021332877048384602,0.03801994398236275,-0.016075557097792625,0.31950363516807556,-0.3221573233604431
1774349089.5217898,-0.016407256705790546,0.09367778563101588,-0.06071127410569466,0.00799757167602011,0.023306911811232567,-0.028325902298092842,0.319256454706192,-0.3163902163505554
1774349089.9193661,-0.043949639591418295,0.06299187602172429,-0.08821130976907898,-0.02258103563892211,-0.0020991554483771324,-0.05698445066809654,0.31805485486984253,-0.3047376871109009
1774349090.1187134,-0.05601090753699648,0.04600726621264286,-0.10025327275529339,-0.03945438729411088,-0.013502239249646664,-0.07159941643476486,0.318121999502182,-0.2997480034828186
1774349090.3180296,-0.06606076469935064,0.029354373790144623,-0.11029367083692643,-0.056030917099473054,-0.023580435663461685,-0.08811374008655548,0.31782403588294983,-0.29392072558403015
1774349090.5188103,-0.07523083718319308,0.011468203413568887,-0.11944048503287918,-0.07384026504526653,-0.03226794674992561,-0.10447663068771362,0.3178112804889679,-0.28828904032707214
1774349090.718913,-0.08364281630358307,-0.008338300115816379,-0.1278990915420315,-0.09376048177416296,-0.04160460829734802,-0.1246727705001831,0.3178231418132782,-0.2837793231010437
1774349090.9200923,-0.09043433456374005,-0.028554541390136398,-0.13475418033264142,-0.1141388027163287,-0.04813181981444359,-0.14306260645389557,0.3172343373298645,-0.2776276767253876
1774349091.1191063,-0.09576740331091643,-0.04951122789371457,-0.1401492013738571,-0.1352456029803646,-0.0536954328417778,-0.16379356384277344,0.3164796531200409,-0.2720104157924652
1774349091.3171067,-0.09977677270085071,-0.07184744714626486,-0.14424995682165653,-0.15791172290508138,-0.05687670782208443,-0.18339353799819946,0.31594398617744446,-0.2658422589302063
1774349091.5184062,-0.1018681509006646,-0.09407445955567373,-0.14656990389145064,-0.18052689241115216,-0.058282941579818726,-0.204585999250412,0.3157275319099426,-0.26048120856285095
1774349091.7183416,-0.10239419477163579,-0.11450637076043912,-0.14723034020662407,-0.20132731972054796,-0.059184469282627106,-0.22493088245391846,0.31544244289398193,-0.2539292275905609
1774349091.9188128,-0.10140589906227424,-0.13704102261544868,-0.14637660232730854,-0.224240496689324,-0.058430928736925125,-0.24466663599014282,0.3150632977485657,-0.24822083115577698
1774349092.119286,-0.0989785185953637,-0.15832060386682892,-0.144083051239279,-0.24596155080131887,-0.057085271924734116,-0.2662474811077118,0.3144960105419159,-0.24209319055080414
1774349092.3185015,-0.0947329489571412,-0.1809630674556567,-0.14004220425013159,-0.2689616068100261,-0.05366171896457672,-0.2855601906776428,0.31356263160705566,-0.23700487613677979
1774349092.5189066,-0.08930907110760589,-0.20152599067346724,-0.1348738127273167,-0.2900224310967272,-0.047854553908109665,-0.30607759952545166,0.3128682076931,-0.23126506805419922
1774349092.718623,-0.08220353965201808,-0.22192000171958634,-0.12802411168601557,-0.3107508011570804,-0.04208596050739288,-0.3244052529335022,0.3129291832447052,-0.22576217353343964
1774349092.918793,-0.07280488883286403,-0.24283781956038153,-0.11886742341193035,-0.3319215724789597,-0.034478217363357544,-0.34304097294807434,0.3123883306980133,-0.21934692561626434
1774349093.119598,-0.061499314600656996,-0.2626004030886663,-0.10784286967263368,-0.3519344038801818,-0.024009041488170624,-0.36113241314888,0.3119550943374634,-0.21252579987049103
1774349093.3190765,-0.04910231888687493,-0.28060359433544796,-0.09574944548848197,-0.37018418719632107,-0.01348934881389141,-0.37858542799949646,0.31154462695121765,-0.20725680887699127
1774349093.5190105,-0.03486340784501135,-0.2977145032242068,-0.08175535591353467,-0.3874585336269033,-0.0005099354311823845,-0.39515572786331177,0.3105708062648773,-0.20101983845233917
1774349093.7230067,-0.018511483459150636,-0.3132680384325363,-0.06619376320415804,-0.40325838262264846,0.014623011462390423,-0.40999463200569153,0.3113178312778473,-0.1987922340631485
1774349093.9159422,-4.360300442154291e-05,-0.32824272880847605,-0.04848861486324674,-0.41839782679488674,0.02981053665280342,-0.42313864827156067,0.310931533575058,-0.1927020102739334
1774349094.1190095,0.018285845356487865,-0.3410001497778629,-0.030533940452803998,-0.4312016000551192,0.047176845371723175,-0.43581923842430115,0.3107130825519562,-0.18721115589141846
1774349094.3204627,0.037254153436613396,-0.3517349421328309,-0.011751947865836443,-0.44200615647472297,0.06543214619159698,-0.44684574007987976,0.30976995825767517,-0.1787167489528656
1774349094.5183845,0.05850174431292808,-0.36141838127502124,0.00900214251931819,-0.4514611651296451,0.08425012230873108,-0.4559968113899231,0.30914193391799927,-0.17318715155124664
1774349094.7186193,0.07969288095967174,-0.36897205345025297,0.030082312463606264,-0.45901458319974403,0.10376326739788055,-0.4623742997646332,0.308810293674469,-0.16971442103385925
1774349094.9204934,0.10090080667524795,-0.37484747265963625,0.051304717863069116,-0.46489041170683587,0.12484864145517349,-0.4671941101551056,0.3075513243675232,-0.161814883351326
1774349095.1189368,0.1237202417364129,-0.379320339934479,0.07413349204553055,-0.4693649561850955,0.14403097331523895,-0.47154000401496887,0.3070340156555176,-0.1566939800977707
1774349095.3186328,0.14479984908591828,-0.3821772406566442,0.09549957748924143,-0.47223709803299313,0.1641775667667389,-0.4741401672363281,0.307094007730484,-0.15256229043006897
1774349095.5186696,0.16675928085246702,-0.3838315028994924,0.11789311742285224,-0.4739489837168773,0.18506883084774017,-0.47587743401527405,0.3062146306037903,-0.14612872898578644
1774349095.7196167,0.18797624311194197,-0.38427049731039337,0.13958630660189408,-0.4744132856764059,0.2077457755804062,-0.47594696283340454,0.3055606782436371,-0.13838639855384827
1774349095.9184554,0.21061905122122307,-0.3833312692289315,0.16287222603934015,-0.4735538688808365,0.22796949744224548,-0.47583818435668945,0.30471134185791016,-0.13314834237098694
1774349096.1198726,0.23165254897392423,-0.38115916934427596,0.18452360399160828,-0.47146853540019296,0.24870575964450836,-0.4735851585865021,0.30380088090896606,-0.1282450258731842
1774349096.3185291,0.25390303757017846,-0.37744221953991297,0.2075769993951484,-0.4680060358736625,0.26944029331207275,-0.46988925337791443,0.30330127477645874,-0.12361888587474823
1774349096.5182838,0.27477935192389014,-0.37326221644255686,0.22931214273970513,-0.46392509431321094,0.28907322883605957,-0.46564024686813354,0.30266040563583374,-0.11726056039333344
1774349096.7192297,0.2955195255624025,-0.3685401972297162,0.2509679382653317,-0.45939613953776937,0.3084912598133087,-0.4605880379676819,0.30247411131858826,-0.11158964037895203
1774349096.9198563,0.3166476674270426,-0.3631401955919725,0.27336329141229726,-0.4543335840040556,0.3301813304424286,-0.45398053526878357,0.3020589053630829,-0.10580211877822876
1774349097.1181538,0.3371607727986995,-0.35755708470516795,0.2951541184095251,-0.4490175515418976,0.3502551317214966,-0.4493559002876282,0.30082452297210693,-0.09994585812091827
1774349097.318409,0.3573291402646331,-0.35151649489126885,0.3166130767986855,-0.4433156462885618,0.3708935081958771,-0.44255420565605164,0.3001546263694763,-0.09433978796005249
1774349097.5188549,0.37635812763909215,-0.34534796745171037,0.33702485939272464,-0.43746563013370116,0.38989201188087463,-0.4375400245189667,0.29965925216674805,-0.08738246560096741
1774349097.7222946,0.39681888412323163,-0.3381172327776174,0.3590120559023288,-0.4306042919428676,0.4101242125034332,-0.4297475516796112,0.2990740239620209,-0.08200283348560333
1774349097.9225888,0.41660363582311666,-0.3301683839853524,0.3805491657711854,-0.4232355398807098,0.4291004240512848,-0.4230717122554779,0.2985440194606781,-0.07689465582370758
1774349098.119012,0.43467508060793153,-0.3226409072968698,0.40028117997903595,-0.4160285718625662,0.44997692108154297,-0.4145461320877075,0.2984238564968109,-0.07128240168094635
1774349098.3186812,0.45591561775352973,-0.3134799228713685,0.42314359783117783,-0.40725187509710364,0.4695923924446106,-0.4066588580608368,0.29760313034057617,-0.06557248532772064
1774349098.5223958,0.4747264857445829,-0.3042134352512679,0.4436850841258962,-0.39852204171100397,0.4898592531681061,-0.39769697189331055,0.29683423042297363,-0.06022828817367554
1774349098.721905,0.4920238000823557,-0.2946600371909875,0.4628216616365923,-0.3895351102841019,0.506626546382904,-0.38892295956611633,0.29628506302833557,-0.05514901503920555
1774349098.9206252,0.5113416672874427,-0.2832069240498935,0.4840444608255513,-0.37866538961949225,0.5256416201591492,-0.37927111983299255,0.2958242893218994,-0.049516189843416214
1774349099.1212862,0.5287752964899207,-0.2713989169307034,0.5030391809818766,-0.36730146311255724,0.5435823798179626,-0.36753660440444946,0.29539328813552856,-0.044055040925741196
1774349099.3225298,0.546095695124184,-0.2575291224074388,0.522070397037153,-0.3539080234631088,0.5615926384925842,-0.35532817244529724,0.29512256383895874,-0.0376225970685482
1774349099.522682,0.5607395294873653,-0.24290841041197106,0.5385811359496775,-0.33982276514062826,0.5779982805252075,-0.34174057841300964,0.2947503626346588,-0.03193720802664757
1774349099.7236037,0.5742674193801804,-0.22662664088937456,0.5536509095462214,-0.32394382749849493,0.590971052646637,-0.32680678367614746,0.29394036531448364,-0.024606820195913315
1774349099.9257927,0.5871817413073483,-0.20764610910809936,0.5681823041583957,-0.30534516222926966,0.6043515205383301,-0.31069573760032654,0.29315271973609924,-0.021201232448220253
1774349100.1245718,0.5973268812051781,-0.18925526189944203,0.5797369389395992,-0.2872639508404069,0.6142425537109375,-0.2945457994937897,0.292758971452713,-0.015223639085888863
1774349100.3828955,0.610549285978049,-0.15942866959447968,0.5946158312998417,-0.2574672870536192,0.6258513331413269,-0.27180495858192444,0.2923344373703003,-0.008603526279330254
1774349100.5859294,0.6171342322939345,-0.13832119161895337,0.6027165935239678,-0.23643745451375198,0.633213996887207,-0.2535780072212219,0.29196614027023315,-0.0008126348257064819
1774349100.786102,0.6222322800016298,-0.11690013907983668,0.6092827490733441,-0.2149884775578803,0.6399672627449036,-0.2328290045261383,0.2917494475841522,0.003277138341218233
1774349100.9858832,0.6248942178216959,-0.0951655028350562,0.6142455114721906,-0.1934854727926908,0.6448487639427185,-0.21452470123767853,0.2911272644996643,0.009094159118831158
1774349101.1883767,0.6259206553627846,-0.07446161276021164,0.6173916256611028,-0.17287727759705274,0.6478803157806396,-0.1965791881084442,0.29001250863075256,0.014660947024822235
1774349101.385945,0.6261390508068542,-0.05536042075790935,0.6190590216823326,-0.1537771043068361,0.6500059366226196,-0.18225273489952087,0.28964120149612427,0.01981174945831299
1774349101.5849137,0.6247971291459864,-0.03911192675456634,0.6193233138371783,-0.13749986971210038,0.6507386565208435,-0.1676022857427597,0.2896026372909546,0.02539272978901863
1774349101.7854228,0.6225239358442606,-0.022524690549335206,0.618466711116677,-0.12073349488870999,0.6502723097801208,-0.15172931551933289,0.2890065908432007,0.03144701570272446
1774349101.9841156,0.6188902147326916,-0.0061013364537795,0.6167458226294701,-0.10429964353783616,0.648533046245575,-0.13684138655662537,0.2884713113307953,0.03768877685070038
1774349102.185221,0.6155860474051305,0.006737352499727201,0.614858724896441,-0.09140159635335687,0.6459224820137024,-0.12069527059793472,0.2880309820175171,0.04248114675283432
1774349102.3854702,0.6106944144886257,0.025696447229689688,0.6115850521762387,-0.07230677083945536,0.6429376006126404,-0.10640409588813782,0.287216454744339,0.048778779804706573
1774349102.585858,0.606177875539492,0.04121012500366447,0.6086002187318756,-0.056601813095209286,0.6388500928878784,-0.09143689274787903,0.28670579195022583,0.05389432609081268
1774349102.785014,0.6015047217706003,0.05488393708731338,0.6058398203913031,-0.04277911470333051,0.6356804370880127,-0.07614769786596298,0.28630685806274414,0.05998622253537178
1774349102.9855628,0.5956360929721711,0.07355422000998259,0.6019030938351773,-0.02384421087885913,0.6316076517105103,-0.059852879494428635,0.28603804111480713,0.06548426300287247
1774349103.1846988,0.5904473742870718,0.08976162251553384,0.5984692371329786,-0.007392321243127609,0.6283974647521973,-0.044799935072660446,0.2855336666107178,0.07147976011037827
1774349103.3868678,0.5861048869545404,0.1015386012156299,0.5959320516211231,0.004593311537379963,0.62494957447052,-0.03066350147128105,0.2851268947124481,0.07718772441148758
1774349103.5859997,0.5804111351368668,0.12066354672744507,0.5920415982120705,0.024039555086927455,0.6209033727645874,-0.014649612829089165,0.2845454514026642,0.0831051841378212
1774349103.7847235,0.5756150457384669,0.1363537847155975,0.5891425053621624,0.04012205216954823,0.6174343824386597,-4.759058356285095e-05,0.2839699983596802,0.08900411427021027
1774349103.9843123,0.5716694283058714,0.1490046552068866,0.587033477732853,0.053038278149127205,0.6138870716094971,0.01466028206050396,0.2836005687713623,0.09454873204231262
1774349104.185134,0.566850979546688,0.16747898420261692,0.5842931979459698,0.07195223238396653,0.610666811466217,0.028938155621290207,0.28317952156066895,0.10088616609573364
1774349104.3860207,0.5628380538424512,0.18319384865532645,0.5824327469815929,0.08806439622286799,0.6076897978782654,0.04431673139333725,0.28302574157714844,0.10572964698076248
1774349104.5865016,0.5591833684773904,0.19598199011621537,0.5810756886985287,0.10138980964998812,0.6061127781867981,0.06040626019239426,0.2825767993927002,0.11181149631738663
1774349104.786233,0.5551477720553413,0.21435504523551077,0.5792787529484,0.12034125755167824,0.6028749942779541,0.07544202357530594,0.28200748562812805,0.1168493926525116
1774349104.9860353,0.5515660005401205,0.23065444368874885,0.5779677691129157,0.13722669480184113,0.6014531850814819,0.09104982763528824,0.2811168432235718,0.1232236921787262
1774349105.3855982,0.5473113144105279,0.25994471038980665,0.5763406495586821,0.1671849020099665,0.5972663760185242,0.11951345950365067,0.2802373170852661,0.13411173224449158
1774349105.5847194,0.5441533399574817,0.2739552267955285,0.5758987999212207,0.18187329825315057,0.5963228940963745,0.13349659740924835,0.27990779280662537,0.14057810604572296
1774349105.7851017,0.5412845636682906,0.28736809364472266,0.5756837729150295,0.19601178933702346,0.5950941443443298,0.14663195610046387,0.27935969829559326,0.14635246992111206
1774349105.9878445,0.5386566662776844,0.30050470316805367,0.5757259164462785,0.20986047840691668,0.5947152972221375,0.16001228988170624,0.2784450352191925,0.15227536857128143
1774349106.1885362,0.5361568192944886,0.3106228374903942,0.5759070238275806,0.2206183425932522,0.5937857031822205,0.1713644117116928,0.2776131331920624,0.15741078555583954
1774349106.384911,0.5340540694627597,0.3243623073310373,0.5763952797019205,0.23502389245803967,0.5934587121009827,0.18167449533939362,0.2774018943309784,0.16306065022945404
1774349106.5874052,0.5318208605868268,0.33315146016466346,0.576857826695277,0.2445392581620014,0.5934873223304749,0.19434188306331635,0.2770225405693054,0.1689668595790863
1774349106.7852302,0.5302756035835057,0.3471579192384099,0.5778555314709602,0.2592713059497984,0.5936417579650879,0.20561663806438446,0.2764933109283447,0.1752987951040268
1774349106.9850488,0.5286234631957495,0.3589120988640527,0.5788644620259762,0.27179280339479206,0.5941560864448547,0.21653811633586884,0.27625149488449097,0.1807561069726944
1774349107.1852386,0.5269526596005076,0.3702429081129182,0.5798396844498936,0.2839135944018589,0.5948899388313293,0.2276928722858429,0.2755718231201172,0.18654750287532806
1774349107.3849537,0.5252588175533981,0.3817115581583924,0.5807218056723993,0.29615011913640155,0.5950871706008911,0.24003472924232483,0.2745261788368225,0.1915155053138733
1774349107.5844412,0.5233120311709543,0.3932935364563111,0.5813981729069364,0.3084796801950589,0.5954762101173401,0.2518770694732666,0.27401259541511536,0.19681647419929504
1774349107.7860615,0.5213920262865469,0.40452620433554787,0.5818220898202815,0.3203177007149771,0.5960161685943604,0.26173627376556396,0.27381134033203125,0.20268657803535461
1774349107.9866414,0.5190452218852573,0.4120257691415161,0.5819941169363184,0.32846866738158753,0.5962672233581543,0.2721792161464691,0.2733173966407776,0.20857959985733032
1774349108.1853356,0.5166203007905191,0.4233118340203521,0.582016932864545,0.3404891473299816,0.5959268808364868,0.282745361328125,0.27289411425590515,0.2150760442018509
1774349108.3861861,0.5139807525480746,0.4331567310871937,0.58180220194024,0.35101047343578995,0.5955370664596558,0.2912660241127014,0.2721860110759735,0.22021161019802094
1774349108.5851867,0.5112662078881713,0.4427613705694334,0.5813993084204034,0.36120010513531264,0.5949572920799255,0.3009380102157593,0.271269828081131,0.22693994641304016
1774349108.7853205,0.5083882496338005,0.45201833629603977,0.5808193459358366,0.37116543611711883,0.5948495864868164,0.31133759021759033,0.27073153853416443,0.23149198293685913
1774349108.985765,0.5058043300950938,0.459961902041996,0.5801587642554623,0.3795538492689241,0.5936468243598938,0.32081398367881775,0.2702416181564331,0.2379526048898697
1774349109.1854722,0.502272265574097,0.4715170770008216,0.5789482287123897,0.3917782978179387,0.592593789100647,0.3301061689853668,0.2699604630470276,0.24331024289131165
1774349109.3845773,0.4989527614264484,0.4802714439572121,0.5778339932801133,0.40120412446745535,0.5918527841567993,0.3407157063484192,0.2694409489631653,0.24957171082496643
1774349109.5859427,0.49555718440123836,0.49054746186512527,0.5764624774764662,0.4120461737381249,0.5905203223228455,0.34979498386383057,0.26870477199554443,0.255048006772995
1774349109.787324,0.4920486010194275,0.5002503193538224,0.575146534702734,0.4223926653775636,0.5887036323547363,0.36032307147979736,0.2679344117641449,0.2616908848285675
1774349109.9845097,0.488700119551027,0.5094462349351173,0.5738771840351974,0.4322513095848337,0.5866584777832031,0.36922645568847656,0.26743483543395996,0.26627904176712036
1774349110.1852956,0.4855771662325247,0.5171202500385872,0.572810959107082,0.4404954266349932,0.5858890414237976,0.3794413208961487,0.26684752106666565,0.2722759246826172
1774349110.3855443,0.4820878640594186,0.5285499628513635,0.5712566816169407,0.4524263541300717,0.5844285488128662,0.38879328966140747,0.26644736528396606,0.2786281406879425
1774349110.585706,0.47858926202074675,0.5382672035913937,0.5699324893443114,0.4627892219469898,0.5828061103820801,0.39763393998146057,0.26608845591545105,0.28426170349121094
1774349110.786496,0.47527536789001945,0.5479548798456757,0.5686527366660973,0.4730600566006691,0.5812376141548157,0.40752527117729187,0.2654249668121338,0.2902296781539917
1774349110.9858751,0.47199435505438603,0.5566625894187305,0.5675116652326158,0.482450090959724,0.5791780352592468,0.4180258810520172,0.2647233307361603,0.29546114802360535
1774349111.1854444,0.4688145071825049,0.5650265006550922,0.5664544715208741,0.4914415722542267,0.5778020024299622,0.42672058939933777,0.26415571570396423,0.30106955766677856
1774349111.3861504,0.4655019408970736,0.5760378770938047,0.5650899712222595,0.5030502015666545,0.576520562171936,0.43484848737716675,0.26363009214401245,0.3061237335205078
1774349111.5857887,0.46265086343145106,0.5833427187758724,0.5641595624788766,0.5108514807483897,0.5749928951263428,0.4426361918449402,0.262961745262146,0.31242504715919495
1774349111.7847383,0.45982955052904073,0.5909688551426419,0.5631877487660661,0.5190098714505282,0.5744167566299438,0.4503944516181946,0.2629174590110779,0.3182092607021332
1774349111.9847696,0.45680311199838947,0.5984481684323183,0.5622233394292617,0.527086515050782,0.5728426575660706,0.45744189620018005,0.26249322295188904,0.32386577129364014
1774349112.185267,0.45372337601903795,0.6056500452507737,0.5612592643172505,0.5349807801452244,0.5713157653808594,0.4651472866535187,0.2614911198616028,0.32944145798683167
1774349112.3852189,0.4507815470322922,0.6132465200455638,0.5602772337786214,0.5431577140003003,0.5698748230934143,0.4731166362762451,0.2608564794063568,0.3347393870353699
1774349112.585767,0.4480619946155591,0.6189578809393309,0.5595339059589262,0.5494005330251837,0.568622887134552,0.48128631711006165,0.2602458596229553,0.3406256139278412
1774349112.7858307,0.4450886885864744,0.6278823321623009,0.558372255984501,0.5589103622516145,0.567470133304596,0.48892220854759216,0.25964751839637756,0.34530577063560486
1774349112.986149,0.442378865900581,0.6335248735397331,0.5576108908037346,0.5650524839005875,0.56622314453125,0.49629122018814087,0.25929173827171326,0.35172808170318604
1774349113.1861477,0.43921077358353183,0.643152176009409,0.556333619804169,0.5752306724663774,0.5648568868637085,0.5033820271492004,0.25932180881500244,0.35746464133262634
1774349113.384968,0.43619058387379056,0.649819493998368,0.5553933920541736,0.5825521925230233,0.5637671947479248,0.5114908814430237,0.2586277723312378,0.36334431171417236
1774349113.58515,0.4334957266562521,0.6563481832311215,0.5544813328818546,0.5895315567051043,0.5626162886619568,0.519736111164093,0.25779226422309875,0.36832213401794434
1774349113.7850218,0.4301423661974044,0.6654475647664555,0.5532062528376085,0.5991546704442141,0.5612501502037048,0.527165412902832,0.25723588466644287,0.37392088770866394
1774349113.9852946,0.4273179111068843,0.6728953541548941,0.5521742585996445,0.6070291748839745,0.5597724914550781,0.5350314378738403,0.2569133937358856,0.37939947843551636
1774349114.185149,0.4246254382713627,0.6787966487264233,0.5513238475755465,0.6135029768054407,0.5583158731460571,0.5422657132148743,0.25633639097213745,0.3847039043903351
1774349114.3851144,0.42151939138511346,0.6875614546592935,0.5500995816687101,0.622784450376225,0.557732343673706,0.5491804480552673,0.25618621706962585,0.39137786626815796
1774349114.5851052,0.41871776713835734,0.6935460969724715,0.5492173628347976,0.6292440480103985,0.5567432641983032,0.5569689869880676,0.25582411885261536,0.3966924846172333
1774349114.7848687,0.41558396151997096,0.7024724188424488,0.5479001237843312,0.6387463865997405,0.5553358197212219,0.5644710063934326,0.2550978362560272,0.40218210220336914
1774349114.982728,0.4126327543113524,0.7100064300369671,0.5467828614930155,0.6467943703743111,0.5542261004447937,0.5723069310188293,0.2545042932033539,0.40753161907196045
1774349115.187376,0.4095526331943806,0.7178642307698955,0.5456122967151964,0.6551999812109983,0.5522587299346924,0.580258309841156,0.2540428936481476,0.4144030809402466
1774349115.3860676,0.40662312928249655,0.7253622683900901,0.5445226863938359,0.6632397834177086,0.5515387058258057,0.5881005525588989,0.25394925475120544,0.41902032494544983
1774349115.5867558,0.40367389571966067,0.732482820259568,0.5435062577550449,0.6708656504326851,0.5506051778793335,0.5953194499015808,0.2534441351890564,0.42547303438186646
1774349115.8519495,0.400487555983381,0.741941560289132,0.5421838431269965,0.6808655368046326,0.5485314726829529,0.6058664917945862,0.2530296742916107,0.4330078363418579
1774349115.9855337,0.398039385677334,0.7474000514833162,0.541412820490085,0.6867336957471672,0.5482162237167358,0.6099616289138794,0.25269025564193726,0.4366888701915741
1774349116.1852915,0.3953540943969341,0.7551206816451707,0.5403373291996612,0.6948838547226528,0.5465264320373535,0.6182242631912231,0.2517493665218353,0.44275516271591187
1774349116.4518368,0.39214875927019155,0.7645851930343034,0.5390294015849205,0.7049069674865382,0.545197606086731,0.6276710629463196,0.25105494260787964,0.45057767629623413
1774349116.5844343,0.39003427488445847,0.767738289658901,0.5385690146020153,0.7084976720454272,0.5450466275215149,0.6281968951225281,0.25112617015838623,0.45442917943000793
1774349116.7851307,0.3882466838292964,0.7686515225009621,0.5384023091088975,0.7098074461860855,0.5450071692466736,0.6282960176467896,0.2508867681026459,0.4598754048347473
1774349117.0525026,0.38650883847304096,0.7682606886616464,0.5383971425087021,0.7098480428902443,0.5450041890144348,0.6283194422721863,0.25016266107559204,0.46847018599510193
1774349117.1850832,0.3848342353276471,0.7678137623782636,0.5383946011512589,0.7098680141693074,0.5449974536895752,0.628337025642395,0.2499941885471344,0.47273167967796326
1774349117.3857603,0.3831759874396059,0.7673668725955672,0.5383917847554214,0.7098901437555247,0.544988751411438,0.6283637881278992,0.24928738176822662,0.47812801599502563
1774349117.652033,0.3815143975997025,0.7669275543193773,0.5383917835190222,0.7098901534683675,0.5449946522712708,0.6283507347106934,0.24844346940517426,0.4857438802719116
1774349117.8524246,0.3798983302963412,0.7665133899149484,0.5383917835190222,0.7098901534683675,0.5449891090393066,0.6283634305000305,0.24811039865016937,0.4919494092464447
1774349117.989196,0.378454016982398,0.7662150247803332,0.5383917835190222,0.7098901534683675,0.5449864268302917,0.628375232219696,0.24805937707424164,0.49535903334617615
1774349118.190424,0.37694623321543225,0.7659118980391532,0.5383917835190222,0.7098901534683675,0.5450031757354736,0.6283652782440186,0.2478698492050171,0.5000470876693726
1774349118.4520583,0.37549980175089925,0.7656283677429518,0.5383917835190222,0.7098901534683675,0.5449846386909485,0.6283660531044006,0.2472912222146988,0.5085086822509766
1774349118.5916843,0.3741765256761207,0.7653397858333711,0.5383917835190222,0.7098901534683675,0.5450000762939453,0.6283537745475769,0.24689680337905884,0.5125727653503418
1774349118.7953515,0.3728819383629338,0.7650582657348464,0.5383917835190222,0.7098901534683675,0.5449954271316528,0.6283758878707886,0.24584971368312836,0.5185290575027466
1774349119.0522144,0.3714749624589537,0.764778113610027,0.5383917835190222,0.7098901534683675,0.5449973344802856,0.628368079662323,0.24530036747455597,0.5256950855255127
1774349119.1983714,0.3702052594715288,0.7645450177574292,0.5383917835190222,0.7098901534683675,0.5449997782707214,0.6283760070800781,0.24503664672374725,0.529725193977356
1774349119.4003332,0.3686739759492309,0.7642239224980195,0.5383917835190222,0.7098901534683675,0.5450016856193542,0.6283789277076721,0.2450101673603058,0.5349743962287903
1774349119.6519513,0.3672508092160928,0.7639959334500805,0.5383917835190222,0.7098901534683675,0.5449889302253723,0.6283707022666931,0.24405519664287567,0.5427104234695435
1774349119.8022933,0.36606951703535084,0.763788751174357,0.5383917835190222,0.7098901534683675,0.5449892282485962,0.6283646821975708,0.24354727566242218,0.5461633801460266
1774349120.0033207,0.3647145477388123,0.7635657734846683,0.5383917835190222,0.7098901534683675,0.5449981689453125,0.6283575892448425,0.24281102418899536,0.5525104999542236
1774349120.2520294,0.36345929842518765,0.7634151448969383,0.5383917835190222,0.7098901534683675,0.5449928641319275,0.628373384475708,0.24180719256401062,0.5583375692367554
1774349120.4057977,0.36198232423475346,0.7632006353415997,0.5383917835190222,0.7098901534683675,0.5449869632720947,0.6283845901489258,0.24150118231773376,0.5627108812332153
1774349120.651946,0.3606663769805811,0.7630846350644721,0.5383917835190222,0.7098901534683675,0.54499751329422,0.6283742189407349,0.24120819568634033,0.570056676864624
1774349120.8517694,0.3592899319673371,0.762888626707316,0.5383917835190222,0.7098901534683675,0.5449959635734558,0.6283680200576782,0.24049368500709534,0.5758652091026306
1774349121.0082786,0.358164180748222,0.7627141670578493,0.5383917835190222,0.7098901534683675,0.5449920296669006,0.628377377986908,0.24011775851249695,0.5765705108642578
1774349121.2510788,0.3570249275963451,0.762543598610208,0.5383917835190222,0.7098901534683675,0.5449959635734558,0.6283643841743469,0.24009333550930023,0.5768247246742249
1774349121.452127,0.35590348796391924,0.7623747871807532,0.5383917835190222,0.7098901534683675,0.5449934005737305,0.6283603310585022,0.24007867276668549,0.5768411755561829
1774349121.6114483,0.3548251097556999,0.7622095490724283,0.5383917835190222,0.7098901534683675,0.5450006723403931,0.6283705830574036,0.24004854261875153,0.5768499374389648
1774349121.8114598,0.35379283342166357,0.7620512181434932,0.5383917835190222,0.7098901534683675,0.5449904799461365,0.6283742785453796,0.24005253612995148,0.5768501162528992
1774349122.0521283,0.35280090970211625,0.7619027945805769,0.5383917835190222,0.7098901534683675,0.5450021028518677,0.6283602714538574,0.2400849163532257,0.5768521428108215
1774349122.2131894,0.3518395209297775,0.7617791385804024,0.5383917835190222,0.7098901534683675,0.5450018644332886,0.6283606290817261,0.2400619238615036,0.5768489837646484
1774349122.415435,0.35115442581937123,0.7617204249746201,0.5383917835190222,0.7098901534683675,0.5449994802474976,0.6283751130104065,0.2400577962398529,0.5768604874610901
1774349122.6523619,0.350427047199766,0.7616527668733799,0.5383917835190222,0.7098901534683675,0.5449877977371216,0.6283634901046753,0.240083709359169,0.5768444538116455
1774349122.8164713,0.34960862392160186,0.7615268491291313,0.5383917835190222,0.7098901534683675,0.5449978113174438,0.6283515691757202,0.2400406301021576,0.5768358111381531
1774349123.0167754,0.3487932635967224,0.7614044023760872,0.5383917835190222,0.7098901534683675,0.5449953079223633,0.6283828020095825,0.2400604635477066,0.5768563151359558
1774349123.2522216,0.3482172688420825,0.7613551725307547,0.5383917835190222,0.7098901534683675,0.5449813008308411,0.6283824443817139,0.24008771777153015,0.576862633228302
