timestamp,kf_x,kf_y,ekf_raw_x,ekf_raw_y,gt_x,gt_y,gt_obs_x,gt_obs_y
1774354861.2759018,-0.257986156626334,0.8139272207980948,-0.24740783901967578,0.7940706694403441,-0.22799278795719147,0.690559983253479,-0.00909615121781826,0.9121993184089661
1774354861.5567153,-0.25800380043771654,0.8139660826626122,-0.24740783901967578,0.7940706694403441,-0.22791919112205505,0.6904986500740051,-0.009084371849894524,0.9122051000595093
1774354861.6007593,-0.2580158721308134,0.8139913111382266,-0.24740783901967578,0.7940706694403441,-0.22786307334899902,0.6904106140136719,-0.009071968495845795,0.9122317433357239
1774354861.7594285,-0.25803089434314896,0.814024150665722,-0.24740783901967578,0.7940706694403441,-0.2279220074415207,0.6905030012130737,-0.009088246151804924,0.9122088551521301
1774354861.9989605,-0.2580459625239686,0.8140553102552955,-0.24740783901967578,0.7940706694403441,-0.22787289321422577,0.6904333233833313,-0.009091118350625038,0.9122636914253235
1774354862.1536057,-0.2580610910706675,0.8140888792357228,-0.24740783901967578,0.7940706694403441,-0.22793087363243103,0.6905096769332886,-0.009084494784474373,0.9122113585472107
1774354862.3565347,-0.2580722125677271,0.8141128580568305,-0.24740783901967578,0.7940706694403441,-0.22794291377067566,0.6905006170272827,-0.009109770879149437,0.912196159362793
1774354862.5545964,-0.25808468400076157,0.814138456179668,-0.24740783901967578,0.7940706694403441,-0.22790859639644623,0.6905078291893005,-0.009071603417396545,0.9122141599655151
1774354862.7550693,-0.2580746090216026,0.8141205876157597,-0.24740783901967578,0.7940706694403441,-0.22793804109096527,0.6905131340026855,-0.009089956060051918,0.9122291207313538
1774354862.9562697,-0.2580935405864799,0.8141629058895684,-0.24740783901967578,0.7940706694403441,-0.22793440520763397,0.6905301213264465,-0.009087448939681053,0.9122358560562134
1774354863.1560879,-0.25810203333659165,0.8141809300286105,-0.24740783901967578,0.7940706694403441,-0.22793908417224884,0.6905210614204407,-0.009088991209864616,0.9122302532196045
1774354863.3572602,-0.2581148497038192,0.8142079289260313,-0.24740783901967578,0.7940706694403441,-0.22793009877204895,0.690527617931366,-0.009092338383197784,0.9122353196144104
1774354863.5576127,-0.258130243456098,0.8142414577551161,-0.24740783901967578,0.7940706694403441,-0.22792905569076538,0.6905065178871155,-0.009076651185750961,0.9122200012207031
1774354863.7621958,-0.25822709570107755,0.8144636272254824,-0.24740783901967578,0.7940706694403441,-0.22792673110961914,0.6905131936073303,-0.009094979614019394,0.9122231006622314
1774354864.1601949,-0.25823272570101763,0.8144751894508874,-0.24740783901967578,0.7940706694403441,-0.22793352603912354,0.6905203461647034,-0.009096259251236916,0.9122301936149597
1774354864.361155,-0.25824449550948597,0.8145007970217152,-0.24740783901967578,0.7940706694403441,-0.2279316931962967,0.6904973387718201,-0.009103268384933472,0.9121990203857422
1774354864.5632653,-0.2582504529164339,0.814513012159126,-0.24740783901967578,0.7940706694403441,-0.22793614864349365,0.6905137300491333,-0.009092463180422783,0.9122259616851807
1774354864.7623339,-0.2582567395320347,0.814526015176062,-0.24740783901967578,0.7940706694403441,-0.22793498635292053,0.6905142664909363,-0.009097428992390633,0.9122292399406433
1774354864.9607697,-0.2582592638927815,0.8145310674807028,-0.24740783901967578,0.7940706694403441,-0.22793284058570862,0.6905032396316528,-0.00909840315580368,0.9122191071510315
1774354865.1627877,-0.2583457762322833,0.8145177468064102,-0.24749079994953038,0.7940500827568369,-0.22847360372543335,0.690423846244812,-0.0090853963047266,0.9122335910797119
1774354865.3603563,-0.259247027818111,0.814250612307361,-0.24840942831971558,0.7938163526966671,-0.22998976707458496,0.6899689435958862,-0.009099896997213364,0.912218451499939
1774354865.5636122,-0.26076406487765746,0.8137642533202778,-0.24997471852461384,0.7934107376897339,-0.23256218433380127,0.6889077425003052,-0.009065184742212296,0.912212073802948
1774354865.7649102,-0.26354902159080285,0.8130668675534981,-0.25275014401083107,0.7926909195704086,-0.23615644872188568,0.6878564953804016,-0.00909271277487278,0.9122220873832703
1774354865.9653385,-0.2673971326194194,0.812105722869219,-0.2565830456109378,0.7916968992465161,-0.239345520734787,0.6870014667510986,-0.009081769734621048,0.912224531173706
1774354866.165029,-0.27132107220193946,0.8109896106116193,-0.26055754116396956,0.7906650315462975,-0.24309691786766052,0.6858594417572021,-0.009076828137040138,0.9122253060340881
1774354866.366025,-0.2752362069796424,0.8099693896823282,-0.2644743260217761,0.7896487085517221,-0.2474706470966339,0.6846898198127747,-0.009086694568395615,0.9122008681297302
1774354866.5662696,-0.27932095290898573,0.8088857229839904,-0.2685654562942268,0.7885862589420618,-0.2507186532020569,0.6838520169258118,-0.009091049432754517,0.9122116565704346
1774354866.7666123,-0.28286542756336897,0.8078558473228825,-0.2721718700097786,0.7876530273100579,-0.2544499635696411,0.6826483607292175,-0.009102463722229004,0.912212073802948
1774354866.9647293,-0.28687272032768923,0.8068276366265708,-0.27617773059705597,0.7866212275120155,-0.25861674547195435,0.6813045740127563,-0.009087160229682922,0.9122275710105896
1774354867.2173016,-0.2928554729385326,0.8052612922728857,-0.2821669185808169,0.7850818379062536,-0.2637224495410919,0.6800200939178467,-0.00909179076552391,0.9122310876846313
1774354867.4210281,-0.29656809107103427,0.8040847030966088,-0.2859695471147623,0.7840996595854963,-0.26760417222976685,0.678727388381958,-0.00908956304192543,0.9122293591499329
1774354867.5688941,-0.2985247601640719,0.8034605977110296,-0.2879726111297144,0.7835811125254217,-0.27075907588005066,0.677824079990387,-0.009077932685613632,0.9122065901756287
1774354867.7698576,-0.30236121079406464,0.802218558261148,-0.2919121356973211,0.7825615240828887,-0.2743867337703705,0.6771059036254883,-0.00922887958586216,0.9120453596115112
1774354868.0178049,-0.3082318016879756,0.8004719478053689,-0.2978642285318346,0.7810156792225125,-0.2785751521587372,0.6757196187973022,-0.010470090433955193,0.9107744693756104
1774354868.4212089,-0.31592756768418184,0.7982431334121264,-0.3056481922258729,0.7789782050969665,-0.2863638997077942,0.6741567850112915,-0.01455690711736679,0.9066429138183594
1774354868.619534,-0.31975891663282646,0.7968718230096544,-0.3096510984102826,0.7779184418922978,-0.2891179025173187,0.673460066318512,-0.017980679869651794,0.9032541513442993
1774354868.818706,-0.3236567816978913,0.7956966196785176,-0.3136033508355748,0.7768683156890641,-0.2932946979999542,0.6723350882530212,-0.020128238946199417,0.9010095596313477
1774354869.0183368,-0.32714538442311086,0.7945477922675489,-0.31717888028926733,0.7759137147755459,-0.2982932925224304,0.671148419380188,-0.022732168436050415,0.8983800411224365
1774354869.2194183,-0.3312330153190427,0.7931235668450726,-0.32144277504141816,0.7747726803074406,-0.3017420768737793,0.6700559854507446,-0.025652388110756874,0.8951839804649353
1774354869.4207184,-0.3349889957979846,0.7919085024866114,-0.325262432606778,0.7737529272928734,-0.30559006333351135,0.6687758564949036,-0.027752112597227097,0.8923835158348083
1774354869.616927,-0.33896306192691134,0.7906282149760594,-0.3293257889710356,0.7726699778516772,-0.30926743149757385,0.6680110096931458,-0.03044367954134941,0.8894373774528503
1774354869.8170526,-0.3426746386981912,0.7893152409328524,-0.33318502551565,0.7716383108478699,-0.31259584426879883,0.6672390103340149,-0.033416468650102615,0.8862306475639343
1774354870.0179305,-0.3464489213232664,0.7880960034915578,-0.33701772884220726,0.7706164899375569,-0.3162325918674469,0.6661960482597351,-0.03632952645421028,0.883270263671875
1774354870.2183757,-0.35040605349432635,0.7867790364022396,-0.3411071655235328,0.7695290433187074,-0.32161083817481995,0.6646969318389893,-0.03899761289358139,0.8806062340736389
1774354870.4209843,-0.3557311569575437,0.7850113488800187,-0.3465684957184437,0.7680770611475811,-0.3260580897331238,0.6638104319572449,-0.041945453733205795,0.8775689601898193
1774354870.6186442,-0.36171876631799377,0.7831653409134002,-0.3526650945693873,0.7664600390533249,-0.3340241611003876,0.6616300344467163,-0.044794630259275436,0.874443769454956
1774354870.8165002,-0.3692772709032877,0.780818423413583,-0.36034821048204724,0.7643773257327651,-0.3410610258579254,0.6595761179924011,-0.04724983125925064,0.8719190359115601
1774354871.019494,-0.3765708259904088,0.7784097009552214,-0.36775236983022686,0.7622380368492021,-0.3484399616718292,0.6575387716293335,-0.05047343671321869,0.8686671257019043
1774354871.2178173,-0.3844699266749264,0.7757065321055037,-0.3757501184176897,0.7597391393915285,-0.35548871755599976,0.6562820076942444,-0.05367598310112953,0.8655901551246643
1774354871.4218159,-0.39246552187291067,0.7731009221264281,-0.38372710633664764,0.7570744873764983,-0.3629532754421234,0.653964102268219,-0.05564077943563461,0.8635960221290588
1774354871.617416,-0.3995024217755125,0.770434632181502,-0.39081356555261093,0.7545669586618797,-0.36943483352661133,0.6515616774559021,-0.05819224193692207,0.8609375357627869
1774354871.8184133,-0.4071123935408362,0.7674497980297685,-0.3984917384826556,0.7517612816231141,-0.37713202834129333,0.6488967537879944,-0.061188437044620514,0.8576483130455017
1774354872.0179083,-0.41517136209850153,0.7641110072226405,-0.4066258987330963,0.7486604312241518,-0.3846856355667114,0.6464108824729919,-0.06328652054071426,0.8549345135688782
1774354872.218847,-0.4229449937033189,0.7608613730814262,-0.41443180891206943,0.7455124188633091,-0.3924867808818817,0.6436707973480225,-0.06588954478502274,0.8520819544792175
1774354872.4205716,-0.43052703561353106,0.7573718986057845,-0.42206936464510103,0.7422267608594477,-0.3994501829147339,0.6413310170173645,-0.06875908374786377,0.8490272760391235
1774354872.6194284,-0.4374497589951715,0.754218363548436,-0.429002269704969,0.7391041519952672,-0.4064808487892151,0.6384138464927673,-0.0717276781797409,0.8460227251052856
1774354872.818077,-0.44516244908466945,0.750394851109224,-0.4367959177874998,0.7354176065260674,-0.4142005145549774,0.6359612941741943,-0.07417498528957367,0.8435503840446472
1774354873.0188937,-0.4524829301328909,0.7467233557149875,-0.4440925696991439,0.7316460438785672,-0.42096424102783203,0.6334443092346191,-0.07703416794538498,0.840583086013794
1774354873.218027,-0.4591640984304148,0.7429125353893141,-0.4507955978281769,0.7278711723377573,-0.42768338322639465,0.6298118233680725,-0.08001148700714111,0.8374374508857727
1774354873.4214628,-0.4661419488250061,0.7388525771975927,-0.4577489547990765,0.7236267530186267,-0.4348398447036743,0.6261252760887146,-0.08242342621088028,0.8348447680473328
1774354873.6185536,-0.4726554515274297,0.7345424831950765,-0.46425807961797527,0.7193066696766537,-0.44162240624427795,0.6221798658370972,-0.08530672639608383,0.8319066762924194
1774354873.8186,-0.47951453701042707,0.7296183280204455,-0.47111726581391145,0.7143827590882796,-0.4487767815589905,0.6185279488563538,-0.08829721808433533,0.8289955854415894
1774354874.018629,-0.4859619065332474,0.7244283400240554,-0.4775779668199689,0.7093332777746786,-0.454462468624115,0.6151549220085144,-0.09019669145345688,0.8270334005355835
1774354874.2188194,-0.4922526106541145,0.7195265806564775,-0.48371077121949535,0.7041588993374095,-0.4611884355545044,0.6098877191543579,-0.09285250306129456,0.8244548439979553
1774354874.4194455,-0.49880488385486843,0.7140069246848508,-0.4901442580482457,0.6983320861609581,-0.46734070777893066,0.6051340699195862,-0.0958060547709465,0.821271538734436
1774354874.6188734,-0.5048695380482556,0.7085741634936467,-0.4961269516072293,0.6924605031188542,-0.4733586609363556,0.6004060506820679,-0.09790940582752228,0.8184168934822083
1774354874.8184006,-0.5104473719365702,0.7030735475288034,-0.5015526800497409,0.6866074774057562,-0.47965723276138306,0.595426082611084,-0.10042279958724976,0.8156957030296326
1774354875.0183609,-0.5157187061872528,0.6972950675548544,-0.5066675648506235,0.6804401678930712,-0.4841651916503906,0.5907065868377686,-0.1034320592880249,0.8124989867210388
1774354875.218961,-0.5206203110755451,0.6915295890860652,-0.5113569580422107,0.6740941479836249,-0.4895388185977936,0.5856643915176392,-0.10654500126838684,0.8090659976005554
1774354875.420281,-0.5255337277517166,0.6851715745225602,-0.5159279283016798,0.6671502721126172,-0.49542492628097534,0.579317033290863,-0.10894827544689178,0.8066137433052063
1774354875.6170516,-0.5306289602348224,0.6776530284189173,-0.5207078364632133,0.6589079215942473,-0.5015459060668945,0.5704899430274963,-0.11175171285867691,0.8037053942680359
1774354876.2190263,-0.5446628144936246,0.6496054700494535,-0.5344580613193028,0.6304767610837816,-0.5153436064720154,0.5436967611312866,-0.12015607953071594,0.7948905229568481
1774354876.8178375,-0.5600402817342365,0.6144190995627107,-0.5493367445376112,0.5943993469092204,-0.5307353138923645,0.5085734128952026,-0.1274895966053009,0.7874363660812378
1774354877.0185335,-0.5661702586262397,0.6000004399285234,-0.5550030141292684,0.5791592594511523,-0.5360684990882874,0.49442729353904724,-0.13039866089820862,0.784303605556488
1774354877.218532,-0.5721261960413049,0.5852205294066172,-0.5603838081970574,0.5636851679880068,-0.5414939522743225,0.47949889302253723,-0.13265705108642578,0.781316876411438
1774354877.4177842,-0.5775278331859148,0.5717101909565523,-0.565209418557936,0.5491629031711429,-0.5440627932548523,0.4714917838573456,-0.13496150076389313,0.7787866592407227
1774354877.6178055,-0.5792712822356862,0.5682608279776584,-0.5665480164460923,0.5450033420881684,-0.5441739559173584,0.47108402848243713,-0.13787415623664856,0.7755701541900635
1774354877.8169186,-0.5798035846011795,0.5689728903328205,-0.5665657871961721,0.544948052197398,-0.544172465801239,0.4710606336593628,-0.1408156007528305,0.7719711661338806
1774354878.0192876,-0.5802813553134143,0.5694427325832604,-0.5665735632833679,0.5449238646861088,-0.5443172454833984,0.4704541862010956,-0.14321313798427582,0.7694166302680969
1774354878.21759,-0.5811572181273893,0.5688911187605903,-0.5669395655880471,0.5437859148969046,-0.5448998808860779,0.4682788848876953,-0.14601336419582367,0.7665178179740906
1774354878.4192846,-0.5821370441660355,0.5673369526865283,-0.5675911388443383,0.5417634142102059,-0.5454497933387756,0.4651068150997162,-0.14898709952831268,0.7632377743721008
1774354879.0180948,-0.5862048383885301,0.5567510212999666,-0.5711824636359709,0.530582832293581,-0.5497444868087769,0.4533601701259613,-0.1566360741853714,0.7555564045906067
1774354879.2231715,-0.5877519458833568,0.5535946352615758,-0.5723353398876669,0.5269761154269592,-0.550782322883606,0.4501357078552246,-0.15883828699588776,0.7529215216636658
1774354879.4176598,-0.5892922135517269,0.5502416608670826,-0.5735641779543177,0.5231374508112627,-0.5519092082977295,0.44645729660987854,-0.16156697273254395,0.7502297163009644
1774354879.6188796,-0.5908878546258841,0.546733331046598,-0.5748454130954432,0.5191389891694842,-0.5530642867088318,0.4422937035560608,-0.16464033722877502,0.7470556497573853
1774354879.81851,-0.5922966903007318,0.543415422870371,-0.5760461533569522,0.515389964743389,-0.5538971424102783,0.4387117326259613,-0.16686029732227325,0.7440556287765503
1774354880.0177517,-0.5937621135724046,0.539999274840071,-0.5773059742841261,0.5114584313667598,-0.5549325346946716,0.4355829060077667,-0.1691276878118515,0.741642415523529
1774354880.2189732,-0.5952141437765046,0.5366725785449289,-0.5785526578976954,0.50756853446752,-0.55642169713974,0.4312770366668701,-0.17173489928245544,0.7386851906776428
1774354880.4186444,-0.596623421887775,0.5332731550333851,-0.5797623080959107,0.5037813968270817,-0.5575761795043945,0.4272121489048004,-0.1746606081724167,0.7350513339042664
1774354880.6184635,-0.5979446492431137,0.5298255470424826,-0.5809372430296021,0.5000952085965349,-0.5588691830635071,0.42389872670173645,-0.17700235545635223,0.7322449684143066
1774354880.818999,-0.5993796352596579,0.5264371137584423,-0.5821382953991074,0.4963183497352526,-0.5604063868522644,0.42000505328178406,-0.1796775907278061,0.729407787322998
1774354881.0176156,-0.6008798607178965,0.5225342727040126,-0.5834732100272623,0.4921264311470468,-0.56178218126297,0.4159376919269562,-0.1827484369277954,0.726130485534668
1774354881.217988,-0.6022899922117688,0.5190145150202767,-0.5846945058420603,0.4882964124716507,-0.5627953410148621,0.4127935767173767,-0.1851813793182373,0.7237256169319153
1774354881.4190726,-0.6037078608406933,0.5155767433011912,-0.5859164979039649,0.4844646173042628,-0.5640769600868225,0.40888577699661255,-0.18818216025829315,0.7206327319145203
1774354881.6174564,-0.6051512661637481,0.511709845985571,-0.5872309182059431,0.4803370675138541,-0.5652453303337097,0.40518906712532043,-0.192289799451828,0.715931236743927
1774354881.8175678,-0.6064826444469933,0.5078304764737702,-0.5885012274774553,0.47634424132907216,-0.5661730170249939,0.40188172459602356,-0.1973699927330017,0.7109847068786621
1774354882.0170732,-0.6078470146155021,0.5046272164761911,-0.5896475274933882,0.4727388733249642,-0.5674713253974915,0.39809760451316833,-0.2024398297071457,0.7050286531448364
1774354882.2186654,-0.6094739402003766,0.5007319718589877,-0.5910076088718171,0.4684555251191116,-0.5688374638557434,0.3936275243759155,-0.20735229551792145,0.6987869739532471
1774354882.4860191,-0.6114894151518123,0.49597915363272793,-0.59264631642071,0.46329993552969206,-0.5703700184822083,0.3890482187271118,-0.21439698338508606,0.6912468671798706
1774354882.6840115,-0.6129355559355257,0.49285317568876463,-0.5937898051298895,0.4597094730318092,-0.5718876719474792,0.3851362466812134,-0.2201424241065979,0.6862984299659729
1774354882.884466,-0.614591567887759,0.48899634560266264,-0.5951598754714229,0.455405907698905,-0.5733697414398193,0.38082265853881836,-0.22611908614635468,0.680797815322876
1774354883.0841818,-0.6161334355855307,0.48571345789380177,-0.5963603294838309,0.4516582845861197,-0.5742363333702087,0.3773689866065979,-0.2322816699743271,0.674980878829956
1774354883.2839332,-0.617706356500437,0.4826054974823076,-0.5975397252560525,0.448005031951779,-0.5754068493843079,0.37378495931625366,-0.23821979761123657,0.6689921617507935
1774354883.484208,-0.6193943733787729,0.4792178892316287,-0.598826176603483,0.44403242192817394,-0.5766453146934509,0.36993905901908875,-0.24449777603149414,0.6639352440834045
1774354883.6841397,-0.6208466361368763,0.4759700730209011,-0.6000165999758373,0.44035586085723777,-0.5775108337402344,0.3662077784538269,-0.24959269165992737,0.6592625975608826
1774354883.8846931,-0.6224366630279704,0.4722281708971155,-0.6013366466766649,0.43627600648478015,-0.578475296497345,0.36256882548332214,-0.255818635225296,0.6544352173805237
1774354884.0848203,-0.6238746344905671,0.4689897187694539,-0.6025248349688308,0.432595014663834,-0.5797075033187866,0.35852766036987305,-0.2612289488315582,0.6502537131309509
1774354884.2842255,-0.6252728369885435,0.46518822677682925,-0.6038144651207098,0.4285866023086733,-0.5809909105300903,0.35428372025489807,-0.26180267333984375,0.6496580243110657
1774354884.484262,-0.6265947025375147,0.4617876302178791,-0.6049924137098753,0.42492037047995757,-0.5822938084602356,0.35077232122421265,-0.26181042194366455,0.6496187448501587
1774354884.6840968,-0.6279945838075404,0.4582897754699421,-0.6062230816806183,0.42107468792050096,-0.5836538076400757,0.3469695746898651,-0.2621268033981323,0.6493459343910217
1774354884.8839452,-0.629385896924018,0.4546374190764558,-0.6074574333440413,0.41721055330557166,-0.5850476622581482,0.34265536069869995,-0.2638017535209656,0.6478692889213562
1774354885.0844107,-0.6307829251324628,0.4508281693615733,-0.6087307894361822,0.41322545117598475,-0.5857678651809692,0.3393886685371399,-0.26644647121429443,0.646008312702179
1774354885.2837362,-0.6321401711130525,0.4476744134085026,-0.6098706567005872,0.4096665281535907,-0.5868411064147949,0.3357098400592804,-0.26996541023254395,0.6437478065490723
1774354885.484895,-0.6335678720195259,0.44378965476237286,-0.6111663271550114,0.40561806474948603,-0.5880053043365479,0.33168110251426697,-0.27243202924728394,0.6419909596443176
1774354885.6819036,-0.6350221433231016,0.4400674317356135,-0.612423754283159,0.40168226369886795,-0.5886875987052917,0.32833734154701233,-0.27389439940452576,0.6409767270088196
1774354885.885572,-0.6365037553914175,0.4367298326671353,-0.6136460114835269,0.3978786786261559,-0.589786171913147,0.3250140845775604,-0.2753095328807831,0.6401084065437317
1774354886.0859952,-0.6379159484240171,0.4336762853130056,-0.6147813205544528,0.3943373611188885,-0.5914085507392883,0.32041698694229126,-0.27695050835609436,0.6391280889511108
1774354886.2843347,-0.6394133620038104,0.43019681274447025,-0.6160060419822386,0.390504349768803,-0.5925544500350952,0.31698670983314514,-0.27934205532073975,0.6376584768295288
1774354886.485326,-0.6408981550309742,0.4272376121426588,-0.6171187995277305,0.38701765865311333,-0.5937597155570984,0.31381964683532715,-0.28345659375190735,0.634335994720459
1774354886.684388,-0.6425232794881085,0.4236070937581469,-0.618407813425518,0.3829734532578273,-0.5952030420303345,0.31000685691833496,-0.28763142228126526,0.6313705444335938
1774354886.883611,-0.6439697007851738,0.41999334145269374,-0.6196332044138992,0.3791203946523629,-0.5964455008506775,0.30601564049720764,-0.2933477461338043,0.6264162063598633
1774354887.0847073,-0.6453355277148565,0.41676043781689454,-0.6207869998314604,0.3754893991946038,-0.5974255800247192,0.30271294713020325,-0.29891884326934814,0.6225699782371521
1774354887.2854216,-0.6467828358659855,0.4127395393341823,-0.6221067026494604,0.37131682530976584,-0.5987651348114014,0.29894721508026123,-0.30339908599853516,0.6188982725143433
1774354887.484315,-0.6480740183807918,0.4088452486379538,-0.6233471053507467,0.3673600670901842,-0.6000226140022278,0.2953542172908783,-0.3074869215488434,0.6165153980255127
1774354887.68497,-0.6493045108705816,0.40538879408458434,-0.6244823521478009,0.36372885655881415,-0.6008413434028625,0.2918306887149811,-0.31245359778404236,0.6134284138679504
1774354887.8845708,-0.6507315076322863,0.4015218483197453,-0.6257717612007228,0.359599668928126,-0.6020172834396362,0.2880255877971649,-0.3168492913246155,0.6104215383529663
1774354888.0842414,-0.6520726350378139,0.3977999167370552,-0.6270022063535807,0.3556631812724691,-0.6033561825752258,0.2836567759513855,-0.3211698830127716,0.6072894334793091
1774354888.284663,-0.6533462188784455,0.3939610768884134,-0.6282324285264405,0.3517398048308491,-0.6048004031181335,0.2802529036998749,-0.3256208896636963,0.6035597324371338
1774354888.4840865,-0.654572692056435,0.3898676391308787,-0.629497989434447,0.3477023192931481,-0.6062084436416626,0.2766306400299072,-0.33027738332748413,0.6001095771789551
1774354888.685583,-0.6557925648577565,0.3861442363371101,-0.6306834509551349,0.3439218430489803,-0.6075990796089172,0.272723525762558,-0.33472898602485657,0.5958216190338135
1774354888.8843172,-0.6570284433539907,0.38250401787218863,-0.6318560889458924,0.34019235277390725,-0.6084949374198914,0.2689013183116913,-0.33984509110450745,0.5924744606018066
1774354889.0859706,-0.6583570283659473,0.37855801624538654,-0.6331298534866863,0.33616894772846684,-0.6094951629638672,0.265880823135376,-0.34400442242622375,0.5887176394462585
1774354889.2849784,-0.6595547874357958,0.3750028439632085,-0.6342845448634882,0.3325284550220675,-0.6107872724533081,0.26199397444725037,-0.348158061504364,0.5861867070198059
1774354889.4843218,-0.6606337842784884,0.3710803853657658,-0.6354844911377624,0.3287409351412869,-0.6120223999023438,0.2576828598976135,-0.35302600264549255,0.5827113389968872
1774354889.684729,-0.6620124383794653,0.366729586554857,-0.636862319702622,0.3243885256956127,-0.6130636930465698,0.25382617115974426,-0.35742828249931335,0.5796067118644714
1774354889.8854897,-0.6632117356946468,0.3629846373561023,-0.6380342306633682,0.3206006887929549,-0.6148152947425842,0.2501673102378845,-0.3623112142086029,0.5760022401809692
1774354890.0866926,-0.6643298177342659,0.3590123958471009,-0.6391836823157131,0.31666079551488835,-0.6164896488189697,0.24611684679985046,-0.3672296106815338,0.5720233917236328
1774354890.2846344,-0.6652873723736178,0.3549668778739111,-0.6402406601206232,0.3127563401441382,-0.6179701089859009,0.2423309087753296,-0.37232664227485657,0.5686694383621216
1774354890.4842885,-0.6662840789771384,0.35115827612853884,-0.6411964188132262,0.3089081167184493,-0.619316577911377,0.23885346949100494,-0.37688156962394714,0.5644761323928833
1774354890.6833892,-0.6672270507641053,0.34754421955812737,-0.6420511958478927,0.305201327360507,-0.620448112487793,0.2356119304895401,-0.3819504678249359,0.5613499879837036
1774354890.88467,-0.6682284481990478,0.3437539485527279,-0.6428913204192539,0.3012078706846204,-0.622039258480072,0.23182062804698944,-0.38660889863967896,0.5575000047683716
1774354891.087411,-0.6690813822691104,0.3396775052315611,-0.6436814560793334,0.2970689528950421,-0.6230632066726685,0.22810715436935425,-0.39116740226745605,0.554385781288147
1774354891.2843897,-0.6697918644739193,0.33598297168260605,-0.6443312954358766,0.2933135110757563,-0.6243521571159363,0.22366483509540558,-0.3949452340602875,0.5509907603263855
1774354891.4845812,-0.670695732919426,0.33048056690185285,-0.6451822022089126,0.28776088430045355,-0.6256320476531982,0.21826514601707458,-0.39968183636665344,0.547949492931366
1774354891.6833947,-0.671516592784062,0.3249280662268674,-0.6459294480294431,0.2821503075915237,-0.6271142363548279,0.2118500918149948,-0.4044273793697357,0.544272243976593
1774354891.8844225,-0.6724620680724894,0.3166754358099147,-0.6468622040249983,0.2738881396712267,-0.6280219554901123,0.20382452011108398,-0.4094829857349396,0.5403260588645935
1774354892.0845876,-0.6732865268433319,0.308658858979133,-0.6476207536640834,0.2658018889095872,-0.6291714906692505,0.19664563238620758,-0.41484877467155457,0.5367491841316223
1774354892.2837064,-0.6739495898370734,0.30041446225812346,-0.6482397541999578,0.25751194894615814,-0.630449116230011,0.1884821653366089,-0.4191299080848694,0.5336939096450806
1774354892.4845595,-0.6745201796985641,0.2923454078935575,-0.6486995857492162,0.24934952699993906,-0.6315298080444336,0.1816449612379074,-0.4241679608821869,0.5303460955619812
1774354892.685992,-0.674858630781558,0.2848925095458821,-0.6489376382285532,0.24182432000667142,-0.6323983073234558,0.17339181900024414,-0.42809662222862244,0.5268775820732117
1774354892.884963,-0.6748906700971541,0.27631651414063946,-0.6488971155190324,0.2332082965250033,-0.6328137516975403,0.1644693911075592,-0.43252480030059814,0.5237480998039246
1774354893.084994,-0.6746143150954431,0.2675545628281976,-0.6485242459370086,0.2243903272720018,-0.6331276893615723,0.15499694645404816,-0.43690165877342224,0.5194220542907715
1774354893.2854567,-0.6739766978622339,0.25770646291806176,-0.6477554499504636,0.2144841043340724,-0.6328615546226501,0.14630943536758423,-0.4416348338127136,0.5161618590354919
1774354893.4842937,-0.6729649924455964,0.24771524040096296,-0.6465904424302338,0.20444570974342668,-0.6326290965080261,0.1359185129404068,-0.4460323452949524,0.5125760436058044
1774354893.685527,-0.6715498978939237,0.2377315575154173,-0.6449910753911003,0.19435042725485108,-0.6321253776550293,0.12635581195354462,-0.45051032304763794,0.5096697211265564
1774354893.884658,-0.6699915043602052,0.22780349619901297,-0.6429732116931752,0.18420938814036858,-0.6310346126556396,0.11685073375701904,-0.454841285943985,0.5070069432258606
1774354894.0841372,-0.6682738759772642,0.21836822293112235,-0.6406579284418408,0.17454066324950523,-0.6296101808547974,0.10671083629131317,-0.4592057764530182,0.5041201114654541
1774354894.2852807,-0.6663176637675651,0.20914285361927595,-0.6380188847980928,0.16510606691664376,-0.6275941729545593,0.09728236496448517,-0.4638383686542511,0.5006841421127319
1774354894.4843826,-0.6638539179944712,0.19988547504828375,-0.6349629415511897,0.1556031578610042,-0.6255413889884949,0.0879715085029602,-0.4684029519557953,0.49676308035850525
1774354894.6846309,-0.6611150252418955,0.19090754770474552,-0.6315718748282031,0.14638787202971426,-0.623400866985321,0.07875669747591019,-0.4731851816177368,0.49328309297561646
1774354894.8864427,-0.6577787693630892,0.18134888041304334,-0.6275057271477034,0.13653579882808287,-0.6200843453407288,0.06952372193336487,-0.4774759113788605,0.4890615940093994
1774354895.0842896,-0.6544619633911392,0.1729179944972544,-0.623561695410833,0.12788833309780978,-0.6167577505111694,0.06040850654244423,-0.48244085907936096,0.48563915491104126
1774354895.2855422,-0.6504762786872884,0.1638903103488557,-0.6188826579879949,0.11864278839050524,-0.6132386326789856,0.050975993275642395,-0.4869007468223572,0.48168277740478516
1774354895.485762,-0.6460294442953425,0.15498065027444413,-0.6138035970977924,0.10957019829316006,-0.6090172529220581,0.04245992749929428,-0.49120938777923584,0.47895026206970215
1774354895.6823635,-0.6416799350340904,0.1468150810569905,-0.6087630321325375,0.1012534710873858,-0.604829728603363,0.03435245528817177,-0.4957447350025177,0.47555187344551086
1774354895.882786,-0.6369399532077468,0.13869359757832325,-0.6032756100428212,0.0929506407377454,-0.5998795032501221,0.025891615077853203,-0.5002641677856445,0.4723986089229584
1774354896.0841632,-0.6315588823250511,0.13016888602041157,-0.5971883128502878,0.08450094464698155,-0.5956830978393555,0.01839711330831051,-0.5049194097518921,0.46882253885269165
1774354896.2846096,-0.6263858482437371,0.12265286049869882,-0.5913102815350069,0.07694772402782357,-0.5905882716178894,0.010536007583141327,-0.5094606876373291,0.4651879072189331
1774354896.4838755,-0.620189378633875,0.11454293379465928,-0.5843422519775155,0.06869050195620163,-0.5849288105964661,0.0017241914756596088,-0.5146395564079285,0.46147021651268005
1774354896.6854384,-0.6142473289047702,0.10735011032109841,-0.5777324848397242,0.061489497606698196,-0.578559398651123,-0.006445101462304592,-0.5189046859741211,0.4573187828063965
1774354896.883882,-0.6077645927480843,0.10021443611314507,-0.5705314590838646,0.05426418980673264,-0.5726845264434814,-0.012806281447410583,-0.5237400531768799,0.45402687788009644
1774354897.0842462,-0.600967449714567,0.0933898413794821,-0.563166652667654,0.04740607078609904,-0.56577467918396,-0.02002282813191414,-0.5295303463935852,0.4493483901023865
1774354897.2843223,-0.5944445274796066,0.08702066030003516,-0.556050488197629,0.04123711081886361,-0.5595068335533142,-0.027403749525547028,-0.5362648963928223,0.4437347650527954
1774354897.4841936,-0.5866345682290827,0.08023074514272725,-0.5477132447593608,0.03459253333922341,-0.5519200563430786,-0.03424494341015816,-0.5453266501426697,0.4371510446071625
1774354897.6843066,-0.5793759452720931,0.07449030002130792,-0.5398122047184665,0.02880510645173784,-0.5456900596618652,-0.040246784687042236,-0.5556253790855408,0.42965325713157654
1774354897.8851612,-0.5715125573252239,0.06875013243293547,-0.5314613893905481,0.023178704069054312,-0.5377780199050903,-0.046672288328409195,-0.5646222233772278,0.4228248596191406
1774354898.0836766,-0.5631962401151009,0.06308704644587097,-0.5226098128105249,0.017667136587338206,-0.5297958254814148,-0.0522909015417099,-0.5724542737007141,0.41599488258361816
1774354898.2840533,-0.5547695790726138,0.05783700261918851,-0.5135830489252373,0.01250126077515512,-0.521315336227417,-0.057984914630651474,-0.5811708569526672,0.4081156551837921
1774354898.4847567,-0.5460246185533664,0.052744098124293294,-0.5040540506468529,0.007541501755647717,-0.5136128664016724,-0.063861183822155,-0.5898334383964539,0.4012753665447235
1774354898.6852999,-0.5374845083843628,0.0481891166505533,-0.4947209631174493,0.0031435523309304436,-0.5052279233932495,-0.06752034276723862,-0.5989074110984802,0.39335113763809204
1774354898.8844697,-0.5291489285688438,0.04401152407151505,-0.48551270936547775,-0.0008059615651521135,-0.4976818561553955,-0.07162440568208694,-0.6067394018173218,0.38610517978668213
1774354899.0848536,-0.5209948505637304,0.04026031935255843,-0.47672578158891976,-0.004205835933793534,-0.4881249964237213,-0.07595422863960266,-0.6151902675628662,0.3778080642223358
1774354899.284325,-0.5117390886346503,0.03656800365241926,-0.4668329674737808,-0.007607105038050399,-0.47980833053588867,-0.07978138327598572,-0.6241376996040344,0.3698593080043793
1774354899.4846334,-0.502895193984512,0.03340909161212708,-0.4572706299994851,-0.010469938646010757,-0.4704900085926056,-0.08316230028867722,-0.6305005550384521,0.3617993891239166
1774354899.6861455,-0.4944026702953876,0.030567601538805538,-0.44794895538593293,-0.012882911320228896,-0.4624304473400116,-0.08616162836551666,-0.6376613974571228,0.3531078100204468
1774354899.8849666,-0.4846563981616887,0.027911493585901184,-0.4375319434630345,-0.015155964489631746,-0.4526870548725128,-0.08866000920534134,-0.6452643275260925,0.34322378039360046
1774354900.0844085,-0.4753477457252489,0.02567697049705457,-0.4274984562420511,-0.016932074247777873,-0.4436503052711487,-0.09110318124294281,-0.6513703465461731,0.333168625831604
1774354900.2841375,-0.4660872794263857,0.023671696109664492,-0.4173872074992102,-0.018351424656513515,-0.4350450336933136,-0.09338382631540298,-0.6561145186424255,0.32396066188812256
1774354900.4850962,-0.45676606013317533,0.021892222925309356,-0.40728601572365664,-0.01938935490645899,-0.4259101152420044,-0.09529402107000351,-0.6602904200553894,0.31385338306427
1774354900.6849182,-0.4481855862116646,0.02056539766354493,-0.3979642130785862,-0.02000233441904542,-0.41624242067337036,-0.09621737897396088,-0.6652972102165222,0.30315396189689636
1774354900.884678,-0.4381378917072075,0.019551723684018415,-0.387248079256983,-0.020360153432477546,-0.40623417496681213,-0.097768634557724,-0.6687657833099365,0.29302093386650085
1774354901.0843556,-0.429378446979757,0.01897035861045659,-0.377740568905108,-0.02029873596667775,-0.3970615863800049,-0.09800683706998825,-0.6717175841331482,0.28339096903800964
1774354901.2854364,-0.4194849170336565,0.01858829463423952,-0.36724751847436243,-0.019814177670957278,-0.38821738958358765,-0.09879286587238312,-0.6747034192085266,0.27137812972068787
1774354901.4845953,-0.4100253200104385,0.018648989550413112,-0.3572594755621702,-0.018956113039711564,-0.37752285599708557,-0.09892164915800095,-0.6757863759994507,0.2604062557220459
1774354901.6855738,-0.39987399487010317,0.019161281001252986,-0.3466517592204914,-0.017701114232524295,-0.3684757649898529,-0.09782040119171143,-0.6776365041732788,0.24904677271842957
1774354901.8854325,-0.39066229158953875,0.019590279220260395,-0.3369975462171336,-0.01642794251612112,-0.3587230145931244,-0.09659010171890259,-0.6779955625534058,0.2385312020778656
1774354902.0856256,-0.38079462586609053,0.020032059690544435,-0.3268256366331852,-0.015075356945854823,-0.34943363070487976,-0.09523169696331024,-0.678442120552063,0.22612787783145905
1774354902.2859986,-0.37105573066421493,0.020631960022321892,-0.31668240290644134,-0.01377131023504985,-0.3392413854598999,-0.09422251582145691,-0.6770793199539185,0.21615205705165863
1774354902.4867814,-0.3616628485769691,0.02096410987872125,-0.30701024437301105,-0.012703059399894912,-0.329354852437973,-0.09239969402551651,-0.6756060123443604,0.20499993860721588
1774354902.6876857,-0.3514294973202063,0.02116368014446212,-0.2963624619556756,-0.011725303257743791,-0.320305734872818,-0.0910327211022377,-0.6728639602661133,0.19292086362838745
1774354902.886913,-0.3421831840106603,0.021146015917608053,-0.2867361415783357,-0.011015755456356136,-0.31108739972114563,-0.09101864695549011,-0.6711398959159851,0.183599591255188
1774354903.0873232,-0.33205867916347426,0.020903315601655533,-0.2762369676406512,-0.010442818795864506,-0.2994546890258789,-0.08920307457447052,-0.6670908331871033,0.1715465635061264
1774354903.2877147,-0.3217891751327321,0.02063476412179902,-0.2657910547321446,-0.010085799851918376,-0.2911949157714844,-0.08898060023784637,-0.6630614399909973,0.16136814653873444
1774354903.489342,-0.3121128827185278,0.020147011943719706,-0.2560064393548135,-0.009954259330286375,-0.2818490266799927,-0.08872418105602264,-0.6595819592475891,0.15402527153491974
1774354903.690052,-0.3022162527241609,0.019407035552780234,-0.2458672429664146,-0.00998970877606764,-0.27085673809051514,-0.0880606397986412,-0.6595819592475891,0.15402527153491974
1774354903.890445,-0.29174367095603543,0.018859670352840367,-0.23531205826303703,-0.010206470153796499,-0.2609645128250122,-0.08745720982551575,-0.6470232605934143,0.13161039352416992
1774354904.0913162,-0.2813037175369423,0.01795938155563651,-0.22470791675406598,-0.010621668641384474,-0.25122764706611633,-0.08763788640499115,-0.6409313678741455,0.1217096596956253
1774354904.291254,-0.2708250832543647,0.01688144428232621,-0.21419003957938587,-0.011222292955782365,-0.2410660982131958,-0.08766631782054901,-0.6342589855194092,0.11380242556333542
1774354904.4917083,-0.2607805082531534,0.015827197354539923,-0.20406402931361622,-0.011995866568275781,-0.23103094100952148,-0.08780314773321152,-0.6263787150382996,0.10513189435005188
1774354904.6922908,-0.2510423971897864,0.014723736711248648,-0.19429070782619318,-0.012950423222797935,-0.2214430272579193,-0.08909683674573898,-0.6189298629760742,0.09633579105138779
1774354904.8955798,-0.24150988078638244,0.013211671881508751,-0.18469519217278751,-0.01403538979645158,-0.21111918985843658,-0.09017199277877808,-0.6101125478744507,0.0897623598575592
1774354905.0980735,-0.23086458557919243,0.011701362973906141,-0.17402074193915873,-0.015424772076965354,-0.2013797163963318,-0.09038904309272766,-0.6054189205169678,0.08156467229127884
1774354905.2981546,-0.22143910870505373,0.01017900119767769,-0.1645731447103811,-0.016851696051919163,-0.19184812903404236,-0.09202063828706741,-0.5926835536956787,0.07508489489555359
1774354905.4988935,-0.21065700395391482,0.008104209589045194,-0.1538404378324273,-0.018714086054427703,-0.1817425787448883,-0.09352219849824905,-0.5888961553573608,0.07197058200836182
1774354905.6984842,-0.20136900249739906,0.00659626091371668,-0.14451341326672873,-0.02049356001338576,-0.17177821695804596,-0.09590043872594833,-0.5888961553573608,0.07197058200836182
1774354906.099756,-0.1814424824931453,0.0024202614040356295,-0.12438717788463693,-0.024963184401713523,-0.15266476571559906,-0.09947682172060013,-0.5888961553573608,0.07197058200836182
1774354906.5014608,-0.16283388389934034,-0.002574839859538272,-0.10462386307948557,-0.030231183859769528,-0.1321965456008911,-0.10501838475465775,-0.532547652721405,0.04177233204245567
1774354906.702154,-0.15341851840924955,-0.005371829232032705,-0.09514840058478874,-0.0330509016043794,-0.12292952835559845,-0.10729503631591797,-0.5217390656471252,0.0385577417910099
1774354906.9031854,-0.14452911866437945,-0.0083304384239675,-0.08576839555894139,-0.03605732231074921,-0.11391885578632355,-0.109419085085392,-0.5134620070457458,0.03558101877570152
1774354907.103581,-0.13494631749253388,-0.011684662802060675,-0.07597644678511056,-0.03941545523515533,-0.10497112572193146,-0.11233941465616226,-0.5134620070457458,0.03558101877570152
1774354907.3051329,-0.12618474513526762,-0.014897848168909232,-0.06709930593439473,-0.04261981914305557,-0.09641135483980179,-0.11513393372297287,-0.5134620070457458,0.03558101877570152
1774354907.7046459,-0.10671773211050535,-0.02233845695623134,-0.04787917659565716,-0.05008712481016153,-0.07997632026672363,-0.12145818024873734,-0.49189168214797974,0.02946595288813114
1774354907.9055512,-0.09932101486790687,-0.025803094502868107,-0.04009029217984694,-0.05339130256414104,-0.07386736571788788,-0.12321507185697556,-0.49189168214797974,0.02946595288813114
1774354908.106149,-0.09219937749730496,-0.029268264913070968,-0.03271640885126481,-0.05665988496600893,-0.06747588515281677,-0.12591522932052612,-0.49189168214797974,0.02946595288813114
1774354908.3082116,-0.08540960064177813,-0.03295231035150642,-0.025731188975140595,-0.059822222788514234,-0.0604492649435997,-0.1291322112083435,-0.49189168214797974,0.02946595288813114
1774354908.5077977,-0.07809948762255077,-0.03673032054724454,-0.018250103629452674,-0.06337740124323321,-0.053710341453552246,-0.13171245157718658,-0.4439830780029297,0.021778568625450134
1774354908.7086914,-0.07104321654775352,-0.04020141083850416,-0.011217698000288157,-0.06688245148898453,-0.045439064502716064,-0.1353445053100586,-0.4291960597038269,0.021988481283187866
1774354908.908896,-0.06328481670353017,-0.04423151009283175,-0.003493246938174821,-0.07095694288023324,-0.038429029285907745,-0.138307124376297,-0.4195293188095093,0.02270621806383133
1774354909.1076858,-0.056777331545155026,-0.04791271234505634,0.002997906055982713,-0.07466282533346857,-0.03284075856208801,-0.1421710103750229,-0.41074320673942566,0.02346966043114662
1774354909.3098295,-0.049665727677823505,-0.05206452638230098,0.010071140007915425,-0.07888968502364047,-0.028132261708378792,-0.1449889987707138,-0.4011703431606293,0.0247226282954216
1774354909.5104873,-0.042702104939552024,-0.05599721556481873,0.016867287185569735,-0.08310566551283316,-0.020960604771971703,-0.1482093781232834,-0.3920016288757324,0.025950025767087936
1774354909.7090566,-0.03599690899718626,-0.06017620613184585,0.023471281654242282,-0.08752565861938222,-0.013667119666934013,-0.1528487205505371,-0.3824751377105713,0.028160754591226578
1774354909.9123037,-0.028976058181402253,-0.06482737907154977,0.030299285385751107,-0.0924943799857002,-0.006636680103838444,-0.15634946525096893,-0.37249839305877686,0.030657369643449783
1774354910.1123104,-0.022418067175025532,-0.06962419633590111,0.03671919213555297,-0.09757036577825495,0.0006396523676812649,-0.1611127108335495,-0.3632050156593323,0.03330718353390694
1774354910.312941,-0.015832776123261488,-0.07465606249459868,0.043096752257065996,-0.1030465161776748,0.00718747079372406,-0.16617174446582794,-0.35329896211624146,0.03632711246609688
1774354910.512928,-0.009233756816954927,-0.07992891346121665,0.049352106652850614,-0.10885844570182424,0.013464828953146935,-0.17063650488853455,-0.34411296248435974,0.03863512724637985
1774354910.7140741,-0.0033112389573418054,-0.08485690360307353,0.05488527673366833,-0.11442615739921147,0.018573271110653877,-0.1754605770111084,-0.33495208621025085,0.04181813448667526
1774354910.914609,0.002129547094090094,-0.08987303467452683,0.06012049952897203,-0.12010537304822877,0.024740377441048622,-0.18207402527332306,-0.3254327178001404,0.04542522132396698
1774354911.1184807,0.007905815227989488,-0.09567170060468257,0.06561630526741591,-0.12648971366492046,0.030405066907405853,-0.18756073713302612,-0.3173207938671112,0.04790334403514862
1774354911.3507087,0.014458768645322658,-0.10289252025791686,0.07187506017866696,-0.134432126589215,0.03698265552520752,-0.1954660266637802,-0.30577340722084045,0.05244678258895874
1774354911.5518453,0.01949062716902603,-0.10880114535449409,0.07661756174103235,-0.1409960828525797,0.042114462703466415,-0.20051057636737823,-0.2966749966144562,0.056678928434848785
1774354911.7543576,0.024201413606063947,-0.11485187337106462,0.08107108382769623,-0.147660298809128,0.04738234356045723,-0.2066774219274521,-0.2871932089328766,0.06007206439971924
1774354911.950911,0.0287095723093567,-0.12091178053448196,0.0852543509353541,-0.15444586196747223,0.05138929933309555,-0.21302765607833862,-0.2777317762374878,0.06293383240699768
1774354912.1555254,0.03298574647497688,-0.1272582025870981,0.08927252631193983,-0.16142234368215502,0.05568699166178703,-0.2192135900259018,-0.26824304461479187,0.06642711162567139
1774354912.3504333,0.03716445705505058,-0.13369787435968392,0.0930673654375932,-0.16858447450506275,0.05977874994277954,-0.22624832391738892,-0.2586628794670105,0.06954195350408554
1774354912.5543787,0.04090660382590423,-0.13988226345428734,0.09645975121884759,-0.17560982134660597,0.06422007828950882,-0.2335059642791748,-0.24939371645450592,0.0721600353717804
1774354912.7514396,0.04451546569642988,-0.14639123063381054,0.09963706485310264,-0.18289667771248808,0.0672738254070282,-0.23941561579704285,-0.2404119074344635,0.074723020195961
1774354912.9516459,0.04781352281403192,-0.15304130725617987,0.10259403207372103,-0.19043157203635808,0.070670485496521,-0.24709805846214294,-0.22995640337467194,0.07768138498067856
1774354913.152016,0.05081443552652737,-0.1596631849020386,0.10517264548594324,-0.19779719280060737,0.07444586604833603,-0.2549615204334259,-0.22130179405212402,0.07994727045297623
1774354913.3540661,0.05368209758738987,-0.16697038101141898,0.10763416298393469,-0.20574928759037558,0.07745204120874405,-0.2626551389694214,-0.21162813901901245,0.08281174302101135
1774354913.5523036,0.056111869662907085,-0.1744157064494819,0.10975105430998705,-0.21368764123072037,0.07938329130411148,-0.2702639698982239,-0.20099881291389465,0.0854979082942009
1774354913.751002,0.05830791336957689,-0.18214872344037786,0.11161458100160532,-0.2219193088701208,0.08171068876981735,-0.2773693799972534,-0.1912727952003479,0.08670784533023834
1774354913.95403,0.06018145932936874,-0.1893354966437515,0.1130479404201804,-0.22969916614278518,0.0838666632771492,-0.28480279445648193,-0.18757517635822296,0.08709362149238586
1774354914.1508734,0.06161163594645334,-0.19674908083208367,0.11421421529947057,-0.2376085488983749,0.08519268035888672,-0.2929362654685974,-0.18757517635822296,0.08709362149238586
1774354914.3548317,0.06283574979634285,-0.20438360585145704,0.1151025229137847,-0.2456533383023124,0.08685757219791412,-0.30094850063323975,-0.18757517635822296,0.08709362149238586
1774354914.5516648,0.06366715326712985,-0.21209251181721547,0.11564965123442655,-0.2537144218191304,0.08797084540128708,-0.3096463680267334,-0.18757517635822296,0.08709362149238586
1774354914.750602,0.0642623291618597,-0.22024160318805075,0.11590535274523689,-0.26228247358802537,0.08873237669467926,-0.31680265069007874,-0.18757517635822296,0.08709362149238586
1774354914.9516943,0.06449991583746638,-0.2274983635078178,0.11583448948651248,-0.26992860049090106,0.08945825695991516,-0.3245876431465149,-0.18757517635822296,0.08709362149238586
1774354915.1554513,0.06441472907961476,-0.23552575654210103,0.11543973132709101,-0.2783068867934978,0.08934566378593445,-0.33374378085136414,-0.18757517635822296,0.08709362149238586
1774354915.3505747,0.06416314780426872,-0.24297041859292123,0.11479849476301512,-0.2860581053661735,0.08975625783205032,-0.3416329622268677,-0.11221922934055328,0.08352621644735336
1774354915.5550115,0.06368955285840194,-0.25081385109380355,0.11380961002170326,-0.2942340162896293,0.0892387256026268,-0.3499279022216797,-0.10225068032741547,0.08025161921977997
1774354915.7512732,0.06300056414173125,-0.2582210325347893,0.11255058545358965,-0.30206785017003956,0.08870729804039001,-0.35793355107307434,-0.10042891651391983,0.0796569436788559
1774354915.9543858,0.06191866298681661,-0.2659852497550413,0.11094371166267147,-0.31016424940175236,0.08763621747493744,-0.366305947303772,-0.10042891651391983,0.0796569436788559
1774354916.1516595,0.06065193472190783,-0.27320595437731626,0.10919172690932688,-0.31762899866412075,0.08600550889968872,-0.3741706609725952,-0.10042891651391983,0.0796569436788559
1774354916.3515084,0.058933897130025434,-0.2811279654647397,0.10696442376711135,-0.32577146781205657,0.08467616885900497,-0.3811129629611969,-0.10042891651391983,0.0796569436788559
1774354916.5521464,0.05719195763851386,-0.2883660058784614,0.10456545965825814,-0.3333681247536755,0.08332113176584244,-0.38816216588020325,-0.10042891651391983,0.0796569436788559
1774354916.750929,0.05503901297974779,-0.2954435405819472,0.10189386959873797,-0.3407853504239884,0.08049925416707993,-0.3957862854003906,-0.10042891651391983,0.0796569436788559
1774354916.9491727,0.05257066635448027,-0.3027472800825133,0.098857293665147,-0.34843587964420497,0.07825642824172974,-0.40331315994262695,-0.042841069400310516,0.04592713713645935
1774354917.1516201,0.05008924840567394,-0.3094469645042535,0.09574850052532197,-0.3554823780307391,0.07550699263811111,-0.4109507203102112,-0.0349397286772728,0.0375467985868454
1774354917.3514514,0.046926187885799324,-0.3169272194482446,0.09197849950991971,-0.3632003518033625,0.07217466086149216,-0.4190137982368469,-0.02784612402319908,0.030538544058799744
1774354917.5511026,0.043681186475943656,-0.3238856553318139,0.0881679797984905,-0.3702819080652586,0.06879399716854095,-0.42523863911628723,-0.02082289569079876,0.022183530032634735
1774354917.751542,0.040152133656902025,-0.3306428676712683,0.08414389176856651,-0.3771901797522269,0.0647851899266243,-0.4319995045661926,-0.015476075932383537,0.015484815463423729
1774354917.9520895,0.03623770791730546,-0.337462730891512,0.07979382451885492,-0.3840897650504891,0.06061207503080368,-0.43890729546546936,-0.009873941540718079,0.00689532607793808
1774354918.1512697,0.03197624598818885,-0.34412587602901756,0.07512415008150286,-0.39088192833541024,0.05679937079548836,-0.44615182280540466,-0.0048890672624111176,-0.0017766673117876053
1774354918.3511758,0.027172050284897557,-0.35100820272801625,0.0697638791750021,-0.3980210325623408,0.05115555599331856,-0.4541429579257965,-0.0016513532027602196,-0.010090852156281471
1774354918.5514338,0.02101805491710529,-0.35895417180574984,0.06313287722391081,-0.4061977936838209,0.04591340199112892,-0.4623120427131653,0.002554986160248518,-0.01954655349254608
1774354918.7498605,0.014985290848653493,-0.3661602604597417,0.05662829397111785,-0.41358998771871636,0.038777485489845276,-0.4703458249568939,0.006406301632523537,-0.02852988988161087
1774354918.9514768,0.008303191438573748,-0.37348861736150946,0.04944407950400537,-0.4211197606661006,0.03281807154417038,-0.47790083289146423,0.011888721957802773,-0.03613397106528282
1774354919.1514544,0.0009650315567448966,-0.3807754471578791,0.04176709379367943,-0.42850410321031096,0.025444287806749344,-0.48450496792793274,0.013716899789869785,-0.04862841218709946
1774354919.3521025,-0.005883339255718399,-0.3873360776958497,0.034431494256345785,-0.43510250232808567,0.018027301877737045,-0.491848886013031,0.014781463891267776,-0.05977596342563629
1774354919.7506375,-0.02246313489877603,-0.40116943658487425,0.017277534881072476,-0.44903386761813935,0.0006458407733589411,-0.5061219930648804,0.0166229959577322,-0.07916954159736633
1774354919.951435,-0.03170712979537441,-0.4082556301255998,0.007639488228377345,-0.45624008963211193,-0.008762504905462265,-0.5131228566169739,0.0167013518512249,-0.08814150840044022
1774354920.1498063,-0.04076238061891526,-0.4150454704544731,-0.0017018895437296844,-0.46305344351957123,-0.018778419122099876,-0.519201934337616,0.0159323588013649,-0.09892185777425766
1774354920.350694,-0.05053720696496648,-0.42256817241562,-0.011911697965834689,-0.47061502094555685,-0.029412679374217987,-0.5254207253456116,0.015292144380509853,-0.10905544459819794
1774354920.5512106,-0.06031577546362783,-0.4301923941107971,-0.02197130051266405,-0.47829495160870317,-0.03891577199101448,-0.5317766666412354,0.01388666220009327,-0.11906341463327408
1774354920.7509902,-0.0690485511899833,-0.43739185670513736,-0.031175130226878678,-0.4856027596454322,-0.048228465020656586,-0.5391649007797241,0.011213056743144989,-0.129146009683609
1774354920.9526482,-0.07829308172368823,-0.4453464544465357,-0.04090471008194069,-0.49362247415805394,-0.0575140006840229,-0.5459797978401184,0.009014787152409554,-0.13704214990139008
1774354921.1512756,-0.08718806419193562,-0.4532164459327753,-0.050352697401291224,-0.5016858697661679,-0.0661393329501152,-0.5520644187927246,0.005130307748913765,-0.14815250039100647
1774354921.351478,-0.09561051119027282,-0.46082844592392275,-0.05914909528138407,-0.5094383800952438,-0.07524948567152023,-0.5592859387397766,0.0022804811596870422,-0.1560947299003601
1774354921.552006,-0.10392158970364958,-0.46863661234818155,-0.0678764819302653,-0.5174404249061723,-0.08421807736158371,-0.5669880509376526,-0.0021407529711723328,-0.16555607318878174
1774354921.7519135,-0.11221074876725406,-0.47670400392824336,-0.07643163533631053,-0.5255934435721756,-0.09308654814958572,-0.5753563642501831,-0.00711287185549736,-0.17623193562030792
1774354921.9520216,-0.12137309702373998,-0.4858978017314602,-0.08574143356517139,-0.5348213425908432,-0.10074484348297119,-0.5821651220321655,-0.011701490730047226,-0.1840650737285614
1774354922.151727,-0.12936802488128285,-0.49421075350888505,-0.09392397334613872,-0.5432329965887022,-0.1093301996588707,-0.589644730091095,-0.017331581562757492,-0.19063009321689606
1774354922.3527825,-0.1378278727393953,-0.50300133272174,-0.10232046909920234,-0.5520203979664569,-0.11810003221035004,-0.5982931852340698,-0.023064453154802322,-0.19806016981601715
1774354922.5542066,-0.1459267424360813,-0.5115246465312164,-0.1105131716070622,-0.5605750349841652,-0.12636350095272064,-0.6071377396583557,-0.029000267386436462,-0.2059163749217987
1774354922.7542124,-0.15475099080683732,-0.520455661141087,-0.11936699350691449,-0.569519846244612,-0.1336437165737152,-0.6156296133995056,-0.03457766771316528,-0.21245481073856354
1774354922.954529,-0.16309623487132294,-0.5285188252057995,-0.1278407399026802,-0.5776566042058116,-0.14195677638053894,-0.6235495805740356,-0.04280780628323555,-0.22044245898723602
1774354923.1549654,-0.1716132826409087,-0.5363421706676416,-0.13660202882033534,-0.5855380874301088,-0.1510469615459442,-0.6319159269332886,-0.050952427089214325,-0.2277267724275589
1774354923.3542764,-0.17965723497145977,-0.5423391089038094,-0.1457091902489056,-0.5931836806835122,-0.160311758518219,-0.6393483281135559,-0.05809664726257324,-0.23381657898426056
1774354923.5584648,-0.18966347511189702,-0.5500253083653545,-0.15555233947797387,-0.600827390266001,-0.16958686709403992,-0.6467705965042114,-0.066992849111557,-0.2393730878829956
1774354923.9564722,-0.20913336334930877,-0.5633547992826844,-0.1751968681404914,-0.6142348628551505,-0.1863243728876114,-0.658843994140625,-0.08372621238231659,-0.24830777943134308
1774354924.165454,-0.21943753678639288,-0.5697776585238137,-0.18543342825838394,-0.6206268350762121,-0.19648270308971405,-0.6650005578994751,-0.0933680385351181,-0.25294825434684753
1774354924.55813,-0.24152867341105005,-0.5823356870510208,-0.20767551219778835,-0.6332841025969531,-0.21634456515312195,-0.6761471033096313,-0.1127069815993309,-0.2606503665447235
1774354924.758016,-0.25175311584675786,-0.587369178775088,-0.21808836446568702,-0.6384230467177303,-0.22659505903720856,-0.6819424629211426,-0.1220504641532898,-0.26297423243522644
1774354924.9596183,-0.2625202195765549,-0.5920564892812784,-0.22914450152476384,-0.6433397811656173,-0.2380221039056778,-0.6871976256370544,-0.1318119615316391,-0.26517653465270996
1774354925.1597745,-0.2731911415154643,-0.596214397245423,-0.24014091349936173,-0.6477626886344957,-0.24897406995296478,-0.6915815472602844,-0.14155054092407227,-0.26677432656288147
1774354925.3599424,-0.28423211358990674,-0.6000191710631099,-0.2515433259876345,-0.6518425475025185,-0.2597936987876892,-0.6959033012390137,-0.15068605542182922,-0.269015371799469
1774354925.561112,-0.2957453863603633,-0.6036070522505981,-0.26314827405262975,-0.6554722127615316,-0.27161315083503723,-0.6996396780014038,-0.16011351346969604,-0.2706493139266968
1774354925.7610834,-0.3071582640496739,-0.6060869688979438,-0.27540206302210635,-0.6588072266403682,-0.2816833555698395,-0.7033106088638306,-0.17071442306041718,-0.2725982964038849
1774354925.961158,-0.31853226522682454,-0.6075137170751702,-0.28788464887868914,-0.6616526489678007,-0.29383718967437744,-0.7066861987113953,-0.17987200617790222,-0.27367833256721497
1774354926.1628165,-0.3300416815478298,-0.6096459788577365,-0.2995653282084083,-0.6638390855746881,-0.30474019050598145,-0.7080199122428894,-0.18941712379455566,-0.2754696309566498
1774354926.3634875,-0.3423760576477117,-0.6115384805222057,-0.31173890279542105,-0.6657584491499162,-0.31666165590286255,-0.7101725339889526,-0.19892090559005737,-0.2773464024066925
1774354926.5636714,-0.35374507532590505,-0.6129644964561906,-0.3229777397443443,-0.6671819858543098,-0.3279348611831665,-0.7126639485359192,-0.2085956335067749,-0.27884119749069214
1774354926.765197,-0.3662464963659926,-0.6140289996887411,-0.33536605669282005,-0.6682623473859189,-0.34033310413360596,-0.7132577300071716,-0.21761822700500488,-0.28037959337234497
1774354926.9652205,-0.37820509462242385,-0.6146212531779457,-0.34731529619960055,-0.6688567776260577,-0.35258781909942627,-0.7145682573318481,-0.2267925888299942,-0.2822692096233368
1774354927.164298,-0.3910015226151533,-0.6147532038241702,-0.3601020315833183,-0.6689886537266493,-0.36343106627464294,-0.7140093445777893,-0.2369982898235321,-0.28422364592552185
1774354927.367342,-0.40258725604638695,-0.6144024594030307,-0.371775980122528,-0.66865631555906,-0.3753175139427185,-0.7138598561286926,-0.24679264426231384,-0.2853816747665405
1774354927.567686,-0.4149885784793896,-0.6135535463788264,-0.3842032571471441,-0.6678046622454855,-0.38752084970474243,-0.7138575911521912,-0.2558513581752777,-0.2869667410850525
1774354927.766984,-0.42700238012624986,-0.6122391077568835,-0.3961717370992158,-0.6664890497198139,-0.3985770642757416,-0.7125568389892578,-0.26474639773368835,-0.28852811455726624
1774354927.967793,-0.43957453063751034,-0.6103981681381002,-0.40873364614348084,-0.6646508574509629,-0.41188210248947144,-0.7103275060653687,-0.27565798163414,-0.2906383275985718
1774354928.1681697,-0.45126684783217036,-0.6083454172921977,-0.42034330226036676,-0.6626235421091162,-0.42317676544189453,-0.7075642347335815,-0.2855927348136902,-0.29212939739227295
1774354928.3696003,-0.46347936858580735,-0.6059512120234887,-0.43265322666091865,-0.6602283825739972,-0.4341430366039276,-0.7053182721138,-0.29507696628570557,-0.29398009181022644
1774354928.6192608,-0.48172121244930144,-0.6022309701542549,-0.4509321888661717,-0.6565011056905965,-0.44908422231674194,-0.7013865113258362,-0.3063921332359314,-0.29614949226379395
1774354928.7702649,-0.4877405159596172,-0.600983756531204,-0.45703300165934624,-0.6552489476934031,-0.4574451446533203,-0.6994659900665283,-0.3144601583480835,-0.2971847355365753
1774354929.0180924,-0.5051022940735781,-0.5974428178300893,-0.47467749550793703,-0.6516485912320062,-0.471303254365921,-0.6963701248168945,-0.325986385345459,-0.2992359697818756
1774354929.2186997,-0.5170289423020452,-0.5949982637249486,-0.4865879653007429,-0.6492088635512485,-0.48213499784469604,-0.6936177015304565,-0.33644503355026245,-0.3012048900127411
1774354929.4209497,-0.5281379482315244,-0.5927572654086941,-0.4980382871215637,-0.6469223941738876,-0.49310576915740967,-0.6909418106079102,-0.3457905650138855,-0.3030363917350769
1774354929.618055,-0.5398524419643245,-0.5904768714534235,-0.5100133565814596,-0.6445243195454318,-0.503620982170105,-0.6879358887672424,-0.3553132712841034,-0.3039684593677521
1774354929.8188088,-0.5516471248198827,-0.5881120843892221,-0.5218374059615666,-0.6421546003693197,-0.5148507952690125,-0.6854342222213745,-0.36450934410095215,-0.3057454228401184
1774354929.974391,-0.5575000765920065,-0.5868757295109732,-0.5278641445115658,-0.6409325349077849,-0.5226259827613831,-0.6826860904693604,-0.37202298641204834,-0.3069130480289459
1774354930.218385,-0.5747939404309469,-0.5835373052983058,-0.5454246469307099,-0.6374640512502471,-0.5361026525497437,-0.6796059608459473,-0.3848044276237488,-0.3092462122440338
1774354930.4182088,-0.5870533599065292,-0.5811186192354847,-0.5578765285374196,-0.6350180671895225,-0.5480483770370483,-0.6763312816619873,-0.3939593434333801,-0.31054165959358215
1774354930.6199915,-0.5989261387211862,-0.578703944560624,-0.5700280791378376,-0.6326478453652744,-0.5599101185798645,-0.6737369298934937,-0.4027857780456543,-0.3121456205844879
1774354930.8201427,-0.6109956473256236,-0.5764526496848514,-0.582375552081603,-0.6301767163226907,-0.5710808038711548,-0.6711609363555908,-0.4126630127429962,-0.3141050338745117
1774354931.0194461,-0.6225072053953835,-0.5741670184394374,-0.5941063419221516,-0.6278059870072772,-0.5816612839698792,-0.6686105728149414,-0.42241066694259644,-0.31524601578712463
1774354931.2188046,-0.6335541997905577,-0.5718507666676362,-0.6055402061085173,-0.6254930663837641,-0.5934832096099854,-0.665753185749054,-0.43170028924942017,-0.31681984663009644
1774354931.4203207,-0.6451854201961211,-0.5694959461360432,-0.6175269630696218,-0.6230657335020304,-0.6050651669502258,-0.663418710231781,-0.4407590627670288,-0.3186594843864441
1774354931.6179903,-0.6566796719251429,-0.5671946703515706,-0.6294809499013292,-0.6206498272647636,-0.6161810159683228,-0.6609010100364685,-0.45082181692123413,-0.3206731081008911
1774354931.8198082,-0.6695202685532149,-0.5646309216167038,-0.6427015797970477,-0.6179679909828123,-0.6290029883384705,-0.6576015949249268,-0.4613977372646332,-0.32177242636680603
1774354932.0186222,-0.6805586625022965,-0.5625684177702925,-0.6541082852611773,-0.6156691267896783,-0.6398630738258362,-0.6551158428192139,-0.47069621086120605,-0.3235473036766052
1774354932.2184649,-0.6915821124411747,-0.5604121924570756,-0.6655658316308708,-0.6133823029957239,-0.650124728679657,-0.6523368954658508,-0.47959426045417786,-0.3251321315765381
1774354932.6189735,-0.7155330012177548,-0.5557452249335105,-0.6899816413910174,-0.6085444777552185,-0.6723140478134155,-0.6463202238082886,-0.49684852361679077,-0.3280304968357086
1774354932.8193178,-0.7270915050414647,-0.5535287647912952,-0.7020019500403141,-0.6062054944463138,-0.6841411590576172,-0.6435583233833313,-0.5038018822669983,-0.3291493356227875
1774354933.0182028,-0.7388436723971485,-0.5513018605900581,-0.7142974803702611,-0.6037831253882796,-0.6963353157043457,-0.6405889987945557,-0.5123360753059387,-0.33075186610221863
1774354933.2183912,-0.7502406760932278,-0.5491498120307651,-0.7261605716210613,-0.6014186945450171,-0.7070052623748779,-0.6379828453063965,-0.5175957083702087,-0.33172813057899475
1774354933.4247062,-0.761592245006341,-0.5469151072838152,-0.7380682075980023,-0.5989366893072291,-0.7177995443344116,-0.6356647610664368,-0.524317741394043,-0.33294743299484253
1774354933.6196814,-0.772883301796458,-0.54457866086501,-0.7501199145938744,-0.5963947720476368,-0.7298582196235657,-0.6328799724578857,-0.5299762487411499,-0.3336673378944397
1774354933.818887,-0.7844138862681422,-0.5422266588005037,-0.7623940324838743,-0.5938099520009414,-0.7412206530570984,-0.629645049571991,-0.5358295440673828,-0.3345653712749481
1774354934.018178,-0.7955689250608129,-0.5399754539615429,-0.7741493832116493,-0.5913502512723043,-0.7524713277816772,-0.6271657347679138,-0.540833055973053,-0.33543169498443604
1774354934.2192118,-0.8069128868853098,-0.5377832544000315,-0.7861349838078147,-0.5888488894352052,-0.7630726099014282,-0.6245396733283997,-0.5470085740089417,-0.3365437388420105
1774354934.4184184,-0.8183876813270285,-0.5354871687673277,-0.798265331386526,-0.5863354946717667,-0.7746318578720093,-0.6215333342552185,-0.5518826246261597,-0.3375166654586792
1774354934.619449,-0.8292334512726065,-0.533353852871376,-0.8097675871170169,-0.5839657575709556,-0.7857989072799683,-0.6188554763793945,-0.5576850175857544,-0.3386427164077759
1774354934.8182561,-0.8403826285297106,-0.5311528792652119,-0.8217428621549625,-0.5815150510245775,-0.796507716178894,-0.6162264943122864,-0.5638518929481506,-0.33917537331581116
1774354935.0161598,-0.8519273436207987,-0.5288854261103904,-0.8340155396201538,-0.5790066993344352,-0.8086012005805969,-0.612478494644165,-0.5693037509918213,-0.33995237946510315
1774354935.2175155,-0.8631494838675644,-0.5267086850768132,-0.8461190981993276,-0.576566807371466,-0.8189844489097595,-0.6097056865692139,-0.5748311877250671,-0.3412427008152008
1774354935.4179497,-0.8745979346300298,-0.5244343669261703,-0.8582658182183316,-0.5739730244935024,-0.8303370475769043,-0.6071819067001343,-0.58017498254776,-0.34220194816589355
1774354935.619279,-0.88542770441155,-0.5219987211092045,-0.8698364469482007,-0.5712093184271313,-0.8413400053977966,-0.604897141456604,-0.5859379172325134,-0.3432423174381256
1774354935.818599,-0.8963620709439512,-0.5191257010305436,-0.8813801226266573,-0.5680523302138787,-0.8532533049583435,-0.6014488339424133,-0.5913310050964355,-0.3442956209182739
1774354936.0185452,-0.9078396951057198,-0.5156251982723599,-0.8936283875303781,-0.5642013611048939,-0.8649488091468811,-0.5978370904922485,-0.5978992581367493,-0.3452909588813782
1774354936.2184103,-0.9188912931208548,-0.5117071916568078,-0.9054207795456524,-0.5599800306721371,-0.8747751116752625,-0.5941510200500488,-0.6033629775047302,-0.3459528684616089
1774354936.6164527,-0.940269646718604,-0.5027590502766,-0.9274005754669814,-0.5506572885320824,-0.8973856568336487,-0.5847114324569702,-0.6144500970840454,-0.34792083501815796
1774354936.8186731,-0.9505018794140727,-0.4977614118563255,-0.9382687057983723,-0.54527208638916,-0.9080891609191895,-0.5792222023010254,-0.6195569634437561,-0.34883400797843933
1774354937.0172384,-0.9610176860652175,-0.49212728876621514,-0.9493401016738288,-0.539219433954207,-0.9187049269676208,-0.5739226937294006,-0.6258330345153809,-0.3501377999782562
1774354937.2179587,-0.9710383277553791,-0.48613943155860023,-0.9599618402588235,-0.532812997787758,-0.9287589192390442,-0.5683327317237854,-0.6314564943313599,-0.3511420786380768
1774354937.417199,-0.9799761324482037,-0.480212658667215,-0.9695993947467754,-0.5265021414939999,-0.9383686780929565,-0.5617631673812866,-0.6372408866882324,-0.3515166640281677
1774354937.6186793,-0.9898629216466761,-0.473143845257964,-0.9801504948709499,-0.5190578758843991,-0.9487183094024658,-0.5540081262588501,-0.6427435874938965,-0.35241395235061646
1774354937.8190892,-0.9988139439457762,-0.4662850966914687,-0.9896798378721943,-0.5117329449213175,-0.9585980176925659,-0.5495216846466064,-0.6490013003349304,-0.353549599647522
1774354938.018598,-1.0079753137639544,-0.4587606576794133,-0.999367471670948,-0.503686617660159,-0.9681957364082336,-0.5427983999252319,-0.6543976664543152,-0.35467055439949036
1774354938.218092,-1.0166000546141256,-0.45101859238290276,-1.0085522233002524,-0.4954452502582871,-0.977139949798584,-0.5336520671844482,-0.6606585383415222,-0.35616815090179443
1774354938.4181771,-1.0245937118027997,-0.4433950944510232,-1.0170394312837288,-0.48722605549789755,-0.9860564470291138,-0.5232430100440979,-0.6667416095733643,-0.3566741347312927
1774354938.617666,-1.0326634741030827,-0.4348777265177817,-1.025683620590076,-0.47817864145152056,-0.9936299920082092,-0.5178799629211426,-0.6728338003158569,-0.3568832278251648
1774354938.818429,-1.0397823451207753,-0.42688083222892614,-1.0333156477636556,-0.4696083405976742,-1.0014612674713135,-0.5078642964363098,-0.6789741516113281,-0.3579554259777069
1774354939.018287,-1.0471981106588208,-0.4179425987628209,-1.0412403482757664,-0.4600927419306581,-1.0080188512802124,-0.4975282847881317,-0.6849299073219299,-0.3577817678451538
1774354939.218103,-1.0541422444106145,-0.4088476046393234,-1.0487638260485466,-0.45028441833566824,-1.016216516494751,-0.488726943731308,-0.6914042234420776,-0.3586782217025757
1774354939.417923,-1.0602462210137265,-0.39989151718651866,-1.0553443220002068,-0.44072653950832497,-1.0227272510528564,-0.4796171188354492,-0.6967995762825012,-0.3588940501213074
1774354939.6182735,-1.0666131712214975,-0.3896474065314642,-1.0622030600705972,-0.4299533096485726,-1.0283783674240112,-0.46920230984687805,-0.7024903893470764,-0.3587515354156494
1774354939.8178155,-1.0722452088315568,-0.379954434212926,-1.0682840985782265,-0.41971522913588954,-1.034844160079956,-0.4593670666217804,-0.7089906334877014,-0.35909223556518555
1774354940.0187862,-1.077539494366633,-0.36983625180418206,-1.0740440302235943,-0.4090376706473231,-1.039995551109314,-0.44955703616142273,-0.714799165725708,-0.3588472008705139
1774354940.2177567,-1.0826043200676634,-0.3590974476490114,-1.0795394926457758,-0.39773803177609723,-1.045365571975708,-0.4387560784816742,-0.7212717533111572,-0.35862693190574646
1774354940.418814,-1.0871657521225464,-0.3480759031184349,-1.084532811806741,-0.3862197580847856,-1.050758719444275,-0.4273606538772583,-0.7270255088806152,-0.3580823540687561
1774354940.6185215,-1.091187225490397,-0.3375734489162123,-1.0888671979219378,-0.3752471037562696,-1.054498314857483,-0.4162749648094177,-0.7324268817901611,-0.35765576362609863
1774354940.8177054,-1.0950311286240644,-0.32618872667544896,-1.0930639466785044,-0.36342708129786805,-1.0586988925933838,-0.4037298262119293,-0.737806499004364,-0.3575665354728699
1774354941.0878906,-1.0989252562939087,-0.3125568043457911,-1.0974624890015003,-0.34902096880242717,-1.063198447227478,-0.38915619254112244,-0.7450511455535889,-0.3574935495853424
1774354941.2847004,-1.1015362284718562,-0.30188612828133543,-1.1004465266176395,-0.33740226708659715,-1.0664141178131104,-0.37866562604904175,-0.7512187361717224,-0.35701221227645874
1774354941.4845607,-1.1038110570296178,-0.29145763843221417,-1.1029188977136075,-0.32593263536671024,-1.0684045553207397,-0.3678373694419861,-0.7572049498558044,-0.3574638068675995
1774354941.6852705,-1.1055031357731164,-0.28091914292637216,-1.1049903704144015,-0.3142319023185569,-1.070353627204895,-0.3557961881160736,-0.7629005312919617,-0.35788464546203613
1774354941.8850431,-1.1066830006138164,-0.2710962246774133,-1.1065627781775031,-0.30294966792635636,-1.0722804069519043,-0.34484878182411194,-0.7679427862167358,-0.3582323491573334
1774354942.0849915,-1.1075422343857624,-0.25966099497586387,-1.1078374340371684,-0.28989564348327046,-1.0734819173812866,-0.33237919211387634,-0.7736301422119141,-0.3590388894081116
1774354942.2847073,-1.1079431775174062,-0.24960957293761352,-1.1085868672337056,-0.2782297205327814,-1.0737497806549072,-0.31983721256256104,-0.7796744704246521,-0.3588491678237915
1774354942.4848807,-1.107860500721509,-0.2387008774914714,-1.1089315034452067,-0.265837034704389,-1.0744407176971436,-0.30804648995399475,-0.7854778170585632,-0.3595764636993408
1774354942.6851947,-1.1074215827489633,-0.22836761346431866,-1.1088018527323085,-0.2539686934594888,-1.074306607246399,-0.2962273359298706,-0.7911510467529297,-0.3608838617801666
1774354942.8853598,-1.1064461028105619,-0.21676005651408806,-1.1081486568008954,-0.24083269427741194,-1.073888897895813,-0.28333884477615356,-0.7959738373756409,-0.3613840341567993
1774354943.085848,-1.105319409024966,-0.20635705815849958,-1.1070852358159262,-0.22889018810987805,-1.0732451677322388,-0.2730310261249542,-0.8016312122344971,-0.362671434879303
1774354943.2840059,-1.1036177200254378,-0.1964933367164546,-1.1056422221437112,-0.2173723167387167,-1.0719345808029175,-0.26029181480407715,-0.8081262111663818,-0.36408376693725586
1774354943.4844093,-1.1014385737190167,-0.18560695266679003,-1.1036236751431983,-0.20492164950830094,-1.0699654817581177,-0.24906380474567413,-0.8131977915763855,-0.3652793765068054
1774354943.6849134,-1.098716819920415,-0.1747688545795249,-1.101083246080696,-0.19239163957765337,-1.0684928894042969,-0.237318754196167,-0.8190857172012329,-0.36686673760414124
1774354943.8845415,-1.09585987085773,-0.16496630994884662,-1.0983460961935065,-0.18104486148344645,-1.0652307271957397,-0.22582480311393738,-0.8247702121734619,-0.36884936690330505
1774354944.0845096,-1.092696709655661,-0.1549168297839874,-1.0952186583659715,-0.16972518925221858,-1.0612874031066895,-0.21448324620723724,-0.8304504156112671,-0.3699529767036438
1774354944.2842333,-1.088672488187945,-0.14375109003870218,-1.0912820410760902,-0.1572605142974164,-1.0586864948272705,-0.20395439863204956,-0.8353369832038879,-0.3717763423919678
1774354944.4857533,-1.08465277682001,-0.13395192380232,-1.0873302302473618,-0.14635324482856982,-1.0538175106048584,-0.1919119656085968,-0.8416633605957031,-0.3733828663825989
1774354944.684358,-1.0800641107170428,-0.12382585564529326,-1.0827907541496347,-0.13523370242772814,-1.048886775970459,-0.18065764009952545,-0.8486875295639038,-0.37538471817970276
1774354944.8840458,-1.0745478730818245,-0.1129801451708779,-1.0774019472345218,-0.12340980191604778,-1.045094609260559,-0.17070354521274567,-0.8539811968803406,-0.3768157958984375
1774354945.0854044,-1.0692206884074988,-0.10334635871045139,-1.0720941558606814,-0.11284258749937626,-1.038237452507019,-0.15997521579265594,-0.8602378368377686,-0.3784198462963104
1774354945.4848616,-1.0571183225650282,-0.08275686823714326,-1.0599933502865095,-0.09141172798164843,-1.0272244215011597,-0.14005818963050842,-0.8720488548278809,-0.38066408038139343
1774354945.6856415,-1.0505374169795967,-0.073215634317966,-1.0534000268404737,-0.08117378042106582,-1.020328164100647,-0.1298016458749771,-0.8783535957336426,-0.38115566968917847
1774354945.8843489,-1.0434903433579235,-0.06380365649542824,-1.0463590432708303,-0.07109727069851013,-1.0132664442062378,-0.1197669506072998,-0.8848190307617188,-0.3814375102519989
1774354946.0847619,-1.0363907619588903,-0.05519127844270105,-1.039245059629158,-0.06175345862008763,-1.0056865215301514,-0.11015109717845917,-0.8908538222312927,-0.38134002685546875
1774354946.2850816,-1.0284700198413166,-0.046259567984748326,-1.0312505520043838,-0.05213453674984525,-0.9983233213424683,-0.1021435484290123,-0.8976070880889893,-0.3812626600265503
1774354946.4831557,-1.0203362619865537,-0.037634494902409256,-1.023037358287135,-0.04280135592561851,-0.9906899333000183,-0.09399552643299103,-0.9036250114440918,-0.38060253858566284
1774354946.685523,-1.0124742063516101,-0.029732580717456342,-1.0151239287848355,-0.034244450433813634,-0.9838453531265259,-0.08609095215797424,-0.909458577632904,-0.3801015019416809
1774354946.8840268,-1.003713762658922,-0.021206770790836063,-1.0062662274342602,-0.02536385974971489,-0.9748864769935608,-0.07748235762119293,-0.9168528914451599,-0.3790489435195923
1774354947.0844595,-0.994890654344514,-0.013301133380987713,-0.9973439325261186,-0.017097394479294703,-0.9652876257896423,-0.06936933845281601,-0.9228841066360474,-0.3776359260082245
1774354947.2842934,-0.9863560873829398,-0.006072203049911911,-0.988773761066152,-0.009699831811355475,-0.956364095211029,-0.06239275261759758,-0.928727388381958,-0.37569746375083923
1774354947.4847567,-0.9761406834048284,0.0018464520561729144,-0.9784864706909224,-0.0014745529631763343,-0.947119951248169,-0.05566655099391937,-0.9342739582061768,-0.3733665347099304
1774354947.6854596,-0.9668077115428197,0.008784489879571917,-0.9691745280232555,0.005393328025121935,-0.9374196529388428,-0.047875359654426575,-0.9412964582443237,-0.3703799247741699
1774354947.8852878,-0.955915612962395,0.016057601142128345,-0.9582584603093653,0.012764725119862819,-0.9281527996063232,-0.04198687523603439,-0.946692705154419,-0.36712977290153503
1774354948.0844321,-0.9460734210131986,0.02219352754291508,-0.9483898758384925,0.019047410984921243,-0.9179600477218628,-0.03564946725964546,-0.9523550271987915,-0.36317136883735657
1774354948.2852254,-0.9359076178292384,0.028243768802368754,-0.9382281175291203,0.025079713629973854,-0.9073280096054077,-0.02984071895480156,-0.9583465456962585,-0.3590480387210846
1774354948.4844398,-0.9240775724058753,0.034851296485704494,-0.9264451686314312,0.03145804891893267,-0.896931529045105,-0.024615956470370293,-0.9635167121887207,-0.35462847352027893
1774354948.6843336,-0.9137674313207447,0.03992744190116397,-0.9161374585182733,0.03652538479703793,-0.8867844343185425,-0.018825406208634377,-0.9673585891723633,-0.35029783844947815
1774354948.885241,-0.9019088602780517,0.04539758494272619,-0.9043435995292515,0.04171744888958462,-0.8742737770080566,-0.013938773423433304,-0.9716386795043945,-0.345438688993454
1774354949.083553,-0.8911621143308972,0.049843158121115054,-0.8936232304197302,0.04600740167100659,-0.8646208643913269,-0.010412282310426235,-0.9757325053215027,-0.3399558365345001
1774354949.284686,-0.879626208438756,0.05408496466027001,-0.88210556282848,0.050159099168075816,-0.8531534075737,-0.006086038425564766,-0.9789183735847473,-0.3351968824863434
1774354949.484443,-0.8675559881873485,0.05818029958268061,-0.8700509604966107,0.054009588366759065,-0.8414807915687561,-0.002965424908325076,-0.9825426936149597,-0.3286334276199341
1774354949.6853068,-0.855610578456735,0.061821927793928796,-0.8581493489245762,0.05734271119974377,-0.8313177227973938,-2.7232803404331207e-05,-0.9854105710983276,-0.3214043378829956
1774354949.8847528,-0.8433417137374917,0.06520983082272673,-0.8459595419901771,0.06026636048763456,-0.8205356001853943,0.001989835873246193,-0.9877831339836121,-0.3135939836502075
1774354950.0855763,-0.8322768059612926,0.06804294363166857,-0.834894486255755,0.06254912633754994,-0.808472752571106,0.0031861471943557262,-0.9903764724731445,-0.30489033460617065
1774354950.2857122,-0.8197193507134453,0.07050166433031115,-0.8224089839641315,0.06467548625264907,-0.7988141775131226,0.003936528693884611,-0.9918838143348694,-0.2965899705886841
1774354950.4844358,-0.8072180156331016,0.07285828542881019,-0.8100554708383558,0.06648989774756986,-0.7875798344612122,0.006057152524590492,-0.9920395612716675,-0.2847062945365906
1774354950.6853452,-0.7953924895759273,0.07458010729767281,-0.7983675385784257,0.06776142040212907,-0.7755657434463501,0.006674647331237793,-0.992389976978302,-0.27590519189834595
1774354950.8851418,-0.7815517777125494,0.07602906548861892,-0.7845970350492304,0.06888737390893818,-0.7629511952400208,0.007715948391705751,-0.990815281867981,-0.2655450403690338
1774354951.0864809,-0.7695150378707042,0.07705399590110142,-0.7726461911804285,0.06941960190354424,-0.7527639269828796,0.0076188500970602036,-0.9894291758537292,-0.254264771938324
1774354951.2839384,-0.7568169875549758,0.07751089595983118,-0.7599965181768846,0.06950218746902048,-0.7404603958129883,0.0075018382631242275,-0.9866695404052734,-0.24435827136039734
1774354951.4844577,-0.7447195802509812,0.07754388021156022,-0.7479377873346955,0.06913741684573127,-0.7280153036117554,0.007200351916253567,-0.9829073548316956,-0.23465599119663239
1774354951.6844888,-0.732836752386431,0.07738040037906077,-0.7361088104646449,0.06834888548884477,-0.7159411907196045,0.006011404097080231,-0.9782202839851379,-0.22539295256137848
1774354951.8831122,-0.7211428790917459,0.07670527628946512,-0.724433367752293,0.0671366326280658,-0.703331708908081,0.0045390985906124115,-0.9730515480041504,-0.21579816937446594
1774354952.0864131,-0.7083322657132656,0.07528997625693852,-0.7116274613381046,0.06532191582101388,-0.6919761896133423,0.0024254117161035538,-0.9674682021141052,-0.20655791461467743
1774354952.2841449,-0.6965664759434301,0.0734337868511438,-0.6999064119355622,0.06319540649570587,-0.6810191869735718,0.000897867139428854,-0.9616946578025818,-0.19986964762210846
1774354952.6847699,-0.6729487012694396,0.06816221609152166,-0.6763046688102283,0.05760699699184979,-0.6577762961387634,-0.0057248566299676895,-0.9458994269371033,-0.18191400170326233
1774354952.8848789,-0.6609429052952538,0.06520053860413076,-0.6642387938457139,0.0540530809664872,-0.6463369727134705,-0.00883863028138876,-0.9383337497711182,-0.1755068004131317
1774354953.084893,-0.6494218191551523,0.061770501492155176,-0.6527792053228618,0.050155488633928824,-0.6357386112213135,-0.013293308205902576,-0.9311190843582153,-0.17243313789367676
1774354953.285813,-0.637830996782306,0.057939897420156226,-0.6412042069736195,0.04581636434141534,-0.6248258352279663,-0.017616277560591698,-0.9223120808601379,-0.16723044216632843
1774354953.48442,-0.6267139914174288,0.053778965870348125,-0.6301423297235411,0.04116690365187048,-0.6137421131134033,-0.021934954449534416,-0.9124387502670288,-0.1621822714805603
1774354953.6855485,-0.6151692481411967,0.04902191402375053,-0.6186970228235433,0.03581864031478199,-0.6030839681625366,-0.02832801267504692,-0.9036850333213806,-0.15829482674598694
1774354953.8853734,-0.6042067148976127,0.04395544987783714,-0.6077740977452045,0.030239672504856818,-0.5925692915916443,-0.03405583277344704,-0.8941469788551331,-0.15483061969280243
1774354954.0857713,-0.5931622707428401,0.03831371803584885,-0.5968887581426886,0.02412355974981062,-0.5824062824249268,-0.03926937282085419,-0.883074939250946,-0.15038318932056427
1774354954.2845087,-0.5829274040455906,0.032651890426081805,-0.5868669473404879,0.017963752326452198,-0.5721583962440491,-0.04605138301849365,-0.8726503849029541,-0.1487099677324295
1774354954.485721,-0.5718988981378654,0.02573840819648359,-0.5760109857307245,0.010662216617775222,-0.5614228248596191,-0.05344083905220032,-0.8623418211936951,-0.14747637510299683
1774354954.6854136,-0.5620109008703703,0.018995003061923622,-0.5662888472272419,0.0035492026555603573,-0.5524924397468567,-0.060439132153987885,-0.8552494049072266,-0.14621785283088684
1774354954.8865423,-0.5527175471901535,0.012234643307165123,-0.5571429040130933,-0.00367934804984249,-0.5448458194732666,-0.06751488149166107,-0.8552494049072266,-0.14621785283088684
1774354955.0850358,-0.5432677683767151,0.004880729814219298,-0.5478565106291663,-0.011505236984790779,-0.5355282425880432,-0.07602714002132416,-0.8552494049072266,-0.14621785283088684
1774354955.2849343,-0.5337352737061463,-0.0031548842333007227,-0.5384484161628686,-0.02001782439426525,-0.5266799926757812,-0.08392088115215302,-0.8552494049072266,-0.14621785283088684
1774354955.6842914,-0.5169150331132141,-0.01951798610563015,-0.5217668463026267,-0.037030061966311756,-0.5110628008842468,-0.10128085315227509,-0.8552494049072266,-0.14621785283088684
1774354955.8850007,-0.5086058118887423,-0.028222873483700894,-0.5136435674147847,-0.04638767937297128,-0.5035029053688049,-0.11017448455095291,-0.8552494049072266,-0.14621785283088684
1774354956.0852685,-0.5010902499966483,-0.03673849037325938,-0.5063189847460109,-0.055486799591974556,-0.4959561824798584,-0.12038890272378922,-0.8552494049072266,-0.14621785283088684
1774354956.285583,-0.4927934504061661,-0.047153883748107986,-0.49820524211814543,-0.06649220740614525,-0.4891711473464966,-0.12983477115631104,-0.8552494049072266,-0.14621785283088684
1774354956.484172,-0.4861737518715504,-0.05573985061242146,-0.4918742864053762,-0.07567392232780235,-0.4829747676849365,-0.138434037566185,-0.8552494049072266,-0.14621785283088684
1774354956.6869266,-0.4788334216374254,-0.06599012129185525,-0.484745877558605,-0.0864715052737679,-0.47745710611343384,-0.14847496151924133,-0.8552494049072266,-0.14621785283088684
1774354956.885486,-0.47234385180085525,-0.07539879855309196,-0.4784195431196384,-0.09639637303708326,-0.4710918962955475,-0.15937359631061554,-0.8552494049072266,-0.14621785283088684
1774354957.0849254,-0.4660291156480886,-0.0848416669733739,-0.4723086095677036,-0.10637252630832905,-0.46542149782180786,-0.16980092227458954,-0.8552494049072266,-0.14621785283088684
1774354957.2864096,-0.45942290533127783,-0.0949310509160214,-0.465867114419373,-0.11715211006703263,-0.46085479855537415,-0.179482564330101,-0.8552494049072266,-0.14621785283088684
1774354957.4850426,-0.4527567450437716,-0.10516274167327891,-0.4593878886057772,-0.1279618284748606,-0.45617997646331787,-0.18999361991882324,-0.8552494049072266,-0.14621785283088684
1774354957.686184,-0.4466474012600009,-0.1143755797469236,-0.45338907618655655,-0.13760294094740677,-0.45129066705703735,-0.20091108977794647,-0.8552494049072266,-0.14621785283088684
1774354957.8850474,-0.4394691118215297,-0.12441034190882028,-0.44634821320485507,-0.14806486650312,-0.44564443826675415,-0.2115408182144165,-0.7020261883735657,-0.1882082223892212
1774354958.0860147,-0.43218060214006326,-0.13361115559777176,-0.4391930630470996,-0.1575890722063783,-0.44117316603660583,-0.22209586203098297,-0.7020261883735657,-0.1882082223892212
1774354958.2855513,-0.42446822563460007,-0.14257102313898254,-0.43157241348217246,-0.1666767167619192,-0.4359285533428192,-0.23145563900470734,-0.6849570274353027,-0.19909511506557465
1774354958.685017,-0.4068713776010931,-0.16040516068265875,-0.41393494345486925,-0.18444853363558333,-0.4223877489566803,-0.24986527860164642,-0.6696843504905701,-0.21132075786590576
1774354958.8859415,-0.39799199297705695,-0.1682359573099683,-0.4049301428759964,-0.1921274766168175,-0.4154570400714874,-0.25888872146606445,-0.661970317363739,-0.21769508719444275
1774354959.0844452,-0.3891655180900581,-0.1761999744827994,-0.3952009749529962,-0.19956371261607653,-0.4080061912536621,-0.2661573588848114,-0.6537610292434692,-0.22560234367847443
1774354959.2850494,-0.37917459191407626,-0.18349722020487735,-0.38493931949603355,-0.20652776608676637,-0.3998970091342926,-0.2743142545223236,-0.6475148797035217,-0.23217886686325073
1774354959.684869,-0.3587829180944354,-0.19560453422905583,-0.3640967132873456,-0.2181398581307672,-0.38222137093544006,-0.2889619767665863,-0.6337875127792358,-0.2487625926733017
1774354959.8847535,-0.3473171703372486,-0.20154117797818688,-0.35216559243237966,-0.22351357418638096,-0.373211532831192,-0.29513081908226013,-0.6271572709083557,-0.2567516267299652
1774354960.0844843,-0.336846057135909,-0.2064403593105472,-0.34113916379518927,-0.22775462604311125,-0.3632601201534271,-0.30114832520484924,-0.6235191822052002,-0.2616685926914215
1774354960.4846292,-0.31397805811151014,-0.2140754365328006,-0.31766257709642176,-0.23455134029134073,-0.34257039427757263,-0.311757355928421,-0.6235191822052002,-0.2616685926914215
1774354960.6849995,-0.30250929021251205,-0.2175556313810984,-0.3053539875066593,-0.23704148132273295,-0.3321097791194916,-0.31583261489868164,-0.6073154211044312,-0.2902042269706726
1774354960.8856802,-0.2916299138351531,-0.22021573020033902,-0.2938275376456384,-0.23880623669023981,-0.32159194350242615,-0.31958696246147156,-0.6029243469238281,-0.2990807890892029
1774354961.0842628,-0.2796736519623458,-0.22244213374038282,-0.28114310629835115,-0.24000264295522156,-0.3102971315383911,-0.32244163751602173,-0.5987004041671753,-0.3084481656551361
1774354961.2842522,-0.2676490575143208,-0.22407204565018532,-0.2683990311604839,-0.24048186828901086,-0.299085408449173,-0.3246672451496124,-0.5950794816017151,-0.31727680563926697
1774354961.484507,-0.25694781155537766,-0.2250630323368362,-0.2569216793985124,-0.24028995898510652,-0.2887163758277893,-0.32691478729248047,-0.592186450958252,-0.32714593410491943
1774354961.6848257,-0.24509865927807908,-0.22524194780994852,-0.2444245100912803,-0.23940039705829652,-0.27680739760398865,-0.32790422439575195,-0.5890485048294067,-0.33769553899765015
1774354961.8850474,-0.23389383848402784,-0.2249346888528454,-0.23245107590092373,-0.23787280807470168,-0.26517507433891296,-0.32789531350135803,-0.5865010619163513,-0.3463650643825531
1774354962.0847578,-0.22334976158645176,-0.22395593928657878,-0.22131253704893328,-0.2358409781078521,-0.2542566955089569,-0.3276483714580536,-0.5842470526695251,-0.3560442626476288
1774354962.285027,-0.21180299543244294,-0.222190376419477,-0.20916057601128912,-0.23292646420492968,-0.24177643656730652,-0.3266674280166626,-0.5816262364387512,-0.36478209495544434
1774354962.4867027,-0.2002985925201858,-0.21971425724113636,-0.19710997424968568,-0.2294063036247539,-0.23165534436702728,-0.32547715306282043,-0.5791595578193665,-0.37277546525001526
1774354962.685692,-0.18956354789341556,-0.2168908116463091,-0.18583973690930966,-0.22542380713332577,-0.22092291712760925,-0.3233611583709717,-0.575588047504425,-0.38165420293807983
1774354962.8855534,-0.17855571747653545,-0.21341522469592736,-0.17429672858150125,-0.2205851742076902,-0.20902270078659058,-0.3207833468914032,-0.5724989175796509,-0.39012250304222107
1774354963.0874202,-0.1676187915344931,-0.20924613256735403,-0.16298599796091162,-0.2150570601957127,-0.19718730449676514,-0.31696680188179016,-0.5682993531227112,-0.39902806282043457
1774354963.288887,-0.1576646971087332,-0.2046953030598866,-0.15274384569894583,-0.20928008067138215,-0.18728788197040558,-0.31309807300567627,-0.5647321343421936,-0.4072781503200531
1774354963.4904935,-0.14797025693359567,-0.1995910269771861,-0.14275212882047106,-0.20290092480938127,-0.17648693919181824,-0.3087800145149231,-0.5600996613502502,-0.4161841571331024
1774354963.6895368,-0.13702762411468145,-0.19276642283320988,-0.13170105325685422,-0.1949471096891615,-0.165970578789711,-0.30371326208114624,-0.5559623837471008,-0.4235226809978485
1774354963.8907607,-0.12838037969358823,-0.1870958378962017,-0.12280616952840051,-0.18774510524082644,-0.15764634311199188,-0.29886841773986816,-0.5502097010612488,-0.4306723475456238
1774354964.0920596,-0.11964458924627357,-0.18053474149677154,-0.1138842426913309,-0.17967723612298359,-0.14798182249069214,-0.29238149523735046,-0.545781672000885,-0.43780356645584106
1774354964.2933419,-0.11079430150512254,-0.17295306306955294,-0.1050093766536811,-0.17068818859906842,-0.13792049884796143,-0.28630509972572327,-0.5405668020248413,-0.4458923041820526
1774354964.4939616,-0.10315926238935363,-0.16553744206890758,-0.0973734414296728,-0.16198263211346497,-0.13007184863090515,-0.27872416377067566,-0.5353510975837708,-0.4532358646392822
1774354964.6936958,-0.09550425744349231,-0.1571791166103334,-0.08975381316967412,-0.15225471981035654,-0.12157736718654633,-0.2707010507583618,-0.5292040705680847,-0.4598219692707062
1774354964.8959534,-0.08808006815709325,-0.14791355661713937,-0.08251498701339044,-0.14185966372366288,-0.1127479299902916,-0.26239365339279175,-0.5292040705680847,-0.4598219692707062
1774354965.0976286,-0.08181935701318466,-0.1394892267256715,-0.07645368430002691,-0.1319586121962718,-0.1059303730726242,-0.2544274926185608,-0.5178109407424927,-0.4734313488006592
1774354965.2971406,-0.07579757257836042,-0.1299100686195542,-0.07066470311661899,-0.12108601427916266,-0.09922100603580475,-0.24584005773067474,-0.5121182799339294,-0.47914114594459534
1774354965.49764,-0.07007181111595698,-0.1194463127538141,-0.06526112235932968,-0.1093027237808546,-0.09249009191989899,-0.2362397462129593,-0.505307674407959,-0.4842357635498047
1774354965.6973312,-0.06514995030928729,-0.10968757978466087,-0.06075990675205223,-0.09808792041190906,-0.0858711451292038,-0.22573043406009674,-0.505307674407959,-0.4842357635498047
1774354965.898909,-0.06032231527422208,-0.09814033889057805,-0.05642442404333309,-0.08522451072174975,-0.08062754571437836,-0.2163340151309967,-0.505307674407959,-0.4842357635498047
1774354966.1000416,-0.056535107570390056,-0.08778946291064703,-0.053203863860166734,-0.07357220623784277,-0.0756959468126297,-0.20620538294315338,-0.505307674407959,-0.4842357635498047
1774354966.3007379,-0.053217100173667584,-0.07659414459884598,-0.050453115738882504,-0.06114235084809683,-0.07114546000957489,-0.1940915733575821,-0.505307674407959,-0.4842357635498047
1774354966.5000088,-0.0503813720025055,-0.06539427932638507,-0.04838277961081944,-0.04873559774488023,-0.0679294541478157,-0.1842152178287506,-0.505307674407959,-0.4842357635498047
1774354966.7007298,-0.04824338561065303,-0.05497454445402295,-0.047061385933067024,-0.03701718034741497,-0.06482984125614166,-0.17321555316448212,-0.505307674407959,-0.4842357635498047
1774354967.1018655,-0.04650137829558837,-0.03136294651635777,-0.04629852119997091,-0.012259497498705363,-0.06073562428355217,-0.1514568328857422,-0.505307674407959,-0.4842357635498047
1774354967.3028953,-0.046194155300123614,-0.020288753429941592,-0.04689604566320976,-0.0002198047637380629,-0.05984102189540863,-0.14070357382297516,-0.505307674407959,-0.4842357635498047
1774354967.505316,-0.0462913982944661,-0.009833330446819446,-0.04804321484212559,0.011447409332261627,-0.05890442803502083,-0.1302335411310196,-0.505307674407959,-0.4842357635498047
1774354967.7044196,-0.046741507471728914,0.001061761647501086,-0.04984307606336036,0.023449447758911557,-0.05879605561494827,-0.11879156529903412,-0.505307674407959,-0.4842357635498047
1774354968.1056569,-0.0510392161972857,0.02453366122367572,-0.05511667933309944,0.047399794085036584,-0.06021330878138542,-0.09588128328323364,-0.35219377279281616,-0.5301816463470459
1774354968.3058777,-0.053597733071587626,0.035802315072096684,-0.05899398451678861,0.059891058929274044,-0.06181837618350983,-0.083713099360466,-0.3379168212413788,-0.5280773043632507
1774354968.7075655,-0.061554198493914795,0.05803525373346038,-0.06831835197396902,0.08267176508447327,-0.06670466810464859,-0.06119149178266525,-0.3133881390094757,-0.5220325589179993
1774354969.1090877,-0.07137727856853446,0.07828918335911085,-0.079048625076863,0.10320904587872248,-0.07580124586820602,-0.03926103934645653,-0.287039577960968,-0.5131849050521851
1774354969.5111334,-0.08261685351656602,0.0995469544314333,-0.09129424358664812,0.12478825616420908,-0.08484802395105362,-0.01891721412539482,-0.26246902346611023,-0.5036577582359314
1774354969.7094328,-0.08707192628272216,0.10938394028240266,-0.09709605562206486,0.1349904800717252,-0.08958929032087326,-0.008078109472990036,-0.2511500120162964,-0.49820050597190857
1774354969.9110682,-0.09210008085681114,0.11993777749277151,-0.10329256549923405,0.14582429598238567,-0.09382831305265427,0.002029374474659562,-0.2394612580537796,-0.4920264780521393
1774354970.3107092,-0.10245526913922033,0.1399714826054512,-0.11499242937955745,0.16612194048858542,-0.10341360419988632,0.02281467244029045,-0.21695487201213837,-0.4783647656440735
1774354970.7111876,-0.11347345817838497,0.16172065481333295,-0.1275236415369868,0.188040087179411,-0.11300691217184067,0.0441301167011261,-0.20781190693378448,-0.4687473773956299
1774354970.9132013,-0.11767757949208159,0.1718164877093093,-0.13335800118097896,0.19823869015310325,-0.1183992326259613,0.054290857166051865,-0.20781190693378448,-0.4687473773956299
1774354971.1139534,-0.12179837838028523,0.18188481737475315,-0.13905692899268796,0.20829097939377972,-0.12353423237800598,0.0655093714594841,-0.17615263164043427,-0.44740885496139526
1774354971.3160248,-0.12648011253894215,0.19275927729625925,-0.1451692608666013,0.2190799462689692,-0.1281551867723465,0.07604610919952393,-0.16555556654930115,-0.43795132637023926
1774354971.5515466,-0.1323649315664524,0.20560360542987796,-0.15244316233707644,0.23192897158358927,-0.133871391415596,0.08865397423505783,-0.155052050948143,-0.427090585231781
1774354971.7514796,-0.13689273101314886,0.2162309310888919,-0.15841688947706822,0.24247043599359808,-0.13887815177440643,0.09938134998083115,-0.14648674428462982,-0.4181237816810608
1774354971.9565072,-0.14192583564133823,0.227284349840086,-0.16468244398433507,0.2535115595046431,-0.14364942908287048,0.10946011543273926,-0.13711042702198029,-0.40833884477615356
1774354972.1518824,-0.14688494272282623,0.23804662300519797,-0.1706476496666972,0.2641712431777732,-0.1487594097852707,0.11951221525669098,-0.12909311056137085,-0.3987395167350769
1774354972.3515067,-0.15132156117214754,0.24808460304196658,-0.1759238942594903,0.2740047391871616,-0.15415391325950623,0.1299252063035965,-0.12157470732927322,-0.38738900423049927
1774354972.5532444,-0.1564086036677287,0.26030668176262833,-0.1819850403310307,0.28609569360252207,-0.15877947211265564,0.14082220196723938,-0.11440034210681915,-0.3771872818470001
1774354972.7511127,-0.16090646067079611,0.2716111792284139,-0.18720479916384847,0.29733567983729126,-0.16267673671245575,0.15122811496257782,-0.10680843144655228,-0.36642932891845703
1774354973.151403,-0.169239735184439,0.2939910905137039,-0.1960365718371524,0.31946235950987645,-0.17099164426326752,0.17372889816761017,-0.093683160841465,-0.3427225351333618
1774354973.3512185,-0.1725029778664909,0.305462112134771,-0.1997241201205775,0.33079756537677873,-0.17449361085891724,0.18390962481498718,-0.0881098285317421,-0.3319380581378937
1774354973.5519443,-0.17551687330952834,0.3179261966262974,-0.20295761844399696,0.343178114451701,-0.17754261195659637,0.19557687640190125,-0.08233627676963806,-0.3199937045574188
1774354973.7529998,-0.1774419787453022,0.3296356205280851,-0.20526715376326843,0.3548100669788885,-0.17987315356731415,0.20809155702590942,-0.07661040127277374,-0.30779263377189636
1774354973.9513,-0.17891294684410286,0.3422726414156712,-0.20703467286223687,0.3672075154234362,-0.18090760707855225,0.22004733979701996,-0.07246067374944687,-0.29482460021972656
1774354974.1509151,-0.17986751985908833,0.354606564100161,-0.2079126622078602,0.37956066847127,-0.18239857256412506,0.23106969892978668,-0.06819459795951843,-0.2824070155620575
1774354974.5511818,-0.17918396556472718,0.3782907529645153,-0.207070740895683,0.4033444487451079,-0.18224363029003143,0.2547781765460968,-0.061171989887952805,-0.2568846344947815
1774354974.7504294,-0.1775833520727045,0.39070402930378867,-0.20532363475469861,0.41590268938898767,-0.18087466061115265,0.2671595811843872,-0.05871747434139252,-0.24470527470111847
1774354974.951144,-0.17530752194422425,0.40235682249927696,-0.20293266756422623,0.42783582085045424,-0.17811840772628784,0.27858948707580566,-0.05613810569047928,-0.23186074197292328
1774354975.1513896,-0.1725238719520029,0.4134865437785155,-0.19992420801105404,0.439374184517503,-0.17525021731853485,0.28976887464523315,-0.054512277245521545,-0.21784760057926178
1774354975.5516496,-0.16443893850849617,0.4360184279314362,-0.19179504763972632,0.46257465060232716,-0.16747619211673737,0.31207069754600525,-0.05252986401319504,-0.192628413438797
1774354975.7513452,-0.15949354011125075,0.44702860517338006,-0.18687514099137825,0.4736656574848286,-0.16351281106472015,0.3219764828681946,-0.05208367109298706,-0.1794525682926178
1774354976.3509986,-0.14236447122837417,0.47919584445469743,-0.16837326219298698,0.5056465457430444,-0.14463725686073303,0.351688951253891,-0.05687280744314194,-0.14200952649116516
1774354976.7511263,-0.12894928480109247,0.49864363073031726,-0.15344187916460517,0.5247541160102265,-0.13028840720653534,0.3702590763568878,-0.0655592605471611,-0.11832259595394135
1774354976.9485624,-0.1214837891631804,0.5079889508061955,-0.14502807154087105,0.5339330553960351,-0.12261038273572922,0.378705233335495,-0.07089632749557495,-0.1061486229300499
1774354977.1511738,-0.11383038097220431,0.5170794123393091,-0.13604454768851526,0.5426366613366589,-0.1144593358039856,0.3866006135940552,-0.07741958647966385,-0.0952700525522232
1774354977.3519223,-0.10646233899043216,0.525384579238775,-0.12722296972112834,0.5502943070396629,-0.10474362969398499,0.39464476704597473,-0.08514408767223358,-0.08332383632659912
1774354977.5509646,-0.09745070878620143,0.5335717430075756,-0.11714653756972515,0.5581892978329841,-0.0957656279206276,0.4017432630062103,-0.09308751672506332,-0.07194293290376663
1774354977.7515156,-0.08844787806700578,0.5405161188897495,-0.10747005986950442,0.5649143333908078,-0.08547047525644302,0.4082510471343994,-0.10116679966449738,-0.06232672557234764
1774354977.9513958,-0.078541385290163,0.5474688068802932,-0.09666335374173873,0.5715280158564036,-0.07616356760263443,0.41357702016830444,-0.10896314680576324,-0.05155656114220619
1774354978.1513166,-0.06890173648852813,0.5534398029056329,-0.08616106577541205,0.5772014315637093,-0.06562402844429016,0.41840240359306335,-0.11682026088237762,-0.039986010640859604
1774354978.35136,-0.058946457313353275,0.5589914671060846,-0.07536415608166447,0.5823810640690577,-0.05538403242826462,0.4231919050216675,-0.12454365938901901,-0.02928021177649498
1774354978.5520403,-0.04800564172783051,0.5638489905126206,-0.06399037390194862,0.5870793108036925,-0.044803716242313385,0.42733415961265564,-0.13321322202682495,-0.01874019019305706
1774354978.7513638,-0.03672094429750626,0.5684465312856019,-0.05189425742484732,0.5912572349012108,-0.03312931954860687,0.4322229325771332,-0.13930320739746094,-0.007902652025222778
1774354978.9508758,-0.025636836072742388,0.5722654838549286,-0.03979906801335864,0.5946350486579668,-0.02089274674654007,0.4344935715198517,-0.1459946483373642,0.0037820320576429367
1774354979.1511722,-0.015160420190978385,0.5752477797879828,-0.028529919394824854,0.5971479100082469,-0.008816061541438103,0.4370303750038147,-0.15298514068126678,0.016248563304543495
1774354979.551443,0.008230561527059421,0.5789932104009577,-0.004255332741429418,0.6003945585814849,0.015127534978091717,0.43953850865364075,-0.16507333517074585,0.04059426486492157
1774354979.7524292,0.020261073847307333,0.5800735250131035,0.008532073697518128,0.601027394625999,0.02685960754752159,0.44006675481796265,-0.17019659280776978,0.0539703331887722
1774354979.9513652,0.031678289637899544,0.5805092360444107,0.02087664006460005,0.6008962079835756,0.03917376697063446,0.43932291865348816,-0.17273859679698944,0.05965939536690712
1774354980.149792,0.04270644875236407,0.5802149623034422,0.03256765602651551,0.6001561703861344,0.052241694182157516,0.438770055770874,-0.17273859679698944,0.05965939536690712
1774354980.350487,0.05446549112384271,0.579303663483775,0.045093810704470605,0.5986357469698971,0.06297218799591064,0.4373088479042053,-0.18278168141841888,0.09346610307693481
1774354980.5513926,0.06525417173150105,0.5778778960217572,0.0568568054104478,0.5965137305177868,0.07472895830869675,0.4351358413696289,-0.18514631688594818,0.10884307324886322
1774354980.7506335,0.07596917574816249,0.5757878476964675,0.06838568435790982,0.593750501128359,0.08663071691989899,0.43160203099250793,-0.18773604929447174,0.12417227029800415
1774354980.9510837,0.08697656347349576,0.5728867749316602,0.08030930652417195,0.5901570344852141,0.09793801605701447,0.4285125434398651,-0.18826892971992493,0.13917796313762665
1774354981.1520946,0.0980136766083026,0.5692799430763525,0.09214770798026878,0.5857437483572336,0.10824528336524963,0.4233455955982208,-0.18877559900283813,0.15617264807224274
1774354981.350464,0.10809667129843745,0.5652729893492641,0.10296378957819119,0.5809865256151436,0.11978577822446823,0.41817545890808105,-0.18759706616401672,0.17119891941547394
1774354981.55359,0.11813815312112545,0.5605957417760841,0.11376889273715418,0.5754629382118683,0.1305709183216095,0.41359221935272217,-0.18647825717926025,0.1874447464942932
1774354981.7568967,0.12781226225509562,0.5553437679533642,0.12417940121268178,0.5693370741421708,0.14096501469612122,0.4064160883426666,-0.1842491775751114,0.2019137293100357
1774354981.9513488,0.13759901037843555,0.5492394310667312,0.13461039258086016,0.5623805547687546,0.1501985341310501,0.3998648524284363,-0.18095096945762634,0.21837879717350006
1774354982.15313,0.14658951679544777,0.5428567465095623,0.1443030883649547,0.5551080550433529,0.1600508689880371,0.39144596457481384,-0.1778210997581482,0.2337190806865692
1774354982.3533115,0.15512664208561275,0.5360009591619164,0.1535472717001439,0.5473058128261346,0.16839991509914398,0.38428112864494324,-0.17289863526821136,0.24880735576152802
1774354982.5535367,0.16371357907148132,0.5283282787479024,0.16273181111097196,0.5386814907055664,0.17614048719406128,0.375710666179657,-0.16652241349220276,0.2644592225551605
1774354982.7529263,0.17123838192348875,0.5208427579838515,0.1708683922299442,0.5301756371232604,0.18450431525707245,0.3670113980770111,-0.16038662195205688,0.27830201387405396
1774354982.9543152,0.17875879780727305,0.5121092974992368,0.17901380409681833,0.5205066327821442,0.19268473982810974,0.3580152690410614,-0.15393535792827606,0.29150453209877014
1774354983.1532686,0.1847683978222947,0.5043044595526469,0.18564707572214056,0.5116942417985919,0.19761154055595398,0.34921973943710327,-0.15393535792827606,0.29150453209877014
1774354983.3534627,0.191254935024072,0.49521431899600177,0.1927442437384066,0.5014824789567223,0.2042379230260849,0.33934545516967773,-0.15393535792827606,0.29150453209877014
1774354983.5547998,0.1972328460133945,0.48547064724949096,0.1993593788423808,0.4905711106213593,0.2097967267036438,0.3293227553367615,-0.12836267054080963,0.3311885893344879
1774354983.7553403,0.20207940111447953,0.47649188609928406,0.20480968195520843,0.4803462464862096,0.21516406536102295,0.3187945783138275,-0.11827345937490463,0.3437788486480713
1774354983.9556875,0.20666689056504375,0.4666611226109602,0.20989506161070032,0.46930790839225645,0.2201112061738968,0.3067742586135864,-0.10774793475866318,0.3561876714229584
1774354984.1560838,0.2106334178536246,0.4564610808310046,0.21430906245588915,0.4579384538083424,0.22401466965675354,0.2960544228553772,-0.0973944291472435,0.36607709527015686
1774354984.356999,0.21370055334628443,0.4467646402799956,0.21786269084101795,0.44695530838191266,0.2275359034538269,0.2852078080177307,-0.08632250130176544,0.37757912278175354
1774354984.5574467,0.21625834534708085,0.43618494974141186,0.22106839188843677,0.43482237090804476,0.22959722578525543,0.2721053659915924,-0.07445865869522095,0.3885127902030945
1774354984.757034,0.2183492012147691,0.42530625305028846,0.2235501907804826,0.42263937741817825,0.2320377677679062,0.2610861659049988,-0.06216397508978844,0.3991234004497528
1774354984.958826,0.2196662323138329,0.4151645723837369,0.22520438931118442,0.4111555661844615,0.23334458470344543,0.24947889149188995,-0.04923071712255478,0.40801531076431274
1774354985.1593585,0.22048702818118504,0.40432857886065493,0.22631225542874242,0.39898277111741587,0.2337220162153244,0.23790264129638672,-0.036635249853134155,0.41734257340431213
1774354985.3599885,0.22053984951243116,0.39353352619769427,0.22671267176817045,0.3867977802738203,0.23353366553783417,0.22574736177921295,-0.023210760205984116,0.42566990852355957
1774354985.5608332,0.22007066896823693,0.3835104780612098,0.22647101305573683,0.37513633916960276,0.23299217224121094,0.21430353820323944,-0.01097484678030014,0.43353262543678284
1774354985.762993,0.21887935198483915,0.3721369401340265,0.22550127589271712,0.3623044852012849,0.2316640317440033,0.20171917974948883,0.0026523377746343613,0.4414108693599701
1774354985.9634795,0.21726189757229208,0.3616086332061114,0.2239838012950346,0.3503645626741294,0.22996924817562103,0.19061027467250824,0.017588678747415543,0.44916704297065735
1774354986.1626987,0.21508020884999704,0.3509110396007194,0.22175839209884252,0.33846524752276475,0.22768060863018036,0.178901806473732,0.03229844197630882,0.4560925364494324
1774354986.3638833,0.21201720136613533,0.340036947688865,0.21870140001515131,0.3260857412059721,0.22423520684242249,0.16653484106063843,0.04696527123451233,0.46223142743110657
1774354986.5631523,0.20835712278602586,0.3299316692030406,0.21504082680298864,0.31448177058309645,0.219507098197937,0.15538711845874786,0.06159256026148796,0.4688507318496704
1774354986.7627256,0.2040864770815336,0.32007463341218234,0.21075412833633878,0.303250185478682,0.21513089537620544,0.14475847780704498,0.07682022452354431,0.4738953709602356
1774354986.965269,0.19906141014159123,0.31029876398122913,0.2057315392687435,0.29190442465127564,0.21017324924468994,0.13370031118392944,0.08973342180252075,0.47804924845695496
1774354987.1659415,0.1936700629459442,0.30097029819115373,0.20022462390841256,0.28115582669648,0.2038082629442215,0.12311792373657227,0.1014617457985878,0.4815448224544525
1774354987.3662186,0.18768552371539957,0.29141741344789707,0.19402941319059205,0.27062462210577753,0.19793982803821564,0.11418841779232025,0.11298775672912598,0.4843693673610687
1774354987.5663958,0.18094970529492546,0.2823479975542146,0.18713222266493057,0.2602133632120571,0.19074344635009766,0.10408289730548859,0.12559285759925842,0.48719704151153564
1774354987.7684073,0.17393021673625417,0.27365452148344044,0.17994518702451728,0.2506090097346618,0.18361826241016388,0.0939224511384964,0.13833123445510864,0.4893356263637543
1774354987.9684362,0.16630004172004853,0.26555458974138096,0.17218261575642946,0.24144039652430327,0.17483729124069214,0.08593354374170303,0.14099454879760742,0.48959389328956604
1774354988.219178,0.15361290313012807,0.25308482407561894,0.1593670035937651,0.22819821763323178,0.16359448432922363,0.07474130392074585,0.16490554809570312,0.4903726279735565
1774354988.3712783,0.1491119258888959,0.249343086459288,0.15467674545973836,0.22388251905864265,0.15657730400562286,0.06872542202472687,0.17445248365402222,0.4898133873939514
1774354988.6172044,0.13510918211123846,0.23817172365733694,0.1405741860427433,0.21240292187441945,0.1445518136024475,0.06034090369939804,0.18130435049533844,0.48647409677505493
1774354988.7717254,0.1306142433031213,0.23517970465596214,0.13595073282215847,0.20907795846200106,0.13824453949928284,0.055576812475919724,0.19286026060581207,0.48284751176834106
1774354989.0188637,0.11473081458826155,0.22551432619642878,0.11981367065329712,0.19870070659817674,0.12481655180454254,0.0481865331530571,0.20400650799274445,0.4789740741252899
1774354989.219153,0.10429753697799397,0.22009608254559263,0.1091016663683736,0.1927621394620158,0.11416807025671005,0.042411141097545624,0.20400650799274445,0.4789740741252899
1774354989.421272,0.0939856261484155,0.21499468034126704,0.09871879710955189,0.18753842048232494,0.10334692895412445,0.03823806345462799,0.22979405522346497,0.4660346210002899
1774354989.616833,0.08256964227239309,0.20981414217435268,0.08718689373536398,0.1821556238341604,0.09107249230146408,0.0335262268781662,0.2421807497739792,0.4571516811847687
1774354989.8193326,0.07127621350667049,0.20464556276711018,0.07626043386087134,0.1772930026494819,0.07974077016115189,0.030081186443567276,0.25055286288261414,0.44904810190200806
1774354990.0191905,0.059977428994191104,0.1996896274264458,0.06493731985579937,0.17229073679173612,0.0691303163766861,0.02718871459364891,0.25847381353378296,0.43917137384414673
1774354990.218672,0.04906446017201408,0.19477533469614164,0.0540850389395538,0.16748199149436638,0.05805324390530586,0.02397059090435505,0.26636800169944763,0.4293222427368164
1774354990.4212012,0.03833784801607945,0.1901559313330296,0.04319185566795225,0.16267968468034044,0.04696432873606682,0.020263854414224625,0.2711600065231323,0.42055320739746094
1774354990.6181357,0.026598510354976235,0.18488795442295047,0.031527753045139495,0.15753943253631641,0.0362730510532856,0.01682141050696373,0.2770659625530243,0.40757426619529724
1774354990.817523,0.015808129676908873,0.18011011143556435,0.020734098910599297,0.15275676614128963,0.02517280913889408,0.013536016456782818,0.28098830580711365,0.39751535654067993
1774354991.0191863,0.00522536860715728,0.17535152295504317,0.010174968031701925,0.14805904942672043,0.014286138117313385,0.009787686169147491,0.2848398685455322,0.3869260251522064
1774354991.2191663,-0.006046752648147848,0.17019638108734042,-0.0010815637644668308,0.1429750755976702,0.003938955254852772,0.006979898549616337,0.2866149842739105,0.3749620318412781
1774354991.42078,-0.016805336214747064,0.16517275103358453,-0.011845265556260864,0.13793948103024345,-0.0082399882376194,0.003666787641122937,0.2875812351703644,0.36141282320022583
1774354991.6189432,-0.027694364473239943,0.15960131149854384,-0.022689152614423058,0.13258090023824742,-0.019148392602801323,-0.0006255055777728558,0.2870582342147827,0.34963521361351013
1774354991.8178363,-0.03885552373679757,0.1536718292353851,-0.033854086247673054,0.12663778661049596,-0.031139401718974113,-0.0042014773935079575,0.28606417775154114,0.3375590145587921
1774354992.0179813,-0.049236808440624405,0.14735107494664648,-0.04418533936647229,0.12061091587337303,-0.041784048080444336,-0.008019039407372475,0.2828959822654724,0.32507073879241943
1774354992.2185147,-0.059348700736441475,0.14096039835057364,-0.05429713544871717,0.11421156093598306,-0.05262116715312004,-0.01239422895014286,0.2797791361808777,0.31339114904403687
1774354992.421226,-0.06971679173640849,0.1340166174453187,-0.06468330382744181,0.10704228151002138,-0.06349332630634308,-0.0175817608833313,0.27522146701812744,0.3025646209716797
1774354992.6194866,-0.07960372041817952,0.12686420582110838,-0.07457417397545507,0.09960324643710528,-0.07303906232118607,-0.02217280864715576,0.2705722451210022,0.2939079701900482
1774354992.8190608,-0.08889636106298394,0.1200018360446721,-0.08382943554233097,0.09209009951383806,-0.08360026776790619,-0.028488993644714355,0.26269635558128357,0.27966272830963135
1774354993.0184796,-0.09787496604193362,0.11295835739967784,-0.09273042953161131,0.08433354206264343,-0.09390410780906677,-0.034747131168842316,0.2553618252277374,0.27031266689300537
1774354993.22067,-0.10733479346564277,0.10424174763881297,-0.10213610206582541,0.0754680636375562,-0.10233110934495926,-0.040406424552202225,0.2460671067237854,0.26147976517677307
1774354993.420963,-0.11546337779053634,0.09691436058846563,-0.11032533585426646,0.06719418931253696,-0.11170071363449097,-0.04769623279571533,0.23548609018325806,0.25358158349990845
1774354993.6186147,-0.12399365769152565,0.08818312148079625,-0.11896430135035885,0.057814011211199334,-0.12071014940738678,-0.054556120187044144,0.2256324291229248,0.24644894897937775
1774354993.8181932,-0.13172374547667628,0.07968996902047867,-0.1268168013150398,0.04858133763389905,-0.12982341647148132,-0.061639249324798584,0.21474334597587585,0.24030116200447083
1774354994.0181305,-0.13899724376896033,0.0710489750277964,-0.13413145483747224,0.03925146264211676,-0.13821032643318176,-0.06948494911193848,0.20311403274536133,0.2355300486087799
1774354994.2180285,-0.14617588872141948,0.06174482927354336,-0.14124910402141866,0.029491801692646202,-0.14697079360485077,-0.07802659273147583,0.19087758660316467,0.2317369282245636
1774354994.4184613,-0.15356485102937564,0.051546973600341585,-0.14849975423840656,0.018617702426514615,-0.15549564361572266,-0.08616913855075836,0.17862968146800995,0.22899386286735535
1774354994.6178215,-0.15973049548770252,0.04196080395832662,-0.15457468339803315,0.008409046602707582,-0.16201655566692352,-0.09357500821352005,0.16676639020442963,0.22747723758220673
1774354994.81833,-0.16556470851205904,0.03227601594087803,-0.16018234498950512,-0.0024720448290047603,-0.17034797370433807,-0.10201767086982727,0.15494969487190247,0.22677162289619446
1774354995.0183494,-0.17051864906173791,0.022211542272181917,-0.16486928669899759,-0.013647105411734417,-0.17702379822731018,-0.11208779364824295,0.14162512123584747,0.22669099271297455
1774354995.2181048,-0.1748547823053392,0.011383268566257824,-0.16887379944239367,-0.025707087501443238,-0.18357700109481812,-0.12098490446805954,0.12956221401691437,0.22902648150920868
1774354995.417289,-0.1780980058030041,0.0009956063779834748,-0.17168603731842058,-0.03702815939178472,-0.1884673684835434,-0.13175642490386963,0.11775827407836914,0.23155850172042847
1774354995.6186886,-0.18059205281811708,-0.0098678464503339,-0.17381289311592552,-0.049480164665037796,-0.1926926076412201,-0.141470268368721,0.10702608525753021,0.2354251742362976
1774354995.8186302,-0.18218831215342773,-0.020577290118247757,-0.17490092758349596,-0.061485368436093646,-0.19645802676677704,-0.15306061506271362,0.0953473299741745,0.24047045409679413
1774354996.018005,-0.18290179164787637,-0.03068455516698547,-0.1751064229664877,-0.07322645725959587,-0.1987120807170868,-0.16273456811904907,0.08412574231624603,0.2468418926000595
1774354996.2188606,-0.1827377235170381,-0.041624018625119635,-0.1743480594465764,-0.08567391039267513,-0.20166906714439392,-0.17437686026096344,0.0735754445195198,0.25393715500831604
1774354996.4183567,-0.1819359533231642,-0.051633577885341814,-0.17280977150137555,-0.097175687242126,-0.20250986516475677,-0.1862042099237442,0.06403294205665588,0.2601627707481384
1774354996.6188772,-0.18007192311847414,-0.06200951648632919,-0.17023165484535852,-0.10951260299515819,-0.20353826880455017,-0.19792966544628143,0.05506182834506035,0.2682316303253174
1774354996.8180695,-0.1775785384432698,-0.07212047821969927,-0.1668248733952411,-0.121168838752711,-0.20333437621593475,-0.20905229449272156,0.04610281437635422,0.2761392295360565
1774354997.4179618,-0.16353976677271606,-0.10326994282110785,-0.15161886271318492,-0.15405737817531584,-0.1971002072095871,-0.243094339966774,0.02263641729950905,0.3032386600971222
1774354997.6189022,-0.15814868174575014,-0.11205490853893685,-0.14489885197078856,-0.16434092941096,-0.19356870651245117,-0.2535381317138672,0.016254397109150887,0.31313830614089966
1774354997.8181112,-0.1521434567322931,-0.12036468623175708,-0.13756382647484566,-0.1740629309974906,-0.18850630521774292,-0.2647576332092285,0.009695474989712238,0.3235275447368622
1774354998.018798,-0.14515335738542956,-0.12796396937599291,-0.1293037818083259,-0.18342342968067438,-0.1842510849237442,-0.27363133430480957,0.00425102561712265,0.3345489799976349
1774354998.219079,-0.13824550466803015,-0.13440144727194167,-0.12106161898308399,-0.19136702008413065,-0.17868849635124207,-0.28307512402534485,-0.0006725722923874855,0.34526416659355164
