timestamp,kf_x,kf_y,ekf_raw_x,ekf_raw_y,gt_x,gt_y,gt_obs_x,gt_obs_y
1773924879.2990024,0.21804913312387647,0.03198933478033529,0.22414481859520907,0.03358430503071608,0.25167933106422424,-0.06120189279317856,-0.18282555043697357,0.006622757762670517
1773924879.5320702,0.21763380488196898,0.03187733891488695,0.22414481859520907,0.03358430503071608,0.25176018476486206,-0.06121458113193512,-0.18274520337581635,0.006662631407380104
1773924879.656567,0.21723845299400546,0.031771062035132344,0.22414481859520907,0.03358430503071608,0.25176748633384705,-0.061202023178339005,-0.18284782767295837,0.006638046354055405
1773924879.8464928,0.2168201476147331,0.0316626464138368,0.22414481859520907,0.03358430503071608,0.25167161226272583,-0.06121760606765747,-0.1828535795211792,0.006643757224082947
1773924880.142139,0.21637830959944818,0.03155150472804408,0.22414481859520907,0.03358430503071608,0.251756876707077,-0.061203181743621826,-0.18278411030769348,0.00667115394026041
1773924880.2699924,0.21601106100149295,0.03145490656963262,0.22414481859520907,0.03358430503071608,0.2516719400882721,-0.06120612472295761,-0.18280524015426636,0.006731810048222542
1773924880.495613,0.2156983140062757,0.031370180245687565,0.22414481859520907,0.03358430503071608,0.2517644464969635,-0.061206918209791183,-0.18273070454597473,0.006636731326580048
1773924880.657247,0.21538223508910695,0.03128542724214236,0.22414481859520907,0.03358430503071608,0.2516787648200989,-0.06120317801833153,-0.18284477293491364,0.006634389981627464
1773924880.8706486,0.21511192612066138,0.03121063499935729,0.22414481859520907,0.03358430503071608,0.2516796588897705,-0.061205025762319565,-0.18279004096984863,0.006720051169395447
1773924881.047289,0.2148218865408373,0.031132697097481017,0.22414481859520907,0.03358430503071608,0.251760870218277,-0.061194583773612976,-0.18284450471401215,0.006662383675575256
1773924881.248814,0.21460275581346322,0.03107085745344432,0.22414481859520907,0.03358430503071608,0.2516823709011078,-0.06119237840175629,-0.18284611403942108,0.006652264855802059
1773924881.4480977,0.21438954463827037,0.030999261874441738,0.22415606568944152,0.03357518568001594,0.25178438425064087,-0.06122101470828056,-0.18285134434700012,0.006647901609539986
1773924881.6497083,0.21415245462511345,0.03094280153599442,0.2241480775875232,0.03358166256616446,0.2516869604587555,-0.06120793893933296,-0.18287596106529236,0.006647162139415741
1773924881.8535557,0.21389009839797718,0.030873562818546127,0.2241480775875232,0.03358166256616446,0.2516607940196991,-0.06121613830327988,-0.18286149203777313,0.00664854422211647
1773924882.0508785,0.21366695313881945,0.030823120492255985,0.22413831194758266,0.033589580555619225,0.2517642676830292,-0.06120840087532997,-0.18285223841667175,0.006639493629336357
1773924882.251869,0.2135064388985117,0.030759589483740996,0.22415520063352146,0.03357588708271542,0.251777708530426,-0.061215922236442566,-0.18289248645305634,0.006660060957074165
1773924882.453145,0.21366048448352165,0.030815335108153197,0.2241410208415,0.03358738558918506,0.25167274475097656,-0.06120767816901207,-0.18286097049713135,0.006650395691394806
1773924882.6515353,0.21346212367091344,0.030760916018247278,0.224141020841496,0.03358738558918839,0.2517567276954651,-0.06120870262384415,-0.18286705017089844,0.006657592952251434
1773924882.8560781,0.21363606246358982,0.03080934862747305,0.22413909568161305,0.0335889464067356,0.2517613470554352,-0.061200883239507675,-0.18286041915416718,0.006646262481808662
1773924883.0558417,0.21337960495647956,0.030742966347309317,0.22413909027909984,0.0335889507876439,0.2517743408679962,-0.06121616065502167,-0.1828339397907257,0.006651805713772774
1773924883.2552164,0.21367042347090406,0.030832595335367086,0.22413909027909984,0.0335889507876439,0.2517717480659485,-0.061209581792354584,-0.18284326791763306,0.006651017814874649
1773924883.456623,0.213487639814364,0.030781536569148164,0.22413909027909984,0.0335889507876439,0.25166648626327515,-0.06119684875011444,-0.18285226821899414,0.00667332299053669
1773924883.6589363,0.21329314793391965,0.0307280634130495,0.22413909027909984,0.0335889507876439,0.2516629695892334,-0.06120939552783966,-0.18285337090492249,0.006650252267718315
1773924883.857509,0.21311115959100027,0.03067796653653154,0.22413909027909984,0.0335889507876439,0.2517540156841278,-0.061203740537166595,-0.18286862969398499,0.00663570873439312
1773924884.0582871,0.21296101222041167,0.030623612414211757,0.22415061332384,0.033579606948413776,0.2517724633216858,-0.061200857162475586,-0.18285095691680908,0.006658125668764114
1773924884.2603996,0.212799580089922,0.03058750280024877,0.22414215535264992,0.03358646520177633,0.2516716718673706,-0.061207547783851624,-0.18286430835723877,0.006659474223852158
1773924884.4589016,0.21261638422829113,0.030538161516107908,0.22414215535264992,0.03358646520177633,0.2517673671245575,-0.06118007004261017,-0.18284928798675537,0.006659543141722679
1773924884.661412,0.21243982634034467,0.03049048201571221,0.22414215535264992,0.03358646520177633,0.2516557276248932,-0.061182763427495956,-0.18283779919147491,0.006643436849117279
1773924884.8601475,0.21274895723449094,0.03058490758438108,0.22414215535264992,0.03358646520177633,0.2517627477645874,-0.061215683817863464,-0.18286249041557312,0.006635844707489014
1773924885.0605881,0.21252274351603842,0.030526429878054134,0.22414215535264992,0.03358646520177633,0.2517762780189514,-0.06119975820183754,-0.1828583925962448,0.006647857837378979
1773924885.2628632,0.21235053754633118,0.030479905328540217,0.22414215535265014,0.033586465201776106,0.2517627477645874,-0.06120362877845764,-0.18284128606319427,0.006626458838582039
1773924885.4629662,0.21217560246310094,0.030433064600322836,0.22414215535265014,0.033586465201776106,0.2516462206840515,-0.061202000826597214,-0.1828804314136505,0.0066431425511837006
1773924885.6633282,0.21201608829443377,0.030389970969002547,0.22414215535265014,0.033586465201776106,0.25175485014915466,-0.061196547001600266,-0.18285340070724487,0.0066488999873399734
1773924885.8630295,0.2118888025263998,0.03035445978469208,0.22414215535265014,0.033586465201776106,0.2517593502998352,-0.06119959056377411,-0.1828571856021881,0.006650768220424652
1773924886.0660682,0.2117615979098394,0.030319076707032093,0.22414215535265014,0.033586465201776106,0.251763254404068,-0.06120258942246437,-0.18286405503749847,0.0066556259989738464
1773924886.2650251,0.21191566061795178,0.030412807922160612,0.22409176848008083,0.03362738849626323,0.25130268931388855,-0.06097584217786789,-0.1828736662864685,0.006660711020231247
1773924886.4654222,0.21137988972187496,0.030709600227249476,0.22368642059628696,0.03396125560040697,0.2510513365268707,-0.060985762625932693,-0.18287336826324463,0.006647787988185883
1773924886.6670265,0.2111114719712966,0.03077196581087415,0.2235639890245082,0.034064946140017316,0.25060373544692993,-0.06122994422912598,-0.1828632354736328,0.006657777354121208
1773924886.8691833,0.2109823309946923,0.030737143286811625,0.22356190671869547,0.034066512244053104,0.25039708614349365,-0.061714015901088715,-0.18287794291973114,0.006661074236035347
1773924887.067066,0.21088961334514303,0.03072736762681827,0.22354721154133617,0.03408019900219239,0.2499062716960907,-0.06185295060276985,-0.18286888301372528,0.006656767800450325
1773924887.2676775,0.21085592524409874,0.030680002356038873,0.22357682794393918,0.0340521423130673,0.2489003688097,-0.06213776022195816,-0.18286170065402985,0.00664738193154335
1773924887.4688823,0.21072657264623196,0.030690189285392598,0.22354088524508603,0.03408957456356565,0.24842940270900726,-0.06261779367923737,-0.18286609649658203,0.0066530536860227585
1773924887.6687582,0.21048967294902168,0.030606351069661506,0.22354447439807934,0.03408603990110892,0.24764472246170044,-0.06277920305728912,-0.18285037577152252,0.006652284413576126
1773924887.86967,0.21032764077940855,0.0305384256131775,0.22355112698222035,0.03407821136628497,0.24687640368938446,-0.06317812949419022,-0.18284142017364502,0.006638653576374054
1773924888.072242,0.21018537076000898,0.030540927720349602,0.2235181371413517,0.034121717038344546,0.245760977268219,-0.06355004757642746,-0.18286283314228058,0.006636550650000572
1773924888.2724571,0.2098833981787893,0.03043770197563371,0.22350659184648042,0.0341370446393785,0.24508769810199738,-0.0638871043920517,-0.18287393450737,0.006657479330897331
1773924888.47338,0.20960645999854874,0.03023741639504609,0.22355539153394327,0.034062756107617,0.24421574175357819,-0.06399865448474884,-0.18286867439746857,0.006645873188972473
1773924888.6740866,0.20914339856657999,0.030145683472441683,0.2235213024646348,0.03412084949628236,0.24317486584186554,-0.06439421325922012,-0.1828542947769165,0.0066479649394750595
1773924888.873677,0.2088460706529831,0.02993007101040122,0.22355144179620412,0.03406350850491302,0.2423691302537918,-0.06478060781955719,-0.1828625202178955,0.006656257435679436
1773924889.0745926,0.20851785093208788,0.02969694657452128,0.22358538790732674,0.033993053165468856,0.24213720858097076,-0.06592123955488205,-0.18285848200321198,0.006643213331699371
1773924889.2779686,0.20816427701661094,0.0293924119829696,0.2236445174676931,0.03386049089555088,0.24158993363380432,-0.06581486016511917,-0.18285618722438812,0.006664305925369263
1773924889.4757,0.20762414249155683,0.029203104481992592,0.22362443601280652,0.03391272147467328,0.24058760702610016,-0.06565067917108536,-0.1828618347644806,0.006656335666775703
1773924889.675682,0.20692075057578893,0.02902300564509077,0.2235940321378419,0.03400101575182535,0.23933878540992737,-0.06571386754512787,-0.18285834789276123,0.006646590307354927
1773924889.8799138,0.20628382717842011,0.028702803449930512,0.22359760209410623,0.033988806257678306,0.23855699598789215,-0.06601274013519287,-0.1828593611717224,0.006641333922743797
1773924890.0782707,0.20567917390678375,0.028275652357465566,0.2236316563388716,0.03386097879756189,0.2376609891653061,-0.06625357270240784,-0.18285886943340302,0.006645869463682175
1773924890.278702,0.2049882496734147,0.027984567771892264,0.2236304627485522,0.03387173777779351,0.23663634061813354,-0.06644116342067719,-0.18285605311393738,0.006651060655713081
1773924890.4798868,0.2043830645268094,0.027785621811247472,0.22361562907957933,0.033948551938920435,0.23549962043762207,-0.06626494973897934,-0.18285638093948364,0.006654929369688034
1773924890.6794865,0.20372707940278423,0.027524406559950337,0.2236122583096234,0.03396821760529822,0.23488612473011017,-0.06603249162435532,-0.18286210298538208,0.00666089728474617
1773924890.880399,0.2030749168048753,0.027281527354069267,0.22360893307227203,0.03400113512280467,0.234781414270401,-0.06599920988082886,-0.18286362290382385,0.006661958992481232
1773924891.0805619,0.20242561523094013,0.02698777956393684,0.22361126648096252,0.03397806140654458,0.23474030196666718,-0.06598152220249176,-0.18286409974098206,0.006665380671620369
1773924891.281425,0.20178904242015328,0.026725013474651928,0.22361126648096297,0.033978061406539695,0.2347605675458908,-0.06598368287086487,-0.18286806344985962,0.006658053025603294
1773924891.4809606,0.201203642191273,0.026477347142559476,0.22361126648096297,0.033978061406539695,0.2347412109375,-0.06602099537849426,-0.18285468220710754,0.006641048938035965
1773924891.6818748,0.20063837636008244,0.026238338404134778,0.22361126648096297,0.033978061406539695,0.23475074768066406,-0.06598223745822906,-0.18285930156707764,0.006668815389275551
1773924891.8820047,0.2000783952545983,0.026004625105159555,0.22361126648096297,0.033978061406539695,0.23476973176002502,-0.06598582863807678,-0.18285849690437317,0.006649879738688469
1773924892.0838907,0.19959519766328504,0.025412287174952787,0.22364865669066003,0.03360248748143202,0.23482076823711395,-0.0660923421382904,-0.18286119401454926,0.006662329658865929
1773924892.2872093,0.19916195810395987,0.02371848036109322,0.22380047032253853,0.03211884614384353,0.23509499430656433,-0.0674550011754036,-0.18285562098026276,0.006643051281571388
1773924892.4848764,0.19898913922050318,0.019934728154451686,0.22418271895707453,0.028539117691057214,0.23567704856395721,-0.07183670997619629,-0.182855024933815,0.00665106438100338
1773924892.6884015,0.19899025182887256,0.01563611117674588,0.22462281782331772,0.02441139439637241,0.23617860674858093,-0.07584886997938156,-0.18286468088626862,0.006664242595434189
1773924892.888145,0.19892184223864529,0.011174781698460111,0.2250732295455189,0.020130121353103547,0.23679009079933167,-0.07941009849309921,-0.18286770582199097,0.006651237607002258
1773924893.0876124,0.19898975196153718,0.0068476884628572935,0.22551008853373067,0.015945423426289684,0.23739825189113617,-0.08318494260311127,-0.1828329861164093,0.0065442826598882675
1773924893.2889915,0.198881014923041,0.0026390607096347675,0.22592712840252577,0.011910847249543055,0.2376604676246643,-0.08722789585590363,-0.18272310495376587,0.005576910451054573
1773924893.489262,0.19893145909956916,-0.0016887224106107823,0.2263599151534087,0.007736095944684607,0.23797067999839783,-0.09087517857551575,-0.18236102163791656,0.0018198862671852112
1773924893.68925,0.1989838982886491,-0.006031078992983068,0.22678987789858263,0.003530698140796096,0.23837320506572723,-0.09531854093074799,-0.18183109164237976,-0.003073432482779026
1773924893.8909302,0.19913372740912477,-0.009976952071695723,0.22717480332225015,-0.0003096457320044266,0.23899632692337036,-0.09999564290046692,-0.18168896436691284,-0.00678443256765604
1773924894.0922012,0.19932674481091617,-0.014326186937093721,0.22759426519001164,-0.0045590871746432615,0.23953986167907715,-0.10292664915323257,-0.1813855767250061,-0.011521920561790466
1773924894.291682,0.19925923721516198,-0.018170554063769107,0.22796948660211913,-0.008279573290070896,0.24024797976016998,-0.10550402104854584,-0.18102650344371796,-0.01714514009654522
1773924894.4925506,0.19950619326345742,-0.022210173260643194,0.22840302982288663,-0.012256490682072574,0.24096447229385376,-0.11000960320234299,-0.18033303320407867,-0.023577358573675156
1773924894.6932702,0.1996705440498302,-0.02632603014069627,0.2288392518747614,-0.016298370371398807,0.24154651165008545,-0.11374753713607788,-0.17958445847034454,-0.031389568001031876
1773924894.8960245,0.1998582181249485,-0.030843062355115518,0.2293159702774405,-0.02071289887943295,0.24218083918094635,-0.11696406453847885,-0.17906594276428223,-0.03901458531618118
1773924895.0949569,0.20005047545067858,-0.03471145664050775,0.22972416944036833,-0.024521613537153764,0.24287216365337372,-0.12087246030569077,-0.17859013378620148,-0.046282604336738586
1773924895.29467,0.20045105726006818,-0.038746765096731785,0.23015835883921515,-0.0285467277721958,0.24334198236465454,-0.12488752603530884,-0.178313747048378,-0.053927481174468994
1773924895.495581,0.2007270171626445,-0.04269612578706798,0.2305810375909787,-0.03245456567081084,0.24380095303058624,-0.12958475947380066,-0.17717628180980682,-0.06202664226293564
1773924895.696101,0.20099005928124478,-0.046905355056620864,0.23103717564663567,-0.03659073070233809,0.24417905509471893,-0.13342322409152985,-0.1767110526561737,-0.06999144703149796
1773924895.896872,0.2012879618143316,-0.050931579755592676,0.23146745387787132,-0.04057697156584261,0.24501577019691467,-0.1376095861196518,-0.17639878392219543,-0.07872956246137619
1773924896.0968583,0.20183480303434997,-0.05498428149450406,0.2319045863863971,-0.044675791006055565,0.24570463597774506,-0.1413034051656723,-0.17600665986537933,-0.08594001084566116
1773924896.2976964,0.2025300086655878,-0.058980296163319526,0.23233950119099384,-0.048760835502366984,0.24618487060070038,-0.1451374590396881,-0.17538242042064667,-0.0938960388302803
1773924896.49917,0.20300864732233678,-0.06301273546880701,0.23277361558610432,-0.05280702055713382,0.24694348871707916,-0.148891419172287,-0.17472116649150848,-0.10048989951610565
1773924896.6985953,0.20357861279107275,-0.0671255585366745,0.23322309786119066,-0.056958439816843676,0.24763761460781097,-0.1525084674358368,-0.1743258535861969,-0.108505979180336
1773924896.8994699,0.2043236861445827,-0.07114674979000939,0.2336679990098745,-0.06109588179341774,0.24850130081176758,-0.15671950578689575,-0.17398318648338318,-0.11738194525241852
1773924897.1003644,0.20495139399926468,-0.07521524201981832,0.2341168159671868,-0.06523685667443346,0.249103844165802,-0.16076329350471497,-0.17365162074565887,-0.12459000945091248
1773924897.3070822,0.2057555638755202,-0.07891560663487224,0.23453831313731066,-0.06909030957819184,0.2495335340499878,-0.16462022066116333,-0.17281661927700043,-0.13199396431446075
1773924897.5050893,0.20635923605012668,-0.08294467894970929,0.2349890984772166,-0.07318841337559734,0.24993623793125153,-0.1682009994983673,-0.1720803827047348,-0.139914408326149
1773924897.7047362,0.20721685392848746,-0.08662124719526756,0.23541221832093162,-0.07706196225133843,0.2505165934562683,-0.17240479588508606,-0.1717730164527893,-0.14821194112300873
1773924897.9035428,0.20785206906322476,-0.09041218690445156,0.23583462903763308,-0.08096434150873222,0.25113391876220703,-0.17630405724048615,-0.171393021941185,-0.15618109703063965
1773924898.1062994,0.2084320623140284,-0.09440423518648744,0.2362755230447432,-0.08502883200668143,0.25177931785583496,-0.17979758977890015,-0.17062948644161224,-0.16251787543296814
1773924898.3050733,0.20909397194771348,-0.09843005572980837,0.23672942848428963,-0.08918997725074362,0.2526274025440216,-0.1837543100118637,-0.16966547071933746,-0.17064863443374634
1773924898.5062633,0.20987692767525185,-0.10202706714729196,0.2371503260635741,-0.09302986313857198,0.2531796097755432,-0.18741917610168457,-0.16928377747535706,-0.18060089647769928
1773924898.7082593,0.21070930764350815,-0.10565406942262764,0.23757249954469933,-0.09692626706326468,0.25355416536331177,-0.19080963730812073,-0.16902793943881989,-0.19070637226104736
1773924898.9075935,0.21163982787627,-0.10946394590873706,0.23800926273589007,-0.1011158783498427,0.2541748881340027,-0.19558101892471313,-0.16840329766273499,-0.19909654557704926
1773924899.107956,0.21238620444194223,-0.11393832277460252,0.23849865600125936,-0.10580109152257688,0.25487861037254333,-0.20136821269989014,-0.16721028089523315,-0.20904584228992462
1773924899.3096604,0.2133466852746165,-0.11987301220291792,0.23915834615127451,-0.1119373509774404,0.25599905848503113,-0.20807301998138428,-0.16678375005722046,-0.2194232940673828
1773924899.5098557,0.2143613363652569,-0.12655390054541404,0.23991290973913187,-0.11885582863768751,0.2570585608482361,-0.21541863679885864,-0.16615308821201324,-0.23043613135814667
1773924899.7099988,0.21555194409303324,-0.1341432335278846,0.2407716255054,-0.12666669705030453,0.2583407759666443,-0.22303053736686707,-0.16544058918952942,-0.23831555247306824
1773924899.911065,0.2168151747275049,-0.14215525625376954,0.24168986899340628,-0.13495482583341833,0.25933799147605896,-0.23029203712940216,-0.16485725343227386,-0.2488192319869995
1773924900.11153,0.2180258196347842,-0.15008948137539158,0.24260065644534728,-0.14313316835149315,0.2601207494735718,-0.23977605998516083,-0.16453824937343597,-0.2591429352760315
1773924900.3118863,0.2191617297117429,-0.157731192679545,0.24345840190567108,-0.15097817314782902,0.26141998171806335,-0.24727196991443634,-0.16404864192008972,-0.26901206374168396
1773924900.5118778,0.22049556025387512,-0.16524625419585073,0.24433174884761272,-0.15900720470110108,0.26250651478767395,-0.25455182790756226,-0.16314078867435455,-0.2785184681415558
1773924900.7130644,0.22175597337958497,-0.17300051241406678,0.24522967725961042,-0.16715188570223316,0.2640216648578644,-0.26309123635292053,-0.16286201775074005,-0.2887585759162903
1773924900.9132288,0.22292320806841576,-0.18063407508381304,0.24612218943200836,-0.17512260126905455,0.2645607590675354,-0.27081412076950073,-0.16235768795013428,-0.29921796917915344
1773924901.114021,0.2240855539368837,-0.18827393109187743,0.2470115451857956,-0.1829948117401492,0.26578423380851746,-0.27950796484947205,-0.16197878122329712,-0.3075285255908966
1773924901.3144953,0.2252511683902455,-0.19637684580915346,0.2479406478812869,-0.19132544936872242,0.2670104503631592,-0.28663045167922974,-0.16098152101039886,-0.31815510988235474
1773924901.5161283,0.22648738084476208,-0.20390661921275535,0.2488289771287307,-0.19932323665143858,0.26818224787712097,-0.2942090332508087,-0.16061651706695557,-0.3280978798866272
1773924901.7181277,0.22741310305631704,-0.2108149304465165,0.2496835218630914,-0.20721638149110788,0.2693618834018707,-0.30187076330184937,-0.16010692715644836,-0.33773282170295715
1773924901.9173129,0.22842245050276713,-0.2179353580142367,0.2505131329254974,-0.21504800303808125,0.2704302966594696,-0.3118705451488495,-0.15891379117965698,-0.34763333201408386
1773924902.117971,0.22956057554526632,-0.22697734076795664,0.2515154016902148,-0.22454870245550884,0.2719925045967102,-0.3209408223628998,-0.15837997198104858,-0.35757291316986084
1773924902.3193355,0.230944124051965,-0.23697386324765474,0.25262877807463946,-0.23497419672136854,0.2736421525478363,-0.33107680082321167,-0.15796609222888947,-0.3681291937828064
1773924902.5270846,0.23278653952903325,-0.24909294214559907,0.25399792872562743,-0.24772844705625752,0.27508434653282166,-0.34141427278518677,-0.15694096684455872,-0.3769257664680481
1773924902.7209659,0.2336552869756753,-0.25580360292212495,0.25476538614813216,-0.2549507404055482,0.27633121609687805,-0.35131633281707764,-0.1557682603597641,-0.38621532917022705
1773924902.9205213,0.23470413680416458,-0.2656899012989304,0.2558603670971311,-0.2653983182420787,0.2779516279697418,-0.3602660000324249,-0.15528571605682373,-0.3968534767627716
1773924903.1215222,0.23587226248407295,-0.2751632717402929,0.25692383437117605,-0.2755043147847527,0.27958953380584717,-0.3699653148651123,-0.1549069881439209,-0.4070093333721161
1773924903.3235362,0.23702100708335294,-0.2841348079219286,0.2579520643389914,-0.28523381150643257,0.28095337748527527,-0.38108134269714355,-0.15360724925994873,-0.41542869806289673
1773924903.520892,0.23809864068526362,-0.29386561057887683,0.2590666539193278,-0.29545594218298077,0.2823391556739807,-0.3904900848865509,-0.15269765257835388,-0.42529964447021484
1773924903.7260013,0.2394473777980006,-0.30671479095659143,0.26052896638867706,-0.30890941126986626,0.28392964601516724,-0.40018296241760254,-0.15191760659217834,-0.4367407262325287
1773924904.1249752,0.24116046718439768,-0.32331948585739834,0.26240005615349077,-0.3260306541484692,0.2867015302181244,-0.41950181126594543,-0.150295689702034,-0.4545539617538452
1773924904.324765,0.2427189920966178,-0.3358946067443713,0.26385975639837017,-0.33908533948405695,0.2884497344493866,-0.42995786666870117,-0.14927038550376892,-0.4645348787307739
1773924904.5264058,0.24384971587390325,-0.34491675148535594,0.2649215456994627,-0.3485445997469754,0.28947487473487854,-0.4384484887123108,-0.14854982495307922,-0.4754454791545868
1773924904.7264285,0.244697029695817,-0.3544173006778369,0.26597227172674237,-0.35853978118897767,0.29066601395606995,-0.4482213854789734,-0.14763817191123962,-0.485344260931015
1773924904.926768,0.24562776757239693,-0.364466308647723,0.26711538023838627,-0.3692803921456955,0.29186946153640747,-0.45890578627586365,-0.1467813104391098,-0.49515125155448914
1773924905.1275778,0.2465751942380505,-0.37498761568921496,0.2683123396436634,-0.3803735701308433,0.2931690514087677,-0.4681311249732971,-0.14627325534820557,-0.5050421953201294
1773924905.3294458,0.24737965266832582,-0.38564037596750833,0.26950236764751007,-0.39166484893265063,0.29471954703330994,-0.47740405797958374,-0.14554864168167114,-0.5155288577079773
1773924905.5295382,0.247931545548076,-0.39321128411560935,0.27033084903350113,-0.3996359968178833,0.29532817006111145,-0.48679253458976746,-0.14426150918006897,-0.525995135307312
1773924905.7302196,0.2486449331608749,-0.4022262373945408,0.27131307603476884,-0.4092133408903893,0.29697084426879883,-0.4972236156463623,-0.14341387152671814,-0.5360960960388184
1773924905.9305584,0.24940035842111286,-0.4122225136244204,0.272350385081388,-0.4197852727075877,0.29846709966659546,-0.5064891576766968,-0.14301830530166626,-0.5458235740661621
1773924906.1313882,0.25011717574032377,-0.4220699385194623,0.2733495208796395,-0.43022513096461545,0.30024954676628113,-0.5164434313774109,-0.14223730564117432,-0.5558224320411682
1773924906.3315725,0.250901021767739,-0.4331568306018203,0.2744779750358709,-0.4418615521930134,0.3011119067668915,-0.5261439085006714,-0.14091332256793976,-0.5651953220367432
1773924906.5320642,0.2515570985801507,-0.44209097980322165,0.27537169303057885,-0.4510468046546243,0.3025200664997101,-0.5351797938346863,-0.1403714120388031,-0.5758180618286133
1773924906.7342856,0.25220065380522017,-0.4511506890214914,0.2762968301425073,-0.46062787046363285,0.3040288984775543,-0.545007586479187,-0.14001819491386414,-0.5856231451034546
1773924906.934471,0.25304603252575136,-0.4631784046004236,0.27747687038835855,-0.47314885025047704,0.3051346242427826,-0.5547122955322266,-0.13910464942455292,-0.5943149328231812
1773924907.1346364,0.25358325986868957,-0.4712351991838808,0.2782647237899083,-0.4815428057763562,0.3064456582069397,-0.5657351016998291,-0.13789090514183044,-0.6038132905960083
1773924907.335732,0.25434975310358415,-0.4817610117446846,0.27931107287375495,-0.49239243300974467,0.3081651031970978,-0.5733548998832703,-0.13756220042705536,-0.6144238114356995
1773924907.5351703,0.25531278216834385,-0.49314723561761264,0.28056245373670013,-0.5041207705848396,0.30993351340293884,-0.5831457376480103,-0.13717275857925415,-0.6241745948791504
1773924907.7367241,0.2559212346851616,-0.5006154010951647,0.2813906975671342,-0.5118295349753392,0.311432421207428,-0.5929428935050964,-0.13598255813121796,-0.6327672600746155
1773924907.9386778,0.25689107179726217,-0.5116054924048365,0.28260654719858985,-0.5230620577110217,0.3130459785461426,-0.6038631200790405,-0.13522711396217346,-0.6431120038032532
1773924908.1381376,0.25771351510745455,-0.5210607529022688,0.28363452616521234,-0.5326804955911539,0.31496328115463257,-0.6120957136154175,-0.1348067820072174,-0.654303789138794
1773924908.3410752,0.25863265874534774,-0.5302596992740268,0.2846980368985562,-0.5420048636865257,0.3166852295398712,-0.621491014957428,-0.13422738015651703,-0.6629703044891357
1773924908.5389445,0.25996911116267246,-0.5428640439761926,0.2861710321943187,-0.5547018095729246,0.31839415431022644,-0.6321499943733215,-0.13316482305526733,-0.6724690794944763
1773924908.7415388,0.26083755375144296,-0.5507468914464109,0.28712971988685904,-0.5626557878087293,0.3202669620513916,-0.6425809264183044,-0.1324751079082489,-0.6824315786361694
1773924908.9421391,0.26201616720140425,-0.5607079941114415,0.28832546671220427,-0.5726290574316092,0.3220793604850769,-0.6524500250816345,-0.13197104632854462,-0.6930301785469055
1773924909.1418738,0.2635032843041203,-0.5737636734825254,0.2898772540868566,-0.5857298064911806,0.3237781822681427,-0.6618841886520386,-0.13144947588443756,-0.701015055179596
1773924909.3430862,0.2644874968496269,-0.5814093869164729,0.2907783490374949,-0.5933184724129483,0.32513558864593506,-0.6716198325157166,-0.13060714304447174,-0.7114166617393494
1773924909.5452263,0.2662250891942596,-0.5944297564641011,0.2923259521573954,-0.6062855126391004,0.32700851559638977,-0.6821221113204956,-0.12994638085365295,-0.7211316823959351
1773924909.743701,0.2672773760528565,-0.6019530543564454,0.29319834177711657,-0.6137442162689876,0.32815787196159363,-0.6900658011436462,-0.1294230818748474,-0.7313219904899597
1773924909.9440618,0.26858532304959143,-0.6128738341533929,0.2944151555731448,-0.6246290264560873,0.3295268416404724,-0.6995408535003662,-0.1285731941461563,-0.7409374117851257
1773924910.148937,0.2699903167331347,-0.6247543002381851,0.2957311844020155,-0.636478337405319,0.3309968113899231,-0.7105112671852112,-0.12801435589790344,-0.7510535717010498
1773924910.3460982,0.2710898537356728,-0.6324759765073682,0.29657164402935776,-0.6441185144402019,0.3326369822025299,-0.7195883989334106,-0.12756432592868805,-0.7609261870384216
1773924910.5456798,0.2724634764567072,-0.6436446409702836,0.2977699699363739,-0.6552320628475901,0.33453989028930664,-0.7290533781051636,-0.1268724799156189,-0.7704369425773621
1773924910.749276,0.2739888420682071,-0.6553252958948557,0.29900792899904693,-0.6668395289381784,0.3353050649166107,-0.7384452223777771,-0.12556977570056915,-0.7806710004806519
1773924910.9475622,0.27513269555909414,-0.6627543836185328,0.29977998796375316,-0.674164087544361,0.33712098002433777,-0.7485194206237793,-0.1252918839454651,-0.7908930778503418
1773924911.151829,0.27657001179656426,-0.6738874196168758,0.30092345823388433,-0.6852104352395431,0.33897146582603455,-0.7587698101997375,-0.12500223517417908,-0.8015099167823792
1773924911.3490453,0.27790727241587476,-0.6838967887818703,0.30196281181403833,-0.6951290299763933,0.34053945541381836,-0.7677711844444275,-0.12421689182519913,-0.8095277547836304
1773924911.5525935,0.2793976028022296,-0.6939091738496443,0.3030235086027965,-0.705026750149094,0.34185731410980225,-0.7782966494560242,-0.12314551323652267,-0.8202918171882629
1773924911.7539423,0.2813607916299243,-0.7069880135097,0.30445235158990147,-0.7180197795913965,0.34366926550865173,-0.7870863676071167,-0.12268534302711487,-0.8307526707649231
1773924911.9587119,0.28257687674378457,-0.714773972690585,0.3053284792713068,-0.7257230060765963,0.3454694449901581,-0.7970123291015625,-0.12245218455791473,-0.8401602506637573
1773924912.155176,0.2842825196875915,-0.7246190520312366,0.30642407668127786,-0.7354554093840509,0.3470507860183716,-0.8066368103027344,-0.12124667316675186,-0.8497692942619324
1773924912.3554435,0.2863229870930759,-0.7376234949339451,0.3078934640489429,-0.7483727160815196,0.3485416769981384,-0.8172614574432373,-0.12070810794830322,-0.8600265383720398
1773924912.5555742,0.287677832812878,-0.7450171328451887,0.3087424811824056,-0.7556648676187021,0.35060349106788635,-0.8263733983039856,-0.12016543745994568,-0.8712853193283081
1773924912.757074,0.28955392903294064,-0.7563848670359128,0.31009372670133617,-0.766942988835905,0.35223257541656494,-0.8359281420707703,-0.11952406913042068,-0.8798602223396301
1773924912.9566605,0.29129496976563607,-0.7656078701340836,0.31119057156794816,-0.7760563807325089,0.3540206253528595,-0.8465719819068909,-0.11886411905288696,-0.8897258639335632
1773924913.158261,0.2932936405359747,-0.77624792322245,0.3124753027433008,-0.7866125328587388,0.35573485493659973,-0.8569614291191101,-0.1183345764875412,-0.8997564911842346
1773924913.3554778,0.2952951282794674,-0.7874830992688404,0.31381132894632563,-0.7977698959307571,0.3573704659938812,-0.8666853308677673,-0.11794712394475937,-0.9105013608932495
1773924913.5565124,0.2969666250505525,-0.7973817657362762,0.3149752184629175,-0.807585940839893,0.35910966992378235,-0.8755609393119812,-0.11680027097463608,-0.9190141558647156
1773924913.7571087,0.29909508000281426,-0.8070186398322536,0.3161143176277833,-0.8171789292003662,0.36054572463035583,-0.885104775428772,-0.11642652004957199,-0.9287545680999756
1773924913.9583764,0.30118133236916383,-0.819478746508699,0.31761116696720215,-0.8295715226270547,0.3623683750629425,-0.8955889940261841,-0.11570244282484055,-0.939426064491272
1773924914.1594484,0.3027779024136966,-0.8272961456172043,0.318532266562156,-0.8373112870393331,0.36364462971687317,-0.9036357402801514,-0.11552686989307404,-0.9482691884040833
1773924914.3589046,0.30461197683178914,-0.8371393881816027,0.31959799153528223,-0.8470241340918025,0.3651205897331238,-0.9131052494049072,-0.11428345739841461,-0.9577367305755615
1773924914.5601652,0.3068437055186477,-0.850358355486483,0.3210218451085942,-0.8601625404895832,0.3663923740386963,-0.9233042597770691,-0.1135428249835968,-0.9680997133255005
1773924914.7619116,0.30845305985700666,-0.8583999053679596,0.32187019069897743,-0.8681053095144543,0.36795908212661743,-0.932732343673706,-0.11304362118244171,-0.9775413870811462
1773924914.961347,0.3101753609988974,-0.8683305499911526,0.32290368764730043,-0.8779748197232948,0.36977869272232056,-0.9420906901359558,-0.11201940476894379,-0.9872310757637024
1773924915.1634414,0.3123277546911879,-0.8789507264579556,0.3240137412487237,-0.8886173595318717,0.37091296911239624,-0.9527647495269775,-0.11107098311185837,-0.998081386089325
1773924915.3634114,0.3141552947765994,-0.8887491977253311,0.32503265458781927,-0.8983558721167823,0.3729002773761749,-0.9635117650032043,-0.11041280627250671,-1.0078061819076538
1773924915.5632663,0.31601911342255984,-0.898868591196856,0.3260815008759081,-0.9084318220119288,0.3746029734611511,-0.9723784923553467,-0.10990139842033386,-1.017074465751648
1773924915.7630546,0.3182211206035978,-0.9117671381381721,0.3274497113845047,-0.9213261102010792,0.376319020986557,-0.9817512631416321,-0.10869096219539642,-1.0270758867263794
1773924915.9640095,0.3199390037741711,-0.9197080449342935,0.32828966162869955,-0.9292382061256146,0.3776194155216217,-0.9915370941162109,-0.10797709226608276,-1.0377203226089478
1773924916.1651034,0.3220707454117529,-0.9300418510736608,0.32937895409030477,-0.9394904713154753,0.37941375374794006,-1.0008748769760132,-0.10737688839435577,-1.0475623607635498
1773924916.3650424,0.32442621087185036,-0.9402745306506836,0.330491098777057,-0.9498013570916864,0.38140541315078735,-1.0106549263000488,-0.1066751554608345,-1.0572175979614258
1773924916.5654821,0.32662160310265526,-0.949071405960169,0.33146082329664744,-0.95855873283615,0.38177233934402466,-1.012731909751892,-0.10597027838230133,-1.0661174058914185
1773924916.7661092,0.3277389485208139,-0.9507994636459077,0.33164864288767,-0.9602193192971042,0.38180097937583923,-1.01280677318573,-0.10535941272974014,-1.0769712924957275
1773924916.9663837,0.3288520413513684,-0.9508597555803954,0.33165101654213963,-0.9602403571288551,0.3817945420742035,-1.0128369331359863,-0.10493610054254532,-1.087410569190979
1773924917.1678743,0.32988171817179274,-0.9508960965081935,0.3316522734940272,-0.9602515029442465,0.3817940652370453,-1.012837290763855,-0.10412613302469254,-1.0954231023788452
1773924917.3682187,0.3308106867274449,-0.9509268689997445,0.3316522734940272,-0.9602515029442465,0.3818003237247467,-1.0128400325775146,-0.10402970016002655,-1.0962958335876465
1773924917.5696664,0.3316876219232903,-0.9509599195724591,0.3316522734940272,-0.9602515029442465,0.3817902207374573,-1.0128424167633057,-0.10401729494333267,-1.0963497161865234
1773924917.7702968,0.33251363804961087,-0.9509932375991388,0.3316522734940272,-0.9602515029442465,0.38179218769073486,-1.0128422975540161,-0.10402485728263855,-1.096342921257019
1773924917.9730482,0.33335326965085155,-0.9510231044781026,0.3316522734940272,-0.9602515029442465,0.3817981779575348,-1.0128397941589355,-0.1040099710226059,-1.0963319540023804
1773924918.171377,0.33417693085573985,-0.9510507503881206,0.3316522734940272,-0.9602515029442465,0.38179975748062134,-1.0128346681594849,-0.104013592004776,-1.0963374376296997
1773924918.3716154,0.33500009515030477,-0.9510760975585194,0.3316522734940272,-0.9602515029442465,0.3818013668060303,-1.012831449508667,-0.10400328785181046,-1.0963468551635742
1773924918.5736837,0.335769780341926,-0.9511019148551323,0.3316522734940272,-0.9602515029442465,0.3712155520915985,-1.0361347198486328,-0.10402020812034607,-1.0963554382324219
1773924918.7768898,0.3364548650716266,-0.9511301648992508,0.3316522734940272,-0.9602515029442465,0.38179880380630493,-1.0128310918807983,-0.10400702059268951,-1.0963586568832397
1773924918.9773757,0.33713936276337264,-0.9511561107909743,0.3316522734940272,-0.9602515029442465,0.3817826807498932,-1.012847900390625,-0.10402385890483856,-1.0963656902313232
1773924919.1739018,0.33779486849300927,-0.9511814237629446,0.3316522734940272,-0.9602515029442465,0.37119409441947937,-1.0361369848251343,-0.10401177406311035,-1.0963679552078247
1773924919.3756888,0.33841286749761634,-0.9512063960047975,0.3316522734940272,-0.9602515029442465,0.3711589574813843,-1.0361565351486206,-0.10400478541851044,-1.096351146697998
1773924919.5762773,0.33911346113660984,-0.9512243551534868,0.3316522734940272,-0.9602515029442465,0.381809264421463,-1.0128310918807983,-0.10400329530239105,-1.0963547229766846
1773924919.776417,0.33968991418549754,-0.9512474365868028,0.3316522734940272,-0.9602515029442465,0.38180655241012573,-1.0128371715545654,-0.10400819033384323,-1.0963643789291382
1773924919.9781363,0.34033189154156795,-0.9512659390500754,0.3316522734940272,-0.9602515029442465,0.3818053603172302,-1.0128304958343506,-0.10401451587677002,-1.096351146697998
1773924920.1784315,0.34098859731061326,-0.951280561802391,0.3316522734940272,-0.9602515029442465,0.3818139433860779,-1.012831449508667,-0.10400893539190292,-1.0963612794876099
1773924920.3795893,0.3415754741690029,-0.9512980620436762,0.3316522734940272,-0.9602515029442465,0.3817998170852661,-1.0128363370895386,-0.10402019321918488,-1.096368670463562
1773924920.579559,0.34209472101633204,-0.9513173244300175,0.3316522734940272,-0.9602515029442465,0.37117674946784973,-1.0361301898956299,-0.1040048599243164,-1.096343755722046
1773924920.779897,0.3427321824115477,-0.9513272467152238,0.3316522734940272,-0.9602515029442465,0.38180434703826904,-1.0128358602523804,-0.10400979220867157,-1.096354603767395
1773924920.9805481,0.34325354398941704,-0.9513431655574731,0.3316522734940272,-0.9602515029442465,0.38177382946014404,-1.0128196477890015,-0.10401785373687744,-1.0963482856750488
1773924921.181857,0.34388448510950204,-0.9513511021438169,0.3316522734940272,-0.9602515029442465,0.3817899227142334,-1.0128318071365356,-0.10402341187000275,-1.0963630676269531
1773924921.3816807,0.34439546013664796,-0.9513659791689553,0.3316522734940272,-0.9602515029442465,0.38179776072502136,-1.0128406286239624,-0.10400368273258209,-1.0963603258132935
1773924921.582053,0.3448218204603795,-0.9513819361716502,0.3316522734940272,-0.9602515029442465,0.38179659843444824,-1.0128438472747803,-0.1040089949965477,-1.0963598489761353
1773924921.782642,0.3453701024954383,-0.951391078630083,0.3316522734940272,-0.9602515029442465,0.3818058371543884,-1.0128350257873535,-0.10400255769491196,-1.0963695049285889
1773924921.9844997,0.3458240881768692,-0.9514038168087262,0.3316522734940272,-0.9602515029442465,0.381786584854126,-1.0128270387649536,-0.10403010249137878,-1.0963691473007202
1773924922.1889632,0.34630500499501254,-0.9514144033502637,0.3316522734940272,-0.9602515029442465,0.381785124540329,-1.0128321647644043,-0.10401757061481476,-1.096358299255371
1773924922.3852324,0.34666983394293915,-0.9514276060239856,0.3316522734940272,-0.9602515029442465,0.3817828893661499,-1.0128437280654907,-0.10401449352502823,-1.0963656902313232
1773924922.5858169,0.3471252150085032,-0.9514362008510372,0.3316522734940272,-0.9602515029442465,0.3817842900753021,-1.0128419399261475,-0.10401316732168198,-1.096360683441162
1773924922.788563,0.34755008268295495,-0.9514443299969396,0.3316522734940272,-0.9602515029442465,0.3817894756793976,-1.0128289461135864,-0.1040131002664566,-1.096354365348816
1773924922.988563,0.34800450924965803,-0.9514520646058381,0.3316522734940272,-0.9602515029442465,0.3817891478538513,-1.012833595275879,-0.10401926189661026,-1.09636390209198
1773924923.1890552,0.34847995889669126,-0.9514562707497066,0.3316522734940272,-0.9602515029442465,0.38178205490112305,-1.0127596855163574,-0.10401399433612823,-1.0963600873947144
1773924923.389295,0.34895815408361625,-0.9511344017211665,0.3316154763348511,-0.9599225031032851,0.38155674934387207,-1.0116386413574219,-0.1040167510509491,-1.0963553190231323
1773924923.590313,0.34899180085435516,-0.9497009118784835,0.33145794061012523,-0.9584896259213219,0.38097283244132996,-1.0084178447723389,-0.10401521623134613,-1.0963685512542725
1773924923.7909043,0.3493874989975588,-0.9454379743611812,0.331000275602756,-0.9543030719679677,0.3800405263900757,-1.0039149522781372,-0.10402408987283707,-1.0963621139526367
1773924923.990796,0.3490011649008062,-0.9410855147281665,0.3305296667388389,-0.9499494534177741,0.37898489832878113,-0.9986411333084106,-0.10401526838541031,-1.0963557958602905
1773924924.1918597,0.34846947121094446,-0.9324309611522132,0.3295432692644454,-0.941275179761121,0.37839236855506897,-0.9925453662872314,-0.10400473326444626,-1.096359133720398
1773924924.3920903,0.3482448403656766,-0.9266631288120917,0.3287694020199844,-0.9355254779954727,0.37777793407440186,-0.9860771894454956,-0.10401186347007751,-1.0963565111160278
1773924924.5934327,0.3480317024863002,-0.9204420457705407,0.3277807054585279,-0.9293893766590698,0.3769984841346741,-0.9806086421012878,-0.10401007533073425,-1.0963469743728638
1773924924.7933002,0.3470551921958962,-0.9143945324521868,0.3265737252900308,-0.9233158773698087,0.3766084909439087,-0.975325882434845,-0.10400660336017609,-1.0963420867919922
1773924924.9937267,0.34613271211108493,-0.9084600576702107,0.32515819470628254,-0.9173850154666039,0.3760705590248108,-0.9701658487319946,-0.10400132834911346,-1.0963478088378906
1773924925.1955907,0.34447384357994104,-0.9023997149909259,0.32346371279873953,-0.9113191575674446,0.37556859850883484,-0.9645488262176514,-0.10400184988975525,-1.096337080001831
1773924925.395096,0.34309207507988193,-0.8968754923777386,0.3216860997744615,-0.9057581474106694,0.37430575489997864,-0.9582770466804504,-0.10401755571365356,-1.0963534116744995
1773924925.597864,0.3413820251355916,-0.8910666572048825,0.31956541901676727,-0.8999388477009298,0.37231796979904175,-0.9525630474090576,-0.10401049256324768,-1.0963581800460815
1773924925.7975934,0.33937899282983636,-0.885099898355842,0.3171169858288505,-0.8939892642947822,0.37066924571990967,-0.9470161199569702,-0.10402440279722214,-1.0963581800460815
1773924925.9969697,0.3377788341343607,-0.879700163701214,0.3146998263901882,-0.8887126654339539,0.3691474199295044,-0.9410674571990967,-0.10402211546897888,-1.0963610410690308
1773924926.1978776,0.33454672796078744,-0.8727607296085077,0.3111679383674713,-0.8817712987718391,0.3652169704437256,-0.9336050748825073,-0.10401155799627304,-1.0963612794876099
1773924926.403169,0.3302229154510394,-0.8645046665666616,0.30659773239127797,-0.8735065192458816,0.36035728454589844,-0.9246321320533752,-0.10401640832424164,-1.0963653326034546
1773924926.5999396,0.3260438037111083,-0.8560221067494016,0.3016580597064601,-0.8651378396100413,0.3553324043750763,-0.916452944278717,-0.10401567071676254,-1.0963599681854248
1773924926.800824,0.32066299184871583,-0.8462045822576583,0.2955766419436378,-0.8553861004757306,0.35021454095840454,-0.9078540802001953,-0.10400906950235367,-1.0963495969772339
1773924927.000971,0.31579001584730176,-0.8380870018863223,0.2902988802563741,-0.8472706645284945,0.3452577292919159,-0.9010913372039795,-0.10401032119989395,-1.0963674783706665
1773924927.2021644,0.3105035626323613,-0.8295287241156999,0.28457799496583536,-0.8387068672062075,0.33873873949050903,-0.8938610553741455,-0.10401575267314911,-1.0963419675827026
1773924927.4022398,0.3051335053879963,-0.8208563626798383,0.27873224495464,-0.8300178591707299,0.333625853061676,-0.8867934942245483,-0.10401899367570877,-1.0963518619537354
1773924927.6025226,0.2998372857127419,-0.8128198979994319,0.2731274686854966,-0.8219436295969,0.32785430550575256,-0.8782609105110168,-0.10403108596801758,-1.0963687896728516
1773924927.8040168,0.29415765369521785,-0.8046639683384488,0.2671819661167032,-0.8137378932158295,0.32224076986312866,-0.8704983592033386,-0.10400929301977158,-1.0963504314422607
1773924928.0054255,0.2881564621443103,-0.7963648097560987,0.2609032367290691,-0.805403635329656,0.31645387411117554,-0.8635281324386597,-0.10402081906795502,-1.0963718891143799
1773924928.2050164,0.28256037156925684,-0.7888420779191586,0.2550900158534821,-0.7978403242867196,0.3101918399333954,-0.8556191921234131,-0.1040266901254654,-1.0963702201843262
1773924928.406597,0.2761925760793629,-0.7799847997645727,0.2480348058589561,-0.7890290925983942,0.303470641374588,-0.8479836583137512,-0.10400572419166565,-1.0963501930236816
1773924928.6070013,0.2704636877643727,-0.772802029776286,0.24202173371575186,-0.7818162642370295,0.29755979776382446,-0.8411054015159607,-0.10401507467031479,-1.0963642597198486
1773924928.8070464,0.2632633475916884,-0.7640960651822557,0.23444153969540577,-0.773059032184414,0.2902144491672516,-0.8331354260444641,-0.10402312874794006,-1.0963562726974487
1773924929.0106788,0.25596980978132833,-0.7558317956393185,0.2269643054201333,-0.764724692697905,0.2819918096065521,-0.8247680068016052,-0.10399767756462097,-1.0963586568832397
1773924929.2100644,0.24790218606204065,-0.7466223503195628,0.21834827812720004,-0.7555131792094685,0.27363964915275574,-0.8163284063339233,-0.10401873290538788,-1.0963448286056519
1773924929.4096482,0.23940842748276514,-0.7376826813113478,0.20956599125810593,-0.7464941036789304,0.2655777335166931,-0.8076533079147339,-0.10402227193117142,-1.096349835395813
1773924929.6108027,0.23149156214897096,-0.7294316924105094,0.20125176461048494,-0.7382310641273431,0.25740087032318115,-0.8009534478187561,-0.10401846468448639,-1.0963623523712158
1773924929.81053,0.22327009542643142,-0.7211469810248821,0.19259176121994043,-0.7299031705134211,0.24872735142707825,-0.7932348251342773,-0.1040298268198967,-1.096358299255371
1773924930.012338,0.2146218149520582,-0.712991956422196,0.1836564101087288,-0.7216415929848281,0.2388153374195099,-0.7845643162727356,-0.10401499271392822,-1.0963478088378906
1773924930.2124305,0.20621599076972671,-0.7052167581604615,0.17488599264100357,-0.7138307705733304,0.2296537309885025,-0.7767707705497742,-0.10400144755840302,-1.0963560342788696
1773924930.4120169,0.19665195158594415,-0.6968692440820069,0.16506127697801326,-0.7053773916622885,0.22166351974010468,-0.770575225353241,-0.10400313138961792,-1.0963385105133057
1773924930.6140506,0.18820534834476269,-0.6897540520674672,0.15630221388616805,-0.698107555194988,0.21322260797023773,-0.7635042667388916,-0.10401031374931335,-1.09635591506958
1773924930.813615,0.17901693709523572,-0.6824198652342495,0.14676194561522227,-0.6907052199837475,0.2031087428331375,-0.7555376887321472,-0.10400746017694473,-1.0963547229766846
1773924931.0141582,0.16921837832108416,-0.6753029407944934,0.1366490151381775,-0.6834366115723798,0.1938495635986328,-0.7491729855537415,-0.10401448607444763,-1.0963671207427979
1773924931.214741,0.15989065585468915,-0.6689768542551381,0.1270295947949347,-0.6770490100639865,0.18422603607177734,-0.7428558468818665,-0.1040063127875328,-1.096352458000183
1773924931.415828,0.14976350756935283,-0.6626896361758633,0.11655758427368956,-0.6706418735157155,0.17370949685573578,-0.7367531657218933,-0.10399980843067169,-1.096355676651001
1773924931.617829,0.1395698047198264,-0.6567083047356523,0.10607140105414303,-0.6646143025427323,0.1641351878643036,-0.7321147918701172,-0.10400484502315521,-1.0963530540466309
1773924931.8193803,0.12988487093441928,-0.6511500849839127,0.09602307832622581,-0.6589740044751538,0.1536165475845337,-0.7265286445617676,-0.10400808602571487,-1.0963654518127441
1773924932.0197988,0.11883112954281097,-0.6452065988109292,0.084555750560382,-0.6528401953601177,0.14308473467826843,-0.7213055491447449,-0.10401109606027603,-1.0963587760925293
1773924932.2239614,0.10882457826997345,-0.63991592733772,0.07408607931230882,-0.6474315971649316,0.1324339658021927,-0.716790497303009,-0.10399951040744781,-1.0963677167892456
1773924932.4228659,0.09890633665372242,-0.6348064668587344,0.06378833798029071,-0.6421701062808524,0.12191661447286606,-0.7116876840591431,-0.10400674492120743,-1.0963431596755981
1773924932.6244755,0.08830453588212483,-0.6293834846559229,0.05291612121651146,-0.6366715784665428,0.11235900223255157,-0.7074898481369019,-0.10400617122650146,-1.096359372138977
1773924932.82447,0.08109901884951214,-0.6257008559026515,0.04545590379680142,-0.6328997296250289,0.11073131859302521,-0.7066783905029297,-0.103999063372612,-1.096372127532959
1773924933.0268295,0.08093068712037874,-0.6255890258038619,0.04503413199507733,-0.6326858773464716,0.1106976643204689,-0.7066687345504761,-0.10401326417922974,-1.0963610410690308
1773924933.2263577,0.08117104398635253,-0.6256960278661522,0.045034131985264736,-0.6326858773414902,0.11067754030227661,-0.706680953502655,-0.10402236133813858,-1.0963751077651978
1773924933.4273782,0.08136674795443527,-0.6257825218150282,0.04499867338462482,-0.6326678761603237,0.11076688766479492,-0.7066755890846252,-0.10400500148534775,-1.0963637828826904
1773924933.62671,0.0816115785305901,-0.6259068459698377,0.045022677574758974,-0.6326800623406054,0.11075665801763535,-0.7066607475280762,-0.10401402413845062,-1.0963622331619263
1773924933.8286934,0.08181827409260979,-0.6259931648737861,0.04500990966354779,-0.6326735805894185,0.11076972633600235,-0.7066646814346313,-0.10401538759469986,-1.0963492393493652
1773924934.2301354,0.08203212177579544,-0.6260889671912325,0.04500857421785498,-0.6326729026676728,0.11074313521385193,-0.7066766023635864,-0.10398793965578079,-1.0964809656143188
1773924934.4299521,0.082130579951057,-0.6261336971324281,0.04500470165479731,-0.6326709367327609,0.11076110601425171,-0.7066735625267029,-0.10380766540765762,-1.096879482269287
1773924934.6291623,0.08230771692605632,-0.6262331971135328,0.045010110183453245,-0.6326736824332896,0.11079080402851105,-0.7069198489189148,-0.10344347357749939,-1.097314715385437
1773924934.8290577,0.08236549191684091,-0.6262709185889067,0.04499722245810178,-0.6326671400229384,0.11079621315002441,-0.7068870067596436,-0.10316991806030273,-1.0977449417114258
1773924935.0306773,0.08254152753728856,-0.62638331516921,0.04501402464776949,-0.6326756694493185,0.11074157059192657,-0.7067670226097107,-0.10290978103876114,-1.0980944633483887
1773924935.2336946,0.08237908771582035,-0.6263084998273235,0.04501566031332804,-0.6326764995813022,0.11070212721824646,-0.7066577076911926,-0.10232478380203247,-1.0983407497406006
1773924935.4317598,0.08231779101922669,-0.6262874132181913,0.04502647925747216,-0.6326819915104767,0.11070377379655838,-0.7066536545753479,-0.10184177756309509,-1.0982897281646729
1773924935.6317616,0.08221957583174638,-0.6262102445703167,0.04501956443384669,-0.6326784815282902,0.11068512499332428,-0.7066485285758972,-0.10124435275793076,-1.0983452796936035
1773924935.832235,0.08211160192998546,-0.6261339098930677,0.04500946153697716,-0.6326733529048826,0.1106860339641571,-0.7066668272018433,-0.10123755037784576,-1.0983446836471558
1773924936.033614,0.08188577104425379,-0.6259645556689283,0.044993694630439784,-0.6326653493126686,0.11075500398874283,-0.706656813621521,-0.10051169991493225,-1.0988504886627197
1773924936.2335713,0.08152577501172419,-0.6257574042892516,0.0450064073376405,-0.6326718025144803,0.1107572689652443,-0.7066751718521118,-0.09997851401567459,-1.0989981889724731
1773924936.433684,0.08109262833700595,-0.6254970247736467,0.045015884069837586,-0.6326766131009877,0.11076551675796509,-0.7066694498062134,-0.09944330900907516,-1.099091649055481
1773924936.6354904,0.0809104601958899,-0.6253486204425658,0.045017276217281355,-0.6326773198074338,0.11076974123716354,-0.7066658735275269,-0.09925393015146255,-1.0993726253509521
1773924936.8346114,0.0806863298352401,-0.6251725952558677,0.045011589956233,-0.632674433491298,0.11076503992080688,-0.7066629528999329,-0.09873072057962418,-1.0994912385940552
1773924937.0351334,0.08043214356041974,-0.6249115955814172,0.04499799659268544,-0.6326675334013703,0.11077895015478134,-0.7069244980812073,-0.09782962501049042,-1.0996582508087158
1773924937.2364693,0.08030495520217967,-0.6247525246854226,0.04499559017109589,-0.6326663118223509,0.11082899570465088,-0.7069122195243835,-0.097588449716568,-1.0997847318649292
1773924937.4369414,0.08008761301306576,-0.6245817839069693,0.045007764849745446,-0.6326724918605501,0.11075080186128616,-0.70677649974823,-0.09761583060026169,-1.1001083850860596
1773924937.6383252,0.07975421955190924,-0.6243446435048877,0.04498818050052633,-0.632662550596294,0.11073172837495804,-0.7067781686782837,-0.09712526202201843,-1.0999648571014404
1773924937.839337,0.07967631790456783,-0.6242275643250366,0.04499188617752936,-0.632664431725779,0.11074160784482956,-0.7067652344703674,-0.09635723382234573,-1.0999363660812378
1773924938.0393622,0.07954199391171982,-0.6240398172718434,0.04499944008024681,-0.6326682661751182,0.1107482761144638,-0.7067661881446838,-0.09614560008049011,-1.0995429754257202
1773924938.2402527,0.07953462484311356,-0.6240268031431822,0.04500408049363047,-0.632670621743405,0.11074354499578476,-0.7067654728889465,-0.09596418589353561,-1.0997283458709717
1773924938.4404604,0.07939008335201915,-0.6238528226472216,0.04500370591743308,-0.6326704316449733,0.11076288670301437,-0.7067587971687317,-0.09553120285272598,-1.0997495651245117
1773924938.6409051,0.07935588855817464,-0.6238009046301429,0.044999165197688096,-0.6326681265672823,0.11073276400566101,-0.7067606449127197,-0.0954117625951767,-1.0994523763656616
1773924938.8412685,0.07937243145264097,-0.6238289186997855,0.04498423129720275,-0.6326605456313997,0.11076214164495468,-0.7067570090293884,-0.09486738592386246,-1.0994254350662231
1773924939.0435948,0.0795168832712395,-0.6240097529583067,0.04499419914207481,-0.6326656056692859,0.11074934154748917,-0.7066782116889954,-0.09487713128328323,-1.0993825197219849
1773924939.2440147,0.07965224116833532,-0.6241713686588989,0.04501181809269983,-0.6326745492718233,0.1107373982667923,-0.7066773772239685,-0.09490639716386795,-1.0993573665618896
1773924939.4433002,0.07974173751810364,-0.6242961437332832,0.044993560063540494,-0.6326652811922385,0.11073669791221619,-0.7066737413406372,-0.09489960968494415,-1.099359393119812
1773924939.6443336,0.07985992056857967,-0.6244425836277243,0.045000840761295735,-0.6326689769342334,0.11073651909828186,-0.7067775130271912,-0.09490912407636642,-1.0993393659591675
1773924939.8440025,0.07994719655958202,-0.6245734953036737,0.044979105650140405,-0.6326579437337753,0.11074349284172058,-0.706777036190033,-0.09543070942163467,-1.0993248224258423
1773924940.0456223,0.08005785687788824,-0.6247069377093155,0.04498872314732161,-0.6326628257932623,0.11076875030994415,-0.7067896723747253,-0.09488655626773834,-1.0993411540985107
1773924940.2462332,0.08015347103813998,-0.6248279834660301,0.04498872314732161,-0.6326628257932623,0.11075259745121002,-0.7067650556564331,-0.09488856792449951,-1.0993252992630005
1773924940.4468534,0.08018900261534648,-0.6248887508752259,0.04497325307622413,-0.632654972830753,0.110753633081913,-0.7067726254463196,-0.09547197073698044,-1.0986852645874023
1773924940.6470582,0.08023551193005053,-0.6249388767027849,0.04498352341510026,-0.6326601863163424,0.11075451225042343,-0.7067703604698181,-0.09788474440574646,-1.096840500831604
1773924940.8486664,0.08030337822040949,-0.6250344522529798,0.04498679213367329,-0.632661845400307,0.11076819151639938,-0.7067725658416748,-0.1015699952840805,-1.0939079523086548
1773924941.0479677,0.08026393195347005,-0.6249904191288249,0.04498083621068183,-0.6326588221340301,0.11078129708766937,-0.706763744354248,-0.1057744100689888,-1.0898966789245605
1773924941.2486925,0.08027020000401684,-0.6250042097002543,0.04497339823416624,-0.6326550465726112,0.11077423393726349,-0.7067620158195496,-0.11153414100408554,-1.0859047174453735
1773924941.4503129,0.08028933383101143,-0.6250400070650066,0.04496590613878748,-0.6326512436366403,0.11015375703573227,-0.7065107226371765,-0.11704995483160019,-1.0813876390457153
1773924941.6508405,0.07922043614748336,-0.62449914150454,0.0438957911374378,-0.632108138139286,0.1076890155673027,-0.7057908773422241,-0.12287091463804245,-1.07672119140625
1773924941.8514493,0.07655057608044831,-0.6231752887876542,0.04119540967909452,-0.6307350266245768,0.10328660160303116,-0.7042701244354248,-0.12998832762241364,-1.0713363885879517
1773924942.052021,0.0720540445279168,-0.620964091647565,0.036641954944244826,-0.6284209578038793,0.09850268810987473,-0.7019766569137573,-0.1356932371854782,-1.0661438703536987
1773924942.2594886,0.06599007391837239,-0.618032061547967,0.030473206142345277,-0.6252916349176838,0.09273575991392136,-0.7001921534538269,-0.14188502728939056,-1.0610414743423462
1773924942.4534876,0.061776176518003136,-0.6159287247605385,0.026224992612492337,-0.6231289613998084,0.0874185711145401,-0.6973031163215637,-0.14814364910125732,-1.056154727935791
1773924942.6533895,0.056162210458326915,-0.6131582051595205,0.020568754455519977,-0.6202544098934786,0.08212080597877502,-0.695350706577301,-0.15343645215034485,-1.0515305995941162
1773924942.8560224,0.05082699173571125,-0.6105810357413535,0.015160525962495397,-0.6174930364180744,0.07681519538164139,-0.6928199529647827,-0.1597663164138794,-1.0473082065582275
1773924943.0556693,0.04535936037421789,-0.6078655557507897,0.009651970247028352,-0.614677289340818,0.07145016640424728,-0.6903733015060425,-0.1655074954032898,-1.042079210281372
1773924943.2558284,0.04005566426969603,-0.6050681795825315,0.0044025796335460665,-0.6119878529430075,0.06623241305351257,-0.6889479160308838,-0.1724434792995453,-1.0372347831726074
1773924943.4575436,0.03459769938120576,-0.602485471964113,-0.0011360101670739864,-0.6091439289004547,0.061426714062690735,-0.6864075660705566,-0.17833280563354492,-1.0323383808135986
1773924943.6600752,0.028313717658711327,-0.599361975200643,-0.007433558022392428,-0.6059889898097739,0.056693267077207565,-0.6842550039291382,-0.18478237092494965,-1.0268834829330444
1773924943.858059,0.022783770772656003,-0.5966899736144763,-0.012991095939261954,-0.6032588791001594,0.05117868259549141,-0.6814283728599548,-0.19035057723522186,-1.02263343334198
1773924944.0578427,0.018654214402799244,-0.594967188035444,-0.017206054908300294,-0.601184746842489,0.04542499780654907,-0.6795304417610168,-0.1962966024875641,-1.0173295736312866
1773924944.2617939,0.011679421104220452,-0.5914910717103701,-0.024165684038880975,-0.5977493368046762,0.040100954473018646,-0.676507830619812,-0.20207276940345764,-1.0129597187042236
1773924944.459732,0.0064209982320647735,-0.5890343478075664,-0.029473211595481885,-0.5950984626643999,0.03474116325378418,-0.6751136183738708,-0.2089742124080658,-1.0077465772628784
1773924944.6610367,0.001087736029595171,-0.5863252924289972,-0.03485137478340361,-0.5922743065843754,0.028938179835677147,-0.6731981039047241,-0.2153918445110321,-1.002535104751587
1773924944.860136,-0.004053195550672381,-0.5838712606369318,-0.0400704199173616,-0.5893817432452444,0.023464025929570198,-0.6709914207458496,-0.22121256589889526,-0.9985100030899048
1773924945.0612214,-0.009242245127104209,-0.5810153707665249,-0.04529592376171043,-0.5863540405286283,0.018415512517094612,-0.6692177653312683,-0.22653678059577942,-0.9938603043556213
1773924945.263541,-0.014361773909744364,-0.5783715565371742,-0.05049135899281154,-0.5831971080613587,0.013003647327423096,-0.6668925285339355,-0.23268306255340576,-0.9886201024055481
1773924945.4638667,-0.01938522149792992,-0.5755478879293991,-0.05556720238513424,-0.5799755368615973,0.006737833842635155,-0.6642647981643677,-0.23966802656650543,-0.9830741286277771
1773924945.664234,-0.024480213805574743,-0.5726015860268009,-0.060728474417680145,-0.5765476020974674,0.0011772895231842995,-0.6619592308998108,-0.245181143283844,-0.9780497550964355
1773924945.863849,-0.029550256579354926,-0.5694866284052842,-0.06584208353962495,-0.5729875806168818,-0.003746724920347333,-0.6591548919677734,-0.2513263523578644,-0.9739816784858704
1773924946.06578,-0.03433285496011595,-0.5663458866530752,-0.07065859625037252,-0.5695839452849721,-0.008646028116345406,-0.6554624438285828,-0.2575347423553467,-0.9694713354110718
1773924946.2666063,-0.039264396024598344,-0.5635485028799797,-0.07558358313572866,-0.5660976296354581,-0.014092138037085533,-0.6527117490768433,-0.26332947611808777,-0.964745283126831
1773924946.4663363,-0.04389583548097943,-0.560775653602844,-0.08024331351084524,-0.5627850509580075,-0.018926575779914856,-0.6496023535728455,-0.2701900005340576,-0.959417462348938
1773924946.667845,-0.04895026751100513,-0.5579564419695366,-0.08529484895641692,-0.559196544031585,-0.024250634014606476,-0.6470450162887573,-0.2760973274707794,-0.9538990259170532
1773924946.867915,-0.05397270599727843,-0.5549942481815047,-0.0903043836585381,-0.5555899559687522,-0.029579181224107742,-0.6442537903785706,-0.2820690870285034,-0.949261486530304
1773924947.0703037,-0.05881844574410229,-0.552067122273628,-0.09514284749592017,-0.5519912419559602,-0.0349678136408329,-0.6416444182395935,-0.28831052780151367,-0.9444441795349121
1773924947.2703898,-0.06368935349362738,-0.549271489181848,-0.09995488729321222,-0.5482456743247226,-0.0391615554690361,-0.6393938064575195,-0.2940347194671631,-0.939966082572937
1773924947.4700727,-0.0684875600548433,-0.5464138066034983,-0.10465936030987777,-0.5444494895349273,-0.04388060420751572,-0.6354530453681946,-0.3003227710723877,-0.9355717301368713
1773924947.670153,-0.07452203012210319,-0.5424431906191111,-0.11060563988553496,-0.5395927716077064,-0.05214006081223488,-0.6301514506340027,-0.30668243765830994,-0.930154025554657
1773924947.871791,-0.08197775427579064,-0.5369404458746332,-0.11798365403759414,-0.5333312279154598,-0.06060006096959114,-0.6245766282081604,-0.3133065402507782,-0.9249602556228638
1773924948.072496,-0.09054790014972608,-0.5302605988849345,-0.1264857023835151,-0.5258365917005936,-0.0689014345407486,-0.6192348003387451,-0.31985196471214294,-0.9195584058761597
1773924948.2726378,-0.09761025869577111,-0.5248295724646483,-0.13344333345242343,-0.5194588611272044,-0.07640209794044495,-0.613678514957428,-0.3256221115589142,-0.9145512580871582
1773924948.473535,-0.10586069139096833,-0.5182950314007948,-0.141503433059866,-0.5117843470675283,-0.08429872989654541,-0.6071687340736389,-0.33149197697639465,-0.9101337194442749
1773924948.674554,-0.11287874038093802,-0.5126772434093223,-0.1483459888943527,-0.5050141674483641,-0.09199527651071548,-0.6010813117027283,-0.3375879228115082,-0.9055089950561523
1773924948.8759634,-0.12057760753776198,-0.5060368691004218,-0.15581855454269666,-0.4973191539666111,-0.0998750776052475,-0.5942284464836121,-0.3436291813850403,-0.9005905985832214
1773924949.075804,-0.12791136853275448,-0.4995128825917446,-0.16296693562864684,-0.48966703778196474,-0.1066279485821724,-0.5877669453620911,-0.35058870911598206,-0.8956364393234253
1773924949.2757385,-0.13517386179235896,-0.49284860366961936,-0.17007040815536623,-0.4818835830709176,-0.11416659504175186,-0.5816287398338318,-0.35687416791915894,-0.8901672959327698
1773924949.4770494,-0.1422889892466241,-0.48643189072297816,-0.17693816549092056,-0.4743138769955102,-0.12146607786417007,-0.5749452710151672,-0.36293426156044006,-0.885694682598114
1773924949.6778872,-0.1489106471793095,-0.4803970281105722,-0.1833435802317498,-0.46720036172188006,-0.128189355134964,-0.5678970813751221,-0.36823418736457825,-0.8813031315803528
1773924949.878244,-0.15608095584993503,-0.47403881948158266,-0.1902342143147071,-0.45954252760248004,-0.1352524757385254,-0.5599272847175598,-0.37371549010276794,-0.8760746121406555
1773924950.0792289,-0.16346335590258415,-0.46777860166487784,-0.1972072657670082,-0.45180225074160907,-0.14221085608005524,-0.5532163381576538,-0.38017454743385315,-0.871187686920166
1773924950.283986,-0.17082996506808126,-0.46096815213567255,-0.2042975582979043,-0.4439185835769237,-0.15015465021133423,-0.5463930368423462,-0.3862447738647461,-0.8657147884368896
1773924950.4798977,-0.1778768419185832,-0.4546768030769698,-0.21104293082335057,-0.43640363144229743,-0.1571274846792221,-0.5400993824005127,-0.3931497037410736,-0.8605915904045105
1773924950.6800008,-0.18471928473580898,-0.4489139172186081,-0.2174808930457992,-0.42915280260788036,-0.16377392411231995,-0.5329201221466064,-0.3993983268737793,-0.855928361415863
1773924950.8810863,-0.19189546132892482,-0.44242095518569813,-0.22429921386500729,-0.42146545347191333,-0.17089641094207764,-0.5256675481796265,-0.40462127327919006,-0.8511141538619995
1773924951.0828884,-0.19907820555146596,-0.4358136887371671,-0.23116599834688312,-0.41371447231899783,-0.17783105373382568,-0.5189194083213806,-0.4109495282173157,-0.8457905650138855
1773924951.2813857,-0.20636938312653536,-0.42937210139635695,-0.23806037075762565,-0.40592717199781725,-0.18481610715389252,-0.5122175216674805,-0.4172733724117279,-0.8399932384490967
1773924951.4834359,-0.21387544416298224,-0.42336561928394306,-0.2449811366518304,-0.39814795492216537,-0.19217590987682343,-0.5059700012207031,-0.423119455575943,-0.8351873755455017
1773924951.6836948,-0.2206521573043123,-0.4177144449127466,-0.25125770052033114,-0.39101357544984405,-0.19889365136623383,-0.49929317831993103,-0.4288303554058075,-0.8307151794433594
1773924951.8841512,-0.22792071013711654,-0.41109263168080135,-0.2580725662197063,-0.3831137592810183,-0.2057584673166275,-0.49241942167282104,-0.4348893463611603,-0.8261249661445618
1773924952.0845478,-0.23511892644700602,-0.40448483165853993,-0.264865826581003,-0.3752334837782696,-0.21213854849338531,-0.4858179986476898,-0.44111204147338867,-0.8216226100921631
1773924952.28769,-0.24181072875904244,-0.3988056125854722,-0.27102327794372927,-0.3681085818212946,-0.21868593990802765,-0.4783984422683716,-0.4477919042110443,-0.8162460923194885
1773924952.485738,-0.2501411626858822,-0.391488368508405,-0.2788211367018123,-0.35921937969972717,-0.2256595492362976,-0.4723081886768341,-0.45331907272338867,-0.8110734820365906
1773924952.6884406,-0.2574791547473564,-0.38505663537888823,-0.2856558240483206,-0.3514010492777577,-0.23319965600967407,-0.4648910462856293,-0.4597387909889221,-0.805820107460022
1773924952.88914,-0.26498089022936544,-0.3786468801355828,-0.29253759376343325,-0.3434448880556755,-0.24046988785266876,-0.4581916034221649,-0.4654780626296997,-0.8006704449653625
1773924953.089799,-0.27204776374168727,-0.37271464831557016,-0.2990006066730957,-0.335973843061633,-0.2465505301952362,-0.4515056312084198,-0.47115030884742737,-0.7965084910392761
1773924953.291094,-0.27943216343315375,-0.36651367645807603,-0.30576156832582624,-0.3281581300232692,-0.25273212790489197,-0.44402629137039185,-0.477340966463089,-0.791881799697876
1773924953.4899511,-0.2867580537955134,-0.35989584038843964,-0.3126244362841957,-0.3203892941167712,-0.25977271795272827,-0.43786442279815674,-0.4831915497779846,-0.7868847846984863
1773924953.6923032,-0.2938637579416925,-0.3536639412725505,-0.3192183170273428,-0.3129180163236096,-0.26734018325805664,-0.43106043338775635,-0.48955413699150085,-0.7819567918777466
1773924953.8913412,-0.30111350656287206,-0.3475646219198831,-0.32585209599147624,-0.30532444436031025,-0.2745826244354248,-0.4242454171180725,-0.4954940676689148,-0.7763164043426514
1773924954.0918682,-0.3084324549185429,-0.3414348047589923,-0.33250277228742153,-0.2977040776179538,-0.28061747550964355,-0.41738438606262207,-0.5016659498214722,-0.771236002445221
1773924954.2925274,-0.3158059142671591,-0.33500803018982017,-0.33929209800302773,-0.28990240402252065,-0.2879658341407776,-0.40937548875808716,-0.5076344013214111,-0.7666633129119873
1773924954.4929173,-0.3230207884416883,-0.3289631393456789,-0.34585085328844456,-0.2824540505656541,-0.2950747609138489,-0.4031539857387543,-0.5131853818893433,-0.7617009878158569
1773924954.6933014,-0.33067417087994483,-0.3227952230444084,-0.3527676120731904,-0.27460487407392,-0.3026583194732666,-0.3966241776943207,-0.5194670557975769,-0.7572221755981445
1773924954.8948169,-0.33761922980452413,-0.31684403693008767,-0.35909212731184614,-0.2673759217866418,-0.3094581961631775,-0.38984620571136475,-0.5259154438972473,-0.7516385316848755
1773924955.0951703,-0.3450685312180475,-0.31036179500089267,-0.36588822122875997,-0.25959209297970576,-0.3153616487979889,-0.383168488740921,-0.5323350429534912,-0.7465818524360657
1773924955.296194,-0.3522058505030171,-0.30429899350271605,-0.3724035400539436,-0.252122092694977,-0.3224237859249115,-0.3756171762943268,-0.5388946533203125,-0.7413489818572998
1773924955.4976614,-0.3597487160236036,-0.29804340057354983,-0.37924985221592444,-0.2443593479704138,-0.3295610547065735,-0.36923861503601074,-0.5445778965950012,-0.7361941933631897
1773924955.6978006,-0.36732441641118835,-0.2920696853235404,-0.38605513291799487,-0.23667343571275157,-0.3365861773490906,-0.36340266466140747,-0.5496172904968262,-0.731890082359314
1773924955.898085,-0.374731316922322,-0.28585792041359753,-0.39277067926387477,-0.2290371767236501,-0.34346598386764526,-0.3565237820148468,-0.5556926727294922,-0.726831316947937
1773924956.0985608,-0.38211833970687337,-0.2797894707918138,-0.39939648458510524,-0.22148305529809376,-0.3496892750263214,-0.34964102506637573,-0.5614277124404907,-0.7218544483184814
1773924956.2982624,-0.3896192483164793,-0.2735892251033294,-0.40616191492505793,-0.2137681953261028,-0.35669177770614624,-0.3427042067050934,-0.568675696849823,-0.7166131734848022
1773924956.501073,-0.39724284591873615,-0.2672371722742761,-0.41305696690991867,-0.20598009139325546,-0.3632434904575348,-0.335833877325058,-0.5746898055076599,-0.7113585472106934
1773924956.701687,-0.40543208683262255,-0.2604903012855313,-0.4205127847483785,-0.19770844406597776,-0.3705940842628479,-0.3296445310115814,-0.5808110237121582,-0.7066444754600525
1773924956.9006083,-0.4128596499538626,-0.25451075947030327,-0.42717339210400684,-0.19027657826762012,-0.37775948643684387,-0.32294419407844543,-0.585942268371582,-0.7023823857307434
1773924957.1014953,-0.4205939778132389,-0.24805921727076147,-0.4341167234606762,-0.18243350637615485,-0.3845628798007965,-0.31596633791923523,-0.5920946002006531,-0.69663405418396
1773924957.3027864,-0.42809932966774994,-0.24198126776155535,-0.4408179873801543,-0.17486101798464349,-0.39147529006004333,-0.309332013130188,-0.5984652638435364,-0.6916872262954712
1773924957.5040135,-0.435781227174528,-0.23611533223865838,-0.4476159607070862,-0.1672202287233593,-0.3982104957103729,-0.3021002411842346,-0.6037341952323914,-0.6870521306991577
1773924957.7037508,-0.44361869585242064,-0.22972085038053708,-0.454641062565061,-0.15943758591608814,-0.4050651490688324,-0.2961712181568146,-0.6103653311729431,-0.682250440120697
1773924957.9062984,-0.4514062959668856,-0.22382125920405135,-0.4615191423402627,-0.15180975855892043,-0.413102924823761,-0.28890156745910645,-0.616561770439148,-0.6781078577041626
1773924958.1061594,-0.4589623198576784,-0.2181347329780262,-0.4681504592616874,-0.14438524723851676,-0.42009803652763367,-0.28219759464263916,-0.6220861077308655,-0.6728502511978149
1773924958.3061252,-0.46668992730672193,-0.21183299172273354,-0.47506091210598345,-0.1366442403981989,-0.42666709423065186,-0.27591198682785034,-0.6281425952911377,-0.668097198009491
1773924958.5070364,-0.4741657687570926,-0.2063025099081201,-0.4815816832174187,-0.12935592097525705,-0.43391984701156616,-0.26843446493148804,-0.6344708800315857,-0.6624333262443542
1773924958.7073965,-0.4824762448029599,-0.19940973544482582,-0.4890214078658326,-0.12111237254433727,-0.44086360931396484,-0.2620798945426941,-0.6404277086257935,-0.6574845314025879
1773924958.9076998,-0.4903554439946445,-0.19304135753051438,-0.49603628053762816,-0.11332612110191853,-0.448749303817749,-0.2555489242076874,-0.6467954516410828,-0.6530919075012207
1773924959.108781,-0.497920090824922,-0.1875188006814184,-0.5026074847233222,-0.10599252996968866,-0.45594528317451477,-0.2489331215620041,-0.6526461243629456,-0.6483717560768127
1773924959.3098598,-0.5053337812316279,-0.18074080381561058,-0.509482749827477,-0.09826352400356742,-0.46218129992485046,-0.24246537685394287,-0.658797562122345,-0.6438232660293579
1773924959.5098178,-0.5127049610345766,-0.175076628715224,-0.5159152952036059,-0.09106968661232462,-0.4694591760635376,-0.23514962196350098,-0.6653413772583008,-0.6384122371673584
1773924959.7114005,-0.5205663881635532,-0.16883150251168352,-0.5228767483784453,-0.0833443304353525,-0.4766629934310913,-0.22832061350345612,-0.6709886789321899,-0.6331688165664673
1773924959.910554,-0.5283854042859539,-0.1624888361213975,-0.5297960994382931,-0.07566961410044182,-0.4837559163570404,-0.22263026237487793,-0.6775845885276794,-0.6280339956283569
1773924960.1126277,-0.5359548405830021,-0.15627829086721187,-0.536533049755195,-0.06817681083663163,-0.49105799198150635,-0.2153962254524231,-0.6838443875312805,-0.6226335763931274
1773924960.311693,-0.5433979319428889,-0.15082099875838423,-0.5429781951855488,-0.06097263370765149,-0.49795979261398315,-0.20851148664951324,-0.6896422505378723,-0.6179751753807068
1773924960.513207,-0.5514506037372798,-0.14500191231233248,-0.5499079816760066,-0.05324328962634928,-0.505138099193573,-0.20125745236873627,-0.695752739906311,-0.6137215495109558
1773924960.7145965,-0.5593886848622404,-0.13839066303177952,-0.556982630217749,-0.04541861239578715,-0.5125826597213745,-0.19441159069538116,-0.7018961310386658,-0.6080955266952515
1773924960.9149714,-0.5673634060977997,-0.13239799872197583,-0.563920796721308,-0.03773915456491661,-0.519997775554657,-0.1883014440536499,-0.7081052660942078,-0.603492021560669
1773924961.1149726,-0.5749153451615037,-0.1269539433122398,-0.5704024327822965,-0.030551388508815558,-0.5264604091644287,-0.18165403604507446,-0.713839590549469,-0.59795081615448
1773924961.3157847,-0.5824484112777121,-0.12161854106939911,-0.5768463853131018,-0.023392671091346795,-0.5332279801368713,-0.17498339712619781,-0.7204749584197998,-0.5928699970245361
1773924961.5168722,-0.5901838339177468,-0.11597878802748687,-0.5835361446075678,-0.015944296943218195,-0.5403891801834106,-0.16814588010311127,-0.7255866527557373,-0.5886640548706055
1773924961.7171843,-0.5981210600129774,-0.1097708167278683,-0.590448011750706,-0.008333130609404549,-0.5479164719581604,-0.16125887632369995,-0.7312390804290771,-0.5835426449775696
1773924961.9176495,-0.6062700025743691,-0.10373354628380646,-0.5974908206899141,-0.0005679874276216523,-0.5545462965965271,-0.155223086476326,-0.7373428344726562,-0.5791521072387695
1773924962.1192474,-0.6144474100667636,-0.09790385187982396,-0.6044989676020247,0.0071695535600500016,-0.5619823932647705,-0.14801344275474548,-0.7441011667251587,-0.5734462141990662
1773924962.3203018,-0.6222452298662657,-0.09171710006501131,-0.6113057124294001,0.014715604913645208,-0.5684128999710083,-0.14174266159534454,-0.7501612901687622,-0.5686198472976685
1773924962.5209303,-0.6296915315476116,-0.08595304072621764,-0.6177675855805482,0.02189283679065679,-0.5757191181182861,-0.13534419238567352,-0.756442666053772,-0.5640730857849121
1773924962.722173,-0.6378351182560186,-0.07995349790504909,-0.6247638758986842,0.029593051289973138,-0.5836194157600403,-0.12788547575473785,-0.7621031999588013,-0.5589449405670166
1773924962.9221535,-0.6457812971117719,-0.07429969179872649,-0.6315363612850018,0.03704166329894876,-0.5876919627189636,-0.12343361973762512,-0.767651379108429,-0.5539064407348633
1773924963.1222086,-0.6503894218780802,-0.07184300783151061,-0.6350814243857368,0.04093811841276285,-0.5877911448478699,-0.12334688752889633,-0.7738460898399353,-0.5487164258956909
1773924963.3229723,-0.6514590115711878,-0.07313627042863946,-0.6351357594710687,0.040997892041162665,-0.587791919708252,-0.12334837019443512,-0.7794117331504822,-0.5435952544212341
1773924963.5228722,-0.652501010681224,-0.07465630607194298,-0.6351357594710687,0.040997892041162665,-0.5878075361251831,-0.12334408611059189,-0.7865407466888428,-0.5384594202041626
1773924963.7242122,-0.6535772578933017,-0.07627483039102113,-0.6351357594710687,0.040997892041162665,-0.5877816677093506,-0.12335409224033356,-0.7921336889266968,-0.533922016620636
1773924963.9252963,-0.6546341668020466,-0.07778211266011172,-0.6351357594710687,0.040997892041162665,-0.5877867341041565,-0.12334863096475601,-0.7941179871559143,-0.532690167427063
1773924964.1255565,-0.6554215197687967,-0.0789343731455697,-0.6351357594710687,0.040997892041162665,-0.5878057479858398,-0.12333589792251587,-0.7942813634872437,-0.532576322555542
1773924964.3258822,-0.6563989145302978,-0.08029766506147928,-0.6351357594710687,0.040997892041162665,-0.5877991914749146,-0.12333351373672485,-0.7943276762962341,-0.5325494408607483
1773924964.5273204,-0.6574053783605618,-0.08178154487994202,-0.6351357594710687,0.040997892041162665,-0.5878010988235474,-0.12334569543600082,-0.7944782972335815,-0.532465398311615
1773924964.7272954,-0.6582932835971764,-0.08299445452705104,-0.6351357594710687,0.040997892041162665,-0.5877963304519653,-0.12334150820970535,-0.7946276664733887,-0.532355546951294
1773924964.9273393,-0.6591541424644687,-0.08420872541595759,-0.6351357594710687,0.040997892041162665,-0.587797999382019,-0.12333564460277557,-0.7947165966033936,-0.5322608947753906
1773924965.1299152,-0.6599457132544149,-0.08531600192796125,-0.6351357594710687,0.040997892041162665,-0.587783694267273,-0.12334590405225754,-0.7949817776679993,-0.5320509076118469
1773924965.3291452,-0.6607465280034326,-0.08650344102810621,-0.6351357594710687,0.040997892041162665,-0.587796688079834,-0.1233498677611351,-0.7952779531478882,-0.531826913356781
1773924965.5300987,-0.6615471606035365,-0.08772294460151905,-0.6351357594710687,0.040997892041162665,-0.587804913520813,-0.12335004657506943,-0.7957220077514648,-0.5316494107246399
1773924965.730804,-0.6622567851343063,-0.08882068570102386,-0.6351357594710687,0.040997892041162665,-0.5878029465675354,-0.1233382523059845,-0.7960039973258972,-0.5318503975868225
1773924965.9318497,-0.6629671446484928,-0.08990710417643144,-0.6351357594710687,0.040997892041162665,-0.5877967476844788,-0.12333834171295166,-0.7963778376579285,-0.5318288207054138
1773924966.131458,-0.663606303119809,-0.09087407267168303,-0.6351357594710687,0.040997892041162665,-0.5878074169158936,-0.12333986163139343,-0.7965081930160522,-0.5317829847335815
1773924966.3333535,-0.6642501344900293,-0.0918913835661128,-0.6351357594710687,0.040997892041162665,-0.5877906084060669,-0.12335043400526047,-0.7966397404670715,-0.531764030456543
1773924966.5339444,-0.664818513420407,-0.09276536879819083,-0.6351357594710687,0.040997892041162665,-0.5877992510795593,-0.12333925813436508,-0.7967466115951538,-0.5316953659057617
1773924966.7355325,-0.6653173319640847,-0.09332438644459909,-0.6351357594710687,0.040997892041162665,-0.5877938270568848,-0.1233496367931366,-0.7970242500305176,-0.5315086841583252
1773924966.934814,-0.6657750296014303,-0.09384724750420478,-0.6351357594710687,0.040997892041162665,-0.5877896547317505,-0.1233484148979187,-0.7974240183830261,-0.5312819480895996
1773924967.1364496,-0.6661951473753226,-0.09432768351800443,-0.6351357594710687,0.040997892041162665,-0.5877834558486938,-0.12334506213665009,-0.7976737022399902,-0.5313006043434143
1773924967.3371992,-0.6666082505092401,-0.09486891600776494,-0.6351357594710687,0.040997892041162665,-0.5877918601036072,-0.12334293127059937,-0.7981934547424316,-0.531329333782196
1773924967.537271,-0.6670023387657937,-0.09537197504454178,-0.6351357594710687,0.040997892041162665,-0.5877990126609802,-0.12333086133003235,-0.7988242506980896,-0.5304425954818726
1773924967.739139,-0.6674951898267619,-0.0962233054177275,-0.6351357594710687,0.040997892041162665,-0.5878056883811951,-0.12332435697317123,-0.7992289066314697,-0.5299084186553955
1773924967.9380715,-0.6678753785869392,-0.09683340107255728,-0.6351357594710687,0.040997892041162665,-0.5877787470817566,-0.12334977090358734,-0.8000523447990417,-0.5302274823188782
1773924968.1400425,-0.6678598383905553,-0.09681293959611414,-0.6351357594710687,0.040997892041162665,-0.5878003835678101,-0.123349130153656,-0.8012517690658569,-0.5298263430595398
1773924968.340328,-0.6680777453351505,-0.09711779835523754,-0.6351357594710687,0.040997892041162665,-0.587797224521637,-0.12334339320659637,-0.8017679452896118,-0.5295119285583496
1773924968.5404682,-0.6683295919989259,-0.0975091282532059,-0.6351357594710687,0.040997892041162665,-0.5877914428710938,-0.12335158884525299,-0.8031753897666931,-0.5294046401977539
1773924968.7421257,-0.6684714516712164,-0.09775891111276698,-0.6351357594710687,0.040997892041162665,-0.5877805948257446,-0.12334485352039337,-0.8025527596473694,-0.5293264389038086
1773924968.9434483,-0.6685904778963232,-0.09788207110207718,-0.6351357594710687,0.040997892041162665,-0.5877835750579834,-0.12333035469055176,-0.7996510863304138,-0.5294480919837952
1773924969.1429675,-0.6686338419264937,-0.0979174789667608,-0.6351357594710687,0.040997892041162665,-0.5877946019172668,-0.12332801520824432,-0.7986463308334351,-0.5280641317367554
1773924969.3432922,-0.6689195798061676,-0.09831422176551097,-0.6351357594710687,0.040997892041162665,-0.587804913520813,-0.12332624197006226,-0.7964328527450562,-0.5272702574729919
1773924969.5437133,-0.6693237715858722,-0.09884386333038016,-0.6351357594710687,0.040997892041162665,-0.5878048539161682,-0.12334533035755157,-0.7941330075263977,-0.5265330076217651
1773924969.7443893,-0.6697336315277602,-0.0993239158393062,-0.6351357594710687,0.040997892041162665,-0.587800145149231,-0.12334389239549637,-0.7924841642379761,-0.5259855389595032
1773924969.944577,-0.6700826775045925,-0.09968482658341929,-0.6351357594710687,0.040997892041162665,-0.587801456451416,-0.12334106117486954,-0.7900574207305908,-0.5255762338638306
1773924970.1473253,-0.6704562573242138,-0.10008512378619422,-0.6351357594710687,0.040997892041162665,-0.5877934694290161,-0.12333903461694717,-0.7883189916610718,-0.5254325270652771
1773924970.3476398,-0.6707611713938024,-0.10036043679149777,-0.6351357594710687,0.040997892041162665,-0.5877944827079773,-0.12334337085485458,-0.7864662408828735,-0.5249331593513489
1773924970.5477247,-0.671076225513638,-0.10063617231693464,-0.6351357594710687,0.040997892041162665,-0.5877879858016968,-0.1233338937163353,-0.7858264446258545,-0.5238177180290222
1773924970.7479603,-0.6714083129737717,-0.10110040664091147,-0.6351357594710687,0.040997892041162665,-0.5877989530563354,-0.12334010750055313,-0.7867206931114197,-0.5233010649681091
1773924970.948351,-0.6716120668853022,-0.10151550722899146,-0.6351357594710687,0.040997892041162665,-0.5877981185913086,-0.12334313243627548,-0.786874532699585,-0.522792398929596
1773924971.1505275,-0.6718106766676643,-0.10195016012401377,-0.6351357594710687,0.040997892041162665,-0.5878039598464966,-0.12333910167217255,-0.787932813167572,-0.5212494730949402
1773924971.3499286,-0.6719307323026936,-0.10231409201725021,-0.6351357594710687,0.040997892041162665,-0.587786078453064,-0.12334427982568741,-0.787932813167572,-0.5212494730949402
1773924971.5512936,-0.6720703932262965,-0.10259963476472149,-0.6351357594710687,0.040997892041162665,-0.5877977609634399,-0.12334195524454117,-0.7890759706497192,-0.5197225213050842
1773924971.7513363,-0.6722515837944479,-0.10287795594114886,-0.6351357594710687,0.040997892041162665,-0.5878106355667114,-0.12333380430936813,-0.7898544669151306,-0.5182965993881226
1773924971.951769,-0.672608223977611,-0.10327082286060198,-0.6351357594710687,0.040997892041162665,-0.5877971053123474,-0.12331444770097733,-0.7901745438575745,-0.5177499055862427
1773924972.153817,-0.6728901916606773,-0.10371438751869519,-0.6351357594710687,0.040997892041162665,-0.5877907276153564,-0.12333854287862778,-0.7889464497566223,-0.5190302729606628
1773924972.3534164,-0.6730287321842191,-0.1039417642933818,-0.6351357594710687,0.040997892041162665,-0.5877794027328491,-0.12333463877439499,-0.7868666052818298,-0.5209977626800537
1773924972.5557277,-0.6731863194438568,-0.1041418281949302,-0.6351357594710687,0.040997892041162665,-0.5877807140350342,-0.12332944571971893,-0.786450207233429,-0.5222736597061157
1773924972.7560432,-0.6734759141054443,-0.10444966035956274,-0.6351357594710687,0.040997892041162665,-0.5878081917762756,-0.12333803623914719,-0.7854904532432556,-0.5201076865196228
1773924972.9556565,-0.673760627424803,-0.10485817289558744,-0.6351357594710687,0.040997892041162665,-0.5877953767776489,-0.12334434688091278,-0.785599410533905,-0.5190935730934143
1773924973.1570086,-0.6740840302085641,-0.10530085750642104,-0.6351357594710687,0.040997892041162665,-0.5877926349639893,-0.12333252280950546,-0.7856867909431458,-0.5184195637702942
1773924973.356452,-0.6743636161074559,-0.10589106654643382,-0.6351357594710687,0.040997892041162665,-0.5877999067306519,-0.1233382374048233,-0.7852362394332886,-0.5169429183006287
1773924973.5609431,-0.6744700535715034,-0.10633600168753757,-0.6351357594710687,0.040997892041162665,-0.5877980589866638,-0.12332803755998611,-0.7858797907829285,-0.516846776008606
1773924973.959389,-0.6746348859982008,-0.10723413426302895,-0.6351357594710687,0.040997892041162665,-0.5878100991249084,-0.12333124130964279,-0.7841725945472717,-0.5164779424667358
1773924974.1600964,-0.6747536341536964,-0.10775788295049567,-0.6351357594710687,0.040997892041162665,-0.58778977394104,-0.12333179265260696,-0.7812342643737793,-0.5157588124275208
1773924974.361889,-0.6748580127381889,-0.10816117639745215,-0.6351357594710687,0.040997892041162665,-0.5878129601478577,-0.1233389601111412,-0.77670818567276,-0.5147136449813843
1773924974.5614133,-0.6749479995107147,-0.10850472447536699,-0.6351357594710687,0.040997892041162665,-0.5878055095672607,-0.12334257364273071,-0.772046685218811,-0.5128922462463379
1773924974.7615647,-0.6750931654569268,-0.10902357405643356,-0.6351357594710687,0.040997892041162665,-0.5878006219863892,-0.12334305047988892,-0.7658801674842834,-0.511237382888794
1773924974.9624422,-0.6752379463816167,-0.10948645242625271,-0.6351357594710687,0.040997892041162665,-0.5877960324287415,-0.12333161383867264,-0.7600628137588501,-0.5092753171920776
1773924975.1636279,-0.6754086506699214,-0.10995877915942676,-0.6351357594710687,0.040997892041162665,-0.5877950191497803,-0.1233467385172844,-0.7545155882835388,-0.507522463798523
1773924975.3638666,-0.6754974277489135,-0.11022682810494872,-0.6351357594710687,0.040997892041162665,-0.5878079533576965,-0.12334904074668884,-0.7486570477485657,-0.5064026713371277
1773924975.5638025,-0.6755635995199372,-0.1104477070574515,-0.6351357594710687,0.040997892041162665,-0.587792694568634,-0.1233396902680397,-0.7430519461631775,-0.5047432780265808
1773924975.7658067,-0.6756855359397923,-0.11090111594103112,-0.6351357594710687,0.040997892041162665,-0.5878051519393921,-0.12333926558494568,-0.7348678708076477,-0.5027967095375061
1773924975.966004,-0.6757770487991205,-0.11114644237977991,-0.6351357594710687,0.040997892041162665,-0.5877979397773743,-0.12334432452917099,-0.7255898118019104,-0.501785933971405
1773924976.165538,-0.675787984907917,-0.11117735475864544,-0.6351357594710687,0.040997892041162665,-0.5878034234046936,-0.12333928793668747,-0.7143213748931885,-0.49977895617485046
1773924976.3677528,-0.6758573515981374,-0.11156509349111993,-0.6351357594710687,0.040997892041162665,-0.5877979397773743,-0.12334875762462616,-0.7038527727127075,-0.4976464807987213
1773924976.567202,-0.6758201461577276,-0.11141032089580713,-0.6351357594710687,0.040997892041162665,-0.5877975821495056,-0.1233479231595993,-0.6907370090484619,-0.4965960383415222
1773924976.7673748,-0.6757523345879682,-0.1112847595756987,-0.6351357594710687,0.040997892041162665,-0.5877889394760132,-0.12333516776561737,-0.6760016679763794,-0.4948540925979614
1773924976.967714,-0.6758207084969493,-0.1115611834121273,-0.6351357594710687,0.040997892041162665,-0.5878008008003235,-0.12330643832683563,-0.6608394384384155,-0.4936400353908539
1773924977.1691062,-0.6758284174657833,-0.11157687692437222,-0.6351357594710687,0.040997892041162665,-0.5877929329872131,-0.12334412336349487,-0.6450565457344055,-0.4929155111312866
1773924977.370183,-0.6758368895431673,-0.11162546253940599,-0.6351357594710687,0.040997892041162665,-0.5877918601036072,-0.12333401292562485,-0.6297186613082886,-0.49203795194625854
1773924977.5703025,-0.6758481131019746,-0.11171666990802599,-0.6351357594710687,0.040997892041162665,-0.5877971053123474,-0.12333893030881882,-0.6130990386009216,-0.49203720688819885
1773924977.7720978,-0.675863295507723,-0.11175714691790697,-0.6351357594710687,0.040997892041162665,-0.5877991914749146,-0.12331744283437729,-0.5973792672157288,-0.49186477065086365
1773924977.9722197,-0.6758966052376503,-0.11187931193625306,-0.6351357594710687,0.040997892041162665,-0.5877987146377563,-0.12332725524902344,-0.580710232257843,-0.49162790179252625
1773924978.1724348,-0.6758967726409677,-0.11188041111742553,-0.6351357594710687,0.040997892041162665,-0.5877920985221863,-0.1233234778046608,-0.5650290846824646,-0.4922736883163452
1773924978.3739955,-0.675873591696074,-0.11182721847634726,-0.6351357594710687,0.040997892041162665,-0.5877933502197266,-0.12333495914936066,-0.5496766567230225,-0.4928009510040283
1773924978.5777285,-0.6758943262460779,-0.11197180506998587,-0.6351357594710687,0.040997892041162665,-0.5878138542175293,-0.12333475798368454,-0.5337420105934143,-0.4938073456287384
1773924978.9755466,-0.6759011232915153,-0.11204346815371832,-0.6351357594710687,0.040997892041162665,-0.5877877473831177,-0.12332892417907715,-0.5030463933944702,-0.4962906837463379
1773924979.176995,-0.6757506693484229,-0.1115407926580262,-0.6351357594710687,0.040997892041162665,-0.5877871513366699,-0.12332934886217117,-0.48938271403312683,-0.49771636724472046
1773924979.3777533,-0.6757493437868317,-0.11138282523546343,-0.6351357594710687,0.040997892041162665,-0.5877916216850281,-0.12333154678344727,-0.47409898042678833,-0.4985625743865967
1773924979.577888,-0.6757689779677732,-0.11110743151964289,-0.6351357594710687,0.040997892041162665,-0.5878022313117981,-0.12333947420120239,-0.45881980657577515,-0.49900153279304504
1773924979.7780252,-0.6758400397208988,-0.11075815106001183,-0.6351357594710687,0.040997892041162665,-0.5878093242645264,-0.12333929538726807,-0.44324663281440735,-0.4991450011730194
1773924979.9783952,-0.675784527933758,-0.11009985626277201,-0.6351357594710687,0.040997892041162665,-0.5877974033355713,-0.12333689630031586,-0.425775408744812,-0.49821341037750244
1773924980.1799674,-0.6758865220546403,-0.1096378292845969,-0.6351357594710687,0.040997892041162665,-0.587772786617279,-0.1233375295996666,-0.40598368644714355,-0.4971773326396942
1773924980.3809435,-0.6759989303917853,-0.10923714815795739,-0.6351357594710687,0.040997892041162665,-0.5878032445907593,-0.12333621829748154,-0.3880329728126526,-0.49511954188346863
1773924980.5819068,-0.6762256562314577,-0.10863201877962599,-0.6351357594710687,0.040997892041162665,-0.5878135561943054,-0.12332671880722046,-0.3680608868598938,-0.4919580817222595
1773924980.781665,-0.6765170860379077,-0.10792852936693915,-0.6351357594710687,0.040997892041162665,-0.5878051519393921,-0.12334129214286804,-0.34993481636047363,-0.48836851119995117
1773924980.9813864,-0.6769334230705465,-0.10720494158161582,-0.6351357594710687,0.040997892041162665,-0.5878033638000488,-0.12333344668149948,-0.3350180387496948,-0.48420119285583496
1773924981.1828663,-0.6775693102056325,-0.10656536561232378,-0.6351357594710687,0.040997892041162665,-0.5878064632415771,-0.12334080785512924,-0.3273431956768036,-0.48237812519073486
1773924981.3852534,-0.6782658053371422,-0.106060637883498,-0.6351357594710687,0.040997892041162665,-0.587812066078186,-0.12333639711141586,-0.3273431956768036,-0.48237812519073486
1773924981.5837474,-0.6791967510756578,-0.10582642461211506,-0.6351357594710687,0.040997892041162665,-0.5877887010574341,-0.12334653735160828,-0.3273431956768036,-0.48237812519073486
1773924981.7845337,-0.679844945405809,-0.10630872909931857,-0.6351357594710687,0.040997892041162665,-0.5877927541732788,-0.12335564941167831,-0.3273431956768036,-0.48237812519073486
1773924981.985929,-0.6805763045888837,-0.10687753537902804,-0.6351357594710687,0.040997892041162665,-0.5878056287765503,-0.1233542412519455,-0.2540014386177063,-0.4443259835243225
1773924982.1861372,-0.6809161792183062,-0.10764944169293042,-0.6351357594710687,0.040997892041162665,-0.5878008604049683,-0.12333855777978897,-0.24077919125556946,-0.43188968300819397
1773924982.3877566,-0.6811048072604868,-0.10800951317303127,-0.6351357594710687,0.040997892041162665,-0.5877957344055176,-0.1233438178896904,-0.23134081065654755,-0.419314980506897
1773924982.5900238,-0.6811029019490048,-0.1083385551533744,-0.6351357594710687,0.040997892041162665,-0.5877999067306519,-0.12334860861301422,-0.22176995873451233,-0.40361762046813965
1773924982.790402,-0.6810983842294122,-0.10842769102219392,-0.6351357594710687,0.040997892041162665,-0.587805449962616,-0.12333611398935318,-0.2145305573940277,-0.38664063811302185
1773924982.9901347,-0.6810991622659012,-0.10842413189468426,-0.6351357594710687,0.040997892041162665,-0.5878027081489563,-0.12335022538900375,-0.20954376459121704,-0.3704158663749695
1773924983.1922138,-0.6811198979553408,-0.10835334293038318,-0.6351357594710687,0.040997892041162665,-0.587817907333374,-0.12332972884178162,-0.2054571509361267,-0.3521040678024292
1773924983.3908632,-0.6811904800174261,-0.1080049029830961,-0.6351357594710687,0.040997892041162665,-0.5877882242202759,-0.12334010004997253,-0.20336824655532837,-0.3343794643878937
1773924983.5926116,-0.6813508942352348,-0.10761465737842196,-0.6351357594710687,0.040997892041162665,-0.587806761264801,-0.12332712858915329,-0.20284536480903625,-0.3149215579032898
1773924983.793783,-0.681487945247036,-0.1072927784416921,-0.6351357594710687,0.040997892041162665,-0.5878150463104248,-0.12332683056592941,-0.20330680906772614,-0.29753243923187256
1773924983.9953792,-0.6816420860889757,-0.10705414277565985,-0.6351357594710687,0.040997892041162665,-0.5878043174743652,-0.12333214282989502,-0.20384573936462402,-0.27790307998657227
1773924984.195773,-0.6818600480990274,-0.10662354207349704,-0.6351357594710687,0.040997892041162665,-0.5877914428710938,-0.12333893030881882,-0.2056543529033661,-0.2596132457256317
1773924984.3964312,-0.6821576009821331,-0.10614410787330192,-0.6351357594710687,0.040997892041162665,-0.5878089666366577,-0.12334056943655014,-0.20662301778793335,-0.24569450318813324
1773924984.6013172,-0.6825044105851855,-0.10559892818220168,-0.6351357594710687,0.040997892041162665,-0.5877916216850281,-0.12335227429866791,-0.206857830286026,-0.24466557800769806
1773924984.7978752,-0.6828909098655243,-0.10502514512469725,-0.6351357594710687,0.040997892041162665,-0.5878028869628906,-0.12333400547504425,-0.20686666667461395,-0.24463196098804474
1773924984.9971719,-0.6832168947378079,-0.10443834508740532,-0.6351357594710687,0.040997892041162665,-0.5877952575683594,-0.12334845215082169,-0.20685894787311554,-0.2446458339691162
1773924985.1997545,-0.6836015434311871,-0.10388439923951685,-0.6351357594710687,0.040997892041162665,-0.5878008604049683,-0.1233443021774292,-0.20686283707618713,-0.24463506042957306
1773924985.3994224,-0.6839180583520676,-0.10339592608788048,-0.6351357594710687,0.040997892041162665,-0.5878137350082397,-0.12333756685256958,-0.20687347650527954,-0.24465224146842957
1773924985.5997138,-0.6842108159736832,-0.1029921387728607,-0.6351357594710687,0.040997892041162665,-0.5878069400787354,-0.12334602326154709,-0.20687615871429443,-0.24464696645736694
1773924985.79975,-0.6844974240120321,-0.10254476512904749,-0.6351357594710687,0.040997892041162665,-0.5878051519393921,-0.12333788722753525,-0.20686791837215424,-0.24463370442390442
1773924986.0015903,-0.6847771327604342,-0.10204574179573668,-0.6351357594710687,0.040997892041162665,-0.5877984166145325,-0.12333497405052185,-0.20684674382209778,-0.24461907148361206
1773924986.2016366,-0.6850441392691604,-0.10163100708587884,-0.6351357594710687,0.040997892041162665,-0.5878509283065796,-0.12329975515604019,-0.20685172080993652,-0.244638592004776
1773924986.4028053,-0.6859249061677508,-0.10049509357947715,-0.6357368320081525,0.041659213553497,-0.5891172289848328,-0.12217546254396439,-0.20686212182044983,-0.24463921785354614
1773924986.6025178,-0.6878311053539797,-0.09832800558837736,-0.637322637558577,0.0434071550988222,-0.5914443135261536,-0.1204708069562912,-0.2068735659122467,-0.2446526288986206
1773924986.8052886,-0.6906778531387677,-0.0950828555464151,-0.639891660212057,0.046251085524037006,-0.5945844650268555,-0.11821809411048889,-0.2068718671798706,-0.24464446306228638
1773924987.0113204,-0.6935834005830541,-0.09171885017437202,-0.6425626415565098,0.04929243954156437,-0.597435474395752,-0.11569739133119583,-0.20686164498329163,-0.24463136494159698
1773924987.2045524,-0.6964178237400893,-0.08836206660943363,-0.6451276685330094,0.05233052190138077,-0.6007948517799377,-0.11306529492139816,-0.2068651020526886,-0.24463151395320892
1773924987.407065,-0.6991182514268608,-0.08503914551957918,-0.6475104075690814,0.05532985389097367,-0.6039937138557434,-0.1106949895620346,-0.20686960220336914,-0.24464118480682373
1773924987.6078174,-0.7021875444131207,-0.08090924786869448,-0.6502588531983471,0.059173674444733315,-0.6080982089042664,-0.1080758199095726,-0.20686493813991547,-0.2446490079164505
1773924987.8068063,-0.7046467292598061,-0.0772071934207104,-0.6524006559851967,0.06262447700210161,-0.6120852828025818,-0.10579539835453033,-0.20685170590877533,-0.24464888870716095
1773924988.0075786,-0.706957093478421,-0.07324761868604113,-0.6542832153764884,0.06630281177636355,-0.6167718768119812,-0.10263858735561371,-0.2068537324666977,-0.24465328454971313
1773924988.2087932,-0.7090564365347073,-0.06927630164454246,-0.6557546568833146,0.06993955134845908,-0.6205134391784668,-0.09904271364212036,-0.20685264468193054,-0.24463529884815216
1773924988.4098904,-0.7107928391578745,-0.06497650132441592,-0.6569424664785968,0.07393523608987485,-0.6238624453544617,-0.09599771350622177,-0.20686039328575134,-0.2446463406085968
1773924988.6114414,-0.7124571715778545,-0.059804216538316954,-0.6578272745134099,0.07871407573378142,-0.6275861263275146,-0.09054397791624069,-0.20685365796089172,-0.24465006589889526
1773924988.8111408,-0.7138072589918617,-0.053497008012339364,-0.658288954053267,0.08460979516531375,-0.6302794218063354,-0.08456871658563614,-0.20685890316963196,-0.24465179443359375
1773924989.010936,-0.714440956875352,-0.04544787193858499,-0.6579504429283707,0.09234221213196925,-0.63312828540802,-0.07597911357879639,-0.2068583369255066,-0.2446434050798416
1773924989.211248,-0.7141927920182426,-0.03637847217079527,-0.6564252348876765,0.10101173421992793,-0.634614109992981,-0.06815986335277557,-0.20686480402946472,-0.24465198814868927
1773924989.4118335,-0.7134051769744056,-0.0286311244735575,-0.6540383255203046,0.1084252032357702,-0.635994017124176,-0.05987054482102394,-0.20685389637947083,-0.24463874101638794
1773924989.6125095,-0.7115920823651337,-0.021611842666327985,-0.6507785873281597,0.11512438804002434,-0.6348451375961304,-0.05141749233007431,-0.20687517523765564,-0.24462737143039703
1773924989.8120947,-0.7085821986731121,-0.013894074540168085,-0.6455688677431692,0.12245701883346949,-0.633772611618042,-0.0431923046708107,-0.20685942471027374,-0.24462683498859406
1773924990.0137646,-0.705153005706963,-0.007806907085302228,-0.6400100391108974,0.127984821880758,-0.6302728652954102,-0.03457622230052948,-0.2068687379360199,-0.24462488293647766
1773924990.2138846,-0.7007957319834348,-0.0027699693589210567,-0.6335281488271731,0.13251584049050402,-0.6258548498153687,-0.02803431823849678,-0.20683324337005615,-0.2446683645248413
1773924990.4140046,-0.6957888869767919,0.0014542159843081554,-0.6260872949726282,0.136065186143425,-0.6213347911834717,-0.022106261923909187,-0.20686239004135132,-0.24464762210845947
1773924990.6158197,-0.6903982608755541,0.004354056364613836,-0.618488142969928,0.13827839571635492,-0.6139296293258667,-0.016910484060645103,-0.20686013996601105,-0.24463942646980286
1773924990.8154747,-0.6845961715995147,0.006253489222988184,-0.6101610059067863,0.13937520443304807,-0.6067373156547546,-0.012963298708200455,-0.20686298608779907,-0.2446492612361908
1773924991.016754,-0.678964878285027,0.007252361431969045,-0.6021509668677805,0.1394867172094687,-0.5997626185417175,-0.010492177680134773,-0.20686614513397217,-0.24463790655136108
1773924991.217411,-0.6738040497157924,0.007729234443789506,-0.5947327877726547,0.13898485825005968,-0.5919318795204163,-0.009234080091118813,-0.2068638801574707,-0.24463847279548645
1773924991.4179227,-0.668082068821554,0.007885453378582678,-0.5865080305301469,0.13801874618531595,-0.5834622979164124,-0.009112313389778137,-0.20686125755310059,-0.24462872743606567
1773924991.6189575,-0.6618946889000904,0.007688796465214128,-0.578245061604264,0.13685115965298822,-0.5756053924560547,-0.009721600450575352,-0.20685400068759918,-0.24464425444602966
1773924991.8206365,-0.6563585774991716,0.007576912268403397,-0.5706507382378654,0.1357335890406821,-0.5682359933853149,-0.010169291868805885,-0.20686495304107666,-0.24464626610279083
1773924992.0198693,-0.650419787284807,0.007466444025613039,-0.5628023324526301,0.13465814484000038,-0.5599110126495361,-0.011228513903915882,-0.20686745643615723,-0.24462896585464478
1773924992.2213655,-0.6443005840488419,0.00754912077393353,-0.5548993370286657,0.13381378575531566,-0.5522554516792297,-0.012258044444024563,-0.20685750246047974,-0.2446458339691162
1773924992.4217067,-0.6375613635723719,0.00786447254736673,-0.5463291422424503,0.1332607668333312,-0.5439470410346985,-0.013434174470603466,-0.20686644315719604,-0.2446397840976715
1773924992.6225824,-0.6294720720575105,0.008780240259755207,-0.536607604180644,0.1333394415656597,-0.533806324005127,-0.013381780125200748,-0.20682600140571594,-0.24468018114566803
1773924992.8236709,-0.6202556169458435,0.010288643597874222,-0.5258833217725396,0.13412414125539973,-0.5226369500160217,-0.01332847774028778,-0.2068348079919815,-0.244664266705513
1773924993.0241268,-0.6100502237764255,0.012464551018238939,-0.5142644374351732,0.13562222573633131,-0.5115291476249695,-0.011721007525920868,-0.20683987438678741,-0.24466466903686523
1773924993.2248514,-0.5988188197279941,0.0155070999811981,-0.5015855674510683,0.1379178728829913,-0.500838041305542,-0.009757021442055702,-0.20685195922851562,-0.24463164806365967
1773924993.424714,-0.5887403062480906,0.018753804219943195,-0.4900444395527763,0.14044543840164758,-0.48986735939979553,-0.006618724204599857,-0.20684094727039337,-0.2446502447128296
1773924993.6278062,-0.5780580315692639,0.022443776175093594,-0.47801887532735465,0.14338799311743378,-0.47873455286026,-0.0031779203563928604,-0.2068542242050171,-0.2446359395980835
1773924993.826441,-0.5677894897859612,0.02624516967814893,-0.46639140438870186,0.14648899033573293,-0.46785253286361694,0.00013223779387772083,-0.20686428248882294,-0.24463911354541779
1773924994.0262287,-0.5580031161318666,0.030234034179763718,-0.45508039872693673,0.14965850832531435,-0.4585588276386261,0.003982008434832096,-0.20685845613479614,-0.24464266002178192
1773924994.2287953,-0.5481925190584935,0.03416904216988464,-0.44387641829768776,0.1528492989917105,-0.44744864106178284,0.007616840768605471,-0.20684906840324402,-0.24464474618434906
1773924994.4288182,-0.5364250454674273,0.03893809761404521,-0.4306968944281597,0.15691851737833384,-0.43674513697624207,0.010972060263156891,-0.2068568766117096,-0.24465087056159973
1773924994.6302805,-0.5272963965868742,0.04318772313208185,-0.4202029526607489,0.16042216092910766,-0.4263874292373657,0.015291751362383366,-0.20685946941375732,-0.2446461319923401
1773924994.829314,-0.5164802506345049,0.04822242914912117,-0.4080750558907116,0.16472922086342767,-0.4151463508605957,0.01976178027689457,-0.20686085522174835,-0.24464812874794006
1773924995.0316036,-0.5069264740004686,0.053103758613801524,-0.3971076759002452,0.16885090258080448,-0.40321555733680725,0.024387121200561523,-0.20684878528118134,-0.2446795403957367
1773924995.2343338,-0.4970178541170236,0.058349132117378945,-0.38588842695006353,0.17330724099083383,-0.39216890931129456,0.029253050684928894,-0.20683133602142334,-0.24467933177947998
1773924995.4325502,-0.4868815336164191,0.06393245114023102,-0.37445447733869974,0.1781004443841494,-0.3811706006526947,0.03435582295060158,-0.20684291422367096,-0.24466200172901154
1773924995.63486,-0.4768683053401661,0.0698230998439367,-0.36298344875509914,0.18315254779470025,-0.3703504800796509,0.03963795304298401,-0.2068406194448471,-0.24465802311897278
1773924995.8417974,-0.46788941507042914,0.0755154474078496,-0.3525344145891053,0.18796288790759652,-0.3601047098636627,0.04584677517414093,-0.2068546563386917,-0.24464920163154602
1773924996.033869,-0.45848096837829805,0.08167667552861753,-0.34159935114479023,0.19317130281945172,-0.3506462872028351,0.05121136084198952,-0.2068653553724289,-0.24463999271392822
1773924996.2347083,-0.44901722459839044,0.08802912197898571,-0.3306739916323158,0.19862184019676987,-0.3412172794342041,0.0564466193318367,-0.20685124397277832,-0.24463559687137604
1773924996.4348462,-0.4401186400009298,0.09446334584201933,-0.32021593368888035,0.20408985762762422,-0.33183902502059937,0.0618787445127964,-0.20685942471027374,-0.24462662637233734
1773924996.634915,-0.43084899019559186,0.1009488338010475,-0.3095375142424329,0.20990482866593485,-0.3212226331233978,0.06891649216413498,-0.20684926211833954,-0.24463501572608948
1773924996.8358152,-0.42143866161768584,0.10802170692394265,-0.29872578986363574,0.2160696399720834,-0.3112637996673584,0.0751824602484703,-0.20685018599033356,-0.24464093148708344
1773924997.0370748,-0.41271403992803607,0.11494258258584568,-0.2886106625730669,0.2220638545229856,-0.3013421297073364,0.08182310312986374,-0.20684973895549774,-0.24464252591133118
1773924997.2376106,-0.40370622423668673,0.12215764989245895,-0.27808536442369136,0.22838011701586658,-0.2934565544128418,0.08837450295686722,-0.20684459805488586,-0.24464938044548035
1773924997.438064,-0.3948075828145501,0.12944625797404088,-0.26750464008048747,0.23461949625295642,-0.284432053565979,0.09596189111471176,-0.206846222281456,-0.24463136494159698
1773924997.6395168,-0.3861056362169337,0.1361053531846611,-0.2572256809653036,0.24042561545424124,-0.2764187455177307,0.10091779381036758,-0.2068607658147812,-0.2446565181016922
1773924997.8399587,-0.3770213904666733,0.1432552041593642,-0.2463856655779484,0.24653436812526142,-0.2666517198085785,0.10777775198221207,-0.20685409009456635,-0.24463306367397308
1773924998.0418396,-0.3678589892106284,0.15023902516823873,-0.23518311084507015,0.25240425332806216,-0.25742849707603455,0.1148693710565567,-0.20685933530330658,-0.2446386069059372
1773924998.2408602,-0.35851503575905436,0.15662441101003882,-0.22391748001683354,0.2577613596607389,-0.24546974897384644,0.12304185330867767,-0.20685771107673645,-0.24467122554779053
1773924998.6437936,-0.33330919404911297,0.16875337515344901,-0.196297800778083,0.26872047578110103,-0.22079378366470337,0.1366156041622162,-0.20685361325740814,-0.2446463257074356
1773924998.8436358,-0.32256754156516676,0.17404195284637422,-0.18308217648045222,0.2728180281139365,-0.20779083669185638,0.14360782504081726,-0.20686079561710358,-0.24463346600532532
1773924999.0443428,-0.3119099763564005,0.17862415215091043,-0.16984247352796378,0.27610356806715797,-0.1958765983581543,0.14900244772434235,-0.20684924721717834,-0.24463659524917603
1773924999.24442,-0.29939593020028626,0.18287260190785776,-0.1546119821005404,0.27889393762682757,-0.18141776323318481,0.15412314236164093,-0.20687636733055115,-0.24463501572608948
1773924999.445257,-0.2871872043600022,0.18635809446082127,-0.13966635761696344,0.2807160000412756,-0.16568000614643097,0.158013254404068,-0.20686300098896027,-0.24464362859725952
1773924999.645298,-0.273748199278019,0.18919536400659367,-0.12346812215611469,0.2817882766993567,-0.15026624500751495,0.1616881936788559,-0.20686699450016022,-0.24463815987110138
1773924999.8467004,-0.2606513297038597,0.19136593445468902,-0.10757973299933732,0.2819432232809662,-0.13540391623973846,0.16411755979061127,-0.20686191320419312,-0.24464130401611328
1773925000.0467079,-0.24724191250447636,0.1927163962111386,-0.09139887685422077,0.28117828951137525,-0.11993848532438278,0.16558478772640228,-0.20685747265815735,-0.24466365575790405
1773925000.2479434,-0.2346398315164678,0.1933626014114307,-0.07607342665082395,0.2795824816315049,-0.10552998632192612,0.16639232635498047,-0.20686540007591248,-0.24465318024158478
1773925000.448058,-0.22179963423166332,0.19307419243338256,-0.060589920122768426,0.2771076796437093,-0.09016313403844833,0.1658315360546112,-0.20685771107673645,-0.24465489387512207
1773925000.6489162,-0.20845084733346128,0.19205064173508238,-0.04462327842256175,0.27370227825317106,-0.07408671081066132,0.16442948579788208,-0.20686450600624084,-0.2446664422750473
1773925000.849012,-0.19537590268836333,0.1906424859522152,-0.028976772142817908,0.2697253310475385,-0.05822892114520073,0.16245590150356293,-0.2068488597869873,-0.24463605880737305
1773925001.0505943,-0.18268457193174797,0.1887970668071252,-0.013789150386918192,0.2652536809806292,-0.04284968227148056,0.1598454713821411,-0.2068532407283783,-0.24466222524642944
1773925001.2508693,-0.16967023827533492,0.18622558090437935,0.0016541566991044032,0.2600255948780843,-0.027433965355157852,0.15617389976978302,-0.20684629678726196,-0.2446482926607132
1773925001.4526122,-0.15646630783047752,0.18333825860867123,0.017210750248589535,0.25408351437113286,-0.011373687535524368,0.15278537571430206,-0.20685650408267975,-0.24465149641036987
1773925001.6535993,-0.14427831292107707,0.17971323883208845,0.03154534451253521,0.24788692949894275,0.004179449286311865,0.1485079526901245,-0.20684237778186798,-0.24463088810443878
1773925001.8540304,-0.13141716946637977,0.17495048715668923,0.04636990098375238,0.24049929753620347,0.020966678857803345,0.14309972524642944,-0.20685099065303802,-0.2446296215057373
1773925002.0528133,-0.11690584962953486,0.16842095500340679,0.06280344433099949,0.2310516202472792,0.03701494261622429,0.13659176230430603,-0.20684343576431274,-0.24466148018836975
1773925002.2559412,-0.10333162718073759,0.16145566189958677,0.07825380639596335,0.22102412890761336,0.05474201589822769,0.12820373475551605,-0.20685051381587982,-0.24464505910873413
1773925002.4562552,-0.08789640883692548,0.15175462411146132,0.09553848867262171,0.2084364611103875,0.07099780440330505,0.11826483905315399,-0.20684804022312164,-0.2446378469467163
1773925002.6567862,-0.074542847866885,0.14279018279921726,0.11052631877421537,0.1962782472129463,0.08776918798685074,0.10836762189865112,-0.20686183869838715,-0.2446431815624237
1773925002.857288,-0.06165950396308396,0.1328564014451471,0.12496993674063961,0.18289749822300028,0.10311352461576462,0.09812501817941666,-0.20685771107673645,-0.24465659260749817
1773925003.0577128,-0.04813132141036629,0.12063877181205486,0.13987955661869683,0.16697589222229414,0.11909177899360657,0.08549638837575912,-0.206862211227417,-0.24462074041366577
1773925003.258085,-0.03481853985091812,0.10548622933070156,0.1546318223405807,0.14832635159334506,0.13340947031974792,0.07171996682882309,-0.20686285197734833,-0.2446359246969223
1773925003.4589567,-0.024008526620635094,0.09088137355256799,0.1666683614391088,0.13027911121704783,0.14714454114437103,0.056330155581235886,-0.2068597376346588,-0.2446424812078476
1773925003.659998,-0.014216991783836732,0.07562718085558671,0.17752097810068335,0.11122370918761249,0.1596783697605133,0.03959028050303459,-0.20685067772865295,-0.2446298599243164
1773925003.8595877,-0.0053857916582187235,0.05925836919609657,0.1872370683638604,0.09118214574947481,0.17155113816261292,0.022067083045840263,-0.20686815679073334,-0.24463631212711334
1773925004.0609186,0.002723226713293444,0.041704252638282896,0.19595929702662573,0.06968456228668618,0.18237195909023285,0.003938274923712015,-0.20686596632003784,-0.24462872743606567
1773925004.2607186,0.008992825072606918,0.0244073627683646,0.20271561292601192,0.048664785621503004,0.19196906685829163,-0.015776999294757843,-0.20687302947044373,-0.24465036392211914
1773925004.4613814,0.013849731838889434,0.007060415341357774,0.20786391101848556,0.027516164607109816,0.19875313341617584,-0.034621041268110275,-0.20686742663383484,-0.24463801085948944
1773925004.6620307,0.017648240804853648,-0.012224490467553757,0.21184740675467673,0.004459498444421062,0.2056819200515747,-0.05510029196739197,-0.20687730610370636,-0.24464650452136993
1773925004.8635244,0.019721681091920875,-0.030348039627827075,0.2139316469691424,-0.017438600675433014,0.2110244184732437,-0.07557407766580582,-0.2068597972393036,-0.24462762475013733
1773925005.065332,0.020509868446451945,-0.04870546641611011,0.21457293706017216,-0.039394630460249935,0.2139197736978531,-0.095513254404068,-0.20685994625091553,-0.2446271926164627
1773925005.2640388,0.019973241773483957,-0.06808742801829126,0.21364070219392717,-0.06264944066695732,0.2156810760498047,-0.11535832285881042,-0.2068568766117096,-0.24463973939418793
1773925005.4655075,0.018020809320118812,-0.08624461346982486,0.2112561875242689,-0.08437887044693504,0.21599988639354706,-0.1372756063938141,-0.2068634033203125,-0.2446558177471161
1773925005.6656082,0.01479677863114975,-0.10425320584459728,0.2072593196211583,-0.10619863861685697,0.21547628939151764,-0.158365398645401,-0.20684584975242615,-0.2446373701095581
1773925005.8668196,0.009737210306394465,-0.12280369660391308,0.2014151241273589,-0.12815952482819903,0.21276487410068512,-0.177654430270195,-0.20686499774456024,-0.2446378469467163
1773925006.0662704,0.0031144887655647586,-0.14112491254300494,0.19380025135559364,-0.14990059352987029,0.2090897411108017,-0.19863012433052063,-0.20686475932598114,-0.24464577436447144
1773925006.2687387,-0.004782596218634066,-0.15824065116521904,0.18478409345685215,-0.17024500443942903,0.20404106378555298,-0.21997927129268646,-0.2068650722503662,-0.24465340375900269
1773925006.4673223,-0.014485877556016923,-0.17574496172293652,0.17379857621224049,-0.19083624383207098,0.19576622545719147,-0.24132727086544037,-0.20685367286205292,-0.24463769793510437
1773925006.6699216,-0.024653434322189745,-0.1915796269746259,0.16209249528695313,-0.2097460613538491,0.18721798062324524,-0.26037511229515076,-0.20685337483882904,-0.24464160203933716
1773925006.869303,-0.035980534013828926,-0.20754414685928188,0.14915360769737557,-0.22861698684157128,0.17780181765556335,-0.27916690707206726,-0.206869438290596,-0.24465876817703247
1773925007.0698454,-0.04743862527169762,-0.22236056043981473,0.13609637978572464,-0.24615082207884798,0.16503119468688965,-0.29910048842430115,-0.2069101482629776,-0.24473239481449127
1773925007.271004,-0.06000663557853221,-0.23774228756633908,0.1218801723523979,-0.26412977880973876,0.15573105216026306,-0.31509023904800415,-0.20691652595996857,-0.2447224110364914
1773925007.4729981,-0.07287224066357556,-0.25270231693032863,0.10724251015180108,-0.2816120328242093,0.141989603638649,-0.33465394377708435,-0.2068939059972763,-0.24475741386413574
1773925007.673557,-0.08537202713646634,-0.2672528838337874,0.09296007000105522,-0.2985265029476558,0.12915411591529846,-0.35194599628448486,-0.20688655972480774,-0.24475184082984924
1773925007.8737967,-0.09760199280621698,-0.2816659165524853,0.0787966670627318,-0.31526657585774776,0.11759177595376968,-0.36980822682380676,-0.2068938910961151,-0.24472637474536896
1773925008.074058,-0.11071891790979188,-0.2968344445730318,0.06381702383884147,-0.3325933397195573,0.1065480187535286,-0.3862762451171875,-0.20690327882766724,-0.24472951889038086
1773925008.2744837,-0.12310549406634373,-0.3113425238816096,0.04933010937058313,-0.34926710277148465,0.09345071762800217,-0.4030317962169647,-0.2068946212530136,-0.2447032630443573
1773925008.4768474,-0.1353279942608762,-0.32579498268671153,0.0349806242117664,-0.3658286245536404,0.08170939981937408,-0.4198402464389801,-0.20684143900871277,-0.24460257589817047
1773925008.6764417,-0.14795429518904415,-0.34111471849924585,0.020022168286014108,-0.38321667412035954,0.06934963911771774,-0.43621256947517395,-0.20685380697250366,-0.244635671377182
1773925008.8764179,-0.1603837550897587,-0.3561140491316615,0.00527159332777305,-0.40019429573310705,0.05735442414879799,-0.45273634791374207,-0.20684395730495453,-0.24463579058647156
1773925009.077466,-0.17228120684158624,-0.3702796846040989,-0.00881096429341588,-0.4161882841319078,0.04436464607715607,-0.4712226688861847,-0.20685908198356628,-0.24464288353919983
1773925009.2780302,-0.1855847094463638,-0.3854735735149095,-0.024283072208255208,-0.43307938973918936,0.03237440064549446,-0.48827674984931946,-0.206843301653862,-0.24462614953517914
1773925009.478018,-0.19855448934069744,-0.3997621032834937,-0.039627064407902646,-0.4490817327892207,0.018182922154664993,-0.5044584274291992,-0.20684628188610077,-0.24465124309062958
1773925009.679217,-0.2114715913315549,-0.4138642208949834,-0.05494071858202443,-0.4648052416971713,0.006753413937985897,-0.5205375552177429,-0.20685851573944092,-0.24465471506118774
1773925009.8827748,-0.2261034737128085,-0.4288546940885488,-0.07198701159226872,-0.4813838465722946,-0.007854118943214417,-0.5371586680412292,-0.20683468878269196,-0.24466779828071594
1773925010.0819597,-0.24037962252494147,-0.44262749177842364,-0.08865495550338065,-0.4966804541645049,-0.021059054881334305,-0.5525305867195129,-0.20683366060256958,-0.24466246366500854
1773925010.281491,-0.25533518350756934,-0.45610123188129437,-0.10619948772222809,-0.5116660171938168,-0.03363160789012909,-0.5664339661598206,-0.20685401558876038,-0.24465130269527435
1773925010.4823906,-0.2702552795270405,-0.4680381754518775,-0.12383447832572025,-0.5251008629164398,-0.04999813064932823,-0.5827150344848633,-0.2068389654159546,-0.24466261267662048
1773925010.682253,-0.2856217089460903,-0.47893633501315497,-0.14212500222016244,-0.5373296834521626,-0.06596285104751587,-0.596201479434967,-0.2068408727645874,-0.2446553260087967
1773925010.8869705,-0.3025718744044419,-0.48920238271561406,-0.16201035828381993,-0.5488513343925188,-0.08300428837537766,-0.6102672815322876,-0.20684178173542023,-0.24465057253837585
1773925011.0839105,-0.31939611970000586,-0.49770537914808627,-0.18199707687709654,-0.5583419543461567,-0.10066430270671844,-0.621572732925415,-0.20684993267059326,-0.2446364462375641
1773925011.2857218,-0.33676419815020603,-0.5048160634069968,-0.20244301873933856,-0.5663782108592259,-0.11913101375102997,-0.6313661336898804,-0.20684729516506195,-0.24465103447437286
1773925011.4852092,-0.3558345059467612,-0.5109187057292736,-0.22460588155408567,-0.5732454972195807,-0.1374501734972,-0.6403971910476685,-0.20685066282749176,-0.2446458786725998
1773925011.686353,-0.3746261253112045,-0.5153083825468163,-0.24654583087006154,-0.5783031276453452,-0.15818378329277039,-0.6476073861122131,-0.2068527489900589,-0.24464106559753418
1773925011.8904774,-0.3925329965288471,-0.518223466837349,-0.2675116343224181,-0.5817063560652007,-0.17760112881660461,-0.6535807251930237,-0.20685583353042603,-0.2446373850107193
1773925012.0872085,-0.4123664427656785,-0.5198599871603814,-0.2904591295001193,-0.5838912889971244,-0.19773833453655243,-0.6579675674438477,-0.20686374604701996,-0.24464066326618195
1773925012.2873943,-0.43101130223014295,-0.5199618243843417,-0.3123482066127904,-0.5842092958876536,-0.21809928119182587,-0.6606056690216064,-0.20685070753097534,-0.2446608543395996
1773925012.4891546,-0.4498110751334531,-0.5185329841166239,-0.3343723503798821,-0.5830267123710459,-0.2395215779542923,-0.6620846390724182,-0.20685143768787384,-0.24464178085327148
1773925012.6908045,-0.46962102213688756,-0.5157924366448982,-0.35754249333379406,-0.5801783885288505,-0.26060646772384644,-0.6626001000404358,-0.20687055587768555,-0.2446751892566681
1773925012.8902316,-0.48796865739251916,-0.5121061712383743,-0.3790848161571094,-0.5759155534560116,-0.2816985845565796,-0.6621038317680359,-0.20687340199947357,-0.2446495145559311
1773925013.0920408,-0.5059740802321473,-0.5065994193385253,-0.4002275306131291,-0.5701416137042329,-0.30364662408828735,-0.6588290333747864,-0.2068491131067276,-0.24463394284248352
1773925013.291612,-0.524815456662745,-0.49931152768726644,-0.4221895467535326,-0.56242489629578,-0.3236178457736969,-0.6541691422462463,-0.2068576216697693,-0.24463607370853424
1773925013.4926016,-0.5423718925559714,-0.4914607959437122,-0.4428633214515494,-0.5534547286410874,-0.3444666564464569,-0.6480678915977478,-0.20685844123363495,-0.24464529752731323
1773925013.6926563,-0.5589223817331324,-0.48208966250019203,-0.46224340896933147,-0.5431104909185176,-0.3644610643386841,-0.6408342123031616,-0.20684267580509186,-0.2446286678314209
1773925013.8945396,-0.5753370880893858,-0.471141366493967,-0.4815660907836059,-0.5307882127346462,-0.38475313782691956,-0.6309770941734314,-0.20685724914073944,-0.24463675916194916
1773925014.0939925,-0.5906627623186192,-0.4590745800095171,-0.49967356434807897,-0.5171773496736731,-0.4037022888660431,-0.6203061938285828,-0.20684970915317535,-0.24462896585464478
1773925014.2949457,-0.6047292592701924,-0.4457486004856129,-0.5163313472394064,-0.5025069875269237,-0.4225555956363678,-0.6075040102005005,-0.2068646103143692,-0.2446357160806656
1773925014.495144,-0.6171649492504381,-0.43243230739302657,-0.5311602353597569,-0.48728466462680076,-0.43857210874557495,-0.594524621963501,-0.20687635242938995,-0.24462789297103882
1773925014.6973717,-0.6297149304365851,-0.4164762815309035,-0.5459517899603128,-0.46966386865653487,-0.4537709057331085,-0.5807995796203613,-0.20684681832790375,-0.2446252405643463
1773925014.8969572,-0.6406386065162469,-0.39987049367793415,-0.5590497954128852,-0.4514609469708122,-0.46751898527145386,-0.5648812651634216,-0.2068709284067154,-0.244639590382576
1773925015.0994694,-0.6510309351549121,-0.3820775852680792,-0.5714882034899933,-0.43194720008636867,-0.4812817871570587,-0.5482092499732971,-0.20686140656471252,-0.24463173747062683
1773925015.3000689,-0.6597220259553342,-0.3652471077976435,-0.58207138535934,-0.4131312525874169,-0.4918767809867859,-0.5332549810409546,-0.2068668156862259,-0.24465423822402954
1773925015.497936,-0.6677821453779613,-0.3475711598185377,-0.5918823853168131,-0.3936511812400849,-0.5039770603179932,-0.5148286819458008,-0.2068561315536499,-0.24464307725429535
1773925015.6990848,-0.6753508931703575,-0.3285068822826299,-0.6009232352825717,-0.37268413985860027,-0.514642059803009,-0.49580830335617065,-0.2068505883216858,-0.2446434199810028
1773925015.8995266,-0.6817543195262499,-0.3095623851389202,-0.6086698714292824,-0.35177936452620395,-0.5243250131607056,-0.47758808732032776,-0.2068609595298767,-0.24466055631637573
1773925016.100192,-0.6874088531798112,-0.289973041226761,-0.6155236081235995,-0.330133647088652,-0.5328623056411743,-0.458028644323349,-0.20684947073459625,-0.2446475327014923
1773925016.3038456,-0.6924409214622306,-0.2686926451143773,-0.6216168805423734,-0.30662682856767653,-0.5419487953186035,-0.4349115192890167,-0.20684178173542023,-0.2446470856666565
1773925016.5021665,-0.6965122504144352,-0.24649783122338445,-0.6265596118080519,-0.28232511646732705,-0.5493022799491882,-0.41091153025627136,-0.20685233175754547,-0.24465446174144745
1773925016.7023427,-0.6996749860843603,-0.2212934137003933,-0.6304787086559922,-0.25503278898048154,-0.5551586151123047,-0.3870125114917755,-0.20684918761253357,-0.2446371465921402
1773925016.9034095,-0.7009833870845062,-0.19778145065981348,-0.6325248287396255,-0.22943861035282542,-0.559012234210968,-0.36202260851860046,-0.20684871077537537,-0.24464015662670135
1773925017.1045592,-0.7010119672605689,-0.1735604123094264,-0.6330521339715025,-0.20312447949981194,-0.5628326535224915,-0.33768001198768616,-0.20684711635112762,-0.2446427196264267
1773925017.3048413,-0.699596054279251,-0.1482780773123361,-0.6320030399867571,-0.17574479199864768,-0.5644664764404297,-0.31267932057380676,-0.2068602591753006,-0.2446133941411972
1773925017.506593,-0.6968269448640818,-0.12464456730432251,-0.6296079493998417,-0.15011434468646834,-0.5647705793380737,-0.2875177562236786,-0.20684455335140228,-0.2446264773607254
1773925017.7068357,-0.6929876095736659,-0.10102113000708239,-0.6259581675697219,-0.12438719853391689,-0.5638362169265747,-0.2640339136123657,-0.20684096217155457,-0.24464967846870422
1773925017.907854,-0.6876741718696461,-0.0762407264561224,-0.6207681583401101,-0.0976127428603335,-0.5615925192832947,-0.23990494012832642,-0.20685574412345886,-0.2446415275335312
1773925018.1075091,-0.6811114543661028,-0.051847799556228535,-0.6142286812632765,-0.0712121618901922,-0.558386504650116,-0.2138947695493698,-0.20685987174510956,-0.24465018510818481
1773925018.3082242,-0.6736422826340774,-0.029181012120581995,-0.6067110564609617,-0.046563118621626653,-0.553138792514801,-0.18986786901950836,-0.20685312151908875,-0.24465954303741455
1773925018.5086727,-0.6653288523332204,-0.007070071493498968,-0.5979028004314952,-0.02230883635879266,-0.5479863882064819,-0.16632936894893646,-0.20683856308460236,-0.24466560781002045
1773925018.7087898,-0.6553382313003036,0.0152358250114869,-0.5874242044670339,0.001995290560073304,-0.5401991009712219,-0.14278081059455872,-0.2068539410829544,-0.24465058743953705
1773925018.909751,-0.6440734164596924,0.037401921718845085,-0.5754949625417078,0.026135527823448967,-0.5316054224967957,-0.11897590011358261,-0.20685982704162598,-0.24462969601154327
1773925019.1101263,-0.6317287423160927,0.05746998642063953,-0.5630292682587026,0.048294421311460445,-0.5217039585113525,-0.09663476049900055,-0.20685771107673645,-0.24465730786323547
1773925019.311449,-0.6188041092141512,0.07713790943741158,-0.549286971568846,0.06989783975372821,-0.5111689567565918,-0.07395024597644806,-0.2068648785352707,-0.24465392529964447
1773925019.5113056,-0.6042454590211538,0.09646984086540175,-0.5340417720045052,0.09116236037449488,-0.498540461063385,-0.05343318730592728,-0.20685619115829468,-0.24465103447437286
1773925019.7137678,-0.5884336592535995,0.11623841590901515,-0.5169026668733081,0.11282020773424284,-0.48524466156959534,-0.03170467168092728,-0.20685432851314545,-0.24463528394699097
1773925019.9149666,-0.5722689254335988,0.13465612644349442,-0.4992747715447319,0.13295936507189232,-0.47036412358283997,-0.01109272614121437,-0.20686018466949463,-0.24463438987731934
1773925020.1147563,-0.5554195651538766,0.151683362094828,-0.4809623252272983,0.15165763902966445,-0.45650845766067505,0.006596005521714687,-0.20687109231948853,-0.24465185403823853
1773925020.3152688,-0.537205144394845,0.16872955978860288,-0.46104347862730033,0.17028737023769258,-0.4400646984577179,0.026529718190431595,-0.20687153935432434,-0.24464501440525055
1773925020.5134335,-0.5188989700368574,0.18412130752411482,-0.44079982900594894,0.18728171133964966,-0.4236050844192505,0.042035818099975586,-0.2068546861410141,-0.24462491273880005
1773925020.7165344,-0.49956768986054795,0.19902814458402618,-0.41948413252698025,0.20367466977424264,-0.40486592054367065,0.06010318174958229,-0.20687133073806763,-0.2446424812078476
1773925020.9161723,-0.48080734976388273,0.21197636702455935,-0.39876338353412244,0.21796056627649008,-0.3849426507949829,0.07676094025373459,-0.20686817169189453,-0.2446516454219818
1773925021.1181607,-0.4594914317929065,0.2252601007833842,-0.37532333885609015,0.23247199004439034,-0.36553987860679626,0.09220284223556519,-0.20685479044914246,-0.24463969469070435
1773925021.3186705,-0.43784081024967486,0.23682467031712048,-0.35157946761418424,0.2451874471316562,-0.34386226534843445,0.10628041625022888,-0.20686277747154236,-0.2446497231721878
1773925021.5183306,-0.41745538776835733,0.246308141292177,-0.32899606183506014,0.2557993122091551,-0.32355690002441406,0.11914060264825821,-0.20686912536621094,-0.24465727806091309
1773925021.7171307,-0.39389372598971956,0.2558457978369259,-0.3030511109215739,0.26627419987672196,-0.30105262994766235,0.13058608770370483,-0.20686501264572144,-0.24463871121406555
1773925021.9201732,-0.3707965198266093,0.2637838598383178,-0.277404416760752,0.2750159846638518,-0.27817201614379883,0.14113622903823853,-0.20686893165111542,-0.24464818835258484
1773925022.5275252,-0.2858779826472839,0.2812134064448255,-0.18815452080673356,0.29346413469729327,-0.20508426427841187,0.1657557636499405,-0.20683324337005615,-0.24466818571090698
1773925022.7221894,-0.2773929083854589,0.28170698447331094,-0.17579063257804262,0.2944662649426999,-0.18324843049049377,0.17010052502155304,-0.20685194432735443,-0.24464604258537292
1773925022.9232454,-0.25414105567685114,0.2825285377137643,-0.14860127197765194,0.2956367420167747,-0.15647068619728088,0.17382952570915222,-0.20683448016643524,-0.2446613609790802
1773925023.1243887,-0.23127780402366657,0.2819804048600805,-0.12173466084332085,0.2950166345608327,-0.13253818452358246,0.1755136400461197,-0.20684386789798737,-0.24463964998722076
1773925023.3249874,-0.20255016007949045,0.27937422121377264,-0.08889641903654999,0.2923019020944104,-0.10840599983930588,0.17595012485980988,-0.2068384885787964,-0.24465049803256989
1773925023.5252569,-0.17796586518529514,0.27553063746235357,-0.060135450391222145,0.28807418800340123,-0.08318927884101868,0.1751861721277237,-0.20684538781642914,-0.24463245272636414
1773925023.7252069,-0.15902033223843992,0.2715190656755755,-0.037323113453972434,0.28351760476675336,-0.058487582951784134,0.17357230186462402,-0.20683729648590088,-0.24464857578277588
1773925023.9263105,-0.13621628712985073,0.26567718316735783,-0.010680816194051479,0.2768460393392238,-0.03413236141204834,0.17051684856414795,-0.20684686303138733,-0.24463042616844177
1773925024.1269808,-0.11266590572472694,0.2584027645699997,0.01667809579567059,0.26837581074056605,-0.009245026856660843,0.16561199724674225,-0.20683971047401428,-0.24463516473770142
1773925024.327097,-0.08853046583366937,0.2493251669240523,0.04464189101535743,0.2579889559131905,0.014967112801969051,0.15970765054225922,-0.2068323791027069,-0.244643896818161
1773925024.5277255,-0.07375384393522487,0.24307897965556197,0.062861276077947,0.25012327112153754,0.038472939282655716,0.1534653902053833,-0.2068602442741394,-0.24463558197021484
1773925024.7284186,-0.053455220725645264,0.23322271715879064,0.08646231311363406,0.2384973654996585,0.06213861703872681,0.1446864753961563,-0.2068415880203247,-0.24462994933128357
1773925024.9294722,-0.03328610836972322,0.22169594908059406,0.10971457337350521,0.22531999423201454,0.08406320959329605,0.1353670060634613,-0.2068588137626648,-0.24464023113250732
1773925025.1301765,-0.01528447548267094,0.2102260278577408,0.13063016346881628,0.21214678110406826,0.1061909943819046,0.12462218850851059,-0.2068483829498291,-0.2446473240852356
1773925025.331895,0.004561477508544831,0.19648070711092888,0.15345485132296632,0.19619814262166324,0.1294022500514984,0.1128256618976593,-0.20683936774730682,-0.2446853220462799
1773925025.5326843,0.021487655720861965,0.18350469283547338,0.17296511457743036,0.18097636750315416,0.1509678214788437,0.09949243813753128,-0.20681382715702057,-0.24465727806091309
1773925025.732315,0.0398974330841083,0.16760893572954869,0.19380911746530716,0.16271159671824198,0.1713019460439682,0.0861554741859436,-0.2068534940481186,-0.24464258551597595
1773925025.9359279,0.055501918129597344,0.15230048422053788,0.21183701557171708,0.14504726891421416,0.19147780537605286,0.07024107128381729,-0.20684975385665894,-0.2446599006652832
1773925026.1347115,0.07505918631317414,0.13092098754187273,0.23363148982621507,0.1209031932688529,0.2104129195213318,0.054620161652565,-0.20685580372810364,-0.24464476108551025
1773925026.3346534,0.08724304992099544,0.11610622417247309,0.24780925038694734,0.1031839995823991,0.2289479821920395,0.03646818920969963,-0.20685483515262604,-0.2446374148130417
1773925026.5354636,0.10431848042630361,0.09233620942666439,0.2667741609704663,0.07628280500189555,0.2453998327255249,0.017894217744469643,-0.20686224102973938,-0.24463391304016113
1773925026.7391515,0.11345309114502672,0.07817244685248466,0.27748712257067865,0.059199509698595554,0.2621248960494995,-0.0019390603993088007,-0.20684896409511566,-0.24462801218032837
1773925026.9369473,0.12455428727146363,0.05895390210965961,0.289968542625663,0.036936666032827636,0.2755848467350006,-0.02207857370376587,-0.2068578600883484,-0.24464130401611328
1773925027.1392515,0.13550937612268946,0.03687541453484565,0.3021894158930657,0.01185794019809805,0.2891766130924225,-0.0418679378926754,-0.20684963464736938,-0.2446461319923401
1773925027.3399014,0.14380783784566278,0.016397425976643204,0.3116200194613252,-0.011477391719554975,0.300589382648468,-0.06373658031225204,-0.20685172080993652,-0.24464420974254608
1773925027.540492,0.15147161658777336,-0.004472781241831645,0.31993749701544777,-0.03570409103221728,0.311270534992218,-0.085262231528759,-0.20685553550720215,-0.24463340640068054
1773925027.7402058,0.15916537339330566,-0.03322237549511921,0.3283692565153239,-0.0675895791267822,0.32064417004585266,-0.10874442756175995,-0.20685100555419922,-0.2446460872888565
1773925027.9403954,0.16266573327033063,-0.049424620672592935,0.3322475992299851,-0.0870434002760776,0.32896047830581665,-0.13246315717697144,-0.20684579014778137,-0.24462975561618805
1773925028.1415799,0.16624882116955855,-0.07158310333366454,0.33605390000201874,-0.11229929601177813,0.3352747857570648,-0.15581484138965607,-0.2068445384502411,-0.2446456104516983
1773925028.3433723,0.1688512532211674,-0.10087999958597069,0.33886352496697586,-0.14489643367557248,0.34046345949172974,-0.18057842552661896,-0.20683056116104126,-0.2446504384279251
1773925028.743474,0.16932673249630803,-0.1421648726698677,0.33888095691224585,-0.18962800885363862,0.345569372177124,-0.23141354322433472,-0.20683546364307404,-0.24463605880737305
1773925028.9435563,0.16793506988540902,-0.16752681916725068,0.3367751443512893,-0.21835759120511544,0.346172571182251,-0.25483402609825134,-0.2068537473678589,-0.24464936554431915
1773925029.345244,0.15962611774739707,-0.22176794237112077,0.3272751024154724,-0.27637386102354866,0.3444787859916687,-0.30548226833343506,-0.20685435831546783,-0.24465034902095795
1773925029.545884,0.15606303803889246,-0.2368913541302028,0.3227465501307616,-0.29471832382807084,0.34084245562553406,-0.32910922169685364,-0.20685100555419922,-0.24466374516487122
1773925029.7461028,0.147700541792751,-0.26556006386255315,0.3132178715954775,-0.3266277145537615,0.33712539076805115,-0.3535371720790863,-0.2068585902452469,-0.24463966488838196
1773925029.9461677,0.14265480849982265,-0.2808459384021601,0.3065967268288454,-0.3450792860798173,0.33079883456230164,-0.37779000401496887,-0.20686644315719604,-0.24464380741119385
1773925030.1509793,0.13293352691265792,-0.30468614622585205,0.29560483900648943,-0.3719344178794184,0.32361042499542236,-0.40126609802246094,-0.2068624198436737,-0.24465376138687134
1773925030.3493094,0.12414909737147489,-0.3237199370930598,0.28530565688929155,-0.3937057157760089,0.31542932987213135,-0.4254697859287262,-0.2068592607975006,-0.2446422576904297
1773925030.5537612,0.112584669387955,-0.3461122203240612,0.27156182967216413,-0.41900116339067806,0.3050214946269989,-0.45103970170021057,-0.20685119926929474,-0.24466915428638458
1773925030.7488513,0.10144461445167047,-0.36432706813425136,0.2585283656752843,-0.4398490700899673,0.29501786828041077,-0.47232717275619507,-0.20684944093227386,-0.24461956322193146
1773925030.9538019,0.08952168887529897,-0.3818911748368459,0.24456206888379806,-0.4597706322081969,0.28330788016319275,-0.4953801929950714,-0.2068396955728531,-0.24464277923107147
1773925031.154546,0.07490146868074286,-0.40036613135353183,0.22822128953733511,-0.4804609607942314,0.26960664987564087,-0.5147067904472351,-0.20684823393821716,-0.24464648962020874
1773925031.351957,0.06015551908888276,-0.4179753953488425,0.21101431597006742,-0.5002558820725975,0.2573736310005188,-0.5334625840187073,-0.2068568468093872,-0.24464716017246246
1773925031.556557,0.04199035752348379,-0.4367871792280462,0.19014911336342805,-0.5210864031735836,0.24022869765758514,-0.5541333556175232,-0.20685026049613953,-0.24464255571365356
1773925031.7582903,0.02160620974053584,-0.4548828235398502,0.16696667624543804,-0.5412876865691093,0.22560785710811615,-0.5705247521400452,-0.2068450152873993,-0.2446216493844986
1773925031.958669,0.00862024282624,-0.46522069156514567,0.15154813291962055,-0.5533445499019748,0.20803335309028625,-0.5892509818077087,-0.20684073865413666,-0.2446504533290863
1773925032.1573837,-0.009692074698115446,-0.4781319616883182,0.1308726310913827,-0.5679379125796623,0.1881326287984848,-0.6049458980560303,-0.2068578004837036,-0.24464556574821472
1773925032.3570187,-0.030337402773681,-0.49115149398539704,0.10796834628821395,-0.5825331992424218,0.1710241436958313,-0.6203011274337769,-0.2068558931350708,-0.24464711546897888
1773925032.5576596,-0.05118320399824798,-0.5024028209417298,0.08462792250733986,-0.5952388924325879,0.14873024821281433,-0.6344619393348694,-0.20686432719230652,-0.24464288353919983
1773925032.7567837,-0.07325080496355746,-0.5128301647025384,0.06026789027278234,-0.6070813598582092,0.1286378651857376,-0.6473947763442993,-0.2068690061569214,-0.24463455379009247
1773925032.9575727,-0.09546691726584168,-0.5220856400850712,0.035299716304314055,-0.6174743682857492,0.10633520036935806,-0.6597647070884705,-0.2068634033203125,-0.24463647603988647
1773925033.159541,-0.11763411716691737,-0.5300642327358056,0.010077276705888982,-0.6262954796352296,0.08310963213443756,-0.6709523797035217,-0.2068570852279663,-0.24464020133018494
1773925033.3591702,-0.1404275053645519,-0.536487268844871,-0.015450145384321545,-0.6335992238914558,0.0603853315114975,-0.6798826456069946,-0.20685742795467377,-0.24464786052703857
1773925033.5596855,-0.16577948713233423,-0.542009470433522,-0.04364053733045592,-0.6397754259617618,0.036536093801259995,-0.6889322996139526,-0.2068561166524887,-0.24463464319705963
1773925033.7593548,-0.18686620028422,-0.5455381684549712,-0.06761474695962977,-0.6436600881726378,0.012016799300909042,-0.6948960423469543,-0.2068701982498169,-0.2446722388267517
1773925033.9598706,-0.20839371287707417,-0.547990026215182,-0.09179825314251944,-0.6464547947650454,-0.011634690687060356,-0.7008533477783203,-0.20685826241970062,-0.24463880062103271
1773925034.1609213,-0.23529722527657246,-0.5492732591123188,-0.12138863276547762,-0.64801705811749,-0.03689604252576828,-0.7044036984443665,-0.20685860514640808,-0.24463605880737305
1773925034.3608835,-0.25723145380327317,-0.5492247011815143,-0.14602655566456002,-0.6480322326603293,-0.06232719495892525,-0.706726610660553,-0.2068522721529007,-0.2446528822183609
1773925034.5631564,-0.2801098706055665,-0.5478367230066573,-0.17145295375275704,-0.6467381232478138,-0.0866265594959259,-0.708307683467865,-0.20686028897762299,-0.2446494698524475
1773925034.7634082,-0.3042361417806188,-0.5450185032064075,-0.19820402470428866,-0.6439046725887699,-0.11270780116319656,-0.7077797651290894,-0.20686529576778412,-0.24465703964233398
1773925034.9644582,-0.3281375956408204,-0.541232500209136,-0.22512453401512056,-0.6395205469378671,-0.13604378700256348,-0.7067990303039551,-0.20686376094818115,-0.24463194608688354
1773925035.1652079,-0.3497638487725043,-0.536371002008877,-0.24944452793861172,-0.6341797396052372,-0.15891508758068085,-0.7037700414657593,-0.20686787366867065,-0.24464507400989532
1773925035.3643546,-0.37292478766379966,-0.5297196101677597,-0.2754276199379977,-0.6269664812029678,-0.18327771127223969,-0.6994720101356506,-0.2068750113248825,-0.24463987350463867
1773925035.5651782,-0.3962629445077106,-0.5215859658848175,-0.30147885318066636,-0.6181882834880125,-0.20608092844486237,-0.6942415237426758,-0.2068704515695572,-0.24465450644493103
1773925035.7655077,-0.4169421074249865,-0.5128353923905199,-0.32485123744261424,-0.6086720615018094,-0.22926516830921173,-0.6879678964614868,-0.20686908066272736,-0.24464456737041473
1773925035.967706,-0.4440500717721226,-0.4995052238715439,-0.35493941271166096,-0.594102683854499,-0.25340771675109863,-0.6791037917137146,-0.20686331391334534,-0.24464046955108643
1773925036.1699479,-0.45994923580974195,-0.49033904502303693,-0.3735248382676628,-0.5837548055428922,-0.2756907343864441,-0.6695337891578674,-0.20687443017959595,-0.24465049803256989
1773925036.3693686,-0.47901735146561786,-0.4785422695455882,-0.39514518780878216,-0.5706262118367935,-0.29852399230003357,-0.6588495969772339,-0.2068641036748886,-0.24465154111385345
1773925036.5695364,-0.49857903618310007,-0.4649616822607406,-0.417200334731753,-0.5555040545179685,-0.3210872411727905,-0.6465774178504944,-0.2068796306848526,-0.24464930593967438
1773925036.769083,-0.517447694400264,-0.4502743240943709,-0.4385872079789921,-0.5389331954994931,-0.3415682017803192,-0.6330448985099792,-0.20685982704162598,-0.2446565330028534
1773925036.9688463,-0.5345307491381915,-0.4353441744039702,-0.4579536662057284,-0.522171193314471,-0.36205607652664185,-0.6189423203468323,-0.20686429738998413,-0.24465201795101166
1773925037.1715858,-0.5557092183973168,-0.41371239701827284,-0.4815129066190651,-0.4985624804478055,-0.3824721574783325,-0.6032235026359558,-0.2068597823381424,-0.24464526772499084
1773925037.3733428,-0.5672127562730638,-0.4008179833253748,-0.49512258568261935,-0.4835045809061953,-0.4012816250324249,-0.585618257522583,-0.2068278044462204,-0.24466927349567413
1773925037.5734258,-0.5812883177952449,-0.3838485126946628,-0.5111795231400318,-0.4646308813851361,-0.41919803619384766,-0.5689508318901062,-0.20685821771621704,-0.24464377760887146
1773925037.7725492,-0.5965890708176743,-0.3639755291804064,-0.5283665901945498,-0.4427748986260225,-0.4370408058166504,-0.5491833686828613,-0.20685453712940216,-0.24462570250034332
1773925037.9737518,-0.6095965666940565,-0.34622305268341397,-0.5431932805180604,-0.42270144395188014,-0.4517059922218323,-0.532265841960907,-0.20685967803001404,-0.24465185403823853
1773925038.1744256,-0.6268859584541263,-0.3215601934324738,-0.5621778980263439,-0.39545945475973054,-0.46785837411880493,-0.5120282769203186,-0.20684365928173065,-0.24466532468795776
1773925038.3758442,-0.6387455386297989,-0.3037636973389594,-0.5757648394731207,-0.37518553094846685,-0.4835593104362488,-0.493978351354599,-0.20684923231601715,-0.2446461170911789
1773925038.5761456,-0.6504104847179306,-0.2857376252621299,-0.5888777544977293,-0.35468153062003194,-0.4985252320766449,-0.47442662715911865,-0.20686329901218414,-0.24465250968933105
1773925038.776143,-0.6623795981125661,-0.2662895551950092,-0.6022715560803007,-0.33267535792983494,-0.5141506791114807,-0.4547317922115326,-0.20686140656471252,-0.24464139342308044
1773925038.976564,-0.6759983875081782,-0.24340099862411385,-0.6171945868536668,-0.3070286747836257,-0.5271862149238586,-0.43558257818222046,-0.2068631947040558,-0.24464185535907745
1773925039.1779463,-0.6867356546536632,-0.22485043505684743,-0.6291431601222435,-0.28578546120289783,-0.5423253774642944,-0.4148447513580322,-0.20686231553554535,-0.24464327096939087
1773925039.3778348,-0.697565669462589,-0.20546771686616974,-0.6410801911578439,-0.263744833924606,-0.5550715923309326,-0.3944237530231476,-0.20686423778533936,-0.24463161826133728
1773925039.5780318,-0.7085287998212502,-0.18559871166452385,-0.6527961289854551,-0.2409663008308971,-0.5685427188873291,-0.3734471797943115,-0.20686712861061096,-0.2446187138557434
1773925039.7796988,-0.7197673111388849,-0.16276757438607828,-0.6648292095235868,-0.2151441270198935,-0.581709623336792,-0.3521178364753723,-0.20687448978424072,-0.24463514983654022
1773925039.980408,-0.7288809552161151,-0.142151001874664,-0.6745767787185424,-0.19161833069548795,-0.5924060940742493,-0.33028045296669006,-0.206858828663826,-0.24464796483516693
1773925040.181185,-0.7380758203120416,-0.11763854863292172,-0.6843468878669907,-0.16395188924700332,-0.6033565998077393,-0.30758973956108093,-0.20685407519340515,-0.24465084075927734
1773925040.3818786,-0.7442177152405401,-0.09757214683989712,-0.6909302763038803,-0.14080359826392042,-0.6130318641662598,-0.2849954664707184,-0.20686838030815125,-0.24464447796344757
1773925040.5820744,-0.7493060883561095,-0.07522338071855515,-0.6962939502547478,-0.11540319921657094,-0.6213178634643555,-0.2597868740558624,-0.20685900747776031,-0.24466443061828613
1773925040.78351,-0.7528508800360515,-0.05321654168051591,-0.6998699665778025,-0.09039574237087589,-0.6273130178451538,-0.23654092848300934,-0.20686933398246765,-0.24464592337608337
1773925040.9838839,-0.7544826963543353,-0.027998439083298295,-0.7015203050049406,-0.06218214729012228,-0.6312257647514343,-0.21185402572155,-0.20686976611614227,-0.2446436583995819
1773925041.184558,-0.7536054799436946,-0.005323701718668887,-0.7004458727702196,-0.03647484003068224,-0.6324390769004822,-0.18684574961662292,-0.20686817169189453,-0.24465525150299072
1773925041.3847182,-0.7505046120938361,0.01807123577589663,-0.6968936414325992,-0.010011731396503798,-0.6319020390510559,-0.16119086742401123,-0.20687364041805267,-0.24463051557540894
1773925041.586223,-0.7453130223303557,0.04070611307283578,-0.6911768482803582,0.01556488758755492,-0.6290900707244873,-0.1364266574382782,-0.2068699300289154,-0.24463243782520294
1773925041.7863953,-0.737570197302215,0.06382539981184909,-0.6827428924300847,0.04165106229109394,-0.6232254505157471,-0.11222677677869797,-0.20686915516853333,-0.24464063346385956
1773925041.986486,-0.7288813682750199,0.08339309769776289,-0.6731630738307153,0.06422763344982418,-0.6164114475250244,-0.08926966041326523,-0.20686979591846466,-0.24463069438934326
1773925042.1904066,-0.7158896180103902,0.10649545314456195,-0.6589745414002526,0.09042231652196309,-0.6062775254249573,-0.06573589891195297,-0.2068755030632019,-0.24464520812034607
1773925042.3916652,-0.7037314802867202,0.12389259706200323,-0.6454324970747103,0.11069152715895858,-0.5955442190170288,-0.04435496777296066,-0.20686641335487366,-0.24464106559753418
1773925042.5891545,-0.6896286271938064,0.14091024945646258,-0.6298076320001631,0.13020788084607715,-0.5817670226097107,-0.022454924881458282,-0.20686177909374237,-0.24464035034179688
1773925042.7897627,-0.6723257229975349,0.15772753361333453,-0.6110640427878997,0.14947030139439899,-0.5657856464385986,-0.0031642764806747437,-0.2068629115819931,-0.24465319514274597
1773925042.9901743,-0.6433652346596079,0.18051035137487234,-0.5800965051921538,0.17487889339566642,-0.5497588515281677,0.014280871488153934,-0.20686759054660797,-0.24465912580490112
1773925043.1914032,-0.6348379242490406,0.18539365688482592,-0.5698009142892175,0.18205490710532524,-0.5302319526672363,0.031427301466464996,-0.2068714201450348,-0.24466654658317566
1773925043.392753,-0.6036359564025553,0.20244452440761493,-0.5364111463505612,0.2015524916835143,-0.5109972357749939,0.04548949748277664,-0.20686125755310059,-0.24465900659561157
1773925043.5922575,-0.5815780918563647,0.2119916937850952,-0.5120935510368136,0.21326503518559026,-0.48976930975914,0.05940210446715355,-0.2068488746881485,-0.24465692043304443
1773925043.7935367,-0.5595845945520309,0.22019678409304747,-0.48777291285875224,0.22350312785833948,-0.4686134159564972,0.07140126079320908,-0.20685438811779022,-0.2446521371603012
1773925043.9932446,-0.5368052829835441,0.22762559785103084,-0.46265685903262965,0.23278037223424608,-0.44584500789642334,0.08361008018255234,-0.20685186982154846,-0.24464938044548035
1773925044.1953,-0.5133030030655711,0.2347011319254618,-0.4367205232191751,0.24162574011165572,-0.42303553223609924,0.0928705483675003,-0.20687663555145264,-0.2446272373199463
1773925044.3949654,-0.4921121112388557,0.24096857503854227,-0.4132343877694804,0.2495381292430512,-0.39951905608177185,0.10260405391454697,-0.20686039328575134,-0.2446383833885193
1773925044.5953994,-0.47178725445520164,0.24751087501451297,-0.39022985003331145,0.2575824994555813,-0.3880673348903656,0.10754714161157608,-0.20686101913452148,-0.24463047087192535
1773925044.7956865,-0.4720033326927145,0.24672773468792789,-0.3878955063808247,0.25842914259465544,-0.3879604637622833,0.10755981504917145,-0.20686718821525574,-0.24464139342308044
1773925044.9979131,-0.47448069299487455,0.2451721636309112,-0.38789548010296215,0.258429152158308,-0.3879529535770416,0.10755633562803268,-0.20686478912830353,-0.24464453756809235
1773925045.197869,-0.47692915613623205,0.24375556575310556,-0.38789548010296215,0.258429152158308,-0.3879433572292328,0.10754438489675522,-0.2068653106689453,-0.24464213848114014
1773925045.3990793,-0.47926913429322665,0.24235674052097328,-0.38789548010296215,0.258429152158308,-0.38794493675231934,0.10754693299531937,-0.20685988664627075,-0.2446380853652954
1773925045.598503,-0.4814745473054328,0.2409299266007808,-0.38789548010296215,0.258429152158308,-0.38794180750846863,0.10755358636379242,-0.20685335993766785,-0.244646817445755
1773925045.8005824,-0.4836969580833739,0.23967373626382857,-0.38789548010296215,0.258429152158308,-0.3879401385784149,0.10755468904972076,-0.206856369972229,-0.24463358521461487
1773925046.001399,-0.48579054991908055,0.23839749466163204,-0.38789548010296215,0.258429152158308,-0.38794082403182983,0.10755607485771179,-0.206854447722435,-0.24464431405067444
1773925046.2014914,-0.4878547165694057,0.23721496732191066,-0.38789548010296215,0.258429152158308,-0.3879409432411194,0.10755055397748947,-0.2068488746881485,-0.24464848637580872
1773925046.4024293,-0.48980625515296794,0.2360236419337216,-0.38789548010296215,0.258429152158308,-0.38789093494415283,0.10749466717243195,-0.2068483978509903,-0.24463580548763275
1773925046.603418,-0.49171342069176804,0.23493222967010907,-0.38789548010296215,0.258429152158308,-0.3878907263278961,0.10749739408493042,-0.2068551778793335,-0.24461352825164795
1773925046.8200326,-0.4935457177890742,0.233727411426251,-0.38789548010296215,0.258429152158308,-0.38789957761764526,0.10750268399715424,-0.2069878727197647,-0.24387013912200928
1773925047.0049875,-0.4953923506873998,0.23253112131360898,-0.38789548010296215,0.258429152158308,-0.38787510991096497,0.10748022794723511,-0.20705969631671906,-0.2435101717710495
1773925047.2046487,-0.4973926272622991,0.2313331034685462,-0.38789548010296215,0.258429152158308,-0.3879357874393463,0.10756571590900421,-0.20734810829162598,-0.24333104491233826
1773925047.4081013,-0.49884357355381426,0.23025241488964318,-0.38789548010296215,0.258429152158308,-0.3879319131374359,0.10756948590278625,-0.2082894742488861,-0.24360467493534088
1773925047.6067543,-0.5005976802529687,0.22910004812547266,-0.38789548010296215,0.258429152158308,-0.38794195652008057,0.10756022483110428,-0.20915141701698303,-0.2433609962463379
1773925047.8075047,-0.5020224861869654,0.22814721351489492,-0.38789548010296215,0.258429152158308,-0.38795971870422363,0.10756804794073105,-0.20796623826026917,-0.24210304021835327
1773925048.0077946,-0.5037495194319931,0.22721005195874142,-0.38789548010296215,0.258429152158308,-0.3879522383213043,0.1075596958398819,-0.2085084617137909,-0.24113938212394714
1773925048.2079344,-0.5052702770252211,0.22638184671547576,-0.38789548010296215,0.258429152158308,-0.38795068860054016,0.10755378007888794,-0.2088436633348465,-0.2411136031150818
1773925048.4093673,-0.5067251565041198,0.22555590470263814,-0.38789548010296215,0.258429152158308,-0.38795751333236694,0.10754849761724472,-0.20932336151599884,-0.24038077890872955
1773925048.610157,-0.5079022597253575,0.22463354421808024,-0.38789548010296215,0.258429152158308,-0.3879547119140625,0.10754972696304321,-0.20975857973098755,-0.23964627087116241
1773925048.810023,-0.5089388266622157,0.2236935768595834,-0.38789548010296215,0.258429152158308,-0.38795289397239685,0.10754720866680145,-0.21025434136390686,-0.23855072259902954
1773925049.010519,-0.5096704879529341,0.2228714688316375,-0.38789548010296215,0.258429152158308,-0.38795268535614014,0.1075434610247612,-0.21104872226715088,-0.23767021298408508
1773925049.211096,-0.5103082563875161,0.22219333040037426,-0.38789548010296215,0.258429152158308,-0.38795149326324463,0.10755036771297455,-0.21115098893642426,-0.23674170672893524
1773925049.4114993,-0.5109461572086368,0.22134766026530656,-0.38789548010296215,0.258429152158308,-0.3879455626010895,0.10754606127738953,-0.21154148876667023,-0.23599717020988464
1773925049.6164618,-0.5114492529959297,0.22057125207137113,-0.38789548010296215,0.258429152158308,-0.3878929913043976,0.1074838787317276,-0.2111818939447403,-0.23486411571502686
1773925049.814676,-0.5122093001164841,0.21961775442836506,-0.38789548010296215,0.258429152158308,-0.38794565200805664,0.10756447166204453,-0.21128419041633606,-0.23359476029872894
1773925050.0147867,-0.5127067285790292,0.218861101597157,-0.38789548010296215,0.258429152158308,-0.3879518508911133,0.10755804926156998,-0.21128419041633606,-0.23359476029872894
1773925050.2149115,-0.5130978540714899,0.21817504319748032,-0.3878885650026094,0.25843166820423513,-0.3879533112049103,0.10756426304578781,-0.21128419041633606,-0.23359476029872894
1773925050.415031,-0.5134872426049215,0.21761023107038927,-0.3878885650091908,0.25843166820184016,-0.3879484236240387,0.10755214840173721,-0.21128419041633606,-0.23359476029872894
1773925050.6162353,-0.5138633065393748,0.21705190333488253,-0.3878885650091908,0.25843166820184016,-0.387956440448761,0.10755019634962082,-0.21128419041633606,-0.23359476029872894
1773925050.8178003,-0.5142106273561748,0.21653573546027868,-0.3878722533396406,0.2584376037956455,-0.38796111941337585,0.10754790902137756,-0.21128419041633606,-0.23359476029872894
1773925051.017924,-0.5145675184972152,0.21596411014426695,-0.38787953253472063,0.25843495531023164,-0.38794636726379395,0.1075436994433403,-0.21128419041633606,-0.23359476029872894
1773925051.217922,-0.5149055235712607,0.21546976541712703,-0.38787953253472063,0.25843495531023164,-0.38794219493865967,0.10754860192537308,-0.21128419041633606,-0.23359476029872894
1773925051.418086,-0.5153063315861219,0.2148887756353224,-0.38787953253472063,0.25843495531023164,-0.38794293999671936,0.10755226761102676,-0.21128419041633606,-0.23359476029872894
1773925051.6193511,-0.51563015356343,0.21437195634786135,-0.38787953253472063,0.25843495531023164,-0.38794130086898804,0.10755787789821625,-0.21128419041633606,-0.23359476029872894
1773925051.8197725,-0.5159818253760124,0.2139022528220589,-0.38787953253472063,0.25843495531023164,-0.38794225454330444,0.10755427181720734,-0.21128419041633606,-0.23359476029872894
1773925052.0198848,-0.516387378927297,0.21334728391720306,-0.38787953253472063,0.25843495531023164,-0.38794758915901184,0.1075543537735939,-0.21128419041633606,-0.23359476029872894
1773925052.2200243,-0.5167390751866064,0.21286885317385307,-0.38787953253472063,0.25843495531023164,-0.38793841004371643,0.10755487531423569,-0.21128419041633606,-0.23359476029872894
1773925052.4217076,-0.5170719470559012,0.2124113632086596,-0.38787953253472063,0.25843495531023164,-0.3879420757293701,0.107554592192173,-0.21128419041633606,-0.23359476029872894
1773925052.6246748,-0.5169891106794434,0.21215196006572903,-0.38747461720689946,0.258582289969044,-0.38621407747268677,0.10809703916311264,-0.21128419041633606,-0.23359476029872894
1773925052.8255026,-0.5148350148246994,0.21260560001966833,-0.38502154124942156,0.25947168314608104,-0.3829634487628937,0.10948532819747925,-0.21128419041633606,-0.23359476029872894
1773925053.0243623,-0.511402382096187,0.21364526537199977,-0.3813513426830495,0.2608019570989917,-0.37956902384757996,0.11117643117904663,-0.21128419041633606,-0.23359476029872894
1773925053.2243268,-0.5079792673040411,0.21474326133122157,-0.37771094009526873,0.2621571831666556,-0.37553536891937256,0.11248854547739029,-0.21128419041633606,-0.23359476029872894
1773925053.4270692,-0.5045214616510711,0.21594519771830292,-0.3740556260308261,0.26360254121528937,-0.37163910269737244,0.1134386956691742,-0.21128419041633606,-0.23359476029872894
1773925053.6263146,-0.5008075828480971,0.21745148208576995,-0.37020322189852073,0.2652766049005877,-0.3674755096435547,0.11417832970619202,-0.21128419041633606,-0.23359476029872894
1773925053.8277519,-0.49689145133163437,0.21919168879831236,-0.36612058046501506,0.26723554714286,-0.3629809617996216,0.11611561477184296,-0.21128419041633606,-0.23359476029872894
1773925054.0300102,-0.4913785947922599,0.22199256251590227,-0.36043946571014474,0.27021163369611045,-0.35794660449028015,0.11911416798830032,-0.21128419041633606,-0.23359476029872894
1773925054.2277238,-0.48511342655128914,0.22552082443300075,-0.3540623786003987,0.27383393010326107,-0.3513428568840027,0.12353720515966415,-0.21128419041633606,-0.23359476029872894
1773925054.4284985,-0.47827422443814066,0.2295881254914683,-0.34705544564844115,0.27803300458149405,-0.34445831179618835,0.12756335735321045,-0.21128419041633606,-0.23359476029872894
1773925054.6311991,-0.47104865093733994,0.23409355503046161,-0.33973609616828193,0.2826121330412632,-0.33890098333358765,0.13140235841274261,-0.21128419041633606,-0.23359476029872894
1773925054.82928,-0.4647510741881422,0.23817951582063146,-0.33330783541750275,0.2867959508659097,-0.3329589366912842,0.13548685610294342,-0.21128419041633606,-0.23359476029872894
1773925055.0300086,-0.4582504264732241,0.24258421575236064,-0.3266534839863454,0.2912888220484475,-0.3263213336467743,0.14050766825675964,-0.21128419041633606,-0.23359476029872894
1773925055.2341604,-0.45130756104790065,0.24734585059725042,-0.3196029450871758,0.2961147375828126,-0.31967437267303467,0.14613839983940125,-0.21128419041633606,-0.23359476029872894
1773925055.4347372,-0.44475146864712,0.2517644955570697,-0.3130289082753628,0.3005426871139938,-0.31346485018730164,0.15200600028038025,-0.21128419041633606,-0.23359476029872894
1773925055.833575,-0.42708154043026714,0.26292036194071844,-0.2953140706522567,0.3117146150237995,-0.29652997851371765,0.1660347878932953,-0.21128419041633606,-0.23359476029872894
1773925056.033817,-0.41577665544827563,0.26963665282449956,-0.28393135084791465,0.3184476285190818,-0.28409481048583984,0.17533442378044128,-0.21128419041633606,-0.23359476029872894
1773925056.2348971,-0.40195483325965803,0.2775214413975824,-0.27004871125038943,0.3263381137979038,-0.27076834440231323,0.18444734811782837,-0.21128419041633606,-0.23359476029872894
1773925056.435718,-0.3877419899781791,0.28536156315576217,-0.25559112774813153,0.3341706153100905,-0.25844070315361023,0.1929665505886078,-0.21128419041633606,-0.23359476029872894
1773925056.6359882,-0.37438397274085056,0.292533062719586,-0.24175052641631822,0.34130692708500043,-0.24520038068294525,0.20282483100891113,-0.21128419041633606,-0.23359476029872894
1773925056.835829,-0.35920309123812816,0.300384122157091,-0.22598810877677522,0.3490861824530278,-0.23226535320281982,0.21010912954807281,-0.21128419041633606,-0.23359476029872894
1773925057.0384302,-0.34618692949876484,0.3070773895257592,-0.21237722221372723,0.3556786398479024,-0.2196759581565857,0.21859359741210938,-0.21128419041633606,-0.23359476029872894
1773925057.2383556,-0.3319155689066941,0.3140408829805273,-0.19741797732381872,0.36249748131535564,-0.2057013064622879,0.22730305790901184,-0.21128419041633606,-0.23359476029872894
1773925057.43942,-0.31904427800803153,0.3202563157522409,-0.18360580741630572,0.36842499945529905,-0.19263966381549835,0.23485977947711945,-0.21128419041633606,-0.23359476029872894
1773925057.6404226,-0.3031928885849255,0.3272718317592357,-0.1668779637900737,0.3752069248410501,-0.17985256016254425,0.24215222895145416,-0.21128419041633606,-0.23359476029872894
1773925057.8399704,-0.2896251643278592,0.3333894099614712,-0.15206403010954384,0.3809404975850841,-0.1662587821483612,0.24942465126514435,-0.21128419041633606,-0.23359476029872894
1773925058.0408692,-0.2736334543087286,0.3401398147122157,-0.13485200185801283,0.38725873654982257,-0.15283861756324768,0.2561710774898529,-0.21128419041633606,-0.23359476029872894
1773925058.2414718,-0.26180342365039266,0.3451380642153252,-0.12174038965032219,0.3917637653407571,-0.13921618461608887,0.2625960111618042,-0.21128419041633606,-0.23359476029872894
1773925058.4418893,-0.2469205593251314,0.35114512240459855,-0.10534217639564747,0.3970996448398094,-0.12390442192554474,0.26961037516593933,-0.21128419041633606,-0.23359476029872894
1773925058.6421783,-0.23364294447451725,0.35624062680622437,-0.090710271787657,0.40162325873937976,-0.10972598940134048,0.27504315972328186,-0.21128419041633606,-0.23359476029872894
1773925058.843179,-0.21925611298136488,0.36140168852909316,-0.07497834005625736,0.4061696315746237,-0.09557468444108963,0.281796395778656,-0.21128419041633606,-0.23359476029872894
1773925059.0446422,-0.20442497802901538,0.3663999456613211,-0.058584750559288246,0.41048757133676084,-0.08138073235750198,0.28715869784355164,-0.21128419041633606,-0.23359476029872894
1773925059.244826,-0.190840941047779,0.37110371151998317,-0.04332207636076579,0.4141871592760158,-0.06740695238113403,0.29205647110939026,-0.21128419041633606,-0.23359476029872894
1773925059.4453871,-0.17597607905404736,0.3757837554225442,-0.026785817858300587,0.41788094817160304,-0.05112479627132416,0.2979670763015747,-0.21128419041633606,-0.23359476029872894
1773925059.6454492,-0.15939776341070055,0.38075731821381426,-0.008381728131499067,0.42166616842550564,-0.033823274075984955,0.30255070328712463,-0.21128419041633606,-0.23359476029872894
1773925059.8473494,-0.14396852315518321,0.3855010557858773,0.008903153813113573,0.4251510962019831,-0.016758181154727936,0.3081930875778198,-0.21128419041633606,-0.23359476029872894
1773925060.0484328,-0.12876065155506994,0.3900837136548287,0.02586403567822415,0.42855937035252833,-0.0006546161603182554,0.3121853470802307,-0.21128419041633606,-0.23359476029872894
1773925060.2481077,-0.11127222199362263,0.39529760469323516,0.04509010695977622,0.4325864142451339,0.016291294246912003,0.31793397665023804,-0.21128419041633606,-0.23359476029872894
1773925060.4488888,-0.09622692508979419,0.40031687096794877,0.06195567781422717,0.4363555730687303,0.03214489668607712,0.3220517635345459,-0.21128419041633606,-0.23359476029872894
1773925060.6490626,-0.0801792201871155,0.40622755384535963,0.0798503297364791,0.44088283209577406,0.04908635467290878,0.328171044588089,-0.21128419041633606,-0.23359476029872894
1773925060.8500574,-0.06436248298577182,0.41291022409931716,0.09757665566971985,0.44599669975405876,0.06557022035121918,0.33411189913749695,-0.21128419041633606,-0.23359476029872894
1773925061.051646,-0.04842271259086071,0.4205689259989593,0.11547082771666561,0.45192155068191364,0.08064401149749756,0.3407871127128601,-0.21128419041633606,-0.23359476029872894
1773925061.2518766,-0.0342665437636045,0.42808189537559266,0.13146322369077662,0.4578375144022875,0.09818316996097565,0.3486368656158447,-0.21128419041633606,-0.23359476029872894
1773925061.452703,-0.017301565573959805,0.43756026414849586,0.1504050187258139,0.4656103234298341,0.11428738385438919,0.3564230501651764,-0.21128419041633606,-0.23359476029872894
1773925061.6579058,-0.0033425737406345755,0.44627323913606715,0.16637726681919635,0.472565831866985,0.1298859864473343,0.3648630380630493,-0.21128419041633606,-0.23359476029872894
1773925061.854001,0.01357034082785232,0.45694985882901784,0.18551414729718807,0.48137819713508145,0.14391010999679565,0.3739702105522156,-0.21128419041633606,-0.23359476029872894
1773925062.0572286,0.027322861401220203,0.4663538895498627,0.20151761595202322,0.488836826009297,0.15787184238433838,0.3817729353904724,-0.21128419041633606,-0.23359476029872894
1773925062.2572615,0.04513141743623731,0.4780502639360845,0.221742082710431,0.49858459765369245,0.173492893576622,0.3906696140766144,-0.21128419041633606,-0.23359476029872894
1773925062.4601824,0.05868001967903696,0.4881968173733658,0.23778609231722514,0.5067482072865501,0.1887490451335907,0.4001097083091736,-0.21128419041633606,-0.23359476029872894
1773925062.6576138,0.06912193448941152,0.4971101565440532,0.25065161437044164,0.5135382802822979,0.20301613211631775,0.4094783067703247,-0.21128419041633606,-0.23359476029872894
1773925062.8576798,0.08284380389604677,0.5081040444053514,0.2667878780032288,0.5224090692142194,0.2169763445854187,0.41955485939979553,-0.21128419041633606,-0.23359476029872894
1773925063.0581996,0.0959438454129871,0.5190597830044824,0.28229134391400346,0.531274372789285,0.23214109241962433,0.42852193117141724,-0.21128419041633606,-0.23359476029872894
1773925063.260738,0.11188179652131788,0.5325028592570997,0.30085850465529773,0.5425161640327345,0.24560223519802094,0.43931204080581665,-0.21128419041633606,-0.23359476029872894
1773925063.4599948,0.12550088612532773,0.5451303166612297,0.31722876463196276,0.5528573315040366,0.2599397301673889,0.45042118430137634,-0.21128419041633606,-0.23359476029872894
1773925063.6595986,0.13813019210973618,0.5573108303576643,0.33259519420283823,0.562885547294401,0.2730497121810913,0.46024656295776367,-0.21128419041633606,-0.23359476029872894
1773925063.8614197,0.14969021817175998,0.5690344188965994,0.34694751763768367,0.572257557727379,0.2865661382675171,0.4717693030834198,-0.21128419041633606,-0.23359476029872894
1773925064.0608857,0.16285454758952464,0.581839103219288,0.36291455837499054,0.5826407793946191,0.3005870580673218,0.48307937383651733,-0.21128419041633606,-0.23359476029872894
1773925064.262784,0.1755883974472966,0.5942314378335342,0.37846394521774757,0.592720010594606,0.3123812675476074,0.49276790022850037,-0.21128419041633606,-0.23359476029872894
1773925064.461942,0.18708005118334275,0.6059268718017982,0.39290162230259457,0.6019520479772749,0.326730340719223,0.5042664408683777,-0.21128419041633606,-0.23359476029872894
1773925064.661884,0.20023763251960544,0.6189741822451789,0.40912534775846904,0.612311051699105,0.33968740701675415,0.5145320892333984,-0.21128419041633606,-0.23359476029872894
1773925064.8629208,0.2079613097876833,0.6285238596709891,0.42004824363296184,0.6193269473625653,0.3423973619937897,0.517132580280304,-0.21128419041633606,-0.23359476029872894
1773925065.0637095,0.20614375830332962,0.631609996265114,0.42124172864197384,0.6200943095455007,0.3424960672855377,0.5172224044799805,-0.21128419041633606,-0.23359476029872894
1773925065.2642581,0.20313318965605784,0.6340076063247019,0.42126053729544743,0.6201063939120237,0.34252431988716125,0.5172252058982849,-0.21128419041633606,-0.23359476029872894
1773925065.4676173,0.20009666439846946,0.636579664622315,0.4212833435057285,0.6201210474903007,0.34251004457473755,0.5172205567359924,-0.21128419041633606,-0.23359476029872894
1773925065.6661437,0.19736802259934785,0.6386696413848956,0.42127134689490375,0.6201133401130634,0.34251856803894043,0.5172209143638611,-0.21128419041633606,-0.23359476029872894
1773925065.867178,0.1947851429255724,0.640687183455316,0.4212830964929323,0.6201208889365906,0.34256768226623535,0.5172647833824158,-0.21128419041633606,-0.23359476029872894
1773925066.0673723,0.1923097576730809,0.6427118007934525,0.42132740889418896,0.6201493604942714,0.34280773997306824,0.5172613263130188,-0.21128419041633606,-0.23359476029872894
1773925066.267949,0.18991751062066559,0.6446593118528627,0.4213274089003459,0.6201493604982273,0.342562198638916,0.5172715783119202,-0.21128419041633606,-0.23359476029872894
1773925066.4692614,0.18746424363604972,0.6466639581269229,0.4213274089003459,0.6201493604982273,0.3426000773906708,0.517274022102356,-0.21128419041633606,-0.23359476029872894
1773925066.669674,0.18516612137143204,0.6485402237091051,0.4213274089003459,0.6201493604982273,0.3426150381565094,0.5173001289367676,-0.21128419041633606,-0.23359476029872894
1773925066.869879,0.18342973195458773,0.6505328325948119,0.4217283256087828,0.6204068217424146,0.3438218832015991,0.5181822776794434,-0.21128419041633606,-0.23359476029872894
1773925067.0719984,0.18309522769625122,0.6533799783198261,0.42344851148477813,0.6215134908030446,0.34659209847450256,0.5201183557510376,-0.21128419041633606,-0.23359476029872894
1773925067.272792,0.1842621946671596,0.6573645075187338,0.42675255430326475,0.6236390343459424,0.3493744730949402,0.5223075747489929,-0.21128419041633606,-0.23359476029872894
1773925067.4718454,0.18594532854141013,0.6615595806914359,0.43047332774842073,0.6260243784300261,0.3535781502723694,0.525556743144989,-0.21128419041633606,-0.23359476029872894
1773925067.675102,0.18914452464369838,0.6665824469776953,0.4356131577654746,0.6293123296536605,0.35877522826194763,0.5295424461364746,-0.21128419041633606,-0.23359476029872894
1773925067.8733928,0.1925658579642974,0.671903538570455,0.4409662357619568,0.6327464633153173,0.36515024304389954,0.5346309542655945,-0.21128419041633606,-0.23359476029872894
1773925068.0752056,0.19763638906109937,0.6782682810844843,0.4479987944776375,0.6372504489317801,0.37104636430740356,0.5389600396156311,-0.21128419041633606,-0.23359476029872894
1773925068.2755713,0.20226543854138443,0.6843238222040262,0.45457827817613417,0.6414543161241686,0.3770752549171448,0.543890118598938,-0.21128419041633606,-0.23359476029872894
1773925068.4747112,0.20708278985874612,0.6905569260609815,0.46137260105521005,0.6457882666866288,0.3821675479412079,0.5482704043388367,-0.21128419041633606,-0.23359476029872894
1773925068.6760437,0.21214725670073775,0.6968564255377574,0.46833736075320187,0.6502245371707569,0.38903430104255676,0.5542563796043396,-0.21128419041633606,-0.23359476029872894
1773925068.8770893,0.21719764884842263,0.7031212541022571,0.4753519466237577,0.654669532921452,0.3945762515068054,0.5587119460105896,-0.21128419041633606,-0.23359476029872894
1773925069.0784872,0.221896559919883,0.7093241150579697,0.4820740591862652,0.6589443502273409,0.4015783667564392,0.5637361407279968,-0.21128419041633606,-0.23359476029872894
1773925069.277829,0.22674619960725353,0.7155981305845927,0.48881869534654765,0.6632973000639244,0.40837839245796204,0.5686122179031372,-0.21128419041633606,-0.23359476029872894
1773925069.4786718,0.23147207767199887,0.7219214255005367,0.4955615321344495,0.6676570639685524,0.4136456847190857,0.5729979276657104,-0.21128419041633606,-0.23359476029872894
1773925069.6809392,0.23653901815287875,0.7284027506345055,0.5025751810993694,0.67217024496999,0.4193781316280365,0.5781161189079285,-0.21128419041633606,-0.23359476029872894
1773925069.881851,0.24100481736054272,0.7345050683606391,0.5090197667583415,0.6762471229898641,0.42607441544532776,0.5836300849914551,-0.21128419041633606,-0.23359476029872894
1773925070.0815125,0.24597020934333566,0.7408199556125898,0.5159466878674345,0.6806184333496801,0.4324701130390167,0.5888776779174805,-0.21128419041633606,-0.23359476029872894
1773925070.2819884,0.251151809032741,0.7472915905049922,0.5230618835556462,0.6851157008269535,0.4386696219444275,0.5936765074729919,-0.21128419041633606,-0.23359476029872894
1773925070.4834108,0.25621686721656806,0.7536801788995309,0.5300256162101883,0.6895328744122184,0.44520103931427,0.598747730255127,-0.21128419041633606,-0.23359476029872894
1773925070.682317,0.2610972704783233,0.7600286506222964,0.53690046544611,0.6939005323701584,0.4518076479434967,0.6035475134849548,-0.21128419041633606,-0.23359476029872894
1773925070.884854,0.2670728451068542,0.7671390782358662,0.5448836195077233,0.6989591271590809,0.45996689796447754,0.61026531457901,-0.21128419041633606,-0.23359476029872894
1773925071.0844631,0.27505194901529106,0.7754120044572238,0.5547805756314899,0.7051872846490652,0.46945953369140625,0.6183164715766907,-0.21128419041633606,-0.23359476029872894
1773925071.2850902,0.28323065727960234,0.7838023899481114,0.5649099832243871,0.711541804524082,0.4786355495452881,0.625512421131134,-0.21128419041633606,-0.23359476029872894
1773925071.4871774,0.29095263996955456,0.7920093298126764,0.574659835769373,0.7176382170431008,0.48673683404922485,0.6318122148513794,-0.21128419041633606,-0.23359476029872894
1773925071.6863084,0.2997877029315966,0.8009747828399876,0.5855416943716762,0.7244568110994449,0.49574440717697144,0.6390213370323181,-0.21128419041633606,-0.23359476029872894
1773925071.8874588,0.3076964643906189,0.8094239704741594,0.5955623481594554,0.7307515513282103,0.5053538084030151,0.6462259888648987,-0.21128419041633606,-0.23359476029872894
1773925072.0879865,0.31619375568589775,0.8182018457743527,0.6062056299495153,0.7374116050021882,0.5144084095954895,0.6539816856384277,-0.21128419041633606,-0.23359476029872894
1773925072.2900922,0.3244717956312054,0.8268827704187577,0.6166641278745639,0.7439485165416908,0.5231052041053772,0.6611008048057556,-0.21128419041633606,-0.23359476029872894
1773925072.4902334,0.3322259934743758,0.8353141167751895,0.626652660002098,0.750186513575787,0.5322301387786865,0.6679384708404541,-0.21128419041633606,-0.23359476029872894
1773925072.6910932,0.34009116804754996,0.8438833407356637,0.636711351450838,0.7564815087905377,0.5422383546829224,0.6756362318992615,-0.21128419041633606,-0.23359476029872894
1773925072.8913162,0.3480795487110882,0.8524909891414163,0.6468607191956042,0.7628587782607426,0.5518627166748047,0.6829940676689148,-0.21128419041633606,-0.23359476029872894
1773925073.0911293,0.35617508550493376,0.8612332589440834,0.657248553585149,0.7693812170796575,0.5602638721466064,0.6900256872177124,-0.21128419041633606,-0.23359476029872894
1773925073.292542,0.3643924152532555,0.870123824869653,0.6677728158108698,0.7759482899199472,0.5698165893554688,0.6981817483901978,-0.21128419041633606,-0.23359476029872894
1773925073.4983053,0.37210725097837793,0.8787554728919145,0.6778705071259274,0.7821587090278879,0.5790923237800598,0.7056567668914795,-0.21128419041633606,-0.23359476029872894
1773925073.6926243,0.380357173462483,0.8875821697890264,0.688383238653663,0.7886381487072516,0.5891163945198059,0.7122349739074707,-0.21128419041633606,-0.23359476029872894
1773925073.8927562,0.38832731602212356,0.89630773552381,0.6986609780465256,0.7950642221956787,0.5976354479789734,0.719546914100647,-0.21128419041633606,-0.23359476029872894
1773925074.0942986,0.39591382900908745,0.9050803436929926,0.7086644167794011,0.801305309741462,0.6071532368659973,0.727569043636322,-0.21128419041633606,-0.23359476029872894
1773925074.2940013,0.4043665922756982,0.914278811283702,0.7195678879298348,0.8080696887748351,0.616126298904419,0.7350502610206604,-0.21128419041633606,-0.23359476029872894
1773925074.495532,0.4123984618724115,0.9230930787892869,0.7300047243233421,0.8145246739120497,0.6245341300964355,0.7413241863250732,-0.21128419041633606,-0.23359476029872894
1773925074.6966753,0.41959339406899854,0.9313915943448778,0.7395769762922182,0.8204319152069184,0.6329765319824219,0.7478729486465454,-0.21128419041633606,-0.23359476029872894
1773925074.8971987,0.4274750598660257,0.9404037591023353,0.74996324847384,0.8268570065358127,0.6419762969017029,0.7552723288536072,-0.21128419041633606,-0.23359476029872894
1773925075.0984836,0.4356336139174664,0.9493756918124981,0.760531354403345,0.8334184803906259,0.6510778665542603,0.7629623413085938,-0.21128419041633606,-0.23359476029872894
1773925075.2987378,0.44328151395494425,0.9582149837068517,0.7706653004605275,0.8397092147958989,0.6595523953437805,0.7695198059082031,-0.21128419041633606,-0.23359476029872894
1773925075.4985232,0.4507416834958456,0.9669884970172841,0.7806423472209072,0.8458765746608496,0.6681697368621826,0.776132345199585,-0.21128419041633606,-0.23359476029872894
1773925075.7009668,0.45806031077759923,0.9756868983009422,0.790482163570546,0.8519450437563036,0.6780267357826233,0.7835336923599243,-0.21128419041633606,-0.23359476029872894
1773925075.9008152,0.46668598192175453,0.9853363119205321,0.801693912299573,0.8588897586265758,0.6873612403869629,0.7912787795066833,-0.21128419041633606,-0.23359476029872894
1773925076.1015112,0.47442595003232974,0.9943340843352036,0.812008659948013,0.8652989438808949,0.6965120434761047,0.7982864379882812,-0.21128419041633606,-0.23359476029872894
1773925076.3019152,0.48214923989982983,1.0035419800577945,0.8223558154590402,0.8717303691058018,0.705513060092926,0.8056366443634033,-0.21128419041633606,-0.23359476029872894
1773925076.5044127,0.490051102969195,1.012829014655494,0.8329107164728159,0.8782637294758153,0.7147967219352722,0.8129453659057617,-0.21128419041633606,-0.23359476029872894
1773925076.7021928,0.4979795845411239,1.0218584933849237,0.8433928909326849,0.884738797810646,0.7233558297157288,0.8194438815116882,-0.21128419041633606,-0.23359476029872894
1773925076.9044683,0.5019859948289369,1.0286124293240921,0.8501242166271349,0.8888888891535571,0.7241872549057007,0.8200958371162415,-0.21128419041633606,-0.23359476029872894
1773925077.1046658,0.49993700766120963,1.0312771286991305,0.8505772839694842,0.8891681857807803,0.7241926193237305,0.8201009035110474,-0.21128419041633606,-0.23359476029872894
1773925077.30625,0.4973921599464762,1.0337708472671547,0.8505798298719519,0.8891697550760229,0.7241843938827515,0.8200907707214355,-0.21128419041633606,-0.23359476029872894
1773925077.507554,0.4948915736389409,1.0362130713066908,0.8505675736987073,0.8891622010014486,0.7241995334625244,0.8201019167900085,-0.21128419041633606,-0.23359476029872894
1773925077.7073722,0.49255799823917346,1.0385222105518017,0.8505687564349091,0.8891629305241548,0.7242019772529602,0.820097804069519,-0.21128419041633606,-0.23359476029872894
1773925077.906759,0.49026730208681363,1.0407809586822114,0.8505891734993414,0.8891755146142586,0.7241942882537842,0.8201114535331726,-0.21128419041633606,-0.23359476029872894
1773925078.109612,0.4881155878147805,1.043012132659029,0.850579679371264,0.8891696621564131,0.724172830581665,0.8201349973678589,-0.21128419041633606,-0.23359476029872894
1773925078.3083422,0.4860108137613757,1.0451959070176113,0.8505853264081478,0.8891731425347187,0.7241905331611633,0.8201227188110352,-0.21128419041633606,-0.23359476029872894
1773925078.5090241,0.48399341229189435,1.047313672636857,0.8505920181124876,0.8891772668539861,0.7241863012313843,0.8201149106025696,-0.21128419041633606,-0.23359476029872894
1773925078.7095048,0.4820334182169392,1.0493835659026893,0.8505823415051477,0.8891713026936219,0.7241866588592529,0.8201189041137695,-0.21128419041633606,-0.23359476029872894
1773925078.910878,0.48013339139359623,1.0514953277650623,0.8505902676242204,0.8891761875686135,0.7242085337638855,0.8201163411140442,-0.21128419041633606,-0.23359476029872894
1773925079.109978,0.47825911388145975,1.0535442439210976,0.8505979756883661,0.8891809385636931,0.7241783738136292,0.8201316595077515,-0.21128419041633606,-0.23359476029872894
1773925079.3119786,0.4764335885587805,1.0555441360789029,0.8505935050597335,0.8891781832574925,0.7242256999015808,0.820091962814331,-0.21128419041633606,-0.23359476029872894
1773925079.5117779,0.47473929094945944,1.057431232875725,0.8505818601990982,0.889171005651213,0.724223256111145,0.8201093673706055,-0.21128419041633606,-0.23359476029872894
1773925079.7149427,0.4730712418621037,1.059341828488851,0.8505897887220055,0.8891758923297828,0.7241374254226685,0.8200879096984863,-0.21128419041633606,-0.23359476029872894
1773925079.9137695,0.4715180557000258,1.0613022552024503,0.8505885968990013,0.8891751573637623,0.7242023944854736,0.8200819492340088,-0.21128419041633606,-0.23359476029872894
1773925080.1147099,0.469956367093926,1.0632392791048084,0.8505915821593121,0.8891769970967278,0.7241913080215454,0.8201148509979248,-0.21128419041633606,-0.23359476029872894
1773925080.3155608,0.46843914552703025,1.0650862900841973,0.8505803907141679,0.8891700985827105,0.7241772413253784,0.8201161623001099,-0.21128419041633606,-0.23359476029872894
1773925080.5156355,0.467039003082704,1.0669036369756535,0.8506010067740231,0.8891828059198668,0.7241687774658203,0.8201045393943787,-0.21128419041633606,-0.23359476029872894
1773925080.716911,0.4656442004335536,1.0686832506505128,0.8505931500170507,0.8891779635352943,0.7241875529289246,0.820122241973877,-0.21128419041633606,-0.23359476029872894
1773925080.917369,0.4642630108783448,1.0704542723269135,0.8505798243746778,0.8891697498383175,0.7241787910461426,0.8201252818107605,-0.21128419041633606,-0.23359476029872894
1773925081.1178114,0.4628409015944339,1.0723442783159989,0.8505925059392967,0.8891775667846749,0.7241950035095215,0.820119321346283,-0.21128419041633606,-0.23359476029872894
1773925081.3179588,0.461545624050609,1.0741508792740597,0.8505865068635761,0.8891738690069335,0.7241715788841248,0.8201146721839905,-0.21128419041633606,-0.23359476029872894
1773925081.5187614,0.46008675759123796,1.0761724024146158,0.8506119274006778,0.8891895383420261,0.7241978049278259,0.8201037645339966,-0.21128419041633606,-0.23359476029872894
1773925081.725205,0.45878313799662346,1.0779588513943232,0.8505984317120276,0.8891812192693305,0.72411048412323,0.8202015161514282,-0.21128419041633606,-0.23359476029872894
1773925082.1216338,0.4573827526610226,1.0799918978859049,0.8505994523831026,0.8891818491803551,0.7241982817649841,0.8201208710670471,-0.21128419041633606,-0.23359476029872894
1773925082.3226762,0.4560726575278184,1.0819476387114624,0.8506044568279689,0.889184933330541,0.7240758538246155,0.8202380537986755,-0.21128419041633606,-0.23359476029872894
1773925082.5225368,0.45481285765794177,1.0838668156435585,0.8506159816360714,0.8891920370491748,0.7240686416625977,0.8202276229858398,-0.21128419041633606,-0.23359476029872894
1773925082.722333,0.45344666278638435,1.0857787234430947,0.850594392787602,0.8891787294743612,0.7240521907806396,0.8202323913574219,-0.21128419041633606,-0.23359476029872894
1773925082.924014,0.45219993522881674,1.0877386264586297,0.850594382267939,0.889178722989731,0.7241978049278259,0.8200931549072266,-0.21128419041633606,-0.23359476029872894
1773925083.1242137,0.4507884921544795,1.0896642539056003,0.8506195047165542,0.8891942091117935,0.7242060303688049,0.8201309442520142,-0.21128419041633606,-0.23359476029872894
1773925083.3248987,0.4493057434119189,1.0916716432264124,0.850603831937647,0.8891845485958529,0.7241904139518738,0.8201078772544861,-0.21128419041633606,-0.23359476029872894
1773925083.5267687,0.4480825008253873,1.09344556625253,0.8505950978316447,0.8891791646926381,0.7241941690444946,0.8201214671134949,-0.21128419041633606,-0.23359476029872894
1773925083.7264888,0.4465968350684507,1.0954696806502184,0.8506233996226094,0.8891966103063131,0.72419273853302,0.8201095461845398,-0.21128419041633606,-0.23359476029872894
1773925083.9269013,0.44527087578020164,1.0973815006298282,0.8505986415315627,0.8891813492261322,0.7241916060447693,0.8201245665550232,-0.21128419041633606,-0.23359476029872894
1773925084.126837,0.44388180748200695,1.0992640037511212,0.8505796591266139,0.889169647707543,0.7241787910461426,0.8201162219047546,1.0112515687942505,0.7443446516990662
1773925084.3291714,0.4424078491921103,1.1012628236433057,0.8505734752580181,0.8891658362259998,0.7242017388343811,0.8201183676719666,1.0112515687942505,0.7443446516990662
1773925084.5293565,0.440935926717597,1.1032564941947363,0.8505919604120638,0.8891772297308971,0.724193274974823,0.820094883441925,1.0112515687942505,0.7443446516990662
1773925084.7310798,0.44010167453709104,1.105005814080796,0.8505770788571775,0.8891680565246474,0.7242106795310974,0.820121705532074,1.0112515687942505,0.7443446516990662
1773925084.9315107,0.4386391543244142,1.1067986571675728,0.8505770845917346,0.8891680600596632,0.724075436592102,0.8202222585678101,1.0257710218429565,0.7788111567497253
1773925085.1320114,0.4364829117711872,1.1087419455634342,0.8505763214333237,0.8891675896051003,0.7241864800453186,0.820117175579071,1.028862476348877,0.7868283987045288
1773925085.3329704,0.4345804210806808,1.110581198113088,0.8505944248981603,0.889178749261152,0.7242029905319214,0.820111095905304,1.031612753868103,0.8001672029495239
1773925085.5324388,0.4336668233223234,1.112316717781532,0.8505643064559036,0.8891601835162288,0.7242031097412109,0.8201112151145935,1.0323201417922974,0.803504228591919
1773925085.733042,0.4327571620220544,1.1140837746307108,0.8505819570706186,0.889171063984997,0.7242093682289124,0.8201138973236084,1.0323628187179565,0.803589403629303
1773925085.9347868,0.4316534695269032,1.1157609329124554,0.8505828569471456,0.8891716188885881,0.7241856455802917,0.8200880885124207,1.0323513746261597,0.8035627603530884
1773925086.134489,0.4305726696475813,1.1173779629782519,0.8505793342741417,0.88916944773197,0.7242050170898438,0.8201043605804443,1.032363772392273,0.8035879135131836
1773925086.3355622,0.4298181012728378,1.118846222444926,0.8505935135760012,0.8891781888753467,0.724181592464447,0.8200877904891968,1.032332420349121,0.8035655617713928
1773925086.534701,0.42834668941647386,1.1202635811739485,0.8505743281946218,0.8891663620662689,0.7241829633712769,0.8200991153717041,1.0323493480682373,0.8035808801651001
1773925086.7355773,0.4269995698308847,1.1216546830158594,0.8505680171731779,0.88916247152022,0.7242287993431091,0.8201248049736023,1.0323715209960938,0.8036074042320251
1773925086.9377437,0.42643685626906874,1.1230433503863169,0.8505908896135431,0.8891765709550858,0.7243918776512146,0.8201947808265686,1.0323468446731567,0.8035972118377686
1773925087.138345,0.4260623819024314,1.1245845094478537,0.8509579302570095,0.8894047724585818,0.7253665328025818,0.8202514052391052,1.0323373079299927,0.80359947681427
1773925087.3387408,0.425486614776347,1.1261329898959123,0.8513341987056056,0.8896452454295574,0.7256149053573608,0.8194941282272339,1.0323435068130493,0.8036088347434998
1773925087.5398498,0.42434985494370003,1.12738758439919,0.8513408058450689,0.8896499498596548,0.7256641387939453,0.8181189298629761,1.0323526859283447,0.8035994172096252
1773925087.740723,0.4234364135578816,1.1285765784421324,0.8513618404205419,0.8896654430011357,0.7268495559692383,0.8171684741973877,1.0323357582092285,0.803600013256073
1773925087.9411335,0.42268406284156596,1.1296502468073744,0.8513408511809464,0.8896458961035414,0.727090060710907,0.8157159090042114,1.0323482751846313,0.8036003708839417
1773925088.1420014,0.4219041364775326,1.1307011950387778,0.8513189575909483,0.8896250765521958,0.7282121777534485,0.8145892024040222,1.0323331356048584,0.8035833239555359
1773925088.3418958,0.42136501103061696,1.1316880233095408,0.8513713357759387,0.8896884597956891,0.7273553609848022,0.8151846528053284,1.0323420763015747,0.803608775138855
1773925088.54232,0.42064613611175583,1.1326416939188162,0.8513926730028795,0.8897165394048212,0.7254833579063416,0.8165708780288696,1.0323452949523926,0.8036052584648132
1773925088.742556,0.4199299316163187,1.133686922746966,0.8514722526805373,0.8898315091819549,0.7237688302993774,0.8171709179878235,1.032362937927246,0.803608775138855
1773925088.9437845,0.4192454021630419,1.1346653372850117,0.8514605305227992,0.8898136841254987,0.7214906811714172,0.8188334703445435,1.032360315322876,0.8036166429519653
1773925089.1446092,0.4185848318099865,1.1354834479530191,0.8514220614569521,0.8897496046212039,0.7212687730789185,0.8184150457382202,1.0323643684387207,0.8036338686943054
1773925089.3458002,0.41791568153858477,1.1362339104970116,0.8513653288330431,0.8896375376137988,0.7224015593528748,0.817389190196991,1.0323566198349,0.803642749786377
1773925089.5455706,0.41737492371365476,1.1370351151292388,0.8513586258757537,0.8896238106697334,0.7239676713943481,0.8163303732872009,1.0323439836502075,0.8036179542541504
1773925089.7458582,0.41686449774312356,1.1377637933588807,0.8513402459449415,0.8895704343107167,0.7247459888458252,0.815971851348877,1.0323290824890137,0.8036060333251953
1773925089.947627,0.4163508937430622,1.1383201462483348,0.8512855031751558,0.8893737763505953,0.7247616648674011,0.8159339427947998,1.032352089881897,0.8036127090454102
1773925090.1492116,0.41589913561566766,1.1389672340644545,0.8512644839785439,0.8892967921843558,0.7247750163078308,0.8159013986587524,1.0323537588119507,0.8036249876022339
1773925090.3487146,0.41545517304288493,1.1396660322282937,0.8512614818625099,0.8892857809795647,0.7247822880744934,0.8158987760543823,1.0323553085327148,0.8036014437675476
1773925090.5505385,0.41503316132527746,1.1403495655964593,0.8512614818625099,0.8892857809795647,0.724772036075592,0.8158924579620361,1.0323463678359985,0.8036016821861267
1773925090.7504954,0.4146503944616503,1.1409979438878504,0.8512614818625099,0.8892857809795647,0.7247827053070068,0.8158870935440063,1.0323514938354492,0.8035858273506165
1773925090.9524827,0.4142741452640221,1.1416268802147365,0.8512614818625099,0.8892857809795647,0.7247759103775024,0.8157616853713989,1.032357096672058,0.8036130666732788
1773925091.1546812,0.41370074389905837,1.1414604521000593,0.8510495860979611,0.8884924700183388,0.7246480584144592,0.813869297504425,1.032368779182434,0.8035927414894104
1773925091.3527873,0.41274828472991565,1.139651650417873,0.8504339732574996,0.8861502598990803,0.7244196534156799,0.8098658323287964,1.0323560237884521,0.8036248087882996
1773925091.556853,0.41127792159308874,1.1357047488063077,0.849271820325675,0.8817149112366267,0.7235029339790344,0.80454021692276,1.0323385000228882,0.8035892248153687
1773925091.7566798,0.40958695220004343,1.130409679701935,0.8477756341514562,0.8759917951139102,0.7231855988502502,0.7959473133087158,1.0323545932769775,0.8035953044891357
1773925091.9569318,0.4068540447776041,1.1211680897165106,0.8452563595927352,0.8663487235835259,0.721687912940979,0.787746250629425,1.0323503017425537,0.8035880923271179
1773925092.1586382,0.4044968370435358,1.1131006804802401,0.843073311277923,0.8579668626422201,0.7195062637329102,0.7764123678207397,1.032346487045288,0.8036139011383057
1773925092.3574948,0.4014477096244278,1.1020656112003462,0.8401063891953586,0.8466667172928779,0.7181841135025024,0.7630439400672913,1.0323452949523926,0.803632915019989
1773925092.559027,0.3966105399450739,1.084426723436318,0.8353588431455953,0.8287548883085338,0.7162209749221802,0.7477642893791199,1.0323598384857178,0.8036179542541504
1773925092.7587886,0.3934085542348846,1.0726594183035962,0.8322069943667849,0.8168204083840358,0.7143704295158386,0.7314599752426147,1.0323539972305298,0.803612470626831
1773925092.9571874,0.3880901439621636,1.0528140133905428,0.8269183973354949,0.7967543032474302,0.7112342715263367,0.7135958671569824,1.0323470830917358,0.8036203384399414
1773925093.1584148,0.3830134867638678,1.034198914605861,0.8218496231843924,0.7779413851234476,0.7092075347900391,0.6956083178520203,1.0322685241699219,0.8034358620643616
1773925093.3588068,0.3793961435967647,1.0207580050099907,0.8182354440298139,0.7645399763173146,0.7065192461013794,0.6785845756530762,1.032212734222412,0.8019739985466003
1773925093.559699,0.37486408379258535,1.004038343516094,0.8136870238203007,0.7476773607530638,0.7039648294448853,0.6609126925468445,1.0319758653640747,0.7983980774879456
1773925093.7607577,0.37009389912212926,0.9864441333227202,0.8088513747397365,0.7299025791747362,0.7015188336372375,0.6429272890090942,1.0310600996017456,0.7939761877059937
1773925093.9610302,0.36524804392752325,0.9686792711748257,0.8039393416910208,0.711969038686489,0.6985219717025757,0.6256430745124817,1.0300418138504028,0.7895439863204956
1773925094.1617863,0.3601118537703154,0.9494178287297211,0.7986020282293843,0.6923144610365797,0.6964008212089539,0.6075500249862671,1.0294456481933594,0.7837556004524231
1773925094.3620882,0.35587742100845116,0.9330717962968563,0.7941032703166512,0.6756059710873754,0.6942317485809326,0.5903358459472656,1.0283931493759155,0.7758169770240784
1773925094.5621383,0.3519068823779268,0.9171390072089106,0.789705570985689,0.659160205384655,0.6915262341499329,0.5726019740104675,1.026727557182312,0.7657290101051331
1773925094.7668397,0.3466860155871419,0.8965091591840323,0.78397107310536,0.6379780476701513,0.6896244287490845,0.555332601070404,1.0247119665145874,0.753759503364563
1773925094.9648473,0.3431440469828335,0.8821386935490833,0.7799761338267404,0.6232350001264959,0.6870782971382141,0.5373528599739075,1.0218697786331177,0.7374048233032227
1773925095.1725826,0.3392874895970419,0.8657807568262063,0.7754040895194636,0.6062300964126375,0.6847555637359619,0.5186190605163574,1.0199215412139893,0.7203776240348816
1773925095.3649876,0.3349089588209841,0.8465660424556029,0.7700766365112529,0.5864153943611758,0.6833606362342834,0.5033428072929382,1.0166213512420654,0.7050963044166565
1773925095.5674446,0.33167245139213786,0.8310284924886744,0.7657186305090449,0.5701736594684883,0.6804370880126953,0.48588934540748596,1.013407826423645,0.6878155469894409
1773925095.7670288,0.3285115105714789,0.8146937546558848,0.761206600587172,0.5531993925009648,0.6786079406738281,0.4681352376937866,1.0124688148498535,0.6690452098846436
1773925095.9673443,0.32486407289860847,0.7963493108862746,0.7560430134024935,0.5339626082834394,0.6760113835334778,0.4518413543701172,1.009502649307251,0.6498969197273254
1773925096.1676028,0.32093328142743305,0.7765588005727178,0.750530714622253,0.5135784909471441,0.6739977598190308,0.43362322449684143,1.0053799152374268,0.6278330683708191
1773925096.3700368,0.31907712744393824,0.7633275432363692,0.7467700614623158,0.49960584738766656,0.6716529130935669,0.4177284240722656,1.001660943031311,0.6075756549835205
1773925096.5691853,0.31634185852195756,0.7457840166569343,0.7418913554497363,0.4812280485932261,0.6698347330093384,0.4001227617263794,1.0001134872436523,0.5853651165962219
1773925096.7712338,0.3140232669870117,0.7292740087915468,0.7372763864207286,0.4639490578517229,0.6670114398002625,0.38364705443382263,0.9968729615211487,0.5656964778900146
1773925096.969106,0.31196705766575017,0.7132540304801737,0.7327466889336898,0.4471065525355018,0.6651813387870789,0.364978164434433,0.9941522479057312,0.545023500919342
1773925097.1730058,0.3083898782265464,0.691140334979421,0.7266021302546568,0.4244377743064722,0.6617457866668701,0.3458884060382843,0.9886699914932251,0.5212607979774475
1773925097.373417,0.30736538488255816,0.6785448868697542,0.7230000159959065,0.4112573942186395,0.6602253317832947,0.3288467824459076,0.9872979521751404,0.5012328624725342
1773925097.574127,0.305358653964553,0.6616538396885818,0.7181976716039271,0.3938741000379302,0.657439649105072,0.31170469522476196,0.9841563701629639,0.4785762131214142
1773925097.7745771,0.3036825862517073,0.6445116364353197,0.7135118816396875,0.3763113275036156,0.6560745239257812,0.2926921546459198,0.9804299473762512,0.45729103684425354
1773925097.97524,0.3021485037164891,0.6274698827769055,0.7088773962542172,0.358708926827328,0.6538803577423096,0.2770020365715027,0.9766424298286438,0.4365978240966797
1773925098.1765249,0.30118177785221895,0.6107380041137157,0.7044089385410996,0.3414185491544315,0.6517980694770813,0.2574036121368408,0.9737573266029358,0.41570475697517395
1773925098.3773885,0.2990890525229911,0.5889934401737884,0.698607780041006,0.3189844841534244,0.6497730612754822,0.24092774093151093,0.9700180292129517,0.39516615867614746
1773925098.5764089,0.29950064380459873,0.575823666107303,0.6951499792281284,0.3052893213303376,0.6482501029968262,0.2225169837474823,0.96660977602005,0.37244683504104614
1773925098.7778761,0.2992160220265976,0.5593390516143528,0.6908677571630117,0.28829360023666295,0.6456539034843445,0.2061486542224884,0.9627070426940918,0.3558712601661682
1773925098.9778411,0.29818441870884804,0.5397406283697905,0.685817031747742,0.26821545660321466,0.6446502208709717,0.18823006749153137,0.9598287343978882,0.3353724479675293
1773925099.179564,0.2981385931564349,0.5234096832155328,0.6816883751107834,0.2516995856867137,0.6419463753700256,0.17219708859920502,0.9570308327674866,0.3212845027446747
1773925099.3789775,0.29817795906112365,0.5071327122455792,0.6774936933875526,0.2349644405998983,0.640318751335144,0.15558728575706482,0.9570308327674866,0.3212845027446747
1773925099.5818388,0.2969958176292889,0.4860616060364709,0.6720261523787148,0.21359921203386323,0.6378363966941833,0.13698707520961761,0.9570308327674866,0.3212845027446747
1773925099.7829642,0.29672924601780115,0.467591383613181,0.6671530382339889,0.19478816500000207,0.6356564164161682,0.1188264936208725,0.9570308327674866,0.3212845027446747
1773925099.9823017,0.29788316114164953,0.454820056466586,0.6637515202845724,0.18161728270314925,0.6335910558700562,0.10132627934217453,0.9570308327674866,0.3212845027446747
1773925100.1826327,0.2984121720749684,0.43812004098233487,0.6593716265583666,0.16475787433676325,0.6310743689537048,0.08263774961233139,0.9570308327674866,0.3212845027446747
1773925100.383831,0.2984694275859287,0.4203487864124363,0.6546415758068227,0.1468430800538505,0.6285690069198608,0.06527255475521088,0.9570308327674866,0.3212845027446747
1773925100.584559,0.2987094713730871,0.40197252837106007,0.6497874475027319,0.12853993994949797,0.6268319487571716,0.047694019973278046,0.9570308327674866,0.3212845027446747
1773925100.7861333,0.29914916365890787,0.3852590126271161,0.6453334272905882,0.11187514690665679,0.623896598815918,0.030301176011562347,0.9570308327674866,0.3212845027446747
1773925100.9854875,0.2993692197111843,0.3659102785557953,0.6401776977754187,0.09233409831767392,0.6224158406257629,0.012606674805283546,0.9570308327674866,0.3212845027446747
1773925101.186529,0.30029193412123467,0.3494008453837714,0.6358913719274398,0.07598665459442366,0.6203315854072571,-0.004289097618311644,0.9570308327674866,0.3212845027446747
1773925101.3859303,0.3005819923674918,0.3294651063421647,0.6306541671159556,0.055880693203663734,0.6182687878608704,-0.022056913003325462,0.9570308327674866,0.3212845027446747
1773925101.587701,0.3018801045452391,0.31278227978180223,0.6263795396408383,0.0392234357409158,0.6165998578071594,-0.03834226727485657,0.9570308327674866,0.3212845027446747
1773925101.788441,0.30158700703835206,0.290283463983882,0.6206129319184649,0.016884292843768023,0.6139184236526489,-0.05643415451049805,0.9570308327674866,0.3212845027446747
1773925101.9892774,0.303832336176765,0.276740197387935,0.6170788070881396,0.0033814176640172278,0.6123519539833069,-0.07396699488162994,0.9570308327674866,0.3212845027446747
1773925102.1915066,0.3039142020739648,0.2543479731281796,0.6112172307293698,-0.019369201924005708,0.6105275750160217,-0.09166212379932404,0.9570308327674866,0.3212845027446747
1773925102.3905926,0.30642739539760344,0.2410092929755775,0.6077837435595304,-0.03275434302123981,0.6081919074058533,-0.10902951657772064,0.9570308327674866,0.3212845027446747
1773925102.5912147,0.30796933465099396,0.22394529250904463,0.6033289456889039,-0.04981404409504231,0.6066646575927734,-0.1265614628791809,0.9570308327674866,0.3212845027446747
1773925102.7914207,0.30716625342693693,0.19698859205066427,0.5962946364986986,-0.07696244241213468,0.604388415813446,-0.14410991966724396,0.8900970220565796,-0.057344306260347366
1773925102.9917634,0.3085952114945071,0.1801133381092181,0.5919033818753433,-0.09388698889942093,0.6024062037467957,-0.16175836324691772,0.8851373195648193,-0.08899340778589249
1773925103.1919918,0.3100282379355914,0.16113833519589385,0.5869705289089883,-0.11288137738165949,0.6006777882575989,-0.17801977694034576,0.8822470903396606,-0.10673485696315765
1773925103.3929965,0.31195349760603713,0.14406108615019197,0.582458686096588,-0.13030005317951554,0.5981115102767944,-0.1961040496826172,0.878834068775177,-0.12865370512008667
1773925103.5941865,0.31384867311067827,0.12581041856414085,0.577709819138384,-0.14871405272380267,0.5967422127723694,-0.21385537087917328,0.8745267987251282,-0.15128295123577118
1773925103.7955904,0.31588491993428713,0.10880093756732366,0.5732607426224126,-0.16591136684159546,0.5940423011779785,-0.23015117645263672,0.8795639276504517,-0.17161934077739716
1773925103.994638,0.31797450930617244,0.09145690730593026,0.5686649370845438,-0.1833591324838333,0.5917271375656128,-0.2487305849790573,0.8743242621421814,-0.19681000709533691
1773925104.1957853,0.3201079578460237,0.07429077961587134,0.5640415030846175,-0.20083388576180505,0.589855968952179,-0.26627209782600403,0.8702007532119751,-0.21828630566596985
1773925104.3974361,0.32189954838989154,0.05529344140531333,0.5589532677362168,-0.2200158992696084,0.5876467823982239,-0.2834256887435913,0.8661220669746399,-0.24417367577552795
1773925104.5975776,0.32428986886951583,0.03851536128434599,0.5544476751926848,-0.23685456122273907,0.5857062339782715,-0.3007732033729553,0.8639664053916931,-0.2577613890171051
1773925104.7981398,0.3264898782656816,0.02038890202664105,0.5496511647775629,-0.2548748361647315,0.5840466618537903,-0.31924211978912354,0.8606297969818115,-0.2801138758659363
1773925104.9989467,0.3285279858875663,0.002148554635033192,0.5448473479648974,-0.27302835481591203,0.581954300403595,-0.3353739380836487,0.8582078218460083,-0.2993820309638977
1773925105.2010422,0.33089069668110693,-0.015459331575167084,0.5402206068994665,-0.2905852507630249,0.5806774497032166,-0.3540925681591034,0.8548937439918518,-0.3212292194366455
1773925105.4006972,0.33321523192504826,-0.03271198053997808,0.5356122424024695,-0.3080635335518629,0.5781065821647644,-0.37050291895866394,0.8548937439918518,-0.3212292194366455
1773925105.6009846,0.33568563135740787,-0.050697736215565004,0.5309600311546399,-0.32590514007067717,0.5768142342567444,-0.389163613319397,0.8548937439918518,-0.3212292194366455
1773925105.8023045,0.33833772664806905,-0.06782482840978384,0.5265795346813088,-0.3430522976576529,0.5748872756958008,-0.4059898555278778,0.8548937439918518,-0.3212292194366455
1773925106.002255,0.3411467800510737,-0.08490002447267377,0.5222682225587021,-0.3598703045474283,0.572888970375061,-0.4241343140602112,0.8548937439918518,-0.3212292194366455
1773925106.2030072,0.34352392879595706,-0.10393119583787816,0.5174267505728164,-0.378727550531305,0.5714346766471863,-0.44082534313201904,0.8548937439918518,-0.3212292194366455
1773925106.4063163,0.3463075634981807,-0.12157626809229062,0.5129797248462008,-0.3960426114093549,0.5695356130599976,-0.45962202548980713,0.8548937439918518,-0.3212292194366455
1773925106.6049957,0.3492816086431346,-0.13845397745229412,0.5086924082281459,-0.41266943680157064,0.5671189427375793,-0.47613248229026794,0.8548937439918518,-0.3212292194366455
1773925106.8053486,0.3517986478701821,-0.15726217953329594,0.5038736840106097,-0.43122239965707454,0.5657232403755188,-0.4952823221683502,0.8548937439918518,-0.3212292194366455
1773925107.006855,0.35461305223604284,-0.1743762172187748,0.4994618776939706,-0.4480757366386463,0.5626667141914368,-0.512178897857666,0.8548937439918518,-0.3212292194366455
1773925107.2065434,0.35713020176779375,-0.19269110678162896,0.49471219640138253,-0.46617889142377633,0.5613166093826294,-0.5306289196014404,0.8548937439918518,-0.3212292194366455
1773925107.406877,0.35997128530631256,-0.20992044599836576,0.4902927398422579,-0.4829954524658886,0.5584434866905212,-0.5472592115402222,0.8548937439918518,-0.3212292194366455
1773925107.607812,0.3622043571844891,-0.22893171248936567,0.4852698836264502,-0.501728563962837,0.5562125444412231,-0.5661230087280273,0.8548937439918518,-0.3212292194366455
1773925107.8093233,0.36506598991513917,-0.24651600528469367,0.4807689793961538,-0.5187742179221526,0.5540806651115417,-0.584399402141571,0.8548937439918518,-0.3212292194366455
1773925108.0086896,0.36774899044140696,-0.26545803414436636,0.4759763387490342,-0.5372064632271064,0.5523582100868225,-0.601205587387085,0.8548937439918518,-0.3212292194366455
1773925108.21,0.3706558722994707,-0.2832116013261765,0.4714683997588375,-0.5544270901602266,0.5499882102012634,-0.6180915236473083,0.8548937439918518,-0.3212292194366455
1773925108.4115283,0.37319705256728614,-0.3025660479978566,0.4666762386876562,-0.5731271153047884,0.5487942099571228,-0.636755108833313,0.8548937439918518,-0.3212292194366455
1773925108.6110535,0.37650742132008796,-0.3196503141494002,0.4624944855902851,-0.5895277849720442,0.5465269684791565,-0.652776837348938,0.8548937439918518,-0.3212292194366455
1773925108.8124053,0.3795030291013447,-0.33798016423260474,0.4580570866843477,-0.6071242066478643,0.5449601411819458,-0.6720991134643555,0.8548937439918518,-0.3212292194366455
1773925109.0117812,0.3822637305961144,-0.3566349067686782,0.45345098543390283,-0.625111098367624,0.5428851246833801,-0.6879821419715881,0.8548937439918518,-0.3212292194366455
1773925109.2121277,0.3850366870074714,-0.3752895625903049,0.4489000597970684,-0.6432341383607215,0.541179358959198,-0.7070649862289429,0.8548937439918518,-0.3212292194366455
1773925109.4148245,0.3875794807094233,-0.3940117024871182,0.444334015003652,-0.6614981514645993,0.5396844744682312,-0.7232828736305237,0.8548937439918518,-0.3212292194366455
1773925109.614847,0.3905209834226725,-0.4112880810835598,0.44016709780994406,-0.6783091461014042,0.5380305051803589,-0.7411802411079407,0.8548937439918518,-0.3212292194366455
1773925109.8134446,0.3930057883749998,-0.4298259811756093,0.43564982559878773,-0.6964274887752693,0.5360661149024963,-0.7575840950012207,0.8548937439918518,-0.3212292194366455
1773925110.0151718,0.3954336000885636,-0.44852395956525837,0.43111464094638574,-0.7148298056417326,0.5348995327949524,-0.7757732272148132,0.8548937439918518,-0.3212292194366455
1773925110.216285,0.3980553354966532,-0.4659112003891992,0.4269253294976311,-0.7319272591908186,0.5325284004211426,-0.7923005223274231,0.8548937439918518,-0.3212292194366455
1773925110.4162412,0.4005994297033422,-0.4833700687403034,0.42266832816529987,-0.7491400015306021,0.5314202904701233,-0.803744375705719,0.8548937439918518,-0.3212292194366455
1773925110.6211903,0.4059591561850755,-0.4883795152754248,0.42149032902332106,-0.7539083769777204,0.5313155651092529,-0.8043534755706787,0.8548937439918518,-0.3212292194366455
1773925110.8238978,0.4122866327566654,-0.48848253839668276,0.4214622682593824,-0.7540222977827904,0.5313131809234619,-0.8043665885925293,0.8548937439918518,-0.3212292194366455
1773925111.0244296,0.41846184073358633,-0.4885534962465627,0.42145719191967834,-0.7540429028800262,0.531316876411438,-0.8043645024299622,0.8548937439918518,-0.3212292194366455
1773925111.420013,0.42457320263442716,-0.48862661070217245,0.4214571919181283,-0.7540429028863194,0.5313095450401306,-0.8045283555984497,0.8548937439918518,-0.3212292194366455
1773925111.6202164,0.43038229337358813,-0.48902158700877996,0.4213735033703527,-0.754387789186611,0.5315970182418823,-0.8051679730415344,0.8548937439918518,-0.3212292194366455
1773925111.819654,0.4359237066135799,-0.48936246120735993,0.42130979085020526,-0.7546621037213761,0.532261073589325,-0.8053767085075378,0.8548937439918518,-0.3212292194366455
1773925112.0223827,0.4414263500794906,-0.4893942996583833,0.4213026681880758,-0.7546991380741205,0.5332291722297668,-0.8055179715156555,0.8548937439918518,-0.3212292194366455
1773925112.224059,0.4466471254262798,-0.489687241151334,0.421287815250061,-0.7547892309279903,0.5340823531150818,-0.8057894110679626,0.8548937439918518,-0.3212292194366455
1773925112.423359,0.4518561922273191,-0.48985373523226095,0.4212801466113268,-0.7548575200671596,0.5361688733100891,-0.806309163570404,0.8548937439918518,-0.3212292194366455
1773925112.6248121,0.4570221833752076,-0.48976688029289334,0.42128410446631936,-0.7547748173185775,0.5378939509391785,-0.8064308762550354,0.8548937439918518,-0.3212292194366455
1773925112.8251832,0.46188805898988133,-0.4898507837148373,0.4212855829246312,-0.7548142173679414,0.535981297492981,-0.8064858317375183,0.8548937439918518,-0.3212292194366455
1773925113.046075,0.4664392954273005,-0.490052209698237,0.4212827249206991,-0.75479819053265,0.533884584903717,-0.8075991272926331,0.8548937439918518,-0.3212292194366455
1773925113.2255442,0.4708009392325277,-0.4901655108213609,0.4212691040146421,-0.7546808567585919,0.5324201583862305,-0.8085513710975647,0.8548937439918518,-0.3212292194366455
1773925113.425699,0.47499678918228405,-0.4902633447321053,0.42125063410567537,-0.7545641602617189,0.5304832458496094,-0.8094949722290039,0.8548937439918518,-0.3212292194366455
1773925113.6282926,0.4790542376465537,-0.4905799350458427,0.421268614376007,-0.7546572138257122,0.5284842848777771,-0.8107317686080933,0.8548937439918518,-0.3212292194366455
1773925113.8276064,0.48294625260082336,-0.4906612242197567,0.42123998818782094,-0.7545348861181446,0.5266101956367493,-0.8118788003921509,0.8548937439918518,-0.3212292194366455
1773925114.0276036,0.48672432654369996,-0.4910231113471617,0.42125892628961525,-0.7546022099713298,0.5241521000862122,-0.8123652935028076,0.8548937439918518,-0.3212292194366455
1773925114.231786,0.49008396581287345,-0.49057300707667006,0.4210082344675808,-0.7538403128329304,0.5220187902450562,-0.8136498928070068,0.8548937439918518,-0.3212292194366455
1773925114.4306095,0.4928391662782879,-0.4893105411548323,0.42039928216901434,-0.7521577279470976,0.5203074216842651,-0.8144784569740295,0.8548937439918518,-0.3212292194366455
1773925114.6352842,0.49530214844142695,-0.4877269314405272,0.41958571499368047,-0.7501260163608251,0.5187202095985413,-0.815999448299408,0.8548937439918518,-0.3212292194366455
1773925114.8316238,0.49765144530693617,-0.4863544914348711,0.41876752351959645,-0.7482613672934193,0.5173423886299133,-0.8173604607582092,0.8548937439918518,-0.3212292194366455
1773925115.033736,0.49982603877104187,-0.4849804715504737,0.4178522268581092,-0.7463577197663889,0.5162952542304993,-0.8179243803024292,0.8548937439918518,-0.3212292194366455
1773925115.234292,0.5025761791004933,-0.48496930751383815,0.4175693372338481,-0.745796404079546,0.5162612199783325,-0.8178806900978088,0.8548937439918518,-0.3212292194366455
1773925115.4333856,0.5054710242322866,-0.48546881988075485,0.4175693345916832,-0.7457963988796208,0.516264796257019,-0.8179047107696533,0.8548937439918518,-0.3212292194366455
1773925115.6343791,0.5082562986022412,-0.4859540311648358,0.4175693345916832,-0.7457963988796208,0.5162535905838013,-0.817872941493988,0.8548937439918518,-0.3212292194366455
1773925115.8343997,0.5109613466981152,-0.48641230504244404,0.4175693345916832,-0.7457963988796208,0.5162639021873474,-0.8178724646568298,0.8548937439918518,-0.3212292194366455
1773925116.0342867,0.5135367726161616,-0.486868807706674,0.4175693345916832,-0.7457963988796208,0.5162675380706787,-0.8178768157958984,0.8548937439918518,-0.3212292194366455
1773925116.2363913,0.5160450688682859,-0.4873073432571709,0.4175693345916832,-0.7457963988796208,0.5162609219551086,-0.8178791999816895,0.8548937439918518,-0.3212292194366455
1773925116.436098,0.5184417508110583,-0.48774356233919997,0.4175693345916832,-0.7457963988796208,0.5162557363510132,-0.8178751468658447,0.8548937439918518,-0.3212292194366455
1773925116.6368778,0.5207234596217909,-0.4881394341963122,0.4175693345916832,-0.7457963988796208,0.5162662863731384,-0.8178769946098328,0.8548937439918518,-0.3212292194366455
1773925116.8386316,0.5228065831667948,-0.48857240696891685,0.4175693345916832,-0.7457963988796208,0.5162603855133057,-0.8178788423538208,0.8020128607749939,-0.6581916809082031
1773925117.038317,0.5248276560716408,-0.48899751930192425,0.4175693345916832,-0.7457963988796208,0.516241192817688,-0.8178938031196594,0.8021182417869568,-0.6569865345954895
1773925117.240555,0.5268369633244957,-0.4892677672794153,0.4175693345916832,-0.7457963988796208,0.5162624716758728,-0.8178669810295105,0.8021182417869568,-0.6569865345954895
1773925117.4413762,0.5286384763349861,-0.4895891223973778,0.4175693345916832,-0.7457963988796208,0.5162597298622131,-0.8178703784942627,0.8046274185180664,-0.6531406044960022
1773925117.6416013,0.5304495242811292,-0.4896910164965144,0.4175693345916832,-0.7457963988796208,0.5162675976753235,-0.817878246307373,0.8035259246826172,-0.6532971858978271
1773925117.8414373,0.532240681736647,-0.48970134659811687,0.4175693345916832,-0.7457963988796208,0.5162659883499146,-0.8178761005401611,0.8018825650215149,-0.6533424854278564
1773925118.0422661,0.5339027488554301,-0.48964454622292164,0.4175693345916832,-0.7457963988796208,0.516261637210846,-0.8178795576095581,0.8014990091323853,-0.6533223390579224
1773925118.2423832,0.5354968660467085,-0.48947433271297874,0.4175693345916832,-0.7457963988796208,0.5162646770477295,-0.8178831338882446,0.8014283180236816,-0.6532613039016724
1773925118.4432395,0.5369792181985877,-0.48920144459975945,0.4175693345916832,-0.7457963988796208,0.5162588953971863,-0.817887544631958,0.8014419674873352,-0.653249979019165
1773925118.6435487,0.5383730968306768,-0.4887957525777014,0.4175693345916832,-0.7457963988796208,0.5162546038627625,-0.8178806304931641,0.8015393018722534,-0.6524443626403809
1773925118.844915,0.5397293948815921,-0.48827977225458397,0.4175693345916832,-0.7457963988796208,0.5162429809570312,-0.8178883194923401,0.8014984726905823,-0.6494559645652771
1773925119.0457437,0.5410774918510906,-0.4876246468253043,0.4175693345916832,-0.7457963988796208,0.5162438154220581,-0.817884624004364,0.8008652925491333,-0.6457905173301697
1773925119.2449665,0.5424477413551032,-0.4867411920755853,0.4175693345916832,-0.7457963988796208,0.5162532925605774,-0.8178902268409729,0.8000588417053223,-0.6430784463882446
1773925119.445037,0.5436400771658677,-0.48589359458304127,0.4175693345916832,-0.7457963988796208,0.516262948513031,-0.8178837895393372,0.8000408411026001,-0.6389846205711365
1773925119.6465344,0.5448193211002761,-0.48490157796588756,0.4175693345916832,-0.7457963988796208,0.5162678360939026,-0.8178845643997192,0.8019734025001526,-0.6330196857452393
1773925119.8483872,0.5459723183971751,-0.4836927576975981,0.4175693345916832,-0.7457963988796208,0.51627516746521,-0.817883312702179,0.8027977347373962,-0.6233289837837219
1773925120.048915,0.5468557036818906,-0.48272124662561255,0.4175693345916832,-0.7457963988796208,0.5162724852561951,-0.817883312702179,0.8028808236122131,-0.6127858757972717
1773925120.2491903,0.5475150050040483,-0.48187301209556654,0.4175693345916832,-0.7457963988796208,0.5162724256515503,-0.8178847432136536,0.8017168641090393,-0.6043589115142822
1773925120.449684,0.5480419066587969,-0.48107639111431216,0.4175693345916832,-0.7457963988796208,0.5162636637687683,-0.8178874254226685,0.7991705536842346,-0.5941982269287109
1773925120.6508012,0.5483574828625536,-0.4804959364229761,0.4175693345916832,-0.7457963988796208,0.5162508487701416,-0.8178815245628357,0.7968961596488953,-0.5882890224456787
1773925120.8520162,0.5487549549820486,-0.4797736636082515,0.4175693345916832,-0.7457963988796208,0.5162554383277893,-0.8178797364234924,0.7967151999473572,-0.5879645347595215
1773925121.0523586,0.5490046749668066,-0.47935218192327694,0.4175693345916832,-0.7457963988796208,0.5162591934204102,-0.8178796768188477,0.7967262864112854,-0.5879710912704468
1773925121.2545698,0.5493310485422228,-0.47874213075017574,0.4175693345916832,-0.7457963988796208,0.5162798166275024,-0.8178773522377014,0.7967554330825806,-0.5879468321800232
1773925121.453913,0.5496868537604754,-0.4780913916209748,0.4175693345916832,-0.7457963988796208,0.5162563323974609,-0.8178775310516357,0.7967255115509033,-0.5879622101783752
1773925121.6587822,0.5499894633167113,-0.47752712182583856,0.4175693345916832,-0.7457963988796208,0.5162649750709534,-0.8178747296333313,0.796721875667572,-0.5879692435264587
1773925121.8545432,0.5502978319756431,-0.4769581805889182,0.4175693345916832,-0.7457963988796208,0.5162703990936279,-0.8178749084472656,0.7967269420623779,-0.5879648923873901
1773925122.057963,0.5504828322700757,-0.47664525102724037,0.4175693345916832,-0.7457963988796208,0.5162562727928162,-0.8178786039352417,0.7967162132263184,-0.5879583358764648
1773925122.2582896,0.5507764226365836,-0.4761077391485903,0.4175693345916832,-0.7457963988796208,0.5162510871887207,-0.8178724646568298,0.7964557409286499,-0.5874661207199097
1773925122.4579587,0.5509057551299834,-0.47588288004135365,0.4175693345916832,-0.7457963988796208,0.5162571668624878,-0.8178785443305969,0.7955403923988342,-0.5857158899307251
1773925122.65985,0.5511193132917492,-0.4755416820774651,0.4175693345916832,-0.7457963988796208,0.5162432789802551,-0.8178855180740356,0.7936958074569702,-0.5819346904754639
1773925122.8591638,0.5512203278934752,-0.4753643581608783,0.4175693345916832,-0.7457963988796208,0.5162545442581177,-0.8178858160972595,0.7913138270378113,-0.5776755809783936
1773925123.0586672,0.5513819662568507,-0.4750481562361985,0.4175693345916832,-0.7457963988796208,0.5162538886070251,-0.8178793787956238,0.7883906960487366,-0.5721774101257324
1773925123.2592857,0.5515466570867058,-0.4747158897559747,0.4175693345916832,-0.7457963988796208,0.5162459015846252,-0.8178779482841492,0.784124493598938,-0.5659219622612
1773925123.460488,0.5517416276288092,-0.4743968868304338,0.4175693345916832,-0.7457963988796208,0.5162562131881714,-0.817878246307373,0.7793494462966919,-0.5568483471870422
1773925123.6608033,0.5518564561727075,-0.47417023908423817,0.4175693345916832,-0.7457963988796208,0.5162540674209595,-0.8178760409355164,0.7744105458259583,-0.5475609302520752
1773925123.8599005,0.5519046098938247,-0.47408182898376944,0.4175693345916832,-0.7457963988796208,0.5162469744682312,-0.8178839683532715,0.7686294913291931,-0.536862313747406
1773925124.0611656,0.5519664711651255,-0.47396676602049914,0.4175693345916832,-0.7457963988796208,0.5162563323974609,-0.8178898692131042,0.761347234249115,-0.5248579382896423
1773925124.2647164,0.551963233406579,-0.47395072021135887,0.4175635566371251,-0.7457850255463521,0.5161489844322205,-0.8176499605178833,0.7548508644104004,-0.5131152272224426
1773925124.4657602,0.5515636459157951,-0.4729618151382455,0.41711254896791317,-0.7449041269640644,0.5151938199996948,-0.8157868981361389,0.7482221126556396,-0.5003122091293335
1773925124.663576,0.5501009919504304,-0.47033912036442466,0.41569715727391293,-0.7421709527549196,0.5130780935287476,-0.8132877945899963,0.741381824016571,-0.48912885785102844
1773925124.8639252,0.5480451638229332,-0.46631000211580265,0.41362508773106044,-0.7381898472570975,0.5100867748260498,-0.8091286420822144,0.7349898815155029,-0.4772126078605652
1773925125.0662405,0.5453671704270125,-0.4615892269359033,0.41100698032088334,-0.7332281493386062,0.5076597929000854,-0.8039698600769043,0.7284334897994995,-0.4650874733924866
1773925125.2660358,0.542478916316978,-0.4565253312912849,0.4081688001538426,-0.7279467733363122,0.5036667585372925,-0.7994464039802551,0.721997082233429,-0.4533444046974182
1773925125.4662054,0.539487717673875,-0.4516072255962478,0.4052491301952103,-0.7225085841958756,0.5004932284355164,-0.794692873954773,0.7155582904815674,-0.4410950839519501
1773925125.6683517,0.5363157672939153,-0.44622412956073265,0.4021308325588008,-0.7166790375035998,0.4950869083404541,-0.7883784174919128,0.7088202834129333,-0.42872774600982666
1773925125.8695488,0.5322960597149099,-0.43908612593286866,0.39797839465734164,-0.7088194553834755,0.48937925696372986,-0.7813998460769653,0.7016189098358154,-0.4165794849395752
1773925126.0682752,0.5274410068025653,-0.4301109690090572,0.3929969277217306,-0.6993699139247005,0.48268193006515503,-0.7726736664772034,0.6955087780952454,-0.4046672582626343
1773925126.2688236,0.5224250375568904,-0.4200258287101982,0.3873998368918546,-0.6887222649277528,0.4768425226211548,-0.7639163136482239,0.6889922022819519,-0.3927946984767914
1773925126.470374,0.5171032420999779,-0.4094517017033318,0.38154340127354613,-0.6776981792988418,0.4692293703556061,-0.7537229657173157,0.6821322441101074,-0.3812903165817261
1773925126.6710966,0.5112691163721551,-0.39816516272830066,0.37536573745209534,-0.6661116860618231,0.46101558208465576,-0.7427765727043152,0.6759330034255981,-0.3694394826889038
1773925126.871911,0.5043590145650151,-0.3846559826633031,0.3681383379925382,-0.6525375045655684,0.45204779505729675,-0.731096625328064,0.6684249639511108,-0.3557477593421936
1773925127.072997,0.4983432475090477,-0.3727891724668173,0.3618312221171834,-0.64060651698457,0.44381821155548096,-0.721260130405426,0.6613519787788391,-0.34444260597229004
1773925127.2737427,0.4916761058820929,-0.35971268234594167,0.35497431558308457,-0.6275307678895022,0.4360188841819763,-0.7104154229164124,0.6548529863357544,-0.33268681168556213
1773925127.4749434,0.48514586107392454,-0.34737964584880754,0.3485103423860145,-0.6151874487200881,0.42765262722969055,-0.6985315680503845,0.6488898992538452,-0.321033239364624
1773925127.6749644,0.47849342646981424,-0.33494469316693587,0.342002314583574,-0.6027391802070721,0.42019757628440857,-0.6886022686958313,0.6417574286460876,-0.30936166644096375
1773925127.8754628,0.4713760593360852,-0.32207635471055923,0.33526907363459246,-0.5898112216188577,0.4115211069583893,-0.6790744066238403,0.6355933547019958,-0.29774609208106995
1773925128.076246,0.4645967396099705,-0.31002522808656674,0.32912516990351753,-0.5775351987431004,0.40387123823165894,-0.6680184602737427,0.628905177116394,-0.2851797342300415
1773925128.2767124,0.4575630396425137,-0.29777424578593165,0.322793265493699,-0.5649663413549726,0.39836224913597107,-0.657871425151825,0.6219130754470825,-0.2740713655948639
1773925128.4764812,0.44952598353191137,-0.2846089739026572,0.3155077091702883,-0.5514376614251865,0.38956499099731445,-0.6469660997390747,0.6150131821632385,-0.26298296451568604
1773925128.6768448,0.4420581365591989,-0.272785915563839,0.3089856558915576,-0.5392638760910173,0.3804877698421478,-0.6360641717910767,0.6089193224906921,-0.2510768175125122
1773925128.8775163,0.43398172250414846,-0.26052756466862964,0.30217751020351485,-0.5265458380031012,0.37262097001075745,-0.6254771947860718,0.6014571189880371,-0.23876261711120605
1773925129.0781362,0.42578155722764865,-0.24848307292200447,0.2954059586049517,-0.5138585539790033,0.36490896344184875,-0.6151931285858154,0.5947176814079285,-0.22694988548755646
1773925129.2781,0.41729129844577567,-0.23638469680693233,0.2884574151102925,-0.5008160988368131,0.356265664100647,-0.603594958782196,0.5878170728683472,-0.21463526785373688
1773925129.4815562,0.40894881985952874,-0.22476332789579043,0.2816804486027782,-0.488169488769417,0.3469679355621338,-0.5921959280967712,0.5805394053459167,-0.20387576520442963
1773925129.6805093,0.40062090013689217,-0.21330556487941682,0.2750551644548276,-0.47584950403688575,0.34008732438087463,-0.5827492475509644,0.5744782090187073,-0.1924610137939453
1773925129.8813186,0.39257745807179706,-0.20269107078561713,0.26881561436027374,-0.46410564675583466,0.3316478729248047,-0.5722764730453491,0.5675450563430786,-0.180201455950737
1773925130.0819998,0.38379163266435584,-0.19085204774787828,0.2619568076950842,-0.4510023445971909,0.32246121764183044,-0.5601596236228943,0.5599835515022278,-0.16897989809513092
1773925130.2825978,0.3751905492303417,-0.17947189777358089,0.2553636072009059,-0.43842073058776343,0.3144189119338989,-0.548647940158844,0.5537674427032471,-0.1572796255350113
1773925130.4829092,0.3666239439686993,-0.16844016988886565,0.248908998732146,-0.4260837633020176,0.30683329701423645,-0.5394740700721741,0.5470225811004639,-0.14550691843032837
1773925130.6857665,0.35750028222108593,-0.1565041256052888,0.24204822066975273,-0.4126700197144886,0.2986353039741516,-0.5288051962852478,0.5398808121681213,-0.1340838223695755
1773925130.8888228,0.3488581943713164,-0.1452610932114304,0.23570632473041764,-0.4001178363802198,0.2910650670528412,-0.5170965790748596,0.5333503484725952,-0.12193549424409866
1773925131.0872705,0.3396175057471714,-0.1333157750280129,0.228818956773718,-0.3867309855632042,0.2835935354232788,-0.5062931776046753,0.526444673538208,-0.10985184460878372
1773925131.2865367,0.3305293121278413,-0.12241664583897088,0.22240087688922222,-0.3742092755434199,0.27461186051368713,-0.4956716299057007,0.5192036628723145,-0.098006971180439
1773925131.4869287,0.3216378387885284,-0.11176142333933119,0.216096934221512,-0.3617257705150596,0.26658278703689575,-0.4846755266189575,0.5118479132652283,-0.08590583503246307
1773925131.687493,0.3123329338081177,-0.1002710522168955,0.2094580525029192,-0.34859105542318103,0.25882139801979065,-0.4740305542945862,0.5056277513504028,-0.07483196258544922
1773925131.8879695,0.30314563597267963,-0.08989312971969723,0.20322097363646874,-0.3362510277676538,0.25030776858329773,-0.46266549825668335,0.49846866726875305,-0.0630781352519989
1773925132.0885215,0.29390931211411714,-0.07948475221506078,0.19696486891281095,-0.32387405176758177,0.2417151927947998,-0.45106610655784607,0.49103429913520813,-0.050976913422346115
1773925132.2890985,0.28441020919403187,-0.06860101090919771,0.19041523738827926,-0.3109279915248604,0.23387527465820312,-0.43985018134117126,0.4842517077922821,-0.03844103962182999
1773925132.489631,0.27495710038408305,-0.0583775060352091,0.18412949154184644,-0.29856108538079007,0.22634229063987732,-0.4303740859031677,0.47736597061157227,-0.027520127594470978
1773925132.691092,0.26522065438765713,-0.047555544994493965,0.17756719339278704,-0.2855990963120205,0.21786943078041077,-0.4188990592956543,0.47096243500709534,-0.0168352909386158
1773925132.8915331,0.25560502203727237,-0.037335319733274606,0.17118273332803857,-0.27291875280364497,0.20972345769405365,-0.4067361652851105,0.46377259492874146,-0.0039970288053154945
1773925133.0916517,0.24580256657353966,-0.026801507738631727,0.164655990305983,-0.2599503780396204,0.20217160880565643,-0.39655250310897827,0.45691290497779846,0.007609030231833458
1773925133.2921891,0.23618976765203528,-0.016089221816292458,0.15817589794941933,-0.2469914849592254,0.19427968561649323,-0.3877517879009247,0.44978249073028564,0.02021295577287674
1773925133.4933066,0.22713072613844196,-0.006225574493939457,0.15237923229265676,-0.23463895322913242,0.1874181181192398,-0.37674635648727417,0.44290027022361755,0.03292185068130493
1773925133.693391,0.21774305432228075,0.003617630158747152,0.1463340190209917,-0.22195117782306828,0.18184798955917358,-0.3670560419559479,0.43592461943626404,0.04426230117678642
1773925133.8936038,0.20768105065941284,0.014291906298837422,0.13958340652683848,-0.20882965077056714,0.17307186126708984,-0.3558787405490875,0.42956939339637756,0.05497552454471588
1773925134.0953255,0.1979174001779542,0.024086140792271338,0.13325690470550694,-0.19645579379875522,0.1642851084470749,-0.3449421226978302,0.42280715703964233,0.06703294813632965
1773925134.2963085,0.18797296237625816,0.03407810811062585,0.12680214735579987,-0.18378452696195757,0.15641994774341583,-0.3340841233730316,0.4161648452281952,0.07832260429859161
1773925134.4963639,0.17826744303815287,0.043573924929752726,0.12060972655813829,-0.17161838058240608,0.1483745276927948,-0.3232254683971405,0.4083419144153595,0.09073524177074432
1773925134.697012,0.16801226500698688,0.05399067526138199,0.11390162365392531,-0.1584275741706651,0.13970939815044403,-0.311309278011322,0.40188005566596985,0.1016659289598465
1773925134.8986154,0.1577127393254186,0.06393170205249706,0.10736602316353594,-0.1455574182918553,0.13123011589050293,-0.30013328790664673,0.39483338594436646,0.11301707476377487
1773925135.0985065,0.14742177456045333,0.07331194670313836,0.10090605099452032,-0.13285234321893036,0.1234753206372261,-0.2901257872581482,0.38812053203582764,0.12461604177951813
1773925135.300472,0.13727027442746836,0.0823013804182394,0.09458299999812148,-0.12037839580262788,0.11533895879983902,-0.278870165348053,0.381526917219162,0.1360117346048355
1773925135.5008426,0.12724588857759914,0.09141336601022818,0.08842925776153931,-0.108245291382844,0.10703181475400925,-0.26702168583869934,0.3748624920845032,0.1475006639957428
1773925135.70038,0.11654848746646022,0.10127152013277808,0.08183381437218795,-0.0952310044151361,0.09905844926834106,-0.25546082854270935,0.36754095554351807,0.15873393416404724
1773925135.902319,0.10582882579213254,0.11134396743574197,0.07519503350551848,-0.08206682465038151,0.0900484025478363,-0.24453803896903992,0.36112740635871887,0.17078514397144318
1773925136.102391,0.09555118645635309,0.12060897030974715,0.06898017828093206,-0.06956811332939528,0.08248340338468552,-0.23421423137187958,0.3543814718723297,0.18271708488464355
1773925136.3024256,0.08521460822104691,0.12966411519447751,0.06282066772844153,-0.05712116278932333,0.07489486038684845,-0.22253774106502533,0.3468391001224518,0.19506998360157013
1773925136.5037568,0.07440621872467792,0.1388850882156504,0.056369383813341334,-0.044092190028766076,0.06635874509811401,-0.2114221453666687,0.34001535177230835,0.20743703842163086
1773925136.704171,0.06398495588462128,0.14788493105502423,0.05022717983332914,-0.031546466735485224,0.05752304568886757,-0.20051302015781403,0.3326061964035034,0.2196190506219864
1773925136.905922,0.0534399193556556,0.15724287414402677,0.043973744117961955,-0.018714312793142396,0.04991970211267471,-0.18967095017433167,0.32568100094795227,0.2311576008796692
1773925137.1079419,0.04267407027217848,0.1665977330322231,0.03756874023740042,-0.005652891993180198,0.04235557094216347,-0.17932364344596863,0.31851401925086975,0.24394354224205017
1773925137.305756,0.032059378514430706,0.1760144424635115,0.031275901798970995,0.007222972520561255,0.033563125878572464,-0.1677037477493286,0.31194403767585754,0.25493118166923523
1773925137.507838,0.02197882750214384,0.1846641604735473,0.025376575842356086,0.019403685277106453,0.025078166276216507,-0.15587927401065826,0.3101111352443695,0.2576647400856018
1773925137.7075603,0.010932451483376467,0.19491181158103094,0.018591800614229603,0.03335942868927444,0.017840543761849403,-0.1462492048740387,0.3101111352443695,0.2576647400856018
1773925137.9077415,0.0007679965805674266,0.20358817541351903,0.012667005136196452,0.0456227469863828,0.00978184025734663,-0.13564832508563995,0.2912660241127014,0.290738046169281
1773925138.1085813,-0.010119762678575488,0.21255997643706226,0.006406364368805706,0.05870496095313005,0.001645626500248909,-0.12345101684331894,0.2848278880119324,0.3019176721572876
1773925138.3092306,-0.021101164223075345,0.22261445915007608,-9.476308265921052e-05,0.0721832850712203,-0.006604633294045925,-0.11027449369430542,0.27816176414489746,0.3131731152534485
1773925138.5096998,-0.03301184880160775,0.23430233730551678,-0.007524493188831971,0.08751561532782248,-0.017026850953698158,-0.09770600497722626,0.2743876576423645,0.3203772306442261
1773925138.7099497,-0.045077175581091304,0.24676415916749464,-0.015100574890253071,0.10360206370754788,-0.02618694305419922,-0.08405883610248566,0.2743876576423645,0.3203772306442261
1773925138.911128,-0.0569185632782045,0.2584030507973514,-0.02235106797592179,0.11906299563671863,-0.03593345358967781,-0.0703948438167572,0.2580302059650421,0.34757107496261597
1773925139.111229,-0.06951774296560764,0.2724557880571289,-0.030286254322782646,0.13662595390023724,-0.04698631912469864,-0.05494114011526108,0.25138768553733826,0.3603648543357849
1773925139.312929,-0.08131987048088063,0.2854554927055652,-0.03742365721177765,0.1533709537057295,-0.05596983805298805,-0.04053032025694847,0.24426721036434174,0.3724501430988312
1773925139.5139163,-0.09323518821299623,0.29888230782388925,-0.04443587436171392,0.17065647078674995,-0.06593360751867294,-0.025178592652082443,0.2375943809747696,0.38462311029434204
1773925139.7137372,-0.10492050458593458,0.310980472684914,-0.05090889789926645,0.18724095238848792,-0.07453378289937973,-0.009978007525205612,0.23136702179908752,0.3962966501712799
1773925139.915103,-0.11624308616764739,0.3240767423074738,-0.05732036541757901,0.2040228836314517,-0.08352911472320557,0.0043945228680968285,0.22427332401275635,0.4077650010585785
1773925140.1156993,-0.12795596885758376,0.3369393685165069,-0.06383067381494545,0.2211233625159803,-0.09129190444946289,0.018288470804691315,0.21860425174236298,0.41878968477249146
1773925140.3158758,-0.13918905444832558,0.34958355410735015,-0.07006614727380511,0.23768559019091673,-0.0998232513666153,0.03364367410540581,0.21843072772026062,0.41918861865997314
1773925140.5168164,-0.1511691712347747,0.36254497145518755,-0.07664143210032393,0.2550735754667095,-0.10946844518184662,0.0486791618168354,0.2047751247882843,0.44208669662475586
1773925140.9181745,-0.17003387399015357,0.3928498940455423,-0.08969285564886853,0.2900715279145143,-0.12660522758960724,0.07797069102525711,0.19091230630874634,0.4654897451400757
1773925141.1202533,-0.18176994639495225,0.40470802724462573,-0.09576487861823746,0.3065486343537811,-0.1347348541021347,0.09308037906885147,0.18443426489830017,0.47501489520072937
1773925141.3192873,-0.19359912328910853,0.4174082490031652,-0.10197928483889784,0.32343936669175877,-0.1428672969341278,0.10764853656291962,0.17666995525360107,0.48898088932037354
1773925141.5208042,-0.205984207918837,0.4303514444338501,-0.10851464280555567,0.34120632308747756,-0.15212200582027435,0.12229105085134506,0.1697090119123459,0.5011678338050842
1773925141.7210317,-0.21807801164838428,0.4417869689071658,-0.11448173763819747,0.35812176236604376,-0.15998607873916626,0.13754314184188843,0.16248837113380432,0.5125266909599304
1773925141.9219215,-0.22965087824046976,0.45441558771908946,-0.12038999780694604,0.3749657161943085,-0.16876481473445892,0.15215544402599335,0.15464527904987335,0.5246947407722473
1773925142.1228154,-0.2414219085395693,0.4671871736634873,-0.12643190814967087,0.39229629824790213,-0.17745782434940338,0.16838978230953217,0.14821818470954895,0.5359276533126831
1773925142.322364,-0.2531648034813124,0.4797876047453664,-0.13241752692263642,0.4093353826752648,-0.18576614558696747,0.18382199108600616,0.14139235019683838,0.5471328496932983
1773925142.524185,-0.2652628632847525,0.4933443834277916,-0.1387028920415483,0.42719432102870614,-0.19473153352737427,0.19796407222747803,0.1342809796333313,0.5589836835861206
1773925142.7239323,-0.2770877163914576,0.5054925200844655,-0.14449660600807068,0.4441102757891142,-0.20287013053894043,0.21486246585845947,0.12736183404922485,0.5717301368713379
1773925142.9254718,-0.29067317930387215,0.5233718392419919,-0.15217357877183268,0.4664317634413939,-0.2115662693977356,0.23013223707675934,0.12018395960330963,0.5832251310348511
1773925143.1257684,-0.3021747680913873,0.5353283633366004,-0.1578738085338982,0.48283469162193837,-0.2204257845878601,0.24642248451709747,0.11335839331150055,0.5940864086151123
1773925143.3320985,-0.31427524824488784,0.548224427175913,-0.16398357050690282,0.5005022720976857,-0.2290154993534088,0.2612973153591156,0.10625006258487701,0.6068681478500366
1773925143.5266857,-0.32606593598512673,0.5609985802199497,-0.1698830627763689,0.5178918941618074,-0.23642350733280182,0.275463730096817,0.09992584586143494,0.6174476146697998
1773925143.7255757,-0.33880327105445474,0.5750604320822548,-0.17654104576535523,0.536903064745859,-0.24496373534202576,0.2902924120426178,0.09251201897859573,0.6292274594306946
1773925143.927279,-0.3505449815301785,0.5867223685471463,-0.18226404712854383,0.5533498019768812,-0.25385674834251404,0.3065342605113983,0.08518271893262863,0.6418514251708984
1773925144.1279533,-0.36321570610444337,0.600544440420493,-0.18873140043166425,0.5721662587945353,-0.26231393218040466,0.3212836682796478,0.07878676801919937,0.6527754664421082
1773925144.3297167,-0.37598720432057875,0.6153407907233056,-0.19543371777685425,0.5917573644620742,-0.2709236145019531,0.3371049761772156,0.070513054728508,0.6647153496742249
1773925144.5298727,-0.3868738129650846,0.6238054857905764,-0.20005592394766936,0.6051558808317314,-0.2796746790409088,0.352389395236969,0.06531445682048798,0.6783019304275513
1773925144.73007,-0.4006105509722929,0.641388779762653,-0.2078600024773264,0.6277103683254386,-0.2886585295200348,0.36793574690818787,0.058691129088401794,0.6893945932388306
1773925144.9320188,-0.4113519783836939,0.6490984355991648,-0.21223104796635028,0.6403851040954107,-0.29669883847236633,0.3841707706451416,0.050221994519233704,0.7019885778427124
1773925145.1318727,-0.4244697458649831,0.6647755050218382,-0.21931629300999278,0.6608349737594099,-0.3059007525444031,0.3990660011768341,0.04399862885475159,0.7128942608833313
1773925145.3319979,-0.4355158862689757,0.6744609432050541,-0.22436095323307237,0.6753353654428738,-0.3132834732532501,0.4134233295917511,0.036645181477069855,0.7244263291358948
1773925145.5321052,-0.44858271474882244,0.6882678095007618,-0.23109513760284506,0.6941617270054801,-0.32185041904449463,0.4288570284843445,0.02916482463479042,0.7363957166671753
1773925145.7342238,-0.4605403464235595,0.6998934105721711,-0.23692264884639969,0.7106161058807858,-0.33071261644363403,0.4432535171508789,0.022053465247154236,0.7485408782958984
1773925145.9336624,-0.4726442608932569,0.7109920037660826,-0.24256678061531867,0.7267148756193436,-0.33811694383621216,0.457876980304718,0.014519980177283287,0.76007080078125
1773925146.137271,-0.4864679371054485,0.7276055045752859,-0.2501047899086116,0.7482613951778792,-0.34735924005508423,0.4727572202682495,0.00707617960870266,0.7715590000152588
1773925146.3354883,-0.497343175168839,0.7369423640794879,-0.25488408850986055,0.7621641800140604,-0.35559478402137756,0.4887646436691284,-0.00014265859499573708,0.7837866544723511
1773925146.5373986,-0.511069437006868,0.7529544010282843,-0.26219765370742487,0.78332420648516,-0.3640212416648865,0.5038700103759766,-0.0070764776319265366,0.7953936457633972
1773925146.7349312,-0.5222497223263068,0.7620370807516752,-0.26706763888471996,0.797385168642164,-0.373351126909256,0.5186901688575745,-0.01500839926302433,0.8072887063026428
1773925146.9388564,-0.5338549210965742,0.7737738863497783,-0.27260809851033163,0.8137298613696378,-0.38114234805107117,0.5344662070274353,-0.022203702479600906,0.8196245431900024
1773925147.139175,-0.5479136459221919,0.7909426158351495,-0.28024312495512715,0.836086590562493,-0.3901471495628357,0.5496962666511536,-0.0294962115585804,0.8310896754264832
1773925147.3398747,-0.5587075472426062,0.7989124617872367,-0.28459444090046426,0.8488700085557204,-0.3988252580165863,0.5655041337013245,-0.03661958873271942,0.8423276543617249
1773925147.5398946,-0.571766734704805,0.8137086227138037,-0.29123647488675086,0.8684105144117513,-0.4067443013191223,0.5803207755088806,-0.0426684245467186,0.8505595922470093
1773925147.7412033,-0.5846821653669858,0.8283795756893781,-0.2977421777430863,0.8878242112222501,-0.4152803421020508,0.5962650775909424,-0.04226367920637131,0.8520386815071106
1773925147.9418144,-0.5952191330503628,0.8366340456690381,-0.3020665257311089,0.9005315382961676,-0.4230893552303314,0.611383318901062,-0.042238593101501465,0.8521482944488525
1773925148.1422098,-0.6074326601653097,0.8483714692288143,-0.3076557652399836,0.91701091693592,-0.4318293035030365,0.6271430850028992,-0.04222619906067848,0.8521344661712646
1773925148.3426483,-0.6201099568856693,0.8623419351110164,-0.3138820853900689,0.9355461937412315,-0.44048643112182617,0.6426731944084167,-0.04223613440990448,0.8521389961242676
1773925148.542522,-0.6320221163023868,0.8750434891462222,-0.31956335114533707,0.9527244791867786,-0.448525995016098,0.6575908064842224,-0.04221601411700249,0.8521403670310974
1773925148.7432787,-0.6439973675349738,0.8879371539572921,-0.3253292992896839,0.9701702722997045,-0.457051545381546,0.6729962229728699,-0.042238906025886536,0.852140486240387
1773925148.94375,-0.6559027867723328,0.9002795271232837,-0.331054441691468,0.9871032746556065,-0.46597912907600403,0.6884560585021973,-0.04222947731614113,0.8521361351013184
1773925149.1450462,-0.6701223806990009,0.9186128390416546,-0.3388018022860251,1.0103534266381886,-0.47396859526634216,0.7036619782447815,-0.042240604758262634,0.852120578289032
1773925149.3457396,-0.6811481906032316,0.9272632497381252,-0.34319716642364795,1.0237560217818382,-0.4826631247997284,0.7181104421615601,-0.042243313044309616,0.8521209955215454
1773925149.5494797,-0.6933600036497582,0.9399887097628304,-0.3488007108939428,1.041253750631245,-0.4906812310218811,0.7330936193466187,-0.042234987020492554,0.8521460890769958
1773925149.746882,-0.705147008671196,0.9526649939805184,-0.353972061962601,1.0587147880815193,-0.49970024824142456,0.7490262985229492,-0.042227283120155334,0.8521587252616882
1773925149.9507792,-0.7169307379243641,0.9692342001019525,-0.35936196094946926,1.0800840045868783,-0.5068383812904358,0.7646279335021973,-0.04222925379872322,0.8521310687065125
1773925150.1496148,-0.7267228679485139,0.9785576378865084,-0.3623910474155023,1.0942277007131134,-0.5155447721481323,0.7833929657936096,-0.042222920805215836,0.8521415591239929
1773925150.352271,-0.737018864616849,0.9930584613311048,-0.36588580940685045,1.113572166671645,-0.5226763486862183,0.8026778697967529,-0.0422159805893898,0.8521518111228943
1773925150.753259,-0.7483280200940846,1.0280899995594535,-0.36976697503018774,1.153991130662643,-0.5345823764801025,0.8384165167808533,-0.042252928018569946,0.8521393537521362
1773925150.9545848,-0.7559299575234484,1.0445579309507065,-0.3700484340773864,1.175503361992364,-0.5389161705970764,0.858768105506897,-0.04221854731440544,0.8521623015403748
1773925151.1546361,-0.7627735138130535,1.0622784975429596,-0.36922901900146887,1.1983886251928015,-0.5429880023002625,0.8799048066139221,-0.04222811385989189,0.8521525263786316
1773925151.354908,-0.7679980660647009,1.0784403460329501,-0.36703290067268013,1.2194722926031045,-0.5460078716278076,0.9018440842628479,-0.04222419857978821,0.852145791053772
1773925151.5521867,-0.7715571953886933,1.0955676057873174,-0.36301373672808024,1.2416799491572719,-0.546906590461731,0.9221952557563782,-0.0422385111451149,0.852155327796936
1773925151.7577834,-0.77355929054274,1.111865289941566,-0.35730072661434586,1.2630132678135624,-0.5457857251167297,0.9427765607833862,-0.042227666825056076,0.8521443009376526
1773925152.159816,-0.7642211879395431,1.148258830397773,-0.33890657857563666,1.3042108705374398,-0.53794264793396,0.9853065013885498,-0.04223635420203209,0.8521392941474915
1773925152.358203,-0.7589019380457229,1.1643520581807298,-0.3249077403011301,1.3248240961626263,-0.530590295791626,1.0060219764709473,-0.04222480580210686,0.8521462678909302
1773925152.5582716,-0.753733369517791,1.1764214910790667,-0.31094862600254025,1.3411981120113858,-0.5199265480041504,1.0253928899765015,-0.042247332632541656,0.8521305322647095
1773925152.7582855,-0.7473083585092418,1.187325915343511,-0.29549283427077633,1.3561457403637567,-0.5091031789779663,1.0414283275604248,-0.04222821071743965,0.852154552936554
1773925152.9588869,-0.7380448466799115,1.1983159647330517,-0.2775675035993229,1.3709829097447628,-0.4954254627227783,1.0575305223464966,-0.042248573154211044,0.852140486240387
1773925153.1590889,-0.7226118232347365,1.2120538470947875,-0.2531580588146204,1.388465581286117,-0.47993218898773193,1.074882984161377,-0.04224522411823273,0.8521571755409241
1773925153.3591814,-0.7152159597831874,1.2188198944546413,-0.23698400840288714,1.3983637072796768,-0.4625648856163025,1.0918753147125244,-0.04222220927476883,0.8521478176116943
1773925153.5595188,-0.6997442720573488,1.2284562044561227,-0.21282575208309673,1.410843083907865,-0.4418456554412842,1.1088348627090454,-0.04227264225482941,0.8520652651786804
1773925153.7583063,-0.6793915759370385,1.2387042012479765,-0.18382415108212247,1.4233158922654865,-0.41590428352355957,1.1265703439712524,-0.042244382202625275,0.852153480052948
1773925153.9603407,-0.6586342830430275,1.2470115713885916,-0.15450516401253112,1.4335260454640375,-0.39011886715888977,1.141062617301941,-0.042249370366334915,0.85214763879776
1773925154.1614356,-0.636221557471367,1.2542190427571065,-0.12357299974174385,1.4422041322405348,-0.362642765045166,1.1538879871368408,-0.04226040095090866,0.8521607518196106
1773925154.3624673,-0.6112168764521868,1.2607956777484222,-0.09023360577477457,1.4498273571335911,-0.3323366940021515,1.1676249504089355,-0.04221727326512337,0.8521248698234558
1773925154.5623724,-0.5854280415706589,1.2659713523542435,-0.05600721981194101,1.4556689328089263,-0.3034171164035797,1.1780674457550049,-0.04222851246595383,0.8521484732627869
1773925154.762638,-0.5624082302498178,1.269211957921701,-0.024714669629771202,1.4591367216627358,-0.27205243706703186,1.188072681427002,-0.04222758114337921,0.8521478176116943
1773925155.1651278,-0.49931703153915763,1.271631182056156,0.04782461975010599,1.4612475882170375,-0.20566242933273315,1.2020303010940552,-0.04221354424953461,0.8521445989608765
1773925155.3672757,-0.4684458663935029,1.270517704981089,0.08861457857998856,1.4594199613964478,-0.17110218107700348,1.2059589624404907,-0.042231157422065735,0.8521531224250793
1773925155.566182,-0.4355388068829671,1.2679790004706573,0.13121856618791877,1.4558135492918693,-0.13663671910762787,1.2098052501678467,-0.04223225638270378,0.852149248123169
1773925155.7670567,-0.40760227196610027,1.264841870190485,0.16868437720287788,1.4511099296395917,-0.10030020773410797,1.211998701095581,-0.04223846644163132,0.8521419763565063
1773925155.9679353,-0.38102984719096217,1.261535768960892,0.20480862625114876,1.4454939100621487,-0.06359657645225525,1.212859869003296,-0.042246073484420776,0.8521614074707031
1773925156.1685038,-0.3508392976943754,1.2570394571230348,0.24426560637161254,1.438159359868449,-0.027583451941609383,1.2127676010131836,-0.042240679264068604,0.8521559238433838
1773925156.3692095,-0.32489052868818824,1.2528119596771405,0.279027510489975,1.4307521751056664,0.008883567526936531,1.212232232093811,-0.04224678874015808,0.8521506190299988
1773925156.569688,-0.2931412304479593,1.246030433857758,0.3194015149730177,1.4203365341661773,0.045100241899490356,1.2095561027526855,-0.04226326942443848,0.8521368503570557
1773925156.7703316,-0.26303470164389736,1.2383286425490794,0.3579839511991212,1.4084771902488713,0.08174978941679001,1.2054939270019531,-0.04225796461105347,0.8521558046340942
1773925156.9693499,-0.2395903876839331,1.2312854851805584,0.38951371496242143,1.3968959125092755,0.11612096428871155,1.1991268396377563,-0.04230217635631561,0.8521326184272766
1773925157.1714063,-0.2095001133418488,1.2199977700183116,0.4276224665341002,1.3805732602415661,0.14930766820907593,1.1903856992721558,-0.04228755831718445,0.8521468639373779
1773925157.3720112,-0.18732911979983186,1.2102977401306674,0.4574323262821235,1.3655977403976594,0.1851232349872589,1.1805821657180786,-0.042212553322315216,0.8521694540977478
1773925157.5736365,-0.1578978981751333,1.194311633770002,0.49431717258551083,1.3436254529974816,0.2149425446987152,1.1696292161941528,-0.042245686054229736,0.8521410822868347
1773925157.7735455,-0.14285473833509088,1.1847205553308058,0.5163274623615286,1.3282183739574664,0.24636870622634888,1.1561975479125977,-0.042232196778059006,0.8521423935890198
1773925157.9744005,-0.12326767150094742,1.170161306044215,0.5423124057011269,1.3072987636192583,0.2728142738342285,1.1410611867904663,-0.042221665382385254,0.8521523475646973
1773925158.1744492,-0.10243520487252109,1.1516048910627108,0.5690892596469594,1.2819089002571729,0.3002248704433441,1.1234134435653687,-0.04226859658956528,0.852056622505188
1773925158.375097,-0.08391577354322032,1.1305083963842346,0.5934638914109206,1.2539401112003303,0.32482558488845825,1.103127121925354,-0.042209647595882416,0.8521459698677063
1773925158.5764859,-0.07063005723695062,1.1119840522909343,0.6121001034731735,1.2282732971945114,0.34671610593795776,1.0827940702438354,-0.04222341999411583,0.8521494269371033
1773925158.7763731,-0.05958189293945397,1.091209955860291,0.6283755902749683,1.2006484010674585,0.3682449758052826,1.0585293769836426,-0.04224946349859238,0.8521319031715393
