timestamp,robot_id,x,y,v_cmd,w_cmd
1777027845.7030416,tb2,-0.023703294228693918,-0.04286209832175675,0.18,-1.1502467705017052
1777027845.7102885,tb1,-0.5084188183956373,1.1823763677397914,0.02838773499769351,1.5
1777027845.7196636,tb3,0.1511411842190595,1.3987456993037526,0.07785953125943847,1.5
1777027845.7528355,tb2,-0.022981032902178483,-0.04263540986757169,0.18,-1.0715430432221074
1777027845.7602255,tb1,-0.5083896211818996,1.1823407506195194,0.03176215326834697,1.5
1777027845.7695742,tb3,0.1511463044383192,1.3987615291304158,0.08076100252598044,1.5
1777027845.8029401,tb2,-0.022981032902178483,-0.04263540986757169,0.18,-1.0659445920594948
1777027845.8100982,tb1,-0.5078250954216506,1.1816880880754825,0.041716036029028195,1.5
1777027845.8194668,tb3,0.1507398245113965,1.3970273909067066,0.09584522690930225,1.5
1777027845.8529465,tb2,-0.019420879822517147,-0.04167275770275306,0.18,-0.9593232212653175
1777027845.8601167,tb1,-0.5069057537478843,1.1807780089995283,0.051542560363845455,1.5
1777027845.8694725,tb3,0.15012878959410803,1.393316192946322,0.11262643299015088,1.5
1777027845.9030309,tb2,-0.01338803882159807,-0.04037591325024468,0.18,-0.8758947899075878
1777027845.9102023,tb1,-0.5069057537478843,1.1807780089995283,0.051110668675229946,1.5
1777027845.9194596,tb3,0.14972649675815095,1.388743766335073,0.13134238002142914,1.5
1777027845.9530742,tb2,-0.004930700227813846,-0.03899287990443255,0.18,-0.8225997799263068
1777027845.9602635,tb1,-0.5055356730879657,1.1796119244021184,0.06106231156314089,1.5
1777027845.969486,tb3,0.14974758592653856,1.3832849692236386,0.15320088068887827,1.5
1777027846.0030236,tb2,0.004048424727796481,-0.038031877233408166,0.18,-0.780241105347966
1777027846.0102358,tb1,-0.5040240085485824,1.178530935491028,0.07150362746191714,1.5
1777027846.019611,tb3,0.14974758592653856,1.3832849692236386,0.15253660670076974,1.5
1777027846.0531142,tb2,0.012251635460395482,-0.037536788781963266,0.18,-0.7315251402627434
1777027846.0603325,tb1,-0.5021845068184675,1.178119102381655,0.08286815119908388,1.5
1777027846.0697153,tb3,0.1504980808737027,1.3782315757032768,0.177564665166354,1.5000000000000002
1777027846.1030567,tb2,0.020355056178508496,-0.03704811871293486,0.18,-0.6827355354194634
1777027846.1104162,tb1,-0.5005104322364958,1.1778062748454636,0.095258398541777,1.5
1777027846.1196783,tb3,0.15123248744854959,1.3733701340090005,0.18000000000000002,1.3016969813282884
1777027846.1529253,tb2,0.0283584504222267,-0.03655922474127779,0.18,-0.6338433790285279
1777027846.1601617,tb1,-0.4990103211477041,1.177576268628333,0.10896449935846503,1.5
1777027846.1694884,tb3,0.15193272101691685,1.3686981841658559,0.18,1.1060303501222508
1777027846.203008,tb2,0.037359903906110534,-0.03688938311890943,0.18,-0.5907426435988973
1777027846.2103558,tb1,-0.4957825927633054,1.1765922845651817,0.12372884363500866,1.5
1777027846.2195938,tb3,0.153915315570962,1.3614224622939397,0.18,0.9273554973333343
1777027846.2529662,tb2,0.04610647756529589,-0.03778423469639819,0.18,-0.5453886730854113
1777027846.2602077,tb1,-0.4908313663779882,1.1752795951636432,0.14003874845954087,1.5
1777027846.269542,tb3,0.15625279043997906,1.3551832716942478,0.18,0.7632489223276436
1777027846.3029492,tb2,0.05563021038953517,-0.039138958636776695,0.18,-0.5051218588753759
1777027846.3101556,tb1,-0.4849620541992433,1.1741731794272445,0.15914623011612414,1.5
1777027846.3195007,tb3,0.1607724017236441,1.3453880974230328,0.18,0.6080411839591093
1777027846.3530092,tb2,0.06450639122420934,-0.04082396344924234,0.18,-0.4612828351282486
1777027846.360158,tb1,-0.4782181474599366,1.1734137220047776,0.17999999999999997,1.4934094923317307
1777027846.3695335,tb3,0.1637108576929696,1.340001686428646,0.18,0.46318871366155046
1777027846.4029582,tb2,0.07320519928354648,-0.042820942044907224,0.18,-0.4171741077941898
1777027846.410185,tb1,-0.47030034552123545,1.1731125981033808,0.18,1.2965696263040285
1777027846.4194946,tb3,0.169930065925633,1.3304877678928642,0.18,0.32214771065826514
1777027846.453169,tb2,0.08268563805547478,-0.045445505364625216,0.18,-0.3784592395572564
1777027846.4602554,tb1,-0.46222575742615396,1.1734083823066894,0.18,1.12543458855895
1777027846.4697788,tb3,0.17319300688757489,1.3261057097138111,0.18,0.18875541126083478
1777027846.5030007,tb2,0.08268563805547478,-0.045445505364625216,0.18,-0.3751719502938221
1777027846.5103078,tb1,-0.4534033676068528,1.1743614614735647,0.18,0.9452439417085667
1777027846.5196466,tb3,0.1815098085806714,1.3165593222401661,0.18,0.055623276754182334
1777027846.5531414,tb2,0.09111539245751397,-0.04817192898379979,0.18,-0.3314036960524464
1777027846.5603101,tb1,-0.44472859377466933,1.1760174098257317,0.18,0.7881026241724537
1777027846.5695357,tb3,0.18617763867296214,1.3120111715582048,0.18,-0.07198483611272341
1777027846.6030216,tb2,0.09936583556992852,-0.051191168164214484,0.18,-0.2883629833428498
1777027846.6103482,tb1,-0.44472859377466933,1.1760174098257317,0.18,0.7926846951182154
1777027846.6195338,tb3,0.19309311342506327,1.3058636633852985,0.18,-0.19823051473759884
1777027846.6530364,tb2,0.10779199923501563,-0.054653973200171235,0.18,-0.2479465130033447
1777027846.660212,tb1,-0.43709220800718246,1.1780327184688217,0.18,0.6309604313033766
1777027846.6694813,tb3,0.2025028554361745,1.2987556530047528,0.18,-0.3243672277068585
1777027846.7030432,tb2,0.11649762453762275,-0.05864700868054429,0.18,-0.2109487546916801
1777027846.7101917,tb1,-0.4289932362768338,1.1807611888750875,0.18,0.46861543749701023
1777027846.7203557,tb3,0.20932594480089564,1.294326044128241,0.18,-0.4414824124126235
1777027846.7530284,tb2,0.12442307388159747,-0.0626542190539501,0.18,-0.17294656116769994
1777027846.7601922,tb1,-0.4195813520916765,1.184632611053572,0.18,0.3234881687868727
1777027846.7695754,tb3,0.20932594480089564,1.294326044128241,0.18,-0.4481828981658692
1777027846.8029885,tb2,0.13246352246546955,-0.06694447924286714,0.18,-0.17059094116435944
1777027846.8102915,tb1,-0.4107092778266034,1.1883556619977662,0.18,0.16575818031329712
1777027846.81958,tb3,0.22001346026676996,1.2872924175369536,0.18,-0.5772233343544564
1777027846.8529885,tb2,0.1403160290856124,-0.07042772779852062,0.18,-0.1915634161186011
1777027846.8603039,tb1,-0.40199134307011486,1.1919924527434644,0.18,0.008801412257580346
1777027846.8695412,tb3,0.23051515941938247,1.2803430150381991,0.18,-0.7113686225677873
1777027846.902966,tb2,0.14812142736028952,-0.07388452620801424,0.18,-0.21220988474042612
1777027846.9101806,tb1,-0.3934505479436854,1.1975479970724945,0.18,-0.15139087398635154
1777027846.9195864,tb3,0.24088429385787988,1.2734539961254594,0.18,-0.8545381560702707
1777027846.9530017,tb2,0.15588015272575587,-0.07731405618716436,0.18,-0.23517287896603017
1777027846.960281,tb1,-0.390052962750287,1.2003809449293468,0.18,-0.2978015485770448
1777027846.9696813,tb3,0.24475212455084558,1.2718282680197184,0.17999999999999997,-0.9925200093685802
1777027847.0030766,tb2,0.16378752079991987,-0.08197956591266038,0.18,-0.2537858033235037
1777027847.0131838,tb1,-0.3794065779149049,1.2102669089484226,0.17999999999999997,-0.4744697047661578
1777027847.0196114,tb3,0.26082816174033707,1.2670895634733979,0.18,-1.1552992368737378
1777027847.0530806,tb2,0.17153951868933687,-0.08669267670113122,0.18,-0.27822194861654925
1777027847.060186,tb1,-0.3775597961579179,1.2122763608155802,0.18,-0.7186132667658368
1777027847.0697684,tb3,0.26218550491737785,1.2667329345273308,0.18000000000000002,-1.3013312382886315
1777027847.1029305,tb2,0.17926634240052716,-0.09148526006721194,0.18,-0.29446257893020716
1777027847.1102605,tb1,-0.3676158036855012,1.2242575415594623,0.18,-0.9020786804361773
1777027847.1143925,tb7,-0.0010240598854234723,-0.49999999995794725,-0.18,0.5072991752233414
1777027847.1196568,tb3,0.2770477896980793,1.2641628020492757,0.18,-1.481707104699995
1777027847.152928,tb2,0.18701484124825893,-0.09638811492480641,0.18,-0.341815416332977
1777027847.1602557,tb1,-0.3654475242699112,1.2273841240840448,0.18,-1.067053753413379
1777027847.1644065,tb7,-0.006296458423945622,-0.5000266411361671,-0.18000000000000002,0.5990308755189934
1777027847.1695228,tb3,0.2813647597441909,1.2635209588664629,0.16382698028919507,-1.4999999999999998
1777027847.2028904,tb2,0.19469511291126412,-0.10134982513918625,0.18,-0.3988400660588811
1777027847.2101173,tb1,-0.3584425217402528,1.238131229256279,0.18,-1.269128891976369
1777027847.2142303,tb7,-0.015525400627690537,-0.5002646678654481,-0.18,0.7534907790990898
1777027847.2195013,tb3,0.29480654719613675,1.2626167090477105,0.14618441851892547,-1.5000000000000002
1777027847.2531657,tb2,0.19469511291126412,-0.10134982513918625,0.18,-0.39667426313263254
1777027847.2601101,tb1,-0.35405046502063015,1.246208382718831,0.18,-1.4563121593245465
1777027847.2643447,tb7,-0.024809679492770298,-0.500798224585583,-0.18,0.9327668233782735
1777027847.2696311,tb3,0.29805918778191687,1.2624337667292453,0.1319455411089917,-1.5
1777027847.3030696,tb2,0.2023322642430107,-0.10639322189449452,0.18,-0.449906717110545
1777027847.3105567,tb1,-0.35141558037503545,1.2513038953297841,0.16464183621835207,-1.5
1777027847.3142903,tb7,-0.034153832851711745,-0.5017115682005809,-0.18,1.156819585379659
1777027847.3196096,tb3,0.3115412775318881,1.262733792068497,0.11979080334764843,-1.5
1777027847.3531291,tb2,0.20989768116425997,-0.11157991017794815,0.18,-0.483189956349313
1777027847.3602438,tb1,-0.35141558037503545,1.2513038953297841,0.16169687249184977,-1.5
1777027847.3643305,tb7,-0.034153832851711745,-0.5017115682005809,-0.18,1.1605630602608241
1777027847.3695025,tb3,0.31285284058923196,1.2628285309450904,0.10806385863605264,-1.5
1777027847.402945,tb2,0.21736457673957382,-0.11693860539623263,0.18,-0.5079388536475733
1777027847.4103074,tb1,-0.34416791375388395,1.2664754874257742,0.14290180224203736,-1.5
1777027847.4148448,tb7,-0.04355012538515816,-0.5031142528866044,-0.18,1.4535355305251951
1777027847.4197462,tb3,0.31285284058923196,1.2628285309450904,0.10818643660890225,-1.5
1777027847.4530723,tb2,0.22470869579699285,-0.12247853665543396,0.18,-0.5226946187619197
1777027847.4602377,tb1,-0.3369944137263675,1.2807907883997394,0.1249145632122102,-1.4999999999999998
1777027847.46444,tb7,-0.0528737713245175,-0.5050623475964895,-0.14869370964046125,1.5
1777027847.4695451,tb3,0.322127005510179,1.2636954234663644,0.09773366533523212,-1.5
1777027847.5030768,tb2,0.23191307467027017,-0.12820470076442372,0.18,-0.531363274213891
1777027847.5102036,tb1,-0.3298577481195464,1.294998658450269,0.10919447770874806,-1.5
1777027847.5142453,tb7,-0.06213959732950539,-0.5076406814675292,-0.11502065531496969,1.5
1777027847.5195267,tb3,0.3296287922771222,1.2647460936091937,0.0885607336990401,-1.5
1777027847.5530896,tb2,0.23895841205033125,-0.13407306568412392,0.18,-0.5306231696893307
1777027847.5602934,tb1,-0.32662590421982957,1.3042380812047538,0.09486845310600993,-1.5000000000000002
1777027847.5644152,tb7,-0.06992618970793718,-0.5104329394731909,-0.08747727878194411,1.5
1777027847.5695908,tb3,0.342136181163329,1.265537125749427,0.0805969905449459,-1.5
1777027847.6030698,tb2,0.24588895310228426,-0.13982966580862896,0.18,-0.5243012871568388
1777027847.6103032,tb1,-0.3264221608465861,1.3057068326192982,0.08336059537062339,-1.5
1777027847.614401,tb7,-0.07589622417164883,-0.5130871518860506,-0.064541573949369,1.5
1777027847.619611,tb3,0.35456294715820635,1.2663136708220255,0.07384331651520624,-1.5
1777027847.653089,tb2,0.25276757482985907,-0.14553963628655295,0.18,-0.510618138902111
1777027847.6601171,tb1,-0.32503289520041206,1.3133735929244503,0.07257033757159924,-1.5
1777027847.6642823,tb7,-0.08023574058995193,-0.5154109742306232,-0.04431819216017441,1.5
1777027847.6695337,tb3,0.3642888036632669,1.266783304558472,0.06687458046575176,-1.5
1777027847.7030237,tb2,0.25952044690427656,-0.15145569751543372,0.18,-0.4993685908664198
1777027847.7102082,tb1,-0.32477157591077926,1.316276162190796,0.06481634189030476,-1.5
1777027847.7143872,tb7,-0.08332903983760305,-0.5173325820896838,-0.026067396045057957,1.5
1777027847.719616,tb3,0.36141288071269034,1.2660346682565582,0.0611808858708805,-1.5
1777027847.7529154,tb2,0.26592454355862916,-0.1581036551581438,0.18,-0.4840762978392437
1777027847.7602856,tb1,-0.32449286710941616,1.3184839480917223,0.05676914128539528,-1.5
1777027847.7644515,tb7,-0.08599110144614852,-0.5182956405632535,-0.008211166777531555,1.5
1777027847.769673,tb3,0.37268938181683875,1.2695769535216015,0.055814726590811825,-1.5
1777027847.8036582,tb2,0.272149243059536,-0.1649137260247525,0.18,-0.4687575263397466
1777027847.8102026,tb1,-0.3241416610569913,1.3267714126260395,0.0493503509026335,-1.5
1777027847.8144069,tb7,-0.088804866397319,-0.5193778817438955,0.009435936380158327,1.5
1777027847.8197515,tb3,0.3755076113351054,1.2704727942389258,0.05039067016245222,-1.5
1777027847.8530746,tb2,0.272149243059536,-0.1649137260247525,0.18,-0.46856307379547635
1777027847.8601744,tb1,-0.3242065422853349,1.3270767966128771,0.04435086337378309,-1.5
1777027847.8643458,tb7,-0.09175818060167425,-0.5205929883416152,0.02704215344643072,1.5
1777027847.8695884,tb3,0.37004849489254277,1.268422340931562,0.04593889247576287,-1.5
1777027847.9030514,tb2,0.2781485811542712,-0.1718349487820686,0.18,-0.46028434800116647
1777027847.910653,tb1,-0.3242040609518536,1.3284361664697764,0.03946312260272395,-1.5
1777027847.9144049,tb7,-0.09384826835085726,-0.5214052312892533,0.04542987473684992,1.5
1777027847.9195194,tb3,0.37960831330558636,1.272344287966288,0.041634753695218886,-1.5
1777027847.953127,tb2,0.2840177979042477,-0.178971246379644,0.18,-0.44621107662071513
1777027847.960153,tb1,-0.3242040609518536,1.3284361664697764,0.03911480295276561,-1.5
1777027847.9642603,tb7,-0.09384826835085726,-0.5214052312892533,0.045547991029843395,1.5
1777027847.9694862,tb3,0.38278637272828375,1.2736711313556623,0.037543619419178303,-1.5
1777027848.0029523,tb2,0.2896954275983147,-0.18621911459238225,0.18,-0.4373497962962846
1777027848.0101445,tb1,-0.3242935997684061,1.331211179379126,0.034565001729461635,-1.5
1777027848.0142896,tb7,-0.09304047420254585,-0.520261216258496,0.06439250790918082,1.5
1777027848.0195408,tb3,0.37818257455287363,1.2715415675767787,0.033742338080494844,-1.5
1777027848.0530367,tb2,0.2952007172215472,-0.19358288057228742,0.18,-0.43423720392247567
1777027848.0601802,tb1,-0.32452926130035775,1.3348239123635937,0.03111540654603258,-1.5
1777027848.0644145,tb7,-0.09213223772880716,-0.5187447126219081,0.08494783051220285,1.5
1777027848.0695803,tb3,0.37818257455287363,1.2715415675767787,0.03381631638492825,-1.5
1777027848.1030126,tb2,0.3005365344317767,-0.2010578595695579,0.18,-0.4291341691545705
1777027848.1102512,tb1,-0.32477640309344785,1.3376430042220202,0.027840050829777793,-1.5
1777027848.1144338,tb7,-0.09101058225188303,-0.5165639317180325,0.1085209115521284,1.5
1777027848.119572,tb3,0.38658990062254905,1.2757214667527614,0.03025201288413467,-1.5
1777027848.1529422,tb2,0.30570324843970226,-0.20864021889200748,0.18,-0.4333074652478223
1777027848.1601665,tb1,-0.324431847724251,1.3385832080308322,0.027859261732082183,-1.5
1777027848.164302,tb7,-0.0895457735394339,-0.5130755442990851,0.13605764293450384,1.5
1777027848.1697001,tb3,0.3875360555027652,1.2761605283719784,0.02705415244600795,-1.5
1777027848.20299,tb2,0.31070084713403073,-0.21632666556727026,0.18,-0.44401630462860314
1777027848.2101872,tb1,-0.32290743988769066,1.3385549736719518,0.030610875234393438,-1.5
1777027848.2144296,tb7,-0.088004571539066,-0.5085403717826606,0.1696873694376498,1.5
1777027848.219546,tb3,0.38587591377208513,1.2753012171272495,0.02412747142609756,-1.5
1777027848.253082,tb2,0.315575662079146,-0.22405169050053714,0.18,-0.4578129301339381
1777027848.2601368,tb1,-0.3213780798914984,1.3384699046305795,0.032868310355327744,-1.5
1777027848.264317,tb7,-0.08644547720730138,-0.5024680929165244,0.18,1.2617938011796739
1777027848.2694833,tb3,0.39367515377295526,1.2792311579321456,0.02132592107855289,-1.5
1777027848.3029604,tb2,0.32055316547905693,-0.23152030892823822,0.18,-0.47818904901229636
1777027848.31017,tb1,-0.3204358303696043,1.3401177773336088,0.034899627345711975,-1.5
1777027848.3144464,tb7,-0.08511066869773974,-0.4950926284641307,0.18,0.9796520368361025
1777027848.3195186,tb3,0.4016361045120474,1.2829185329832602,0.018441406689338278,-1.5
1777027848.3530428,tb2,0.3254983051739076,-0.23893310253090744,0.18,-0.5098532264088992
1777027848.3602576,tb1,-0.320494749904119,1.3416016736967333,0.03732652608412658,-1.5
1777027848.3643668,tb7,-0.08413736101247478,-0.4857390800065878,0.18,0.7279020336286196
1777027848.369578,tb3,0.4095458283840112,1.2865745045811803,0.01562614896243091,-1.5
1777027848.4029348,tb2,0.3301171635009311,-0.24665652140666836,0.18,-0.5407090445334233
1777027848.4101362,tb1,-0.3205650961063423,1.3441486836210739,0.04027111487294988,-1.5
1777027848.4142294,tb7,-0.08393432258938169,-0.4773629508355708,0.18,0.5043113060932718
1777027848.4195,tb3,0.41689675359675643,1.2908015030577,0.012734152570085323,-1.5
1777027848.4529457,tb2,0.3342526720055495,-0.25488288976422013,0.18,-0.5755007820051122
1777027848.4601812,tb1,-0.3205449336790353,1.3458945564051337,0.04954536008422897,-1.5
1777027848.4643712,tb7,-0.08424297919882234,-0.4694828365275072,0.18,0.30209344079376954
1777027848.4696434,tb3,0.4158495187942132,1.290039979927299,0.010148257051913124,-1.5
1777027848.5030043,tb2,0.3342526720055495,-0.25488288976422013,0.18,-0.5760709977934575
1777027848.5102851,tb1,-0.32031829217209984,1.3488931805350968,0.06320193753799681,-1.5
1777027848.5143864,tb7,-0.08527795804621771,-0.4609729999872276,0.18,0.11203449733927227
1777027848.519645,tb3,0.41021912147750983,1.2861202400898137,0.007602131524796736,-1.5
1777027848.5530956,tb2,0.33824849231176934,-0.26329077615922997,0.18,-0.61833754027378
1777027848.5608706,tb1,-0.31977329294243645,1.352502538179767,0.07755367660840722,-1.5000000000000002
1777027848.5643911,tb7,-0.08618096792593036,-0.45828386812316924,0.17999999999999997,-0.058518222121472036
1777027848.5694585,tb3,0.41538387341214805,1.289880723348462,0.005134009492343152,-1.5
1777027848.6029384,tb2,0.34205424207876395,-0.27179069895359487,0.18,-0.6286615961816884
1777027848.610152,tb1,-0.31977329294243645,1.352502538179767,0.07758987951013109,-1.5
1777027848.614212,tb7,-0.08704721764406335,-0.4557643456679615,0.18000000000000002,-0.22655658660822353
1777027848.6194465,tb3,0.4193946785852278,1.2928291370278313,0.002675209999861246,-1.5
1777027848.652999,tb2,0.34569072746806584,-0.2804451425126604,0.18,-0.6384097028454275
1777027848.6602223,tb1,-0.31879128610132473,1.3568099389942239,0.09291929222317231,-1.5
1777027848.6645272,tb7,-0.08704721764406335,-0.4557643456679615,0.17999999999999997,-0.22619426454090275
1777027848.6695495,tb3,0.41387001068784174,1.2885977089629148,0.000478352067258608,-1.5
1777027848.7030394,tb2,0.349068593965939,-0.2890672483338671,0.18,-0.6408944559582199
1777027848.7102551,tb1,-0.3174529244366583,1.3611558619378314,0.11045493241735366,-1.5000000000000002
1777027848.714376,tb7,-0.08782389077092441,-0.45357085393129026,0.18,-0.39110789166935256
1777027848.7196195,tb3,0.41387001068784174,1.2885977089629148,0.0005398338279683118,-1.5
1777027848.7530715,tb2,0.3521865338055884,-0.29780533355681227,0.18,-0.6802437880922598
1777027848.7602563,tb1,-0.31552362796273464,1.366064059573167,0.12973976552858169,-1.4999999999999998
1777027848.7644136,tb7,-0.09231523480307793,-0.4429597397805858,0.18,-0.5852638927728049
1777027848.769589,tb3,0.4148218615647676,1.2893937260360526,-0.0016230049571962332,-1.5
1777027848.80315,tb2,0.35502122310913586,-0.3066397717638881,0.18,-0.6929719540787767
1777027848.810283,tb1,-0.31283183559963873,1.3716389576950616,0.15164972320316417,-1.5
1777027848.8143961,tb7,-0.09533721048090307,-0.4365897427790113,0.18,-0.7730525839697788
1777027848.8196666,tb3,0.42020392326483574,1.2937048457201608,-0.003780703105450494,-1.5
1777027848.8529441,tb2,0.35755727655559716,-0.31557230062842245,0.18,-0.7219185647737709
1777027848.8601115,tb1,-0.30924441336399106,1.3770454801858802,0.17823143530846403,-1.5
1777027848.864552,tb7,-0.10065034204489863,-0.4276825163262918,0.18,-0.9742094853242056
1777027848.8694797,tb3,0.4153365243088668,1.289701961109909,-0.005731716297324974,-1.5
1777027848.9029138,tb2,0.3598112186853186,-0.3245557802075071,0.18,-0.7304940924840445
1777027848.9101665,tb1,-0.30565169472628967,1.3820068421113108,0.18,-1.2831872585855868
1777027848.9143064,tb7,-0.10461919357768953,-0.42150262301364927,0.18,-1.17841954986641
1777027848.9195561,tb3,0.41518917917704007,1.2896196075017,-0.007534859881008897,-1.5
1777027848.9530532,tb2,0.3620853338383209,-0.3333335996093183,0.18,-0.7586579649631208
1777027848.9602218,tb1,-0.3021740990212494,1.3868136649312297,0.18,-1.0784889489355671
1777027848.964467,tb7,-0.1122917180986907,-0.4116264473461463,0.18,-1.4133023347660327
1777027848.969572,tb3,0.41996200767896885,1.2936578653947324,-0.009236722241357503,-1.5
1777027849.0030055,tb2,0.3643434470795296,-0.3420283208298746,0.18,-0.7450957027375712
1777027849.010539,tb1,-0.29624872147941256,1.3932566825491737,0.18,-0.8933426681148291
1777027849.0143552,tb7,-0.11468357201742867,-0.408678602971051,0.16496432840561895,-1.5
1777027849.0196376,tb3,0.425009455197515,1.2974685106685644,-0.01114875917136553,-1.5
1777027849.053354,tb2,0.3659284980808832,-0.3510359811581063,0.18,-0.7873071746256218
1777027849.0601428,tb1,-0.28857610661087835,1.4003468319997312,0.18000000000000002,-0.7224113550188006
1777027849.0646129,tb7,-0.12597267111000254,-0.39691843477322514,0.14043746353764758,-1.5000000000000002
1777027849.0697494,tb3,0.4232761253564518,1.2957390068775374,-0.01316710345008001,-1.5
1777027849.102931,tb2,0.3668327353914525,-0.3603065342823187,0.18,-0.7797026703367588
1777027849.110133,tb1,-0.2826569600231156,1.4050922385595772,0.18,-0.5588457689224191
1777027849.1144276,tb7,-0.12982488586063623,-0.3934985949638524,0.1234705871276197,-1.5
1777027849.1195347,tb3,0.4185604485841449,1.291556017255772,-0.014840601916718476,-1.5
1777027849.153078,tb2,0.3668327353914525,-0.3603065342823187,0.18000000000000002,-0.7828862195797137
1777027849.1601346,tb1,-0.2747770483195122,1.4106098398061448,0.18000000000000002,-0.40709123120726
1777027849.1643715,tb7,-0.1408015651260492,-0.3835945763092871,0.10665041797827185,-1.5
1777027849.1695979,tb3,0.4143842946745131,1.287799023314741,-0.016809248018566432,-1.5
1777027849.2031336,tb2,0.3674054133547413,-0.36964977737688165,0.18,-0.8136153553174967
1777027849.2103415,tb1,-0.2663210812685668,1.415609504748698,0.18,-0.2623202459796764
1777027849.2142837,tb7,-0.151475564477795,-0.37390557449189304,0.09157117646564525,-1.5000000000000002
1777027849.2196891,tb3,0.4158011495401063,1.2890940086900051,-0.018581554419035636,-1.5
1777027849.2530684,tb2,0.36763789680202036,-0.3790531132685957,0.18,-0.8405163114419174
1777027849.2602143,tb1,-0.2663210812685668,1.415609504748698,0.18,-0.25922956623875537
1777027849.264825,tb7,-0.15646221419875977,-0.36899243646293556,0.08125187084232631,-1.5
1777027849.2695603,tb3,0.4159703487132139,1.289225772073057,-0.02006989817748346,-1.5
1777027849.3030348,tb2,0.367526911976354,-0.3883839662012591,0.18,-0.8379502431422412
1777027849.3101778,tb1,-0.25819377329297755,1.4196598243019505,0.18,-0.11873367140429933
1777027849.31445,tb7,-0.15646221419875977,-0.36899243646293556,0.07948445049123883,-1.5
1777027849.3195007,tb3,0.4131580957927477,1.2866657690616004,-0.02124848193054872,-1.5
1777027849.3529358,tb2,0.3670472729806334,-0.39773744000897404,0.18,-0.8195208469337033
1777027849.3602295,tb1,-0.2505357306285982,1.422884995309865,0.17999999999999997,0.016449548943610916
1777027849.364323,tb7,-0.16309515009486447,-0.36500082168972703,0.06882223945483097,-1.5000000000000002
1777027849.3697298,tb3,0.4131580957927477,1.2866657690616004,-0.02134324725620849,-1.5
1777027849.4030902,tb2,0.36617616343082976,-0.40705750543241453,0.18,-0.7862168796413782
1777027849.4102504,tb1,-0.2413923763724337,1.4260766362686268,0.17999999999999997,0.14791335179723328
1777027849.4144151,tb7,-0.16540966934922585,-0.3635849291122747,0.05952520958583812,-1.5
1777027849.419574,tb3,0.41686366883662596,1.2900653344172999,-0.022391368718994303,-1.5
1777027849.4529753,tb2,0.36492448122527477,-0.4163152035960472,0.18,-0.7598903063664117
1777027849.4601696,tb1,-0.2318071667281519,1.4292997570792216,0.18,0.20383397950567617
1777027849.4642754,tb7,-0.16930602746610765,-0.36172807546866337,0.0511575735270667,-1.4999999999999998
1777027849.4695961,tb3,0.411914984932786,1.2855135613437854,-0.023538709706124747,-1.5
1777027849.5029519,tb2,0.36331957413550814,-0.4254918432163673,0.17999999999999997,-0.732096760192715
1777027849.510113,tb1,-0.2237640490725209,1.4325805275003385,0.18,0.22244538176941903
1777027849.5143747,tb7,-0.17180090938797804,-0.3604850658325311,0.043359234505329226,-1.5000000000000002
1777027849.5195694,tb3,0.41466402331472674,1.2880402399906903,-0.024136965715608368,-1.5
1777027849.5531437,tb2,0.3619899306762336,-0.4344123407214688,0.18,-0.7079473977325533
1777027849.5602424,tb1,-0.21555560844546465,1.4357968463258717,0.18,0.23971813675753034
1777027849.564443,tb7,-0.17591609569405006,-0.3588759223713976,0.03627184216099505,-1.5000000000000002
1777027849.5695605,tb3,0.41200518566286654,1.2856092615025312,-0.024788547087068572,-1.5
1777027849.6030376,tb2,0.3606801488226946,-0.44324669599369576,0.18,-0.6735901282849779
1777027849.610285,tb1,-0.20723099809268183,1.4380283402621798,0.18,0.2601455409765882
1777027849.614399,tb7,-0.17511652056548702,-0.35910000940407766,0.03005062829459934,-1.5
1777027849.619598,tb3,0.41340395034788036,1.2868772402285245,-0.02494051124276694,-1.5
1777027849.653004,tb2,0.35841942999981496,-0.452079538158776,0.17999999999999997,-0.6542063233460541
1777027849.6602256,tb1,-0.1986494318460299,1.4402761607943777,0.18,0.2761720706020196
1777027849.6644187,tb7,-0.18253683954759542,-0.35662646955183896,0.023774657496185875,-1.5
1777027849.669664,tb3,0.4109169336495688,1.284649782503704,-0.025224421265551283,-1.5
1777027849.7029197,tb2,0.35542527123138995,-0.46093627705735557,0.18,-0.6201989986811469
1777027849.710253,tb1,-0.18972271809855926,1.4425639912538586,0.18,0.2940631611682054
1777027849.714351,tb7,-0.1814908773666362,-0.3570060855245705,0.018558031457360447,-1.5
1777027849.7196138,tb3,0.41287912221521855,1.2863795996696135,-0.025010990319639097,-1.5
1777027849.7530398,tb2,0.35542527123138995,-0.46093627705735557,0.18,-0.6252212418016383
1777027849.7601585,tb1,-0.1812413933946817,1.4446986615255606,0.18,0.30593735737122196
1777027849.7643738,tb7,-0.18135939213685692,-0.3569996753631623,0.013846745206523736,-1.5
1777027849.7695749,tb3,0.408858202246953,1.2828220023901737,-0.024867545754028247,-1.5
1777027849.803032,tb2,0.3521345432619338,-0.4695848624578282,0.18,-0.5934596795488802
1777027849.8102896,tb1,-0.1726191386005168,1.4468952474003192,0.18,0.28614913492023786
1777027849.8143187,tb7,-0.1864000627978024,-0.3553952858455084,0.009273389424899341,-1.5
1777027849.8196616,tb3,0.40409037973269146,1.2784996440933067,-0.024904121405107973,-1.5
1777027849.8530319,tb2,0.34850342122629735,-0.4781507412601163,0.18000000000000002,-0.5703095241501972
1777027849.8602242,tb1,-0.1726191386005168,1.4468952474003192,0.18,0.28552317809219724
1777027849.8643992,tb7,-0.18600680096843084,-0.35446438853312623,0.006276899319231085,-1.5
1777027849.8695633,tb3,0.4003588504168241,1.2750885973849662,-0.02483483063864155,-1.5
1777027849.903017,tb2,0.34458516634895103,-0.486525563403717,0.18,-0.5471429129089262
1777027849.9102137,tb1,-0.16406587542647094,1.4492072020737037,0.18,0.2564666980158523
1777027849.9143186,tb7,-0.18600680096843084,-0.35446438853312623,0.005232221745682545,-1.5
1777027849.919615,tb3,0.4033210892960124,1.277492885995164,-0.024136789645134746,-1.5
1777027849.953065,tb2,0.34040677082333104,-0.494771736203342,0.18,-0.5360125262103879
1777027849.9602447,tb1,-0.155551231935871,1.4516402241991266,0.18,0.23296725633368268
1777027849.9643207,tb7,-0.18292428952776515,-0.35444303844811875,0.0011062969275001605,-1.5
1777027849.9698153,tb3,0.39895725328964154,1.273971651078736,-0.022627465276466537,-1.5
1777027850.0031044,tb2,0.3360088681354435,-0.5028847689199112,0.18,-0.523167550740318
1777027850.0102735,tb1,-0.1470899959843424,1.454240490519407,0.18,0.20569839990312141
1777027850.0143874,tb7,-0.1783788319861467,-0.35531247254382536,-0.0025990024590484655,-1.5
1777027850.0196426,tb3,0.39895725328964154,1.273971651078736,-0.02375939963901313,-1.5
1777027850.0531526,tb2,0.33139951081448216,-0.5108653935103664,0.18,-0.5190559463727977
1777027850.0602388,tb1,-0.13876463409795364,1.457054933210015,0.18,0.17653566295588163
1777027850.0644107,tb7,-0.18598263654339298,-0.35411173355058084,-0.0066362171615766165,-1.5
1777027850.0695949,tb3,0.396803130922079,1.2722860650687058,-0.02340755256063842,-1.5
1777027850.1029794,tb2,0.3271798565541316,-0.5188076304225595,0.18,-0.5147125909479172
1777027850.1101801,tb1,-0.13048608339872186,1.4598533841482566,0.18,0.1523981270141605
1777027850.1143737,tb7,-0.1910329158768576,-0.35332961024473114,-0.01061793289509492,-1.5
1777027850.119569,tb3,0.3997236503751903,1.274509617221304,-0.02253347880243721,-1.5
1777027850.152983,tb2,0.3230278027424903,-0.5266950081808504,0.18000000000000002,-0.5054352561617051
1777027850.1603234,tb1,-0.12201610618155037,1.4627346791530162,0.18,0.13397440387713042
1777027850.1644409,tb7,-0.18318421347829095,-0.3542878564655807,-0.01384176131645502,-1.5
1777027850.1695929,tb3,0.3976719661311708,1.2729802702893447,-0.0217646269373661,-1.5
1777027850.2030745,tb2,0.317964289394116,-0.5343247629793666,0.18,-0.49724679918522835
1777027850.2101974,tb1,-0.11356461547362566,1.465682500002933,0.18,0.11342075509872401
1777027850.2142894,tb7,-0.17907141982224037,-0.3547547420911802,-0.0171454320386693,-1.5
1777027850.219505,tb3,0.39321437323204733,1.2697571515275212,-0.021245711206817102,-1.5
1777027850.2529502,tb2,0.31253051350762184,-0.5418010887412208,0.18,-0.4896915634618994
1777027850.2601535,tb1,-0.1051300437104086,1.4686871531329928,0.18,0.09608440667293541
1777027850.264497,tb7,-0.18546011867223536,-0.35419423528458843,-0.02060540888213147,-1.5
1777027850.2695894,tb3,0.3923840932339394,1.2691201339921496,-0.020553701263360397,-1.5
1777027850.3029542,tb2,0.3069180059101569,-0.549113800341294,0.18,-0.4824175501406205
1777027850.3101757,tb1,-0.09671012987942573,1.4717393911428076,0.18,0.08440050693762668
1777027850.314332,tb7,-0.19044842928089492,-0.3537715413656838,-0.024099598383765033,-1.5
1777027850.3196182,tb3,0.3949532606832978,1.2708269979521405,-0.019470872541257782,-1.5
1777027850.3532948,tb2,0.30112527832947555,-0.5562845241426788,0.18000000000000002,-0.47658020693062014
1777027850.3601763,tb1,-0.08830479333299547,1.474831012276401,0.18,0.06853775430199194
1777027850.364231,tb7,-0.18827290659394663,-0.35382175818804174,-0.027262842025977844,-1.5
1777027850.3695908,tb3,0.3925232341388089,1.2692436218559424,-0.018651143664732115,-1.5
1777027850.4030225,tb2,0.30112527832947555,-0.5562845241426788,0.17999999999999997,-0.4847729807851039
1777027850.4100916,tb1,-0.07991117367909759,1.4779561141778272,0.18,0.05619085528320295
1777027850.4142618,tb7,-0.19178046050996614,-0.35368183900833444,-0.03024082473248018,-1.5
1777027850.4195905,tb3,0.39302497718348856,1.2695460517256134,-0.01752932876896356,-1.5
1777027850.453075,tb2,0.2951683366086454,-0.5633069085226298,0.18,-0.48048577707843354
1777027850.4606388,tb1,-0.07152811826031491,1.4811077779817385,0.18,0.045108437373297276
1777027850.4643676,tb7,-0.18748769318834962,-0.3538364345726107,-0.032848305648375466,-1.5
1777027850.4695814,tb3,0.3939964078983663,1.2701366073624178,-0.01617173096600278,-1.5
1777027850.5029986,tb2,0.2890462113718598,-0.5701811749059258,0.18,-0.478605775245418
1777027850.5102189,tb1,-0.07152811826031491,1.4811077779817385,0.18,0.04873992892490633
1777027850.5144184,tb7,-0.18748769318834962,-0.3538364345726107,-0.032665955772983035,-1.5
1777027850.5194592,tb3,0.39121772970008745,1.2685123920998553,-0.015104538612028737,-1.5
1777027850.5529654,tb2,0.2827654349021908,-0.5768990201362597,0.18,-0.475352932682561
1777027850.5602043,tb1,-0.06315250139170339,1.4842230451649763,0.18,0.033690672407459626
1777027850.5643046,tb7,-0.18646963036793757,-0.3538460272698813,-0.034950347275942095,-1.5
1777027850.569569,tb3,0.3945197398450389,1.2703310734701125,-0.01334660103385487,-1.5
1777027850.6029847,tb2,0.2765990356157801,-0.5835745675327466,0.18,-0.4723450548779839
1777027850.6101904,tb1,-0.054812101183351294,1.4872442998559305,0.18,0.026331258581444108
1777027850.614281,tb7,-0.18710941285143312,-0.35383542194946327,-0.0369788601326431,-1.5
1777027850.6198585,tb3,0.3903136408824092,1.268105905294727,-0.010621380043724753,-1.5
1777027850.653013,tb2,0.27055631769071387,-0.5902325626668482,0.18,-0.46930653218071244
1777027850.6603196,tb1,-0.04648237112362768,1.490314395764204,0.18,0.007933911920808213
1777027850.6643107,tb7,-0.1865269813516413,-0.35384740406694876,-0.03850092139026886,-1.5
1777027850.6695504,tb3,0.3903136408824092,1.268105905294727,-0.012225294010987415,-1.5
1777027850.7029812,tb2,0.2639449026392311,-0.5965638280581722,0.18,-0.4677327728723054
1777027850.7102475,tb1,-0.03807727849234278,1.4935579351319057,0.18,-0.002939512558993674
1777027850.714278,tb7,-0.18463354112590372,-0.35387033979651517,-0.03969350583901503,-1.5
1777027850.7196069,tb3,0.3910831166827714,1.268457032661542,-0.010536098738580375,-1.5
1777027850.7530036,tb2,0.2570335790750869,-0.602666063126982,0.18,-0.46688515317841767
1777027850.7601907,tb1,-0.02967332796591315,1.4968075630031337,0.18,-0.009168039644485806
1777027850.7644134,tb7,-0.18244740020696337,-0.3539011834737129,-0.040418341882340024,-1.5
1777027850.7695515,tb3,0.3941804527332728,1.2699119633628306,-0.008564516071092909,-1.5
1777027850.8030314,tb2,0.24997958061561065,-0.6086028345307289,0.18,-0.46675406180339907
1777027850.810221,tb1,-0.021271356668858772,1.500056423610381,0.18,-0.016647616117637123
1777027850.8143322,tb7,-0.18040872145171882,-0.3539472002368225,-0.0396509065168989,-1.5
1777027850.8196497,tb3,0.3961432213091019,1.2707813870292115,-0.006700371330069146,-1.5
1777027850.8530416,tb2,0.2427969491533377,-0.6143669347328596,0.18,-0.46825811485937635
1777027850.8601406,tb1,-0.012871180444939116,1.503300621214306,0.18,-0.031338557615141455
1777027850.864293,tb7,-0.17910326173144892,-0.3534112742467884,-0.030563015696178447,-1.5
1777027850.869579,tb3,0.39350119722017796,1.2696597782398604,-0.005238405528839105,-1.5
1777027850.9029827,tb2,0.23548665277910621,-0.6199577566196711,0.18,-0.4718728670324625
1777027850.9102356,tb1,-0.00446995142970178,1.5065370945264633,0.18,-0.036260995918755444
1777027850.9143844,tb7,-0.17816481146955018,-0.3526004211479459,-0.021273231861833095,-1.5
1777027850.9195259,tb3,0.3971422827224477,1.2710721979122956,-0.002979265748658269,-1.5
1777027850.953017,tb2,0.22805132662498093,-0.6253720838961303,0.18,-0.47239789225318846
1777027850.960257,tb1,0.0039343079525882745,1.5097603448989916,0.18,-0.05183364573746516
1777027850.9642768,tb7,-0.1772250040498663,-0.35202759503713643,-0.01204417056301674,-1.5
1777027850.9695408,tb3,0.39369671496917286,1.2698182228377604,-0.0014222728285851742,-1.5
1777027851.0029523,tb2,0.2205308327633068,-0.6306303266654125,0.18,-0.469885932485385
1777027851.0104277,tb1,0.012342998191647333,1.5129668638918283,0.18,-0.056009588226259496
1777027851.0142949,tb7,-0.17700390028884405,-0.3520678337132672,-0.0029178771991104392,-1.5
1777027851.0194724,tb3,0.39743884162704574,1.2710579429494888,0.001075051313558466,-1.5
1777027851.0536704,tb2,0.21318166785006662,-0.6359210883058761,0.18,-0.466637057277329
1777027851.0602086,tb1,0.0207341534339371,1.5160961479900814,0.18,-0.069602174987845
1777027851.0647697,tb7,-0.17721638797850817,-0.35196622994410426,0.006266984773410359,-1.5
1777027851.0702085,tb3,0.3951599088841924,1.2703549252578337,0.0029681605519824277,-1.5
1777027851.1030571,tb2,0.20569071368309733,-0.6410340036363714,0.18,-0.46469443068673966
1777027851.1102738,tb1,0.029076381138390034,1.519199158242593,0.18,-0.07425733803404669
1777027851.1143186,tb7,-0.17787345410535108,-0.3516385833146327,0.015425665482327934,-1.5
1777027851.1195235,tb3,0.39894934613408495,1.2714294863207685,0.005710419457402175,-1.5
1777027851.1528625,tb2,0.19775488537153887,-0.6457364318157236,0.18,-0.4631221966807055
1777027851.1601424,tb1,0.03753198323597445,1.5223430055829414,0.18,-0.0779986306917488
1777027851.1642413,tb7,-0.17892133932986665,-0.35102916827449243,0.024690087810644315,-1.5
1777027851.1694796,tb3,0.40275067540643605,1.272411440706238,0.008411772752612637,-1.5
1777027851.2029908,tb2,0.18971934951439495,-0.6502500631308245,0.18,-0.46208439491021175
1777027851.2102225,tb1,0.046025285547558414,1.525467640891364,0.18,-0.08618776880192618
1777027851.2143548,tb7,-0.18032253027195994,-0.350073438678702,0.034159006729401954,-1.5
1777027851.2196178,tb3,0.40380519904283874,1.272643005140015,0.010806530598061243,-1.5
1777027851.2529833,tb2,0.18971934951439495,-0.6502500631308245,0.18,-0.46674430231509334
1777027851.260141,tb1,0.05452787750768031,1.5285570333186083,0.18,-0.09909667221619868
1777027851.2643042,tb7,-0.18204018866490365,-0.3487073511968187,0.04389704252884683,-1.5
1777027851.269551,tb3,0.40204419222476806,1.2723084779703437,0.012890415205541982,-1.5
1777027851.303014,tb2,0.1815881028212379,-0.6545734248354836,0.18,-0.4660736541136905
1777027851.3103096,tb1,0.06304367951996509,1.5316074252247251,0.18,-0.10188432825861102
1777027851.3142269,tb7,-0.18402793242128826,-0.3468696705193323,0.05390775486542567,-1.5
1777027851.3194861,tb3,0.40634630615927525,1.272955963629085,0.015869589793341132,-1.5
1777027851.353128,tb2,0.17336277701341812,-0.6587046149725128,0.18,-0.4675284665823357
1777027851.3602378,tb1,0.06304367951996509,1.5316074252247251,0.18,-0.09989085258557796
1777027851.3646865,tb7,-0.18588092814080995,-0.3447323621364044,0.06439271507977454,-1.5
1777027851.3696933,tb3,0.4062757012704795,1.2729516747120204,0.018343218295340514,-1.5
1777027851.4031358,tb2,0.16504943699878655,-0.662639567332879,0.18,-0.46910959416176884
1777027851.4101753,tb1,0.07157011052331651,1.5346134587068712,0.18,-0.10981206662829592
1777027851.414377,tb7,-0.18588092814080995,-0.3447323621364044,0.06462201503118345,-1.5
1777027851.419408,tb3,0.40455709479674173,1.2727705725575602,0.020594222624341848,-1.5
1777027851.4529424,tb2,0.15666159262376983,-0.666386521997384,0.18,-0.4692342724741484
1777027851.4601295,tb1,0.08010502698427437,1.5375740403333042,0.18,-0.12348916289830353
1777027851.464247,tb7,-0.18729744458044073,-0.3428193042897682,0.07563060785211587,-1.5
1777027851.4698486,tb3,0.40567378347006094,1.2727925965284796,0.02544468497136837,-1.5
1777027851.5030644,tb2,0.1484237265199287,-0.6701879596106183,0.18,-0.47120440560979127
1777027851.5103223,tb1,0.08865389565073464,1.540488463721407,0.18,-0.13245036742137903
1777027851.514477,tb7,-0.1888378533748274,-0.34062605505222443,0.08728681409754482,-1.5000000000000002
1777027851.519568,tb3,0.40567378347006094,1.2727925965284796,0.02320553015792883,-1.5
1777027851.5529947,tb2,0.14009027797024678,-0.6738003131544157,0.18,-0.4789805153331238
1777027851.5603182,tb1,0.09719359879218849,1.5433538601629926,0.18,-0.140615413683433
1777027851.5644543,tb7,-0.19106338411502852,-0.33680532075961134,0.09969626859937603,-1.5
1777027851.5696156,tb3,0.4069918466320587,1.2728418222359608,0.02605649268616436,-1.5
1777027851.6029968,tb2,0.13141922346451523,-0.6769480765232339,0.18,-0.4887838499301558
1777027851.6102302,tb1,0.10567869760598875,1.5461965655251586,0.18,-0.1461231529751731
1777027851.614261,tb7,-0.19327108712155291,-0.3322838673043806,0.11302715970264683,-1.5
1777027851.6195772,tb3,0.4104286651230138,1.2728022454562549,0.029425070689629147,-1.5
1777027851.6531441,tb2,0.12267638239208917,-0.6798891092827697,0.18,-0.49953052217321825
1777027851.6602857,tb1,0.11424847425251337,1.5489866047793859,0.18,-0.1548800048657636
1777027851.6644752,tb7,-0.1954003910319058,-0.326951039914907,0.12756490945338625,-1.5
1777027851.669642,tb3,0.41161365788444193,1.2727185987442926,0.03262837759297745,-1.5
1777027851.7030687,tb2,0.11386595084794472,-0.68261508702241,0.18,-0.511914608103154
1777027851.7102144,tb1,0.12291875575690539,1.5516960021585324,0.18,-0.16442469934572465
1777027851.7145007,tb7,-0.1973479847287389,-0.3207741361555088,0.14357775878770276,-1.5
1777027851.7196,tb3,0.41190525453085947,1.2726834229041266,0.03583306586736648,-1.5
1777027851.7529697,tb2,0.1049907061717588,-0.685118920169034,0.18,-0.5269346810956833
1777027851.76016,tb1,0.13160776758814885,1.5543377118541333,0.18,-0.1705520272617232
1777027851.7642608,tb7,-0.19902111157043875,-0.31364668385486383,0.16141550786128633,-1.5
1777027851.7696161,tb3,0.4142419656076436,1.2723366795384505,0.039503411595761866,-1.5
1777027851.8030605,tb2,0.09605340504667197,-0.6873924643960558,0.18,-0.5440249154128572
1777027851.8101494,tb1,0.14031528187707007,1.5569069512021314,0.18,-0.17502592587053747
1777027851.8143241,tb7,-0.20028861709930323,-0.30556410519222144,0.18,-1.4866174177782558
1777027851.819699,tb3,0.41729603409840216,1.2718825010995825,0.04345732867477114,-1.5
1777027851.8538709,tb2,0.08712474690002678,-0.6895226201969735,0.18,-0.5221512087366965
1777027851.8601556,tb1,0.14904038038568043,1.5594003023662268,0.18,-0.17864412247669476
1777027851.8642752,tb7,-0.20110420614565358,-0.29767482936845585,0.18,-1.31762453961429
1777027851.8696802,tb3,0.4209015402175161,1.2711680318073268,0.047731198382208684,-1.5
1777027851.9030082,tb2,0.08712474690002678,-0.6895226201969735,0.18,-0.5617873044801175
1777027851.910105,tb1,0.1577825261131561,1.5618152928494053,0.18,-0.18395018398568452
1777027851.9142199,tb7,-0.20185919467881472,-0.29032809207548854,0.18,-1.1614168385609744
1777027851.9194367,tb3,0.42344502819162594,1.2705397395613447,0.05205195489820506,-1.5
1777027851.9530375,tb2,0.07831174594856365,-0.6916886555028148,0.18,-0.5717595177202033
1777027851.9611623,tb1,0.16654205232368827,1.5641497698372422,0.18,-0.19177743412456108
1777027851.9643006,tb7,-0.20147662303934608,-0.2816731223790541,0.18,-1.020448418331322
1777027851.9696515,tb3,0.42651568930061584,1.2696739581685081,0.05679084363333047,-1.5
1777027852.0030613,tb2,0.06922508195472232,-0.6933083723094006,0.18,-0.5877790677618138
1777027852.010494,tb1,0.16654205232368827,1.5641497698372422,0.18,-0.1867632377854558
1777027852.014431,tb7,-0.20147662303934608,-0.2816731223790541,0.18,-1.016254916424959
1777027852.019611,tb3,0.43105670917793815,1.2683697637032554,0.062061080837395845,-1.5
1777027852.0529687,tb2,0.06004181515185097,-0.6946084328264965,0.18,-0.6062773108007731
1777027852.0601737,tb1,0.17529552252267516,1.5664240316267362,0.18,-0.18826647747960337
1777027852.0642776,tb7,-0.2001379860717147,-0.27218756079727185,0.18,-0.8875299553176197
1777027852.0695057,tb3,0.43105670917793815,1.2683697637032554,0.06192919846720252,-1.5000000000000002
1777027852.1030931,tb2,0.05083127296265989,-0.6956418497375492,0.18,-0.6196738749189713
1777027852.1102347,tb1,0.18398583281557,1.5686926182920733,0.18,-0.1913407123597961
1777027852.1143847,tb7,-0.1980974482942015,-0.26279758021626914,0.18,-0.7686263339588313
1777027852.1197138,tb3,0.435057395265661,1.266892095015248,0.06745169640165193,-1.5
1777027852.1530652,tb2,0.04159255104373979,-0.6963972366507548,0.18,-0.6277444868327986
1777027852.1602597,tb1,0.19273973040504233,1.5708611030074262,0.18,-0.19573184026024984
1777027852.164408,tb7,-0.1955216815093873,-0.25398348957656,0.18,-0.680455486361327
1777027852.1696002,tb3,0.4384415093611123,1.2654617973987918,0.07318960298690963,-1.5
1777027852.2029624,tb2,0.032336113802892655,-0.6968662484051565,0.18,-0.6334251656890469
1777027852.2101529,tb1,0.2016187770616058,1.572868047386473,0.18,-0.20063678939642562
1777027852.2143283,tb7,-0.19251062620467396,-0.24515720514065395,0.18,-0.6345142237535016
1777027852.2195158,tb3,0.4417019432059141,1.2639200497721932,0.07929933504348416,-1.5
1777027852.2529671,tb2,0.023120766092191845,-0.6971464803144489,0.18,-0.6371206939602788
1777027852.2602317,tb1,0.2105126177623504,1.574787579608748,0.18,-0.20241570711643284
1777027852.2643094,tb7,-0.18920686393346242,-0.2364833900704856,0.18,-0.5959765384643906
1777027852.269678,tb3,0.44707238475836014,1.2612518924388594,0.08641957465311127,-1.4999999999999998
1777027852.3030772,tb2,0.014025819812899808,-0.6974836136069258,0.18,-0.6360224429475851
1777027852.31018,tb1,0.2194202331241258,1.5766171333712684,0.18,-0.2062535384897036
1777027852.314329,tb7,-0.18655406862637006,-0.22813368403891074,0.18,-0.5580728380365206
1777027852.3195674,tb3,0.4510183574182935,1.2589777919106975,0.09353603503574603,-1.5
1777027852.3530726,tb2,0.004755110114298902,-0.6971222639246636,0.18,-0.6327890857906685
1777027852.3602142,tb1,0.2283407908455186,1.5783551759191032,0.18,-0.20980712434465562
1777027852.3642569,tb7,-0.1835344120854243,-0.21980077888138805,0.18,-0.521081215346227
1777027852.3694782,tb3,0.45541438941067125,1.2561157419417481,0.10140119164342339,-1.4999999999999998
1777027852.4030147,tb2,-0.004509728105000519,-0.6964184599486254,0.18,-0.6307030758302576
1777027852.410162,tb1,0.23727409210997003,1.5799997614856691,0.18,-0.2128978731386232
1777027852.414264,tb7,-0.1794339618826468,-0.21151666407486158,0.18,-0.486110254345834
1777027852.4196296,tb3,0.46024187184676146,1.252613402207879,0.11019391168689997,-1.5
1777027852.4530783,tb2,-0.004509728105000519,-0.6964184599486254,0.18,-0.633323442109593
1777027852.4601579,tb1,0.24621913278516022,1.581548949759167,0.18,-0.21490029610528227
1777027852.464356,tb7,-0.1750832101786086,-0.20337994967573866,0.18,-0.45158273926871356
1777027852.4696884,tb3,0.46568033829195504,1.2485388685068781,0.11998534162595242,-1.5
1777027852.5030594,tb2,-0.013740021597028569,-0.6954234847946587,0.18,-0.6298471136412793
1777027852.510077,tb1,0.2551385500102519,1.5830614759778205,0.18,-0.21833400237580197
1777027852.5143301,tb7,-0.17049707498741384,-0.19539163007240073,0.18,-0.4229994680189977
1777027852.5196478,tb3,0.47056651605823274,1.2441555419877648,0.13402348693814986,-1.5
1777027852.5530214,tb2,-0.02292855027300628,-0.6941380177136717,0.18,-0.624340141149283
1777027852.560272,tb1,0.2551385500102519,1.5830614759778205,0.18,-0.21691821162640265
1777027852.5642588,tb7,-0.16573828461178708,-0.18753771128255942,0.18,-0.40440108513320294
1777027852.5694869,tb3,0.47549645840450927,1.2390298263377861,0.15322605979541032,-1.5
1777027852.6031537,tb2,-0.03206347945035634,-0.692564033555829,0.17999999999999997,-0.6176148893287027
1777027852.6102753,tb1,0.2639908784220633,1.5845903929015273,0.18,-0.22130556946119107
1777027852.6142807,tb7,-0.16573828461178708,-0.18753771128255942,0.18,-0.4002494499699382
1777027852.6195967,tb3,0.48057201276337835,1.2328992362663507,0.17568186925068532,-1.5
1777027852.6530678,tb2,-0.041092422389740334,-0.6909828183529003,0.18,-0.6103252957046585
1777027852.660233,tb1,0.2729545085421455,1.5859286366265775,0.18,-0.22679906471143446
1777027852.664395,tb7,-0.1609236222020552,-0.17977771982611404,0.18,-0.38175717161054085
1777027852.6701043,tb3,0.4855892616998675,1.2261380373018689,0.18,-1.2962577929344363
1777027852.7030249,tb2,-0.05006204387290265,-0.6892223615398094,0.18,-0.6007287594837312
1777027852.7102525,tb1,0.28199290065710214,1.5870961426089771,0.18,-0.23244800355925618
1777027852.7142797,tb7,-0.15638174282563552,-0.17202533214723967,0.18,-0.3614200131978937
1777027852.7196057,tb3,0.4855892616998675,1.2261380373018689,0.18,-1.3375436299850945
1777027852.7529972,tb2,-0.05902416617263452,-0.6867996262267192,0.18,-0.5918950507459995
1777027852.7602925,tb1,0.29104011379681993,1.5881619489045669,0.18,-0.23916597435236758
1777027852.7643213,tb7,-0.15124135781818246,-0.16445960962323652,0.18,-0.34154399683285114
1777027852.7696536,tb3,0.4905667467425004,1.2179643492379972,0.18,-1.1709432761620395
1777027852.8031893,tb2,-0.06789752774229774,-0.6841127069851404,0.18,-0.5829279066860381
1777027852.810188,tb1,0.30009529119844025,1.5891227691884688,0.18,-0.24616050165337164
1777027852.8144064,tb7,-0.14587865990560636,-0.157027894011399,0.18,-0.3249050482837819
1777027852.819652,tb3,0.49500246987849866,1.2094689740377234,0.18,-1.0157409502594765
1777027852.8529096,tb2,-0.076677013562452,-0.681168341444971,0.18,-0.5735915761735004
1777027852.8601432,tb1,0.3091581508004531,1.5899750957102055,0.18,-0.25194683226106757
1777027852.864275,tb7,-0.14039744088204467,-0.14970129853093425,0.18,-0.30936100932838273
1777027852.8695025,tb3,0.4990806160062385,1.201137860750742,0.18,-0.8850189897698694
1777027852.902966,tb2,-0.08535668277876692,-0.6779735559632282,0.18,-0.563844584149356
1777027852.9102108,tb1,0.3182271030720935,1.5907152267450257,0.18,-0.25859679247058776
1777027852.9146945,tb7,-0.13480636904594587,-0.14247636013272433,0.18,-0.29405576914724196
1777027852.9196463,tb3,0.5024583736001159,1.1923245058396876,0.18,-0.7790024252972002
1777027852.953122,tb2,-0.09393939349633113,-0.6746832342385686,0.18,-0.5541016537761853
1777027852.9602413,tb1,0.3272966645534132,1.5913492591257126,0.18,-0.26452756973750347
1777027852.9644072,tb7,-0.1291402757996672,-0.1353368659891741,0.18,-0.2788145526495261
1777027852.969611,tb3,0.5054615130322989,1.1834600744903225,0.18,-0.6882286659759648
1777027853.0029573,tb2,-0.102453695254748,-0.6714434724028099,0.18,-0.5434604740036815
1777027853.0102892,tb1,0.336298164995657,1.5920114003217336,0.18,-0.2697611250862194
1777027853.0142646,tb7,-0.12362234937417782,-0.12818503617097854,0.18,-0.2620578741845973
1777027853.019504,tb3,0.508222640128615,1.1746360435733132,0.18,-0.6065890083253561
1777027853.0535417,tb2,-0.11083390031436588,-0.6675238273954178,0.18,-0.504138363702546
1777027853.060167,tb1,0.3453042004882072,1.5925845188171457,0.18,-0.2754365924180859
1777027853.064847,tb7,-0.11777759144973102,-0.12120281424487851,0.18,-0.24683660156212386
1777027853.0700986,tb3,0.5104909051891076,1.165630463671573,0.18,-0.5344456941785729
1777027853.1030934,tb2,-0.11083390031436588,-0.6675238273954178,0.18,-0.5334384185411091
1777027853.1101406,tb1,0.3544381921902538,1.592855913364221,0.18,-0.2791300164504459
1777027853.1143277,tb7,-0.11179011054660377,-0.11432556550121094,0.18,-0.23262199310684575
1777027853.1196117,tb3,0.5125986683495356,1.1566410523692705,0.18000000000000002,-0.46610425826078095
1777027853.1529326,tb2,-0.11909073240819326,-0.6633946301889462,0.17999999999999997,-0.5262167214989201
1777027853.1601295,tb1,0.3544381921902538,1.592855913364221,0.18,-0.277912436533987
1777027853.1641936,tb7,-0.10572903122066254,-0.10753144063877258,0.18,-0.21829056925531853
1777027853.169426,tb3,0.5143307678022974,1.147588191950885,0.17999999999999997,-0.4070786408318449
1777027853.2029629,tb2,-0.12724154146557537,-0.6590499039298989,0.18,-0.5148161907288792
1777027853.2101817,tb1,0.36357135748587216,1.5930011630776113,0.18,-0.28093842027535254
1777027853.2142277,tb7,-0.09960070458694598,-0.10081653959713052,0.18,-0.1866799011970033
1777027853.2195644,tb3,0.5159396874002613,1.138556081400919,0.18,-0.3522514070002029
1777027853.253128,tb2,-0.13526546689838215,-0.654496169817177,0.18,-0.5031393156164726
1777027853.2603443,tb1,0.37269858935717215,1.5930194101059743,0.18,-0.2833167535601295
1777027853.2643604,tb7,-0.09960070458694598,-0.10081653959713052,0.18,-0.19836451104009445
1777027853.2696707,tb3,0.5159396874002613,1.138556081400919,0.18,-0.3559156532602869
1777027853.302999,tb2,-0.14319414223130505,-0.6498858650662163,0.18,-0.4914968580664912
1777027853.310227,tb1,0.3818199206020519,1.5929100953005286,0.18,-0.28507974979015105
1777027853.3142827,tb7,-0.09346553708152602,-0.0941500208558561,0.18000000000000002,-0.18412627660366424
1777027853.3195317,tb3,0.5172853474323078,1.1294949807437804,0.18000000000000002,-0.30458024642244297
1777027853.3529541,tb2,-0.15104170941644904,-0.6452475353907812,0.18,-0.4788154807988217
1777027853.3602612,tb1,0.3909331686496911,1.5926718608079034,0.18,-0.2859783561643746
1777027853.364342,tb7,-0.08740046240921927,-0.08748234182843181,0.18,-0.16747061122296666
1777027853.3699586,tb3,0.5185076523740704,1.1204270641157899,0.18,-0.2513977762379573
1777027853.4031773,tb2,-0.15869807919660595,-0.6400869493302986,0.18,-0.46773605833054005
1777027853.4103148,tb1,0.40003610285201374,1.5923037605435393,0.18,-0.2861560550479683
1777027853.4143152,tb7,-0.08108145510518494,-0.08094582061503998,0.18,-0.15064968943540247
1777027853.4195323,tb3,0.5195624018544539,1.1113608749927664,0.18,-0.19997563140028232
1777027853.453112,tb2,-0.166213833540808,-0.6347549506137258,0.18000000000000002,-0.4571846670659703
1777027853.4602442,tb1,0.4090749018827907,1.5919746774159518,0.18,-0.2857351054675229
1777027853.464411,tb7,-0.07471698761234959,-0.07447428899321881,0.18,-0.1332397850257664
1777027853.4695036,tb3,0.5204814284273667,1.102297250779675,0.18,-0.15011328087469644
1777027853.502943,tb2,-0.1735931895602545,-0.629256015639318,0.18,-0.4468929669032249
1777027853.5101745,tb1,0.41809131667847005,1.5915740811246595,0.18,-0.2847248097754504
1777027853.5142906,tb7,-0.06831373440539544,-0.0680624605982802,0.18,-0.11509794176802794
1777027853.5197046,tb3,0.5212920511694803,1.0932471257504397,0.18,-0.1026768846833078
1777027853.5530076,tb2,-0.1808358628386544,-0.6235973240767742,0.18,-0.43678760327278254
1777027853.5602973,tb1,0.42720291278092565,1.590813306931062,0.18,-0.28316424648226474
1777027853.564331,tb7,-0.06187837307303048,-0.06170459590830208,0.18,-0.09581138514034464
1777027853.56967,tb3,0.5220218673090975,1.0842176451989092,0.18,-0.059582029421382576
1777027853.6030273,tb2,-0.18805458404837777,-0.6180415394926368,0.18,-0.42644152432073307
1777027853.6102667,tb1,0.4362954643910256,1.589924152277229,0.18,-0.2810871710619412
1777027853.6143184,tb7,-0.05549375015878123,-0.05534579265341597,0.18,-0.07360827632734675
1777027853.6196377,tb3,0.5226966952136036,1.0752057048484038,0.18,-0.018970506854751483
1777027853.6530225,tb2,-0.19508042812056073,-0.6121563980590515,0.18,-0.3964567967349893
1777027853.6601987,tb1,0.44536692237781267,1.5889076166505387,0.18,-0.27850663884955124
1777027853.664319,tb7,-0.04905007551955056,-0.04904369973817499,0.18000000000000002,-0.05014185513618948
1777027853.669597,tb3,0.5233438564881461,1.066212793640734,0.18,0.019542182186456106
1777027853.703028,tb2,-0.19508042812056073,-0.6121563980590515,0.18,-0.4153700559659937
1777027853.710144,tb1,0.4544154181611475,1.5877650198758584,0.18,-0.2754499991457065
1777027853.7143228,tb7,-0.042529419081116085,-0.04279483047223215,0.18,-0.026967543632152733
1777027853.719591,tb3,0.5239836995017997,1.0572384638124162,0.18,0.056110779624066236
1777027853.7530713,tb2,-0.20193169211157214,-0.6060404970377298,0.18,-0.40787511432725737
1777027853.7602015,tb1,0.4544154181611475,1.5877650198758584,0.18,-0.2744903896246273
1777027853.764391,tb7,-0.03600899705488331,-0.03657231387881667,0.18,0.010400438598230208
1777027853.7694695,tb3,0.5246351140020801,1.0482833624178076,0.18,0.09046621307073559
1777027853.8030262,tb2,-0.20865716071800297,-0.5997863887007501,0.18,-0.39778265765268583
1777027853.8102777,tb1,0.4634390518870208,1.5864980146135563,0.18,-0.27105765891858813
1777027853.81439,tb7,-0.03600899705488331,-0.03657231387881667,0.17999999999999997,0.005515790079383345
1777027853.81986,tb3,0.5253159324372814,1.0393476979718157,0.18,0.12254969061177012
1777027853.8530746,tb2,-0.21524529370929069,-0.5934029330102174,0.18,-0.387639317851502
1777027853.8602266,tb1,0.47243340306957626,1.5851369448072243,0.18,-0.26702996950758223
1777027853.8644462,tb7,-0.029503217121002727,-0.03036952022527538,0.18,0.031912026957815115
1777027853.869719,tb3,0.5253159324372814,1.0393476979718157,0.18,0.11852847608342196
1777027853.903066,tb2,-0.22177950948558137,-0.5870393421159571,0.18,-0.37763452777436074
1777027853.910174,tb1,0.4813683987457946,1.5838488435132625,0.18,-0.2623409303720338
1777027853.9142277,tb7,-0.023039782110090064,-0.02414383744967442,0.18,0.063609439848658
1777027853.9195473,tb3,0.5260424156579822,1.0304312706314123,0.18,0.1490151198019681
1777027853.9529378,tb2,-0.22816901068779216,-0.5805101626609576,0.18,-0.3671265357126172
1777027853.960284,tb1,0.49030993095696396,1.5823579769126468,0.18,-0.2574210751886421
1777027853.964382,tb7,-0.016592521782393625,-0.017924725340830783,0.18,0.09894221343922205
1777027853.9697077,tb3,0.5268225547014378,1.021520463850434,0.18,0.17998513113723152
1777027854.0029974,tb2,-0.23436830851488064,-0.5737503292460356,0.17999999999999997,-0.35784358805451844
1777027854.010214,tb1,0.49926807386688,1.5805989658926256,0.18,-0.25274452271011855
1777027854.0142534,tb7,-0.010118992973446572,-0.011709851292797403,0.18,0.1357610583307072
1777027854.0195832,tb3,0.5276632652572465,1.0126297838289027,0.18,0.20761219304450051
1777027854.053126,tb2,-0.2404350658427463,-0.5668867245179285,0.18,-0.3487914544711831
1777027854.0601962,tb1,0.5081939525099134,1.57872672709457,0.18,-0.24791455416955072
1777027854.064315,tb7,-0.003691984621169721,-0.005481894356780643,0.18,0.17571200252176453
1777027854.069594,tb3,0.5285788482448216,1.003761178105581,0.18,0.2318289076567155
1777027854.102921,tb2,-0.2463712000766157,-0.5599245761285142,0.18,-0.33989352479015006
1777027854.1102228,tb1,0.5170866120343439,1.5767439760984077,0.18,-0.24294542099125138
1777027854.1142585,tb7,0.0026744728369155306,0.0007710143031215363,0.18,0.21892793821048173
1777027854.1195192,tb3,0.5295829204886017,0.9949155230938076,0.18,0.25245992389490496
1777027854.1530757,tb2,-0.2522839491813546,-0.5530121212177064,0.18000000000000002,-0.33063290564727826
1777027854.1602502,tb1,0.5259452846987503,1.5746533649531878,0.18,-0.23784408180990618
1777027854.1644351,tb7,0.008942058014238101,0.007078514488916083,0.18,0.2665906888279211
1777027854.1696913,tb3,0.5306873947794801,0.9860927152803739,0.18,0.26949050418709003
1777027854.2033303,tb2,-0.2580088802974189,-0.5458889978830366,0.17999999999999997,-0.3107551468657033
1777027854.2101517,tb1,0.5347690190672293,1.57245769823969,0.18,-0.23265660897041562
1777027854.214233,tb7,0.015139534704095896,0.013416242646787344,0.18,0.31772226162206424
1777027854.2195027,tb3,0.5319018724707577,0.977293597510238,0.18,0.28316872753103145
1777027854.253106,tb2,-0.2580088802974189,-0.5458889978830366,0.18,-0.3211188886181252
1777027854.260175,tb1,0.5435529242524961,1.5702950118095762,0.18,-0.22746828277836473
1777027854.2642868,tb7,0.02125586523416622,0.019840349275397167,0.18,0.3705605042033446
1777027854.269655,tb3,0.5332343514300918,0.968519235825445,0.18,0.2939399821675254
1777027854.3031032,tb2,-0.26358119684802284,-0.5386402027517577,0.18,-0.313686365613157
1777027854.3103142,tb1,0.5435529242524961,1.5702950118095762,0.18,-0.2267312975750014
1777027854.314254,tb7,0.027243080854886557,0.026342798337127535,0.18,0.4256036068518423
1777027854.3195798,tb3,0.5346909583924194,0.9597701761079349,0.18,0.3017281329658194
1777027854.3531582,tb2,-0.26903644011698086,-0.531306542308407,0.18,-0.3044731979288899
1777027854.3602417,tb1,0.5522965157802363,1.568121487567448,0.18,-0.22110578952367063
1777027854.3642712,tb7,0.027243080854886557,0.026342798337127535,0.18,0.43674307263103357
1777027854.3694072,tb3,0.5362762472115215,0.9510479066337597,0.18,0.3053437550499507
1777027854.4030564,tb2,-0.27438612949694624,-0.5239154689472951,0.18,-0.2952655519966471
1777027854.4101815,tb1,0.5610590855235391,1.5656124339167974,0.18,-0.21550131903161682
1777027854.4142897,tb7,0.03307834041837985,0.03293642265694412,0.17999999999999997,0.49315123529905447
1777027854.4196203,tb3,0.5379931658321356,0.9423527220461283,0.18,0.30592565969637076
1777027854.4530497,tb2,-0.2797045305755573,-0.5165543127653711,0.18,-0.28632044724466127
1777027854.4602997,tb1,0.5697851924031555,1.5630084215639248,0.18,-0.21003045556261427
1777027854.4645498,tb7,0.03876231472230253,0.03962805552899157,0.18,0.5540892143192895
1777027854.4695961,tb3,0.5379931658321356,0.9423527220461283,0.18,0.3027599613595164
1777027854.5031245,tb2,-0.2848151480830274,-0.5089790659652544,0.18,-0.2774353819957022
1777027854.5102837,tb1,0.5784735091409583,1.5603125671522544,0.18,-0.20464407989802988
1777027854.5143008,tb7,0.04432722400767826,0.04638381384172311,0.18,0.6149992590113293
1777027854.5195217,tb3,0.5398426744131959,0.9336851366499024,0.18,0.30097047787961234
1777027854.5529373,tb2,-0.289810434612005,-0.5013407396659422,0.18,-0.2686129822375575
1777027854.5603108,tb1,0.5871237932278204,1.5575278925523877,0.18,-0.19942699159027352
1777027854.5642807,tb7,0.04965460830853819,0.053326274093744755,0.17999999999999997,0.6667418887291514
1777027854.569609,tb3,0.5418240978452133,0.9250452303819647,0.18,0.29673889002410114
1777027854.6030943,tb2,-0.2946934540061978,-0.49364299459481226,0.18,-0.2598088679404987
1777027854.610313,tb1,0.5957362381175118,1.55465726691684,0.18,-0.19434148732117854
1777027854.6143417,tb7,0.05475053678644235,0.060397699387278576,0.18,0.7099787735929165
1777027854.6195827,tb3,0.5439357778960956,0.9164351070553,0.18,0.289846610601831
1777027854.6530573,tb2,-0.2995389928842687,-0.4859630649745017,0.18000000000000002,-0.2506908245050656
1777027854.6601727,tb1,0.6043155625863392,1.5517881349413702,0.18,-0.1892379249007638
1777027854.664249,tb7,0.05959330508559604,0.0676079600874517,0.18,0.7430073428543398
1777027854.66949,tb3,0.5461759490982071,0.9078550239499794,0.18,0.2807325693094954
1777027854.702938,tb2,-0.30424832731870366,-0.4781743581756178,0.18,-0.24204545936734062
1777027854.7101326,tb1,0.6128547638753715,1.548955692151592,0.18,-0.1838151601611355
1777027854.7143636,tb7,0.06421365251380498,0.07489835735007999,0.18,0.7658261897379505
1777027854.7195675,tb3,0.5485415829610206,0.8993048179223149,0.18,0.26990672339142735
1777027854.753073,tb2,-0.30882489923594175,-0.47029476045117574,0.18,-0.233652955536959
1777027854.7602103,tb1,0.6213937456156565,1.5458248069812592,0.18,-0.17931898345191427
1777027854.7644525,tb7,0.0685919922165323,0.0823332635792491,0.18,0.7767916319489014
1777027854.769606,tb3,0.5510285233807529,0.8907843321873662,0.18,0.2566026266519757
1777027854.803131,tb2,-0.3133014924676174,-0.46237025722608716,0.18000000000000002,-0.2251768701836205
1777027854.8102052,tb1,0.6298979274146831,1.5426181857453158,0.18,-0.1751643054655538
1777027854.8142653,tb7,0.07260718068374937,0.09000327967012381,0.18,0.7733374259764316
1777027854.8194866,tb3,0.5536318442954966,0.8822924805025688,0.18,0.24148031734162156
1777027854.8529797,tb2,-0.3133014924676174,-0.46237025722608716,0.18000000000000002,-0.2239607431128075
1777027854.8602147,tb1,0.6383649729788006,1.5393391783741768,0.18,-0.17124650682576584
1777027854.86426,tb7,0.07631899388450172,0.0978162034841955,0.18000000000000002,0.7595541583993072
1777027854.869629,tb3,0.556345331030995,0.8738277517903732,0.18,0.22495240984935613
1777027854.903048,tb2,-0.3177154176453881,-0.4544352512365327,0.17999999999999997,-0.21565652211197867
1777027854.910339,tb1,0.6383649729788006,1.5393391783741768,0.17999999999999997,-0.17073660023146292
1777027854.914317,tb7,0.07973119849372629,0.10575984173646263,0.18,0.7373698746728508
1777027854.9195702,tb3,0.5591619250327269,0.8653887278612628,0.18,0.20721534570013703
1777027854.953151,tb2,-0.3220642878049991,-0.44647275606833386,0.18,-0.20684687492495354
1777027854.9601529,tb1,0.6467951954370047,1.53598983984602,0.18,-0.16705496585114923
1777027854.9642487,tb7,0.07973119849372629,0.10575984173646263,0.18,0.7458083116142131
1777027854.9694843,tb3,0.5620737548550933,0.8569724949111487,0.18000000000000002,0.1893594045397931
1777027855.0029535,tb2,-0.3262705338488301,-0.43840337076585967,0.18,-0.1986085196885993
1777027855.010341,tb1,0.6551895980005665,1.5325711504377502,0.18,-0.163266368697028
1777027855.0142348,tb7,0.08306792362813999,0.11362515649806251,0.18,0.7148375291267381
1777027855.0194168,tb3,0.565072366232268,0.8485777725117477,0.18,0.17014012802051032
1777027855.053481,tb2,-0.3303872576051078,-0.4303000138690171,0.18,-0.19014021254049132
1777027855.0602312,tb1,0.6635548056182106,1.5291707462982709,0.18,-0.15978844990552868
1777027855.0648415,tb7,0.08587118581162594,0.12182791096843948,0.18,0.6751485390482725
1777027855.0700986,tb3,0.565072366232268,0.8485777725117477,0.18,0.16753839600177636
1777027855.1031458,tb2,-0.3344384564366038,-0.4221816142487686,0.18,-0.18170941943986005
1777027855.1101673,tb1,0.6718856731439556,1.5257603004022005,0.18,-0.15636138411951253
1777027855.1142461,tb7,0.08837757980031548,0.13013913208691677,0.18,0.6320785085191176
1777027855.1195757,tb3,0.5681496967928137,0.8402020895048066,0.18,0.14766893754556798
1777027855.1530488,tb2,-0.3384401870587081,-0.41405557635342877,0.18,-0.17344793049405102
1777027855.1601615,tb1,0.6802106400518917,1.5221258923208314,0.18,-0.1535408491167794
1777027855.1644275,tb7,0.090598822070234,0.13854467761397637,0.18,0.5880668342462627
1777027855.1696942,tb3,0.5712984095503139,0.8318504162852993,0.18,0.12487903610976889
1777027855.2030807,tb2,-0.3423173482313059,-0.40584074117875574,0.18,-0.1662456383974692
1777027855.2102306,tb1,0.6884993030600407,1.5184297153048376,0.18,-0.15091760843877883
1777027855.214261,tb7,0.09276361841677533,0.1468946263411656,0.18,0.5434304990989414
1777027855.2195315,tb3,0.5745153827678887,0.8235144645323995,0.18,0.10227621146114484
1777027855.2530787,tb2,-0.3461186967393256,-0.3976022877239531,0.18,-0.15917542570819762
1777027855.2601724,tb1,0.6967519618355841,1.5146732551135558,0.18,-0.14859999469512583
1777027855.2643104,tb7,0.09452153770689269,0.1554341802337863,0.18,0.4969946667454887
1777027855.26957,tb3,0.5777914841822558,0.8151892807208437,0.18,0.07929082806334195
1777027855.3030682,tb2,-0.3498708740606776,-0.3893604186926451,0.18,-0.15240433100358783
1777027855.3101916,tb1,0.7049687946994572,1.510857906165286,0.18,-0.14655499954105514
1777027855.3142774,tb7,0.09598228626964453,0.16407873431334055,0.18,0.4544553479822778
1777027855.3196385,tb3,0.5811160062656818,0.8068710049175127,0.18,0.05626756030374455
1777027855.352947,tb2,-0.35357320588065155,-0.381102955400226,0.18,-0.1458685676834942
1777027855.360193,tb1,0.7131508941111592,1.5069893820651947,0.18,-0.14473754645154682
1777027855.3642333,tb7,0.09723041157354798,0.17277151912377176,0.18,0.4133176731329717
1777027855.369585,tb3,0.5844782685684263,0.7985561067332565,0.18,0.033384181096105206
1777027855.4030597,tb2,-0.35357320588065155,-0.381102955400226,0.18,-0.144380319539696
1777027855.4101584,tb1,0.7213043973136392,1.503177404327864,0.18,-0.14296539069632214
1777027855.414265,tb7,0.09850761799853151,0.1813950673613642,0.18,0.3714012398759184
1777027855.419516,tb3,0.5878680394833078,0.7902399248397299,0.18,0.011795110935940468
1777027855.4530196,tb2,-0.35717641777209336,-0.37278091440116295,0.18,-0.13862943413643253
1777027855.4601278,tb1,0.729438837021326,1.4992413584815776,0.18,-0.14148772676660343
1777027855.464278,tb7,0.09937653558733449,0.1901876848807984,0.18,0.33281168942800476
1777027855.4696372,tb3,0.5912745150336456,0.7819185709314018,0.17999999999999997,-0.010281033788292239
1777027855.5031013,tb2,-0.360716040094128,-0.36444018818434537,0.18,-0.1324854023916234
1777027855.510181,tb1,0.729438837021326,1.4992413584815776,0.17999999999999997,-0.14121813780708628
1777027855.5143507,tb7,0.10008885493564644,0.19900603332051792,0.18,0.2963822016662682
1777027855.519539,tb3,0.5946875860658732,0.7735886496049611,0.18,-0.03220470664249438
1777027855.5531816,tb2,-0.36422449298943405,-0.3561121737411862,0.18,-0.1266906523966592
1777027855.5602803,tb1,0.7375522137291013,1.4951817412301953,0.18,-0.14017391507043703
1777027855.564425,tb7,0.10008885493564644,0.19900603332051792,0.17999999999999997,0.30126512584574905
1777027855.5698872,tb3,0.5980973445820971,0.7652456649168091,0.17999999999999997,-0.044834087298304286
1777027855.6029923,tb2,-0.36766044979322016,-0.3477351005981885,0.18,-0.12133138725698203
1777027855.6101577,tb1,0.7456305428551485,1.491068118747658,0.18,-0.13924620503699964
1777027855.614266,tb7,0.10069664695914042,0.207835541566698,0.18,0.266406961946501
1777027855.61965,tb3,0.5980973445820971,0.7652456649168091,0.18,-0.05632498801785595
1777027855.65317,tb2,-0.37102851675817006,-0.33932828434863954,0.18,-0.11660988296415382
1777027855.6601589,tb1,0.7536733703200194,1.4869011322976071,0.18,-0.13848125573648476
1777027855.664337,tb7,0.10126285756462196,0.21664681046005668,0.18,0.2293709970711762
1777027855.669539,tb3,0.601493912904472,0.7568898525633978,0.18,-0.07794747149181047
1777027855.7031658,tb2,-0.37434455284765233,-0.3309114253919458,0.18,-0.11208243322710292
1777027855.710215,tb1,0.7616805746348966,1.4826813622406503,0.18000000000000002,-0.13795386365074208
1777027855.7142625,tb7,0.10158338763369466,0.22552641798356426,0.18000000000000002,0.1925372058640716
1777027855.71948,tb3,0.6048714832850819,0.7485197908847996,0.18,-0.10062037070938265
1777027855.7529888,tb2,-0.3776383864233868,-0.3225056894111765,0.18,-0.10785220855711695
1777027855.7601864,tb1,0.7696579491690062,1.4784718219657782,0.18,-0.13761266759357535
1777027855.764278,tb7,0.10179734732340312,0.23442043929067152,0.18,0.15782120367049754
1777027855.769521,tb3,0.6082240157000955,0.7401283160880879,0.18,-0.12265153507390643
1777027855.8031998,tb2,-0.3808562046097681,-0.31404483114627485,0.18,-0.10416604750335327
1777027855.8102655,tb1,0.7776071347357728,1.4742300235569203,0.18000000000000002,-0.13740677157231204
1777027855.81443,tb7,0.10201821511751871,0.24329987627507146,0.18000000000000002,0.12515431641279146
1777027855.8196454,tb3,0.6115413718277297,0.7317111350987832,0.18,-0.14363176967740218
1777027855.8531156,tb2,-0.3840254353727112,-0.30557485063534795,0.18,-0.10068646892279325
1777027855.860299,tb1,0.7855431488630557,1.4698349740253007,0.18000000000000002,-0.1374825828369756
1777027855.864281,tb7,0.10206873213394987,0.25223827152276407,0.18,0.09444014255550681
1777027855.8695548,tb3,0.6148130660325857,0.7232648080311923,0.18,-0.16433854993497748
1777027855.902927,tb2,-0.3871725687774313,-0.2971195348677228,0.18,-0.09737126103053523
1777027855.9102066,tb1,0.7934429471828358,1.465388885634684,0.18,-0.13771695019007543
1777027855.9144099,tb7,0.10206258485173261,0.2611855034226851,0.18,0.06562451165492397
1777027855.91966,tb3,0.6180289438821059,0.7147862539706531,0.17999999999999997,-0.18437903469433806
1777027855.953052,tb2,-0.3902562155353967,-0.288613129632784,0.18,-0.09461361064747868
1777027855.9603097,tb1,0.801306230538196,1.4608918754560338,0.18,-0.13807459506703698
1777027855.964297,tb7,0.10207412901683756,0.270117305651634,0.18,0.036944791366125336
1777027855.9695375,tb3,0.6211790867575688,0.7062727032361474,0.18,-0.20356046850037512
1777027856.0031145,tb2,-0.3902562155353967,-0.288613129632784,0.18,-0.0929112721664798
1777027856.010131,tb1,0.8091326234149988,1.456344002145228,0.18,-0.13860146947262345
1777027856.0142717,tb7,0.1019915218279297,0.27909947187641826,0.18,0.011435251922486376
1777027856.0194998,tb3,0.6242538009162832,0.6977211562328285,0.18,-0.2222176031323309
1777027856.0529523,tb2,-0.39329610254384895,-0.28009962314954595,0.18,-0.09034269206522806
1777027856.0601773,tb1,0.8169272945772443,1.4517935554434394,0.18,-0.13926930064718518
1777027856.0641952,tb7,0.10189545942317613,0.2880883188029572,0.18,-0.012382951101311528
1777027856.0695395,tb3,0.627243127758868,0.6891291823991896,0.18,-0.24003566935778903
1777027856.1030707,tb2,-0.39631248505188815,-0.2716011790892452,0.18,-0.08798918173508283
1777027856.1102188,tb1,0.8169272945772443,1.4517935554434394,0.18,-0.1392832360800338
1777027856.1147444,tb7,0.10182882095301589,0.29706425410999143,0.18,-0.03335827612429446
1777027856.119628,tb3,0.6301375718626052,0.6804959012869936,0.18,-0.2571747835400324
1777027856.1533256,tb2,-0.3992755764253191,-0.26305645431647556,0.18,-0.08596768283248517
1777027856.1602314,tb1,0.8246924876633083,1.4472205263221214,0.18,-0.1401551613838618
1777027856.1644368,tb7,0.10182882095301589,0.29706425410999143,0.18,-0.03258150419601848
1777027856.1695595,tb3,0.6301375718626052,0.6804959012869936,0.18,-0.26036402014445637
1777027856.2029727,tb2,-0.40219757742751444,-0.25450465857946053,0.18,-0.08419343425476303
1777027856.2101932,tb1,0.8324398102035598,1.4425002931354665,0.18,-0.14122721649226935
1777027856.2144322,tb7,0.10173447898206686,0.3060804182403089,0.18,-0.054259505492520364
1777027856.2198677,tb3,0.6329281943995979,0.6718193820248674,0.18,-0.27718064902158907
1777027856.2530549,tb2,-0.4050948909625169,-0.24596585144113545,0.18,-0.0826160844714233
1777027856.2602255,tb1,0.8401486459182947,1.4377293682828043,0.18,-0.14241500743729674
1777027856.2644408,tb7,0.10165703934147416,0.31509076566485905,0.18,-0.07710679388920363
1777027856.2696235,tb3,0.6356071828598763,0.663104839944389,0.18,-0.2947247171075656
1777027856.3030746,tb2,-0.4079453178775615,-0.23738650873191097,0.18,-0.08133597244241957
1777027856.3101988,tb1,0.8478184322495743,1.4329074939639534,0.18,-0.14370018759218958
1777027856.314446,tb7,0.10161223169670963,0.3241013529713611,0.18,-0.09858544820140275
1777027856.3196244,tb3,0.6381706494397964,0.6543467386301313,0.18,-0.3115661339617378
1777027856.353009,tb2,-0.4107574481433377,-0.22880121262602426,0.18,-0.08025400440183751
1777027856.360315,tb1,0.855448511823174,1.4280343705576282,0.18,-0.14509117561717272
1777027856.3642924,tb7,0.10158644598041121,0.3331394399275321,0.18,-0.11877876661363773
1777027856.3694735,tb3,0.6406093577889622,0.6455445053415053,0.18,-0.3277997731617679
1777027856.402922,tb2,-0.41354559163902266,-0.2202242918433829,0.18,-0.07934649932366812
1777027856.410157,tb1,0.8630459225491725,1.42317490814423,0.18,-0.1466522592069842
1777027856.4142542,tb7,0.10160477173300254,0.342170302689143,0.18,-0.1385855723949502
1777027856.4195764,tb3,0.6429144670346602,0.6366981568106513,0.18,-0.3432949241221971
1777027856.4530575,tb2,-0.41628933569856263,-0.21161280775305252,0.18,-0.07863808648075818
1777027856.4602332,tb1,0.8706159123724362,1.4182444231611306,0.18,-0.14834464095290828
1777027856.4642794,tb7,0.10166903854931678,0.3512221094572166,0.18,-0.15681282930444088
1777027856.4696465,tb3,0.6450774187479469,0.6278084469838846,0.18,-0.3583189546265766
1777027856.503007,tb2,-0.4189981099043467,-0.20299858163687678,0.18,-0.07811548997157995
1777027856.5102966,tb1,0.8781554056419557,1.4131953721778472,0.18,-0.15006299549002305
1777027856.5143728,tb7,0.1017974850971939,0.3602854991314241,0.18,-0.17331128077338817
1777027856.5195925,tb3,0.6470899985951711,0.6188751988737295,0.18,-0.3726475786300269
1777027856.5531695,tb2,-0.4189981099043467,-0.20299858163687678,0.18,-0.07623417655655948
1777027856.5601995,tb1,0.885652315461028,1.4080937315513682,0.17999999999999997,-0.15185265205149476
1777027856.564324,tb7,0.10199301169105869,0.3693424817227372,0.18,-0.18929059232706918
1777027856.5695968,tb3,0.6489433564083389,0.6099001892334669,0.18,-0.3863562909856404
1777027856.603117,tb2,-0.4216813862299763,-0.1943840029620293,0.18,-0.07585352173808385
1777027856.6102767,tb1,0.885652315461028,1.4080937315513682,0.18,-0.15214985275821882
1777027856.6142564,tb7,0.10227279378097907,0.3784214767794953,0.18,-0.20376392326863982
1777027856.6195166,tb3,0.6506293735707787,0.6008851280827534,0.18,-0.3995047080207175
1777027856.6531446,tb2,-0.42432258929193095,-0.18574467500317351,0.18,-0.07578161896694896
1777027856.6603,tb1,0.8931057486087196,1.4029390076076533,0.18,-0.1540474748108026
1777027856.6643581,tb7,0.10227279378097907,0.3784214767794953,0.18,-0.20005267848187316
1777027856.6695392,tb3,0.652140254959805,0.5918324223196457,0.18,-0.41210863634017275
1777027856.7029443,tb2,-0.42693733922330485,-0.17711403886824253,0.18,-0.07587414253980602
1777027856.7102182,tb1,0.9005162349828495,1.397738542760734,0.18,-0.1561629185889269
1777027856.7143004,tb7,0.10263075252404177,0.38749060650581857,0.18,-0.2137072014891343
1777027856.7196162,tb3,0.652140254959805,0.5918324223196457,0.18,-0.4157691706089725
1777027856.7529826,tb2,-0.42951402365560426,-0.16845322103594115,0.18,-0.07609351571067982
1777027856.7601526,tb1,0.9078935582944084,1.3925770798886854,0.18,-0.1585693576086267
1777027856.7642758,tb7,0.10309106566493187,0.39657022457184055,0.18,-0.22840408219597627
1777027856.7695303,tb3,0.6534685057709501,0.5827446831576986,0.18,-0.4277904876471093
1777027856.8029904,tb2,-0.43205706010660133,-0.15978968827145162,0.18,-0.07640848287286818
1777027856.8102162,tb1,0.9152412464089053,1.3872547456196116,0.18,-0.16087964947529038
1777027856.8143532,tb7,0.10362803671968973,0.4056381751136884,0.18,-0.2424453105280744
1777027856.8195436,tb3,0.6546086843866228,0.5736289283968447,0.18,-0.440339578844834
1777027856.8530035,tb2,-0.43457205276058547,-0.15112097462512192,0.18,-0.07684733705631004
1777027856.8601613,tb1,0.9225434624501717,1.3818645846472144,0.18,-0.1631917622320033
1777027856.8642812,tb7,0.10428507630901901,0.41471969850336354,0.18,-0.25532041338844746
1777027856.8695896,tb3,0.655556353005689,0.5644851237008544,0.18,-0.45243984851323754
1777027856.9031038,tb2,-0.4370480730156669,-0.14243453361867026,0.18,-0.07736066914849647
1777027856.9101863,tb1,0.9297977118993144,1.376419284310269,0.18,-0.16553932562413043
1777027856.9142966,tb7,0.10503651132798196,0.42378809149601304,0.17999999999999997,-0.2675824186760665
1777027856.9195688,tb3,0.6563045689289265,0.5553166957639436,0.18,-0.4639652597003162
1777027856.9529457,tb2,-0.43949659938325475,-0.13374757669360376,0.18,-0.07800104729728878
1777027856.960142,tb1,0.9370027836092716,1.3709182426477462,0.18,-0.16792305532798124
1777027856.9642882,tb7,0.1059179947485692,0.4328623546831702,0.18,-0.27872778421177485
1777027856.9695652,tb3,0.6568464792045069,0.54612789213792,0.18,-0.47497632187974376
1777027857.003105,tb2,-0.44190579398848007,-0.12504115974159488,0.18,-0.07868245095477182
1777027857.0107834,tb1,0.9441686413541118,1.3654119059105574,0.18,-0.17052029185131826
1777027857.0142972,tb7,0.10690763089814748,0.44192307504360157,0.18,-0.2892943626592532
1777027857.0195546,tb3,0.6571756140138612,0.5369234403937602,0.18,-0.4854246046543637
1777027857.0532987,tb2,-0.4442859169723153,-0.11633310627274512,0.18,-0.07947520418623756
1777027857.0602202,tb1,0.9512973958305135,1.3598512508454363,0.18000000000000002,-0.17318155083869174
1777027857.064791,tb7,0.10802818019245936,0.4509752764450553,0.18,-0.29904629186381115
1777027857.0703163,tb3,0.6572860200509043,0.5277086787419353,0.18,-0.49550703287415265
1777027857.1029744,tb2,-0.4442859169723153,-0.11633310627274512,0.18,-0.07744333868928505
1777027857.1102107,tb1,0.9583772570093204,1.354158701232075,0.17999999999999997,-0.17570675266601904
1777027857.1143832,tb7,0.10928920989290487,0.46001986562178554,0.18,-0.3082009798273748
1777027857.1195197,tb3,0.6571720912801446,0.5184888301850897,0.18,-0.5050790896251512
1777027857.1529512,tb2,-0.4466271279651524,-0.10760842506657359,0.18,-0.07827853514769621
1777027857.1602714,tb1,0.9583772570093204,1.354158701232075,0.18,-0.17638261834021998
1777027857.1642778,tb7,0.11067755183399619,0.46904542958331735,0.17999999999999997,-0.316966368095319
1777027857.1695578,tb3,0.6568285174595585,0.5092698874486946,0.18,-0.5142854969349644
1777027857.203078,tb2,-0.4489373115679874,-0.09887931105427275,0.18,-0.07937958211110263
1777027857.210353,tb1,0.9654030702966251,1.3484081901612814,0.18,-0.17897442419689805
1777027857.2144523,tb7,0.11067755183399619,0.46904542958331735,0.18,-0.31346620261797015
1777027857.2195969,tb3,0.6562506031584256,0.5000582480627419,0.18,-0.5231163476269908
1777027857.2530122,tb2,-0.4512126199884586,-0.0901416557208982,0.18,-0.08063300177061393
1777027857.2601771,tb1,0.9723731652598553,1.3426000003701566,0.18,-0.1817527323978283
1777027857.2643325,tb7,0.11221031995096704,0.4780535368620363,0.18,-0.3214867043840173
1777027857.2695386,tb3,0.6562506031584256,0.5000582480627419,0.18,-0.5271409604380773
1777027857.3031452,tb2,-0.45345116394354634,-0.08138887183684278,0.18,-0.08189811115797731
1777027857.3102424,tb1,0.979294255153863,1.3367559399736149,0.18,-0.1846070825958256
1777027857.3142776,tb7,0.11388636798948454,0.4870365466408145,0.18,-0.3301393980901329
1777027857.3195605,tb3,0.6554338331153401,0.49086023283664043,0.18,-0.5355329094074782
1777027857.3530002,tb2,-0.455655459319392,-0.07262818040013645,0.18,-0.08320481041494814
1777027857.3602235,tb1,0.9861809746899947,1.3309153753731393,0.18,-0.18778886178148935
1777027857.3644676,tb7,0.11571058304021407,0.4959966291705474,0.18,-0.3382366591146905
1777027857.3697186,tb3,0.6543755788634115,0.48168466021140754,0.18,-0.5439607467755074
1777027857.4029872,tb2,-0.4578244003695475,-0.06385864898640357,0.18,-0.08453420081899145
1777027857.4101443,tb1,0.9930049433492851,1.3249102605673437,0.18,-0.19069966889995113
1777027857.4143195,tb7,0.11768405546807213,0.5049299849186075,0.18,-0.3457299140201523
1777027857.419512,tb3,0.6530731285810774,0.4725364540892144,0.18,-0.5520521039313885
1777027857.4530623,tb2,-0.45995658395154676,-0.055078339892672995,0.18,-0.08587275908442739
1777027857.4601421,tb1,0.9997697999135585,1.3188440279650562,0.18,-0.1935216245138545
1777027857.4642456,tb7,0.11980833694033896,0.5138327712111118,0.18,-0.35258429781041434
1777027857.4694839,tb3,0.6515230019157785,0.46342276860119674,0.18,-0.5596879593791679
1777027857.5029676,tb2,-0.4620506686174931,-0.04628639646026088,0.18,-0.08723965284772871
1777027857.510179,tb1,1.0064725752699566,1.3127172325178056,0.18,-0.19634739093174747
1777027857.514292,tb7,0.12208652774373238,0.5227009178576183,0.18,-0.35889685056738924
1777027857.5195162,tb3,0.6497221400984139,0.45435150991265494,0.18,-0.5669057502950237
1777027857.552941,tb2,-0.46410689713746256,-0.037484482180062145,0.18,-0.08862303996233098
1777027857.5602121,tb1,1.013118735221648,1.3065472043770556,0.18,-0.19918073259484823
1777027857.564291,tb7,0.12452121837888555,0.5315306505440908,0.18,-0.36470371969312065
1777027857.569545,tb3,0.64766807897973,0.44533055705857444,0.18,-0.5736708975729581
1777027857.6029134,tb2,-0.4661247468941308,-0.02867301830492756,0.18,-0.09002105918564979
1777027857.6102257,tb1,1.0197271645655734,1.3003809073362513,0.18,-0.20213829214434104
1777027857.6143413,tb7,0.1271146153327968,0.5403180357996771,0.18,-0.37005748561877805
1777027857.6195846,tb3,0.6453588443956211,0.4363681339667917,0.18,-0.5799570969893039
1777027857.652978,tb2,-0.4681035315120248,-0.019852033163458866,0.18,-0.09143168447971788
1777027857.6602354,tb1,1.0262588128971097,1.2940477684997136,0.17999999999999997,-0.20501074807645697
1777027857.6643414,tb7,0.12986856390779233,0.5490591635093705,0.17999999999999997,-0.37492561639438976
1777027857.6695223,tb3,0.6427930068918686,0.4274725853369801,0.18,-0.5859146888261931
1777027857.7030776,tb2,-0.47004251673398856,-0.011021464288180205,0.18,-0.092835375028114
1777027857.710152,tb1,1.0327223008080695,1.287652443253121,0.18,-0.2078310570379266
1777027857.7142315,tb7,0.1327848668804618,0.557750300815153,0.18,-0.3792881883318047
1777027857.7195246,tb3,0.6399693429410798,0.41865209056723246,0.18,-0.5913674546771424
1777027857.7531025,tb2,-0.47004251673398856,-0.011021464288180205,0.18,-0.09059514431943774
1777027857.7601047,tb1,1.0391157792588597,1.2811946814282873,0.18,-0.21063879738420566
1777027857.7642705,tb7,0.13586478223246043,0.5663871305323329,0.18,-0.3832070709322272
1777027857.769607,tb3,0.636887277857346,0.40991563430431605,0.18,-0.5963831060081368
1777027857.8030765,tb2,-0.47194096813176045,-0.0021814095427090366,0.18,-0.09199654789722238
1777027857.8102968,tb1,1.0391157792588597,1.2811946814282873,0.18,-0.21186076370029755
1777027857.8144743,tb7,0.13910910710679447,0.5749655578468044,0.18,-0.3620571021359072
1777027857.819595,tb3,0.6335469715834878,0.40127204452037235,0.18,-0.6009434804274483
1777027857.8530004,tb2,-0.4737986928638562,0.006666382680653278,0.18,-0.09374581734865302
1777027857.860273,tb1,1.0454523435049796,1.274706072451176,0.18,-0.21471594075759248
1777027857.8643217,tb7,0.13910910710679447,0.5749655578468044,0.18,-0.38351607975286134
1777027857.8695328,tb3,0.6299488362855519,0.39272992920694216,0.18,-0.6049595037098747
1777027857.9030762,tb2,-0.47561605026297277,0.015523311231713608,0.18,-0.09547432358175365
1777027857.9101865,tb1,1.051739274670425,1.2681847785201537,0.18,-0.21776275351640278
1777027857.9143896,tb7,0.14250966540140153,0.5834740544862087,0.18,-0.38901699894684044
1777027857.919561,tb3,0.6299488362855519,0.39272992920694216,0.18,-0.6091073327690697
1777027857.9529917,tb2,-0.4773922048525236,0.024389455584535365,0.18,-0.0971709006479911
1777027857.9602442,tb1,1.0579354390594378,1.2615167021393663,0.18,-0.22070829865459543
1777027857.9643476,tb7,0.14607222895999658,0.591926137718325,0.18,-0.39234747432981615
1777027857.969575,tb3,0.6260940790263122,0.3842982532442397,0.18,-0.6127649418735278
1777027858.002974,tb2,-0.4791262570308657,0.033264839732817915,0.18,-0.09881439792482868
1777027858.0101519,tb1,1.0640554547576146,1.2547856231985135,0.18,-0.22357278961707924
1777027858.0143123,tb7,0.14979876976106324,0.6003100503945362,0.18,-0.39501740859228407
1777027858.0195408,tb3,0.6219841023666118,0.37598551973898897,0.18,-0.6158715046530463
1777027858.0528944,tb2,-0.48081726301041006,0.042149408894020524,0.18,-0.10041384226789053
1777027858.060218,tb1,1.0700973275088885,1.2479913102558624,0.18,-0.22637560628692208
1777027858.0642762,tb7,0.15368948982537173,0.6086207895182206,0.18,-0.39722038873466275
1777027858.069591,tb3,0.617620964248642,0.3678008381758842,0.18,-0.6184876371822003
1777027858.1030822,tb2,-0.48246434830484514,0.05104300570243347,0.18,-0.10197364430231208
1777027858.1102061,tb1,1.076095617758534,1.2412046919794137,0.18,-0.22932124739358017
1777027858.1143544,tb7,0.15774404086636637,0.6168541470509566,0.18,-0.3990484924692963
1777027858.1197014,tb3,0.6130073970019171,0.35975305743197683,0.18,-0.6205818164245931
1777027858.1529984,tb2,-0.4840667083329565,0.059945528279259586,0.18,-0.10352234433298087
1777027858.160192,tb1,1.082005972094959,1.2342941909005853,0.18,-0.23213232048015897
1777027858.1642785,tb7,0.1619617632885555,0.6250062171706668,0.18,-0.4004718355118073
1777027858.1695173,tb3,0.608146688756938,0.35185073127103245,0.18,-0.6222304429994181
1777027858.2029312,tb2,-0.485623545863894,0.06885688712841605,0.18,-0.1050406989173339
1777027858.210159,tb1,1.0878233131778818,1.2272877946305685,0.18,-0.23481731114270882
1777027858.2142677,tb7,0.16634171458382857,0.6330731605759544,0.18,-0.40149284174507466
1777027858.2195268,tb3,0.6030426710443014,0.34410224562386954,0.18,-0.6234514413262435
1777027858.2529526,tb2,-0.48713406560324113,0.07777696204631329,0.18,-0.10652453744738204
1777027858.2601354,tb1,1.0935552450511985,1.2202183360592482,0.18,-0.23745315841926115
1777027858.264278,tb7,0.17088265016001217,0.6410512279542057,0.18,-0.4021441200255678
1777027858.2694664,tb3,0.5976996835267996,0.336515751461711,0.18,-0.6241963753985832
1777027858.303085,tb2,-0.48713406560324113,0.07777696204631329,0.18,-0.10413719455239644
1777027858.3105402,tb1,1.0992126810179312,1.213106059792252,0.18,-0.23831467896992264
1777027858.3143585,tb7,0.1755830625044294,0.6489368086004577,0.18,-0.40244665388825407
1777027858.3195195,tb3,0.592122545772552,0.3290991427629291,0.18,-0.6244621349217946
1777027858.3529744,tb2,-0.4885975047673456,0.08670554132210123,0.18,-0.10560068126842653
1777027858.360138,tb1,1.0992126810179312,1.213106059792252,0.18,-0.24177327121137757
1777027858.3643575,tb7,0.1804412120927008,0.6567264247249754,0.18,-0.37439231909206316
1777027858.36946,tb3,0.586316542360914,0.3218600305371345,0.18,-0.624212775440853
1777027858.4029937,tb2,-0.4900138126187035,0.09564081040413752,0.18,-0.10737736950412492
1777027858.4103994,tb1,1.1048171392397919,1.2059762305153539,0.18,-0.24461270958775128
1777027858.4144266,tb7,0.1804412120927008,0.6567264247249754,0.17999999999999997,-0.3994337071174146
1777027858.4194226,tb3,0.5802874607092592,0.31480572278404023,0.18,-0.5933162515554701
1777027858.4529812,tb2,-0.4913832276222265,0.1045841214272961,0.18,-0.10911553803404271
1777027858.4601717,tb1,1.1103009060658884,1.1986967368343777,0.18,-0.24723180955136484
1777027858.464281,tb7,0.1854434814496716,0.6644101809804499,0.18,-0.4016234656024809
1777027858.4695997,tb3,0.5802874607092592,0.31480572278404023,0.18,-0.6272687532364312
1777027858.5030618,tb2,-0.49270491073148087,0.1135355228849997,0.18,-0.11076849655101113
1777027858.5102313,tb1,1.1156925449031174,1.191355276164293,0.18,-0.2497482100654026
1777027858.5143175,tb7,0.1905998276113102,0.6720042727762024,0.18000000000000002,-0.4010849553390026
1777027858.5196037,tb3,0.5740541646774576,0.3079475359304504,0.18,-0.6288832912339162
1777027858.5529802,tb2,-0.49397792291071374,0.12249480868954381,0.18,-0.11237227727140045
1777027858.560132,tb1,1.1209913803854306,1.1839541247691763,0.18,-0.25218902283392497
1777027858.5643036,tb7,0.195907777536214,0.6794941178906195,0.18,-0.40000868063279593
1777027858.569501,tb3,0.5676042163402296,0.30127381995659186,0.18,-0.6266999790236755
1777027858.6029904,tb2,-0.4952013974065712,0.1314618044252731,0.18,-0.1139114781221899
1777027858.6101508,tb1,1.1262523159461695,1.176571710335453,0.18,-0.2546846285288696
1777027858.6142552,tb7,0.20136468329613316,0.6868757290016116,0.18,-0.398635661624981
1777027858.61956,tb3,0.5609475763799138,0.29480571561671015,0.18,-0.6237461662416149
1777027858.6530364,tb2,-0.49637449538779344,0.14043629478533226,0.18,-0.1153947396012237
1777027858.660214,tb1,1.131372273440433,1.1690242204851722,0.18,-0.2570270511121351
1777027858.6643705,tb7,0.2069678017496371,0.6941462384303253,0.18,-0.39684651652618325
1777027858.6696737,tb3,0.5540922869285502,0.2885502696885032,0.18,-0.6204599844362473
1777027858.7029543,tb2,-0.4974964121260251,0.14941807390870424,0.18,-0.11682909980649127
1777027858.710271,tb1,1.1363926705819483,1.1614167893305993,0.18,-0.25929392038015403
1777027858.7143946,tb7,0.212714210728534,0.7013030415774,0.18,-0.3947247418336044
1777027858.7195833,tb3,0.5470463565233408,0.2825127391358188,0.18,-0.6167929940383601
1777027858.7530675,tb2,-0.4974964121260251,0.14941807390870424,0.18,-0.11435129920759861
1777027858.7602413,tb1,1.1413116375342645,1.153749921175649,0.18,-0.26146463071125314
1777027858.7643714,tb7,0.21860070890142322,0.7083437280222389,0.18,-0.39229047171675474
1777027858.7696357,tb3,0.539817979143674,0.2766977125153091,0.18000000000000002,-0.6127793484851802
1777027858.803102,tb2,-0.4985663464675967,0.15840693816402854,0.18,-0.11571264844013249
1777027858.8108585,tb1,1.146191965297985,1.1461075622457584,0.18,-0.25330122104840663
1777027858.814263,tb7,0.22462401369809198,0.7152662084891198,0.18,-0.38961957531711794
1777027858.8195977,tb3,0.532415450256478,0.27110923342821197,0.18,-0.6083398674239255
1777027858.8529546,tb2,-0.49958420678118404,0.1674008919833134,0.18,-0.11738819524113527
1777027858.860159,tb1,1.146191965297985,1.1461075622457584,0.18,-0.2659696474446326
1777027858.86432,tb7,0.22462401369809198,0.7152662084891198,0.17999999999999997,-0.3867842019288468
1777027858.8694458,tb3,0.524847313139226,0.265750904049031,0.18,-0.6036192812783608
1777027858.9030175,tb2,-0.5005503161042473,0.17640124521345857,0.18,-0.11900452206334826
1777027858.9102912,tb1,1.150917819242351,1.13830602973919,0.18,-0.2689882683790504
1777027858.91445,tb7,0.2307806810892254,0.7220685772487603,0.18,-0.3837291601567673
1777027858.9196796,tb3,0.524847313139226,0.265750904049031,0.18,-0.6066704141579643
1777027858.9529507,tb2,-0.5014638608619071,0.18540787927597313,0.18,-0.12055374470753767
1777027858.9601963,tb1,1.1555410152878594,1.1304447799172903,0.18,-0.27098126031839476
1777027858.9644265,tb7,0.23706722347650014,0.7287491177983569,0.18,-0.3803607509593318
1777027858.9695916,tb3,0.5171220675265924,0.2606257572812971,0.18,-0.6014980519022088
1777027859.0029895,tb2,-0.5023240006362691,0.19442058834801126,0.18,-0.12201575563093597
1777027859.010449,tb1,1.1600557431445946,1.1225268638622727,0.18,-0.2728348029082409
1777027859.014302,tb7,0.2434800699238558,0.7353062957309441,0.18,-0.37667792887628604
1777027859.0196195,tb3,0.5092445444998462,0.2557361930190353,0.18,-0.5952137993017882
1777027859.053619,tb2,-0.5031298975334823,0.2034390440178845,0.18,-0.12338155044278563
1777027859.0602305,tb1,1.164523848564092,1.11462588890725,0.18,-0.2747130638282102
1777027859.0649357,tb7,0.25001556569631705,0.7417388625060182,0.18,-0.3726958372432784
1777027859.069807,tb3,0.5012252977491277,0.25108779862524727,0.18,-0.5885389154447211
1777027859.102991,tb2,-0.5038807937116657,0.21246293189264584,0.18,-0.12475220867160729
1777027859.1101856,tb1,1.1688333034735487,1.1065811100146585,0.18,-0.27647356312100196
1777027859.1143014,tb7,0.25666986711814654,0.7480456902244285,0.18,-0.36838754697053855
1777027859.1195264,tb3,0.4930736980447988,0.2466823451604913,0.18,-0.5816617719316349
1777027859.1529496,tb2,-0.504575960588015,0.22149197340014348,0.18,-0.12603055561532991
1777027859.1602664,tb1,1.1730251782337524,1.0984769425587455,0.18,-0.27816799670749076
1777027859.1644042,tb7,0.2634390863611627,0.7542259987763005,0.18,-0.36369970078390396
1777027859.1696234,tb3,0.48479874691291114,0.2425205831837955,0.18,-0.5745736288792264
1777027859.2030556,tb2,-0.5052146897417836,0.23052581677788866,0.18,-0.1272488291989927
1777027859.210172,tb1,1.177101824285914,1.0903207812202378,0.18,-0.27979984781870015
1777027859.214298,tb7,0.27031922749287124,0.7602792194467337,0.18,-0.3586946098141348
1777027859.219635,tb3,0.4764093138470791,0.23860280974340084,0.18,-0.5672451596444643
1777027859.2530003,tb2,-0.5052146897417836,0.23052581677788866,0.18,-0.1247082609963033
1777027859.2602143,tb1,1.181133471215946,1.0821829875681257,0.18,-0.28154819455324714
1777027859.2642918,tb7,0.2773062147538677,0.766205071997951,0.17999999999999997,-0.35345995902290167
1777027859.2695782,tb3,0.46791422031401375,0.23492885421441498,0.18000000000000002,-0.5596542039383615
1777027859.3031075,tb2,-0.5057963086719148,0.2395641363221914,0.18,-0.12587244791746938
1777027859.3101916,tb1,1.181133471215946,1.0821829875681257,0.18,-0.2840854171287354
1777027859.3143947,tb7,0.2773062147538677,0.766205071997951,0.18,-0.3507601138847394
1777027859.3196523,tb3,0.45932219218961984,0.23149799313849018,0.18,-0.5519333474607226
1777027859.3529336,tb2,-0.5063209377136582,0.2486049931092692,0.18,-0.12733490977598882
1777027859.360151,tb1,1.1849869017420478,1.0739035195321798,0.18,-0.2856442661724489
1777027859.3642728,tb7,0.28439575633369657,0.7720035585993261,0.18,-0.34515546669233876
1777027859.3695562,tb3,0.45932219218961984,0.23149799313849018,0.18,-0.5541063796830686
1777027859.4030805,tb2,-0.5067887884860135,0.2576495859882037,0.18,-0.12873005222978706
1777027859.410202,tb1,1.1887205608862006,1.0655753721753563,0.18,-0.28705762837859816
1777027859.4143324,tb7,0.29158474128816625,0.7776751988369885,0.18,-0.33904234495306146
1777027859.4196649,tb3,0.4506419250899426,0.2283088508732052,0.18000000000000002,-0.546133461337211
1777027859.4530568,tb2,-0.5071991497437045,0.26669766576278836,0.18,-0.1300662092277615
1777027859.4601896,tb1,1.1923401022930329,1.0572065411346676,0.18,-0.2884273281836668
1777027859.4642944,tb7,0.29886883111140006,0.7832196074726812,0.18,-0.33259745798175405
1777027859.4696112,tb3,0.44187650155723474,0.22536082097469115,0.18,-0.5369988606016037
1777027859.5029633,tb2,-0.5075512877439713,0.27574889734601443,0.18,-0.13133718155402146
1777027859.5102017,tb1,1.1958945086356798,1.048833757574154,0.18,-0.28982728200226054
1777027859.5143108,tb7,0.3062436506885692,0.7886373870586669,0.18,-0.32593029320023115
1777027859.5196803,tb3,0.43303752437143705,0.2226555890830907,0.18,-0.5276869091205866
1777027859.5529292,tb2,-0.5078445027128491,0.28480285794241167,0.18,-0.13254804250758348
1777027859.5601926,tb1,1.1992688350230294,1.0403467546071126,0.18,-0.29115790817932996
1777027859.5644164,tb7,0.31370510423307435,0.7939297535988725,0.18,-0.31882667792073227
1777027859.5695279,tb3,0.4241331701108281,0.220190603211163,0.18,-0.5182877069466714
1777027859.6029549,tb2,-0.50807812849462,0.2938591809209862,0.18,-0.1336983967537275
1777027859.6101925,tb1,1.2025176128303636,1.0318173488289566,0.18,-0.2924510675537312
1777027859.6142468,tb7,0.32124882738719834,0.7990979553619403,0.18,-0.31142937090578354
1777027859.6194825,tb3,0.41517143255896266,0.21796286549415225,0.18,-0.5088269126740377
1777027859.6530035,tb2,-0.50807812849462,0.2938591809209862,0.18,-0.13112253693090145
1777027859.6600986,tb1,1.2056879807383143,1.0232848160780794,0.18,-0.29374027607040976
1777027859.6642742,tb7,0.3288704208491274,0.8041437548054695,0.18,-0.3038111436916645
1777027859.6694937,tb3,0.40615984945678796,0.21596875209517144,0.18,-0.4992924110257804
1777027859.703112,tb2,-0.5082515208249098,0.3029174514101592,0.18,-0.132218130316753
1777027859.710359,tb1,1.2087079591042338,1.0146728650594887,0.18,-0.295046345714002
1777027859.7143197,tb7,0.3365661405049358,0.8090692252336434,0.18,-0.29577911278680763
1777027859.7196667,tb3,0.3971049575055969,0.21420456754316264,0.17999999999999997,-0.48961763608100567
1777027859.7530158,tb2,-0.5083649266006924,0.31197560061061125,0.18,-0.1336304733599546
1777027859.7602763,tb1,1.2087079591042338,1.0146728650594887,0.18,-0.29787965185176
1777027859.764345,tb7,0.3365661405049358,0.8090692252336434,0.18,-0.2931671650320457
1777027859.7694995,tb3,0.38801373130785843,0.21266654666415968,0.18,-0.47983274711778495
1777027859.8029816,tb2,-0.5084186538829287,0.3210348750238628,0.18,-0.13499644352199994
1777027859.810309,tb1,1.2115805238817585,1.0060041746389916,0.18,-0.299152416532196
1777027859.8144248,tb7,0.3443317126941316,0.8138763717846781,0.18,-0.28477941001247914
1777027859.8196633,tb3,0.38801373130785843,0.21266654666415968,0.18,-0.48115214525598654
1777027859.852973,tb2,-0.5084120159072173,0.3300949843982885,0.18,-0.13629880227807983
1777027859.86028,tb1,1.2143331533491404,0.9973061994536814,0.18,-0.3002848523018109
1777027859.8643467,tb7,0.35216564247146476,0.8185677389121162,0.18,-0.2756370766760372
1777027859.8695982,tb3,0.37889278401543897,0.21135036292818968,0.18,-0.47120081479095033
1777027859.903046,tb2,-0.5083443322096342,0.3391554828816314,0.18,-0.1375463438375204
1777027859.9102385,tb1,1.21700322170907,0.9885982876076039,0.17999999999999997,-0.30150845977562823
1777027859.9142895,tb7,0.360062805976359,0.82314367543249,0.18,-0.2662445638863303
1777027859.9195685,tb3,0.36974272472719283,0.21025365093989212,0.18,-0.4600604069535746
1777027859.9529486,tb2,-0.5082149496747881,0.3482159530742485,0.18,-0.1387458355485684
1777027859.960146,tb1,1.2194865540120796,0.9798050743359581,0.18,-0.3026427237747919
1777027859.9643497,tb7,0.3680188905795221,0.8276069508014121,0.18,-0.25648874825522666
1777027859.9695284,tb3,0.3605742932864781,0.2093753075865496,0.18,-0.44890227887303696
1777027860.0029705,tb2,-0.5080232371947394,0.35727591129524505,0.18,-0.1398949547558977
1777027860.0103528,tb1,1.2218354906060447,0.97098137669603,0.18,-0.3038028778663577
1777027860.0144305,tb7,0.37603012430964483,0.8319610183389354,0.18,-0.2464248094285228
1777027860.019588,tb3,0.3513932465499024,0.2087100369025314,0.18,-0.437718615588486
1777027860.0530136,tb2,-0.5077686080726802,0.3663348865888357,0.18,-0.14100915507786
1777027860.0603542,tb1,1.2241151233885652,0.9621666124391676,0.18,-0.3050539908846986
1777027860.0644174,tb7,0.38409247265679264,0.8362092612544367,0.18,-0.23623732914001677
1777027860.069523,tb3,0.3422050161215765,0.20825244505381707,0.18,-0.42651633723375615
1777027860.1029258,tb2,-0.5074504964327451,0.3753924106148374,0.18,-0.14209753949636061
1777027860.1101956,tb1,1.2261976477868752,0.953266924480949,0.18,-0.30625435086930286
1777027860.1144369,tb7,0.3922020210927882,0.8403555435751222,0.18,-0.22571988708903962
1777027860.1195257,tb3,0.33301477071430935,0.20799667858540413,0.18,-0.4154118128785764
1777027860.1528184,tb2,-0.5070683362931679,0.38444801838882003,0.18,-0.14048929303350083
1777027860.1601586,tb1,1.2281427798017888,0.9443424631591922,0.18,-0.30748349349718607
1777027860.164352,tb7,0.4003550159644761,0.8444040243299391,0.18,-0.21501365003080372
1777027860.1696043,tb3,0.3238265570164148,0.20793676700202263,0.18,-0.4042712462560536
1777027860.2030654,tb2,-0.5070683362931679,0.38444801838882003,0.18,-0.14056645179427935
1777027860.2102566,tb1,1.2281427798017888,0.9443424631591922,0.18,-0.31054529305571654
1777027860.2142684,tb7,0.4085477948139891,0.8483590961433014,0.18,-0.1768563790217711
1777027860.2194626,tb3,0.3146446510763539,0.20806681775013805,0.18,-0.3931021566219725
1777027860.2529464,tb2,-0.506622246978465,0.3935000681321688,0.18,-0.14185405272852145
1777027860.260306,tb1,1.2300101748782006,0.9354264287071955,0.18,-0.31185702083208067
1777027860.264467,tb7,0.4085477948139891,0.8483590961433014,0.18,-0.2016417095686056
1777027860.2694614,tb3,0.3146446510763539,0.20806681775013805,0.18,-0.3936625228028022
1777027860.3029895,tb2,-0.5061125290851155,0.4025489231823411,0.18,-0.14318626350005517
1777027860.3102024,tb1,1.2316812125720509,0.9264375772335222,0.18,-0.31299825064608816
1777027860.3144221,tb7,0.41676391393131973,0.8522261371229441,0.18,-0.19297089251625718
1777027860.3195784,tb3,0.3054731831618713,0.2083803816527715,0.18,-0.38249622620547663
1777027860.3530283,tb2,-0.5055386993251264,0.41159460638090317,0.18,-0.14447845786122643
1777027860.3601847,tb1,1.2332110721659049,0.9174297792284788,0.18,-0.3141959028270042
1777027860.364309,tb7,0.42502474553299047,0.8560183000764723,0.18,-0.18128274281261947
1777027860.3694966,tb3,0.29631061011279364,0.20887419061321186,0.18,-0.37036472291894895
1777027860.402977,tb2,-0.5049000713176678,0.4206366419816756,0.18,-0.14573203125304773
1777027860.4101174,tb1,1.234655294632715,0.9084293128727337,0.18,-0.31551394521277876
1777027860.4142737,tb7,0.43331755071743,0.8597278046541676,0.18,-0.1695654365122866
1777027860.4195027,tb3,0.2871650721368038,0.20954436980151903,0.18,-0.35825371597181316
1777027860.452975,tb2,-0.5041960099642634,0.4296744341966833,0.18,-0.14695707480202366
1777027860.4602988,tb1,1.235903051986115,0.8993713419306273,0.18,-0.31687597817655083
1777027860.4644346,tb7,0.44163862691163575,0.8633593104356428,0.18,-0.1577851984601816
1777027860.4696198,tb3,0.27803945211799996,0.2103843175712718,0.18,-0.34621186707988977
1777027860.5029411,tb2,-0.5034259225433007,0.4387074508317225,0.18,-0.14816378719760542
1777027860.5102973,tb1,1.237013547617966,0.8903035132816515,0.18,-0.3182910727494074
1777027860.5143638,tb7,0.449984593023432,0.8669179598252146,0.18,-0.14622179895958687
1777027860.519633,tb3,0.2689366230916996,0.21138728092324505,0.18,-0.3342898109766759
1777027860.552979,tb2,-0.5034259225433007,0.4387074508317225,0.18,-0.14560432971137138
1777027860.5601535,tb1,1.2380150777018293,0.8812315206888204,0.18,-0.3198341931692389
1777027860.5643284,tb7,0.4583526165590185,0.8704092687064484,0.18,-0.1349879998553247
1777027860.569602,tb3,0.2598583202385874,0.21254649893106467,0.18,-0.32240407982315056
1777027860.603006,tb2,-0.5025892124797287,0.44773513883075283,0.18,-0.14680264626304368
1777027860.6102524,tb1,1.2380150777018293,0.8812315206888204,0.18,-0.3230162693390275
1777027860.6144521,tb7,0.46673994840936744,0.8738386724865921,0.18,-0.09594868079688561
1777027860.6194785,tb3,0.25080659927678295,0.21385515182664708,0.18,-0.3106373300850749
1777027860.653124,tb2,-0.5016863659731953,0.4567554519294112,0.18,-0.14832104740767313
1777027860.660337,tb1,1.2388305155991133,0.8721253266129527,0.18,-0.32461055087138063
1777027860.6643865,tb7,0.46673994840936744,0.8738386724865921,0.18,-0.12133217053455213
1777027860.669799,tb3,0.24178257708083137,0.21530669082967183,0.18,-0.2808692714838139
1777027860.7029798,tb2,-0.5007174296924842,0.46576954812945137,0.18,-0.14983912384848594
1777027860.7102444,tb1,1.2395410836912217,0.8630271688003655,0.18,-0.3261362923060822
1777027860.7143397,tb7,0.4751316075260844,0.8772129547438947,0.18000000000000002,-0.11324438048105472
1777027860.719587,tb3,0.24178257708083137,0.21530669082967183,0.18,-0.2988366886224974
1777027860.7529807,tb2,-0.4996817208566879,0.47477695660901337,0.18,-0.1513281329142647
1777027860.7602031,tb1,1.240062433267597,0.8538946463011993,0.18,-0.3277691139762722
1777027860.76432,tb7,0.48355054717937535,0.8805440463945282,0.18,-0.10247398172253226
1777027860.7696204,tb3,0.2327942386237401,0.21688948932305904,0.18,-0.2886270962791998
1777027860.8030648,tb2,-0.4985785375123723,0.4837770988791377,0.18,-0.1528015536462524
1777027860.8103085,tb1,1.2404612996698594,0.8447700967114649,0.18,-0.3295883526908292
1777027860.814417,tb7,0.49198458730177475,0.8838247350351686,0.18,-0.09222183745011994
1777027860.8196042,tb3,0.22382323600344298,0.21860390566303006,0.18,-0.2759035682062999
1777027860.8528738,tb2,-0.49740719639991093,0.4927693480658913,0.18,-0.15427932606311082
1777027860.8601558,tb1,1.2406927069205558,0.8356273938334451,0.18,-0.33148491551602305
1777027860.8643143,tb7,0.5004309027674615,0.8870593383952081,0.18,-0.08276678197689806
1777027860.8695486,tb3,0.21488328642691054,0.22044799361777878,0.18,-0.2631395964901154
1777027860.9030156,tb2,-0.4961670132417909,0.5017531097728374,0.18,-0.15573216962620703
1777027860.9102418,tb1,1.240790117307431,0.8264917486452126,0.18,-0.33349248178228386
1777027860.9144232,tb7,0.5088876605421213,0.8902526751338903,0.18000000000000002,-0.07428582800414252
1777027860.919549,tb3,0.205976043480251,0.2224151777531095,0.18,-0.2505580275881296
1777027860.9529624,tb2,-0.4948573138015768,0.5107277288300223,0.18,-0.15719810757054098
1777027860.9603283,tb1,1.2407146728792073,0.8173430064827628,0.18,-0.3356226381491366
1777027860.9642982,tb7,0.5173534399707881,0.8934093380208353,0.18,-0.06683726955503264
1777027860.9696038,tb3,0.19710170629608567,0.22449863724554975,0.18,-0.23819372063140173
1777027861.0029693,tb2,-0.4934774526384006,0.5196925452070623,0.18,-0.15867568213824929
1777027861.0103197,tb1,1.2405072072310934,0.80820565548256,0.18,-0.3378653802563297
1777027861.0142224,tb7,0.5258269731559296,0.8965334944389649,0.18,-0.060600960025035816
1777027861.0195365,tb3,0.18826024694810928,0.22669160850596382,0.18,-0.22605913319007084
1777027861.053343,tb2,-0.49202677249748616,0.5286469118057625,0.18,-0.1601528108112298
1777027861.0601654,tb1,1.2401212956329368,0.7990626640446822,0.18,-0.3402247738576829
1777027861.0647726,tb7,0.5343078004984416,0.8996287826258698,0.17999999999999997,-0.0554657050722059
1777027861.0700443,tb3,0.1794510242946355,0.22898774889612525,0.18,-0.21410888100852754
1777027861.1031618,tb2,-0.49202677249748616,0.5286469118057625,0.18,-0.15766970471574085
1777027861.1102962,tb1,1.239601390834354,0.7899329877688736,0.18,-0.3428137654008472
1777027861.1143296,tb7,0.5427954395739472,0.9026980058858961,0.18,-0.051684496628026044
1777027861.1195197,tb3,0.17067343040698083,0.23138116929590627,0.18,-0.20231727452272766
1777027861.152955,tb2,-0.4905046851426399,0.5375900803017704,0.18,-0.15922828640791822
1777027861.160021,tb1,1.2389193389498074,0.7808108718601346,0.18,-0.3383382345064074
1777027861.1641953,tb7,0.5512894221690421,0.9057435026656814,0.17999999999999997,-0.049241314331661006
1777027861.16943,tb3,0.16192743292066616,0.2338655293668289,0.18,-0.19084376854880009
1777027861.2029693,tb2,-0.48891180172062654,0.5465199136710079,0.18,-0.1611662011434623
1777027861.2101939,tb1,1.2389193389498074,0.7808108718601346,0.18,-0.3486499351910722
1777027861.214264,tb7,0.5597899104381153,0.9087670425275081,0.18,-0.04816302162825172
1777027861.2194672,tb3,0.15321164187983155,0.23643525891929845,0.18,-0.17958933083394218
1777027861.2531214,tb2,-0.48724799587728795,0.5554375686039353,0.18,-0.16313907576789072
1777027861.2602565,tb1,1.238079240411155,0.7717020900137151,0.18,-0.35207421361018887
1777027861.2643352,tb7,0.5597899104381153,0.9087670425275081,0.17999999999999997,-0.04553860146629427
1777027861.2694979,tb3,0.14452538139399898,0.23908475731971918,0.18,-0.16864020047689565
1777027861.3031294,tb2,-0.48551248983134837,0.5643424889981643,0.18,-0.16513528227694388
1777027861.3101733,tb1,1.2370779041577855,0.762603707378953,0.18,-0.35489007334989997
1777027861.3144438,tb7,0.5682972114413853,0.9117696651765164,0.17999999999999997,-0.0459057932074621
1777027861.3195815,tb3,0.14452538139399898,0.23908475731971918,0.18,-0.16808178413941136
1777027861.3529394,tb2,-0.4837044319160366,0.5732339584576496,0.18,-0.1671556149224963
1777027861.3602068,tb1,1.235913823766594,0.7535212879242658,0.18,-0.35774334249056966
1777027861.3643668,tb7,0.5768103890697422,0.914751979122833,0.18000000000000002,-0.048023828738100544
1777027861.3696554,tb3,0.13586769421765071,0.24180849600472337,0.18,-0.1574645028921564
1777027861.4029808,tb2,-0.48182296418311005,0.5821111579129856,0.18,-0.1691940985164408
1777027861.4103177,tb1,1.2345865957193431,0.744459319034249,0.17999999999999997,-0.3607264442897531
1777027861.4143627,tb7,0.5853306593702582,0.9177148926316422,0.18,-0.051694843855329915
1777027861.4196017,tb3,0.1272340332410835,0.244604756017044,0.18,-0.146363335461488
1777027861.453017,tb2,-0.4798671956711782,0.5909733459340593,0.18,-0.17125108291687252
1777027861.4601605,tb1,1.2330959016581946,0.7354205460539245,0.18,-0.36379045649654135
1777027861.4642506,tb7,0.5938591648429925,0.9206579814881181,0.18,-0.056837949408064525
1777027861.4695234,tb3,0.11862847892052693,0.24746909266996037,0.18,-0.13581220708709468
1777027861.502947,tb2,-0.4778362446423365,0.59981962481279,0.18,-0.17335170728768554
1777027861.510179,tb1,1.2314422839022834,0.7264086723220422,0.18000000000000002,-0.3669697244801653
1777027861.5143473,tb7,0.6023970568325177,0.9235798591712094,0.18,-0.06339310053422122
1777027861.5196176,tb3,0.1100496008815701,0.2503959540763062,0.18,-0.12586767766072515
1777027861.5529656,tb2,-0.47572924627031365,0.608649137056073,0.18,-0.17549406381947474
1777027861.5602562,tb1,1.2296247222750947,0.7174268881536815,0.18,-0.3702457414389359
1777027861.5643415,tb7,0.610945800458829,0.9264784724170965,0.18,-0.07128452771145953
1777027861.5697002,tb3,0.10149584266503497,0.2533802388712856,0.18,-0.11656968122959281
1777027861.6029596,tb2,-0.47354532422181517,0.6174610001942353,0.18,-0.17769002295486794
1777027861.6101933,tb1,1.2276422062000187,0.7084784650126598,0.18,-0.37359155168081126
1777027861.6143277,tb7,0.6195071043161383,0.9293509802814329,0.17999999999999997,-0.0803943884183691
1777027861.619566,tb3,0.09296569377284898,0.25641713723606324,0.18,-0.10797626448224691
1777027861.653031,tb2,-0.47128356768685536,0.6262543190941786,0.18,-0.17037659324753576
1777027861.6602204,tb1,1.2254936631972098,0.6995667028749691,0.17999999999999997,-0.3769882150581957
1777027861.6643894,tb7,0.6280828902346058,0.9321937346430513,0.18,-0.09058970118652468
1777027861.6696284,tb3,0.08445759827824562,0.259502126381255,0.18,-0.10013225188108114
1777027861.7029903,tb2,-0.47128356768685536,0.6262543190941786,0.18,-0.17756291766097562
1777027861.7102635,tb1,1.2254936631972098,0.6995667028749691,0.17999999999999997,-0.38013901483426343
1777027861.714268,tb7,0.6366750297633866,0.9350023670081495,0.18,-0.1017856071456395
1777027861.7195692,tb3,0.07596988437985602,0.2626311614110292,0.18,-0.09305519227070662
1777027861.7530217,tb2,-0.46894599492454864,0.6350250271324244,0.18,-0.180654326677432
1777027861.760134,tb1,1.2231781035601428,0.6906951467361728,0.18,-0.3835535210763914
1777027861.7642534,tb7,0.6366750297633866,0.9350023670081495,0.18,-0.0997023728478813
1777027861.7694702,tb3,0.06750112577278909,0.2658005005025763,0.18,-0.08681099391312759
1777027861.8030994,tb2,-0.46653101927430735,0.6437778983119091,0.18,-0.18341548444767813
1777027861.8103275,tb1,1.2206945933459339,0.6818673486258997,0.18,-0.3870117789794339
1777027861.8143952,tb7,0.6452858980830481,0.9377717741037958,0.18,-0.11178126612320397
1777027861.8195822,tb3,0.06750112577278909,0.2658005005025763,0.18,-0.08600848331163673
1777027861.8529491,tb2,-0.46403703676377095,0.6525100999951101,0.18,-0.18619122772637586
1777027861.860296,tb1,1.2180423676962013,0.673086973458723,0.18,-0.3904639738653227
1777027861.8643558,tb7,0.6539106435156398,0.940497750324894,0.18,-0.12611585695125932
1777027861.869506,tb3,0.05904971395973095,0.2690070845118617,0.18,-0.08054752914311145
1777027861.9030273,tb2,-0.46146287267393826,0.6612204504778416,0.18,-0.18898288185139347
1777027861.9102058,tb1,1.2152206685353208,0.6643577951368801,0.18,-0.393921006716885
1777027861.9143612,tb7,0.6625556483909051,0.9431791486564469,0.18,-0.14122719963183766
1777027861.9195876,tb3,0.050613108667165715,0.27224980360616224,0.18,-0.07553468295428477
1777027861.9529662,tb2,-0.4588074077035254,0.669907743268107,0.18,-0.19182699924898985
1777027861.9602144,tb1,1.2122288638841399,0.6556837109124979,0.18,-0.3973901250179215
1777027861.9642823,tb7,0.6712234575108028,0.9458097385882067,0.18,-0.156883115311523
1777027861.9694865,tb3,0.042192352828149544,0.27552639647961075,0.18,-0.07143358638369678
1777027862.0029345,tb2,-0.4560695548422446,0.6785708280886374,0.18,-0.19471976841134242
1777027862.0102804,tb1,1.2090664215064726,0.6470685890925908,0.17999999999999997,-0.4008432612835292
1777027862.014287,tb7,0.6799163060284303,0.9483825489309577,0.18,-0.17292410943702347
1777027862.0195546,tb3,0.03378642380843063,0.2788345846005194,0.18,-0.06829022685631927
1777027862.0529287,tb2,-0.4532482194500955,0.6872085207474293,0.18,-0.19766276585141365
1777027862.0601535,tb1,1.2057329197594417,0.6385164373107299,0.17999999999999997,-0.404251828895387
1777027862.0643046,tb7,0.6886360193888114,0.9508900831288356,0.18,-0.1892867880389483
1777027862.0695126,tb3,0.02539423721863299,0.2821725337737638,0.18,-0.06611449168559096
1777027862.1030016,tb2,-0.45034227619793704,0.6958196117054469,0.18,-0.2006486099556544
1777027862.1102855,tb1,1.2022280617416503,0.6300313092639657,0.18,-0.4076244753953083
1777027862.1143546,tb7,0.6973841957770361,0.9533247131364743,0.18,-0.20591752151240553
1777027862.1195347,tb3,0.01701485193928199,0.2855388782326889,0.18,-0.06489680098660608
1777027862.1529505,tb2,-0.44735064763283083,0.704402777749395,0.18,-0.20369686702959602
1777027862.1606183,tb1,1.1985517067661628,0.62161734331987,0.18,-0.4109457043064815
1777027862.164312,tb7,0.7061626978940969,0.9556786355981453,0.18,-0.22265741839422332
1777027862.1695275,tb3,0.008647496790547177,0.28893272022736227,0.18,-0.06462346562573888
1777027862.203015,tb2,-0.44735064763283083,0.704402777749395,0.18,-0.201448075982709
1777027862.2102928,tb1,1.1947036260819854,0.613278572341926,0.18000000000000002,-0.41410064465885943
1777027862.2143362,tb7,0.714973771969102,0.957943279069516,0.18,-0.23923033531790108
1777027862.2195396,tb3,0.00029159360710195815,0.29235360834080587,0.18,-0.06527419946033838
1777027862.2531588,tb2,-0.44427210403914,0.7129568014040086,0.18,-0.20453052106584635
1777027862.2603023,tb1,1.1947036260819854,0.613278572341926,0.18,-0.41700753408205593
1777027862.264402,tb7,0.7238181397342829,0.9601095404207387,0.18,-0.21261491817223063
1777027862.2695286,tb3,-0.008053320897421975,0.29580161589627035,0.18,-0.0667971383424028
1777027862.303121,tb2,-0.4411072905761445,0.721478640549818,0.18,-0.20808554687458475
1777027862.3103933,tb1,1.1906838184883413,0.6050193717514265,0.18,-0.42002149046613435
1777027862.3144155,tb7,0.7238181397342829,0.9601095404207387,0.18,-0.25465959625969675
1777027862.3196392,tb3,-0.008053320897421975,0.29580161589627035,0.18,-0.06577462287296278
1777027862.3530173,tb2,-0.43785532238094177,0.7299693615527969,0.18,-0.21164571411924932
1777027862.3602095,tb1,1.186492465337913,0.5968440220811435,0.18,-0.4228378420784969
1777027862.364286,tb7,0.7326782209910294,0.962173644432179,0.18,-0.2753387199559861
1777027862.3695512,tb3,-0.01638747032528251,0.2992773526126364,0.18,-0.06808602859662503
1777027862.4029691,tb2,-0.43451481778733153,0.7384274928930902,0.18,-0.21519280370817107
1777027862.4101715,tb1,1.1821300646626756,0.5887570461567515,0.18,-0.425553730794091
1777027862.414332,tb7,0.7415801530687584,0.964136106813762,0.18,-0.29330669233299966
1777027862.4195888,tb3,-0.02470977344113423,0.30278057292520705,0.18,-0.07148414836123047
1777027862.4530413,tb2,-0.431084525851464,0.7468513994883993,0.18,-0.21873601231048304
1777027862.4602513,tb1,1.1775973005892504,0.5807627913180763,0.18,-0.42813699241836145
1777027862.4644125,tb7,0.7505168620586641,0.9659806325271363,0.18,-0.3107209618826027
1777027862.4696271,tb3,-0.03302129889276234,0.30631214663043393,0.18,-0.07569959603688148
1777027862.503004,tb2,-0.42756308158286005,0.7552396098214662,0.18,-0.22224450117836048
1777027862.510141,tb1,1.1728949432929896,0.5728655180707967,0.18000000000000002,-0.4305316674799844
1777027862.5142927,tb7,0.7594882232215091,0.9676975447946082,0.18,-0.3275824847956536
1777027862.5195308,tb3,-0.041322095272567,0.3098736899434565,0.18,-0.08059000611153368
1777027862.5528793,tb2,-0.4239491780948435,0.7635903295859853,0.18,-0.22572679097439563
1777027862.560182,tb1,1.168023969910115,0.5650696416804364,0.18,-0.4327486676954158
1777027862.5643845,tb7,0.7684935439256065,0.9692770862534907,0.18,-0.34392486086071167
1777027862.5695472,tb3,-0.04961144627699414,0.3134672027846908,0.18,-0.08611344714097327
1777027862.6029735,tb2,-0.4202417103733311,0.7719017143440344,0.18,-0.22919092601417773
1777027862.6106384,tb1,1.1629856694773333,0.5573795663726548,0.18,-0.4348080454925984
1777027862.614343,tb7,0.7775311684584736,0.9707101589045974,0.18,-0.3598965777067682
1777027862.619551,tb3,-0.05788852409808581,0.3170948653780979,0.18,-0.09222808883774584
1777027862.653051,tb2,-0.4202417103733311,0.7719017143440344,0.18,-0.22708139393129972
1777027862.6602316,tb1,1.1577813656010911,0.5497994933259075,0.18000000000000002,-0.43660294755916335
1777027862.6642714,tb7,0.7866006722150509,0.9719878771418653,0.18,-0.3752191808904746
1777027862.6695366,tb3,-0.06615268536862828,0.3207594547279633,0.18,-0.09877937677988108
1777027862.7030156,tb2,-0.4164394668125139,0.7801720878357205,0.18,-0.23053000151627803
1777027862.7105305,tb1,1.1577813656010911,0.5497994933259075,0.18,-0.4391848309572852
1777027862.7144368,tb7,0.7956995192655774,0.973101214849493,0.18,-0.3900334116580425
1777027862.7195811,tb3,-0.0744025250264091,0.32446386850655373,0.18,-0.1057369293975017
1777027862.752988,tb2,-0.4125433630881012,0.7883980823156364,0.18,-0.23438259498118805
1777027862.7601898,tb1,1.1524127376395992,0.5423337779797385,0.18,-0.4407249531827223
1777027862.764383,tb7,0.7956995192655774,0.973101214849493,0.18,-0.39000450610395504
1777027862.7695754,tb3,-0.0744025250264091,0.32446386850655373,0.18,-0.10445014605002048
1777027862.8029616,tb2,-0.4085523630307368,0.7965805215543925,0.18,-0.23815002053311898
1777027862.8102503,tb1,1.1468811296924386,0.5349863071686352,0.18,-0.44195033607177053
1777027862.8142514,tb7,0.8048256648345108,0.9740414851817734,0.18,-0.40433447435732706
1777027862.8195794,tb3,-0.0826367812048141,0.3282113991545534,0.18,-0.11167774923829568
1777027862.8530269,tb2,-0.40446518914104224,0.8047174198571336,0.18,-0.24180943267971655
1777027862.8602886,tb1,1.1411887024581617,0.5277618077098346,0.18,-0.4429350300333581
1777027862.864356,tb7,0.8139696982001685,0.9748036405241102,0.18,-0.4196214926824113
1777027862.8694806,tb3,-0.09085124283708469,0.3320021190413299,0.18,-0.12002413334844234
1777027862.903018,tb2,-0.40028078040538073,0.812806700536226,0.18,-0.2453829001102591
1777027862.910506,tb1,1.1353378007735981,0.520664325434982,0.17999999999999997,-0.4437058262655964
1777027862.914421,tb7,0.823133872084194,0.9753833827928167,0.18,-0.4344138203582988
1777027862.919587,tb3,-0.09904817594582349,0.3358387738665617,0.17999999999999997,-0.12865411170760788
1777027862.9530709,tb2,-0.3959981484800876,0.820846361688197,0.18,-0.24885361132288486
1777027862.9601386,tb1,1.1293309486454952,0.513697757548368,0.17999999999999997,-0.4442228303589277
1777027862.9642642,tb7,0.8323154379745031,0.9757730177095367,0.18,-0.4484822906742217
1777027862.969462,tb3,-0.10722623362435679,0.3397249754636531,0.18,-0.1374082940816069
1777027863.0030267,tb2,-0.3916163563059767,0.8288343557121637,0.18,-0.25221442809633454
1777027863.0107126,tb1,1.1231708545916286,0.5068658761476872,0.18,-0.4445481503583295
1777027863.0143142,tb7,0.8415101876418155,0.9759646726934634,0.18,-0.46185674235503305
1777027863.0195575,tb3,-0.11538334776802686,0.34366441772169093,0.18,-0.1462246392730729
1777027863.053692,tb2,-0.3871346247002483,0.8367685346041636,0.18,-0.25543945068977236
1777027863.0602574,tb1,1.1168604237705324,0.5001723259777309,0.18,-0.44458858452636585
1777027863.0645266,tb7,0.8507136024646224,0.9759509653682008,0.18,-0.47452023083058875
1777027863.0699687,tb3,-0.12351742894625843,0.3476608434641874,0.18000000000000002,-0.15502752236042358
1777027863.1029325,tb2,-0.38255211259471134,0.8446468716955727,0.18,-0.2585767302470574
1777027863.1102495,tb1,1.1104027327144512,0.49362060677870484,0.18,-0.44440535885871424
1777027863.114364,tb7,0.8599207894805613,0.9757247713279981,0.18,-0.4864222672821618
1777027863.119588,tb3,-0.13162626943940484,0.35171813658588685,0.18,-0.16376568204661565
1777027863.1529648,tb2,-0.37786816412212576,0.8524671425984773,0.18,-0.26154363074624853
1777027863.1604595,tb1,1.1038010601804242,0.4872140637007881,0.18,-0.44398766618427893
1777027863.1642976,tb7,0.8691261147705923,0.9752793417135299,0.18,-0.4975970612379764
1777027863.1695275,tb3,-0.13970734066207371,0.35584016397491186,0.18,-0.1723632647976363
1777027863.2030578,tb2,-0.37786816412212576,0.8524671425984773,0.18,-0.25963746515301694
1777027863.2102666,tb1,1.0970588431072823,0.48095585489099923,0.18,-0.44330735668139964
1777027863.2143219,tb7,0.8783233114810038,0.9746086950380255,0.18,-0.5081270692660815
1777027863.2195497,tb3,-0.14775791390889506,0.36003053025024445,0.18000000000000002,-0.1808293397164357
1777027863.2530189,tb2,-0.37308225391000904,0.8602271281052138,0.18,-0.2624917592242297
1777027863.2601762,tb1,1.0970588431072823,0.48095585489099923,0.17999999999999997,-0.44526777639831866
1777027863.264176,tb7,0.887506412025278,0.9737070414817313,0.18,-0.5179015172684478
1777027863.2694716,tb3,-0.15577556054980046,0.3642931548154836,0.18,-0.18904300444473887
1777027863.3030095,tb2,-0.36819594389289195,0.8679236860321944,0.18,-0.265576421719564
1777027863.3102174,tb1,1.0901796921582296,0.4748489478175121,0.18,-0.4442846403669042
1777027863.3142402,tb7,0.887506412025278,0.9737070414817313,0.18,-0.5191274587259922
1777027863.31943,tb3,-0.16375712778145352,0.36863118729124483,0.18000000000000002,-0.1970921795543741
1777027863.3530974,tb2,-0.36320862047537683,0.8755568227201684,0.18,-0.26848964524446745
1777027863.360252,tb1,1.0831659512043825,0.4688958548687859,0.18,-0.44279136214736914
1777027863.3643548,tb7,0.8966679405705433,0.9725697887992432,0.18,-0.5284790704079012
1777027863.3695712,tb3,-0.16375712778145352,0.36863118729124483,0.18,-0.195354418046785
1777027863.4030428,tb2,-0.3581198613730794,0.8831244534627631,0.18,-0.27120355541692515
1777027863.4103146,tb1,1.076021997502414,0.4631004790306452,0.18000000000000002,-0.4410377201839398
1777027863.4143264,tb7,0.9057981214334903,0.971195206083141,0.18,-0.5380709376936278
1777027863.4196718,tb3,-0.17169990103137017,0.37304771474683407,0.18,-0.20316926040126854
1777027863.4529603,tb2,-0.3529292444272483,0.8906244397778319,0.18,-0.27367170456873696
1777027863.4602988,tb1,1.0687520436743008,0.45746532330804474,0.18,-0.4390685445422678
1777027863.4642823,tb7,0.9148939482198151,0.9695804536404249,0.18,-0.5468895703102099
1777027863.4696455,tb3,-0.1795991332315205,0.37754211131911286,0.18,-0.21160195456147377
1777027863.5030198,tb2,-0.3476365042607716,0.8980544101462925,0.18,-0.27590129370147815
1777027863.5102513,tb1,1.0613603869484067,0.4519924514541828,0.18,-0.4368981975952099
1777027863.5143266,tb7,0.923948046302766,0.9677211680245786,0.18,-0.5548672339688544
1777027863.5195866,tb3,-0.18745635208393635,0.3821179886159902,0.18,-0.21966067596871916
1777027863.5529287,tb2,-0.34224172682539067,0.9054120082053517,0.18,-0.27793391122697514
1777027863.5601864,tb1,1.0538512862990745,0.44668364549917405,0.18,-0.4345087107339633
1777027863.564247,tb7,0.932951905979553,0.9656139432565836,0.18,-0.5621543424493081
1777027863.5695329,tb3,-0.19526838025690543,0.3867787010619599,0.18,-0.22731450360844477
1777027863.602954,tb2,-0.34224172682539067,0.9054120082053517,0.18,-0.2761934107518301
1777027863.610191,tb1,1.046229189315842,0.4415405460939167,0.18000000000000002,-0.4319169131691147
1777027863.6143248,tb7,0.9418974598408801,0.9632561170705504,0.18,-0.5687545828769571
1777027863.619499,tb3,-0.2030319514787677,0.3915272336348976,0.18,-0.23456535042784346
1777027863.653121,tb2,-0.3367450106827265,0.9126951157028924,0.18,-0.27802299390454893
1777027863.6603174,tb1,1.046229189315842,0.4415405460939167,0.17999999999999997,-0.43337645601460784
1777027863.6645525,tb7,0.9507760791631029,0.9606459585611895,0.18,-0.5724928205118764
1777027863.6694944,tb3,-0.2107437768325388,0.39636620919378734,0.18000000000000002,-0.2414294010786158
1777027863.7029643,tb2,-0.3311482897484735,0.9199009077717307,0.18,-0.27995481008891043
1777027863.71015,tb1,1.038498453462783,0.43656451984742556,0.18,-0.43048498554826403
1777027863.714258,tb7,0.9507760791631029,0.9606459585611895,0.18,-0.5767679170400659
1777027863.7195382,tb3,-0.21840071432284097,0.4012981465723878,0.18,-0.24788559523545212
1777027863.75306,tb2,-0.32545159063604046,0.9270290923379377,0.18,-0.2816463708961534
1777027863.7602735,tb1,1.0306615579423886,0.4317566873859741,0.18000000000000002,-0.4270190174542633
1777027863.7643008,tb7,0.9595787190617203,0.9577829810617244,0.18,-0.5825296323920467
1777027863.7696443,tb3,-0.21840071432284097,0.4012981465723878,0.18000000000000002,-0.24586992067409108
1777027863.8030877,tb2,-0.31965528068206306,0.9340776431897907,0.18,-0.2830939806865459
1777027863.8102808,tb1,1.0227239748976629,0.4271197741489428,0.18,-0.4233243166226587
1777027863.8143482,tb7,0.9682975197668214,0.954667475528214,0.18,-0.587877627088713
1777027863.8196168,tb3,-0.2259994342310371,0.4063249255703026,0.18,-0.2519509546152521
1777027863.8530464,tb2,-0.3137598157920821,0.9410445949798449,0.18,-0.2842731230345866
1777027863.8602707,tb1,1.0146906661642054,0.42265466286409986,0.17999999999999997,-0.41948579717979556
1777027863.8644087,tb7,0.9769250126989129,0.9512991482068816,0.18,-0.5925575852116222
1777027863.8695865,tb3,-0.23353536356298818,0.4114450678066005,0.18,-0.25841591080273796
1777027863.9029603,tb2,-0.30776587188163784,0.947927886189189,0.18,-0.28520628531492037
1777027863.910274,tb1,1.0065662705605156,0.4183615481159173,0.18,-0.4154830217948907
1777027863.9143002,tb7,0.9854523365915216,0.9476780661565775,0.18,-0.5966127600842448
1777027863.9196193,tb3,-0.2410091810710852,0.4166609507979992,0.18,-0.264450247940513
1777027863.9529283,tb2,-0.30167431419573426,0.9547256060867917,0.18,-0.2859034178415723
1777027863.9602633,tb1,0.998355400860119,0.4142405380577341,0.18000000000000002,-0.41130651540214147
1777027863.964327,tb7,0.9938706138859451,0.9438051569771853,0.18,-0.6001359175381511
1777027863.9695628,tb3,-0.24841769438611971,0.4219744202064499,0.18,-0.27004192947983396
1777027864.0029302,tb2,-0.29548612052288875,0.9614359848806201,0.17999999999999997,-0.2863683062438549
1777027864.0102856,tb1,0.9900626649312689,0.4102915591252196,0.17999999999999997,-0.40695817374552046
1777027864.014387,tb7,1.0021712496454316,0.9396819760130529,0.18,-0.6031492646697931
1777027864.0195177,tb3,-0.25575768779481106,0.4273869950375303,0.18,-0.2751901887875415
1777027864.0529158,tb2,-0.29548612052288875,0.9614359848806201,0.18,-0.2848343049920024
1777027864.0601692,tb1,0.981692780226193,0.4065142731777382,0.18,-0.4024611415352489
1777027864.0642846,tb7,1.0103457742852893,0.935310532430856,0.18,-0.6056458957646356
1777027864.0695639,tb3,-0.2630260104795498,0.4329001096322739,0.18,-0.279867957836596
1777027864.1030004,tb2,-0.2892024110446549,0.9680573243498931,0.18,-0.2851014039336394
1777027864.110279,tb1,0.981692780226193,0.4065142731777382,0.18,-0.4033153004664092
1777027864.1143327,tb7,1.0183856340772,0.9306936587074061,0.18,-0.5638228293842033
1777027864.1194894,tb3,-0.27021926643851896,0.4385144690911388,0.18,-0.284182622257288
1777027864.153033,tb2,-0.28282526134838604,0.9745878363321617,0.18,-0.2853003891763521
1777027864.1603246,tb1,0.9732500549752421,0.40290811518958947,0.18,-0.39856096650819395
1777027864.1644137,tb7,1.0183856340772,0.9306936587074061,0.18,-0.610441463565624
1777027864.1694982,tb3,-0.27733457822281965,0.4442308813059716,0.18,-0.2607922066775102
1777027864.2029328,tb2,-0.27635560959806715,0.9810268969092403,0.18,-0.2852560317628998
1777027864.2101681,tb1,0.9647364791347688,0.39947278413924714,0.18,-0.39314681656002004
1777027864.2143524,tb7,1.0262724530780216,0.925852241951119,0.18,-0.6168290621434197
1777027864.219633,tb3,-0.27733457822281965,0.4442308813059716,0.18,-0.28580615403866694
1777027864.2530026,tb2,-0.26979474045992896,0.9873730766785382,0.18,-0.28494817288154334
1777027864.2608476,tb1,0.956158177554645,0.39620933121316876,0.18,-0.38763061201131477
1777027864.2644303,tb7,1.0340295153017416,0.9207695432599139,0.18,-0.6179963725230736
1777027864.2695723,tb3,-0.28436401321893545,0.45003791194314197,0.18,-0.29195940950042903
1777027864.3029997,tb2,-0.26314408546956447,0.9936249963662859,0.18,-0.28442530078401057
1777027864.3102272,tb1,0.9475195820133194,0.39311651293699734,0.17999999999999997,-0.38196393874848816
1777027864.3144119,tb7,1.041628856716797,0.9154494313856588,0.18,-0.6182702137842351
1777027864.3196163,tb3,-0.29132112006030564,0.4559479005623668,0.18,-0.2957131858956554
1777027864.3530073,tb2,-0.2564051976518038,0.999781402149088,0.17999999999999997,-0.28368233359834305
1777027864.3602939,tb1,0.9388252482662435,0.39019295028157747,0.18,-0.3762134767051073
1777027864.3642905,tb7,1.049060656955649,0.9098969266235694,0.18,-0.618162109806
1777027864.3695614,tb3,-0.29819402704285924,0.46196000202147697,0.18,-0.2988422817926977
1777027864.4029586,tb2,-0.2495797484404184,1.0058411744897968,0.18,-0.28273371062041913
1777027864.4106429,tb1,0.9300795761161081,0.38743677017418743,0.18,-0.37039438840419864
1777027864.4143534,tb7,1.056317348432306,0.9041173602367453,0.18,-0.6177632625828763
1777027864.4195623,tb3,-0.3049788177711775,0.46807406013285585,0.18,-0.30156709508998664
1777027864.4529457,tb2,-0.24266948548158315,1.011803345867471,0.18,-0.2815864709381988
1777027864.4601264,tb1,0.9212865492315392,0.38484588563775995,0.18,-0.3644628324671935
1777027864.464265,tb7,1.063391884151113,0.8981164191482869,0.18,-0.6170778271514208
1777027864.4695444,tb3,-0.3116726038618279,0.47428981970165807,0.18,-0.30393759537963433
1777027864.5030608,tb2,-0.24266948548158315,1.011803345867471,0.18,-0.2802763847539705
1777027864.5101998,tb1,0.9124500216820323,0.382418244792603,0.18000000000000002,-0.3584091005924527
1777027864.514225,tb7,1.0702775600424776,0.8919001018282667,0.18,-0.6161293039238086
1777027864.5197577,tb3,-0.3182726951373732,0.4806067084841651,0.18,-0.30598945187396515
1777027864.5531576,tb2,-0.23567618502335477,1.0176670690917793,0.18,-0.27896133292870534
1777027864.5601542,tb1,0.9035737534475892,0.38015174021850195,0.18,-0.35221944023747565
1777027864.5643833,tb7,1.0769679809477473,0.8854747090472799,0.18,-0.6149383985571084
1777027864.5694785,tb3,-0.32477665094323527,0.48702400146051017,0.18,-0.3077762522823374
1777027864.6029427,tb2,-0.22860171778586738,1.0234315741224296,0.18,-0.27747412246207254
1777027864.6103175,tb1,0.9035737534475892,0.38015174021850195,0.17999999999999997,-0.3524294595877123
1777027864.6144507,tb7,1.0769679809477473,0.8854747090472799,0.18,-0.618142499759227
1777027864.6194503,tb3,-0.3311821575169224,0.4935408764359764,0.18,-0.3092650415692869
1777027864.6530066,tb2,-0.22144791429036303,1.029096238844073,0.18,-0.2757956605386568
1777027864.6601443,tb1,0.8946614955485159,0.37804409563037783,0.18,-0.34605427013543666
1777027864.6642659,tb7,1.083457074732449,0.8788468406607948,0.18,-0.6167309570157745
1777027864.6694207,tb3,-0.33748694832494164,0.5001562894314106,0.18,-0.3104919337195106
1777027864.7030218,tb2,-0.21421670466494475,1.0346604888207886,0.18000000000000002,-0.2739474864020729
1777027864.7101786,tb1,0.8857139634406833,0.3760938419175274,0.18,-0.33905083326066543
1777027864.7143083,tb7,1.0897396817047627,0.8720211536733083,0.18,-0.6145965243992785
1777027864.7195673,tb3,-0.33748694832494164,0.5001562894314106,0.18,-0.3079903757649828
1777027864.7529688,tb2,-0.2069100181622786,1.040123902010539,0.18,-0.2719296748015722
1777027864.7601566,tb1,0.876736800801093,0.37430022846193955,0.18,-0.3319244485666227
1777027864.7642753,tb7,1.0958082185108888,0.865005330974257,0.18,-0.6121910706275175
1777027864.7695594,tb3,-0.3436889006313248,0.5068690185217423,0.18,-0.30895741244371694
1777027864.8030207,tb2,-0.1995299120835746,1.0454860890271824,0.18,-0.2697616720870288
1777027864.8102791,tb1,0.8677338429720911,0.3726605282930897,0.18,-0.3247705798842745
1777027864.8143835,tb7,1.101657365464178,0.857806994339289,0.18,-0.6096189153047034
1777027864.8196435,tb3,-0.3497856436103378,0.5136760515758412,0.18,-0.31003831192426295
1777027864.853106,tb2,-0.19207843798651783,1.0507468626308114,0.18,-0.26745978956556105
1777027864.8602345,tb1,0.8587083076306105,0.3711714941720194,0.18,-0.3175819029315973
1777027864.8644552,tb7,1.1072825275841585,0.8504338475447739,0.18,-0.6068850177965545
1777027864.8696709,tb3,-0.3557769338366542,0.5205767288859211,0.18,-0.3108803254362962
1777027864.9029634,tb2,-0.18455769932402993,1.0559061380033525,0.18,-0.2650489124728196
1777027864.9101942,tb1,0.8496634700867839,0.3698297565659996,0.18000000000000002,-0.31039597105481015
1777027864.9143043,tb7,1.112679509830549,0.8428937914410252,0.18,-0.6040007465440858
1777027864.919557,tb3,-0.36166094807515425,0.5275697902879691,0.18,-0.31146679921127235
1777027864.9530623,tb2,-0.1769699114302741,1.0609639795178258,0.18,-0.2625511306196782
1777027864.960179,tb1,0.8406023211297335,0.3686316532326611,0.18,-0.3032239080689843
1777027864.9642642,tb7,1.1178445874715401,0.835194755294553,0.18,-0.6009826698638064
1777027864.969455,tb3,-0.3674357982502589,0.5346537388987077,0.18,-0.3118149895811111
1777027865.0031328,tb2,-0.16931702362296622,1.0659205965346787,0.18,-0.23655167159807577
1777027865.010738,tb1,0.8315271014681344,0.367573756890313,0.18,-0.29596932822559835
1777027865.0142963,tb7,1.122774345422229,0.8273445954018657,0.18,-0.5977995409593789
1777027865.0195625,tb3,-0.37309975570732634,0.541826927481677,0.18,-0.31194056987048224
1777027865.0536447,tb2,-0.16931702362296622,1.0659205965346787,0.17999999999999997,-0.2589566899229566
1777027865.060289,tb1,0.8315271014681344,0.367573756890313,0.17999999999999997,-0.2956786415317535
1777027865.0649328,tb7,1.122774345422229,0.8273445954018657,0.18,-0.6012944084182499
1777027865.0698657,tb3,-0.3786512526791113,0.5490876279613492,0.18,-0.3118388322756009
1777027865.1030238,tb2,-0.1616110430256303,1.0707757709913437,0.18,-0.25807779008032034
1777027865.1102023,tb1,0.8224404286247092,0.3666527628219725,0.18,-0.28831421974593824
1777027865.1142614,tb7,1.1274656130199072,0.8193513840301219,0.17999999999999997,-0.597921865691941
1777027865.1196432,tb3,-0.38408883745859024,0.5564339973055575,0.18,-0.29091257390514824
1777027865.1529274,tb2,-0.15383786102867875,1.0755380560829568,0.17999999999999997,-0.2552290926773085
1777027865.1602159,tb1,0.8133422994490057,0.36586634128245626,0.18,-0.28044617960529644
1777027865.164345,tb7,1.1319156980376772,0.8112201776973551,0.18,-0.593774893025377
1777027865.1695561,tb3,-0.38408883745859024,0.5564339973055575,0.18,-0.30899628828881504
1777027865.2030811,tb2,-0.14600448569658425,1.0801992649824048,0.18,-0.2521814539783511
1777027865.21031,tb1,0.8042371729140275,0.3652124428493914,0.17999999999999997,-0.27253069990244333
1777027865.2144535,tb7,1.1361194745674963,0.8029607130098741,0.18,-0.5894521967765556
1777027865.2197053,tb3,-0.3894098442729115,0.563854128109598,0.18,-0.3105764189721616
1777027865.2529886,tb2,-0.13811345677154369,1.084759307042745,0.18,-0.2491317989125704
1777027865.2602234,tb1,0.7951275991796272,0.36468740789213,0.18,-0.26466279013551103
1777027865.264304,tb7,1.1400747443679384,0.7945817235544335,0.18,-0.5850562479695149
1777027865.2695644,tb3,-0.3946231722369936,0.5713598678318182,0.18,-0.3102219205247985
1777027865.3030288,tb2,-0.13016687720856757,1.0892187689297848,0.18,-0.24608838512191755
1777027865.3101833,tb1,0.7860155842979023,0.36428723760117987,0.18,-0.25684343716514074
1777027865.3144307,tb7,1.1437801428339431,0.7860916108125707,0.18,-0.5806212685966333
1777027865.319678,tb3,-0.3997198561050248,0.5789459883842283,0.18,-0.30952680213834444
1777027865.352988,tb2,-0.12216673225203889,1.0935783260357825,0.18,-0.2430626259224761
1777027865.3601632,tb1,0.7769028633518054,0.3640079527309752,0.18,-0.24906126606651766
1777027865.3642857,tb7,1.147234631801106,0.7774986481423282,0.18,-0.5760957082444513
1777027865.3696868,tb3,-0.4046981166189548,0.5866100766099778,0.18,-0.3086839682416647
1777027865.4029253,tb2,-0.11411504179792399,1.0978386791350676,0.18,-0.24007961663855806
1777027865.4102204,tb1,0.7677912262246465,0.3638455474745076,0.18,-0.24134888533241244
1777027865.4143085,tb7,1.1504374641640598,0.7688111400278163,0.18,-0.5715272544581039
1777027865.4194667,tb3,-0.409556949346625,0.5943499927195733,0.18,-0.3077291537593092
1777027865.4528797,tb2,-0.1060136603327306,1.1020005956220296,0.18,-0.23714242372212205
1777027865.460124,tb1,0.7586820225346598,0.36379603406972416,0.18,-0.23368789312550572
1777027865.4644628,tb7,1.153388262182018,0.7600371009213578,0.18000000000000002,-0.5668814301533196
1777027865.4694617,tb3,-0.41429552258845903,0.6021636070233288,0.18,-0.306650157513865
1777027865.502898,tb2,-0.0978643902990687,1.106064810411407,0.18,-0.23426055449901953
1777027865.510158,tb1,0.7495765265073326,0.36385557146190634,0.17999999999999997,-0.22606926898263527
1777027865.5143895,tb7,1.1560868463685958,0.7511845264129301,0.18,-0.5621314912171106
1777027865.5196166,tb3,-0.41891309865425347,0.6100487690040144,0.18,-0.30545939696581925
1777027865.5529575,tb2,-0.0978643902990687,1.106064810411407,0.18,-0.2336000899179953
1777027865.5602036,tb1,0.7404758855510692,0.3640204187777097,0.18,-0.21849329858777272
1777027865.5644073,tb7,1.1585333208809891,0.7422612661872175,0.18,-0.5572916899350352
1777027865.5694997,tb3,-0.42340902789588764,0.6180033067810602,0.18,-0.30418936832620497
1777027865.6029358,tb2,-0.08966896589647441,1.110032043960483,0.18,-0.23082470862938217
1777027865.6100688,tb1,0.7313812565298695,0.364286809189774,0.18,-0.21099173866599213
1777027865.6142592,tb7,1.1607280909713,0.7332751359493968,0.18,-0.5523579919780623
1777027865.6195416,tb3,-0.427782748863457,0.6260250181489413,0.18,-0.3028307165999929
1777027865.6529818,tb2,-0.08142807792069084,1.1139029702707717,0.18,-0.2279478954476065
1777027865.6603866,tb1,0.7313812565298695,0.364286809189774,0.17999999999999997,-0.21014518680614397
1777027865.6643195,tb7,1.1626718580562634,0.724233729590512,0.18,-0.5473485908738273
1777027865.6694963,tb3,-0.4320337899017596,0.6341117119694709,0.18,-0.30140244099586916
1777027865.7030494,tb2,-0.07314405956739438,1.1176774488445482,0.18,-0.22518901787756257
1777027865.710339,tb1,0.7222935262031335,0.36465104717806934,0.18,-0.20267373958574092
1777027865.7144275,tb7,1.1626718580562634,0.724233729590512,0.18,-0.5507780059024604
1777027865.7196474,tb3,-0.4320337899017596,0.6341117119694709,0.18,-0.2987153466365295
1777027865.7529807,tb2,-0.0648187576012258,1.1213562479566335,0.18,-0.22260836922911276
1777027865.7602668,tb1,0.713211442285105,0.36511083620482837,0.18,-0.19485829827341875
1777027865.7643843,tb7,1.164365727866192,0.715144614411421,0.18,-0.5456743409517089
1777027865.7696,tb3,-0.4361617705830974,0.642261103561308,0.18,-0.2972326738943574
1777027865.803,tb2,-0.05645372645331791,1.124940357390126,0.18,-0.22019938924971216
1777027865.8102562,tb1,0.7041382699449097,0.3656634038831864,0.18,-0.18721791062546353
1777027865.8143265,tb7,1.1658094862531845,0.7060115994327126,0.18,-0.53968523932088
1777027865.819485,tb3,-0.44016644487897605,0.6504702638213637,0.18,-0.29584729673762744
1777027865.8529959,tb2,-0.048050491262784246,1.1284306268933058,0.18,-0.21797663963445812
1777027865.8602092,tb1,0.6950749076819889,0.3663046710438362,0.18,-0.17982618168778666
1777027865.8643029,tb7,1.1670026108236844,0.6968452282826766,0.18,-0.5336924550855178
1777027865.8695178,tb3,-0.44404814643607465,0.6587374700296212,0.18,-0.2944083813735228
1777027865.9029253,tb2,-0.03961036353877464,1.1318278362775327,0.18,-0.21593062691474374
1777027865.9103568,tb1,0.6860214652646803,0.36703069276226574,0.18,-0.17261907178621178
1777027865.9143152,tb7,1.1679472922417875,0.6876527349033638,0.18,-0.5277078595010734
1777027865.919556,tb3,-0.4478067225200197,0.667060646695322,0.18,-0.29291066109684716
1777027865.9529603,tb2,-0.03113469305796957,1.1351326060574367,0.18,-0.21407893059912805
1777027865.9602137,tb1,0.6769783780187039,0.3678378201083848,0.18,-0.1656319714416989
1777027865.9642878,tb7,1.1686458845603869,0.6784411224889167,0.17999999999999997,-0.5217365671739778
1777027865.9695487,tb3,-0.45144199279843655,0.6754376732265157,0.18,-0.29136264042078414
1777027866.0029867,tb2,-0.022624727846325937,1.13834550341787,0.18,-0.21243371076534293
1777027866.010247,tb1,0.6679459319342257,0.3687224782952416,0.18,-0.15887082924560664
1777027866.0143578,tb7,1.1691009769516465,0.6692171155283154,0.18,-0.5157842057115956
1777027866.0195916,tb3,-0.45495382872769896,0.6838664112197843,0.18,-0.2897714153869072
1777027866.0529122,tb2,-0.014081700939444153,1.1414670222705565,0.18,-0.21101640606306185
1777027866.0601656,tb1,0.6589243241967438,0.36968121320838887,0.18,-0.15235752748634201
1777027866.0642345,tb7,1.1693153637089446,0.6599872617591046,0.18,-0.5098417119464411
1777027866.0695322,tb3,-0.45834218291733353,0.6923447264293391,0.18,-0.2881571551282925
1777027866.102962,tb2,-0.005506728331473627,1.144497589387187,0.18,-0.2098351986574887
1777027866.1102333,tb1,0.6499136741949988,0.37071069868315304,0.18,-0.14610236406055085
1777027866.114403,tb7,1.1692919648289817,0.6507577185461516,0.18,-0.5039117614763711
1777027866.1196017,tb3,-0.4616070805487638,0.7008705449871464,0.18,-0.28650920047232803
1777027866.1531441,tb2,-0.005506728331473627,1.144497589387187,0.18,-0.20965032835401398
1777027866.1601858,tb1,0.6409141330937779,0.37180764498054114,0.17999999999999997,-0.1401503358232913
1777027866.16434,tb7,1.1690339518557407,0.641534731110502,0.18000000000000002,-0.49801150345510403
1777027866.1695483,tb3,-0.46474858679461084,0.7094417243035964,0.18,-0.2848615376420406
1777027866.2029352,tb2,0.003099123262091893,1.14743752559829,0.18,-0.20876619654143336
1777027866.210214,tb1,0.6409141330937779,0.37180764498054114,0.18,-0.13894427987700622
1777027866.2142282,tb7,1.1685447859747613,0.6323241323949588,0.18,-0.49216321143232783
1777027866.2194602,tb3,-0.4677668792040113,0.7180561726305951,0.18,-0.28321981895399234
1777027866.2531185,tb2,0.011735140896967504,1.1502869926259391,0.18,-0.20808681423190303
1777027866.2601845,tb1,0.6319257465871384,0.3729687811470446,0.18000000000000002,-0.13329654265785346
1777027866.264273,tb7,1.1685447859747613,0.6323241323949588,0.18,-0.4952701607355883
1777027866.2695167,tb3,-0.4706621580366676,0.7267119176842997,0.18,-0.2815665680996836
1777027866.3029754,tb2,0.020400089333079966,1.1530459097940926,0.18,-0.2076940486054959
1777027866.3103127,tb1,0.6229466255696807,0.37419245387195577,0.18,-0.1275887140299602
1777027866.3142104,tb7,1.1678278322857842,0.6231312482683508,0.18000000000000002,-0.48938707314212215
1777027866.3194518,tb3,-0.47343462768051886,0.7354069384246759,0.18,-0.27992595537684795
1777027866.3529398,tb2,0.029093022198748163,1.1557143569819905,0.18,-0.20760054961324353
1777027866.3602207,tb1,0.6139786127953956,0.3754765660446637,0.18,-0.12222820270933235
1777027866.3643131,tb7,1.1668840499580473,0.613957795151851,0.18,-0.48257045910468677
1777027866.3696094,tb3,-0.47343462768051886,0.7354069384246759,0.18,-0.2772448181463342
1777027866.4030385,tb2,0.03781307278774345,1.1582923042142843,0.18,-0.20780969746205444
1777027866.410205,tb1,0.6050217174026986,0.37681837434040566,0.18000000000000002,-0.11725094537912314
1777027866.4144363,tb7,1.165715287857103,0.60481307901045,0.18,-0.4757513640745464
1777027866.419594,tb3,-0.4760845195595193,0.7441392966743554,0.18,-0.27560941932563654
1777027866.4530485,tb2,0.0465594216153759,1.1607795834006094,0.18,-0.20832566420104418
1777027866.4602323,tb1,0.5960757849787092,0.3782152473915934,0.17999999999999997,-0.1126783854850755
1777027866.4644127,tb7,1.1643255352184065,0.5957026642772383,0.18,-0.46905162706635656
1777027866.4696453,tb3,-0.47861217323245303,0.7529065016183729,0.18,-0.2740895622279593
1777027866.5030546,tb2,0.055331315359945454,1.163175882651762,0.18,-0.20914828806168898
1777027866.5102112,tb1,0.5871408354582359,0.3796645657404343,0.18,-0.10857992417431087
1777027866.5142581,tb7,1.1627192704553988,0.5866315601578018,0.18,-0.46254745836807554
1777027866.519533,tb3,-0.4810182608808957,0.7617069226588474,0.18,-0.2726232886227827
1777027866.55294,tb2,0.0641280395170723,1.1654807203319633,0.18,-0.21027730700943648
1777027866.560162,tb1,0.5782162507429726,0.38116394458327124,0.18,-0.1048925853689652
1777027866.5642693,tb7,1.1609009903887337,0.5776037726527088,0.18,-0.45615648579697193
1777027866.5695422,tb3,-0.483303203429161,0.7705388484493637,0.18,-0.2711620472614532
1777027866.6029768,tb2,0.07294887987520723,1.1676934598655926,0.18,-0.2117183137934622
1777027866.610266,tb1,0.5693017534687362,0.3827114042221874,0.18,-0.10161134821981392
1777027866.6144104,tb7,1.158874943266964,0.5686234715470503,0.18,-0.4498633284953198
1777027866.6195836,tb3,-0.4854672781332882,0.779400449004598,0.18,-0.2697167981491726
1777027866.652974,tb2,0.08179315835860843,1.1698133229701844,0.18,-0.2134701307467493
1777027866.6601298,tb1,0.5603970901834084,0.38430518155901944,0.18,-0.0987499571081579
1777027866.664235,tb7,1.1566454205980279,0.55969467272798,0.18,-0.44365130651022855
1777027866.6695056,tb3,-0.4875107950806767,0.7882899022063332,0.18,-0.2683049689829842
1777027866.7030349,tb2,0.09066025037094493,1.1718393574208579,0.18,-0.2155246408802707
1777027866.7102392,tb1,0.5515020595430951,0.3859436826642782,0.18,-0.0963058036937976
1777027866.71427,tb7,1.154216736166347,0.5508211096119973,0.18,-0.4375462544601594
1777027866.7195275,tb3,-0.4894340984811028,0.7972054295062375,0.18,-0.26692020758616
1777027866.7533865,tb2,0.09954943432143186,1.173770481542295,0.18,-0.21789501338520345
1777027866.7602077,tb1,0.5426163338629257,0.3876256149096398,0.18,-0.09426694736249827
1777027866.764327,tb7,1.1515930904787524,0.5420062089038911,0.18,-0.4315079275230591
1777027866.7695665,tb3,-0.49123753524916663,0.8061453098547435,0.18,-0.26556623463373286
1777027866.8030643,tb2,0.09954943432143186,1.173770481542295,0.18,-0.21836092835529447
1777027866.8102028,tb1,0.5337398071917743,0.38934981009917446,0.18,-0.09264795159544788
1777027866.8142521,tb7,1.1487788240062102,0.5332534375217358,0.18,-0.4255666366538685
1777027866.8194852,tb3,-0.49292146256557406,0.8151077844011972,0.18,-0.26426331727779734
1777027866.853022,tb2,0.10846012424955437,1.1756054496202661,0.18,-0.22108206085802629
1777027866.8602986,tb1,0.5337398071917743,0.38934981009917446,0.18,-0.09111554559344559
1777027866.8642464,tb7,1.145778155657642,0.5245657998886577,0.18,-0.41970554634522916
1777027866.8696449,tb3,-0.4944862580125313,0.8240911883641505,0.18,-0.2629896291843666
1777027866.9030411,tb2,0.11739068035082677,1.1773431782163246,0.18,-0.2242898776932323
1777027866.9103131,tb1,0.5248722311612855,0.39111537151728676,0.18,-0.08987257411907618
1777027866.9143262,tb7,1.145778155657642,0.5245657998886577,0.18,-0.4222241581458051
1777027866.9196038,tb3,-0.4944862580125313,0.8240911883641505,0.18,-0.26038049649997186
1777027866.9529927,tb2,0.12634130167280547,1.1789827562233501,0.18,-0.22776517634988286
1777027866.9602199,tb1,0.516013665897323,0.3929214816614707,0.17999999999999997,-0.08907577401847544
1777027866.9643102,tb7,1.1425954370702867,0.5159462372185205,0.17999999999999997,-0.4164017452317385
1777027866.9695141,tb3,-0.495932317324346,0.8330938052129307,0.18,-0.25918489576921727
1777027867.0030086,tb2,0.13531137814557553,1.1805223397657656,0.18,-0.23149043138494835
1777027867.0103316,tb1,0.507163923820457,0.3947674361102827,0.18,-0.08870458746646875
1777027867.0143363,tb7,1.1392318394325933,0.5073952514774812,0.18,-0.4099161826072178
1777027867.019524,tb3,-0.4972602957145056,0.8421132795933104,0.18,-0.2581893589653922
1777027867.0536628,tb2,0.14430004872799507,1.1819599842443351,0.18,-0.23549688117972947
1777027867.060378,tb1,0.49832281093839853,0.3966527981794385,0.18,-0.08873569179856126
1777027867.064956,tb7,1.1356913693302682,0.4989189859132881,0.18000000000000002,-0.4035493502414386
1777027867.0700574,tb3,-0.4984710029186301,0.8511486839529949,0.18,-0.25722051590899137
1777027867.1030903,tb2,0.15330661702903634,1.183293709096015,0.18,-0.23972898884251423
1777027867.1101913,tb1,0.4894902595328051,0.39857736772480945,0.18,-0.0891580055498718
1777027867.114293,tb7,1.1319787292414287,0.49052030391958074,0.17999999999999997,-0.39734514682960836
1777027867.119563,tb3,-0.4995647770144598,0.8601984879577034,0.18000000000000002,-0.2563549960366796
1777027867.152983,tb2,0.16233052612357363,1.1845212132801164,0.18,-0.2441499279690829
1777027867.1601923,tb1,0.4806662196351506,0.40054116943350265,0.17999999999999997,-0.08993190240793641
1777027867.1643085,tb7,1.1280987039572659,0.48220123259212433,0.18,-0.3914023496941903
1777027867.1694689,tb3,-0.5005419541750727,0.8692611370135225,0.18,-0.25552553036502124
1777027867.202978,tb2,0.17137063956423287,1.1856401019930831,0.18,-0.24880102441730512
1777027867.2101724,tb1,0.47185073766439406,0.40254442791470924,0.18,-0.09104594405503867
1777027867.2143352,tb7,1.1240556695910553,0.4739633543164908,0.18,-0.38560890838109707
1777027867.2196546,tb3,-0.5014028448728332,0.8783351659305619,0.17999999999999997,-0.2547303204855493
1777027867.2530305,tb2,0.17137063956423287,1.1856401019930831,0.18,-0.24980602600162227
1777027867.2602367,tb1,0.46304389765614334,0.4045875606533525,0.18,-0.09247277814321356
1777027867.264286,tb7,1.1198540197120954,0.46580853474728556,0.18,-0.37998693289559893
1777027867.2695837,tb3,-0.5021477313585593,0.8874190450600972,0.18,-0.25400666884099354
1777027867.3029764,tb2,0.18042611041738588,1.186647943233089,0.18,-0.2547181839191776
1777027867.3102608,tb1,0.46304389765614334,0.4045875606533525,0.18,-0.09074248255670947
1777027867.3143384,tb7,1.1198540197120954,0.46580853474728556,0.18,-0.382107899091538
1777027867.3194668,tb3,-0.5027769263349513,0.8965112675447741,0.18,-0.2533497750878017
1777027867.35312,tb2,0.18949452436987899,1.1875428591828656,0.18,-0.2601047630640519
1777027867.3604326,tb1,0.4542458682438936,0.4066711939882323,0.18,-0.09243499656460015
1777027867.364466,tb7,1.1154981694031059,0.45773837191061645,0.18,-0.37662685871798024
1777027867.3696122,tb3,-0.5027769263349513,0.8965112675447741,0.18000000000000002,-0.2508154518045517
1777027867.403052,tb2,0.19857598001672216,1.1883229827156623,0.18,-0.26566498217382334
1777027867.4101605,tb1,0.4454580172222071,0.40879492179983684,0.18,-0.09472192172430204
1777027867.414313,tb7,1.1109891532794958,0.4497523151559751,0.18,-0.3705479291516171
1777027867.419533,tb3,-0.50329070106091,0.9056103953410293,0.18,-0.25023158943130713
1777027867.4530563,tb2,0.2076695648554598,1.1889854891616687,0.18,-0.2713296683229124
1777027867.46021,tb1,0.43667912719402713,0.41095925977448206,0.18,-0.09726177977499931
1777027867.4644547,tb7,1.106331179851337,0.4418554105553262,0.18000000000000002,-0.3646448655623407
1777027867.4695663,tb3,-0.5036897455380863,0.9147141054578765,0.18,-0.24988900297051858
1777027867.502932,tb2,0.21677380220226833,1.1895273765011847,0.18,-0.2771216974270256
1777027867.5102146,tb1,0.42790945093245303,0.413165253236706,0.18000000000000002,-0.10002957917217803
1777027867.5144145,tb7,1.1015286187490256,0.43404902139821905,0.17999999999999997,-0.35895029334682
1777027867.5195796,tb3,-0.5039747505823485,0.9238218353696291,0.18,-0.2496115505374437
1777027867.5530431,tb2,0.22588732920144658,1.189945706888614,0.18,-0.28302572623378497
1777027867.56017,tb1,0.4191493450552235,0.41541407555356136,0.18,-0.1029961764436138
1777027867.5644503,tb7,1.0965856608704485,0.42633411725483855,0.18,-0.35346469119185314
1777027867.569474,tb3,-0.5041458919719214,0.9329322550408268,0.18,-0.24939132614472181
1777027867.60297,tb2,0.2350088930198802,1.190237274674378,0.18,-0.28895396624799224
1777027867.6101332,tb1,0.4103991435150426,0.4177071290078318,0.18,-0.10610598955415293
1777027867.6142812,tb7,1.0915065966120507,0.41871168580784773,0.18,-0.3482229142563836
1777027867.6195428,tb3,-0.5042032978512724,0.9420439678462442,0.18,-0.24921705770441838
1777027867.652975,tb2,0.24413655045994703,1.1903989071734478,0.18,-0.29496017117655193
1777027867.6601844,tb1,0.4016595008905317,0.4200458371289396,0.18,-0.10936114078109056
1777027867.6643867,tb7,1.086295245188587,0.4111821667089614,0.18,-0.3431571025820331
1777027867.6696424,tb3,-0.504147079538916,0.9511555932875979,0.18,-0.24909634490408064
1777027867.702983,tb2,0.24413655045994703,1.1903989071734478,0.18,-0.2965674511335485
1777027867.7104948,tb1,0.39293094593710975,0.4224317220001447,0.18,-0.1081642343860129
1777027867.7143326,tb7,1.0809555240252575,0.40374635695612393,0.17999999999999997,-0.3382828459839158
1777027867.719542,tb3,-0.5039773350304002,0.9602657357493182,0.17999999999999997,-0.2490449238891047
1777027867.7530832,tb2,0.2532685910931298,1.1904274825217493,0.18,-0.302692161854151
1777027867.7602935,tb1,0.39293094593710975,0.4224317220001447,0.18,-0.11079036739350037
1777027867.7644928,tb7,1.0809555240252575,0.40374635695612393,0.18000000000000002,-0.3399459948273662
1777027867.7694507,tb3,-0.503694148622031,0.9693730200740998,0.17999999999999997,-0.24905071509698556
1777027867.803102,tb2,0.26240144074318666,1.1903208870999888,0.18,-0.30920281278025236
1777027867.8102143,tb1,0.3842156609794644,0.42486497937823486,0.17999999999999997,-0.11463302942335053
1777027867.8144476,tb7,1.0754912419535645,0.3964047818049468,0.18000000000000002,-0.33520787078623415
1777027867.8195226,tb3,-0.503694148622031,0.9693730200740998,0.18,-0.24663919284577382
1777027867.8530655,tb2,0.27153483272889906,1.1900767214018462,0.18,-0.3156935605232921
1777027867.8601265,tb1,0.37551249008333054,0.42734639723737516,0.18,-0.11862296060615482
1777027867.8643122,tb7,1.0699031145115252,0.3891566691191969,0.18,-0.3300154731070608
1777027867.869538,tb3,-0.5032975805504958,0.9784760699353894,0.18000000000000002,-0.2467178480534049
1777027867.9029691,tb2,0.2806665184828114,1.1896916386658538,0.18,-0.322154569275853
1777027867.910178,tb1,0.3668217460697554,0.42987771872283,0.18,-0.12264176468601097
1777027867.9143138,tb7,1.0641951141113075,0.3820055185933901,0.18,-0.32498168037697284
1777027867.9196692,tb3,-0.5027883226533431,0.9875724319299618,0.18,-0.2470873244587403
1777027867.9530673,tb2,0.2897940124868819,1.1891624800221254,0.18,-0.32860925882180836
1777027867.9603274,tb1,0.3581442748160773,0.43246071605556224,0.18,-0.12668107320440194
1777027867.9644477,tb7,1.0583708935594045,0.3749518179461209,0.18,-0.3201421477177572
1777027867.9695764,tb3,-0.5021669052882073,0.9966618723629932,0.18,-0.2475340702287559
1777027868.0031016,tb2,0.2989150807344742,1.1884860288625918,0.18,-0.33496834338369397
1777027868.010285,tb1,0.34948077096037033,0.4350972597771665,0.18000000000000002,-0.130696104747331
1777027868.014421,tb7,1.0524341385945535,0.36799596234431564,0.18,-0.31554157061400195
1777027868.0196223,tb3,-0.5014332803817124,1.0057431513850401,0.18,-0.2480167589277802
1777027868.05291,tb2,0.3080270057101649,1.1876589605773529,0.18,-0.3412129516516815
1777027868.0601382,tb1,0.34083219385783625,0.4377892969985467,0.18,-0.13466691452312454
1777027868.064231,tb7,1.0463883360251083,0.3611378961309903,0.18,-0.3111539153842835
1777027868.069514,tb3,-0.5005873240096982,1.0148148877392742,0.18000000000000002,-0.2485517845914299
1777027868.1029453,tb2,0.3171267274860656,1.1866782242366571,0.18,-0.34739375313349646
1777027868.1101837,tb1,0.33219963550706977,0.44053863848816754,0.17999999999999997,-0.13859102332338866
1777027868.1143398,tb7,1.0402366266776537,0.3543775458742646,0.18,-0.3069368534140112
1777027868.1195664,tb3,-0.499628918789815,1.0238756760747698,0.18,-0.24913007514910174
1777027868.152999,tb2,0.3171267274860656,1.1866782242366571,0.18,-0.34964985704967394
1777027868.1602623,tb1,0.3235840526867065,0.44334711102074525,0.17999999999999997,-0.14244648064679907
1777027868.164254,tb7,1.0339822550017812,0.3477150584824347,0.18,-0.3029012690934685
1777027868.1696448,tb3,-0.4985579315613435,1.032924135190213,0.18,-0.24975601671958408
1777027868.2029405,tb2,0.3262112505152745,1.1855409268343766,0.18,-0.3558157065907515
1777027868.2101595,tb1,0.3235840526867065,0.44334711102074525,0.18,-0.14029364111340822
1777027868.2144117,tb7,1.027628195846605,0.34115037508338686,0.18,-0.29902844010763757
1777027868.219517,tb3,-0.4973742154647291,1.041958847169905,0.18,-0.2504416232292654
1777027868.2529902,tb2,0.3352762611727045,1.1842451997588517,0.18,-0.3621690373677661
1777027868.2601867,tb1,0.3149865407998598,0.44621646066931464,0.18,-0.14405148925709726
1777027868.2644303,tb7,1.027628195846605,0.34115037508338686,0.18,-0.3001790245155827
1777027868.2694545,tb3,-0.4960776195577118,1.050978385839639,0.18000000000000002,-0.24135970474129162
1777027868.3030512,tb2,0.3443199490188803,1.1827888117476686,0.18,-0.3683768412308917
1777027868.3101454,tb1,0.30641007736470305,0.44914630281118306,0.17999999999999997,-0.14826027447906864
1777027868.3142557,tb7,1.0211773815441536,0.3346834930552065,0.18,-0.29639411375796226
1777027868.3196452,tb3,-0.4960776195577118,1.050978385839639,0.18000000000000002,-0.24894342684991896
1777027868.353117,tb2,0.35333900153967274,1.1811689265684626,0.18,-0.3743905629879217
1777027868.3601809,tb1,0.2978529166236049,0.45213791022797234,0.18,-0.15235256784281342
1777027868.3644557,tb7,1.0146303311209284,0.3283138723734157,0.18,-0.29230431876165586
1777027868.3695161,tb3,-0.49467072510554505,1.059977611747489,0.17999999999999997,-0.2506178510549021
1777027868.402937,tb2,0.36232955150788787,1.1793829467891137,0.18,-0.3802433409597267
1777027868.410233,tb1,0.2893161410855891,0.45519310021421905,0.17999999999999997,-0.15630033254971565
1777027868.4143162,tb7,1.0079905424703681,0.3220435914312776,0.18,-0.2883405019454396
1777027868.4194844,tb3,-0.49315289585305505,1.068962012705223,0.18,-0.25176159752745925
1777027868.4530838,tb2,0.37128797710666667,1.1774284661083505,0.18,-0.3859218450606255
1777027868.4601903,tb1,0.2808009362180421,0.4583136012183538,0.18,-0.16009033762772548
1777027868.4643273,tb7,1.00126094405031,0.315872703234192,0.18,-0.2845608262133735
1777027868.469504,tb3,-0.4915227501472121,1.0779274956473741,0.18,-0.2528876863857971
1777027868.5029285,tb2,0.3802103006894645,1.175303230063162,0.18,-0.3913963873104871
1777027868.510184,tb1,0.27230853476781436,0.4615010904708222,0.18,-0.16370332930665105
1777027868.5149508,tb7,0.9944443156543176,0.30980097949149366,0.18,-0.2809728833898638
1777027868.5195217,tb3,-0.4897799130100312,1.0868723274773777,0.18,-0.2540482072279378
1777027868.5529642,tb2,0.38909246539468906,1.1730052023893969,0.18,-0.3966883433076741
1777027868.5602953,tb1,0.2638402795346061,0.46475709360608686,0.18,-0.1671460855834487
1777027868.5643692,tb7,0.9875431971213541,0.3038280978219742,0.18,-0.2775090719930034
1777027868.5695796,tb3,-0.48792409692211985,1.0957949555914916,0.18,-0.2552522901095085
1777027868.6029947,tb2,0.3979302986575532,1.1705325563640705,0.18,-0.4017806331887141
1777027868.6102352,tb1,0.25539742039971586,0.4680830446628041,0.18,-0.17042156258171073
1777027868.614269,tb7,0.9805602013504302,0.2979538997823984,0.18,-0.2742179706311106
1777027868.6194835,tb3,-0.4859550119231819,1.1046938787411165,0.18,-0.25650355930307484
1777027868.6530838,tb2,0.4067195495064313,1.167883625748087,0.18,-0.40666056841633386
1777027868.6602652,tb1,0.24698122834857772,0.47148030792392265,0.18,-0.1735073931542055
1777027868.6643174,tb7,0.9734977671492294,0.29217807084261727,0.18,-0.2710761450220712
1777027868.6695595,tb3,-0.48387236723026494,1.1135675225043322,0.18000000000000002,-0.25779408305786855
1777027868.7029784,tb2,0.4067195495064313,1.167883625748087,0.18,-0.4097123282763474
1777027868.710105,tb1,0.238593034868231,0.4749501040761921,0.18,-0.17642139493950018
1777027868.7142682,tb7,0.9663582069196515,0.28650033611847936,0.18,-0.2680621635928703
1777027868.7194986,tb3,-0.4816758697344093,1.1224143192995715,0.18,-0.2591354134958343
1777027868.7529824,tb2,0.4154557799084873,1.1650570247384693,0.18,-0.4144515441007807
1777027868.76019,tb1,0.2302341329329282,0.47849354322398063,0.18000000000000002,-0.17913896289152215
1777027868.7642148,tb7,0.9591437697727435,0.28092046309904845,0.18,-0.26516918753016544
1777027868.7695029,tb3,-0.47936525776838546,1.1312326375936037,0.18,-0.26052680015223867
1777027868.802993,tb2,0.4241340736805274,1.1620521499411094,0.18,-0.41911067658718554
1777027868.810224,tb1,0.2219058173940092,0.48211162053079437,0.18,-0.1580426995878341
1777027868.8143184,tb7,0.9518565959627049,0.27543822650962835,0.18,-0.2623865087301189
1777027868.8194482,tb3,-0.47694025022207714,1.140020877074102,0.18,-0.26196871505088604
1777027868.8529685,tb2,0.4327506215697164,1.1588681816997881,0.18,-0.42353570917531597
1777027868.8602142,tb1,0.2219058173940092,0.48211162053079437,0.18,-0.17919028079394048
1777027868.8649144,tb7,0.9444987426256588,0.2700534299636014,0.18,-0.25611873990670464
1777027868.8694794,tb3,-0.4744005766184709,1.1487773755399375,0.18,-0.2634557910055723
1777027868.9030743,tb2,0.44130089491660657,1.1555042976450556,0.18,-0.42768996484348143
1777027868.910317,tb1,0.21361642858293306,0.4857963599582491,0.18,-0.1836472823596662
1777027868.9144502,tb7,0.9444987426256588,0.2700534299636014,0.18,-0.26020288192494984
1777027868.9195948,tb3,-0.4744005766184709,1.1487773755399375,0.18000000000000002,-0.261541104722573
1777027868.9530013,tb2,0.4497802671223877,1.1519598216145102,0.18,-0.4315598627344729
1777027868.9601598,tb1,0.20535020255530836,0.4895550373112688,0.18,-0.18622047872337166
1777027868.9643075,tb7,0.9370737694075872,0.2647660806073442,0.18,-0.2578516925214327
1777027868.9697022,tb3,-0.4717459692811374,1.1575004532757436,0.17999999999999997,-0.26311869809814875
1777027869.0030744,tb2,0.458183842227066,1.1482343571081022,0.18,-0.4351696607726382
1777027869.010742,tb1,0.19711676351707147,0.49338967633616365,0.18,-0.1883715644695721
1777027869.0144253,tb7,0.9295799675515225,0.25957437797672217,0.18,-0.25502171939007895
1777027869.0195997,tb3,-0.46897732517330426,1.166187255789669,0.18,-0.26506209427999844
1777027869.0535624,tb2,0.46650677525264433,1.144327846218947,0.18,-0.4385432985382998
1777027869.0602236,tb1,0.18891820334372295,0.49730104944412956,0.18000000000000002,-0.19034392377691456
1777027869.065023,tb7,0.9220206658631044,0.2544806453249612,0.18,-0.2522839147456865
1777027869.0700197,tb3,-0.46609466743755645,1.1748377215767258,0.18,-0.26703383619626697
1777027869.1029785,tb2,0.4747443429161827,1.1402403868862043,0.18,-0.44154353710527433
1777027869.1101654,tb1,0.1807558093873335,0.5012898133168413,0.18,-0.1920553641294758
1777027869.1142535,tb7,0.9143980876409562,0.24948470861314803,0.18,-0.24968516308131775
1777027869.1195464,tb3,-0.4630975307449415,1.183450248759124,0.18,-0.269046090869608
1777027869.1529639,tb2,0.48289161660299107,1.1359723883624708,0.18,-0.44430234880830327
1777027869.1602678,tb1,0.17263092933082883,0.5053564782290249,0.18,-0.19353747093587015
1777027869.1642902,tb7,0.9067141439094666,0.24458609052297065,0.18,-0.24721717027601664
1777027869.1696398,tb3,-0.45998548413801327,1.192022927659664,0.18,-0.27106229007882476
1777027869.2030582,tb2,0.4909437047678781,1.1315246885252161,0.18,-0.44681448898458803
1777027869.2102304,tb1,0.16454483859251484,0.5095013537621791,0.18,-0.194822483168553
1777027869.2144153,tb7,0.8989706453637861,0.2397844096652176,0.18,-0.2448547016448464
1777027869.2195616,tb3,-0.4567581574203739,1.2005538796702935,0.18,-0.27311415454773963
1777027869.2529008,tb2,0.49889593145478656,1.126898242291619,0.18,-0.44902778296452917
1777027869.260109,tb1,0.15649867644006274,0.5137246857094406,0.18,-0.19590052643440628
1777027869.2642155,tb7,0.8911694950931173,0.23507935523432677,0.18,-0.24261245352005617
1777027869.2695365,tb3,-0.45341513640686965,1.2090412785397147,0.18,-0.27517752165855824
1777027869.3029706,tb2,0.5067435201320089,1.1220943898582887,0.18,-0.4509967040213444
1777027869.310245,tb1,0.14849361934138858,0.5180265616108963,0.17999999999999997,-0.19676467874914028
1777027869.3143888,tb7,0.8833123415566625,0.23047053494016495,0.18,-0.2404614965477084
1777027869.319557,tb3,-0.4499560927006507,1.217483094074746,0.18,-0.2772736758741621
1777027869.3530543,tb2,0.5067435201320089,1.1220943898582887,0.18,-0.4548850213949148
1777027869.3601751,tb1,0.14053076726491834,0.5224069502780398,0.18,-0.19744634365989852
1777027869.3643055,tb7,0.8754008760202032,0.22595767069560943,0.18,-0.2383983233389963
1777027869.3695285,tb3,-0.4463807201486624,1.2258773779477758,0.18,-0.27940361702168004
1777027869.4029047,tb2,0.5144818719721633,1.117114703589531,0.18,-0.4566228482441488
1777027869.4101286,tb1,0.13261115163830225,0.5268657398066446,0.18,-0.19793420591155975
1777027869.41429,tb7,0.8674367544210031,0.2215404748939734,0.18,-0.23642316859792106
1777027869.4195058,tb3,-0.442688711693143,1.2342221414527907,0.18,-0.28156322269087586
1777027869.4529424,tb2,0.5221069422801767,1.1119599768858033,0.18,-0.45787635876870775
1777027869.4602158,tb1,0.13261115163830225,0.5268657398066446,0.18,-0.1951657206782526
1777027869.4644198,tb7,0.8594215233871999,0.21721866695393074,0.18,-0.23452203365280108
1777027869.4695544,tb3,-0.43887982841702305,1.2425153143006342,0.18,-0.28375906956732433
1777027869.5029893,tb2,0.5296131703776732,1.1066323256303938,0.18,-0.4588368519173942
1777027869.5101933,tb1,0.12473578005002424,0.5314027038068156,0.18,-0.1954405289860961
1777027869.5143259,tb7,0.8594215233871999,0.21721866695393074,0.18,-0.23450321072043484
1777027869.5193563,tb3,-0.4349537813837035,1.250754862257877,0.18,-0.28598804181687376
1777027869.5529668,tb2,0.5369960692931528,1.1011340413770114,0.18,-0.45950656518718974
1777027869.5601816,tb1,0.11690640038546625,0.5360162376931004,0.18,-0.1958118316919059
1777027869.5643718,tb7,0.8513567434775505,0.21299199697247032,0.18,-0.23263002479933553
1777027869.5695457,tb3,-0.4349537813837035,1.250754862257877,0.18,-0.28455591528369883
1777027869.6030247,tb2,0.5442512856482984,1.0954676731234476,0.18,-0.4599123221360933
1777027869.6103034,tb1,0.1091223574803347,0.5407060778059235,0.17999999999999997,-0.19598580594316634
1777027869.6144738,tb7,0.8432430877346786,0.20886024329180508,0.18,-0.23066660323426572
1777027869.6195512,tb3,-0.4309103405794428,1.2589386413358863,0.18,-0.2868578352437733
1777027869.652995,tb2,0.5513746728755193,1.0896359868425896,0.18,-0.4600354528107508
1777027869.6602976,tb1,0.10138443870560979,0.5454719406063354,0.18,-0.19595264401991305
1777027869.6644382,tb7,0.8350826127530745,0.20482384700766865,0.18,-0.22879014284476926
1777027869.669537,tb3,-0.4267507916791281,1.2670634986865676,0.18,-0.28951926693625873
1777027869.702984,tb2,0.558362205181437,1.0836419780763018,0.18,-0.45989022765759097
1777027869.7102315,tb1,0.09369353700133123,0.5503134087206573,0.18,-0.19571992257214868
1777027869.7142968,tb7,0.826876936987565,0.2008824784977555,0.18,-0.22702253425830446
1777027869.7194822,tb3,-0.4224748998745389,1.2751290949455427,0.18,-0.2921958684563871
1777027869.7530649,tb2,0.5652100311191965,1.0774888687994217,0.18,-0.4594887463388871
1777027869.760207,tb1,0.08605048373026265,0.5552299526907825,0.18000000000000002,-0.1952934863719309
1777027869.7643356,tb7,0.8186274753993665,0.1970356980765319,0.18,-0.22534082211919293
1777027869.7695608,tb3,-0.4180823111053694,1.2831332074490964,0.18,-0.29486788506700196
1777027869.8028958,tb2,0.571914491603505,1.0711800807257255,0.18,-0.4588056116369097
1777027869.8101833,tb1,0.07845603620758461,0.5602209379079828,0.18,-0.19468735823519182
1777027869.8147962,tb7,0.8103356851077832,0.19328316555759892,0.18,-0.22374599758324698
1777027869.8195589,tb3,-0.41357269055124846,1.2910735429680782,0.18,-0.2975278391578116
1777027869.852976,tb2,0.571914491603505,1.0711800807257255,0.18,-0.4630954616193147
1777027869.8600771,tb1,0.07091087497690689,0.5652856328046773,0.18,-0.19391779540549367
1777027869.864265,tb7,0.8020029178754918,0.189624524813581,0.18,-0.2222332702271595
1777027869.8695464,tb3,-0.40894577232441487,1.29894765685204,0.18,-0.30018275197473193
1777027869.902977,tb2,0.5784721151238852,1.064719248189346,0.18,-0.4622023346672396
1777027869.9101028,tb1,0.0634156004619577,0.5704232297058813,0.18,-0.1929843792973655
1777027869.9143107,tb7,0.793630507654342,0.18605947145435667,0.18,-0.2207880891713421
1777027869.9196093,tb3,-0.4042014073107182,1.3067530735816213,0.18,-0.3028466969631006
1777027869.953008,tb2,0.5848803811679862,1.0581076866364578,0.18,-0.4605356387615055
1777027869.9605305,tb1,0.055970743600964094,0.5756328651414855,0.17999999999999997,-0.1739388028125926
1777027869.9652915,tb7,0.7852197086498458,0.18258773912183185,0.18,-0.21939160307228148
1777027869.969557,tb3,-0.3993395537094955,1.314487319886978,0.18,-0.305535297358826
1777027870.002968,tb2,0.5911337391772233,1.05134998484218,0.18,-0.458572843123907
1777027870.0101671,tb1,0.055970743600964094,0.5756328651414855,0.18,-0.18890950576153323
1777027870.0142314,tb7,0.7852197086498458,0.18258773912183185,0.18,-0.21898485421256011
1777027870.0194259,tb3,-0.39436009045114223,1.3221479809088088,0.18,-0.30822466103321194
1777027870.0529733,tb2,0.5972290580132881,1.044450547908918,0.18,-0.4563850335962304
1777027870.0602524,tb1,0.0485804745759745,0.5809061730637924,0.18,-0.1891856305518836
1777027870.064364,tb7,0.7767718201837994,0.17920909099981325,0.18,-0.21760773451461662
1777027870.0695605,tb3,-0.38926307000164956,1.3297324722079114,0.18,-0.31093588795981486
1777027870.1030123,tb2,0.6031638135439886,1.0374137228872862,0.18,-0.45398659343445436
1777027870.1101718,tb1,0.04123382266723905,0.5862502465792605,0.17999999999999997,-0.1879769437740436
1777027870.1142838,tb7,0.768287647073367,0.17592332362676458,0.18,-0.21620599416889916
1777027870.1195405,tb3,-0.38926307000164956,1.3297324722079114,0.17999999999999997,-0.31004165316688187
1777027870.1530282,tb2,0.608935599269235,1.0302440142054956,0.18,-0.4513755944106182
1777027870.1603496,tb1,0.0339379920950735,0.5916635421785249,0.18,-0.18649088719779078
1777027870.164456,tb7,0.7597687499812258,0.17273057453784268,0.18,-0.21486767345043553
1777027870.1696768,tb3,-0.3840486081156852,1.3372382423524174,0.18000000000000002,-0.3128372580323349
1777027870.2029903,tb2,0.6145423164538922,1.0229459753174073,0.18,-0.44854390567901165
1777027870.2101893,tb1,0.026693949238766158,0.5971449272389591,0.18,-0.1848942547348922
1777027870.2143383,tb7,0.7512163980114153,0.16963056756030026,0.18,-0.21360515319097123
1777027870.2195377,tb3,-0.37871836702453116,1.3446619990365138,0.18,-0.31597100545159534
1777027870.2530713,tb2,0.6199820506984283,1.0155243512586773,0.18,-0.44553394343216834
1777027870.2601583,tb1,0.019502017127707546,0.6026932578179824,0.18,-0.18319024073524576
1777027870.264286,tb7,0.7426317934521187,0.16662299391017543,0.18,-0.21241105796172424
1777027870.26957,tb3,-0.3732721983020192,1.35200290723046,0.18,-0.31909813096907497
1777027870.3029053,tb2,0.6252532516756981,1.0079838863575596,0.18,-0.44231324556892243
1777027870.3101833,tb1,0.012362365487787366,0.6083073449660731,0.18,-0.18139932224209548
1777027870.3142323,tb7,0.7340161279492908,0.16370756256113297,0.18,-0.21128596306999012
1777027870.3195944,tb3,-0.3677100610020496,1.3592583224779864,0.18,-0.3221924469953492
1777027870.3530257,tb2,0.6303545823511434,1.0003293060664211,0.18,-0.4389218628681903
1777027870.360231,tb1,0.005275053499955714,0.6139860335481161,0.18,-0.1795233780671308
1777027870.3643794,tb7,0.7253705037915857,0.16088398953398808,0.18,-0.21021358865162562
1777027870.3696923,tb3,-0.36203211266358915,1.3664253567993416,0.18,-0.3252738211521835
1777027870.4029582,tb2,0.635284889388823,0.9925653113269054,0.18,-0.4353081407496626
1777027870.4101372,tb1,-0.0017598500840247026,0.619728135949457,0.18000000000000002,-0.17758502400034717
1777027870.4144168,tb7,0.7166960456262416,0.15815205060489904,0.18,-0.20919714235923534
1777027870.4195297,tb3,-0.3562385433439622,1.3735012223074556,0.18,-0.328338424384583
1777027870.4528887,tb2,0.6400432118427333,0.9846967889232222,0.18,-0.4315170949769602
1777027870.4601624,tb1,-0.008742321281678317,0.6255324048507696,0.18,-0.17558734998635514
1777027870.4642398,tb7,0.7079938505013361,0.15551152722974484,0.18,-0.2082359269326663
1777027870.4694948,tb3,-0.3503296588500449,1.3804830271401252,0.18,-0.3313901945221364
1777027870.5031111,tb2,0.6400432118427333,0.9846967889232222,0.18,-0.4359369876975176
1777027870.510191,tb1,-0.0156724302168188,0.6313976352444902,0.18,-0.17354338415333062
1777027870.514276,tb7,0.6992649833266626,0.1529622188421595,0.18,-0.20731912906942385
1777027870.5195646,tb3,-0.3443059083998793,1.3873678660608746,0.18,-0.33444394959071655
1777027870.5530593,tb2,0.6446289026837764,0.9767285248911889,0.18,-0.43195915001590063
1777027870.560244,tb1,-0.0156724302168188,0.6313976352444902,0.18,-0.17036219656817816
1777027870.564445,tb7,0.6992649833266626,0.1529622188421595,0.18,-0.20650931771680447
1777027870.5696123,tb3,-0.33816767446948975,1.3941529005021318,0.18,-0.3374822857008904
1777027870.6030626,tb2,0.649041493287051,0.968661429540879,0.18,-0.42704204168463766
1777027870.6101897,tb1,-0.02255023585140564,0.6373225595096902,0.18000000000000002,-0.1682883871428953
1777027870.614295,tb7,0.6905105110798746,0.15050394098206116,0.18,-0.20560834301660458
1777027870.6195338,tb3,-0.33816767446948975,1.3941529005021318,0.18,-0.337167633783081
1777027870.6530733,tb2,0.6532774305107505,0.9605025808161253,0.18,-0.4219846198840198
1777027870.6601636,tb1,-0.029375620440839665,0.6433052271712739,0.18000000000000002,-0.1663445720721462
1777027870.6642885,tb7,0.6817315431182054,0.14813649742697052,0.18,-0.20476225922584165
1777027870.6695788,tb3,-0.33191527630885936,1.4008351535103678,0.18,-0.3402301256696676
1777027870.7029548,tb2,0.657336885435283,0.9522572312661709,0.18,-0.4168394341173818
1777027870.7102077,tb1,-0.03614949892630114,0.649344638480641,0.18,-0.16439534267441122
1777027870.7143764,tb7,0.6729290960511748,0.14585968617284029,0.18,-0.20396676248079015
1777027870.7195835,tb3,-0.32555100912864676,1.4074110619339355,0.18,-0.34358324562982323
1777027870.7529438,tb2,0.6612204031502377,0.9439303924360075,0.18,-0.411645233389323
1777027870.7601695,tb1,-0.04287209672874507,0.6554396253295312,0.18,-0.16245992214771443
1777027870.7643664,tb7,0.6641041898956193,0.14367330712980506,0.18,-0.2032247737777343
1777027870.7696617,tb3,-0.3190749633394991,1.413879261295833,0.18,-0.34689537540948573
1777027870.8029292,tb2,0.6649287885441361,0.9355269318349303,0.18,-0.40639500981565146
1777027870.8101645,tb1,-0.04954363795299818,0.6615890171261561,0.18,-0.16054548613649045
1777027870.8144374,tb7,0.6552578078950663,0.14157716618310398,0.18,-0.2025275985305711
1777027870.81967,tb3,-0.3124878108144347,1.4202365588116581,0.18,-0.3501811140320083
1777027870.8529975,tb2,0.6684629776682312,0.9270514287091564,0.18,-0.401067077582499
1777027870.8602242,tb1,-0.0561643848560028,0.6677917262543053,0.18,-0.15865407771122117
1777027870.8643167,tb7,0.6463909159101868,0.13957110520303473,0.18,-0.2018761208374837
1777027870.8696733,tb3,-0.3057903007369266,1.426479872054534,0.18,-0.3534311759193282
1777027870.9029646,tb2,0.6684629776682312,0.9270514287091564,0.18,-0.40532067712062725
1777027870.9100857,tb1,-0.0627345328688576,0.6740465492445259,0.18,-0.15684019914493783
1777027870.9142692,tb7,0.6375045188778403,0.13765497604219848,0.18,-0.20127139952966297
1777027870.919579,tb3,-0.2989832007997766,1.4326060524061408,0.18,-0.3566291900127601
1777027870.9529815,tb2,0.6718240621378008,0.9185087650243928,0.18,-0.3999328342558877
1777027870.9601958,tb1,-0.06925441548197793,0.6803524516040536,0.18,-0.15507821860361132
1777027870.964267,tb7,0.6285995471947315,0.13582863021613237,0.18,-0.20070795170631042
1777027870.9695625,tb3,-0.29206753416681713,1.4386118235994805,0.18,-0.3598020391865961
1777027871.0029848,tb2,0.6750127251030071,0.909898685200259,0.18,-0.3935584371157837
1777027871.0106435,tb1,-0.06925441548197793,0.6803524516040536,0.17999999999999997,-0.15175475114676829
1777027871.014233,tb7,0.6196769365346202,0.13409195372054628,0.18,-0.1936614530452555
1777027871.0198746,tb3,-0.28504443917430367,1.4444940047589026,0.18,-0.3629575528948123
1777027871.053263,tb2,0.6780267518091759,0.9012288145755691,0.18,-0.3871699217119659
1777027871.0602877,tb1,-0.07572427025769195,0.6867084079142541,0.18,-0.1500952953517844
1777027871.0646505,tb7,0.6196769365346202,0.13409195372054628,0.18,-0.19905527183043
1777027871.0696924,tb3,-0.2779151041203973,1.4502494391601028,0.18,-0.36608471852756486
1777027871.1031227,tb2,0.68086780501579,0.8925039762388987,0.18,-0.38079376555486405
1777027871.1102278,tb1,-0.08214410582273095,0.6931126415471198,0.18,-0.1486694539485549
1777027871.1144266,tb7,0.6107405216029712,0.13244399210578253,0.18,-0.19911084290300077
1777027871.119602,tb3,-0.2779151041203973,1.4502494391601028,0.18,-0.3664285756982695
1777027871.1531498,tb2,0.6835379388740893,0.8837286696514741,0.18,-0.3745183187173534
1777027871.1603487,tb1,-0.08851492944057869,0.6995644766591067,0.18,-0.14735255854188384
1777027871.1643183,tb7,0.6017861882407898,0.13088357270344136,0.18,-0.19868688712169053
1777027871.1695,tb3,-0.2706809120479293,1.4558749554954875,0.18,-0.36961760002218835
1777027871.2029457,tb2,0.6860394997966854,0.8749073063598778,0.18,-0.3683465051974986
1777027871.2101545,tb1,-0.09483702590085921,0.7060630590093475,0.18,-0.14618057225568498
1777027871.214301,tb7,0.5928168066046655,0.1294123636638449,0.18,-0.19825858209736713
1777027871.2194827,tb3,-0.2633444528401543,1.4613673303789372,0.18,-0.3729957669298549
1777027871.2529216,tb2,0.6883749668988506,0.8660436324817687,0.18,-0.3622471188677483
1777027871.260176,tb1,-0.10111062818758063,0.7126076287406635,0.18,-0.14512262627893102
1777027871.2643864,tb7,0.5838334518944921,0.12803038824307209,0.18,-0.19786484353890957
1777027871.269494,tb3,-0.25590667469398176,1.466724383575696,0.18,-0.3763420716835422
1777027871.302973,tb2,0.6905465737640858,0.8571413330963285,0.18,-0.3561902862873944
1777027871.3102267,tb1,-0.10733587468949295,0.7191974965504343,0.18000000000000002,-0.14420100336749742
1777027871.314331,tb7,0.574837028040076,0.1267375735302632,0.18,-0.19751265799228576
1777027871.3196945,tb3,-0.24836911281376034,1.4719429119047647,0.18,-0.3796493809958008
1777027871.3529124,tb2,0.6925566169368991,0.848204234614366,0.18,-0.35020772478802925
1777027871.3601227,tb1,-0.11351283674314724,0.7258319835649847,0.18000000000000002,-0.1434494057116103
1777027871.3642719,tb7,0.5658284365853137,0.1255338516493294,0.18,-0.19720039878835566
1777027871.3694627,tb3,-0.24073335971292162,1.4770197003573367,0.18,-0.3828907263341938
1777027871.4029949,tb2,0.6944075939222116,0.8392359151892307,0.18,-0.31588279377926515
1777027871.4101362,tb1,-0.11964158158686333,0.732510486161413,0.18,-0.1428626522228963
1777027871.414248,tb7,0.5568085627349341,0.12441915752017382,0.18,-0.19692656746141216
1777027871.4196436,tb3,-0.23300124964618227,1.481951436396951,0.18,-0.3860926278483634
1777027871.4530733,tb2,0.6944075939222116,0.8392359151892307,0.18,-0.3481976285893759
1777027871.4603732,tb1,-0.12572212650220596,0.7392324864892075,0.18,-0.14243087019805512
1777027871.4643366,tb7,0.5477782798522804,0.12339343972484301,0.18,-0.1966843761637796
1777027871.4696064,tb3,-0.2251746492045976,1.4867348953357522,0.18,-0.38922555372678386
1777027871.5030646,tb2,0.6961059736094639,0.8302519180163824,0.18,-0.3449357122216411
1777027871.5102239,tb1,-0.12572212650220596,0.7392324864892075,0.18,-0.13906925382392693
1777027871.5142717,tb7,0.5477782798522804,0.12339343972484301,0.18,-0.19532556372212503
1777027871.519435,tb3,-0.217255557316473,1.4913668139520972,0.18,-0.39230739790508323
1777027871.553006,tb2,0.6976560312980272,0.8212282576064526,0.18,-0.33828189484091065
1777027871.5602767,tb1,-0.13175436050261802,0.7459974529394997,0.18,-0.13886953356695583
1777027871.5643325,tb7,0.538738466136249,0.12245665709962916,0.18,-0.19510539556404083
1777027871.5696166,tb3,-0.209246275629911,1.4958439805159576,0.18,-0.38556314346377474
1777027871.6030476,tb2,0.6990496030971952,0.8121810158796836,0.18,-0.33154385628859084
1777027871.6102285,tb1,-0.13773797707602348,0.7528035449093889,0.18000000000000002,-0.1391700088501911
1777027871.6143715,tb7,0.529690512735971,0.12160856915115147,0.18,-0.19502560267994998
1777027871.619609,tb3,-0.209246275629911,1.4958439805159576,0.18,-0.39641964967983756
1777027871.653147,tb2,0.7002888825704501,0.8031146740729973,0.18,-0.32506056414273304
1777027871.6601439,tb1,-0.1436741275817776,0.7596510043007372,0.17999999999999997,-0.13969609157495547
1777027871.664403,tb7,0.5206348258612603,0.12084884222908768,0.18,-0.1949836737588663
1777027871.6694922,tb3,-0.2011536583328289,1.500163304760984,0.18,-0.400370553551899
1777027871.7031157,tb2,0.7013770647019746,0.7940324278468368,0.18,-0.31888709853001973
1777027871.7102323,tb1,-0.14956262992647748,0.7665397354406847,0.18,-0.14042245781190812
1777027871.714337,tb7,0.5115721969847608,0.12017747168596303,0.18,-0.1949709565243623
1777027871.7195837,tb3,-0.1929736642338226,1.5043255169077308,0.18,-0.40355889015317475
1777027871.7531083,tb2,0.7023172914009044,0.7849366364710418,0.18,-0.31295150383942644
1777027871.760245,tb1,-0.1554030661788573,0.7734696329260731,0.18,-0.14137133513515282
1777027871.764347,tb7,0.5025034686927625,0.11959449199899522,0.18,-0.19498070949188717
1777027871.7694993,tb3,-0.18471060862289482,1.5083244114101844,0.18,-0.40662571102484796
1777027871.8029654,tb2,0.7031124036958009,0.7758299453347428,0.18,-0.307269318052261
1777027871.8102982,tb1,-0.16119495925756291,0.7804406726042976,0.18,-0.1425388618756665
1777027871.8144217,tb7,0.493429490027302,0.11909994899428375,0.18,-0.1950131672088436
1777027871.8196766,tb3,-0.17636726838918146,1.5121566980824739,0.18,-0.40962754274157065
1777027871.8530033,tb2,0.7037653266106887,0.7667149100099775,0.18,-0.3019025125013291
1777027871.8601966,tb1,-0.16693773562985842,0.7874529356784342,0.18,-0.14393573961320832
1777027871.8642673,tb7,0.4843511106651789,0.11869389354097269,0.18,-0.19507745216855987
1777027871.8695383,tb3,-0.1679463646270408,1.5158192962446404,0.18,-0.4125420430390924
1777027871.9030774,tb2,0.7042788717606256,0.7575936447419604,0.18,-0.2679325605823807
1777027871.9101324,tb1,-0.17263069022664004,0.7945065582125796,0.18,-0.1455520735683778
1777027871.9142845,tb7,0.47526917816347375,0.11837638216960955,0.18,-0.19516091856560272
1777027871.9196067,tb3,-0.1594508733450359,1.5193091587213816,0.18,-0.4154030436515409
1777027871.9530456,tb2,0.7042788717606256,0.7575936447419604,0.18,-0.3001702600914497
1777027871.9602053,tb1,-0.1782730160852375,0.8016017306572906,0.18,-0.1473742680788621
1777027871.9643836,tb7,0.46618454170704865,0.11814747940396572,0.18,-0.19526129779332455
1777027871.9695723,tb3,-0.1508837553852595,1.5226233749625444,0.18,-0.4181758815075846
1777027872.003017,tb2,0.7046614700752407,0.7484800461730494,0.18,-0.2979310469825415
1777027872.0102093,tb1,-0.1782730160852375,0.8016017306572906,0.18000000000000002,-0.14399558738313953
1777027872.0142868,tb7,0.46618454170704865,0.11814747940396572,0.18,-0.1936650404042069
1777027872.0194616,tb3,-0.14224825924838821,1.525759073720118,0.18,-0.42089907485621886
1777027872.0530005,tb2,0.7049138320132664,0.7393491173551406,0.18,-0.29254513635608487
1777027872.060167,tb1,-0.18386375550350395,0.8087386299378342,0.18,-0.1460845555169727
1777027872.0643587,tb7,0.45709805719295044,0.11800725161244194,0.18,-0.19377892170402264
1777027872.0694962,tb3,-0.13354766122097542,1.5287135176558488,0.18,-0.4008784653673876
1777027872.1029656,tb2,0.7050299040564055,0.7302168899028493,0.18,-0.2872564969924262
1777027872.1102252,tb1,-0.18940167568357114,0.8159149967379831,0.18,-0.14889846478433452
1777027872.1144757,tb7,0.44801131723908916,0.11795539645736723,0.18,-0.19406478945890146
1777027872.1195755,tb3,-0.13354766122097542,1.5287135176558488,0.18,-0.4253478469599268
1777027872.1529775,tb2,0.7050119326192087,0.7210865822640024,0.18,-0.2823743339821858
1777027872.1601439,tb1,-0.19488794550043673,0.8231323107827059,0.18,-0.15194837207743692
1777027872.164249,tb7,0.43892446103300015,0.11799156337285613,0.18,-0.19438620443191515
1777027872.1695967,tb3,-0.12479558102080426,1.5314860425033539,0.18,-0.4299998123037472
1777027872.203131,tb2,0.7048626235277151,0.7119599144484107,0.18,-0.27790880791963124
1777027872.2102132,tb1,-0.20032139401141846,0.8303911816258464,0.18,-0.1552102510865418
1777027872.214463,tb7,0.4298382439138898,0.11811586193300846,0.18,-0.19470152454012474
1777027872.2197275,tb3,-0.11597811503229331,1.5340792228054516,0.18,-0.432675885407068
1777027872.25301,tb2,0.7045844739152801,0.7028385354411045,0.18,-0.2738316257375571
1777027872.2602055,tb1,-0.2057006187866357,0.8376922031990849,0.18,-0.15867120263950366
1777027872.2644365,tb7,0.4207535115102808,0.11832843290551669,0.18,-0.19503022670484083
1777027872.2695913,tb3,-0.10710507934638407,1.5364835629377231,0.18,-0.4350804559619086
1777027872.3029854,tb2,0.7041799045646499,0.6937240978732279,0.18,-0.2701901541395333
1777027872.31018,tb1,-0.21102408819198523,0.8450361302401893,0.18000000000000002,-0.16229380611038746
1777027872.3142383,tb7,0.4116711091179411,0.11862942056149836,0.18,-0.1953673627092441
1777027872.31955,tb3,-0.09818086761036068,1.538695976071868,0.18,-0.43738962586191643
1777027872.3530176,tb2,0.7036511618555567,0.684617950590777,0.18,-0.26695657744811674
1777027872.3601837,tb1,-0.21629000609984048,0.852423704391967,0.18,-0.1660690103895859
1777027872.3642926,tb7,0.40259190407764656,0.1190189757861254,0.18,-0.19569878001757487
1777027872.3696172,tb3,-0.08920949773263517,1.540714053603928,0.18,-0.4396289478857867
1777027872.4030004,tb2,0.7036511618555567,0.684617950590777,0.18,-0.26980915208708983
1777027872.4101357,tb1,-0.2214964657872074,0.8598555901380283,0.18,-0.1700135054888405
1777027872.414265,tb7,0.3935167719946636,0.11949723833580403,0.18,-0.19603696597661247
1777027872.4196115,tb3,-0.08019498542235566,1.5425355906850042,0.18,-0.4417860828603262
1777027872.4530594,tb2,0.7030001557692375,0.6755212852508923,0.18,-0.26686989589580096
1777027872.4602504,tb1,-0.2214964657872074,0.8598555901380283,0.18,-0.16668718965858217
1777027872.4643335,tb7,0.3935167719946636,0.11949723833580403,0.18,-0.194249829105524
1777027872.4694827,tb3,-0.0711414489061708,1.5441584784162128,0.18,-0.44385472805147586
1777027872.503073,tb2,0.7022270138790084,0.666433415842045,0.18000000000000002,-0.26378327458814976
1777027872.5102918,tb1,-0.2266414515902245,0.8673324496360332,0.18000000000000002,-0.1708186328245742
1777027872.5142925,tb7,0.3844465830207356,0.12006434330388183,0.18,-0.19457045196191428
1777027872.5194893,tb3,-0.0711414489061708,1.5441584784162128,0.18,-0.44619164433704567
1777027872.5530562,tb2,0.7013325239566969,0.6573581643002709,0.18,-0.2610913005519825
1777027872.5601442,tb1,-0.23172288576714756,0.8748515190058277,0.18,-0.1757864704061953
1777027872.5643525,tb7,0.37538312129305734,0.12071984667585543,0.18,-0.19507937748525367
1777027872.569559,tb3,-0.062053158701890626,1.5455807610896175,0.18,-0.44825874377800756
1777027872.602974,tb2,0.7003183846584686,0.6482969354828629,0.18,-0.2588186832054876
1777027872.6101646,tb1,-0.23674149885414159,0.8824151811437898,0.18,-0.18090989995406445
1777027872.61432,tb7,0.3663262903253405,0.12146345676322994,0.18,-0.1955904474702837
1777027872.6195285,tb3,-0.052934284238896186,1.546800589616548,0.18,-0.45020293345817786
1777027872.6529536,tb2,0.699186162141669,0.6392509866459357,0.18000000000000002,-0.25696974378047127
1777027872.6601686,tb1,-0.24169514555698626,0.8900245583929598,0.18,-0.18611719568526064
1777027872.6643767,tb7,0.35727688763629706,0.12229533396503024,0.18,-0.19607962799191642
1777027872.6696775,tb3,-0.043789381154463,1.5478161958196073,0.18,-0.45206344317455077
1777027872.7029717,tb2,0.6979371835303152,0.6302214095888748,0.18,-0.2555051789131411
1777027872.7102177,tb1,-0.24658122977268615,0.8976805127020517,0.18,-0.19140776814337046
1777027872.7142828,tb7,0.3482358025646224,0.12321565897999294,0.18,-0.19655509216198028
1777027872.7196245,tb3,-0.034623045576373745,1.5486260030528627,0.18,-0.45383332127678755
1777027872.7529094,tb2,0.6965724971035687,0.6212093376653706,0.18,-0.25438851176127025
1777027872.7601502,tb1,-0.251397102880747,0.9053836563039076,0.18,-0.19683230797793574
1777027872.764254,tb7,0.3392039530059619,0.12422458401150452,0.18,-0.19701228378786462
1777027872.7695,tb3,-0.025439907927097834,1.5492286462271485,0.18,-0.455519095691942
1777027872.8030922,tb2,0.6950929743093083,0.6122159895092569,0.18,-0.2536226047502658
1777027872.8102126,tb1,-0.25614024264598445,0.9131347268445835,0.18,-0.20235960832701572
1777027872.8143256,tb7,0.33018223726380336,0.12532223697465433,0.18,-0.19744800269764493
1777027872.8196182,tb3,-0.016244656492895724,1.5496229232729553,0.18,-0.4571348755368168
1777027872.8530586,tb2,0.6934993350623344,0.6032425807958317,0.18,-0.25316947074354446
1777027872.8601475,tb1,-0.26080799728129567,0.9209344058972684,0.18,-0.2079993113385935
1777027872.8643112,tb7,0.32117156470539115,0.12650872939177227,0.18,-0.19786851443361875
1777027872.8695269,tb3,-0.007042026484664321,1.5498077752749846,0.18,-0.45864839535133634
1777027872.902904,tb2,0.691792149565743,0.594290344637813,0.18,-0.25301728034265586
1777027872.910179,tb1,-0.2653976130811829,0.9287835748562935,0.18,-0.21368449999301342
1777027872.9142516,tb7,0.31217283087389475,0.12778416752497063,0.18,-0.1982672217879492
1777027872.919518,tb3,0.0021632086891691573,1.5497822586480166,0.18,-0.46006324978300445
1777027872.9531252,tb2,0.691792149565743,0.594290344637813,0.18,-0.25520294165556023
1777027872.960138,tb1,-0.2699060980981011,0.9366826688109313,0.18,-0.21946626273771097
1777027872.9643419,tb7,0.30318697318524745,0.12914863021601428,0.18,-0.1986387187979547
1777027872.969625,tb3,0.011366114675153033,1.5495456015671794,0.18,-0.46139130110172677
1777027873.0030699,tb2,0.6899718232842394,0.5853605016835043,0.18,-0.2552652179597685
1777027873.0106618,tb1,-0.2699060980981011,0.9366826688109313,0.18000000000000002,-0.2162787644266282
1777027873.014452,tb7,0.30318697318524745,0.12914863021601428,0.18,-0.1966506404642509
1777027873.0195587,tb3,0.020561829278957156,1.5490971823542752,0.18,-0.46259930592087095
1777027873.053119,tb2,0.688037947582243,0.5764535805427968,0.18,-0.2553812208216847
1777027873.0601985,tb1,-0.27433045368925385,0.9446325530992223,0.18,-0.2221383381448937
1777027873.0644367,tb7,0.2942148999368493,0.13060218499060955,0.18,-0.19698302464259917
1777027873.0696037,tb3,0.029745398878558663,1.5484364910624933,0.18,-0.4607756170422828
1777027873.1029575,tb2,0.6859905510193364,0.567572027698058,0.18,-0.2557573482157881
1777027873.110287,tb1,-0.2786676415272994,0.9526294795558151,0.18,-0.2288210959820341
1777027873.1143959,tb7,0.2852584503381599,0.1321441861575965,0.18,-0.19749327831989905
1777027873.1195428,tb3,0.029745398878558663,1.5484364910624933,0.18,-0.46679043792086017
1777027873.1530626,tb2,0.6838298917715185,0.5587172427147454,0.18,-0.2564090665420193
1777027873.1601965,tb1,-0.28291786948464875,0.960676328920183,0.18,-0.23554225781068797
1777027873.1643572,tb7,0.27631745529623297,0.13377429270803812,0.18,-0.19797416152359906
1777027873.1696382,tb3,0.03891074552495695,1.547564019821514,0.18,-0.4680766597881166
1777027873.2029881,tb2,0.6815561123481881,0.5498905754712392,0.18,-0.25729277436525694
1777027873.2102501,tb1,-0.2870778251613507,0.9687739262011542,0.18,-0.24221505186829678
1777027873.2143836,tb7,0.2673927355869896,0.13549258554917235,0.18,-0.1984008806788964
1777027873.2195628,tb3,0.048055897151169674,1.5464786953926797,0.18,-0.4687896455046302
1777027873.2530754,tb2,0.6791692410090095,0.5410934372163497,0.18,-0.25839433707293746
1777027873.2602363,tb1,-0.29114386726178465,0.9769226445361137,0.18,-0.24887217377358103
1777027873.2643983,tb7,0.25848523262860607,0.13729913645881411,0.18,-0.19877593540509927
1777027873.26978,tb3,0.05717371501758044,1.545179758840901,0.18,-0.46938371778476035
1777027873.3031251,tb2,0.676669176269674,0.5323272570270132,0.18,-0.25967050638498823
1777027873.3102067,tb1,-0.29511243828535233,0.9851230588238115,0.18,-0.25545827721330727
1777027873.3142898,tb7,0.24959588516624703,0.139193981720296,0.18,-0.1991032608746609
1777027873.3196392,tb3,0.06625893561379147,1.5436674955385705,0.18,-0.4698465621878028
1777027873.35298,tb2,0.6740557376919176,0.5235935755123032,0.18,-0.2610933855924394
1777027873.3602803,tb1,-0.2989797054868803,0.9933753985660192,0.18,-0.2619821830338986
1777027873.3642988,tb7,0.24072563780157555,0.1411771224281261,0.18,-0.19937310955645116
1777027873.369494,tb3,0.07530643065516315,1.541942421148715,0.18,-0.47020271327240826
1777027873.4030995,tb2,0.671328713667968,0.5148939975525368,0.18,-0.2626593218497099
1777027873.410228,tb1,-0.3027419473511326,1.0016794947166947,0.18,-0.2685149277921195
1777027873.414324,tb7,0.23187544182940276,0.1432485112150181,0.18,-0.19959191391493275
1777027873.4196382,tb3,0.0843110948415883,1.5400052608945063,0.18,-0.47047250137218255
1777027873.452966,tb2,0.671328713667968,0.5148939975525368,0.18,-0.26419177127969334
1777027873.4601176,tb1,-0.3063955904096946,1.0100353916073195,0.18,-0.2750241656018097
1777027873.464253,tb7,0.22304622680313577,0.14540806378322496,0.18,-0.1997632471908766
1777027873.4696436,tb3,0.0932678781750482,1.5378569139306169,0.18,-0.47061988303706587
1777027873.503056,tb2,0.6684878461633142,0.5062301549691636,0.18,-0.265797272111407
1777027873.5101511,tb1,-0.30993691461189865,1.0184429910415196,0.18,-0.2814828332382952
1777027873.514221,tb7,0.2142389196937388,0.14765566247663736,0.18,-0.19988039966527354
1777027873.5194874,tb3,0.10217173975872203,1.5354984530036624,0.18,-0.47063970523924514
1777027873.553051,tb2,0.6655328364690447,0.4976037148244751,0.18,-0.2674819616816318
1777027873.5601692,tb1,-0.30993691461189865,1.0184429910415196,0.18,-0.2786051003771728
1777027873.5641847,tb7,0.20545444707849167,0.14999114975397998,0.18,-0.19994524956151966
1777027873.5695953,tb3,0.11101766964360786,1.5329311422160459,0.18,-0.47056067529113144
1777027873.6030443,tb2,0.662463458502668,0.4890164873759762,0.18,-0.26924875919490415
1777027873.6101844,tb1,-0.3133621984594574,1.0269018431915422,0.18,-0.2850847720029973
1777027873.6143224,tb7,0.20545444707849167,0.14999114975397998,0.18,-0.19777185432272437
1777027873.6194806,tb3,0.11980072081418537,1.530156422346904,0.18,-0.47033683713673596
1777027873.6529946,tb2,0.6592794567473,0.4804702185388268,0.18,-0.271068819364344
1777027873.660219,tb1,-0.316668399855428,1.035406998338162,0.18,-0.29243271115479197
1777027873.664279,tb7,0.19669372386712383,0.15241433151191838,0.18,-0.1977663841142445
1777027873.669642,tb3,0.11980072081418537,1.530156422346904,0.18,-0.4739832177929342
1777027873.7030094,tb2,0.6559805587880098,0.4719667144750928,0.18,-0.27291961369012147
1777027873.7102385,tb1,-0.3198552173761314,1.0439610152516385,0.18,-0.299735737443843
1777027873.7142944,tb7,0.18795845492311497,0.15492420994406045,0.18,-0.19790181214694366
1777027873.719823,tb3,0.12851598506230438,1.5271759201115558,0.18,-0.4736993604878634
1777027873.7530968,tb2,0.6525665236856458,0.46350785905301073,0.17999999999999997,-0.27479187533593225
1777027873.7602518,tb1,-0.32291875412421134,1.0525635855330076,0.18,-0.30694232909003727
1777027873.764425,tb7,0.1792484267034514,0.1575203434824095,0.18,-0.19797213907346234
1777027873.7696195,tb3,0.13715995500360748,1.5239899693300611,0.18,-0.47287259645640145
1777027873.8030088,tb2,0.649037088181907,0.4550954880616669,0.18,-0.276644027662779
1777027873.8102825,tb1,-0.32585497398975255,1.0612143640047367,0.18,-0.3139752359468499
1777027873.8143294,tb7,0.17056444738800797,0.16020253231966583,0.18,-0.19797478412468342
1777027873.8195493,tb3,0.14572588000803754,1.520600215857158,0.18,-0.4719121287090376
1777027873.8531106,tb2,0.6453920000510768,0.44673156044468937,0.18000000000000002,-0.27846585315563305
1777027873.8602087,tb1,-0.3286594817902914,1.0699124315511057,0.18,-0.320878368335549
1777027873.8644242,tb7,0.1619074183159238,0.1629705465654035,0.18,-0.19789340006679546
1777027873.869595,tb3,0.1542088590445886,1.517008968884333,0.18,-0.47085390798926663
1777027873.9030898,tb2,0.6416311105198931,0.4384181038844566,0.17999999999999997,-0.28024745077209057
1777027873.9102936,tb1,-0.3313281033452678,1.078656608903923,0.18,-0.3276776743775166
1777027873.914309,tb7,0.15327822506195585,0.1658241085157729,0.18,-0.1977477666272307
1777027873.919692,tb3,0.1626042767393282,1.513218701920847,0.18,-0.469691866113967
1777027873.9529145,tb2,0.6377542758169831,0.43015708446872364,0.18,-0.281962792901858
1777027873.9601784,tb1,-0.33385675816276095,1.0874459218871824,0.18,-0.3343440956851475
1777027873.964236,tb7,0.14467774137643613,0.16876288792420388,0.18,-0.19753006747296464
1777027873.9695466,tb3,0.1709076156612949,1.5092320771390184,0.18,-0.4684079918408417
1777027874.002973,tb2,0.6337614222384077,0.42195054713864993,0.17999999999999997,-0.28360669746635736
1777027874.010211,tb1,-0.33624125905122265,1.0962788589065182,0.18,-0.3408955159855965
1777027874.014361,tb7,0.13610681629239746,0.1717865108052433,0.18,-0.19723501431920384
1777027874.0197499,tb3,0.17911454854041792,1.5050518678225961,0.18,-0.4670327465397947
1777027874.0531163,tb2,0.6337614222384077,0.42195054713864993,0.18,-0.28437201985122657
1777027874.0603068,tb1,-0.33847763986647084,1.1051536779288509,0.18,-0.341179928337176
1777027874.0642636,tb7,0.12756628287825947,0.17489455840269785,0.18,-0.1968842249648857
1777027874.0696208,tb3,0.18722080252996384,1.5006810093773593,0.18,-0.4655140935158627
1777027874.1029706,tb2,0.6296526038452122,0.41380055039120955,0.18,-0.2858653985781676
1777027874.110248,tb1,-0.33847763986647084,1.1051536779288509,0.18,-0.34492268089477013
1777027874.114764,tb7,0.11905695518146991,0.17808655988096503,0.18,-0.17861281214905866
1777027874.119502,tb3,0.19522223522247406,1.4961226148045246,0.18,-0.4638785369503767
1777027874.1530464,tb2,0.6254282169872398,0.40570930290827634,0.18,-0.2873367983119621
1777027874.1602397,tb1,-0.34056259630858476,1.1140660821921655,0.18,-0.35190174382150574
1777027874.164334,tb7,0.11905695518146991,0.17808655988096503,0.18,-0.19415461103439838
1777027874.1703742,tb3,0.20311489295880467,1.4913798866951733,0.18,-0.4351456660655439
1777027874.2032325,tb2,0.6210884412899506,0.3976785354426555,0.18,-0.288690087686973
1777027874.210182,tb1,-0.3424946732118749,1.1230149760055932,0.18,-0.35903604495731584
1777027874.2142584,tb7,0.11058499514858035,0.1813557807663947,0.18,-0.19512923416050204
1777027874.21948,tb3,0.20311489295880467,1.4913798866951733,0.18,-0.4660483381798857
1777027874.2531064,tb2,0.6166335088945012,0.3897102638754006,0.18,-0.2899377039742248
1777027874.2603717,tb1,-0.3442706636200885,1.131999672802789,0.18,-0.3659752711097224
1777027874.264363,tb7,0.10213822615625183,0.18470664772673637,0.18,-0.1947184495407971
1777027874.2695649,tb3,0.21088899126763774,1.4864669176187153,0.18,-0.46658538443879904
1777027874.3031204,tb2,0.6120637597396523,0.38180654668782094,0.18,-0.29107438559933907
1777027874.3101966,tb1,-0.34588639264500515,1.1410179835297167,0.18,-0.37281533386532956
1777027874.3144286,tb7,0.09372419029946441,0.18813974457474128,0.18,-0.19413732289911037
1777027874.3196564,tb3,0.21856026477661167,1.4813722166212335,0.18,-0.46402093563890057
1777027874.3530736,tb2,0.6073795837793304,0.37396938226369064,0.18,-0.2920754342800629
1777027874.3602047,tb1,-0.3473377465738371,1.1500678959741093,0.18,-0.3794303500971857
1777027874.3643687,tb7,0.08534421703343997,0.19165452735531605,0.18,-0.19349858210759277
1777027874.3696005,tb3,0.226110565390898,1.4761001748955314,0.18,-0.4611343449762364
1777027874.4029694,tb2,0.6025815071751754,0.3662008195159773,0.18,-0.29294564883771707
1777027874.4101396,tb1,-0.3486204941467518,1.1591465269018062,0.18,-0.38590952099217657
1777027874.4142306,tb7,0.0769990281609492,0.1952503770096507,0.18,-0.19280592692034074
1777027874.419529,tb3,0.23353539959355776,1.4706550483377459,0.18,-0.45817235151319097
1777027874.4529352,tb2,0.5976701680111908,0.3585028414185037,0.18,-0.29368627102108147
1777027874.4601247,tb1,-0.34973075488582017,1.168251105217365,0.18,-0.3922472777535383
1777027874.4642878,tb7,0.06868931114699409,0.19892664373367608,0.18,-0.19205099501205875
1777027874.4695194,tb3,0.24083157373716077,1.4650410114005787,0.18,-0.4551523040899283
1777027874.5031004,tb2,0.5976701680111908,0.3585028414185037,0.18,-0.2939174378853044
1777027874.5102708,tb1,-0.35066480658361154,1.1773784913600889,0.18,-0.39847404731270775
1777027874.5142748,tb7,0.06041571510612658,0.2026826572454778,0.18,-0.19124785737227656
1777027874.5196905,tb3,0.2479961598859453,1.4592622455313171,0.18,-0.4520714261576214
1777027874.5530186,tb2,0.5926462984647242,0.35087738179587585,0.18,-0.29446419566249854
1777027874.5603359,tb1,-0.35066480658361154,1.1773784913600889,0.18,-0.3965043545033966
1777027874.5642843,tb7,0.05217889505491226,0.20651767707094965,0.18,-0.190403185633869
1777027874.569599,tb3,0.25502632096958,1.4533231770284423,0.18,-0.44892512663398
1777027874.603018,tb2,0.5875108661075293,0.343326404482103,0.18,-0.29491168196507095
1777027874.6102886,tb1,-0.35141889014929806,1.1865257654540642,0.18,-0.40264747555295277
1777027874.614311,tb7,0.05217889505491226,0.20651767707094965,0.18,-0.18799979247745963
1777027874.619621,tb3,0.2619195999745412,1.4472281368064124,0.18,-0.4362622782225146
1777027874.6530607,tb2,0.5822647372154593,0.33585157152187234,0.18,-0.2952157955868064
1777027874.6602302,tb1,-0.3519910148541543,1.1956859658993972,0.18,-0.4094085000904862
1777027874.664401,tb7,0.04397946936788735,0.21043093442446453,0.18,-0.18710770183607717
1777027874.6696122,tb3,0.2619195999745412,1.4472281368064124,0.18,-0.4496619808981493
1777027874.7031167,tb2,0.576908875934696,0.32845471237660967,0.18,-0.29537518431757925
1777027874.7102177,tb1,-0.35237971859126765,1.2048590290294803,0.18,-0.415987992990483
1777027874.7142923,tb7,0.03581842567977861,0.21442101292236582,0.18,-0.18633123770401497
1777027874.719469,tb3,0.26867255474798557,1.4409852714701685,0.18,-0.44709525555207275
1777027874.7530544,tb2,0.5714443547348586,0.32113760859917284,0.18,-0.2953999415860486
1777027874.760178,tb1,-0.3525811610545602,1.2140415921689298,0.18,-0.4223519146640004
1777027874.7643564,tb7,0.027695503717298363,0.21848715819145154,0.18,-0.18551150729569102
1777027874.7695663,tb3,0.2752885045402602,1.4345905185810248,0.18,-0.4430552928242167
1777027874.802918,tb2,0.5658723488448952,0.3139019710916517,0.18,-0.295293291566931
1777027874.8102117,tb1,-0.35259169189825257,1.2232294346389092,0.18,-0.42856291980603073
1777027874.8143587,tb7,0.01961116907328996,0.222628666210616,0.18,-0.1846455587627639
1777027874.8197055,tb3,0.28175868669330534,1.428050359746898,0.18,-0.43888789652972127
1777027874.8530698,tb2,0.5601941118632954,0.30674943248876907,0.18,-0.29505623719600244
1777027874.8602188,tb1,-0.35240803401229137,1.2324184864781906,0.18,-0.4346220105701297
1777027874.8642735,tb7,0.01156595764177381,0.22684481127126158,0.18,-0.18374015827812593
1777027874.8696523,tb3,0.2880808954357561,1.421369721045126,0.18,-0.434672128669896
1777027874.9030006,tb2,0.5544109883263136,0.29968156455461387,0.18,-0.2946955850236158
1777027874.9104054,tb1,-0.3520268891023066,1.2416046462126735,0.18,-0.44048136685391015
1777027874.9144173,tb7,0.0035604092955055272,0.23113479676332407,0.18,-0.18279572920807058
1777027874.919575,tb3,0.2942535003146458,1.4145535508043081,0.18,-0.4304646028328364
1777027874.953094,tb2,0.5544109883263136,0.29968156455461387,0.18,-0.2944436874049864
1777027874.960153,tb1,-0.35144528349030946,1.2507831067652002,0.18,-0.44623130325786775
1777027874.9643407,tb7,-0.0044050439498361455,0.2354978573569905,0.18,-0.18183101876368418
1777027874.969597,tb3,0.3002753489123929,1.4076064788516056,0.18,-0.4262269456288995
1777027875.0033717,tb2,0.5485243857168768,0.29269986154258554,0.18,-0.2939045330882569
1777027875.0107028,tb1,-0.35144528349030946,1.2507831067652002,0.18,-0.44489339359409913
1777027875.0144145,tb7,-0.0044050439498361455,0.2354978573569905,0.18,-0.17935515645111222
1777027875.019592,tb3,0.3061452362325067,1.4005333946354437,0.18,-0.4219852848556321
1777027875.0534768,tb2,0.5425357139770856,0.28580573597551134,0.18,-0.2932355657778801
1777027875.0601394,tb1,-0.35066038807696076,1.2599493029460371,0.18,-0.4505949738180979
1777027875.0645914,tb7,-0.012329934920134962,0.23993318123248294,0.18,-0.17834834510494563
1777027875.0703216,tb3,0.3061452362325067,1.4005333946354437,0.18,-0.4258607006933109
1777027875.1030354,tb2,0.536446521584306,0.27900060988983955,0.18,-0.29245378224672447
1777027875.1101832,tb1,-0.3496714926595783,1.2690958311580736,0.18,-0.4567497274132871
1777027875.1143045,tb7,-0.020213409763841637,0.24443928781275714,0.18,-0.17749210062936038
1777027875.1196318,tb3,0.31186232552575943,1.3933390087431619,0.18,-0.42151834166778374
1777027875.1530797,tb2,0.5302584356958908,0.272285787406665,0.18,-0.2915648504545966
1777027875.1602705,tb1,-0.34847714185009304,1.278220802541305,0.18,-0.4627254893847473
1777027875.1642714,tb7,-0.028055850708670237,0.2490154006698683,0.18,-0.17661880167339536
1777027875.169524,tb3,0.3174264316354728,1.3860240588183694,0.18,-0.4164429111690268
1777027875.202927,tb2,0.5239731446364295,0.26566246369126795,0.18,-0.2905799108518505
1777027875.210224,tb1,-0.3470745492334867,1.2873193446235083,0.18,-0.46844948087275673
1777027875.2143319,tb7,-0.03585694124139418,0.2536607633733091,0.18,-0.17572614771993778
1777027875.2196474,tb3,0.3228332586307983,1.3785950178258128,0.18,-0.4113987190753888
1777027875.2530816,tb2,0.5175923368757804,0.2591317390920747,0.18,-0.28948991455906575
1777027875.2602959,tb1,-0.34546133050400346,1.2963856795498938,0.18,-0.4740125539563093
1777027875.2644167,tb7,-0.0436163371266972,0.25837463400076155,0.18,-0.17481499182960025
1777027875.2696428,tb3,0.3280825573574701,1.3710567745050446,0.18,-0.40636412071984224
1777027875.3034494,tb2,0.5111177936867994,0.25269468505604165,0.18,-0.28830686328935023
1777027875.3100948,tb1,-0.3436353442393276,1.3054145013802954,0.18,-0.4793719646960408
1777027875.3141646,tb7,-0.05133364216566438,0.2631562423554759,0.18,-0.17391610998791796
1777027875.319487,tb3,0.3331741540215156,1.3634142749261735,0.18,-0.4013815285545402
1777027875.352961,tb2,0.5111177936867994,0.25269468505604165,0.18,-0.28768978786785465
1777027875.360098,tb1,-0.3415945621109162,1.3144000968525043,0.18,-0.4845178374288849
1777027875.364201,tb7,-0.05900850305374874,0.26800478957010315,0.18,-0.1730092477138026
1777027875.3695717,tb3,0.33810829274148013,1.3556721609049944,0.18,-0.39645389554417515
1777027875.4031549,tb2,0.5045513604397591,0.24635226704495602,0.18,-0.28638232097568045
1777027875.410153,tb1,-0.339337567403637,1.3233363254684996,0.18,-0.4895283517177383
1777027875.4142256,tb7,-0.06664063064663717,0.2729195647384185,0.18,-0.17210344765840457
1777027875.419696,tb3,0.3428852317992506,1.3478347758561096,0.18,-0.39151950439086747
1777027875.4531152,tb2,0.4978945269413501,0.2401052820014031,0.18,-0.2849317276752466
1777027875.460241,tb1,-0.339337567403637,1.3233363254684996,0.18,-0.48902560311524434
1777027875.464259,tb7,-0.07422967738978603,0.27789981972345884,0.18,-0.17120783643670218
1777027875.469491,tb3,0.3475051895602744,1.3399066015363934,0.18,-0.3865692528238174
1777027875.5030224,tb2,0.49114923898844687,0.23395488265365108,0.18,-0.28340475764844986
1777027875.5102565,tb1,-0.3368631646105181,1.3322172906914527,0.18,-0.4940044150846942
1777027875.5142357,tb7,-0.08177532447092682,0.28294480677531647,0.18,-0.17033273201622476
1777027875.5194595,tb3,0.3519685788658014,1.3318919265009244,0.18,-0.38162729619414953
1777027875.5531466,tb2,0.48431738148489883,0.22790181816859764,0.18,-0.2817991261672037
1777027875.560209,tb1,-0.33417225613006124,1.3410351158225515,0.18,-0.4993564530409544
1777027875.564388,tb7,-0.08177532447092682,0.28294480677531647,0.18,-0.16777497116958345
1777027875.5702717,tb3,0.3562758996524833,1.323794914685862,0.18,-0.35163054967416635
1777027875.6031146,tb2,0.47740085300647844,0.22194678941079232,0.18,-0.28012612009398397
1777027875.610322,tb1,-0.33126458360876815,1.3497863647618318,0.18,-0.5045344396671924
1777027875.614317,tb7,-0.0892772413874602,0.28805378690752903,0.18,-0.16692710188966162
1777027875.6195,tb3,0.3562758996524833,1.323794914685862,0.18,-0.38012816763002927
1777027875.6529264,tb2,0.4704017076246451,0.2160904738059021,0.18,-0.2784196847042581
1777027875.6602092,tb1,-0.32813915630728296,1.3584652607852863,0.18,-0.5093861322225955
1777027875.6644206,tb7,-0.09673476023981588,0.2932252391752528,0.18,-0.16626364116275189
1777027875.6700063,tb3,0.360428484840289,1.3156302792821648,0.18,-0.37714404777787996
1777027875.7030303,tb2,0.46332184479965255,0.21033327228981738,0.18,-0.2766561852260028
1777027875.7103052,tb1,-0.3247953003347227,1.3670649428869557,0.18,-0.5140465670888429
1777027875.7143831,tb7,-0.10414850034881573,0.29845861365226806,0.18,-0.16564452504465604
1777027875.7199628,tb3,0.3644337719449386,1.307381045106448,0.18,-0.37140750711754317
1777027875.7529488,tb2,0.45616320024565415,0.2046756597040254,0.18,-0.2748430964551267
1777027875.7601943,tb1,-0.3212328557907439,1.3755788565215257,0.18,-0.5184985868465544
1777027875.7642891,tb7,-0.11151819608703266,0.303753303117696,0.18,-0.1650558801286386
1777027875.769543,tb3,0.3682817561267504,1.299059215021306,0.18,-0.36552918421521674
1777027875.8029764,tb2,0.44892775672192536,0.19911805248093326,0.18,-0.2729869816477421
1777027875.810167,tb1,-0.31745190010608104,1.3840004705552347,0.18,-0.5227221203414336
1777027875.8143444,tb7,-0.11884352908269782,0.3091086944424947,0.18,-0.16449454803927457
1777027875.8194797,tb3,0.3719729563028421,1.2906697214604674,0.18,-0.3597868828704192
1777027875.8529983,tb2,0.44161743993791225,0.19366076920135944,0.18,-0.27108764606911384
1777027875.860184,tb1,-0.313452901487133,1.3923230383553233,0.18,-0.5267382945642671
1777027875.8643856,tb7,-0.12612419418458007,0.3145241972267266,0.18,-0.1639737978795974
1777027875.8698123,tb3,0.3755088556466096,1.2822165998971953,0.18,-0.35418153313282
1777027875.9030733,tb2,0.43423418995624047,0.18830409775504242,0.18,-0.269148786844242
1777027875.9102597,tb1,-0.30923662857784484,1.400539896070401,0.18,-0.5305401206172858
1777027875.9143114,tb7,-0.1333598723359985,0.3199992292708403,0.18,-0.16350681151242794
1777027875.9196265,tb3,0.378890996900988,1.273703750498906,0.18,-0.34865737636709515
1777027875.9531317,tb2,0.43423418995624047,0.18830409775504242,0.18,-0.268045573498961
1777027875.960151,tb1,-0.30480409835199496,1.4086443516701288,0.18,-0.534108731037534
1777027875.9642422,tb7,-0.14055024654962223,0.3255332167944822,0.18,-0.1630955243467681
1777027875.9695814,tb3,0.38212104315626316,1.265135071222226,0.18,-0.34328457751437874
1777027876.0030904,tb2,0.42678001173515456,0.1830482578884092,0.18,-0.26605062552950204
1777027876.0100822,tb1,-0.3001567669782505,1.416629596925968,0.18,-0.5255709225243045
1777027876.014286,tb7,-0.14769501079214395,0.33112563152529695,0.18,-0.16273713287753103
1777027876.0195923,tb3,0.3852007747985288,1.2565139620835797,0.18,-0.33800950615104375
1777027876.0530977,tb2,0.4192564519685402,0.17789334842387305,0.18,-0.2639597409754301
1777027876.0602312,tb1,-0.3001567669782505,1.416629596925968,0.18,-0.5383384958537933
1777027876.0644155,tb7,-0.14769501079214395,0.33112563152529695,0.18,-0.16013989997671715
1777027876.0694785,tb3,0.3881318957286638,1.2478440089707572,0.18,-0.33284033843549954
1777027876.1030307,tb2,0.41166564214288165,0.17283984478377484,0.18,-0.2618639816523985
1777027876.1101649,tb1,-0.2953010005992742,1.4244862808112189,0.18,-0.5427003342249538
1777027876.1143043,tb7,-0.15479383285758389,0.33677596333409543,0.18,-0.15984780848445423
1777027876.1195786,tb3,0.3881318957286638,1.2478440089707572,0.18,-0.3358345413310377
1777027876.1529713,tb2,0.40400951560639686,0.16788771888993975,0.18,-0.259759617176106
1777027876.1603146,tb1,-0.29023463318375337,1.4322153133058522,0.18,-0.5459560251397559
1777027876.1642947,tb7,-0.16184590432588833,0.3424826430343964,0.18,-0.1598373090147523
1777027876.1695538,tb3,0.39091624252838925,1.2391285444532971,0.18,-0.33074159656809937
1777027876.2029696,tb2,0.3962899804976049,0.16303693761823213,0.18,-0.25764925264612676
1777027876.2102795,tb1,-0.28495981341279863,1.4398060843539013,0.18,-0.5488608093626647
1777027876.2143793,tb7,-0.16885200968347014,0.3482454671287644,0.18,-0.15989965938489695
1777027876.219548,tb3,0.3935547891112916,1.2303668494194275,0.18,-0.3250160857250908
1777027876.2529895,tb2,0.38850896578435173,0.15828742941996765,0.18,-0.2555441509822266
1777027876.260305,tb1,-0.2794791162456758,1.4472514948783197,0.18,-0.5514951336490975
1777027876.2644477,tb7,-0.17581183718883786,0.3540641032058088,0.18,-0.16002350839125848
1777027876.269658,tb3,0.39604654176823106,1.2215649161321889,0.18,-0.3194233123683825
1777027876.3030672,tb2,0.3806683115615155,0.15363903606924986,0.18,-0.25343773003384956
1777027876.3102725,tb1,-0.2737954527887441,1.454544889854341,0.18,-0.5538666233061207
1777027876.3143113,tb7,-0.1827249552383021,0.3599382203362953,0.18,-0.16022287458564827
1777027876.3196166,tb3,0.3983935150626628,1.212726179653624,0.18,-0.31401891367034723
1777027876.3530388,tb2,0.37276996664393564,0.1490915900905818,0.18,-0.2513584420467833
1777027876.3601902,tb1,-0.26791201156430616,1.4616797863844282,0.18,-0.5559643881781391
1777027876.364233,tb7,-0.18959091310101436,0.36586751750628305,0.18000000000000002,-0.1604872144506455
1777027876.3695157,tb3,0.4005979840298613,1.2038537849939495,0.18,-0.30883550333287996
1777027876.4028878,tb2,0.3648157363215738,0.14464480308680405,0.18,-0.23759169840625863
1777027876.4101045,tb1,-0.26183235241143943,1.4686497523964988,0.18,-0.5577981665187093
1777027876.4142487,tb7,-0.19640923031405833,0.37185172453502907,0.18,-0.16081810706983393
1777027876.4194958,tb3,0.40266233517758565,1.1949505209892108,0.18,-0.303858817690174
1777027876.4532394,tb2,0.3648157363215738,0.14464480308680405,0.18,-0.2478782490485581
1777027876.460104,tb1,-0.2555605029192418,1.4754485174220582,0.18,-0.5593968716771857
1777027876.4642868,tb7,-0.20317939390055798,0.3778905778104466,0.18,-0.16121873872058265
1777027876.4696777,tb3,0.4045887545902591,1.1860188552868438,0.18,-0.29904364325243
1777027876.5030143,tb2,0.3568129888878694,0.14029856596831122,0.18,-0.2469157200698145
1777027876.5102365,tb1,-0.24910073134543162,1.4820700959553728,0.18,-0.5269022670866388
1777027876.514205,tb7,-0.20990087866194704,0.38398384289334797,0.18,-0.16171275842291608
1777027876.5194638,tb3,0.40637925700476824,1.177061356095036,0.18000000000000002,-0.29436943927595877
1777027876.5529737,tb2,0.3487542177784819,0.13604784465710362,0.18,-0.2447840230828742
1777027876.560141,tb1,-0.24910073134543162,1.4820700959553728,0.18,-0.5628271978413936
1777027876.564261,tb7,-0.21657313564451056,0.3901313161832107,0.18,-0.1622760603165609
1777027876.5695162,tb3,0.40803582129337007,1.16808039815651,0.18,-0.28983144087497176
1777027876.6030233,tb2,0.3406439757011875,0.13189731429600954,0.18,-0.24255421340840913
1777027876.6103084,tb1,-0.2424737152156521,1.488503948438924,0.18,-0.5676265940765792
1777027876.614356,tb7,-0.21657313564451056,0.3901313161832107,0.18,-0.15967747666954935
1777027876.61956,tb3,0.40956037447531574,1.1590782908439559,0.18,-0.28545762314931006
1777027876.6532314,tb2,0.332484316891619,0.12784709414936138,0.18,-0.24034471686001502
1777027876.6602464,tb1,-0.23566191903099803,1.4947654376483557,0.18,-0.5685368249979311
1777027876.664269,tb7,-0.22319557766076298,0.3963327935445519,0.18,-0.16035217136801394
1777027876.6695228,tb3,0.40956037447531574,1.1590782908439559,0.18,-0.2878715959002289
1777027876.7028966,tb2,0.32427701603501413,0.12389683479571706,0.18,-0.23819356689937618
1777027876.7102602,tb1,-0.22867421511288358,1.500833121955543,0.18,-0.5688209225426921
1777027876.714375,tb7,-0.22976710342298795,0.4025865922499649,0.17999999999999997,-0.1614047811442854
1777027876.7195535,tb3,0.4109548114333006,1.1500572269543767,0.18,-0.28358658935237047
1777027876.7530801,tb2,0.3160237327399843,0.12004607522757059,0.18,-0.2360654920620353
1777027876.76019,tb1,-0.22151667289497387,1.5067000747106118,0.18,-0.5688527719964251
1777027876.7642615,tb7,-0.23628859631217505,0.40889303937743365,0.18,-0.1625674406434891
1777027876.769517,tb3,0.412219889598416,1.1410163372119715,0.18,-0.2788459137853728
1777027876.8029716,tb2,0.3077260923322721,0.1162943664928099,0.18,-0.233984280535964
1777027876.8101501,tb1,-0.2141951262404137,1.5123612032514138,0.18,-0.5686682882708147
1777027876.8142564,tb7,-0.24275945968475304,0.4152521843843537,0.18,-0.16379248112097167
1777027876.8194535,tb3,0.4133555977081388,1.1319604483836077,0.18,-0.2742918444871251
1777027876.852926,tb2,0.299385710074186,0.11264124661411579,0.18,-0.23194390493134484
1777027876.8602097,tb1,-0.20671557349124384,1.51781181905755,0.18,-0.5682764911557315
1777027876.8642788,tb7,-0.24917890081068902,0.42166406103044823,0.18,-0.16508419342805386
1777027876.8695917,tb3,0.4143640415320835,1.1228918355038469,0.18,-0.2699871674617916
1777027876.9029763,tb2,0.2910041023303622,0.10908623425217746,0.18,-0.22993511285760068
1777027876.9102747,tb1,-0.19908419404811267,1.5230475252841518,0.18,-0.5676726622248678
1777027876.9142742,tb7,-0.2555460642840706,0.42812867234417257,0.18,-0.16645636413118872
1777027876.9195018,tb3,0.4152473742727722,1.1138122426889703,0.18,-0.26587240571806164
1777027876.9530706,tb2,0.2825827809150374,0.10562887527667912,0.18,-0.2279607098935449
1777027876.9602811,tb1,-0.19130735434599655,1.5280641955759091,0.18,-0.5668554980734853
1777027876.9643247,tb7,-0.26186010851579195,0.43464605358247577,0.18000000000000002,-0.16790537156632912
1777027876.9696245,tb3,0.41600754528170103,1.1047235700577545,0.18,-0.26198310501522953
1777027877.002907,tb2,0.27412324691700757,0.10226869986540194,0.18,-0.226036368574291
1777027877.0104134,tb1,-0.18339161256188657,1.5328579951428019,0.18,-0.5658446829104371
1777027877.0143042,tb7,-0.2681201553281358,0.4412162967552488,0.18,-0.16943149726811438
1777027877.0195053,tb3,0.41664655048858157,1.0956275976139633,0.18,-0.2583085549645392
1777027877.0535278,tb2,0.2656269466185103,0.09900521724105597,0.18,-0.22412656184179647
1777027877.0601578,tb1,-0.17534362551751037,1.5374254074694185,0.18,-0.5646054700912598
1777027877.0648508,tb7,-0.2743252339966371,0.4478394329834392,0.18,-0.1710146511573581
1777027877.0702603,tb3,0.41716627572190407,1.0865257967101218,0.18,-0.25485427051802123
1777027877.1031048,tb2,0.2656269466185103,0.09900521724105597,0.18,-0.222415046184896
1777027877.1103501,tb1,-0.16717026761672554,1.5417632035083495,0.18,-0.542409549887273
1777027877.114246,tb7,-0.280474392248713,0.4545155684368125,0.18,-0.17273652327340483
1777027877.1195595,tb3,0.4175684741689798,1.077419797913771,0.18,-0.2515418386866515
1777027877.1530125,tb2,0.25709536331808996,0.0958379530166043,0.18,-0.22056568633075768
1777027877.1601658,tb1,-0.16717026761672554,1.5417632035083495,0.18,-0.5665015155172767
1777027877.1643941,tb7,-0.2865666125701416,0.46124488673852854,0.18,-0.16860212850370407
1777027877.169592,tb3,0.417854932961274,1.0683111711618172,0.17999999999999997,-0.24845855653227905
1777027877.203066,tb2,0.24852983745554907,0.09276635239050296,0.18,-0.21875561394704574
1777027877.210335,tb1,-0.15888834783202183,1.545868784392465,0.18,-0.5671414671491443
1777027877.2143822,tb7,-0.2865666125701416,0.46124488673852854,0.17999999999999997,-0.17194815504398844
1777027877.2195518,tb3,0.417854932961274,1.0683111711618172,0.18,-0.2502785904634709
1777027877.2530208,tb2,0.23993173399786677,0.08978993354325233,0.18,-0.21699947971466732
1777027877.260211,tb1,-0.15048634358275048,1.549747093170588,0.18,-0.5649146350037808
1777027877.2644265,tb7,-0.2926001141252882,0.46802485488123097,0.18,-0.17429388956804184
1777027877.269623,tb3,0.41802729652218057,1.059201187048495,0.18,-0.247327690106628
1777027877.3029726,tb2,0.2313023957904813,0.0869081621394687,0.18,-0.21529786140304866
1777027877.3101373,tb1,-0.1419778264641591,1.5533857398696564,0.18,-0.5623048261447785
1777027877.314289,tb7,-0.2985765071562261,0.4748571533447742,0.18,-0.17661515163464298
1777027877.3194573,tb3,0.41808606718862074,1.0500893156427271,0.18000000000000002,-0.2441421016002049
1777027877.352996,tb2,0.22264313145356557,0.08412048768168842,0.18,-0.21364925096392243
1777027877.360317,tb1,-0.1333709761712352,1.5567820436974877,0.18,-0.5595900732649569
1777027877.3644073,tb7,-0.30449411432025486,0.4817419793145917,0.18000000000000002,-0.17895435395601772
1777027877.3696427,tb3,0.4180317030459495,1.040978850197295,0.18,-0.24115607712798767
1777027877.4029477,tb2,0.21395513495609852,0.08142637438596169,0.18,-0.21204496304307952
1777027877.410156,tb1,-0.12467323250496393,1.5599345450304591,0.18,-0.5567385920347925
1777027877.4142845,tb7,-0.3103515471634755,0.4886795746854697,0.18,-0.1813495951762711
1777027877.4194863,tb3,0.4178658008603684,1.0318713044051475,0.18,-0.23838873381019424
1777027877.4529295,tb2,0.2052396882585218,0.07882532594811527,0.18,-0.2104940909022365
1777027877.4601736,tb1,-0.11589204475579369,1.5628421075560568,0.18,-0.5538042483988691
1777027877.4642253,tb7,-0.3161474380664055,0.49567018097448984,0.18,-0.18378916934665313
1777027877.4694602,tb3,0.4175899556847473,1.0227678325687644,0.18,-0.23583245731928595
1777027877.5029883,tb2,0.19649790846457318,0.07631684490956571,0.18,-0.20897914680783497
1777027877.5102408,tb1,-0.10703467342020132,1.5655039065369696,0.18,-0.5507560843477751
1777027877.5142643,tb7,-0.3218803813907356,0.5027139843260949,0.18,-0.18628213001600796
1777027877.519496,tb3,0.4172056020784706,1.0136695689262405,0.18,-0.23346730872614074
1777027877.55333,tb2,0.1877309536552048,0.07390048853369177,0.18,-0.20749344636251552
1777027877.560182,tb1,-0.09810844437480305,1.5679193254324184,0.18,-0.5475898316442844
1777027877.5643365,tb7,-0.3275489787351579,0.5098111480011703,0.18,-0.18883792300215801
1777027877.5696402,tb3,0.4167140466217503,1.0045776177516914,0.18,-0.2312786173226538
1777027877.6029594,tb2,0.1877309536552048,0.07390048853369177,0.18,-0.2056038518527773
1777027877.610209,tb1,-0.08912058690527953,1.5700880324751274,0.18,-0.54432067422124
1777027877.61431,tb7,-0.33315182139460575,0.5169618642960668,0.18,-0.19145849891432729
1777027877.6195345,tb3,0.4161165228552197,0.9954931171301208,0.18,-0.22925547649689004
1777027877.6530232,tb2,0.1789399782572087,0.07157580799815404,0.18,-0.20415705361581757
1777027877.6600533,tb1,-0.0800784563968325,1.5720100480125032,0.18,-0.5409689077951764
1777027877.6643524,tb7,-0.3386874376026886,0.5241664252764755,0.18,-0.1941146403380321
1777027877.6695988,tb3,0.4154142158634112,0.9864171478115862,0.18,-0.22740331901394875
1777027877.7029502,tb2,0.17012638294691967,0.06934227576925205,0.18,-0.2028183782533207
1777027877.710207,tb1,-0.0800784563968325,1.5720100480125032,0.18,-0.5449819482391809
1777027877.7141755,tb7,-0.344154228172265,0.5314249554593172,0.18,-0.17393354264611774
1777027877.719455,tb3,0.41460823411689096,0.9773507387355922,0.18,-0.22570107627856545
1777027877.752994,tb2,0.16129110875604083,0.06719927353240435,0.18,-0.20154027247063874
1777027877.760159,tb1,-0.07098901481665172,1.5736856924876546,0.18,-0.5415792741450449
1777027877.7643034,tb7,-0.344154228172265,0.5314249554593172,0.18,-0.19441743201553455
1777027877.7694907,tb3,0.4136995877222847,0.9682948859112802,0.18,-0.2241408542178572
1777027877.803047,tb2,0.15243511893551714,0.06514629172474297,0.18,-0.2002933155804206
1777027877.8101897,tb1,-0.06185592547341909,1.5751141117583238,0.18,-0.5373119004816875
1777027877.8143303,tb7,-0.34954882962830097,0.5387264547576742,0.18,-0.19930048284901383
1777027877.8194468,tb3,0.41268918263500326,0.9592505623796834,0.18000000000000002,-0.2078040542489219
1777027877.8530025,tb2,0.1435594377556235,0.06318292566415053,0.18,-0.19909329204531406
1777027877.8602214,tb1,-0.05268904669966295,1.5762938975633072,0.18,-0.5329514311674469
1777027877.8644152,tb7,-0.35488115910981793,0.5460848339444141,0.18000000000000002,-0.20260792932468055
1777027877.8696554,tb3,0.41268918263500326,0.9592505623796834,0.17999999999999997,-0.22383407567397776
1777027877.902963,tb2,0.1346651342209487,0.06130877086753619,0.18,-0.19794723958314708
1777027877.910224,tb1,-0.043495935545210994,1.5772261500825127,0.18,-0.5286191943294042
1777027877.9142544,tb7,-0.36014198342596976,0.5534973569289765,0.18,-0.2057741209225942
1777027877.9195228,tb3,0.4115817883087119,0.9502241754122306,0.18,-0.2237298032555144
1777027877.9531364,tb2,0.12575316791563124,0.059523386417842036,0.18,-0.19684267183723056
1777027877.9602144,tb1,-0.03428328081094741,1.5779126049358445,0.18,-0.5243019612911312
1777027877.964301,tb7,-0.3653287074797187,0.5609638818583806,0.17999999999999997,-0.2089412413807185
1777027877.9695044,tb3,0.41037553083158806,0.9412041015148868,0.18,-0.22225221953424026
1777027878.0029423,tb2,0.11682447368989075,0.05782638762372397,0.18,-0.1957932540419945
1777027878.010219,tb1,-0.025057702967267895,1.5783549976076308,0.18,-0.5199763058653132
1777027878.0142431,tb7,-0.37043938023498724,0.5684844173263768,0.18,-0.21215519985458448
1777027878.0194886,tb3,0.409068475415579,0.9321982548106985,0.18,-0.22079157821663414
1777027878.0529509,tb2,0.10788000654866955,0.05621742048338781,0.18,-0.19477818875721786
1777027878.060121,tb1,-0.015825668670727353,1.5785551872469303,0.18,-0.5156213393894151
1777027878.0642557,tb7,-0.3754722257015805,0.5760590381513594,0.18,-0.21540321895025005
1777027878.0695372,tb3,0.4076613477673639,0.9232081827186086,0.17999999999999997,-0.21945949684925206
1777027878.102947,tb2,0.09892069648922051,0.05469613783152228,0.18,-0.19380673593585515
1777027878.1101716,tb1,-0.0065935333127414945,1.578515179497569,0.18,-0.5112608225556626
1777027878.1142602,tb7,-0.38042540281354104,0.5836877524790497,0.18,-0.2186939138483532
1777027878.119583,tb3,0.4061550026480444,0.9142348651974082,0.18000000000000002,-0.2182522695677594
1777027878.1529636,tb2,0.08994744993817583,0.0532622053688454,0.18,-0.19287671516021773
1777027878.160205,tb1,0.0026324323514330516,1.5782371956766994,0.18,-0.5069035966737264
1777027878.16433,tb7,-0.3852970731322639,0.5913705749887969,0.17999999999999997,-0.2220169776393361
1777027878.1696453,tb3,0.40455026136999245,0.9052792470202673,0.18,-0.2171631147867566
1777027878.2030146,tb2,0.08096118356328687,0.051915295677399845,0.18,-0.19199200015057039
1777027878.21024,tb1,0.011846253232672164,1.577723640537196,0.18,-0.5025438820287952
1777027878.2142782,tb7,-0.39008533496702974,0.5991075029944497,0.18,-0.22537337748204014
1777027878.2196128,tb3,0.4028478991071077,0.896342226158846,0.18,-0.2161754038054652
1777027878.2529016,tb2,0.07196279851707084,0.050655072748913045,0.18,-0.19116463070172568
1777027878.260251,tb1,0.021041902913189046,1.5769771828443897,0.18,-0.49822992246395775
1777027878.2643666,tb7,-0.3947882213663755,0.6068985802883541,0.18,-0.22873113066329145
1777027878.269539,tb3,0.4010486628209523,0.887424748941306,0.18,-0.21528736729364376
1777027878.3029575,tb2,0.07196279851707084,0.050655072748913045,0.18,-0.18907411194423865
1777027878.3101764,tb1,0.030213864237417697,1.5760006172442587,0.18,-0.4939274476544434
1777027878.3142533,tb7,-0.3994036361842744,0.6147437127724495,0.17999999999999997,-0.23211214222650164
1777027878.3195796,tb3,0.3991532670267966,0.8785276936648239,0.18000000000000002,-0.2144857339420698
1777027878.3531096,tb2,0.06295316686223691,0.04948120230296071,0.18,-0.18827556466083534
1777027878.3604834,tb1,0.039356641007217696,1.5747968405101287,0.18,-0.4610321167606699
1777027878.3642926,tb7,-0.40392948766080516,0.6226427707050516,0.18,-0.2355001026986185
1777027878.3694813,tb3,0.397162360356514,0.8696519363914994,0.18,-0.21375122400587898
1777027878.4030032,tb2,0.05393376774165166,0.04839314881083357,0.18,-0.1876646966870203
1777027878.4102077,tb1,0.039356641007217696,1.5747968405101287,0.18,-0.49389679957329746
1777027878.4144,tb7,-0.40392948766080516,0.6226427707050516,0.18,-0.23333059068370282
1777027878.4194884,tb3,0.39507655867333735,0.8607983808947043,0.18,-0.2130656803769275
1777027878.4530685,tb2,0.044904899793832345,0.047390235131896205,0.18,-0.18709972856133245
1777027878.460226,tb1,0.04845461755167397,1.5733768804326058,0.18,-0.49246930447240395
1777027878.4642682,tb7,-0.40836364640288497,0.6305956094611164,0.18,-0.236753099000251
1777027878.4695008,tb3,0.39507655867333735,0.8607983808947043,0.18,-0.21354847379656455
1777027878.5030758,tb2,0.035867320317469566,0.04647219538937371,0.18,-0.18658080697870816
1777027878.510164,tb1,0.057528806939788006,1.5717366890239257,0.18,-0.48735176736684827
1777027878.5142934,tb7,-0.4127039940852425,0.6385993090152738,0.18,-0.24068177204160926
1777027878.5194898,tb3,0.3928964675606271,0.8519679316454846,0.18,-0.2128719360175928
1777027878.552999,tb2,0.02682182829859396,0.04563879500541578,0.18,-0.18610575917188124
1777027878.5603426,tb1,0.06655855040680603,1.5698738278414994,0.18,-0.4820938816247625
1777027878.5644443,tb7,-0.4169505894148754,0.6466552269773966,0.18,-0.244588188404414
1777027878.5695388,tb3,0.3906222873165405,0.8431611072972555,0.18,-0.21214276589860195
1777027878.6030765,tb2,0.017769204013288305,0.044889825635234665,0.18,-0.18566140025417519
1777027878.610247,tb1,0.0755377027738937,1.5677919179836828,0.18,-0.47695319764283417
1777027878.6143417,tb7,-0.4211010720693617,0.6547632141988792,0.18,-0.24847615079051813
1777027878.6196408,tb3,0.3882545108118225,0.834379336544264,0.18,-0.21145636918160182
1777027878.6529398,tb2,0.008710229043039513,0.04422510620488186,0.18,-0.18526338773981715
1777027878.6601238,tb1,0.08446156954681595,1.5654949418660569,0.18,-0.47197102457226453
1777027878.6642401,tb7,-0.42515306461200736,0.6629231311106569,0.18,-0.2523091322217242
1777027878.6695437,tb3,0.38579377514531704,0.8256235441489652,0.18,-0.2108127918446499
1777027878.7029061,tb2,-0.0003543169533418161,0.04364446834480591,0.18,-0.1848989798617971
1777027878.7102444,tb1,0.09332580507154804,1.562986905583157,0.18,-0.4671575254966908
1777027878.7144825,tb7,-0.42910403859246427,0.6711345466352594,0.18,-0.25610092510354426
1777027878.7196503,tb3,0.38324069439400826,0.8168945672898549,0.17999999999999997,-0.2101983831182147
1777027878.7529492,tb2,-0.0003543169533418161,0.04364446834480591,0.18,-0.18273085781882842
1777027878.760128,tb1,0.10212636034079035,1.5602716440633475,0.18,-0.46242548887014395
1777027878.7642496,tb7,-0.43295158238468456,0.6793969633188068,0.18,-0.2598979498390009
1777027878.7694435,tb3,0.3805958594825146,0.8081932695181653,0.18,-0.20960119075302924
1777027878.8029718,tb2,-0.009423650823487189,0.043147764668942386,0.18,-0.18239707389025428
1777027878.8101351,tb1,0.10212636034079035,1.5602716440633475,0.18,-0.46654404179091735
1777027878.8142576,tb7,-0.43669327206156316,0.6877100168073894,0.18,-0.2636441666093258
1777027878.8196318,tb3,0.37785987740973825,0.7995205286796824,0.18,-0.20901952722816763
1777027878.8530562,tb2,-0.01849617838876269,0.0427344405764375,0.18,-0.1822721386486737
1777027878.8602576,tb1,0.11085904665180295,1.5573532232243614,0.18,-0.4619494682425302
1777027878.8643177,tb7,-0.43669327206156316,0.6877100168073894,0.18,-0.26172143145216614
1777027878.8695385,tb3,0.3750333263646492,0.7908771737668733,0.18,-0.2084419868392211
1777027878.9029536,tb2,-0.027571957125690518,0.04240393371879683,0.18,-0.18219524486205588
1777027878.910281,tb1,0.11952297923745255,1.55423227643164,0.18,-0.45653839275759095
1777027878.9142938,tb7,-0.44032664335437194,0.6960729059593733,0.18,-0.2655106972583366
1777027878.9196568,tb3,0.3750333263646492,0.7908771737668733,0.18,-0.20848712419543963
1777027878.9530344,tb2,-0.03665031548135283,0.04215617040468667,0.18,-0.18213340646829146
1777027878.9602394,tb1,0.12811011197217478,1.5509121758619342,0.18,-0.4512275807964046
1777027878.9643998,tb7,-0.4438496785393701,0.7044822859246308,0.18,-0.2697840268104897
1777027878.9696136,tb3,0.3721167989647478,0.7822640641211536,0.18,-0.20785303548098422
1777027879.0029693,tb2,-0.0457305184969717,0.04199112413149498,0.18,-0.18210178657888285
1777027879.0103593,tb1,0.13661640086713372,1.5473974202958494,0.18,-0.44616877876343897
1777027879.014257,tb7,-0.4472620711686146,0.7129393529181671,0.18,-0.2740195643140191
1777027879.0194685,tb3,0.3691106749151019,0.7736818632186927,0.18,-0.20715824230858415
1777027879.0534923,tb2,-0.05481182404943235,0.04190877643820715,0.18,-0.1820700880681153
1777027879.0602305,tb1,0.1450387836675908,1.543692464307394,0.18,-0.4412812144510951
1777027879.06463,tb7,-0.4505611749506139,0.721443507066407,0.18,-0.27817535240257735
1777027879.0698404,tb3,0.36601555348048603,0.765131695791444,0.18,-0.2064530814555803
1777027879.1029654,tb2,-0.06389348766810964,0.04190911563153097,0.18,-0.1821134129574189
1777027879.1102216,tb1,0.15337421195866635,1.5398016052909935,0.18,-0.4365736691130498
1777027879.1142843,tb7,-0.453744320397021,0.7299939517951956,0.18,-0.28230288361827444
1777027879.119579,tb3,0.3628321043979539,0.7566143880345475,0.18,-0.20573783022801498
1777027879.152906,tb2,-0.0729747808444169,0.04199213554599205,0.18,-0.18216419196285918
1777027879.1601825,tb1,0.1616197709918295,1.5357290665859202,0.18,-0.43201869308845287
1777027879.1643229,tb7,-0.4568088613258201,0.7385897860315741,0.18,-0.28637112255517444
1777027879.1694822,tb3,0.3595610044353671,0.7481307248574448,0.18,-0.20500364545874383
1777027879.2029328,tb2,-0.08205496502481596,0.042157850199180544,0.18,-0.1822405971624349
1777027879.2102299,tb1,0.16977275159293354,1.5314788595976525,0.18,-0.42758161820531887
1777027879.2143042,tb7,-0.45975220138736894,0.7472298873528829,0.18,-0.29042550136020645
1777027879.2194967,tb3,0.35620293451557467,0.73968147959812,0.18,-0.2042433447708195
1777027879.252997,tb2,-0.08205496502481596,0.042157850199180544,0.18,-0.18001311796092664
1777027879.2602725,tb1,0.1778303294199594,1.5270551920920878,0.18,-0.4162152478013428
1777027879.2643788,tb7,-0.4625717872642661,0.755913342809309,0.18,-0.29442788148505417
1777027879.2695684,tb3,0.3527586162272105,0.731267438205304,0.18000000000000002,-0.2034581167670506
1777027879.303105,tb2,-0.09113325938960593,0.04240627465756595,0.18,-0.18012069731839864
1777027879.3101637,tb1,0.1778303294199594,1.5270551920920878,0.18,-0.4270713646028785
1777027879.3142972,tb7,-0.4625717872642661,0.755913342809309,0.18,-0.2928385143997073
1777027879.3194323,tb3,0.3492287874746589,0.7228893336971105,0.18,-0.2026418483428922
1777027879.3529854,tb2,-0.10020798676079185,0.0427368104661827,0.18,-0.18047841643568419
1777027879.3601549,tb1,0.18578847903957663,1.5224647571412802,0.18,-0.4235128025480796
1777027879.3643239,tb7,-0.465264952381938,0.7646389443057429,0.18,-0.29685225610774385
1777027879.3695424,tb3,0.34561420556398276,0.714547886995449,0.17999999999999997,-0.20179427261478397
1777027879.4030192,tb2,-0.10927944659065078,0.043149052796848525,0.18,-0.18086053560676033
1777027879.41025,tb1,0.1936513836977457,1.5177051530803836,0.18,-0.4185986722580799
1777027879.4144065,tb7,-0.4678296211679682,0.7734027470236999,0.18,-0.3013490071375037
1777027879.4196334,tb3,0.34561420556398276,0.714547886995449,0.18,-0.2013862915583829
1777027879.4529846,tb2,-0.11834699536416314,0.0436431120586867,0.18,-0.1812595616658139
1777027879.4601176,tb1,0.2014098966419531,1.5127806518414237,0.18,-0.4137267641758457
1777027879.4642367,tb7,-0.47026525974363986,0.7822053895597274,0.18,-0.3058214787726781
1777027879.469477,tb3,0.34191562207301907,0.7062437921490484,0.18,-0.2004571785008925
1777027879.5029721,tb2,-0.12740989810553607,0.04421913936712181,0.18,-0.18167269528098023
1777027879.5101259,tb1,0.20906135001703258,1.5076956820529415,0.18,-0.409058017934289
1777027879.514265,tb7,-0.47256918071570186,0.7910456261660851,0.18,-0.3102370446248435
1777027879.519463,tb3,0.3381336395978792,0.6979776107441092,0.18,-0.19944715022618198
1777027879.5529962,tb2,-0.13646739355111875,0.04487728286117463,0.18,-0.18210481564648623
1777027879.560196,tb1,0.21660392966033185,1.5024544261237704,0.18,-0.40455172951924817
1777027879.5643554,tb7,-0.4747386884239993,0.7999219049481604,0.18,-0.3146229367780328
1777027879.569662,tb3,0.3342690371469192,0.6897502058080852,0.18,-0.19838887480407547
1777027879.6030743,tb2,-0.14551873335853327,0.04561768538705368,0.18,-0.18255706736965388
1777027879.610266,tb1,0.2240357651512074,1.4970610166811034,0.18,-0.4002081674592449
1777027879.6142783,tb7,-0.47677119108391613,0.8088327414070658,0.18,-0.31896851885466615
1777027879.6196058,tb3,0.33032265436952807,0.6815622610792793,0.18000000000000002,-0.19729510452935278
1777027879.6528847,tb2,-0.15456317667074282,0.04644050479526088,0.18,-0.1830430095939526
1777027879.6601477,tb1,0.2313551104019727,1.4915196582825327,0.18000000000000002,-0.3960386607778919
1777027879.6642897,tb7,-0.47866398533731097,0.8177765383572675,0.18,-0.32325752334940633
1777027879.6694582,tb3,0.326295373242488,0.6734143895904613,0.18,-0.19616592107483377
1777027879.7029755,tb2,-0.163599952961107,0.04734590256002049,0.18,-0.18354173967917722
1777027879.7102892,tb1,0.23856061792426958,1.4858341992276791,0.18,-0.3920042330747286
1777027879.714368,tb7,-0.48041438167274464,0.8267513030630128,0.18,-0.3275408689796125
1777027879.7195008,tb3,0.32218807356651974,0.665307138183855,0.17999999999999997,-0.19499018483398897
1777027879.7530231,tb2,-0.17262829281060402,0.048334042130026796,0.18,-0.18406999458319076
1777027879.760232,tb1,0.24565070460093455,1.4800085573724935,0.17999999999999997,-0.38808839277944546
1777027879.7643583,tb7,-0.48201985796398905,0.8357552283920647,0.18,-0.3318050626095944
1777027879.7694886,tb3,0.31800166385901435,0.6572410788097066,0.18,-0.19377475176841255
1777027879.8029456,tb2,-0.1816474304323079,0.0494050984382626,0.18,-0.18463131085079315
1777027879.810146,tb1,0.25262398632377076,1.4740465961533942,0.17999999999999997,-0.3843018002265391
1777027879.8142467,tb7,-0.4834778097581716,0.844786348201991,0.18,-0.33604743194359127
1777027879.8194587,tb3,0.3137370887167065,0.6492167387445966,0.17999999999999997,-0.19252206019389703
1777027879.8529556,tb2,-0.19065657811413164,0.050559247686616356,0.18,-0.18521882450754992
1777027879.860208,tb1,0.25947922962441217,1.4679519593149277,0.18,-0.3806215299987459
1777027879.8643794,tb7,-0.4847856992750388,0.8538424187835794,0.18,-0.3402919056680539
1777027879.8695006,tb3,0.3093952780932193,0.6412345807253472,0.18,-0.1912241453412855
1777027879.903014,tb2,-0.19065657811413164,0.050559247686616356,0.18,-0.1829593161976806
1777027879.910125,tb1,0.2662151540938104,1.4617283919828032,0.18,-0.3770446807250594
1777027879.9142046,tb7,-0.4859410207119542,0.8629213229910814,0.18,-0.34453008112065014
1777027879.9195242,tb3,0.3049772157264375,0.633295095718762,0.18,-0.1898907245167251
1777027879.9530199,tb2,-0.19965490668546682,0.05179666507713251,0.18,-0.1835864191955463
1777027879.9601939,tb1,0.2728306592020435,1.4553795259007236,0.18,-0.3496093038511885
1777027879.964188,tb7,-0.4869412336078971,0.8720207237081379,0.18,-0.3487565693064893
1777027879.9696624,tb3,0.3004839026190572,0.6253987051094766,0.18,-0.1885209151582038
1777027880.0030053,tb2,-0.20864055419563265,0.053116658995158224,0.18,-0.184498641127831
1777027880.010213,tb1,0.2728306592020435,1.4553795259007236,0.18,-0.3766801890424698
1777027880.0143583,tb7,-0.4869412336078971,0.8720207237081379,0.18,-0.3479481222114356
1777027880.0194418,tb3,0.29591629382025436,0.6175457765368351,0.18,-0.1871084161764547
1777027880.0529623,tb2,-0.21761404528855294,0.05451902717775701,0.18,-0.18544077499873116
1777027880.060251,tb1,0.27932162600572485,1.4489195571890037,0.17999999999999997,-0.3755440576159508
1777027880.0643394,tb7,-0.48778393114972135,0.8811380397391727,0.18,-0.35226565945210825
1777027880.069552,tb3,0.29127543408506573,0.6097367190491085,0.18,-0.18566869450123308
1777027880.1030054,tb2,-0.22657466833357381,0.05600406857382754,0.18,-0.18639216363508404
1777027880.1101608,tb1,0.285701276444226,1.4423341661935776,0.18,-0.3714953276743943
1777027880.1143315,tb7,-0.48846770012185947,0.8902685232138187,0.18,-0.35707633689905577
1777027880.1195629,tb3,0.28656231402123516,0.6019718437552791,0.18,-0.16052788050010217
1777027880.153011,tb2,-0.23552158792178193,0.05757210728847886,0.18,-0.18735919200141948
1777027880.1601553,tb1,0.29195551975344797,1.4356305820320125,0.18,-0.367326810195537
1777027880.1644132,tb7,-0.48899156665094856,0.899411595789066,0.18,-0.3619125450603434
1777027880.16963,tb3,0.28656231402123516,0.6019718437552791,0.18,-0.18319097767617512
1777027880.2030046,tb2,-0.24445396684383286,0.05922346435042111,0.18,-0.18833904395527704
1777027880.2102318,tb1,0.29808247690482925,1.4288130151884433,0.18,-0.36329736971169957
1777027880.2142599,tb7,-0.4893531151319226,0.9085648116671167,0.18,-0.3667088615802055
1777027880.2195656,tb3,0.2817875928509854,0.5942572397838989,0.18,-0.18375933936980798
1777027880.2529156,tb2,-0.253370955271083,0.06095846915748942,0.18,-0.1893471394232491
1777027880.2602067,tb1,0.30408150958670005,1.4218852607365606,0.18,-0.35945408855472727
1777027880.264242,tb7,-0.4895497922557389,0.9177253898482969,0.18,-0.37148320785251737
1777027880.2694862,tb3,0.2769413169308903,0.58657611093321,0.18,-0.18214687062516152
1777027880.3029122,tb2,-0.2622716907467711,0.06277746116596826,0.18,-0.1903681793188683
1777027880.3101614,tb1,0.3099522273610292,1.4148509845339539,0.18,-0.3557835549155171
1777027880.3143237,tb7,-0.48957904342542213,0.9268903920801177,0.18,-0.376224701696611
1777027880.3194764,tb3,0.272024725950145,0.578939697669659,0.18,-0.18034015093057743
1777027880.353015,tb2,-0.27115526330001616,0.0646807642913366,0.18,-0.1914083080846705
1777027880.3602488,tb1,0.31569435695025777,1.4077136107091717,0.18000000000000002,-0.3522519265327598
1777027880.3644013,tb7,-0.4894383967946598,0.9360565803542775,0.18,-0.3809685346542068
1777027880.3696742,tb3,0.26703905456911586,0.5713491298600126,0.18,-0.17851773881356564
1777027880.4030066,tb2,-0.2800207838772187,0.06666869865561377,0.18,-0.19247813848682885
1777027880.4102123,tb1,0.3213075062911576,1.4004766105389366,0.18,-0.34885401801551474
1777027880.4142997,tb7,-0.4891254706293067,0.9452208848701136,0.18,-0.3856850381108993
1777027880.4194932,tb3,0.26198551300778977,0.5638046727094005,0.18,-0.17672423497331924
1777027880.4529152,tb2,-0.2888673666098627,0.06874161507160519,0.18,-0.19357233204150706
1777027880.4602354,tb1,0.3267914274249605,1.3931433280405272,0.18,-0.34558699131045256
1777027880.4642587,tb7,-0.4886378804550372,0.9543798484242157,0.18,-0.3903969660351875
1777027880.4695592,tb3,0.25686526784198593,0.5563063873006691,0.18,-0.174940993431529
1777027880.502974,tb2,-0.2976940565311582,0.07089984390239364,0.18,-0.19468785642867753
1777027880.5102816,tb1,0.33214590354135715,1.385716943266329,0.18,-0.34242291264454006
1777027880.5143142,tb7,-0.4879734022778641,0.9635299237637008,0.18,-0.39511954494671486
1777027880.5196025,tb3,0.25167944579689416,0.5488543399936527,0.18,-0.17317217986768327
1777027880.5529146,tb2,-0.30649991770548923,0.07314372392259864,0.18,-0.19583679211542093
1777027880.5601351,tb1,0.33737068756649957,1.3782006318582822,0.18,-0.33934868378517125
1777027880.5642438,tb7,-0.4871298733792537,0.9726675247087759,0.18,-0.39984622060022923
1777027880.5694687,tb3,0.24642917941672857,0.5414486089106758,0.18,-0.1714281131711968
1777027880.6029944,tb2,-0.30649991770548923,0.07314372392259864,0.18,-0.19359987943030782
1777027880.6101732,tb1,0.34246558906512164,1.3705974495578352,0.18,-0.33636906042148423
1777027880.6143057,tb7,-0.4861052253185312,0.9817888495850392,0.18,-0.4045891724789931
1777027880.619523,tb3,0.24111556374912319,0.5340892267660158,0.18,-0.16969888819741638
1777027880.6530104,tb2,-0.31528399176182126,0.07547359747330236,0.18,-0.1947788104623169
1777027880.6602144,tb1,0.3474304395058098,1.3629104388669524,0.18,-0.3334735659776002
1777027880.664216,tb7,-0.4848974401816449,0.9908900481835792,0.18,-0.40933638920873205
1777027880.6695166,tb3,0.2357396981582757,0.5267762354144542,0.18,-0.16799698198279558
1777027880.703077,tb2,-0.32404406579232203,0.07788861163050062,0.18,-0.19629292725932798
1777027880.7102554,tb1,0.3474304395058098,1.3629104388669524,0.18,-0.3357760114616963
1777027880.714645,tb7,-0.48350466387861485,0.9999670158119428,0.18,-0.41411439731350025
1777027880.7194614,tb3,0.23030262157720838,0.5195096334380036,0.18,-0.1663218685487918
1777027880.753061,tb2,-0.33278082099379713,0.08038878343126075,0.18,-0.19784293771064976
1777027880.7601876,tb1,0.35226510951101836,1.355142486800901,0.18,-0.33287980911791626
1777027880.76432,tb7,-0.48350466387861485,0.9999670158119428,0.18,-0.4146725110923939
1777027880.769541,tb3,0.22480542131446982,0.5122894500893858,0.18,-0.16468395128557178
1777027880.8030276,tb2,-0.34149337464748,0.08297457093729564,0.18,-0.1994017302531355
1777027880.8102515,tb1,0.35696957492644765,1.3472939746008163,0.18,-0.32954549287526647
1777027880.8143578,tb7,-0.4819250415505126,1.0090156833888175,0.18,-0.41957471184622197
1777027880.8196795,tb3,0.22480542131446982,0.5122894500893858,0.18,-0.16326482675933326
1777027880.8529694,tb2,-0.3501806954519426,0.08564646309869964,0.18,-0.20096600444154017
1777027880.860311,tb1,0.3615415717412703,1.3393692479998884,0.18,-0.3263038269581186
1777027880.8644106,tb7,-0.4801581675021992,1.0180302236023777,0.18,-0.42486851042735335
1777027880.869565,tb3,0.21924908218430716,0.5051156470487963,0.18,-0.16163490022472463
1777027880.9029915,tb2,-0.3588417262351621,0.08840496670019773,0.18,-0.20252922016664957
1777027880.9102867,tb1,0.3659811801276004,1.3313715030799775,0.18,-0.3232033120608382
1777027880.9143057,tb7,-0.4782028847564988,1.0270083349771102,0.18,-0.4301263218036395
1777027880.9195495,tb3,0.21363461194855873,0.4979882439874106,0.18,-0.16004727527352133
1777027880.9529731,tb2,-0.36747535269434134,0.09125058887050819,0.18,-0.20410071912610261
1777027880.9603248,tb1,0.3702887573277643,1.323303663243301,0.18,-0.3202332212391496
1777027880.964418,tb7,-0.4760573235464552,1.0359455621649503,0.18,-0.4353279693135825
1777027880.9695458,tb3,0.20796302668367406,0.49090724891350707,0.18,-0.15851997663716202
1777027881.0029538,tb2,-0.3760804605544662,0.09418384928624568,0.18,-0.20567696214700654
1777027881.0105293,tb1,0.37446464259117745,1.31516868551913,0.18,-0.3174079418074447
1777027881.0143833,tb7,-0.47371964943428213,1.0448372856800392,0.18,-0.44043570900523066
1777027881.0194952,tb3,0.20223535632543538,0.48387259414897354,0.18,-0.15706455377233855
1777027881.0534616,tb2,-0.38465587270352136,0.09720524629953944,0.18,-0.20724140942675848
1777027881.0601673,tb1,0.37850928478470186,1.3069693051135816,0.18,-0.3146717242208354
1777027881.0644011,tb7,-0.4711880753329713,1.0536785895939471,0.18,-0.4454467952808494
1777027881.0697973,tb3,0.19645258949019034,0.47688416891345975,0.18,-0.15567067209174124
1777027881.1029887,tb2,-0.38465587270352136,0.09720524629953944,0.18,-0.20508325383257786
1777027881.11018,tb1,0.382423038860519,1.2987081266171432,0.18,-0.31203221325170744
1777027881.1142344,tb7,-0.468461280849374,1.062464155153351,0.17999999999999997,-0.4504194291209216
1777027881.1195545,tb3,0.1906155989767478,0.469941851344163,0.18,-0.15435510439465297
1777027881.1529415,tb2,-0.39320035563721456,0.10031519649057062,0.18,-0.20670816617232524
1777027881.160206,tb1,0.382423038860519,1.2987081266171432,0.18,-0.3138268044656093
1777027881.1641989,tb7,-0.46553803292989343,1.0711889578754878,0.17999999999999997,-0.4553274432246651
1777027881.1694593,tb3,0.1847252782515429,0.4630456122003788,0.18,-0.15310628230471368
1777027881.2029722,tb2,-0.40171159949034874,0.10351274655581469,0.18,-0.20867126330761585
1777027881.2101665,tb1,0.38620622454739456,1.2903878107487756,0.18,-0.311208698824308
1777027881.214334,tb7,-0.46241737622714985,1.0798476444272804,0.18,-0.4601923352013184
1777027881.219442,tb3,0.17878244078905356,0.4561953892726944,0.18,-0.15192884451807406
1777027881.253155,tb2,-0.4101901484983241,0.10679812377908406,0.18,-0.21065923930699093
1777027881.260247,tb1,0.38985903052499515,1.282008706136984,0.18,-0.30822723108954414
1777027881.2643652,tb7,-0.46241737622714985,1.0798476444272804,0.18,-0.4619801733995335
1777027881.269592,tb3,0.1727878462105934,0.4493911529132285,0.18,-0.1380225658931494
1777027881.302976,tb2,-0.4186349652126646,0.11017187878980159,0.18,-0.2126555736281898
1777027881.310242,tb1,0.3933799923073275,1.2735747779125155,0.18,-0.30532677024456817
1777027881.3143141,tb7,-0.45909863404260315,1.0884348232679193,0.18000000000000002,-0.46693716867616974
1777027881.3195207,tb3,0.1727878462105934,0.4493911529132285,0.18,-0.14915516624552325
1777027881.3529663,tb2,-0.42704475777600615,0.11363459377192171,0.18,-0.21463491575548949
1777027881.3603432,tb1,0.3967695882231019,1.2650887754599947,0.18,-0.30254180572992717
1777027881.3642843,tb7,-0.45558228761494113,1.096944305812758,0.18,-0.4720711893356659
1777027881.3695598,tb3,0.16674790142844068,0.4426350134683416,0.18,-0.14923936641170357
1777027881.4030597,tb2,-0.43541818261079096,0.1171868165150247,0.18,-0.21661659875312764
1777027881.4103146,tb1,0.40002845527488035,1.2565531484053631,0.18,-0.2998526855177637
1777027881.4143317,tb7,-0.45186797655108846,1.1053718503432712,0.17999999999999997,-0.47712288365547956
1777027881.419617,tb3,0.16065633074272695,0.43591924637217483,0.18,-0.1483393005567425
1777027881.4530168,tb2,-0.4437539274851653,0.12082910969513255,0.18,-0.21859922905723295
1777027881.46032,tb1,0.4031571494918949,1.2479704997897878,0.18,-0.29728803863871034
1777027881.4643006,tb7,-0.44795513375324736,1.1137120535261273,0.18000000000000002,-0.48198549063770857
1777027881.469589,tb3,0.15451488798413737,0.42924915107989653,0.18,-0.147448988123309
1777027881.5030196,tb2,-0.452050584567098,0.12456200815413221,0.18,-0.22058148820010182
1777027881.5102346,tb1,0.4061564091676201,1.2393431871565264,0.18,-0.29482069456122756
1777027881.5142877,tb7,-0.4438434102263654,1.121958856609898,0.18,-0.48667723373482596
1777027881.519633,tb3,0.14832440480509118,0.4226251721256456,0.18,-0.146658337461581
1777027881.5529497,tb2,-0.4603067587187671,0.12838606308146694,0.18,-0.22256451552791442
1777027881.5601742,tb1,0.40902689460647657,1.2306735018929422,0.18,-0.2924369746179295
1777027881.564388,tb7,-0.43953283490757483,1.1301061883980115,0.18,-0.49121182344956366
1777027881.5696056,tb3,0.14208554371842597,0.41604733225519,0.18,-0.14597971014363628
1777027881.6030314,tb2,-0.4603067587187671,0.12838606308146694,0.18,-0.22047053069385783
1777027881.6102774,tb1,0.40902689460647657,1.2306735018929422,0.17999999999999997,-0.2937374094310032
1777027881.6142905,tb7,-0.43502373084706214,1.1381479822324014,0.18,-0.49556634045852854
1777027881.6194642,tb3,0.13579889485401891,0.40951565464143336,0.18,-0.14541346059000207
1777027881.6529257,tb2,-0.4685208979483874,0.13230169289534535,0.18,-0.22249334012750685
1777027881.6602137,tb1,0.41176923275969424,1.2219636996138088,0.18000000000000002,-0.2913686869328906
1777027881.6643462,tb7,-0.43502373084706214,1.1381479822324014,0.18,-0.49843794207424824
1777027881.6694129,tb3,0.1294650173165176,0.40303020797483086,0.18,-0.14495502469035101
1777027881.7030013,tb2,-0.47669063093550185,0.13630772033364172,0.18,-0.22484612651740946
1777027881.7102973,tb1,0.414383721873021,1.2132143411974596,0.18,-0.28873816347120607
1777027881.7144291,tb7,-0.43031661455832604,1.146078152087671,0.18,-0.5027596859590172
1777027881.7195997,tb3,0.1294650173165176,0.40303020797483086,0.18,-0.14311763278826956
1777027881.7530994,tb2,-0.4848162929808954,0.14040462188309638,0.18,-0.22721009254846283
1777027881.7603471,tb1,0.4168697316959026,1.2044288343541396,0.18,-0.2861759008479867
1777027881.7642784,tb7,-0.42541304141275826,1.1538902709290655,0.18,-0.5069945850798038
1777027881.769607,tb3,0.12308437358356628,0.3965910839616708,0.18,-0.14274230333057408
1777027881.802905,tb2,-0.4928965655094668,0.14459304322694397,0.18,-0.22955088575924876
1777027881.8101494,tb1,0.41922797555365937,1.1956095785692746,0.18,-0.2837202497984033
1777027881.8144188,tb7,-0.4203140154253736,1.1615789099278913,0.18000000000000002,-0.5110000443040255
1777027881.8195384,tb3,0.11665815109930969,0.3901986772936271,0.18,-0.14262800719939184
1777027881.85302,tb2,-0.50092972749288,0.1488735033901494,0.18,-0.23187300926224982
1777027881.8602836,tb1,0.4214593320075083,1.1867585815416193,0.18,-0.2813458401752257
1777027881.864415,tb7,-0.4150209990763732,1.1691376843279522,0.18,-0.5147791155250364
1777027881.8697038,tb3,0.11018653811455031,0.3838524477694889,0.18,-0.14262305057441052
1777027881.9030402,tb2,-0.5089142474363092,0.15324659258907725,0.18,-0.2341725534114363
1777027881.910245,tb1,0.423564567482261,1.1778780556198913,0.18000000000000002,-0.27906680404358714
1777027881.9144087,tb7,-0.40953554300971867,1.1765606001903164,0.18,-0.5182665879507474
1777027881.9196556,tb3,0.10366985189438838,0.3775525725729402,0.18,-0.1427330016899168
1777027881.9530144,tb2,-0.516848409942807,0.15771283981538178,0.18,-0.2195853090312885
1777027881.9603462,tb1,0.42554459275437223,1.16897005189293,0.18,-0.276883554518417
1777027881.9643717,tb7,-0.4038595717038409,1.183841295182628,0.17999999999999997,-0.5214670158553533
1777027881.969617,tb3,0.09710838114378488,0.37129931708781116,0.18,-0.1429465496663272
1777027882.0030155,tb2,-0.516848409942807,0.15771283981538178,0.18,-0.23446114019310454
1777027882.010124,tb1,0.4274002412470495,1.160036421354214,0.18,-0.2747528761072527
1777027882.0142784,tb7,-0.39799551265373967,1.1909735051518293,0.18000000000000002,-0.5243921840017853
1777027882.0194695,tb3,0.09050237386965908,0.3650930022476281,0.18,-0.14325805073082992
1777027882.0531263,tb2,-0.5247263844878574,0.1622660631213674,0.18,-0.2381202284931064
1777027882.0603235,tb1,0.4274002412470495,1.160036421354214,0.18,-0.2755804770945263
1777027882.0643282,tb7,-0.39799551265373967,1.1909735051518293,0.18,-0.528315852413902
1777027882.069497,tb3,0.0838520467368555,0.35893399620061867,0.18,-0.14367607580182482
1777027882.1030579,tb2,-0.5325572512448412,0.16691206865563124,0.18,-0.24076348447235538
1777027882.110328,tb1,0.42913226723354364,1.1510790609189192,0.18,-0.27345142381189197
1777027882.11438,tb7,-0.39194615575289343,1.197951183447524,0.18,-0.5311293955909367
1777027882.1195934,tb3,0.0838520467368555,0.35893399620061867,0.18,-0.14170012419410455
1777027882.152976,tb2,-0.5403340298661932,0.17165144846695662,0.18,-0.24328165157618345
1777027882.160261,tb1,0.43074091280747095,1.142098612717746,0.18,-0.2711213492244778
1777027882.1644325,tb7,-0.38571388420949776,1.204768768268074,0.18,-0.5334997024215905
1777027882.1695576,tb3,0.07715760157592726,0.35282272895911115,0.18,-0.14221290143483686
1777027882.2030497,tb2,-0.5480544128103711,0.17648469354915164,0.18,-0.24575174278596748
1777027882.210236,tb1,0.4322262193329701,1.1330980765587235,0.18,-0.2688622394202656
1777027882.2143185,tb7,-0.37930211101109496,1.2114197531666242,0.18,-0.5355214177913691
1777027882.219519,tb3,0.07042034735851835,0.3467598702999813,0.18,-0.14305225998004203
1777027882.2529054,tb2,-0.555716482787419,0.1814122552002537,0.18,-0.24820132201389955
1777027882.2601147,tb1,0.43358913148570394,1.1240794247123953,0.18,-0.2666964584449893
1777027882.2642412,tb7,-0.3727145104909257,1.2178983192437192,0.18,-0.5372212204169188
1777027882.2694683,tb3,0.06363994118916998,0.34074482120273275,0.18,-0.14398766254946546
1777027882.3029604,tb2,-0.5633183100263494,0.18643445315742965,0.18,-0.25063224474670387
1777027882.3102982,tb1,0.4348306089066157,1.1150443147855444,0.18,-0.26459365996254697
1777027882.314404,tb7,-0.36595519286801326,1.2241988207531485,0.18,-0.5386484541497817
1777027882.3195505,tb3,0.05681640085135825,0.33477812785897604,0.18,-0.14500358294973267
1777027882.3528945,tb2,-0.5708579988635947,0.19155148697093227,0.18,-0.25307258934073534
1777027882.3601336,tb1,0.4359515006182971,1.1059944726142688,0.18,-0.26253977483653107
1777027882.3642895,tb7,-0.35902852873169244,1.2303159818683365,0.18,-0.5397524664026891
1777027882.3694654,tb3,0.04994974320988623,0.3288603997168863,0.18,-0.14610896844837645
1777027882.4028785,tb2,-0.5783337207351075,0.19676359183226244,0.18,-0.25550748492799735
1777027882.4102266,tb1,0.43695265894000423,1.0969316116186072,0.18,-0.26054103236479526
1777027882.4142916,tb7,-0.3519391659635974,1.2362447363137412,0.18000000000000002,-0.5405663936178018
1777027882.4195313,tb3,0.043039959176803345,0.3229922918028198,0.18,-0.14728700609639755
1777027882.4529715,tb2,-0.5857435612119531,0.20207089011718068,0.18,-0.25794410658435046
1777027882.4602242,tb1,0.43783491796331797,1.087857347417595,0.18,-0.258581610100797
1777027882.464257,tb7,-0.3446920315506947,1.2419802530287671,0.18000000000000002,-0.5410768321383994
1777027882.4695277,tb3,0.03608706191659126,0.31717451534559843,0.18,-0.1485514636985422
1777027882.5029478,tb2,-0.5857435612119531,0.20207089011718068,0.18,-0.2561093789959245
1777027882.510266,tb1,0.43859909301516053,1.0787732978348215,0.18,-0.2566598503959666
1777027882.5142243,tb7,-0.33729227739085155,1.2475179566843664,0.18,-0.5412838452923475
1777027882.519445,tb3,0.0290910000280072,0.3114077818805032,0.18,-0.14989352439745476
1777027882.5529332,tb2,-0.5930856154490579,0.20747350032007295,0.18,-0.2585751543050498
1777027882.5600793,tb1,0.43924604490309027,1.069681101426567,0.18,-0.25478257917701785
1777027882.564227,tb7,-0.3297453040457622,1.2528535216642736,0.18,-0.541191820050153
1777027882.569458,tb3,0.022051719108011562,0.30569287342866164,0.18,-0.15129938756296205
1777027882.602975,tb2,-0.6003571316858894,0.2129696010583962,0.18,-0.2614013879742888
1777027882.6103153,tb1,0.43924604490309027,1.069681101426567,0.18,-0.25506266933768285
1777027882.6143134,tb7,-0.32205673548470864,1.2579829068395714,0.18,-0.5408132550269066
1777027882.619497,tb3,0.014969190204503224,0.3000306139335429,0.18,-0.15277810649895796
1777027882.6531038,tb2,-0.6075581782448277,0.21855961973190896,0.18,-0.2642235172394074
1777027882.6602798,tb1,0.43977660469789426,1.06058225004081,0.18,-0.2531680064881501
1777027882.6643288,tb7,-0.32205673548470864,1.2579829068395714,0.18,-0.5458909235719622
1777027882.6695611,tb3,0.014969190204503224,0.3000306139335429,0.18,-0.15063694388847762
1777027882.7029576,tb2,-0.6146869429415444,0.22424384497512495,0.17999999999999997,-0.2669997070894157
1777027882.7101822,tb1,0.4401911561032361,1.0514774224183259,0.18,-0.25112668416450085
1777027882.714316,tb7,-0.3142322201181269,1.2629024540635279,0.18000000000000002,-0.5452279928993853
1777027882.7195525,tb3,0.007843328556994716,0.29442184053988374,0.18,-0.15216906405465272
1777027882.7530274,tb2,-0.6217412283772041,0.23002246513800928,0.18,-0.26971880678034266
1777027882.7602565,tb1,0.4404901247083816,1.0423690334443227,0.18,-0.2491405012742897
1777027882.7644114,tb7,-0.3062751007794271,1.2676084844443771,0.18,-0.5436996287029087
1777027882.7695298,tb3,0.000675757879222222,0.2888677622632966,0.18,-0.1541014374481848
1777027882.8030486,tb2,-0.6287188048973946,0.2358955112447753,0.18,-0.2724111027430167
1777027882.8102396,tb1,0.44067449617756826,1.0332585668963161,0.18,-0.24720853687269842
1777027882.8144035,tb7,-0.2981929808909302,1.2720956072855671,0.18,-0.5418556231265793
1777027882.8195605,tb3,-0.00653428664747174,0.2833677011068888,0.18,-0.15609740155427088
1777027882.8530445,tb2,-0.6356175367739655,0.24186297613100038,0.18000000000000002,-0.27507481688807184
1777027882.8602107,tb1,0.4407452330078834,1.0241474443290042,0.18,-0.24532678616011097
1777027882.8642845,tb7,-0.2899925083856048,1.276360895915802,0.18,-0.53976483102596
1777027882.8695374,tb3,-0.013787079535601059,0.27792256594464737,0.18,-0.15812079177686827
1777027882.9030502,tb2,-0.6424352572800117,0.24792481545965847,0.18,-0.2777061919103321
1777027882.9102426,tb1,0.44070330339997965,1.0150370857818722,0.18,-0.24349852189775956
1777027882.9143844,tb7,-0.2816802977060843,1.2804019717959882,0.17999999999999997,-0.5374791262384617
1777027882.919556,tb3,-0.021082803673880345,0.2725334555643187,0.18,-0.16016224865309933
1777027882.953038,tb2,-0.6491697370961962,0.2540808263869121,0.18,-0.28032282487842225
1777027882.9603088,tb1,0.4405496777755388,1.0059288240877955,0.18,-0.24171570309065712
1777027882.9644115,tb7,-0.2732629880400698,1.2842168060676034,0.18,-0.5349736446775922
1777027882.9695277,tb3,-0.028421620853729995,0.26720150517615215,0.18,-0.16222319248576195
1777027883.0029023,tb2,-0.6558188347582861,0.2603309165749967,0.18000000000000002,-0.2829059915070526
1777027883.0103073,tb1,0.4402853149210763,0.9968239923634022,0.18,-0.23997805871169064
1777027883.0142655,tb7,-0.26474734338682276,1.2878036748367931,0.18,-0.5322645759022484
1777027883.0195487,tb3,-0.03580371640661243,0.261927865329286,0.18,-0.16428915377662084
1777027883.0535762,tb2,-0.6623802621986697,0.2666747855205855,0.18000000000000002,-0.28544240567416845
1777027883.0601842,tb1,0.43991115800943204,0.9877238604523031,0.18,-0.23827886595411166
1777027883.064633,tb7,-0.2561400960358322,1.2911612310299132,0.18,-0.529435059886982
1777027883.0701265,tb3,-0.04322917620489542,0.25671375418882475,0.18,-0.16634721063808272
1777027883.1030521,tb2,-0.6623802621986697,0.2666747855205855,0.18,-0.2838896423813926
1777027883.1102617,tb1,0.43991115800943204,0.9877238604523031,0.18,-0.23811205121465542
1777027883.1144636,tb7,-0.24744793691653919,1.294288419145788,0.18,-0.5263754874915211
1777027883.1195934,tb3,-0.05069810704822585,0.251560348154281,0.18,-0.16846713604517685
1777027883.153048,tb2,-0.6688517383805979,0.2731120033196448,0.18,-0.2864770103116591
1777027883.160284,tb1,0.43942814825446713,0.978629700281899,0.18,-0.23640545944972957
1777027883.1643486,tb7,-0.24744793691653919,1.294288419145788,0.18,-0.5317197900660329
1777027883.1696036,tb3,-0.05821072287035371,0.24646885523140105,0.18,-0.14527242483312358
1777027883.2029824,tb2,-0.675230794911532,0.2796404912857311,0.18,-0.28934038174895127
1777027883.2101526,tb1,0.43883688948223437,0.9695422391123805,0.18,-0.2346237400561401
1777027883.2143865,tb7,-0.2386775810959229,1.2971845454988642,0.18,-0.5285108646560476
1777027883.2195542,tb3,-0.05821072287035371,0.24646885523140105,0.18,-0.16828055803732098
1777027883.2531188,tb2,-0.6815167095957729,0.28626046114464476,0.18000000000000002,-0.2921583139643156
1777027883.260244,tb1,0.43813807480675837,0.9604632532524479,0.18,-0.23287361414720073
1777027883.2643354,tb7,-0.22983175777068054,1.2998480841754314,0.17999999999999997,-0.5242468251946474
1777027883.2695312,tb3,-0.06575504405370142,0.24144176776455942,0.18,-0.17270095153533194
1777027883.3030722,tb2,-0.6877072532552531,0.2929716431396521,0.18,-0.294937417371296
1777027883.3102076,tb1,0.43733270280498876,0.9513939920181221,0.18,-0.23118400952894205
1777027883.3142834,tb7,-0.22092025976567858,1.3022760473846833,0.18,-0.5198908939375503
1777027883.3195748,tb3,-0.07334727277469846,0.23646903199945365,0.18,-0.17515341503120088
1777027883.3529546,tb2,-0.6937999987852599,0.29977362005158437,0.17999999999999997,-0.2976651524473986
1777027883.3603277,tb1,0.43642179450888396,0.9423355775042808,0.18,-0.2295394103568102
1777027883.3643095,tb7,-0.21195012370243715,1.3044687881662647,0.18,-0.5155133426918104
1777027883.3695464,tb3,-0.08098345917792835,0.2315604568708349,0.18,-0.1774055273092903
1777027883.4029343,tb2,-0.6997925050352549,0.3066658003817726,0.18,-0.3003546263321746
1777027883.410222,tb1,0.43540633094807724,0.9332890997460981,0.18,-0.22793431609877524
1777027883.414325,tb7,-0.2029280497463729,1.3064270194680139,0.18,-0.5111131960142876
1777027883.419644,tb3,-0.08866320105750161,0.2267181408428254,0.18,-0.17961846772145137
1777027883.4529846,tb2,-0.7056824151621935,0.3136476031563313,0.18,-0.3030009277302971
1777027883.4602551,tb1,0.43428728103439096,0.9242556568503751,0.18,-0.2263656749358743
1777027883.4642444,tb7,-0.1938606729217591,1.3081517064475858,0.18,-0.506706461441752
1777027883.4696033,tb3,-0.09638649968443118,0.22194346742860657,0.18,-0.18180814446734314
1777027883.5029953,tb2,-0.7114673214419329,0.3207184066976874,0.18,-0.3056018359542282
1777027883.5101056,tb1,0.43306562077568983,0.9152363186576397,0.18,-0.22483666058364304
1777027883.5142229,tb7,-0.18475437229573066,1.3096440637121622,0.18,-0.5023052283791096
1777027883.5194643,tb3,-0.10415333569285853,0.21723781374249423,0.18,-0.18397264835257715
1777027883.5531368,tb2,-0.7114673214419329,0.3207184066976874,0.18,-0.3042884499558665
1777027883.5601811,tb1,0.4317422907583026,0.9062320887913489,0.18,-0.22333407235387037
1777027883.5643432,tb7,-0.17561536264524788,1.3109054364300754,0.18,-0.49791245982950166
1777027883.5696192,tb3,-0.11196358468223702,0.21260254693983952,0.18,-0.18610517760879527
1777027883.6030176,tb2,-0.7171447788180672,0.3278773671563574,0.18,-0.306903942398405
1777027883.6102731,tb1,0.4317422907583026,0.9062320887913489,0.18,-0.22276847415432166
1777027883.614309,tb7,-0.17561536264524788,1.3109054364300754,0.18,-0.5030560789255039
1777027883.6194687,tb3,-0.11981721551917453,0.208038988832797,0.18,-0.18821291717022648
1777027883.6530824,tb2,-0.7227122598790331,0.33512187168854674,0.18000000000000002,-0.3097893419115253
1777027883.6602175,tb1,0.4303182362904538,0.8972440165611831,0.18,-0.22126178651359957
1777027883.6643221,tb7,-0.16644982677206335,1.311937408968187,0.18,-0.4986184388648574
1777027883.6695595,tb3,-0.11981721551917453,0.208038988832797,0.18,-0.1858640334811685
1777027883.702991,tb2,-0.7281688916502577,0.34245182583168643,0.18,-0.3126511684002183
1777027883.710342,tb1,0.4287941431273226,0.88827277551141,0.18,-0.2197151172029566
1777027883.7143342,tb7,-0.15725951546328593,1.312739786639004,0.18,-0.4931866341014604
1777027883.7195253,tb3,-0.12771409113854784,0.2035485352593615,0.18,-0.1879274791844442
1777027883.752976,tb2,-0.7335123286301389,0.3498665135244611,0.18,-0.3154402660955604
1777027883.7601922,tb1,0.42717085360948803,0.8793197260609972,0.18,-0.21820590111474525
1777027883.7643642,tb7,-0.1480543819340318,1.313311960253877,0.18,-0.48781375537167015
1777027883.7695804,tb3,-0.1356518769386945,0.19913250231641497,0.18,-0.19036645361051177
1777027883.8029327,tb2,-0.7387399969755805,0.35736500116825765,0.18,-0.3181727644770829
1777027883.8101497,tb1,0.42544937005545336,0.8703858349061137,0.18,-0.2167363872174693
1777027883.8142323,tb7,-0.1388406332464233,1.3136563795870047,0.18,-0.48257936532023465
1777027883.819529,tb3,-0.14363161883414843,0.19479048325494272,0.18,-0.19276696980947453
1777027883.8529449,tb2,-0.7438493651762059,0.3649461701191249,0.18000000000000002,-0.3208695528647409
1777027883.8602204,tb1,0.4236306443026739,0.8614719408387524,0.18,-0.21528916092894382
1777027883.8642774,tb7,-0.12962370005777746,1.313775690932249,0.18,-0.4774684658539767
1777027883.8696537,tb3,-0.15165321914186145,0.19052387948161745,0.18,-0.19509893731781366
1777027883.9029982,tb2,-0.7488380014394282,0.37260885944618677,0.18,-0.32353639434228315
1777027883.9102247,tb1,0.4217155960442754,0.8525789516934452,0.18,-0.21386763910327294
1777027883.9142835,tb7,-0.12040903295581969,1.3136724859119073,0.18,-0.47246563170494915
1777027883.91959,tb3,-0.1597164916418118,0.18633411277067602,0.18,-0.19737491608059093
1777027883.952957,tb2,-0.7537034819042651,0.38035188967594175,0.18,-0.3261708614064517
1777027883.9601624,tb1,0.41970516554917475,0.8437077630558328,0.18,-0.2124759924510218
1777027883.9642813,tb7,-0.1112019427309061,1.3133495023070239,0.18,-0.4675926376076385
1777027883.9695034,tb3,-0.16782122878790368,0.18222261241379237,0.18,-0.1995799961726413
1777027884.003009,tb2,-0.7584433675855865,0.3881738724759371,0.18,-0.32878819946835425
1777027884.010249,tb1,0.4176002563637788,0.834859187661829,0.18,-0.21110065353602206
1777027884.0144281,tb7,-0.10200732907517657,1.3128094911023083,0.18,-0.46282619875985276
1777027884.0196235,tb3,-0.17596708163576952,0.17819082872594777,0.18,-0.2017184635447876
1777027884.05317,tb2,-0.7584433675855865,0.3881738724759371,0.18,-0.3278557654783992
1777027884.0602562,tb1,0.4154017949917503,0.8260340916857668,0.18,-0.20975217489649714
1777027884.0642505,tb7,-0.09283017821585464,1.312055281611446,0.18,-0.4581511409197212
1777027884.0696266,tb3,-0.18415375642622386,0.1742401330787452,0.18,-0.20379540638129193
1777027884.102929,tb2,-0.7630552736201395,0.3960734483323092,0.18,-0.33050765912551944
1777027884.1100914,tb1,0.41311072042181013,0.8172332867960531,0.18,-0.20843300011297985
1777027884.1142051,tb7,-0.08367520972578109,1.31108984016057,0.18,-0.453617770663864
1777027884.1194296,tb3,-0.19238089509888331,0.17037193077713075,0.18,-0.20581054106977326
1777027884.152968,tb2,-0.7675367993011488,0.4040474875147787,0.18,-0.33343081689473203
1777027884.1603196,tb1,0.41311072042181013,0.8172332867960531,0.18,-0.20747795550531925
1777027884.1642585,tb7,-0.07454676261382001,1.3099159998370384,0.18,-0.4491761034177158
1777027884.1695747,tb3,-0.20064798684897345,0.16658759221930178,0.18,-0.20775855747252744
1777027884.2030253,tb2,-0.7718869488583041,0.41209534245546264,0.18,-0.3363469925735787
1777027884.2102437,tb1,0.4107279020611185,0.8084575157743187,0.18,-0.20613669201928442
1777027884.2143495,tb7,-0.07454676261382001,1.3099159998370384,0.18,-0.45361994162369484
1777027884.2198489,tb3,-0.20895457609743728,0.16288841912140695,0.18,-0.1865051918892573
1777027884.2529438,tb2,-0.7761034283274182,0.4202156812228254,0.18,-0.3392125262941305
1777027884.2603295,tb1,0.408254115997226,0.7997074999670178,0.18,-0.2047893175147819
1777027884.2643175,tb7,-0.0654491247195545,1.3085366102490803,0.18,-0.4491554467458317
1777027884.2695975,tb3,-0.20895457609743728,0.16288841912140695,0.18,-0.20724744902967232
1777027884.3029819,tb2,-0.7801836734754474,0.4284069760207285,0.18,-0.3420080616411964
1777027884.3102543,tb1,0.40569026951826054,0.7909841468182792,0.18,-0.20346782449407433
1777027884.314365,tb7,-0.05638354592720832,1.3069518822043475,0.18,-0.44390137509051514
1777027884.3195846,tb3,-0.21728937599300463,0.1592749089375874,0.18,-0.21118803606135148
1777027884.3530297,tb2,-0.7841251029018071,0.4366674550499989,0.18,-0.3447923014474322
1777027884.36032,tb1,0.4030372806872397,0.7822881554074574,0.18,-0.20217018347088575
1777027884.3642728,tb7,-0.047358116084685,1.3051637548005577,0.18,-0.4387599824427414
1777027884.3695536,tb3,-0.22566760169204522,0.1557407576302332,0.18,-0.21337138338698372
1777027884.4030185,tb2,-0.7879252851801308,0.44499539741994637,0.18,-0.34754721260622995
1777027884.4102046,tb1,0.4002960726137828,0.773620260081411,0.18,-0.2009032042495632
1777027884.4143958,tb7,-0.03837727873990724,1.3031757502712524,0.18,-0.43387475023863165
1777027884.4195728,tb3,-0.23408409801422705,0.15229397398281863,0.18,-0.21529767240637826
1777027884.453048,tb2,-0.7915817573572471,0.4533888374005769,0.18,-0.3502963474248691
1777027884.460209,tb1,0.39746755558948105,0.7649811153853382,0.18,-0.19965294521769056
1777027884.4643853,tb7,-0.029444694666391307,1.300991522623733,0.18,-0.4291941833141124
1777027884.4695706,tb3,-0.2425377853009288,0.1489365750723744,0.18,-0.2171289496558494
1777027884.5030038,tb2,-0.7950921244219585,0.4618459988819461,0.18,-0.3530112025291713
1777027884.5103195,tb1,0.39455266129754496,0.7563714213687728,0.18,-0.19842728214594021
1777027884.514388,tb7,-0.02056394875749325,1.298614686436284,0.18,-0.424731130699234
1777027884.519522,tb3,-0.25102797918171893,0.14566995581088635,0.18,-0.21888635974621548
1777027884.553022,tb2,-0.7950921244219585,0.4618459988819461,0.18,-0.35259015837443963
1777027884.5601301,tb1,0.391552312681307,0.7477918007716218,0.18,-0.19723194797892254
1777027884.5642734,tb7,-0.011738412828465173,1.2960488516112765,0.18,-0.42046589066076223
1777027884.5695357,tb3,-0.25955402761618557,0.1424954253217067,0.18,-0.22056402400022102
1777027884.6029844,tb2,-0.7984538829560321,0.47036481933896984,0.18,-0.3553521521401894
1777027884.6103091,tb1,0.3884673650607183,0.7392428417331204,0.18,-0.19603912291036105
1777027884.614401,tb7,-0.002971112871622432,1.2932972922130483,0.18,-0.4163484072143672
1777027884.6195042,tb3,-0.2681150993873257,0.13941424456193072,0.18,-0.22219076023580825
1777027884.6529763,tb2,-0.8016648564594825,0.4789416240372002,0.18,-0.3583820306984109
1777027884.6603513,tb1,0.3884673650607183,0.7392428417331204,0.18,-0.19478632520327885
1777027884.6648061,tb7,0.005734664782090921,1.2903633833215153,0.18,-0.37674650525433945
1777027884.6695378,tb3,-0.2767104917787991,0.1364275869707603,0.18,-0.2237499449287408
1777027884.7028737,tb2,-0.8047238814322125,0.4875752509374662,0.18,-0.3614082815686467
1777027884.7101445,tb1,0.3852987065209329,0.7307252068567883,0.18,-0.1935942588738869
1777027884.714265,tb7,0.005734664782090921,1.2903633833215153,0.18,-0.4160660296954329
1777027884.7194273,tb3,-0.28533934303428127,0.13353662368839653,0.18,-0.22525993595320937
1777027884.7529573,tb2,-0.8076285775258967,0.4962635900784084,0.18,-0.3644000303120033
1777027884.760263,tb1,0.38204724214307406,0.7222395171524936,0.18,-0.1924102129165461
1777027884.7643893,tb7,0.014364859320387972,1.2872626725250773,0.18,-0.4157738862536845
1777027884.7696888,tb3,-0.28533934303428127,0.13353662368839653,0.18,-0.22281969740818552
1777027884.8029706,tb2,-0.8103764983999701,0.5050043086599132,0.18,-0.367395189215299
1777027884.8102536,tb1,0.37871383088246074,0.7137863021406595,0.18,-0.19126296618888464
1777027884.8142793,tb7,0.02294664209783314,1.2839847678195888,0.18,-0.4111499970684256
1777027884.8197043,tb3,-0.2940007363649038,0.13074246466622194,0.18,-0.22429332187936202
1777027884.8530538,tb2,-0.8129652594441077,0.5137950184286498,0.18,-0.370378490483453
1777027884.8602037,tb1,0.37529934278932225,0.7053661343839766,0.18,-0.19013308983210178
1777027884.8643916,tb7,0.031457878984352546,1.280529436401173,0.18,-0.406346926170769
1777027884.8695,tb3,-0.3026919931189813,0.12804572232003147,0.18,-0.22608772094138907
1777027884.9029257,tb2,-0.8153924478435323,0.5226333428279238,0.18,-0.3733346704474292
1777027884.9105535,tb1,0.3718046699578213,0.6969795822866443,0.18,-0.1890141051810166
1777027884.9142413,tb7,0.0398939020197595,1.2769004872285739,0.18,-0.4017880504359315
1777027884.919468,tb3,-0.31141366664989933,0.12544620192114347,0.18,-0.2278066237533221
1777027884.9530365,tb2,-0.8176556735219064,0.5315164935281459,0.18,-0.37631013323516915
1777027884.960276,tb1,0.3682306446066878,0.6886271088931427,0.18,-0.18791955742755773
1777027884.9643009,tb7,0.048252375481154075,1.2731017072410562,0.18,-0.39746365979305953
1777027884.9695365,tb3,-0.32016494071649293,0.12294508290055474,0.18,-0.2294439237623992
1777027885.002981,tb2,-0.8197526904857938,0.5404418455132348,0.18,-0.3792925817129989
1777027885.0105703,tb1,0.36457810738633867,0.6803092643057876,0.18,-0.18682114794687102
1777027885.0142426,tb7,0.05653090244441779,1.2691367803191995,0.18,-0.3933485941352632
1777027885.0194728,tb3,-0.328944919978093,0.12054352490357849,0.18,-0.2310107451955303
1777027885.0530725,tb2,-0.8216812319247839,0.5494066129896025,0.18,-0.38228738997959877
1777027885.0601163,tb1,0.360847896533405,0.6720265555350687,0.18,-0.185757542228581
1777027885.0644438,tb7,0.06472729640396464,1.2650092522917717,0.18,-0.38943550608771577
1777027885.069707,tb3,-0.33775262584114796,0.11824266542271285,0.18,-0.2324961110914247
1777027885.1030197,tb2,-0.8216812319247839,0.5494066129896025,0.18,-0.3826340609342148
1777027885.1103497,tb1,0.3570408198731478,0.6637794564514292,0.18,-0.18468137311248267
1777027885.1142807,tb7,0.07283942819506117,1.260722529913598,0.18,-0.38565676684021166
1777027885.1195211,tb3,-0.34658702133141717,0.11604357302494962,0.18,-0.2339472152112098
1777027885.1530437,tb2,-0.8234391264897206,0.5584078192112105,0.18,-0.385749794213682
1777027885.1607673,tb1,0.3531577078584752,0.6555684699871058,0.18,-0.16476068371086966
1777027885.1643302,tb7,0.08086516118613961,1.2562800316656264,0.18,-0.3820505091786355
1777027885.1695259,tb3,-0.3554471260540348,0.1139472721527518,0.18,-0.23532553967456668
1777027885.202963,tb2,-0.8250246425572937,0.5674413872783755,0.18,-0.3891098620270874
1777027885.210172,tb1,0.3531577078584752,0.6555684699871058,0.18,-0.18209365741085612
1777027885.214251,tb7,0.08086516118613961,1.2562800316656264,0.18,-0.38498023624586064
1777027885.2194643,tb3,-0.36433187333235356,0.11195479164198863,0.18,-0.23664659098819518
1777027885.2531128,tb2,-0.8264364135457084,0.5765053408766418,0.18,-0.3924747299541376
1777027885.260293,tb1,0.3492063094973552,0.6473990228830858,0.18,-0.18258068172446645
1777027885.2642992,tb7,0.08880252906178245,1.2516850895945129,0.18,-0.3814199071770914
1777027885.2694857,tb3,-0.36433187333235356,0.11195479164198863,0.18,-0.2342310750360452
1777027885.3031406,tb2,-0.8276721945617771,0.5855966023382239,0.18,-0.3958486434736872
1777027885.3102336,tb1,0.34518051399828487,0.639258363540012,0.18,-0.18156284694401456
1777027885.3142903,tb7,0.09665119425138495,1.2469382462895249,0.18,-0.3773368403280012
1777027885.319468,tb3,-0.37324013094579134,0.11006709699871567,0.18,-0.23551358239764913
1777027885.352986,tb2,-0.828729800103165,0.5947119193756527,0.18,-0.39922845671050666
1777027885.360147,tb1,0.3410806121628156,0.6311546804688275,0.18,-0.18043448022435135
1777027885.3643053,tb7,0.10440608724840213,1.242043001100992,0.18,-0.37339311690625626
1777027885.3694959,tb3,-0.38216904461313705,0.10828458863865709,0.18,-0.23709618724842565
1777027885.403029,tb2,-0.829607113494398,0.6038479924140077,0.18,-0.4026189081344866
1777027885.410277,tb1,0.3369074453628889,0.6230890424768208,0.18,-0.1793109847979655
1777027885.4143038,tb7,0.11206534821664271,1.237002876239029,0.17999999999999997,-0.36962161356982226
1777027885.4195983,tb3,-0.3911188641505763,0.10660700181764075,0.18,-0.23864209532072875
1777027885.4530096,tb2,-0.8303020610019721,0.6130013553134717,0.18,-0.4060252905184787
1777027885.4602525,tb1,0.33266185290662637,0.6150618974715674,0.18,-0.17821398812884542
1777027885.4643674,tb7,0.11962736057192314,1.231821320360231,0.18,-0.3660297421549285
1777027885.4696546,tb3,-0.400088648429659,0.10503523924216554,0.18,-0.24011920608555032
1777027885.5029628,tb2,-0.8308126167300752,0.6221685290386949,0.18,-0.40943725484512256
1777027885.5101726,tb1,0.32834468053589533,0.6070736456163555,0.18,-0.17714490227705623
1777027885.5142355,tb7,0.12709066944497904,1.2265017275193293,0.18,-0.3625941176396602
1777027885.5195584,tb3,-0.4090772748924907,0.10357030593373613,0.18,-0.24153159241024247
1777027885.5529075,tb2,-0.8311367931125294,0.6313458340146462,0.18,-0.4128630793351456
1777027885.5601573,tb1,0.323956752295838,0.5991246391911117,0.18,-0.17609645425907391
1777027885.5642374,tb7,0.13445395517569006,1.221047336886828,0.18000000000000002,-0.35929752200890636
1777027885.5694935,tb3,-0.41808349566637,0.10221318198941713,0.18,-0.24288930101706893
1777027885.6030037,tb2,-0.8312727097322246,0.6405294803499189,0.18,-0.4163144981993045
1777027885.6102245,tb1,0.31949886823293816,0.5912152296608864,0.18,-0.1750651898810015
1777027885.6143782,tb7,0.14171586652702983,1.2154613119416018,0.18,-0.3561244063130274
1777027885.619465,tb3,-0.42710609356540913,0.10096475464474051,0.18,-0.24419602366446244
1777027885.6529593,tb2,-0.8312185150409176,0.649715668583945,0.18,-0.4197699615451169
1777027885.6602323,tb1,0.31497183922495076,0.5833457821292417,0.18,-0.17405971047715427
1777027885.6642764,tb7,0.14887507100057906,1.2097468435448038,0.18,-0.3530645747925113
1777027885.6695192,tb3,-0.43614384989730254,0.099825893535994,0.18,-0.24544830146001514
1777027885.7029686,tb2,-0.8309724921026057,0.658900330342771,0.18,-0.4232538442330097
1777027885.7102025,tb1,0.31037644111533774,0.5755166206857821,0.18,-0.17307501484724924
1777027885.7143512,tb7,0.15593042675400218,1.2039069080968856,0.18,-0.35009701030761686
1777027885.7196538,tb3,-0.44519543321474675,0.0987974323014171,0.18,-0.2466627233694354
1777027885.75304,tb2,-0.8309724921026057,0.658900330342771,0.18,-0.4248699302670383
1777027885.760258,tb1,0.3057134406967326,0.5677280817109924,0.18,-0.17210642222049888
1777027885.7642937,tb7,0.16288071044601196,1.1979444941220847,0.18,-0.34720490034854146
1777027885.769635,tb3,-0.45425954434381555,0.09788013729921277,0.18,-0.24785376174899465
1777027885.8029385,tb2,-0.8305329617012449,0.6680794519305487,0.18,-0.4284818929640141
1777027885.8101387,tb1,0.30098361845163857,0.5599805017534459,0.18,-0.17116692208120882
1777027885.8141973,tb7,0.16972476640515735,1.1918626379707962,0.18,-0.3444028747261265
1777027885.8195653,tb3,-0.46333488933714706,0.09707476817789673,0.18,-0.24901268389466216
1777027885.8530211,tb2,-0.829898827491049,0.6772481662008637,0.18,-0.4322617737435932
1777027885.860217,tb1,0.30098361845163857,0.5599805017534459,0.18,-0.1693472545395354
1777027885.8643348,tb7,0.16972476640515735,1.1918626379707962,0.18,-0.34637105118038164
1777027885.8695798,tb3,-0.4724200720588903,0.09638204028991831,0.18,-0.2501475682091469
1777027885.902988,tb2,-0.8290688802205979,0.6864029668954905,0.18,-0.43603843290922484
1777027885.910171,tb1,0.29618772053624415,0.5522741956119189,0.18,-0.16840702884142342
1777027885.914232,tb7,0.17646159152396096,1.1856641509813153,0.18,-0.34355097428921727
1777027885.9194884,tb3,-0.4724200720588903,0.09638204028991831,0.18,-0.2478012317302092
1777027885.9529529,tb2,-0.828041541281202,0.6955396980550376,0.18,-0.43976290678162916
1777027885.9602544,tb1,0.2913269082712283,0.5446097260238754,0.18,-0.16757753859251706
1777027885.964242,tb7,0.1830907835999833,1.1793498952311814,0.18,-0.34034796445087395
1777027885.969601,tb3,-0.48151373887023974,0.0958026539952343,0.18,-0.24891985335848024
1777027886.0030725,tb2,-0.8268152856693293,0.704653630950133,0.18,-0.44347752732665
1777027886.0101726,tb1,0.2864018585567351,0.5369868843348773,0.18,-0.16677257464635006
1777027886.0142639,tb7,0.18960929209595043,1.1729232980483273,0.17999999999999997,-0.33719978527793665
1777027886.019622,tb3,-0.4906129522392981,0.0953365218680697,0.18,-0.25034669718220254
1777027886.0529978,tb2,-0.8253888147483608,0.7137402010528675,0.18,-0.447152273650718
1777027886.0601969,tb1,0.2814132559527095,0.5294059580009819,0.18,-0.16597941264562702
1777027886.064337,tb7,0.19601611547742226,1.166387475784049,0.18,-0.3341596346010147
1777027886.06958,tb3,-0.49971781118715,0.09498343406963491,0.18,-0.25176001925797886
1777027886.1030648,tb2,-0.8237609155706507,0.7227946697274417,0.18,-0.4507977699086404
1777027886.1101334,tb1,0.2763617831080708,0.521867245615082,0.18,-0.165205746137554
1777027886.11427,tb7,0.20231055221219738,1.1597454271106769,0.17999999999999997,-0.3312208805282623
1777027886.1195877,tb3,-0.508827059531074,0.0947440990509899,0.18,-0.253128709508032
1777027886.1529748,tb2,-0.8219304306149967,0.7318122717367479,0.18,-0.4543730090155253
1777027886.1602464,tb1,0.2712481436413883,0.5143710563978149,0.18,-0.16444815739128518
1777027886.1643448,tb7,0.20849196483120974,1.1530001803870737,0.18,-0.32840583496372416
1777027886.1696544,tb3,-0.5179393116138679,0.09461928395469195,0.18,-0.25444920700378215
1777027886.2029772,tb2,-0.8198963471377688,0.7407879905758933,0.18,-0.45789386133669646
1777027886.2102416,tb1,0.2660730076456987,0.506917648592498,0.18,-0.163714231320071
1777027886.2143133,tb7,0.2145599074456681,1.1461546054624496,0.18,-0.3256802248549946
1777027886.2196224,tb3,-0.5270531138400512,0.09460975871143347,0.18,-0.255734319903493
1777027886.2530255,tb2,-0.8198963471377688,0.7407879905758933,0.18,-0.46069220656405035
1777027886.2601056,tb1,0.2608370521436322,0.499507303535843,0.18,-0.16300770356004157
1777027886.264206,tb7,0.22051389269977947,1.1392115757208583,0.18,-0.3230441591594823
1777027886.2695296,tb3,-0.5361669629679349,0.09471624784859581,0.18,-0.25699260337873886
1777027886.3029392,tb2,-0.8176577858812905,0.7497167932958292,0.18,-0.4642663615410369
1777027886.3100746,tb1,0.25554092752358293,0.4921402810562864,0.18,-0.15363867895432046
1777027886.3143556,tb7,0.22635351155249867,1.1321737542182342,0.18,-0.3204723605726757
1777027886.3195696,tb3,-0.5452793151961027,0.0949393996804921,0.18,-0.2582283574665421
1777027886.3531253,tb2,-0.8152143407803681,0.7585932540389755,0.18,-0.46784253142762805
1777027886.3602555,tb1,0.25554092752358293,0.4921402810562864,0.18,-0.16032210482508705
1777027886.3644304,tb7,0.22635351155249867,1.1321737542182342,0.18,-0.3217688608572989
1777027886.3696012,tb3,-0.5452793151961027,0.0949393996804921,0.18,-0.2559520728044207
1777027886.4030182,tb2,-0.8125655882795152,0.767412533916955,0.18,-0.4712946597276282
1777027886.410242,tb1,0.25018874729576884,0.4848184704066144,0.18,-0.1603332738723308
1777027886.4143448,tb7,0.2320783086542355,1.1250437485690514,0.18,-0.319151090086237
1777027886.419602,tb3,-0.5543886416735962,0.0952798122726319,0.18,-0.25718820335010034
1777027886.4530332,tb2,-0.809710924037527,0.7761694255362651,0.18,-0.47459729231886594
1777027886.460233,tb1,0.24477747048799703,0.47753714866844316,0.18,-0.15978537627127062
1777027886.4643364,tb7,0.23768793563100793,1.1178227106103131,0.18,-0.31628228547145504
1777027886.4696171,tb3,-0.5634920735734147,0.09573725670046805,0.18,-0.25870811761524476
1777027886.5030055,tb2,-0.8066500693001554,0.7848581873775587,0.18,-0.4777839637172943
1777027886.510242,tb1,0.23930808635479686,0.4702995103183951,0.18,-0.15921516222491147
1777027886.514458,tb7,0.24318069971748663,1.110514023844697,0.18000000000000002,-0.3134794426140227
1777027886.5195007,tb3,-0.572589479326314,0.09631163094507277,0.18,-0.26023074403838137
1777027886.5530794,tb2,-0.8033831270344389,0.7934732487291962,0.18,-0.48087297254298084
1777027886.560326,tb1,0.23378122464599946,0.46310600906054056,0.18,-0.15865666434446812
1777027886.5642529,tb7,0.24855632176171982,1.10312045132715,0.18,-0.31074865353842696
1777027886.5697048,tb3,-0.5816794373899503,0.09700356834423442,0.18,-0.2617106904959613
1777027886.602904,tb2,-0.7999104234569181,0.8020090740119857,0.18,-0.4838291687427767
1777027886.6101336,tb1,0.22819746231545912,0.4559569316114445,0.18,-0.15812791280484254
1777027886.6143382,tb7,0.2538146498363317,1.0956446411959049,0.18000000000000002,-0.3080954953709706
1777027886.6195936,tb3,-0.5907603542527863,0.09781372011357148,0.17999999999999997,-0.26318132638479685
1777027886.6529303,tb2,-0.7962325380448269,0.810460066263676,0.18,-0.4866826329469728
1777027886.660235,tb1,0.22255735662059178,0.44885254799144253,0.18,-0.1576050801550592
1777027886.6643615,tb7,0.25895556712939133,1.08808918217058,0.18000000000000002,-0.305504372832225
1777027886.6695735,tb3,-0.5998306032477927,0.09874269874912338,0.18,-0.26463107223061233
1777027886.7029788,tb2,-0.7962325380448269,0.810460066263676,0.18000000000000002,-0.4905791539522072
1777027886.710971,tb1,0.21686148296500019,0.4417931416013312,0.18,-0.13748856855800962
1777027886.7143188,tb7,0.2639789903501955,1.0804566970605003,0.18000000000000002,-0.30298457019834935
1777027886.719605,tb3,-0.6088885737630478,0.09979111516566834,0.18,-0.26605914618943727
1777027886.7529733,tb2,-0.7923501157873605,0.8188208191626907,0.17999999999999997,-0.493377115059982
1777027886.760169,tb1,0.21686148296500019,0.4417931416013312,0.18,-0.15501203861055102
1777027886.7642257,tb7,0.2688849350151284,1.0727497096532297,0.18,-0.30051179254609606
1777027886.7694647,tb3,-0.6179325829628667,0.1009595632107915,0.18000000000000002,-0.2674772225264393
1777027886.8030488,tb2,-0.7882635792376697,0.8270858148463764,0.18,-0.49590315483514347
1777027886.810362,tb1,0.21111885453149032,0.4347825546561064,0.18,-0.15620958353467562
1777027886.8145936,tb7,0.2688849350151284,1.0727497096532297,0.18,-0.3012736222224292
1777027886.819522,tb3,-0.6269608717351232,0.10224853466066812,0.18,-0.24910416783596
1777027886.8529646,tb2,-0.7839741523309025,0.8352488513661813,0.18000000000000002,-0.49824738187039525
1777027886.8601282,tb1,0.20532012216187406,0.42780888902625525,0.18,-0.15589969172141382
1777027886.864326,tb7,0.27367341442820353,1.0649705604203872,0.18,-0.2987854807527181
1777027886.8695369,tb3,-0.6269608717351232,0.10224853466066812,0.18,-0.2667447218826557
1777027886.9029481,tb2,-0.77948326897467,0.8433042308171409,0.18,-0.5003939859951432
1777027886.9101715,tb1,0.19946697070138558,0.4208802425899505,0.18,-0.15545742272362895
1777027886.9143198,tb7,0.2783443736378881,1.0571201619418173,0.18,-0.2960383026548286
1777027886.919516,tb3,-0.6359643390299219,0.10365300125323167,0.18,-0.26990310033842285
1777027886.9530637,tb2,-0.7747926885741446,0.8512462148484506,0.18,-0.5023852003640659
1777027886.9602482,tb1,0.19356007184037996,0.41399757620752603,0.18,-0.15503454392248364
1777027886.964381,tb7,0.2828966425535881,1.0492017115212546,0.18,-0.29333306595695435
1777027886.9696646,tb3,-0.6449561626527199,0.10517517192849037,0.18,-0.2716597502851356
1777027887.003063,tb2,-0.7699043855741867,0.8590692583826813,0.18,-0.5041676273793928
1777027887.0105674,tb1,0.18759996974238785,0.4071612148459343,0.18,-0.1546309297838564
1777027887.0144522,tb7,0.2873302716237722,1.0412177984070727,0.18,-0.29071253704684435
1777027887.019794,tb3,-0.6539281462502783,0.10681828089408946,0.18000000000000002,-0.27327214865669974
1777027887.0531442,tb2,-0.7699043855741867,0.8590692583826813,0.18000000000000002,-0.5088101105855327
1777027887.0601707,tb1,0.1815872041972859,0.4003714282345696,0.18,-0.1457249772865915
1777027887.0647073,tb7,0.29164557003123176,1.0331709666351463,0.18,-0.2881997134912154
1777027887.0698586,tb3,-0.6628779544684972,0.10858314939403295,0.18,-0.2748484939626867
1777027887.1030006,tb2,-0.7648203812754756,0.8667679487416499,0.18,-0.5104212723171656
1777027887.110139,tb1,0.1815872041972859,0.4003714282345696,0.18,-0.15211133014479578
1777027887.1141224,tb7,0.29584305571733727,1.025063781051791,0.18,-0.26149820502238974
1777027887.1194866,tb3,-0.6718037034097781,0.11047047590732248,0.17999999999999997,-0.27641230674854095
1777027887.1529512,tb2,-0.7595416258389941,0.8743372264157772,0.18,-0.5114804301193145
1777027887.160167,tb1,0.17552608967140437,0.3936298641046312,0.18,-0.15252396837786658
1777027887.164392,tb7,0.29584305571733727,1.025063781051791,0.18,-0.28618725064632833
1777027887.169518,tb3,-0.6807033416913352,0.112480702633113,0.18,-0.2779737684561773
1777027887.202982,tb2,-0.7540712025823211,0.8817700277501324,0.18,-0.5123190337168385
1777027887.210211,tb1,0.16941306033283005,0.38693180813852956,0.18,-0.15237958376299784
1777027887.2142437,tb7,0.2999235200150689,1.016910086278801,0.18,-0.2862074221411699
1777027887.2195344,tb3,-0.6895749977150254,0.11461420530796186,0.18,-0.279561404809617
1777027887.253128,tb2,-0.7484123089153673,0.889060964325146,0.17999999999999997,-0.5129803978673518
1777027887.2603407,tb1,0.16324907503760785,0.38028040050347556,0.18,-0.152207839706756
1777027887.264362,tb7,0.3038961726663634,1.008691543464239,0.18,-0.2835658084450688
1777027887.2696269,tb3,-0.6895749977150254,0.11461420530796186,0.18,-0.2775337910522857
1777027887.3030958,tb2,-0.7425683566309276,0.8962048983928605,0.18,-0.5134124988854838
1777027887.310213,tb1,0.15703462414006925,0.3736762141505464,0.18,-0.1520648370852969
1777027887.3143551,tb7,0.30775076971673687,1.0004171211941135,0.18,-0.28072781840726335
1777027887.3195577,tb3,-0.6984167410805083,0.11687130927863885,0.18,-0.2791806099342476
1777027887.3529544,tb2,-0.736542966892582,0.9031968506096208,0.18,-0.5136065849737916
1777027887.360232,tb1,0.15077013335318748,0.367119586850673,0.18,-0.1519363270774415
1777027887.3643463,tb7,0.3114867527888897,0.9920899194993822,0.18,-0.27796857392713026
1777027887.369539,tb3,-0.7072254757325346,0.11925108915589579,0.17999999999999997,-0.28116901899281405
1777027887.4030004,tb2,-0.7303400048873062,0.9100319725536954,0.18,-0.5135942843351645
1777027887.4103117,tb1,0.14445600955512097,0.36061083471713873,0.18,-0.15182755064332423
1777027887.414396,tb7,0.31510466889834043,0.9837121771977453,0.18,-0.27528910730955997
1777027887.4196808,tb3,-0.7160009679115548,0.12175355837151218,0.18,-0.28317758955759353
1777027887.4530041,tb2,-0.7239635588128668,0.9167056030503344,0.18,-0.5133503769543535
1777027887.4602864,tb1,0.1380926585275447,0.3541502839353527,0.18,-0.15174793010326745
1777027887.4643495,tb7,0.31860506517655285,0.9752861151625046,0.18,-0.2726991405823145
1777027887.469584,tb3,-0.72474141599899,0.12437916098517207,0.18,-0.2851910425166819
1777027887.5029578,tb2,-0.7174179251458642,0.9232132717434803,0.18,-0.5128730826059942
1777027887.510145,tb1,0.13168047813896117,0.3477382603879077,0.18,-0.15169903707641175
1777027887.5142646,tb7,0.32198857834041056,0.9668138445236053,0.18,-0.27019113126988875
1777027887.5195124,tb3,-0.7334448464333966,0.12712839136436227,0.18,-0.28719108339748184
1777027887.5530307,tb2,-0.7107076073343624,0.9295507113869568,0.18,-0.5121821132451663
1777027887.5602827,tb1,0.12521985351875886,0.34137509361892815,0.18,-0.15166266501085413
1777027887.5643187,tb7,0.32525583054671114,0.9582973366693268,0.18,-0.2677414306296131
1777027887.56964,tb3,-0.7421090887694857,0.13000165309130315,0.18000000000000002,-0.2891990725889561
1777027887.6029186,tb2,-0.7038372934230386,0.935713877805071,0.18,-0.5112459405590413
1777027887.6103437,tb1,0.11871116654363922,0.3350611255008274,0.18,-0.15165622163859677
1777027887.6144311,tb7,0.3284073893860736,0.9497386420962294,0.18,-0.2653595281820357
1777027887.619564,tb3,-0.750732123318033,0.1329993251202766,0.18000000000000002,-0.29122107707156947
1777027887.652955,tb2,-0.7038372934230386,0.935713877805071,0.18,-0.5167183764038122
1777027887.6601305,tb1,0.1121547930829779,0.3287967001450903,0.18,-0.15168955741215126
1777027887.6642275,tb7,0.331443894860563,0.941139736215623,0.18,-0.2630459234466261
1777027887.6695716,tb3,-0.7593118340093248,0.13612179222994372,0.18,-0.29324666085724505
1777027887.703019,tb2,-0.6968118767495386,0.9416989503542179,0.18,-0.5156186117062703
1777027887.7103603,tb1,0.10555109392387885,0.322582166254906,0.18,-0.15172992331914045
1777027887.714294,tb7,0.33436596645580047,0.9325024204965202,0.18,-0.2607751497818746
1777027887.7195349,tb3,-0.7678459975026517,0.13936933273797422,0.18,-0.2953043863771362
1777027887.753044,tb2,-0.6896331679387601,0.9475029886141044,0.18,-0.5136110197148469
1777027887.760356,tb1,0.10555109392387885,0.322582166254906,0.18,-0.14941803370320292
1777027887.764533,tb7,0.3371741978756342,0.9238286056744367,0.18,-0.25478570281152374
1777027887.7694976,tb3,-0.776332479052142,0.14274224450740755,0.18,-0.2973824373410634
1777027887.8029792,tb2,-0.6823075484810859,0.9531195474202616,0.18,-0.5113453022644099
1777027887.8101835,tb1,0.09890044717849766,0.31641790270177705,0.18,-0.1495001251961746
1777027887.8143265,tb7,0.3371741978756342,0.9238286056744367,0.18,-0.2583166126722042
1777027887.8193927,tb3,-0.7847690587857791,0.14624082099761726,0.18,-0.29948060382186703
1777027887.8529851,tb2,-0.6748407692193474,0.9585453383818703,0.18,-0.5089224353802874
1777027887.8602538,tb1,0.09220435549527188,0.31030453474762565,0.18,-0.14981513480079436
1777027887.8643672,tb7,0.33986954761406146,0.9151218661463222,0.18,-0.25646209372051887
1777027887.8695927,tb3,-0.7847690587857791,0.14624082099761726,0.18,-0.29773345782721344
1777027887.9029672,tb2,-0.6672384737659786,0.9637776673675337,0.18,-0.5063377576852731
1777027887.9103198,tb1,0.08546271777712973,0.30424134294936067,0.18,-0.1501588296267846
1777027887.9144568,tb7,0.3424533176182494,0.9063799641030272,0.18,-0.25410774854796775
1777027887.919583,tb3,-0.7931534037575784,0.14986521552313167,0.18,-0.29990256488508393
1777027887.952965,tb2,-0.6595065368950718,0.9688140428626395,0.18000000000000002,-0.5036296775035067
1777027887.9601495,tb1,0.078675752138067,0.29822868414041365,0.18,-0.15051974155148434
1777027887.9642563,tb7,0.34492424675253197,0.8976065444030193,0.18,-0.25178860357826016
1777027887.9695446,tb3,-0.8014822208700155,0.15361414633904671,0.17999999999999997,-0.3024315362123805
1777027888.002996,tb2,-0.651650665175613,0.9736524351591533,0.18,-0.5007746245863235
1777027888.0102062,tb1,0.07184372030615904,0.2922670246528778,0.18,-0.15087948343035126
1777027888.0146308,tb7,0.34728301129237105,0.8888034586847912,0.18,-0.24952598979759433
1777027888.0196872,tb3,-0.8097549802342223,0.15748772370824382,0.18,-0.30498780528304426
1777027888.0529914,tb2,-0.6436767153957541,0.9782909183106389,0.17999999999999997,-0.4977809193357954
1777027888.0602374,tb1,0.06496688699669,0.28635683249113963,0.18,-0.15125180610064437
1777027888.0643868,tb7,0.3495303559846676,0.8799724193718718,0.18,-0.24733251935229883
1777027888.069648,tb3,-0.8179694789863912,0.1614862767772696,0.17999999999999997,-0.3075465197746976
1777027888.1028998,tb2,-0.6355905804997585,0.982727872820259,0.18,-0.49465646820831544
1777027888.1101062,tb1,0.05804551095442259,0.28049857680863843,0.18,-0.15164321638165323
1777027888.1142628,tb7,0.3516670721493935,0.871115154675838,0.18,-0.24521598014903612
1777027888.1195478,tb3,-0.8261232417039859,0.1656101126975154,0.18,-0.3101076535254621
1777027888.152948,tb2,-0.6273981447505982,0.9869619630161653,0.18,-0.4914346266697109
1777027888.1602552,tb1,0.051079859442793765,0.274692739451764,0.18,-0.15203501494020943
1777027888.1647239,tb7,0.3536939796056785,0.8622331844193347,0.18,-0.2431473955002338
1777027888.169652,tb3,-0.8342137141906284,0.16985943811149604,0.18,-0.31267861423309334
1777027888.2029674,tb2,-0.6273981447505982,0.9869619630161653,0.18000000000000002,-0.49694814634858203
1777027888.2102065,tb1,0.04407021580459915,0.26893980479977797,0.18,-0.15245400987636418
1777027888.2143888,tb7,0.3556118119137847,0.8533280385700642,0.18,-0.24113383237014213
1777027888.2195427,tb3,-0.8422383457692343,0.17423437622850058,0.18,-0.31528316830574077
1777027888.2529943,tb2,-0.6191051173190394,0.9909920576784917,0.18,-0.49355882047891364
1777027888.2600906,tb1,0.037016840435442844,0.263240247631358,0.18,-0.14478768504487152
1777027888.2642074,tb7,0.3574212969600575,0.8444012487764583,0.18,-0.23916752393797136
1777027888.269695,tb3,-0.8501945919229469,0.17873502899316585,0.18,-0.3179117148122187
1777027888.303169,tb2,-0.6107130907656831,0.9948169185848694,0.18,-0.4891702396853055
1777027888.310174,tb1,0.037016840435442844,0.263240247631358,0.18,-0.1505041633092682
1777027888.3148475,tb7,0.3591231928776104,0.8354543332838592,0.18,-0.21860626048192344
1777027888.319496,tb3,-0.8580798609902036,0.1833615089031956,0.18,-0.3205704974380961
1777027888.3530512,tb2,-0.6022305708728851,0.9984323263236358,0.18,-0.4846363711542761
1777027888.3602424,tb1,0.029923745044691044,0.25759528953066546,0.18,-0.15165196956166344
1777027888.3644342,tb7,0.3591231928776104,0.8354543332838592,0.18,-0.23656991930667284
1777027888.3695805,tb3,-0.8580798609902036,0.1833615089031956,0.18,-0.31916566996294826
1777027888.4029372,tb2,-0.5936640326337335,1.0018378805210963,0.18,-0.48011529298959
1777027888.410126,tb1,0.02278716739387186,0.2520014880199895,0.18,-0.15236172832943004
1777027888.4143357,tb7,0.36072092646686815,0.8264963257323271,0.18,-0.23623122914681272
1777027888.419466,tb3,-0.8658914372417333,0.188113804431122,0.18,-0.3219037748507853
1777027888.4529438,tb2,-0.5850195710466456,1.0050338229624733,0.18,-0.4756469417717872
1777027888.4601755,tb1,0.015608061118321923,0.24646152639502555,0.18,-0.15302620668863923
1777027888.4644501,tb7,0.36221666754136367,0.8175139496038974,0.18,-0.23423933478167108
1777027888.4695013,tb3,-0.8736257465320725,0.19299022990739523,0.18,-0.32501866752449843
1777027888.502997,tb2,-0.5763028513962372,1.0080206224256423,0.18,-0.4711603137123078
1777027888.5102148,tb1,0.008386734345412978,0.24097617690232204,0.18,-0.15369236721631283
1777027888.5144641,tb7,0.3636061498763638,0.8085148965074617,0.18,-0.23217121139732014
1777027888.5195673,tb3,-0.8812819216928769,0.19799086873403335,0.18,-0.32817561522933825
1777027888.5529485,tb2,-0.567519706713005,1.0107987342230151,0.18,-0.46666563988412946
1777027888.5601826,tb1,0.001123397352849814,0.23554601910656245,0.18,-0.1543628270398694
1777027888.5642693,tb7,0.36488985590655,0.7995011516416318,0.18,-0.23017197123964686
1777027888.5695028,tb3,-0.8888573369530859,0.20311582594430352,0.18,-0.33133637935414756
1777027888.6029198,tb2,-0.5586758238585496,1.0133689051528805,0.18,-0.4621878477434141
1777027888.610155,tb1,-0.006181725534800837,0.23017165062682157,0.18,-0.15503677209347577
1777027888.6144638,tb7,0.36606865453373916,0.7904741014797427,0.18,-0.22823769140383188
1777027888.6196165,tb3,-0.8963490180734511,0.20836509030684341,0.18,-0.3345091313315651
1777027888.6529174,tb2,-0.5497765318945066,1.0157319962602294,0.18,-0.457690068950773
1777027888.6602087,tb1,-0.013528383741939853,0.22485366621873862,0.18,-0.15571590753234613
1777027888.6643538,tb7,0.36714339350133957,0.7814349950815165,0.18,-0.22636416760781383
1777027888.6697042,tb3,-0.9037539904705938,0.21373853951972047,0.18,-0.3377118944480172
1777027888.7030199,tb2,-0.5408272798927463,1.0178889565916416,0.18,-0.41957907908957504
1777027888.7101107,tb1,-0.020916343499931465,0.21959264500640754,0.18,-0.15641029604370976
1777027888.7142777,tb7,0.36811489103205175,0.7723851527670099,0.18,-0.2245538733587854
1777027888.7195978,tb3,-0.9110693023035343,0.21923604200449534,0.18,-0.3409418118389462
1777027888.7529867,tb2,-0.5408272798927463,1.0178889565916416,0.18,-0.4581998628472686
1777027888.7600665,tb1,-0.028345393465068494,0.21438918249573832,0.18,-0.15709834333425354
1777027888.7642462,tb7,0.3689840039985798,0.7633258448250144,0.18,-0.2228070305185668
1777027888.769451,tb3,-0.9182918985203801,0.22485742862192196,0.18,-0.3441740064651065
1777027888.8030415,tb2,-0.5318488215371947,1.019845271985232,0.18,-0.45701789669518594
1777027888.810272,tb1,-0.028345393465068494,0.21438918249573832,0.18,-0.15466054334288865
1777027888.8142457,tb7,0.3697515248421484,0.7542581890155565,0.18,-0.22111378975983956
1777027888.8195624,tb3,-0.9254186003487269,0.23060230195056847,0.18,-0.3474713475342934
1777027888.8531165,tb2,-0.5228135589505307,1.02160651216259,0.18,-0.4515057355511695
1777027888.8602245,tb1,-0.03581524457134941,0.20924389740248284,0.18,-0.1553688624992509
1777027888.864486,tb7,0.3697515248421484,0.7542581890155565,0.18,-0.2201117101258519
1777027888.8695667,tb3,-0.9254186003487269,0.23060230195056847,0.18,-0.34654217677417987
1777027888.9029942,tb2,-0.5137416923205074,1.0231605911817552,0.18,-0.4457680337644225
1777027888.9101293,tb1,-0.04332414580478754,0.2041575282721093,0.18,-0.1563667775822927
1777027888.9142983,tb7,0.37041826144245593,0.7451835105154629,0.18,-0.21846306282895023
1777027888.9194908,tb3,-0.9324463487999481,0.23647047906141389,0.18,-0.3499251493270572
1777027888.9530435,tb2,-0.5046398594932371,1.0245088817096544,0.18,-0.4402131267415019
1777027888.9602554,tb1,-0.05087264052821971,0.19912936889863048,0.18,-0.15735009459044408
1777027888.9643848,tb7,0.3709849274040981,0.7361026653091686,0.18,-0.21681719574422773
1777027888.969581,tb3,-0.9393712799507258,0.24245973297528675,0.18,-0.3536777629675094
1777027889.0030339,tb2,-0.4955130645455725,1.0256537921200255,0.18,-0.43481862852805364
1777027889.0103881,tb1,-0.058460616097360224,0.19416008122734177,0.18,-0.15831337002361892
1777027889.014255,tb7,0.37145221487732627,0.7270170074395783,0.18,-0.21523544569394687
1777027889.0195289,tb3,-0.9461919731539182,0.24857015085010045,0.18,-0.3574492763194362
1777027889.0531747,tb2,-0.48636605236042807,1.0265977608421237,0.18,-0.4295877299678203
1777027889.0601199,tb1,-0.06608786869372354,0.18925040559280767,0.18,-0.15928169891595428
1777027889.0644178,tb7,0.3718209348859888,0.7179276133675854,0.18,-0.2137007697348425
1777027889.06975,tb3,-0.9529050075293086,0.254801326884536,0.18,-0.36124048938717024
1777027889.1028926,tb2,-0.47720323157051703,1.0273431331089318,0.18,-0.4244201894365947
1777027889.11013,tb1,-0.07375416642252353,0.18440106457895353,0.18,-0.16022754395590974
1777027889.114313,tb7,0.37209183643702964,0.7088355043821088,0.18,-0.21221383513096995
1777027889.1195416,tb3,-0.9595069266666049,0.2611526509420234,0.18,-0.36508104741990133
1777027889.1531816,tb2,-0.47720323157051703,1.0273431331089318,0.18,-0.4288964274235179
1777027889.1601624,tb1,-0.08145929300927082,0.17961276811227436,0.18,-0.1611623325593015
1777027889.1643775,tb7,0.37226565498458214,0.6997417644217216,0.18,-0.21077232962962883
1777027889.1695676,tb3,-0.9659943544305883,0.26762358791036084,0.18,-0.3689380307845883
1777027889.2029998,tb2,-0.4680291177270242,1.0278922911773316,0.18,-0.42377310734626983
1777027889.210219,tb1,-0.08920301415912778,0.1748862384728974,0.18,-0.16208909928789114
1777027889.214344,tb7,0.37234315385327743,0.6906474375213599,0.18,-0.20938729418276872
1777027889.2194602,tb3,-0.972363706597885,0.2742135151963978,0.18,-0.3728184303128055
1777027889.2529633,tb2,-0.45884383028594194,1.0282456784398377,0.18,-0.41782249545733013
1777027889.2602668,tb1,-0.08920301415912778,0.1748862384728974,0.18,-0.15963968348460247
1777027889.264388,tb7,0.3723250544173503,0.6815534743706212,0.18,-0.20804096711523767
1777027889.2695167,tb3,-0.9786112987347229,0.280921503498954,0.18,-0.37674977852145464
1777027889.3029604,tb2,-0.4496556443147797,1.028403381536785,0.18,-0.4119975294596004
1777027889.310308,tb1,-0.09698503529111663,0.17022220532157842,0.18,-0.16056615998238774
1777027889.3144922,tb7,0.3723250544173503,0.6815534743706212,0.18,-0.20679827848766533
1777027889.319895,tb3,-0.9847335429658789,0.28774663532278405,0.18,-0.38072561179521175
1777027889.352997,tb2,-0.4404690381268818,1.0283682951676958,0.18,-0.4063792856668908
1777027889.360238,tb1,-0.10480341879708624,0.16562139465330167,0.18,-0.16180192645682162
1777027889.3643453,tb7,0.37221203750446635,0.6724608486094293,0.18,-0.2054671831569658
1777027889.3695495,tb3,-0.9847335429658789,0.28774663532278405,0.18,-0.3804580665552235
1777027889.4030259,tb2,-0.43128790629347324,1.0281434728125562,0.18,-0.40095488024943493
1777027889.4101977,tb1,-0.11265883588105062,0.16108311889968277,0.18,-0.16302606230013633
1777027889.4144301,tb7,0.3720047724616358,0.6633705374334936,0.18,-0.20417336356115887
1777027889.419594,tb3,-0.9907267678923872,0.2946878699551423,0.18,-0.38457210924055374
1777027889.4530249,tb2,-0.4221158862717536,1.0277319162065846,0.18,-0.39569119253321106
1777027889.4602482,tb1,-0.12055114764960932,0.15660812478061298,0.18,-0.16421568392060054
1777027889.4643123,tb7,0.37170394212345625,0.6542834716234407,0.18,-0.2029261233709998
1777027889.4694827,tb3,-0.9965869509557206,0.3017420606578693,0.18,-0.3891043840572191
1777027889.502912,tb2,-0.4129567379384844,1.0271366899423395,0.18,-0.3906242134869268
1777027889.5101192,tb1,-0.1284801806710027,0.15219722601395394,0.18,-0.16537708533905307
1777027889.5143993,tb7,0.3713102413347551,0.6452006221382945,0.18,-0.20172688122601914
1777027889.5195854,tb3,-1.0023122207024127,0.3089088819358676,0.18,-0.3936643058497293
1777027889.5529492,tb2,-0.4038135772419988,1.026360804021031,0.18,-0.3857029811934829
1777027889.560107,tb1,-0.1364456339300092,0.14785129598570404,0.18,-0.1665136401866364
1777027889.5643225,tb7,0.37082436480115544,0.6361228111865427,0.18,-0.20056917921371772
1777027889.5696304,tb3,-1.0078986464811566,0.3161871161072281,0.18,-0.3982577536024464
1777027889.6030307,tb2,-0.39468958563837353,1.0254070665762376,0.18,-0.3808952778026272
1777027889.6101465,tb1,-0.14444722282540706,0.14357112590280482,0.18,-0.1676319718905651
1777027889.6143832,tb7,0.3702469422286347,0.6270509158365386,0.18,-0.19944368792981265
1777027889.6195824,tb3,-1.0133423160086383,0.32357537579178597,0.18,-0.4028872087331379
1777027889.6529727,tb2,-0.38558798884601775,1.0242783587646302,0.18,-0.37620974540340674
1777027889.6601794,tb1,-0.15248467973426977,0.139357498977417,0.18,-0.16873149813904448
1777027889.6644297,tb7,0.36957860843592744,0.6179858296451362,0.18,-0.19836074186832886
1777027889.6696343,tb3,-1.018639309216998,0.3310722718814551,0.18,-0.40752874182522975
1777027889.7029724,tb2,-0.37651165962929606,1.022977501101942,0.18,-0.37163232889155084
1777027889.7101884,tb1,-0.16055767521829067,0.1352112168481181,0.18,-0.16981995150333787
1777027889.7144473,tb7,0.36881999738337395,0.6089283869831978,0.18,-0.1973178718791338
1777027889.7195714,tb3,-1.0237855145822454,0.3386762240912533,0.18,-0.4121830048343754
1777027889.7530873,tb2,-0.37651165962929606,1.022977501101942,0.18,-0.3751116865340004
1777027889.7606928,tb1,-0.16866591327398586,0.13113306301225203,0.18,-0.14919325553477047
1777027889.7644236,tb7,0.3679717305358176,0.5998794245268833,0.18,-0.1963164591127767
1777027889.769593,tb3,-1.0287767860031343,0.3463854906924281,0.18,-0.4168538200371833
1777027889.8030071,tb2,-0.3674633857048144,1.021507368731432,0.18,-0.3705297678460692
1777027889.8101795,tb1,-0.16866591327398586,0.13113306301225203,0.18,-0.16844435237436878
1777027889.8144252,tb7,0.3679717305358176,0.5998794245268833,0.18,-0.19484986181308156
1777027889.819582,tb3,-1.0336089114435114,0.3541984914269055,0.18,-0.42148348229129323
1777027889.8529708,tb2,-0.35844334017447754,1.01986830949611,0.18,-0.3653457611482183
1777027889.860262,tb1,-0.17679910132131435,0.12712352794275208,0.18,-0.17134043470951768
1777027889.8645027,tb7,0.3670344706013503,0.5908398026449527,0.18,-0.19386392186404255
1777027889.8695657,tb3,-1.0336089114435114,0.3541984914269055,0.18,-0.4221103657159135
1777027889.903093,tb2,-0.3494576849910794,1.0180624399776592,0.18,-0.3603444652602638
1777027889.9102418,tb1,-0.1849713893103922,0.12317586571809916,0.18,-0.1726721482436719
1777027889.9145217,tb7,0.36600896271181743,0.581810526432275,0.18,-0.1929806241438493
1777027889.9195864,tb3,-1.0382775104339816,0.3621129160881243,0.18,-0.42689212617465594
1777027889.9529567,tb2,-0.3405090265257027,1.0160930437607583,0.18,-0.3555134797292334
1777027889.960143,tb1,-0.19317814120880117,0.11929750754082402,0.18,-0.17385233264221547
1777027889.9643116,tb7,0.36489589875114964,0.5727921039405477,0.18,-0.19214399604833515
1777027889.969598,tb3,-1.0427784986444706,0.37012473530458384,0.18,-0.43202363637918545
1777027890.0029101,tb2,-0.33159969071887796,1.0139633594202726,0.18,-0.3508694843550506
1777027890.010248,tb1,-0.20141861600162442,0.11548979999204168,0.18,-0.1749898768693813
1777027890.0142791,tb7,0.36369584305032554,0.5637852767822149,0.18,-0.19133508599211915
1777027890.019586,tb3,-1.0471091508432746,0.3782325587726301,0.18,-0.4371699164245217
1777027890.0530927,tb2,-0.3227316936146092,1.0116764093563715,0.18,-0.3463643816405954
1777027890.0602894,tb1,-0.20969236201066874,0.11175362278609645,0.18,-0.17611935066482517
1777027890.0644288,tb7,0.3624093222952316,0.5547907822662936,0.18,-0.1905476786384152
1777027890.0695016,tb3,-1.051265227416515,0.3864339219496873,0.18,-0.44231998993540145
1777027890.1029034,tb2,-0.31390730298713204,1.00923529185939,0.18,-0.3419970220833093
1777027890.1102476,tb1,-0.21799903460288114,0.10808977446221578,0.18,-0.17723255017250344
1777027890.1142788,tb7,0.3610368683891221,0.5458094188273053,0.18,-0.1898067809896478
1777027890.1196232,tb3,-1.0552425056887969,0.39472643471993285,0.18,-0.44741716934402276
1777027890.1529472,tb2,-0.3051283677153959,1.0066429496216376,0.18,-0.33776269151292765
1777027890.160207,tb1,-0.2263381732985457,0.10449908971881773,0.18,-0.17833806338785002
1777027890.164304,tb7,0.3595789986040881,0.5368418905625736,0.18,-0.18908915680232125
1777027890.169469,tb3,-1.0590364557642038,0.4031070796909447,0.18,-0.45249766590155144
1777027890.2029526,tb2,-0.2963967171914187,1.0039021627631253,0.18,-0.33361718115596595
1777027890.2101195,tb1,-0.23470932470688527,0.10098235030046819,0.18,-0.17944230565612376
1777027890.2142901,tb7,0.35803619607984694,0.5278889271943863,0.18,-0.18839986990286636
1777027890.2195213,tb3,-1.0626428275974629,0.4115727137119221,0.18,-0.45758225039225453
1777027890.2528114,tb2,-0.28771420924440133,1.0010157189438043,0.18,-0.2997830947209004
1777027890.2600708,tb1,-0.24311204199748518,0.0975403295530998,0.18,-0.18054029898377166
1777027890.2642298,tb7,0.3564089407568344,0.5189512653479238,0.18,-0.18774092061374878
1777027890.2694876,tb3,-1.0660574439049735,0.42012009233014563,0.18,-0.4626471487753838
1777027890.3029666,tb2,-0.28771420924440133,1.0010157189438043,0.18,-0.33215177344661917
1777027890.3100781,tb1,-0.251545840960306,0.09417380185005364,0.18,-0.18162576674396233
1777027890.3142662,tb7,0.35469770482985824,0.5100296249264372,0.18,-0.1871044900547022
1777027890.3194754,tb3,-1.0692761330934621,0.4287456832798134,0.18,-0.4676790933965258
1777027890.3530538,tb2,-0.2790926531783103,0.9979971201278638,0.18,-0.3310967392987471
1777027890.3602314,tb1,-0.251545840960306,0.09417380185005364,0.18,-0.17919390128720222
1777027890.36454,tb7,0.3529029464537689,0.5011247159463833,0.18,-0.17900578238990386
1777027890.3695376,tb3,-1.0722947909411076,0.43744583087565964,0.18,-0.4727017700614989
1777027890.402946,tb2,-0.2705067029403293,0.9948375375049306,0.18,-0.32647591977373797
1777027890.410174,tb1,-0.26001023790106037,0.090883536497078,0.18,-0.18029668195722862
1777027890.414242,tb7,0.3529029464537689,0.5011247159463833,0.18,-0.18482175875972592
1777027890.419372,tb3,-1.0751092034531424,0.446216968727791,0.18,-0.477614179762435
1777027890.45298,tb2,-0.26197514130496796,0.9915365175042681,0.18,-0.32172911727230696
1777027890.4601984,tb1,-0.2685030535109345,0.08767008265221422,0.18,-0.1817056003328582
1777027890.46443,tb7,0.35102729492047496,0.4922398800841484,0.18,-0.18487215990778083
1777027890.469566,tb3,-1.0751092034531424,0.446216968727791,0.18,-0.4796735676341944
1777027890.5031343,tb2,-0.2535008069143256,0.9880971193708864,0.18,-0.31715644768227835
1777027890.5102317,tb1,-0.2770249482212981,0.08453297010543105,0.18,-0.1831116045673144
1777027890.5143507,tb7,0.34907022443577984,0.4833703339530551,0.18,-0.1844240738791922
1777027890.5197024,tb3,-1.0777151879896898,0.4550547765880034,0.18,-0.4846833387417969
1777027890.5529637,tb2,-0.24508509130278214,0.9845224728365795,0.18,-0.3127496443898673
1777027890.5602157,tb1,-0.2855755876772767,0.08147301195438594,0.18,-0.18448611232637377
1777027890.5643256,tb7,0.34703127121886573,0.47451927273595923,0.18,-0.1839493179919423
1777027890.5694795,tb3,-1.0801092081700119,0.4639536949724494,0.18,-0.48984520568908296
1777027890.602971,tb2,-0.23672922923021883,0.9808157266317984,0.18,-0.3085436856304475
1777027890.610194,tb1,-0.2941545129547059,0.07849114321128393,0.17999999999999997,-0.18582831948495865
1777027890.614418,tb7,0.3449107951105224,0.4656876228177141,0.18,-0.183493445671562
1777027890.6196961,tb3,-1.082288183289049,0.47291025329640846,0.18,-0.49492055928521267
1777027890.6530557,tb2,-0.22843410281886722,0.9769797530610238,0.18,-0.30447214235280906
1777027890.6602993,tb1,-0.3027611674149775,0.07558829542418503,0.18,-0.18714741454216322
1777027890.6643205,tb7,0.3427092067220823,0.456876071957128,0.18,-0.18306892948874792
1777027890.6696208,tb3,-1.084248198144177,0.48191971129084044,0.18,-0.4998744683678602
1777027890.702963,tb2,-0.22020083868423226,0.973017425379543,0.18,-0.30053702669537957
1777027890.71016,tb1,-0.3113950475495764,0.0727653424427886,0.18,-0.18845850998810243
1777027890.7142813,tb7,0.3404269095117523,0.44808530133592883,0.18,-0.18266828190437087
1777027890.7194893,tb3,-1.0859855419049047,0.4909772237357836,0.18,-0.5046858349932692
1777027890.753089,tb2,-0.2120303408159852,0.9689314572504737,0.18,-0.29672657902987454
1777027890.7602456,tb1,-0.32005557793162914,0.07002316932667962,0.18,-0.18974774003959718
1777027890.764384,tb7,0.33806429580549957,0.4393159785123982,0.18,-0.18228747202241088
1777027890.7695339,tb3,-1.0874965827032907,0.5000775824945655,0.18,-0.5093678667508791
1777027890.8030171,tb2,-0.2039235691309189,0.9647245762781591,0.18000000000000002,-0.29303131180756753
1777027890.8101583,tb1,-0.3287422068026675,0.0673626427411228,0.18,-0.19103314503702104
1777027890.8142686,tb7,0.33562175319856713,0.4305687774625462,0.18,-0.181940606110376
1777027890.8194714,tb3,-1.0887778783338,0.5092154827926477,0.18,-0.5138749609835932
1777027890.853167,tb2,-0.2039235691309189,0.9647245762781591,0.18,-0.29480694619394093
1777027890.8601482,tb1,-0.33745431644833507,0.06478462471323358,0.18,-0.19231101740557782
1777027890.8642895,tb7,0.3330996623296753,0.42184436128195113,0.18,-0.18161453450990914
1777027890.869571,tb3,-1.0898261536008478,0.518385228115816,0.18,-0.5182317546175648
1777027890.902974,tb2,-0.19588132433254343,0.9603993382518723,0.18,-0.29113182877658605
1777027890.9102254,tb1,-0.3461913316315412,0.06228997595697985,0.18,-0.193578720673346
1777027890.9142587,tb7,0.3304984002625172,0.41314339649515625,0.18,-0.18131778145847985
1777027890.9195013,tb3,-1.0906383409132623,0.5275811134371062,0.17999999999999997,-0.5223826488051617
1777027890.9530673,tb2,-0.18790305925435977,0.955956132077343,0.18,-0.2870579342766076
1777027890.9602468,tb1,-0.3461913316315412,0.06228997595697985,0.17999999999999997,-0.19121417612752248
1777027890.9648418,tb7,0.3278183263302575,0.4044665337220855,0.18,-0.1677386477849904
1777027890.9695497,tb3,-1.0912116194363677,0.5367969790362274,0.18,-0.5263599565255664
1777027891.0029974,tb2,-0.17999223363366995,0.9513975883314769,0.18,-0.28310028025126777
1777027891.010806,tb1,-0.35495254040121266,0.05987955671715446,0.18,-0.19247865264734007
1777027891.0143995,tb7,0.3278183263302575,0.4044665337220855,0.18,-0.17918842405498767
1777027891.0196168,tb3,-1.0912116194363677,0.5367969790362274,0.18000000000000002,-0.5298653148307984
1777027891.053401,tb2,-0.17214966996303616,0.9467265485256839,0.18,-0.2793265058594927
1777027891.0602672,tb1,-0.36373563136610154,0.05755370850050861,0.17999999999999997,-0.19411431119871655
1777027891.0646863,tb7,0.32506415579948006,0.3958186269185443,0.18,-0.1800361486558012
1777027891.0696948,tb3,-1.0915433612738221,0.546026745530968,0.18,-0.5337500554006198
1777027891.1030374,tb2,-0.16437573574073605,0.9419456305249108,0.18,-0.2756726743073247
1777027891.11033,tb1,-0.372541277272701,0.05531214922260807,0.18,-0.19572601598581435
1777027891.1143918,tb7,0.3222331971894581,0.3871907901247575,0.18,-0.179950719781169
1777027891.1195774,tb3,-1.0916313498229737,0.555263770170407,0.18,-0.537436051356646
1777027891.1530998,tb2,-0.15667097452895154,0.9370573849686173,0.18,-0.2721682298228669
1777027891.1601932,tb1,-0.38136897020277444,0.053155786164028954,0.17999999999999997,-0.1973255883978627
1777027891.1643665,tb7,0.3193247197089906,0.37858843054932495,0.18,-0.1797868878661418
1777027891.169637,tb3,-1.0914735983312276,0.5645018310100652,0.18,-0.5408559511194572
1777027891.2029557,tb2,-0.14903585145086648,0.9320643539409074,0.18,-0.2687997976085411
1777027891.210159,tb1,-0.3902180994851177,0.0510856058866898,0.18,-0.19889515090512133
1777027891.2143056,tb7,0.3163389715033662,0.37001264002330286,0.18,-0.1796383503201974
1777027891.2195728,tb3,-1.0910682048523657,0.5737340990175588,0.18,-0.543996304075454
1777027891.2529833,tb2,-0.14147069983941055,0.9269689522633171,0.18,-0.2655593747985799
1777027891.2601738,tb1,-0.39908797768686305,0.049102624006318076,0.18,-0.20044618033583636
1777027891.2644022,tb7,0.31327627070396746,0.36146411249421845,0.18,-0.17950554514721165
1777027891.269545,tb3,-1.0904136149559187,0.5829536998669465,0.18000000000000002,-0.5468569704147541
1777027891.3030777,tb2,-0.13397584429776146,0.9217734443595749,0.18,-0.26242185463070383
1777027891.3102453,tb1,-0.4079778672678376,0.04720781627307218,0.18,-0.20199088402929286
1777027891.3144867,tb7,0.310136932162224,0.3529435027680982,0.18,-0.17939490851265166
1777027891.3196845,tb3,-1.0895086281222868,0.5921535493035761,0.18,-0.5494572407388029
1777027891.3529086,tb2,-0.12655167685552038,0.9164801067652131,0.18,-0.25938717766034786
1777027891.3601263,tb1,-0.41688708101828875,0.04540213974715621,0.18,-0.20353746022590824
1777027891.3643553,tb7,0.3069212693219941,0.3444514686669186,0.18,-0.1793152113364336
1777027891.369491,tb3,-1.0883523808797115,0.6013266203292159,0.18,-0.5517256656651127
1777027891.402954,tb2,-0.11919849352703844,0.9110910983751208,0.17999999999999997,-0.2564545472803392
1777027891.4101832,tb1,-0.4258148280979851,0.043686550303587306,0.18,-0.20508230256529153
1777027891.4143114,tb7,0.3036295855316289,0.3359886585376409,0.18,-0.17925329329889547
1777027891.4195676,tb3,-1.0869443988169492,0.610465582625706,0.18,-0.5537384375982574
1777027891.4529462,tb2,-0.11919849352703844,0.9110910983751208,0.18,-0.25743884293268143
1777027891.460071,tb1,-0.43476033076599624,0.04206197366393848,0.18,-0.20664609661884242
1777027891.4642444,tb7,0.30026217749567735,0.32755572877240263,0.18,-0.17921320284014952
1777027891.469477,tb3,-1.085284607334629,0.6195632258073557,0.17999999999999997,-0.5554434463171443
1777027891.5029626,tb2,-0.11191657345904808,0.905608474912341,0.18,-0.2545247296474009
1777027891.510148,tb1,-0.4437228423292672,0.04052936211831922,0.18,-0.20820858382016272
1777027891.5142343,tb7,0.29681933834160923,0.31915333676499164,0.18,-0.17919215958008125
1777027891.5194695,tb3,-1.0833732663465165,0.62861227532744,0.18,-0.5568589118786206
1777027891.5530226,tb2,-0.10470553374652052,0.9000326049445267,0.18,-0.2513459266318011
1777027891.5602553,tb1,-0.4437228423292672,0.04052936211831922,0.18,-0.20594839605404927
1777027891.5643976,tb7,0.29681933834160923,0.31915333676499164,0.18,-0.1772279790393996
1777027891.5698855,tb3,-1.081211056558152,0.6376053970182503,0.18,-0.5580242009555771
1777027891.603109,tb2,-0.09756751146768011,0.8943659516558143,0.18,-0.24828768105226315
1777027891.6102479,tb1,-0.4527014013146589,0.03908964979116583,0.18,-0.20756712710648767
1777027891.6144147,tb7,0.2933013555401887,0.3107821406621354,0.18,-0.17721648171765744
1777027891.619622,tb3,-1.081211056558152,0.6376053970182503,0.18,-0.5627845268651919
1777027891.6529498,tb2,-0.09050275953236886,0.8886108377187746,0.18,-0.24539115072898543
1777027891.6600976,tb1,-0.4616936664852596,0.03774301182155262,0.18,-0.2095242797109701
1777027891.6642373,tb7,0.2897092888285013,0.30244342642921374,0.18,-0.17741491025595646
1777027891.6694758,tb3,-1.0787988613424315,0.6465356005469255,0.18,-0.5636088964491485
1777027891.702932,tb2,-0.08351116928096627,0.8827693178498857,0.18000000000000002,-0.24262735666778323
1777027891.7101643,tb1,-0.4707002270927899,0.0364895094357974,0.18,-0.2114871391134255
1777027891.7143073,tb7,0.2860434654622142,0.294136854049646,0.18,-0.1776209807587564
1777027891.719515,tb3,-1.0761366063537647,0.6553965624982427,0.18,-0.5637729824169443
1777027891.7530386,tb2,-0.07659280369796385,0.8768433625301296,0.18,-0.23998614601007368
1777027891.7602048,tb1,-0.4797203517714995,0.03533019683721122,0.18,-0.21344653736313177
1777027891.764443,tb7,0.28230407964906895,0.2858630299977434,0.18,-0.17782657376327438
1777027891.7695892,tb3,-1.0732257590973182,0.6641793520996913,0.18,-0.5636204229105252
1777027891.8029568,tb2,-0.06974773243428684,0.8708348704130965,0.18,-0.2374574226759378
1777027891.8101301,tb1,-0.48875318829267456,0.03426618983087392,0.18000000000000002,-0.21540861033747383
1777027891.8142421,tb7,0.2784913299808227,0.2776226443757391,0.18,-0.17804850181288226
1777027891.8194728,tb3,-1.070068541792508,0.6728766528105448,0.18,-0.5631674505393762
1777027891.852913,tb2,-0.0629760320383948,0.864745700168576,0.17999999999999997,-0.23504437159692604
1777027891.8602462,tb1,-0.4977978159906309,0.03329860268797832,0.18,-0.21737029857082457
1777027891.8643436,tb7,0.27460542103108065,0.26941639055342637,0.18,-0.17826253646965373
1777027891.8695354,tb3,-1.0666675640947265,0.681481423674704,0.18,-0.5624592771733155
1777027891.9031525,tb2,-0.05627774072502105,0.8585775510291892,0.17999999999999997,-0.23272963826110482
1777027891.910261,tb1,-0.5068532615309096,0.03242851068351523,0.18,-0.21935862986641358
1777027891.914272,tb7,0.27064656420134414,0.2612449654930877,0.18,-0.17848954373714657
1777027891.919556,tb3,-1.063025774480127,0.6899867909551908,0.18,-0.5614774873352577
1777027891.9528692,tb2,-0.04965298013656784,0.8523322339043746,0.18,-0.23052733625806435
1777027891.9601657,tb1,-0.5159186551874623,0.03165702099600829,0.18,-0.22136053650030285
1777027891.9642503,tb7,0.26661496837185356,0.2531090556696881,0.18,-0.1787195872475144
1777027891.9694893,tb3,-1.0591464741525745,0.6983860134244833,0.18,-0.5602317718058539
1777027892.0029643,tb2,-0.04965298013656784,0.8523322339043746,0.17999999999999997,-0.2308980115590793
1777027892.0100827,tb1,-0.5249929344385281,0.03098523563316338,0.18,-0.22339123208961062
1777027892.0142913,tb7,0.26251085120622264,0.24500936239782267,0.18,-0.17895398467860776
1777027892.0196328,tb3,-1.0550332685286108,0.706672582618137,0.18,-0.5587573430493425
1777027892.0530453,tb2,-0.043101762027854894,0.8460113244919322,0.18,-0.22873731915626444
1777027892.0601041,tb1,-0.5340750957897059,0.030414243420791506,0.18000000000000002,-0.2006605153959041
1777027892.064279,tb7,0.25833443828373964,0.23694658380070643,0.18,-0.17919912305277716
1777027892.0695467,tb3,-1.050690038866412,0.7148401863491763,0.17999999999999997,-0.5570139220763636
1777027892.1030574,tb2,-0.036623874799717,0.8396152464435443,0.18,-0.22643986605598043
1777027892.1101863,tb1,-0.5340750957897059,0.030414243420791506,0.18,-0.22334752027125457
1777027892.114435,tb7,0.2540859548471492,0.22892141387712922,0.18,-0.1794359766246901
1777027892.1195045,tb3,-1.0461209643505927,0.7228826976485896,0.18,-0.5550298142967329
1777027892.1529725,tb2,-0.030220559264474457,0.8331460004461605,0.18000000000000002,-0.22424591861738652
1777027892.1602414,tb1,-0.5431535394726642,0.029940261607901746,0.18,-0.2276254196418565
1777027892.1644373,tb7,0.2540859548471492,0.22892141387712922,0.18,-0.1773994535028012
1777027892.1696904,tb3,-1.0461209643505927,0.7228826976485896,0.18,-0.5603229110396177
1777027892.2031333,tb2,-0.023891864149779698,0.8266052402770093,0.18,-0.22218498434155445
1777027892.2102726,tb1,-0.5522461004240014,0.029562772051152417,0.18,-0.23014551218957394
1777027892.2143831,tb7,0.24976565785517849,0.220934587897716,0.18,-0.17765916785160346
1777027892.219691,tb3,-1.0413304707728734,0.730794245404452,0.17999999999999997,-0.5581415523334545
1777027892.253116,tb2,-0.017637800447931017,0.8199945958423195,0.18,-0.22026574165154233
1777027892.2601905,tb1,-0.5613443515534073,0.02928806474834627,0.18,-0.23251423141422076
1777027892.264333,tb7,0.24537474054136216,0.21298733812339465,0.18,-0.17812921386796537
1777027892.2695968,tb3,-1.0363201406990994,0.7385709080271058,0.18,-0.5549781942586438
1777027892.303044,tb2,-0.011458300096395303,0.8133156818921687,0.18,-0.2184963821471597
1777027892.3101845,tb1,-0.5704465024635578,0.029117911659794354,0.18,-0.23486742754052747
1777027892.314396,tb7,0.24091332625625986,0.20507924004347736,0.18,-0.17859191246818992
1777027892.3196244,tb3,-1.0310952445768868,0.7462035327778109,0.18,-0.5516411309490453
1777027892.353075,tb2,-0.005353228686828848,0.8065699219528216,0.17999999999999997,-0.21685116864448872
1777027892.3601756,tb1,-0.5795511802984514,0.029053661914551488,0.18,-0.2372550630443868
1777027892.3642938,tb7,0.23638154429635663,0.1972109896619415,0.18,-0.17904954460365755
1777027892.3695543,tb3,-1.0256614170678118,0.7536868512184831,0.18,-0.5481805705697016
1777027892.403001,tb2,0.0006774262619421651,0.7997586751909259,0.18000000000000002,-0.2153190754830511
1777027892.4101303,tb1,-0.5886571758020209,0.029096560908530855,0.18,-0.23968169797228084
1777027892.4142478,tb7,0.23177954679460694,0.18938333202520646,0.18,-0.17949376354388655
1777027892.4194827,tb3,-1.0200243178962705,0.7610161562953897,0.18,-0.5446092524810136
1777027892.4529362,tb2,0.0006774262619421651,0.7997586751909259,0.18,-0.21525847852751856
1777027892.4600804,tb1,-0.5977632068319874,0.029247850081228908,0.18,-0.24215570018432128
1777027892.4642344,tb7,0.22710750426624252,0.1815970208450718,0.18,-0.17992824621748033
1777027892.4695158,tb3,-1.0141897260505504,0.7681870033204561,0.18,-0.5409445806213319
1777027892.503072,tb2,0.006633626449136199,0.7928832343759901,0.18,-0.2137823610605154
1777027892.5101187,tb1,-0.6068679074346109,0.029508708525725194,0.18,-0.24469273045220494
1777027892.514303,tb7,0.2223656158631387,0.17385280896598124,0.18,-0.18035547066463958
1777027892.5195649,tb3,-1.0081634005101898,0.7751952590336639,0.18,-0.5371595059304822
1777027892.5530517,tb2,0.012515413533799582,0.785944151457937,0.17999999999999997,-0.21227142860589956
1777027892.5602202,tb1,-0.6068679074346109,0.029508708525725194,0.18,-0.24277501079374852
1777027892.5643528,tb7,0.2223656158631387,0.17385280896598124,0.18,-0.1782863961647916
1777027892.5694656,tb3,-1.0019513467601107,0.7820369331869008,0.18,-0.533267317307405
1777027892.6029694,tb2,0.018322010877252302,0.7789429954790832,0.18,-0.21087838640476791
1777027892.6101737,tb1,-0.6159699327705002,0.02988035158910703,0.18000000000000002,-0.24541329805083215
1777027892.6142735,tb7,0.21755407984587016,0.16615143151446823,0.18,-0.17871159124578515
1777027892.6195385,tb3,-0.9955596200426367,0.7887084188745151,0.18,-0.5293081367607027
1777027892.6531184,tb2,0.024053377068642395,0.7718810290354415,0.17999999999999997,-0.2095990650777721
1777027892.6603274,tb1,-0.6250661351957024,0.030362794626141783,0.18,-0.24850445580529465
1777027892.6644237,tb7,0.21267416127254488,0.15849424282806207,0.18,-0.1793451735652648
1777027892.6696281,tb3,-0.9955596200426367,0.7887084188745151,0.18,-0.5344375132734318
1777027892.7030642,tb2,0.0297094355279687,0.7647594887902603,0.18000000000000002,-0.20844455111801405
1777027892.7101765,tb1,-0.634157153858444,0.03095649000840907,0.18,-0.25165319351915144
1777027892.7143996,tb7,0.20772596723171152,0.15088073509779448,0.18,-0.17997924400048498
1777027892.7198036,tb3,-0.9889940802665702,0.7952065203268427,0.18,-0.5303077058497666
1777027892.7529883,tb2,0.03529014592790923,0.7575795414973608,0.17999999999999997,-0.20740897156145094
1777027892.7601311,tb1,-0.6432416993771284,0.03166294817981363,0.18,-0.2548178572488441
1777027892.7645006,tb7,0.20270958916578752,0.14331159679593955,0.18,-0.18058203885605767
1777027892.7696157,tb3,-0.9822567933580385,0.801528715090076,0.18,-0.5252017457396907
1777027892.803107,tb2,0.040795431460724875,0.7503422733337594,0.18,-0.20647649643114593
1777027892.8102152,tb1,-0.6523181932106968,0.03248371739256465,0.18,-0.2580102092562154
1777027892.8143916,tb7,0.1976251637466273,0.13578762847099216,0.18,-0.18116909924211252
1777027892.8196065,tb3,-0.9753555635783491,0.8076683321346078,0.18,-0.5200679497172428
1777027892.852996,tb2,0.04622515212041051,0.7430487370281375,0.18,-0.20564423208237279
1777027892.8601725,tb1,-0.6613850705941198,0.033420321792121906,0.18,-0.26124098429328174
1777027892.86463,tb7,0.19247284250380167,0.12830962116029804,0.18,-0.18171796793118933
1777027892.8696103,tb3,-0.9682973605305029,0.8136227054514928,0.18,-0.5150168706195685
1777027892.9029346,tb2,0.04622515212041051,0.7430487370281375,0.18,-0.20520385009875106
1777027892.9101074,tb1,-0.6704407591877463,0.03447437173580645,0.18,-0.26449494961034425
1777027892.9142847,tb7,0.18725279390655086,0.12087837444506361,0.18,-0.1822699434662229
1777027892.9195333,tb3,-0.9610888881075594,0.8193900198265839,0.18,-0.5100371531366623
1777027892.9531107,tb2,0.05157913982614008,0.7356999967826151,0.18,-0.20442787964635117
1777027892.960097,tb1,-0.6794833973377971,0.03564735584903112,0.18,-0.26780838180256217
1777027892.9642665,tb7,0.18196523548563387,0.11349468850114203,0.18,-0.18279371842814346
1777027892.9696596,tb3,-0.9537363945479648,0.8249687115054717,0.18,-0.5050826684835198
1777027893.003076,tb2,0.05685722805856385,0.728296846153474,0.18,-0.20371290801371789
1777027893.0104918,tb1,-0.6794833973377971,0.03564735584903112,0.18,-0.2661382551655268
1777027893.014242,tb7,0.176610388791256,0.10615933772931589,0.18,-0.18330397999606832
1777027893.0196316,tb3,-0.9462463599996068,0.8303571474226433,0.18,-0.500147419657772
1777027893.0531332,tb2,0.06205902798522342,0.7208403609581389,0.18,-0.20309443144327086
1777027893.0601492,tb1,-0.6885111689353264,0.036940660250702834,0.18,-0.26957964424482117
1777027893.0645738,tb7,0.176610388791256,0.10615933772931589,0.18,-0.18120303783335232
1777027893.069817,tb3,-0.9386250631334249,0.8355540331816337,0.18,-0.4952527401537442
1777027893.1029267,tb2,0.06718433043277917,0.7133315030548952,0.18,-0.2025720335256796
1777027893.1101515,tb1,-0.6975204346142994,0.03835427462139006,0.18,-0.2735229661585446
1777027893.1142411,tb7,0.1711885070914212,0.0988731096199596,0.18,-0.18171510680596448
1777027893.119409,tb3,-0.9308786610526847,0.8405582448721464,0.18,-0.47685968962072145
1777027893.1530607,tb2,0.07223291082752221,0.7057711799483535,0.18,-0.20212820297858644
1777027893.1602573,tb1,-0.706511538799134,0.03988889152702042,0.18,-0.2775472882126116
1777027893.1643245,tb7,0.1657010234047522,0.09163727817976265,0.18,-0.18243009659738493
1777027893.1697843,tb3,-0.9308786610526847,0.8405582448721464,0.18,-0.49492502323562904
1777027893.2029872,tb2,0.07720449084571197,0.6981602834009764,0.18,-0.20176605802112113
1777027893.2103176,tb1,-0.7154828055940868,0.04154610142436867,0.18,-0.28160291629127104
1777027893.2144117,tb7,0.16014793901655566,0.08445133896560766,0.18,-0.183128558763635
1777027893.219539,tb3,-0.9230193506332639,0.8453685744899126,0.18,-0.49121524560723484
1777027893.252922,tb2,0.08209876867245645,0.6904997001529898,0.18,-0.20148924379433109
1777027893.2602441,tb1,-0.7244323430755706,0.043327680745984365,0.18,-0.28568596439914046
1777027893.2643003,tb7,0.15452938812340006,0.07731599957489305,0.18,-0.18379958296332682
1777027893.269565,tb3,-0.9150392324560152,0.8499895152100065,0.18,-0.48534607418925496
1777027893.3030903,tb2,0.08691543806395291,0.6827902641617182,0.18,-0.20127985057789508
1777027893.3102195,tb1,-0.7333578271087989,0.04523536094907578,0.18,-0.2898238433505418
1777027893.314407,tb7,0.14884557423022324,0.07023211709858149,0.18,-0.18443136016120712
1777027893.3196838,tb3,-0.9069496973913143,0.8544117740645506,0.18,-0.47944105384422786
1777027893.3531096,tb2,0.0916541465212973,0.6750328027263933,0.18,-0.2011387724575325
1777027893.3602498,tb1,-0.742257214648184,0.04727090197119883,0.18,-0.29398352355736446
1777027893.3642573,tb7,0.1430966980932838,0.06320049372428073,0.18,-0.18504083176408365
1777027893.3695247,tb3,-0.898757811194989,0.858634761344658,0.18,-0.47370364091216277
1777027893.4028974,tb2,0.096314520899271,0.6672281276665141,0.18,-0.20106326246697995
1777027893.4101524,tb1,-0.7511281049956521,0.0494360537101353,0.18,-0.298193563220412
1777027893.4142418,tb7,0.13728299616249862,0.05622196095073469,0.18,-0.18561624538367846
1777027893.4196107,tb3,-0.8904696657502817,0.8626589931945984,0.18,-0.4681383349960319
1777027893.4530423,tb2,0.096314520899271,0.6672281276665141,0.18,-0.20020923948444913
1777027893.4600966,tb1,-0.759968003309332,0.05173239568358069,0.18,-0.30248096410886466
1777027893.4642053,tb7,0.13140476024686143,0.04929734107270141,0.18,-0.1861724727518987
1777027893.4696374,tb3,-0.8820910931359597,0.8664849606013838,0.18,-0.4626779422218837
1777027893.5030813,tb2,0.10089616254893528,0.6593770195919568,0.18,-0.20014696689089345
1777027893.5103223,tb1,-0.759968003309332,0.05173239568358069,0.18,-0.3012285514712222
1777027893.514406,tb7,0.12546228081921326,0.0424274141774648,0.18,-0.18669837272853634
1777027893.519642,tb3,-0.8736279034131049,0.8701131777422948,0.18,-0.4573258170558094
1777027893.553056,tb2,0.10539862823847852,0.6514806867813022,0.18,-0.20022136314496614
1777027893.5601933,tb1,-0.7687744844538109,0.05416152046816245,0.18,-0.30564763677762924
1777027893.5642502,tb7,0.12546228081921326,0.0424274141774648,0.18,-0.18461676162606652
1777027893.569504,tb3,-0.865085961447294,0.8735444029781829,0.18,-0.44157166411017995
1777027893.6030638,tb2,0.10982182959905039,0.6435397009014854,0.18,-0.2003481985465489
1777027893.610219,tb1,-0.777543215505432,0.056723238843112714,0.18,-0.31061271200943413
1777027893.6143603,tb7,0.1194558742493249,0.035612989321347543,0.18,-0.1851316771701607
1777027893.619628,tb3,-0.865085961447294,0.8735444029781829,0.18,-0.4560362421131587
1777027893.6530797,tb2,0.1141653382440111,0.6355547968771582,0.18,-0.20051279838322988
1777027893.660181,tb1,-0.7862740773343796,0.05941860169556132,0.18,-0.3156510348548886
1777027893.6643863,tb7,0.11338708425105767,0.02885521668192723,0.18,-0.18585837308209538
1777027893.6695232,tb3,-0.8564754895233779,0.8767800860599851,0.18,-0.4518697687762836
1777027893.703063,tb2,0.11842867861348083,0.6275267272721855,0.18,-0.20071978794693743
1777027893.7101924,tb1,-0.7949645165689899,0.06224937359571507,0.18,-0.3207444342586577
1777027893.7144153,tb7,0.10725588832968845,0.0221536600851471,0.18,-0.18656774628114808
1777027893.7196891,tb3,-0.8477889668229978,0.8798235736106523,0.18,-0.4458382297954869
1777027893.753105,tb2,0.12261136173332209,0.6194562434605757,0.18,-0.20095898254195418
1777027893.7601547,tb1,-0.8036115811163403,0.06521725824145116,0.18,-0.32590589273066395
1777027893.7643294,tb7,0.10106251515629934,0.015509044870477634,0.18,-0.18724326924403445
1777027893.7694762,tb3,-0.8390377199959412,0.8826686824445134,0.18,-0.4397826087721249
1777027893.8030221,tb2,0.1267128859436891,0.6113440869706454,0.18,-0.20122826565138463
1777027893.81022,tb1,-0.8122124962273464,0.0683240484512593,0.18,-0.33108837640034655
1777027893.8142858,tb7,0.09480723476523255,0.008922192690384408,0.18,-0.1878778493834559
1777027893.8196375,tb3,-0.8302278405530639,0.8853163730624745,0.18,-0.43395680351813
1777027893.8531013,tb2,0.13073273283640113,0.603191009179339,0.18,-0.20151818564140697
1777027893.8601942,tb1,-0.8207639843618054,0.0715714648606662,0.18,-0.3363319395490722
1777027893.8643267,tb7,0.08849036049130908,0.002393942578874425,0.18,-0.188475903859292
1777027893.8696103,tb3,-0.8213645730360559,0.8877684211979514,0.18,-0.4283174503177009
1777027893.903061,tb2,0.1346703785246254,0.5949977628892312,0.18,-0.20183151295347576
1777027893.9102087,tb1,-0.829262810619924,0.07496112559051497,0.18,-0.34164241623279873
1777027893.9144123,tb7,0.08211223178869873,-0.004074894411114286,0.18,-0.18904304997538346
1777027893.9196873,tb3,-0.8124528277831438,0.8900266748511184,0.18,-0.4228513218957244
1777027893.9530816,tb2,0.1346703785246254,0.5949977628892312,0.18,-0.20066242785121705
1777027893.9601312,tb1,-0.8377057223236857,0.07849475160135379,0.18,-0.34699633624767934
1777027893.964228,tb7,0.07567319397910326,-0.010483525863815464,0.18,-0.18959274494188047
1777027893.9694984,tb3,-0.8034975446318374,0.8920930047154783,0.18,-0.41755029195513904
1777027894.0030694,tb2,0.13852529011442297,0.5867650899087288,0.18,-0.20095836479691956
1777027894.010214,tb1,-0.8460891191548534,0.08217390149471898,0.18,-0.35241660738385905
1777027894.014313,tb7,0.06917362306449601,-0.016831155843484637,0.18,-0.19010545524464587
1777027894.0197787,tb3,-0.7945032454455422,0.8939693933323978,0.18,-0.4124221007647029
1777027894.053076,tb2,0.1422969650643846,0.5784944894421592,0.18,-0.20141344704450256
1777027894.0602412,tb1,-0.8460891191548534,0.08217390149471898,0.18,-0.35184629797991496
1777027894.0643952,tb7,0.06917362306449601,-0.016831155843484637,0.18,-0.1880296225054063
1777027894.0695975,tb3,-0.7854743601353943,0.8956577681181669,0.18,-0.40738996623206103
1777027894.103058,tb2,0.1459854562444371,0.5701862968032156,0.18,-0.20188560106163755
1777027894.1101902,tb1,-0.8544093669321544,0.08600006390268279,0.18,-0.3574285011657488
1777027894.1143115,tb7,0.06261393074602134,-0.023117000438378863,0.18,-0.1885320783932352
1777027894.1196194,tb3,-0.7854743601353943,0.8956577681181669,0.18,-0.4105067107408359
1777027894.152952,tb2,0.14959023882516367,0.5618411831328456,0.18,-0.2023507707400703
1777027894.160198,tb1,-0.8626612706385348,0.08997229886820363,0.18,-0.36359472861678915
1777027894.1644113,tb7,0.05599573485667988,-0.029339967190493137,0.18,-0.18923106156048194
1777027894.169664,tb3,-0.7764152833117404,0.8971601449487253,0.18,-0.4055345998941374
1777027894.203113,tb2,0.15311071400982154,0.5534599173359309,0.18,-0.2028058454220937
1777027894.2103105,tb1,-0.8708435759593622,0.09409190412418345,0.18,-0.3698715407119729
1777027894.2144039,tb7,0.049319061916026266,-0.035500487347934616,0.18,-0.18991956918963304
1777027894.2197406,tb3,-0.7673263524803476,0.8984771088160525,0.18,-0.39987177257132284
1777027894.253078,tb2,0.1565463130047959,0.5450432579849899,0.18,-0.20325711480033168
1777027894.260135,tb1,-0.8789526846154452,0.09836046695152692,0.18,-0.37616928686282725
1777027894.2643616,tb7,0.042584207745773324,-0.041597869145882316,0.18,-0.1905689311487609
1777027894.2696106,tb3,-0.7582149664097442,0.899608344697101,0.18,-0.39432324882802217
1777027894.303025,tb2,0.1598964629647462,0.5365919740230842,0.18,-0.20369636375838662
1777027894.3102329,tb1,-0.8869843557952085,0.10277955473274064,0.18,-0.38248628562976494
1777027894.3143764,tb7,0.03579154171217858,-0.047631290555165975,0.18,-0.19117784160179904
1777027894.3197107,tb3,-0.7490854720559507,0.900556195113332,0.18,-0.38898041548190565
1777027894.3529298,tb2,0.1631605963548895,0.5281068667861636,0.18,-0.20412529117268716
1777027894.3601744,tb1,-0.8949341405851536,0.10735054948808627,0.18,-0.3888444465343735
1777027894.3642983,tb7,0.028941466682321462,-0.05359993507740122,0.18,-0.1917573491352965
1777027894.36959,tb3,-0.7399418670743079,0.9013232712129765,0.18,-0.3838372332721902
1777027894.4029465,tb2,0.16633816261863862,0.5195887274645206,0.18,-0.2045355541204889
1777027894.4101498,tb1,-0.9027975506554684,0.11207476552689734,0.18,-0.39523780763299177
1777027894.4143345,tb7,0.022034410919162098,-0.05950300488291564,0.18,-0.1923035953530647
1777027894.4195795,tb3,-0.730787605544228,0.9019121997716277,0.18,-0.3788466800152379
1777027894.4530375,tb2,0.16633816261863862,0.5195887274645206,0.18,-0.20309621994363117
1777027894.4601617,tb1,-0.9105698893831209,0.11695338739918776,0.18,-0.40167146081163424
1777027894.4642742,tb7,0.015070831793151504,-0.06533971767927789,0.18,-0.19283046865333572
1777027894.4696698,tb3,-0.7216262273570911,0.9023254469485223,0.18,-0.37400124192592593
1777027894.503113,tb2,0.1694286214816051,0.5110383866098586,0.18,-0.20346460565598745
1777027894.5103235,tb1,-0.9105698893831209,0.11695338739918776,0.18,-0.4018838888363175
1777027894.5142057,tb7,0.008051209292341044,-0.0711093130249277,0.18,-0.1748460197905182
1777027894.5196016,tb3,-0.7124610894041026,0.9025654864423243,0.18,-0.36927324959061236
1777027894.5530524,tb2,0.17243159815289996,0.5024575660253544,0.18,-0.20399983093418894
1777027894.560252,tb1,-0.9182462780115735,0.12198730846692211,0.18,-0.40849924825014444
1777027894.5643158,tb7,0.008051209292341044,-0.0711093130249277,0.18,-0.19129218951609886
1777027894.5695257,tb3,-0.7124610894041026,0.9025654864423243,0.18,-0.3716758973102005
1777027894.6029778,tb2,0.17534723380765702,0.4938464440080737,0.18,-0.20449894175874359
1777027894.6102378,tb1,-0.9258208549631806,0.12717509549577927,0.18,-0.4156268771347023
1777027894.6142979,tb7,0.000983878317408326,-0.07680976640469085,0.18,-0.1931874224884817
1777027894.619708,tb3,-0.703295543825306,0.9026349233040069,0.18,-0.36701607580539664
1777027894.6530828,tb2,0.17817498997676565,0.48520580419841614,0.18,-0.20497101230737808
1777027894.6602964,tb1,-0.9332908883761785,0.13251772041200502,0.18,-0.42285013201781557
1777027894.6643274,tb7,-0.006140870478327761,-0.08244824036369143,0.18,-0.19386226273404014
1777027894.6696649,tb3,-0.6941296733598268,0.9025345145323223,0.18,-0.3618003694943806
1777027894.7031798,tb2,0.1809143285100174,0.47653647155903994,0.18,-0.20540813354233456
1777027894.7103124,tb1,-0.9406515144995874,0.13801610268317427,0.18,-0.4300651021414692
1777027894.7143734,tb7,-0.01332021380898818,-0.08801831895519183,0.18,-0.19441187030899876
1777027894.719491,tb3,-0.684969557038638,0.9022652338464132,0.18,-0.3567032379991071
1777027894.7530816,tb2,0.18356472170865146,0.4678392968397729,0.18,-0.2058160400495543
1777027894.7602267,tb1,-0.9478972292427988,0.1436710459751541,0.18,-0.43725269243944664
1777027894.7643483,tb7,-0.020553438863369373,-0.09351877537789484,0.18,-0.19493612460297838
1777027894.7696671,tb3,-0.6758184809604554,0.9018298535504572,0.18,-0.3518168141414316
1777027894.8030515,tb2,0.18612567099203423,0.4591151551264161,0.18,-0.20618882545365802
1777027894.8102384,tb1,-0.9550221723689152,0.1494828266158326,0.18,-0.4444774817478694
1777027894.8143995,tb7,-0.027839991810376826,-0.09894881726120526,0.18,-0.19544365202231484
1777027894.8196754,tb3,-0.6666790212049232,0.9012312184814505,0.18,-0.3470637159006453
1777027894.8530946,tb2,0.18859670783294563,0.4503649294237597,0.18,-0.20652699427425497
1777027894.860175,tb1,-0.962020707805292,0.15545169941258677,0.18,-0.4517079650445703
1777027894.8643215,tb7,-0.03517933890747531,-0.10430771730332215,0.18,-0.1959447569789285
1777027894.8695264,tb3,-0.6575538821193101,0.9004720319777662,0.18,-0.34244875437878597
1777027894.9036043,tb2,0.19097738787576848,0.4415895134634242,0.18,-0.1848382087404094
1777027894.910178,tb1,-0.968886922970747,0.16157767303931928,0.18,-0.4589439961664682
1777027894.9142427,tb7,-0.042570935454304924,-0.10959475047264385,0.18,-0.19643632842795905
1777027894.9194686,tb3,-0.648445606855183,0.8995550365722168,0.18,-0.33797929884961403
1777027894.9530644,tb2,0.19097738787576848,0.4415895134634242,0.18,-0.20517869362246974
1777027894.9602516,tb1,-0.9756147565324547,0.16786034257715018,0.18,-0.46620354949532644
1777027894.964291,tb7,-0.05001419842799901,-0.11480919607578156,0.18,-0.1969086837140765
1777027894.9695969,tb3,-0.6393564201867045,0.8984828110145157,0.18,-0.33360357925124606
1777027895.0031488,tb2,0.19326967177412424,0.4327996580013979,0.18,-0.20741927099724533
1777027895.01055,tb1,-0.9756147565324547,0.16786034257715018,0.18,-0.46762036491386905
1777027895.014393,tb7,-0.05750855503506613,-0.1199503532622061,0.18,-0.19738600941404838
1777027895.0194654,tb3,-0.6302887331979998,0.8972579411600842,0.18,-0.32934148118862444
1777027895.0535922,tb2,0.1954774518998173,0.42397961777401555,0.18,-0.2078072553950235
1777027895.0603118,tb1,-0.9821981647716971,0.17429930523923143,0.18,-0.47502012531296683
1777027895.0646796,tb7,-0.05750855503506613,-0.1199503532622061,0.18,-0.19538169184791146
1777027895.0701423,tb3,-0.6212447197969104,0.8958830167612793,0.18,-0.32520740909361734
1777027895.1031191,tb2,0.19759419507238796,0.41513636351705313,0.18,-0.20802371074316345
1777027895.1101723,tb1,-0.9886302155244858,0.1808909969543954,0.17999999999999997,-0.4829651126122757
1777027895.114441,tb7,-0.06505339631229375,-0.12501751427808164,0.18,-0.19588221594267075
1777027895.119663,tb3,-0.6212447197969104,0.8958830167612793,0.18,-0.3267781990609623
1777027895.1529648,tb2,0.1996190231245675,0.4062714314243925,0.18,-0.20818244683126436
1777027895.1602283,tb1,-0.9949075152102237,0.18763565376767774,0.18000000000000002,-0.4908099747081032
1777027895.1643345,tb7,-0.07264691957699032,-0.1300099197945397,0.18,-0.19659586293186843
1777027895.1695616,tb3,-0.6122263550529418,0.8943605258619209,0.18,-0.32261738929265743
1777027895.202944,tb2,0.20155156394015744,0.39738582634816183,0.18,-0.20830689922456452
1777027895.2101555,tb1,-1.0010232266757606,0.1945323766973292,0.18,-0.4985505472738035
1777027895.214345,tb7,-0.08028917314138992,-0.13492791136486154,0.18,-0.19730244958962626
1777027895.219715,tb3,-0.6032338460535687,0.8926911981846837,0.18,-0.3180736160708518
1777027895.2531836,tb2,0.20339152100705588,0.3884805208702818,0.18,-0.2083952262002286
1777027895.2601402,tb1,-1.0069705188596771,0.20157969675608226,0.18,-0.506214503405236
1777027895.2642462,tb7,-0.08797965489677964,-0.13977077368639412,0.18,-0.19799947111888608
1777027895.2694967,tb3,-0.5942715117948426,0.8908769542429935,0.18,-0.31361822425265123
1777027895.3031085,tb2,0.2051386319000229,0.3795564840171417,0.18,-0.20846897197489372
1777027895.3102329,tb1,-1.0127427291419828,0.2087760741178068,0.18,-0.5137471031309333
1777027895.3143146,tb7,-0.09571782265646929,-0.1445377431160389,0.18,-0.1986760548722786
1777027895.319503,tb3,-0.5853414192803061,0.8889205091840441,0.18,-0.3093190549309876
1777027895.352972,tb2,0.20679266090199316,0.3706146884015647,0.18,-0.20851983693761245
1777027895.3602233,tb1,-1.0183328923585009,0.21611937344572593,0.18,-0.521157577040255
1777027895.3643384,tb7,-0.10350309143282893,-0.14922803866667494,0.18,-0.19934771649463115
1777027895.3696067,tb3,-0.5764452119820364,0.8868245902271474,0.18,-0.30515533121830507
1777027895.4030344,tb2,0.2083533934563178,0.36165611019196614,0.18,-0.20853863826712002
1777027895.4101381,tb1,-1.0237341736014507,0.22360697737252744,0.18000000000000002,-0.5284633208223173
1777027895.4143057,tb7,-0.11133485177601236,-0.15384090362984304,0.18,-0.20002179077901813
1777027895.419642,tb3,-0.567584408172763,0.884591777107624,0.18,-0.3010950471009693
1777027895.4530146,tb2,0.2083533934563178,0.36165611019196614,0.18,-0.20670818137557057
1777027895.4602664,tb1,-1.0289398428014136,0.23123648741500782,0.18,-0.5355699659691001
1777027895.4642267,tb7,-0.1192125363785495,-0.15837559684331806,0.18,-0.20069409148552747
1777027895.4696717,tb3,-0.558760719805479,0.8822247491221201,0.18,-0.2971813651413888
1777027895.5029728,tb2,0.20982063381717816,0.35268176635727816,0.18,-0.2066981672314775
1777027895.5102713,tb1,-1.0289398428014136,0.23123648741500782,0.18,-0.5384809771918894
1777027895.5142226,tb7,-0.12713551879226373,-0.16283135011260658,0.18,-0.20136609699935606
1777027895.519559,tb3,-0.5499754305874245,0.8797260856539227,0.18,-0.2933768360423775
1777027895.5531554,tb2,0.21119456037411874,0.3436934607424545,0.18,-0.20683165042177426
1777027895.5602694,tb1,-1.0339428580528964,0.23900460775110044,0.18,-0.5455664340015677
1777027895.5643518,tb7,-0.12713551879226373,-0.16283135011260658,0.18,-0.19943736639466556
1777027895.5697334,tb3,-0.5412298750951351,0.8770982727146316,0.18,-0.2659658235402205
1777027895.6031866,tb2,0.21247551790266056,0.3346914260109216,0.18,-0.2069450833170583
1777027895.6103015,tb1,-1.0387364084312778,0.24690586836876324,0.18000000000000002,-0.5528204881743133
1777027895.6143672,tb7,-0.13510315574752566,-0.167207405848191,0.18,-0.20012691657838896
1777027895.6195872,tb3,-0.5412298750951351,0.8770982727146316,0.18,-0.29060302949173017
1777027895.653172,tb2,0.2136633334487882,0.3256765628477768,0.18,-0.20701641572201734
1777027895.660248,tb1,-1.0433154494987211,0.25493745665173084,0.18,-0.5597735808988342
1777027895.6643152,tb7,-0.14311353304267574,-0.17150306230194168,0.18,-0.2010552979864814
1777027895.669555,tb3,-0.5325330868473082,0.8743516638885396,0.18,-0.2890838913941449
1777027895.7033527,tb2,0.2147578184455444,0.3166498474219817,0.18,-0.20704877569005184
1777027895.7101927,tb1,-1.047673096328194,0.2630951462092739,0.18,-0.5664703270163518
1777027895.714326,tb7,-0.1511667557528051,-0.1757186000853123,0.18,-0.20199845290857318
1777027895.719656,tb3,-0.5238660328614854,0.871480533982023,0.18,-0.2850765735085846
1777027895.753037,tb2,0.21575881680323658,0.30761226051158885,0.18,-0.2070655992540386
1777027895.7602277,tb1,-1.0518027321979349,0.2713743744431506,0.18,-0.5728430713624607
1777027895.7642634,tb7,-0.1592623103749876,-0.1798532717064653,0.18,-0.20293705427068862
1777027895.7695198,tb3,-0.515242403872407,0.8684845630073604,0.18,-0.28099591427184245
1777027895.8031144,tb2,0.21666620112531387,0.2985647832200435,0.18,-0.2070344874251672
1777027895.8102236,tb1,-1.0556977607638975,0.279770275761629,0.18,-0.5788182013202999
1777027895.8143258,tb7,-0.16739962778766648,-0.18390623102336123,0.18,-0.20386130807815683
1777027895.8196256,tb3,-0.5066644218676626,0.8653663172589846,0.18,-0.2770851571546704
1777027895.8533309,tb2,0.21747986926239576,0.2895084045788981,0.18,-0.20467311350427145
1777027895.8602412,tb1,-1.0593516608333629,0.2882771205835523,0.18,-0.5844413064208118
1777027895.8643785,tb7,-0.17557806022241146,-0.18787660331189002,0.18,-0.20478829412998617
1777027895.869636,tb3,-0.49813299666919797,0.8621284255780901,0.18,-0.27332739766494457
1777027895.9031436,tb2,0.21747986926239576,0.2895084045788981,0.18,-0.20502613742761988
1777027895.9100692,tb1,-1.0627582706668037,0.2968893973101694,0.18,-0.549716512862372
1777027895.914224,tb7,-0.18379704348485484,-0.19176354124800146,0.18,-0.20571558112550714
1777027895.919613,tb3,-0.4896491256177682,0.8587735890400259,0.18,-0.2697549675161828
1777027895.9529395,tb2,0.21820015927970346,0.2804451101504509,0.18,-0.20514801561783336
1777027895.96027,tb1,-1.0627582706668037,0.2968893973101694,0.18,-0.59388268739945
1777027895.9646978,tb7,-0.1920558789201842,-0.19556616197000662,0.18,-0.20661621875988273
1777027895.9696164,tb3,-0.48121339704451876,0.8553042545110686,0.18,-0.266298737774675
1777027896.0031374,tb2,0.218827569818039,0.2713748222574441,0.18,-0.20519761546567536
1777027896.0102272,tb1,-1.0659144108733718,0.30558117692260073,0.18,-0.6029098582847989
1777027896.0142608,tb7,-0.1920558789201842,-0.19556616197000662,0.18,-0.20479368113088564
1777027896.0196133,tb3,-0.4728265173536653,0.8517226474015792,0.18,-0.26296325045471897
1777027896.053098,tb2,0.21936193051794708,0.2622985259381583,0.18,-0.20521629236280725
1777027896.0603125,tb1,-1.0688261336545697,0.3143784490527218,0.18,-0.6074453469990212
1777027896.0643003,tb7,-0.20035382818187727,-0.19928362667974678,0.18,-0.20575951608220674
1777027896.069498,tb3,-0.4728265173536653,0.8517226474015792,0.18,-0.2633643205301095
1777027896.102983,tb2,0.2198031480309429,0.25321720555625304,0.18,-0.20519935513011764
1777027896.1101801,tb1,-1.0714739405457228,0.3232628979306897,0.18,-0.6110829349341341
1777027896.1142921,tb7,-0.2086889315689888,-0.20291531326745688,0.18,-0.20698063203307943
1777027896.1195328,tb3,-0.4644892592145475,0.8480309719922747,0.18000000000000002,-0.26007131488055624
1777027896.1530254,tb2,0.22015116356464567,0.24413183427001625,0.18,-0.205142077883169
1777027896.160212,tb1,-1.073851755223995,0.33222556104674916,0.18000000000000002,-0.6142484640958755
1777027896.1643636,tb7,-0.2170613569933548,-0.2064613580623757,0.18,-0.2082178522536383
1777027896.1697087,tb3,-0.456201415345637,0.8442299725301058,0.18,-0.25656590991929773
1777027896.2030451,tb2,0.22040594823613446,0.2350433888477631,0.18,-0.20505491540141058
1777027896.2102518,tb1,-1.0759552633842588,0.34125825883821115,0.18,-0.616959266504049
1777027896.2143457,tb7,-0.22547053565766562,-0.20992090266646463,0.18,-0.2094590731428306
1777027896.2195203,tb3,-0.4479653873373451,0.840321804362151,0.17999999999999997,-0.2531794769684111
1777027896.2529848,tb2,0.22056750514414397,0.2259528461565055,0.18,-0.20494435294109134
1777027896.2602112,tb1,-1.077780747979365,0.3503527573215153,0.18,-0.6191792212461771
1777027896.2642648,tb7,-0.2339158422264345,-0.21329300075153626,0.18000000000000002,-0.2106999931355457
1777027896.269596,tb3,-0.4397818757522924,0.8363087821344982,0.18,-0.24994206319255677
1777027896.3030543,tb2,0.22063586372845875,0.21686117520992196,0.18,-0.20480454887580435
1777027896.3101957,tb1,-1.0793249650969523,0.35950040594490984,0.18,-0.6209334635392202
1777027896.3142602,tb7,-0.24239656619159025,-0.21657667217268137,0.18,-0.21194715514078674
1777027896.3195622,tb3,-0.43165131800815365,0.8321930926892634,0.18,-0.24682991002852364
1777027896.3531382,tb2,0.22063586372845875,0.21686117520992196,0.18,-0.20276500422886254
1777027896.360159,tb1,-1.080585234677703,0.36869246128839817,0.18,-0.6222015830085174
1777027896.36429,tb7,-0.2509120381506423,-0.21977096140376526,0.18,-0.2131998722218592
1777027896.369505,tb3,-0.4235742459928157,0.8279769063342874,0.18,-0.24385227981449054
1777027896.40307,tb2,0.22061108024206613,0.20776934938457814,0.18,-0.2026022314849407
1777027896.4107206,tb1,-1.0815594008647305,0.3779199277373594,0.18,-0.623055114809555
1777027896.4143224,tb7,-0.2594615437892598,-0.2228748831520307,0.18,-0.21446248012677246
1777027896.4195054,tb3,-0.4155510611460939,0.823662321377421,0.18,-0.2409987945281148
1777027896.4531302,tb2,0.2204936731994274,0.19867915584529136,0.18,-0.20259724408723956
1777027896.4603055,tb1,-1.0815594008647305,0.3779199277373594,0.18,-0.6284087522280013
1777027896.464445,tb7,-0.2594615437892598,-0.2228748831520307,0.17999999999999997,-0.21273419234088997
1777027896.4694972,tb3,-0.40758209724432043,0.8192512249367379,0.18,-0.23823864310710538
1777027896.5030818,tb2,0.22028416030605255,0.1895907067080343,0.18,-0.20258277520586138
1777027896.510271,tb1,-1.082245921108685,0.3871738022800163,0.18,-0.6287670934107428
1777027896.5143423,tb7,-0.2680442913668796,-0.22588747682604843,0.18,-0.21404204634806046
1777027896.5195599,tb3,-0.40758209724432043,0.8192512249367379,0.18,-0.2381792440926643
1777027896.5530322,tb2,0.21998259543247642,0.18050485037606845,0.18,-0.2025353584111478
1777027896.5601962,tb1,-1.082642531862993,0.3964469359294136,0.18,-0.6281079026038044
1777027896.564269,tb7,-0.27665811674988694,-0.2288080445361431,0.18,-0.21563386836282875
1777027896.569484,tb3,-0.39966783579711895,0.8147455889128666,0.18000000000000002,-0.2354785657508274
1777027896.6031048,tb2,0.21958901783841855,0.17142252802402683,0.18,-0.20245328611450367
1777027896.6102881,tb1,-1.0827475255113066,0.40572799676494087,0.18,-0.6269668935224887
1777027896.6143055,tb7,-0.28530326799380895,-0.23163665571002584,0.18,-0.2172463118482521
1777027896.6195366,tb3,-0.3918080068162144,0.8101461437740358,0.18,-0.23264169721570246
1777027896.6530585,tb2,0.21910349178038507,0.16234468768640764,0.18,-0.2023504578934852
1777027896.660221,tb1,-1.0825610157736139,0.4150073682895339,0.18,-0.6253695839358399
1777027896.6642878,tb7,-0.29397912569408824,-0.23437230341265372,0.18,-0.21885995637641967
1777027896.6696656,tb3,-0.38400425469681093,0.8054547913152309,0.18,-0.22990970124994803
1777027896.7029583,tb2,0.21852610971339614,0.1532722737873598,0.18,-0.20222846565138514
1777027896.7101326,tb1,-1.082083794689791,0.42427566021729696,0.18,-0.6233539934154819
1777027896.7142618,tb7,-0.3026849224341463,-0.23701386519535725,0.18,-0.2204800649064577
1777027896.7195032,tb3,-0.37625696613654736,0.8006734528837589,0.18,-0.2273039650742495
1777027896.7530801,tb2,0.2178569843347479,0.14420621959754149,0.18,-0.20207837395299422
1777027896.7602186,tb1,-1.0813171837721312,0.4335236648657542,0.18,-0.6209454489185171
1777027896.7642732,tb7,-0.3114198196475496,-0.23956024089343927,0.18000000000000002,-0.22211943628397451
1777027896.7695312,tb3,-0.36856630910520793,0.7958038885688783,0.18,-0.22479441744051587
1777027896.8030603,tb2,0.21709624827863172,0.13514746012822,0.18,-0.2019191170977849
1777027896.8102546,tb1,-1.0802630180015425,0.4427422283128693,0.18,-0.6181428349941727
1777027896.8142867,tb7,-0.3201830219565519,-0.24201036377836282,0.18,-0.22377764892738425
1777027896.81965,tb3,-0.3609325907168024,0.7908478226733171,0.18,-0.22238433754734596
1777027896.8530607,tb2,0.21624405995128207,0.12609692663546768,0.18,-0.18601599864897655
1777027896.8601701,tb1,-1.078923715958407,0.45192232462948273,0.18,-0.6149773613456684
1777027896.8642802,tb7,-0.3289737388160918,-0.24436312066819968,0.18,-0.22544992429255106
1777027896.869609,tb3,-0.3533560863482109,0.7858069935446494,0.18,-0.22008381880089875
1777027896.9031036,tb2,0.21624405995128207,0.12609692663546768,0.18,-0.19964136190521622
1777027896.9102144,tb1,-1.0773021660466982,0.4610552483681535,0.18,-0.6114852589665045
1777027896.9142,tb7,-0.33779109655485173,-0.24661736432299852,0.18,-0.2271357736605694
1777027896.9194398,tb3,-0.3458369666888806,0.7806830474958629,0.18,-0.21787754137786336
1777027896.9531138,tb2,0.21530465312709862,0.11706155072661868,0.18,-0.20083204196503085
1777027896.9603314,tb1,-1.0773021660466982,0.4610552483681535,0.18,-0.6171869626465752
1777027896.9651062,tb7,-0.3466341496078368,-0.24877198362813382,0.18000000000000002,-0.2288303569069145
1777027896.9696417,tb3,-0.33837540436100705,0.7754774961177512,0.18,-0.2157519214242114
1777027897.0030272,tb2,0.214277070769512,0.10803022210504323,0.18,-0.20082004458081198
1777027897.010332,tb1,-1.0754016639734398,0.47013252167783803,0.17999999999999997,-0.6133535144644625
1777027897.0142775,tb7,-0.3466341496078368,-0.24877198362813382,0.18,-0.22732964351088764
1777027897.019501,tb3,-0.33837540436100705,0.7754774961177512,0.18,-0.215244412587494
1777027897.0532837,tb2,0.2131589953036929,0.09900917771364762,0.18,-0.20067036954680387
1777027897.0602257,tb1,-1.0732227463711332,0.4791492620045333,0.18,-0.6081717523262249
1777027897.0645235,tb7,-0.3555019131559257,-0.2508258692305782,0.17999999999999997,-0.22912162068277211
1777027897.0702505,tb3,-0.3309716540384077,0.7701918945333572,0.18,-0.21315704395418528
1777027897.103122,tb2,0.21195040576534255,0.08999984014641911,0.18,-0.20052011020182775
1777027897.1102352,tb1,-1.0707683625174818,0.4880929734991985,0.18,-0.6026861739653092
1777027897.1144495,tb7,-0.3643920709408577,-0.25277846321822667,0.18,-0.2312278310102023
1777027897.1195698,tb3,-0.3236255751028011,0.7648270396343666,0.18,-0.21102259705621465
1777027897.152988,tb2,0.2106514881238239,0.08100315483619014,0.18,-0.20036221408624474
1777027897.1602519,tb1,-1.068043381393798,0.49695527566538955,0.17999999999999997,-0.5970485007831853
1777027897.1643295,tb7,-0.37330482206347426,-0.2546295197603084,0.18,-0.23337249928284173
1777027897.1696165,tb3,-0.3163381720266399,0.759384473250689,0.18,-0.20896518065072267
1777027897.2029927,tb2,0.20926244851463052,0.07202001785379111,0.18,-0.2001942602837183
1777027897.210214,tb1,-1.0650531264995156,0.5057287967118056,0.18000000000000002,-0.5912671344108349
1777027897.2143133,tb7,-0.382239356369068,-0.25637784537350256,0.18,-0.2355240256136538
1777027897.2195656,tb3,-0.3091096178709562,0.7538656775033112,0.18,-0.20699780618051358
1777027897.2531116,tb2,0.2077835058529663,0.06305132379690562,0.18,-0.20002016392898886
1777027897.2602332,tb1,-1.0618031070467675,0.5144065604570757,0.18,-0.5853569858514918
1777027897.2643101,tb7,-0.39119465847247187,-0.25802213410761426,0.18,-0.23769663189392243
1777027897.2695284,tb3,-0.30194002342025417,0.7482720428712539,0.18,-0.205107101313579
1777027897.3030362,tb2,0.20621489669650084,0.054097966096416136,0.18,-0.1998569152060464
1777027897.3102455,tb1,-1.0582992763818673,0.5229817071155387,0.18,-0.5793943384792883
1777027897.3143284,tb7,-0.4001698032156375,-0.25956108178274867,0.18,-0.23987521292052885
1777027897.319518,tb3,-0.2948296079135258,0.7426050187692464,0.18,-0.20331326179536902
1777027897.352928,tb2,0.2045568658535413,0.045160820665120845,0.18,-0.19969883097163763
1777027897.360112,tb1,-1.0545476652785548,0.5314481816448281,0.18,-0.5733377720841611
1777027897.3643463,tb7,-0.409163679337126,-0.2609933234863423,0.17999999999999997,-0.2420778748136736
1777027897.3696842,tb3,-0.2877784044428606,0.7368659538455831,0.17999999999999997,-0.2015966455805333
1777027897.4030535,tb2,0.20280965679246235,0.03624075768074214,0.18,-0.19953499286870005
1777027897.4101171,tb1,-1.0505542973411266,0.539800176599825,0.18,-0.5672041098111799
1777027897.4143698,tb7,-0.41817514431579467,-0.2623175631998229,0.18,-0.24431783491384026
1777027897.4196396,tb3,-0.2807864994339452,0.7310560932188305,0.17999999999999997,-0.19994736571022337
1777027897.45297,tb2,0.20280965679246235,0.03624075768074214,0.18,-0.19740338406706595
1777027897.460169,tb1,-1.0463254010400125,0.5480320969347862,0.18,-0.561012110566259
1777027897.4641862,tb7,-0.427203082414086,-0.2635325126712795,0.18,-0.24659996694880798
1777027897.4694672,tb3,-0.2738540464135324,0.7251766735777629,0.18,-0.1983636492011194
1777027897.5030093,tb2,0.20097353652707947,0.027338708621291407,0.18,-0.1972610298393017
1777027897.5102105,tb1,-1.0463254010400125,0.5480320969347862,0.18,-0.5662013125052375
1777027897.5143325,tb7,-0.43624634678689894,-0.26463684767319356,0.18,-0.24890782956405563
1777027897.5196013,tb3,-0.2669811828893964,0.719228891021124,0.18,-0.1968336363528224
1777027897.5531235,tb2,0.1990494368845545,0.018456190393771565,0.18,-0.19730163508802376
1777027897.5602453,tb1,-1.041867375367065,0.5561387447834651,0.18,-0.5598925717911507
1777027897.5644357,tb7,-0.43624634678689894,-0.26463684767319356,0.18,-0.2476623638898167
1777027897.5705345,tb3,-0.26016804579134983,0.713213892048157,0.18,-0.17329293206227406
1777027897.6030993,tb2,0.19703781224657496,0.009593137003408005,0.18,-0.19735598890166361
1777027897.6102357,tb1,-1.0371818307499123,0.5641181029909164,0.18,-0.5523227741320645
1777027897.6143978,tb7,-0.4453036563233904,-0.2656292585774724,0.18,-0.2500645720688905
1777027897.6195693,tb3,-0.26016804579134983,0.713213892048157,0.18,-0.19439502729194658
1777027897.6530137,tb2,0.194938851235902,0.0007503363239845112,0.18,-0.19740156714813872
1777027897.6602235,tb1,-1.0322756859890347,0.5719599187064336,0.18,-0.5447546536990416
1777027897.664279,tb7,-0.45437228463703694,-0.26650914511838586,0.18,-0.25280740010040414
1777027897.6694815,tb3,-0.25341822158705574,0.707142406985405,0.18,-0.19485389734142444
1777027897.703044,tb2,0.19275273191480313,-0.008071347533783498,0.18,-0.1974416760465366
1777027897.7102923,tb1,-1.0271562765265365,0.5796598082747993,0.18,-0.5373534430053314
1777027897.7144704,tb7,-0.46345241831371803,-0.2672760152554756,0.18,-0.25558304111930985
1777027897.7195673,tb3,-0.24671872969973555,0.7010028355048225,0.18,-0.19341030669125298
1777027897.7529888,tb2,0.19047964518895094,-0.01687104511459096,0.18,-0.19748296907067167
1777027897.7606096,tb1,-1.021830842077927,0.5872141506079456,0.18,-0.5301338489036784
1777027897.7643101,tb7,-0.47254280647976993,-0.2679283909983412,0.18,-0.25839432524439976
1777027897.7695312,tb3,-0.24007930160741048,0.6947983523944627,0.18,-0.19187620672143027
1777027897.8029199,tb2,0.1881197924283758,-0.02564789320681731,0.18,-0.19752478843026233
1777027897.8101296,tb1,-1.0163065682682677,0.5946197551441941,0.18,-0.523001398366096
1777027897.8143573,tb7,-0.48164223036252146,-0.26846474592235864,0.18,-0.2612063727559366
1777027897.8196394,tb3,-0.23350079772819848,0.688530382186583,0.18,-0.19040700014489054
1777027897.852957,tb2,0.18567338339105136,-0.03440103081381446,0.18,-0.19756462722236784
1777027897.8601353,tb1,-1.0105903092600839,0.6018738648322741,0.18,-0.5160244118054499
1777027897.864299,tb7,-0.49074913446538404,-0.2688835277493741,0.18,-0.2640633456601113
1777027897.8695312,tb3,-0.22698328091821016,0.6822000485691461,0.18,-0.18900849638291678
1777027897.9038727,tb2,0.1831406364757703,-0.043129598306046464,0.18,-0.1833712812892655
1777027897.910183,tb1,-1.0046890787261702,0.6089737301702748,0.18,-0.5092053476762943
1777027897.9142907,tb7,-0.49986215933797906,-0.2691832342415629,0.18,-0.2669464790820153
1777027897.9196143,tb3,-0.22052682624400702,0.6758084534142254,0.18,-0.18767220444379576
1777027897.9531298,tb2,0.1831406364757703,-0.043129598306046464,0.18,-0.1954705897566366
1777027897.9601796,tb1,-0.99860970469489,0.6159170963135991,0.18,-0.4682772461067165
1777027897.9643211,tb7,-0.5089797955535985,-0.26936229898866537,0.18,-0.2698522953877823
1777027897.969514,tb3,-0.21413148734137918,0.6693566697886507,0.18,-0.1864010241624704
1777027898.003119,tb2,0.18052629409974488,-0.05182805939717585,0.18,-0.19674591791395643
1777027898.0102096,tb1,-0.99860970469489,0.6159170963135991,0.18,-0.5068888803682806
1777027898.0144162,tb7,-0.5089797955535985,-0.26936229898866537,0.18,-0.26892099071153897
1777027898.0195837,tb3,-0.207797311713278,0.6628457317125844,0.18,-0.1851804851361532
1777027898.0531166,tb2,0.17782790262559814,-0.06050596418363337,0.18,-0.1969995641006768
1777027898.0602393,tb1,-0.9923739358207523,0.622696747495889,0.18,-0.5037762332019237
1777027898.0643356,tb7,-0.5181004684024941,-0.26941915821268775,0.18000000000000002,-0.27190285423774885
1777027898.0695639,tb3,-0.207797311713278,0.6628457317125844,0.18,-0.18392582673574578
1777027898.1029775,tb2,0.17504429729600018,-0.06915745435109252,0.18,-0.1971716273209478
1777027898.1101854,tb1,-0.9859632044064636,0.6293328852150604,0.18,-0.49609389433626466
1777027898.1144066,tb7,-0.5272209871830318,-0.2693531600526486,0.18,-0.2752694115697713
1777027898.119628,tb3,-0.20152436521005396,0.6562766517985671,0.18,-0.18274596141893967
1777027898.1530905,tb2,0.17217559523105933,-0.07778121549839766,0.18,-0.19733026582266158
1777027898.1601193,tb1,-0.9793885941000385,0.6358038381345715,0.18,-0.4882316625502427
1777027898.1642663,tb7,-0.5363412138560807,-0.2691636176801151,0.18,-0.2787003760884398
1777027898.1694994,tb3,-0.19531272828893653,0.6496504571040516,0.18,-0.18163607480668265
1777027898.2030776,tb2,0.16922199436140714,-0.08637635439217065,0.18,-0.19750000793166095
1777027898.2102654,tb1,-0.9726577779113741,0.6421066803895521,0.18,-0.4806529399141472
1777027898.2143705,tb7,-0.5454596183375106,-0.2688489433798984,0.18,-0.2821547337215736
1777027898.2195714,tb3,-0.18916243208715683,0.6429680577964509,0.18,-0.18056924228947785
1777027898.252917,tb2,0.1661837088146391,-0.09494200417601618,0.18,-0.1976858711979028
1777027898.2601116,tb1,-0.9657775784798688,0.6482405778480315,0.18,-0.4733167298003726
1777027898.2642777,tb7,-0.5545743987345294,-0.268407473334706,0.18,-0.28564931469081856
1777027898.2695122,tb3,-0.1830735473751625,0.6362303719735388,0.18,-0.17954921064482576
1777027898.3029652,tb2,0.16306095045150928,-0.10347731415289223,0.18,-0.19787305085043408
1777027898.3102286,tb1,-0.9587545414762437,0.6542049234165103,0.18,-0.4662493774938803
1777027898.3142977,tb7,-0.5636837018048839,-0.2678375749109028,0.18,-0.2891860968326488
1777027898.3195949,tb3,-0.17704615057436934,0.6294382818801749,0.18,-0.1785617995371931
1777027898.3531635,tb2,0.1598539354015949,-0.11198142106137994,0.18,-0.1980666222717042
1777027898.3602343,tb1,-0.9515951458593936,0.6599992475581717,0.18,-0.4594354130255522
1777027898.364371,tb7,-0.5727856693623081,-0.26713758821298333,0.18,-0.29275817494311124
1777027898.3696098,tb3,-0.17108035663502139,0.6225926797589458,0.18,-0.17761591970420487
1777027898.4029248,tb2,0.15656288371184807,-0.12045346386287234,0.18,-0.19829328910669458
1777027898.4101005,tb1,-0.9443056661495058,0.6656233713808312,0.18,-0.4528682998685255
1777027898.4142942,tb7,-0.581878331297931,-0.2663057981407457,0.18,-0.29636657713254183
1777027898.4196103,tb3,-0.16517625113240522,0.6156944430844542,0.18,-0.1767096529440606
1777027898.452895,tb2,0.15318801925307193,-0.1288925825908743,0.18,-0.1985270614291884
1777027898.460135,tb1,-0.9368918231919725,0.6710772925966857,0.18,-0.4464919640351464
1777027898.4643595,tb7,-0.5909594841425375,-0.2653405885325337,0.18,-0.30004115568414186
1777027898.4694922,tb3,-0.15933390544784354,0.6087443859985459,0.18,-0.17583637755879997
1777027898.5030644,tb2,0.15318801925307193,-0.1288925825908743,0.18,-0.19641645876973374
1777027898.5102546,tb1,-0.9293592999155503,0.6763608823616815,0.18,-0.4402883564823595
1777027898.5143037,tb7,-0.600026989126632,-0.26424040478501915,0.18,-0.30378907872020555
1777027898.5195005,tb3,-0.15355343325294663,0.6017433202959251,0.18,-0.1749868136669929
1777027898.5529358,tb2,0.14972956930656675,-0.13729791023080487,0.18,-0.19667694204536235
1777027898.5601053,tb1,-0.9217139876404438,0.6814741799318107,0.18,-0.43429348718873195
1777027898.5641994,tb7,-0.6090787845776695,-0.2630035390858778,0.18,-0.3075756543963491
1777027898.56946,tb3,-0.14783495463264817,0.594692092261094,0.18,-0.17417230095961714
1777027898.6030383,tb2,0.14618865314591356,-0.145667846388611,0.18,-0.19716132976675746
1777027898.610181,tb1,-0.9217139876404438,0.6814741799318107,0.18,-0.4375520229411882
1777027898.614423,tb7,-0.6181123935067611,-0.26162842540817843,0.18,-0.31143994200347974
1777027898.6195605,tb3,-0.14217854925372225,0.5875914643200114,0.18,-0.17337839481891343
1777027898.6531,tb2,0.1425655977157579,-0.15400268089419816,0.18,-0.19767113116879148
1777027898.6602306,tb1,-0.9139610101954571,0.6864175009632796,0.18,-0.4316188476560958
1777027898.6642504,tb7,-0.6181123935067611,-0.26162842540817843,0.18,-0.3111852101580711
1777027898.669489,tb3,-0.13658433454903898,0.5804422278920335,0.18,-0.1726199120390272
1777027898.7029781,tb2,0.13886052432628285,-0.16230164566443417,0.18,-0.1981898641006855
1777027898.7101333,tb1,-0.9061011997307592,0.691191222407985,0.18,-0.42488802443265766
1777027898.7143097,tb7,-0.6271254923035655,-0.2601134567802106,0.18,-0.3151928643867128
1777027898.7196295,tb3,-0.13105241302818796,0.5732451486293594,0.18,-0.16282637442581988
1777027898.7529843,tb2,0.1350735599131645,-0.17056383123940888,0.18,-0.19870417454582465
1777027898.7601435,tb1,-0.8981421552094669,0.6957918674949011,0.18,-0.4183426896479775
1777027898.7644207,tb7,-0.6361140174726678,-0.25845836670128686,0.18,-0.3196516299786166
1777027898.7695765,tb3,-0.13105241302818796,0.5732451486293594,0.18,-0.17024823575996406
1777027898.8030539,tb2,0.13120484281690115,-0.178788325568408,0.18,-0.1992183541882301
1777027898.8102534,tb1,-0.8900894709090084,0.700219978179912,0.18,-0.41206476052832086
1777027898.8144755,tb7,-0.645077382593963,-0.256662193450119,0.18,-0.3241868640373595
1777027898.8195984,tb3,-0.12558362730721448,0.5660052113020879,0.18,-0.170317283278451
1777027898.8529315,tb2,0.1272545127402917,-0.18697421985019835,0.18,-0.19974813026746568
1777027898.8601587,tb1,-0.8819484608478383,0.7044765277188585,0.18,-0.4060784937478804
1777027898.8643436,tb7,-0.65401323634155,-0.25472318887600964,0.18,-0.3287494812280534
1777027898.8695567,tb3,-0.12017358497236677,0.5587174243772384,0.18,-0.16968666817709596
1777027898.9029877,tb2,0.123222714287438,-0.19512058966871734,0.18,-0.2002782407266463
1777027898.9101534,tb1,-0.8737241046993189,0.708562776858388,0.18,-0.4003684725625787
1777027898.9142642,tb7,-0.6629188028955696,-0.2526394871483678,0.18,-0.3333399587151024
1777027898.9194813,tb3,-0.11482581233618752,0.5513838876934805,0.18,-0.16902002384262993
1777027898.9529734,tb2,0.11910960871799339,-0.20322649909506924,0.18,-0.20082330718653718
1777027898.960179,tb1,-0.8654210933516474,0.7124799870544621,0.18000000000000002,-0.3948912665273307
1777027898.9643269,tb7,-0.6717911423488291,-0.25040929320008193,0.18,-0.33797534590338324
1777027898.969506,tb3,-0.1095406720109683,0.5440054680393956,0.18,-0.16836880347725255
1777027899.0029514,tb2,0.11491536576922105,-0.2112910193972634,0.18,-0.20138298388564185
1777027899.0106444,tb1,-0.8570439026589741,0.7162293453947056,0.18,-0.3896330472970152
1777027899.0142586,tb7,-0.6806272234338204,-0.24803091367102295,0.18,-0.3426707227924701
1777027899.0195596,tb3,-0.10431828070876534,0.5365828936908907,0.18,-0.16773877428711556
1777027899.0532436,tb2,0.11064014660843065,-0.21931322240378207,0.18,-0.2019438608835265
1777027899.060198,tb1,-0.8485969331757022,0.7198120100101861,0.18,-0.38452009646449886
1777027899.0644772,tb7,-0.6894240253121257,-0.24550263494402702,0.18,-0.34741623682170103
1777027899.0699036,tb3,-0.0991587390419262,0.5291168859334396,0.18,-0.16712265231434864
1777027899.1033008,tb2,0.10628415053325539,-0.2272921503699537,0.18,-0.18813938815333514
1777027899.1102698,tb1,-0.8400842369296303,0.7232291351594333,0.18,-0.3795783839293501
1777027899.1143088,tb7,-0.6981781944260274,-0.24282293662472113,0.18,-0.3522478871014006
1777027899.1196322,tb3,-0.09406213415557257,0.5216081179388329,0.18,-0.16654635218763128
1777027899.1529756,tb2,0.10628415053325539,-0.2272921503699537,0.18,-0.20051811160747898
1777027899.1601653,tb1,-0.8315100044670555,0.7264818685782248,0.18,-0.3672081289050917
1777027899.1642394,tb7,-0.7068865466356985,-0.23999022487814933,0.18,-0.35713616848782587
1777027899.1694634,tb3,-0.08902857773232356,0.5140572967938826,0.18,-0.16598448281748632
1777027899.203013,tb2,0.10185315615590228,-0.2352232799001591,0.18,-0.20235088373999635
1777027899.2101684,tb1,-0.8315100044670555,0.7264818685782248,0.18,-0.37700644939747313
1777027899.2143624,tb7,-0.7155455791077356,-0.2370030452990086,0.18,-0.36211351405457853
1777027899.2195287,tb3,-0.08405816434926099,0.5064650837036052,0.18,-0.16543659526987328
1777027899.253007,tb2,0.097342407978693,-0.24311516007284753,0.18,-0.20321965840414613
1777027899.260211,tb1,-0.8228816571954308,0.7295718813747756,0.18,-0.3730506955050165
1777027899.2643483,tb7,-0.7155455791077356,-0.2370030452990086,0.18,-0.36279604297340984
1777027899.2695029,tb3,-0.0791510041085871,0.49883214624956557,0.18,-0.16491567174013208
1777027899.302976,tb2,0.09275189828351879,-0.25096184129612753,0.18,-0.20401060823385567
1777027899.3101552,tb1,-0.8141936558607132,0.73250206482017,0.18,-0.36778248309042194
1777027899.314302,tb7,-0.7241517404401351,-0.2338600432458489,0.18,-0.36797979985545304
1777027899.319886,tb3,-0.07430720230825058,0.4911591521962431,0.18,-0.1425759227462395
1777027899.3529935,tb2,0.08808177488578187,-0.258761879987008,0.18,-0.20480113622133675
1777027899.3601491,tb1,-0.8054541097626621,0.7352684168107855,0.18,-0.36257589360160486
1777027899.36431,tb7,-0.7327001502422441,-0.23056136123223425,0.18,-0.3736274364304042
1777027899.3694856,tb3,-0.07430720230825058,0.4911591521962431,0.18,-0.16253098302853689
1777027899.40301,tb2,0.08333218409985586,-0.266514234823821,0.18,-0.2055981846946369
1777027899.4101827,tb1,-0.796667388722907,0.7378721239438761,0.17999999999999997,-0.35757612774944214
1777027899.414353,tb7,-0.7411891458026036,-0.22710590380936302,0.18,-0.3793395664999505
1777027899.4195616,tb3,-0.06952759479453427,0.48345692288703945,0.18,-0.16393428430585566
1777027899.4529588,tb2,0.07850330043017215,-0.2742178764111807,0.18,-0.2064238847220398
1777027899.4601722,tb1,-0.7878370666257922,0.7403149002763098,0.18,-0.3527851490083207
1777027899.4644272,tb7,-0.7496148731421987,-0.22349222326799414,0.18,-0.38512495203714364
1777027899.4696789,tb3,-0.06480304819864822,0.47571114460180797,0.18,-0.16356808370645115
1777027899.5029469,tb2,0.07359527306222009,-0.28187182130286537,0.18,-0.20726172892257522
1777027899.510153,tb1,-0.7789667287549155,0.7425983907464698,0.18,-0.34820438216720373
1777027899.5144098,tb7,-0.7579734172125816,-0.21971888291802913,0.18,-0.39094142974714796
1777027899.5196733,tb3,-0.06014164515413087,0.4679265665838852,0.18,-0.16306203495278607
1777027899.5529342,tb2,0.068608243934577,-0.2894750365744682,0.18,-0.20811238541145793
1777027899.5601723,tb1,-0.7700597953970718,0.7447243750615768,0.18,-0.3438346642001743
1777027899.5642393,tb7,-0.7662605970904937,-0.2157843806355382,0.18,-0.396764712235983
1777027899.5694704,tb3,-0.055544198364921055,0.46010428332319436,0.18,-0.1625794917640423
1777027899.6029403,tb2,0.06354241085525703,-0.2970264504942694,0.18,-0.2089848609730884
1777027899.610216,tb1,-0.7611192924563934,0.7466946071926966,0.18,-0.33961761206318825
1777027899.6143115,tb7,-0.7744718005749727,-0.21168749144427756,0.18,-0.40265512339306603
1777027899.6196086,tb3,-0.05101082606139803,0.45224496549161447,0.18,-0.16210838490186386
1777027899.652953,tb2,0.058397963235742444,-0.30452502762101574,0.18,-0.20987962718688544
1777027899.6601043,tb1,-0.7521483178461771,0.74851067901519,0.18,-0.3355428444547897
1777027899.6642988,tb7,-0.7826025724574374,-0.20742710061682412,0.18,-0.4085951440413854
1777027899.6695294,tb3,-0.04654161805885725,0.44434924992556596,0.18,-0.16167180120214025
1777027899.702934,tb2,0.05317507754746539,-0.31196971990286676,0.18,-0.21079598523128734
1777027899.7102582,tb1,-0.7431497920546428,0.7501741684447697,0.18,-0.3316032916812476
1777027899.714334,tb7,-0.790648237204681,-0.20300225435200434,0.18,-0.4145992669149982
1777027899.7195423,tb3,-0.04213665934372287,0.43641775784879855,0.18,-0.1612565789046512
1777027899.7530057,tb2,0.04787397418815336,-0.31935944411475814,0.18,-0.21173526387670688
1777027899.7602541,tb1,-0.7341265271541334,0.7516865936081524,0.18000000000000002,-0.32776888868705556
1777027899.7643697,tb7,-0.7986040134703927,-0.19841218031780314,0.18,-0.4206756428711351
1777027899.7696574,tb3,-0.03779604450127808,0.4284510964326898,0.18,-0.16086083292847905
1777027899.80296,tb2,0.04787397418815336,-0.31935944411475814,0.18,-0.2098212020221471
1777027899.8100967,tb1,-0.7250813581597118,0.7530494898927557,0.18,-0.2981561285801342
1777027899.8144317,tb7,-0.80646512094713,-0.1936560321079464,0.18,-0.42678518249568104
1777027899.819455,tb3,-0.0335198760665929,0.42044988378988857,0.18,-0.16050422643786424
1777027899.8529656,tb2,0.04249491598829738,-0.326693064769718,0.18,-0.21081788892066047
1777027899.8603191,tb1,-0.7250813581597118,0.7530494898927557,0.18,-0.3252810027514862
1777027899.8643548,tb7,-0.80646512094713,-0.1936560321079464,0.18,-0.4288156223610329
1777027899.8694913,tb3,-0.029308247916315693,0.4124147203727067,0.18,-0.160155395551548
1777027899.903029,tb2,0.03703933443025589,-0.3339691162420137,0.18,-0.21206540254687908
1777027899.9102113,tb1,-0.7160284336175451,0.7542689430690306,0.18000000000000002,-0.32410424980904595
1777027899.914398,tb7,-0.8142264703969431,-0.18873305787032274,0.18,-0.43506785065019665
1777027899.9195757,tb3,-0.029308247916315693,0.4124147203727067,0.18,-0.15809046846006694
1777027899.9529505,tb2,0.03150711782043897,-0.3411877470541959,0.18,-0.21333535999422432
1777027899.9601943,tb1,-0.7069465146497926,0.7553475210439385,0.17999999999999997,-0.32007974524743277
1777027899.964279,tb7,-0.8218820427648722,-0.1836443078855654,0.18,-0.44167577499400895
1777027899.9694893,tb3,-0.025161270516427827,0.40434621884211586,0.18,-0.15777103371599574
1777027900.0029821,tb2,0.025898320875456585,-0.34834785381504696,0.18,-0.21459610521202913
1777027900.0102007,tb1,-0.6978492977417883,0.7562786300467085,0.18,-0.3159890204221614
1777027900.0142837,tb7,-0.8294282668773396,-0.178389211013555,0.18,-0.44828057838773794
1777027900.0195055,tb3,-0.021079007841753157,0.39624583883967085,0.18,-0.1576403298542801
1777027900.0529857,tb2,0.02021310047401532,-0.3554481871842914,0.18,-0.21586739236022418
1777027900.0601876,tb1,-0.6887401634802232,0.7570635947571814,0.18,-0.3120342877785926
1777027900.0643332,tb7,-0.8368595028394137,-0.1729675064333761,0.17999999999999997,-0.45489479625447177
1777027900.0696943,tb3,-0.01706087622212924,0.3881136056088514,0.18,-0.15752645076018867
1777027900.1029327,tb2,0.014451617879011532,-0.36248755718228304,0.18,-0.21715138279947485
1777027900.1102002,tb1,-0.679621735713756,0.7577042156199985,0.18,-0.3082545795693778
1777027900.1143374,tb7,-0.8441702491330212,-0.16737903306987664,0.18,-0.46146700951319136
1777027900.1195009,tb3,-0.01310700963196674,0.37995000187549616,0.18,-0.15744019553735564
1777027900.152953,tb2,0.008614010710435835,-0.3694647655624289,0.18,-0.21843846619258236
1777027900.160167,tb1,-0.670496327902566,0.7582024025968644,0.18,-0.3046353058320713
1777027900.1643128,tb7,-0.8513546206897084,-0.1616238985468629,0.18,-0.46800201472830827
1777027900.1695344,tb3,-0.009217596446460877,0.3717555516708087,0.18,-0.15735666920564295
1777027900.2029767,tb2,0.0027004730761001016,-0.37637855584659596,0.18,-0.2197386411054241
1777027900.2103093,tb1,-0.6613661160323913,0.758559988264942,0.18,-0.30115722447411897
1777027900.2143073,tb7,-0.8584066877527727,-0.15570245629991705,0.18,-0.4744943661697987
1777027900.2196693,tb3,-0.005392831027229376,0.36353077381095733,0.18,-0.15728174127015493
1777027900.2529652,tb2,0.0027004730761001016,-0.37637855584659596,0.18,-0.21792755463536517
1777027900.26014,tb1,-0.6522332947511884,0.7587787762223427,0.18,-0.29781511720847215
1777027900.2642145,tb7,-0.8653204603959477,-0.14961517351588433,0.18000000000000002,-0.4809001707934489
1777027900.269487,tb3,-0.0016329113996303953,0.3552761942094473,0.18,-0.15723608770465225
1777027900.3029225,tb2,-0.0032887900637387692,-0.3832276856220495,0.18,-0.21926002731794467
1777027900.3100953,tb1,-0.6430999130566473,0.7588605526289615,0.17999999999999997,-0.29460254670013325
1777027900.3142695,tb7,-0.8720897153571037,-0.14336282270810455,0.18000000000000002,-0.48722228997379063
1777027900.319504,tb3,0.0020619674988678243,0.34699232856889406,0.18,-0.15719686272679928
1777027900.3530211,tb2,-0.00935217787971991,-0.3900103723108152,0.18,-0.22087334838331887
1777027900.3601875,tb1,-0.6430999130566473,0.7588605526289615,0.18,-0.2951906363792008
1777027900.3642998,tb7,-0.878708135768451,-0.1369467775350249,0.17999999999999997,-0.49349064853285335
1777027900.3695211,tb3,0.005691602038421672,0.3386796897083421,0.18,-0.15717536868909152
1777027900.4030857,tb2,-0.015489789819925444,-0.3967268208666941,0.18,-0.22251009901095986
1777027900.4102767,tb1,-0.633967828578053,0.7588069404909468,0.18,-0.2920057714855354
1777027900.4143877,tb7,-0.878708135768451,-0.1369467775350249,0.17999999999999997,-0.4970869166975071
1777027900.4195547,tb3,0.009255786006537484,0.33033879216155504,0.18,-0.15717382443310265
1777027900.453108,tb2,-0.021701563693872248,-0.4033758515410293,0.18,-0.22413702588858483
1777027900.460218,tb1,-0.6248375278771301,0.7586186902531482,0.18,-0.28857195895860716
1777027900.4642978,tb7,-0.8851695896597153,-0.13036834681916248,0.17999999999999997,-0.503399097372404
1777027900.4696653,tb3,0.009255786006537484,0.33033879216155504,0.18,-0.15497069299758442
1777027900.5029511,tb2,-0.027987344539635788,-0.40995605664896473,0.18,-0.2257649764941063
1777027900.5102403,tb1,-0.6157125830056301,0.758296668492849,0.18,-0.2852620523341549
1777027900.514352,tb7,-0.8914676098956597,-0.12363030671678728,0.18,-0.5097920361466832
1777027900.5195434,tb3,0.012754303075511966,0.32197016263738937,0.18,-0.15498849669846798
1777027900.5529528,tb2,-0.034346988040904476,-0.41646606505217487,0.18,-0.22737694625756955
1777027900.5601668,tb1,-0.6065949572956864,0.7578427229653747,0.18,-0.28209932564954876
1777027900.5642478,tb7,-0.8975968929780868,-0.11673417031887579,0.17999999999999997,-0.5159829737340134
1777027900.5694752,tb3,0.01618707925391238,0.3135753974292005,0.18,-0.15523233702498695
1777027900.6030607,tb2,-0.04078028168400947,-0.4229044303909408,0.18,-0.22898585112105604
1777027900.6101916,tb1,-0.5974863187887274,0.7572586843316124,0.18,-0.27906167840916435
1777027900.614406,tb7,-0.9035508888718417,-0.10968213115344382,0.18,-0.5219964632345929
1777027900.6195967,tb3,0.019554708776829074,0.30515425334426693,0.18,-0.15548826878263625
1777027900.6529334,tb2,-0.047286967858933215,-0.4292697300914925,0.18,-0.23061060402533787
1777027900.6601589,tb1,-0.5883883805331864,0.756546314717342,0.18,-0.27614873150951913
1777027900.6643174,tb7,-0.9093231606907666,-0.10247665663811971,0.18,-0.5277486656628534
1777027900.6695287,tb3,0.022856942962025242,0.29670711520687,0.18,-0.15575598462668416
1777027900.7028692,tb2,-0.053866825521562724,-0.43556056021937506,0.18,-0.2322344447098414
1777027900.7101486,tb1,-0.5793027366022836,0.7557073558898615,0.17999999999999997,-0.27334952505589605
1777027900.714263,tb7,-0.9149071755033947,-0.09512062279481891,0.18,-0.5332471094560483
1777027900.7194858,tb3,0.02609345924649963,0.28823444208620747,0.18,-0.15602860976678354
1777027900.7529154,tb2,-0.060519549641548764,-0.44177545461601714,0.18,-0.23386439552969018
1777027900.7601662,tb1,-0.5702308556615717,0.7547434293034413,0.18,-0.2706362430680563
1777027900.7642198,tb7,-0.9202964827306037,-0.08761743310436762,0.18,-0.5384996038999225
1777027900.769564,tb3,0.029263936602125118,0.2797366968346649,0.18,-0.15630434353696576
1777027900.802955,tb2,-0.06724473904918048,-0.44791296553937265,0.18,-0.21770636839904298
1777027900.810254,tb1,-0.5611742480304159,0.7536560885568284,0.18,-0.26800203251808646
1777027900.8142948,tb7,-0.9254848697997021,-0.07997092744836572,0.18,-0.543519761178515
1777027900.819644,tb3,0.03236805652628724,0.2712143519887981,0.18,-0.15659208855292872
1777027900.8529835,tb2,-0.06724473904918048,-0.44791296553937265,0.18,-0.2338917597564024
1777027900.8605895,tb1,-0.5521344203373971,0.752446905796461,0.18,-0.24287164094461317
1777027900.8642085,tb7,-0.9304663362900718,-0.07218506148335438,0.18,-0.5482142526642122
1777027900.8694787,tb3,0.03540550346348873,0.26266786896568894,0.18,-0.15689633289402666
1777027900.9030833,tb2,-0.07403433229302449,-0.45396993501425204,0.18,-0.23698888565621426
1777027900.9102106,tb1,-0.5521344203373971,0.752446905796461,0.18,-0.2654312050469847
1777027900.9145622,tb7,-0.9304663362900718,-0.07218506148335438,0.18,-0.5532297889937114
1777027900.91953,tb3,0.03837595239900147,0.25409771038181417,0.18,-0.15720569614744484
1777027900.9529386,tb2,-0.0808973345132993,-0.4599534777263383,0.18,-0.23895413571267682
1777027900.960227,tb1,-0.5431212694610654,0.7511236643702985,0.18,-0.2649998391815757
1777027900.9644194,tb7,-0.9352348854830992,-0.06426421748644177,0.17999999999999997,-0.5577169248572171
1777027900.9699976,tb3,0.041279072859965515,0.24550435034025545,0.18,-0.13534670029828802
1777027901.0030272,tb2,-0.08783152747865108,-0.4658564815630167,0.18,-0.24082298921311499
1777027901.0103564,tb1,-0.5341166438683149,0.7496839436773512,0.18,-0.2623061106849498
1777027901.0143158,tb7,-0.9397847900899853,-0.056212881737902474,0.18,-0.561807299836406
1777027901.0194771,tb3,0.041279072859965515,0.24550435034025545,0.18,-0.1552485132031859
1777027901.0531232,tb2,-0.09483637647985987,-0.4716769576609724,0.18,-0.24267784649946866
1777027901.0601864,tb1,-0.5251323147230125,0.7481250849295363,0.18,-0.25949998345701175
1777027901.0649161,tb7,-0.9441102124585754,-0.04803627661336259,0.18,-0.5655595387635475
1777027901.069844,tb3,0.04411624412239238,0.23689850829315268,0.18,-0.1575355342497894
1777027901.1029267,tb2,-0.10191142067893287,-0.4774132826519838,0.18,-0.24456442873172157
1777027901.1101665,tb1,-0.5161705049690493,0.746448468193714,0.18,-0.25679393861441896
1777027901.1142876,tb7,-0.9482056707692553,-0.03974000634700016,0.18,-0.5688023698886169
1777027901.119596,tb3,0.0468928315331489,0.2282642552671194,0.18,-0.15815726814573663
1777027901.1529047,tb2,-0.10905623520885667,-0.48306392694766664,0.18,-0.24645570734308395
1777027901.1601326,tb1,-0.5072325686265402,0.744655736575761,0.18,-0.2541989820264409
1777027901.164258,tb7,-0.952066102091971,-0.031329868353321425,0.18,-0.5716917647081691
1777027901.16953,tb3,0.049602013047440094,0.2196075800689874,0.18,-0.15861893680004358
1777027901.2030048,tb2,-0.11627032032681729,-0.4886273048243843,0.17999999999999997,-0.24836032491688995
1777027901.2101808,tb1,-0.49831963382799044,0.7427485034541773,0.18,-0.2516948201177935
1777027901.214294,tb7,-0.9556866838568053,-0.022812133771095245,0.18,-0.5741804324816218
1777027901.2195063,tb3,0.0522428195781557,0.21092951399096116,0.18,-0.15908071947291721
1777027901.2530563,tb2,-0.12355313380603862,-0.49410184944902136,0.18,-0.25028867429039114
1777027901.2603087,tb1,-0.4894328242537603,0.7407282967295156,0.18,-0.24926871818767196
1777027901.2642794,tb7,-0.9590630281994823,-0.014193288989029332,0.18,-0.5762390601064041
1777027901.2695386,tb3,0.05481483259392933,0.20223058615743272,0.18,-0.15955754313060153
1777027901.3029342,tb2,-0.13090415306527536,-0.49948600506466073,0.18,-0.25223818764536693
1777027901.3101878,tb1,-0.4805732969511541,0.7385966287644071,0.18,-0.24692770967425667
1777027901.3142462,tb7,-0.9621910900082313,-0.005480089056250439,0.18,-0.5778563150289153
1777027901.319474,tb3,0.057317677820247576,0.1935112797819628,0.18,-0.16005889291942968
1777027901.3529797,tb2,-0.13832287334618637,-0.504778166339114,0.17999999999999997,-0.2541889058746802
1777027901.360304,tb1,-0.4717421727989002,0.7363550466154338,0.18,-0.2446764459608551
1777027901.3643565,tb7,-0.9650671816629801,0.003320459863426614,0.18,-0.5790399636310425
1777027901.369549,tb3,0.059750978360299724,0.1847720572199125,0.18,-0.16057075345726748
1777027901.4029918,tb2,-0.13832287334618637,-0.504778166339114,0.18,-0.25278850533377445
1777027901.4103022,tb1,-0.462940488600132,0.734005117418144,0.18,-0.24251974471354953
1777027901.4142945,tb7,-0.9676879956349271,0.012201117442064528,0.18,-0.5797472547993607
1777027901.4195583,tb3,0.062114328676774896,0.17601338626229296,0.18,-0.16110115319404256
1777027901.4529753,tb2,-0.14580874446019032,-0.5099766544986405,0.18,-0.2547712151418463
1777027901.460204,tb1,-0.462940488600132,0.734005117418144,0.18,-0.24199369299560586
1777027901.464244,tb7,-0.9700506627567403,0.021154361590174354,0.18,-0.5800126818293349
1777027901.4694228,tb3,0.0644073099611507,0.1672357538106852,0.18,-0.16165387571389273
1777027901.5031073,tb2,-0.15335961516225496,-0.5150796450923218,0.18,-0.2570305170702258
1777027901.5102267,tb1,-0.45416917340883717,0.7315483243375336,0.18,-0.23986887286077838
1777027901.514383,tb7,-0.9700506627567403,0.021154361590174354,0.18,-0.5859999547866963
1777027901.5194683,tb3,0.06662949962348584,0.15843964444260009,0.18,-0.16221559667784116
1777027901.5530427,tb2,-0.16097550632272759,-0.5200867829261268,0.18000000000000002,-0.2593178410560604
1777027901.5602086,tb1,-0.44542868208119246,0.728985601163499,0.18,-0.23768093894847347
1777027901.56432,tb7,-0.9721528288121006,0.03017250568409581,0.18,-0.5858651395067135
1777027901.5694938,tb3,0.06662949962348584,0.15843964444260009,0.18,-0.15985842118856786
1777027901.6030457,tb2,-0.16865589820322616,-0.5249964477207173,0.18,-0.2615983154744518
1777027901.6101298,tb1,-0.43672065158660817,0.7263181817182786,0.18,-0.23556528961589152
1777027901.6143434,tb7,-0.9739917314658042,0.03925072886336618,0.18,-0.5846337405169522
1777027901.6196165,tb3,0.06878047716190352,0.14962557119942488,0.18,-0.16043515617623436
1777027901.6529963,tb2,-0.17640016796467903,-0.5298068584737591,0.18,-0.2638691036077683
1777027901.660179,tb1,-0.42804604423858206,0.7235475110941123,0.18,-0.233527405504274
1777027901.6642551,tb7,-0.9755639085038629,0.04837876852761697,0.18,-0.582928157524709
1777027901.669608,tb3,0.07086020319804881,0.14079545795784004,0.18,-0.1613170421420104
1777027901.703008,tb2,-0.184207602640051,-0.5345161918025135,0.18,-0.26613643187681896
1777027901.710266,tb1,-0.41940567593370043,0.720674992548549,0.18,-0.23155632309142568
1777027901.7143533,tb7,-0.9768683753585699,0.05754825357842086,0.18,-0.5808645198285377
1777027901.7196891,tb3,0.07286919163304505,0.13194868214624597,0.18,-0.16221774064140984
1777027901.7530496,tb2,-0.1920774717727876,-0.5391226454029086,0.18,-0.26840060540885935
1777027901.7602518,tb1,-0.4108004391652059,0.7177020280201097,0.18,-0.22966506724939548
1777027901.7643192,tb7,-0.977904820520392,0.06675095039741794,0.18,-0.5784415555466933
1777027901.7695372,tb3,0.07480697274118932,0.1230855647320126,0.18,-0.1631186751334359
1777027901.8029187,tb2,-0.2000090844089852,-0.5436243812496215,0.18,-0.27065313938368735
1777027901.810148,tb1,-0.4022311111229654,0.7146300108438862,0.18,-0.2278479223939867
1777027901.8142755,tb7,-0.9786734822563146,0.07597873210717561,0.18,-0.5756929133310755
1777027901.8195271,tb3,0.07667294806789435,0.11420659008493055,0.18,-0.164005975296039
1777027901.8529153,tb2,-0.2080014604718487,-0.5480195155073622,0.18,-0.2729195792654897
1777027901.8603206,tb1,-0.39369838890453257,0.7114602061974393,0.18,-0.22607452981461917
1777027901.8643124,tb7,-0.9791749978890147,0.08522366947264405,0.18,-0.5726186135487243
1777027901.8695896,tb3,0.07846654387070282,0.10531228618121191,0.18,-0.16489218031599004
1777027901.9028978,tb2,-0.2160537007042882,-0.5523062770951467,0.18000000000000002,-0.2609793159931496
1777027901.910231,tb1,-0.3852030764444317,0.7081938747405006,0.18,-0.22435840518961384
1777027901.9143133,tb7,-0.9794104060898459,0.09447775527243914,0.18000000000000002,-0.5692388516358902
1777027901.9195907,tb3,0.08018721236411004,0.09640314117208013,0.18,-0.16578117522897204
1777027901.9529715,tb2,-0.2160537007042882,-0.5523062770951467,0.18,-0.2741005567261085
1777027901.9602566,tb1,-0.3767459378593619,0.7048322903229371,0.18,-0.22269507942887914
1777027901.9642456,tb7,-0.9793812064459517,0.10373316920423227,0.18000000000000002,-0.5655622204202461
1777027901.969493,tb3,0.08183439160320763,0.08747967138615075,0.18,-0.16666883751669778
1777027902.0030243,tb2,-0.22415816703306232,-0.5564828710310596,0.18000000000000002,-0.27763432061644966
1777027902.0101929,tb1,-0.3767459378593619,0.7048322903229371,0.18,-0.22174841043614896
1777027902.0142539,tb7,-0.9790892430419067,0.11298230771420474,0.18,-0.561623938712169
1777027902.0194588,tb3,0.08340753097861808,0.07854242315662112,0.18,-0.16756610628767912
1777027902.053031,tb2,-0.2323229979922063,-0.5605529994034043,0.18,-0.2802527691080774
1777027902.0602765,tb1,-0.3683276473820041,0.7013766214279531,0.18,-0.22008939671107042
1777027902.0643,tb7,-0.9790892430419067,0.11298230771420474,0.18,-0.5674654184387974
1777027902.0694351,tb3,0.08490608132382077,0.06959191864822425,0.18,-0.16846772427307935
1777027902.1030364,tb2,-0.2405448033974379,-0.5645106562085126,0.18,-0.2827735308671558
1777027902.1101625,tb1,-0.3599488046579459,0.6978278599472136,0.18,-0.21843519777312165
1777027902.1143718,tb7,-0.9785367746300262,0.12221767545904076,0.18,-0.5632212973686042
1777027902.1197057,tb3,0.08490608132382077,0.06959191864822425,0.18,-0.16607510673691178
1777027902.1529877,tb2,-0.2488222989179967,-0.5683535069293547,0.18,-0.28528717431825995
1777027902.160236,tb1,-0.3516103744799891,0.6941871825620183,0.18,-0.21683368877264186
1777027902.1644108,tb7,-0.9777235860864564,0.13143598565994383,0.17999999999999997,-0.5576741909155152
1777027902.1695747,tb3,0.08632947795681854,0.06062869721966235,0.18,-0.16698658971456776
1777027902.2030294,tb2,-0.25715435069576836,-0.5720795762089146,0.18,-0.2878017408486813
1777027902.2102754,tb1,-0.3433130259411301,0.6904557972509524,0.18,-0.21528695535324596
1777027902.2143035,tb7,-0.9766507261299515,0.14062547183333637,0.18,-0.551900390910181
1777027902.2195592,tb3,0.08767772983746358,0.05165488367179408,0.18,-0.1682100857265319
1777027902.2530186,tb2,-0.2655398786359282,-0.5756869362426887,0.18,-0.2903116907148566
1777027902.2601302,tb1,-0.33505739776500126,0.6866349162633449,0.18,-0.21380288683451532
1777027902.2642412,tb7,-0.9753218968303607,0.14977855318140781,0.18,-0.5460827369815074
1777027902.2695959,tb3,0.08895121795776606,0.04266965130644722,0.18,-0.1694292608056711
1777027902.3029606,tb2,-0.2739776714860459,-0.579173595690215,0.18,-0.29282555583411113
1777027902.310152,tb1,-0.32684405639607267,0.6827257037020542,0.18,-0.2123640952288324
1777027902.3142421,tb7,-0.9737412600467388,0.15888863241470041,0.18,-0.5402179246760344
1777027902.3194995,tb3,0.09014928397179064,0.03367344368646616,0.18,-0.17063214408187197
1777027902.3529916,tb2,-0.2824664438125752,-0.5825375969033523,0.18,-0.29534950109210534
1777027902.3601255,tb1,-0.3186735915571491,0.678729287552181,0.18,-0.21097236453383386
1777027902.3642414,tb7,-0.9719131051403815,0.16794935218021884,0.18,-0.534304737581862
1777027902.3694458,tb3,0.09127122362562926,0.024666822699943657,0.18,-0.17181256783559812
1777027902.4029076,tb2,-0.29100481291266284,-0.58577702415626,0.18,-0.29789924061610207
1777027902.4101584,tb1,-0.3105465683177071,0.6746467446398582,0.18,-0.20961749507029356
1777027902.414285,tb7,-0.9698417944688016,0.17695472818849664,0.18,-0.5283298729729818
1777027902.419585,tb3,0.09231635255548781,0.015650395344851718,0.18,-0.17297130954421702
1777027902.452957,tb2,-0.29959135208751747,-0.5888900047275918,0.18,-0.300477671810116
1777027902.460157,tb1,-0.3024635629757907,0.6704791189187376,0.18,-0.20829778432859633
1777027902.4643872,tb7,-0.9675317573512173,0.18589898142169675,0.18,-0.5222915763232094
1777027902.4696507,tb3,0.09328402238355729,0.006624777968612092,0.18,-0.17412682968420984
1777027902.502933,tb2,-0.29959135208751747,-0.5888900047275918,0.18,-0.2997824820620748
1777027902.5102842,tb1,-0.2944251588741802,0.6662274540379294,0.18,-0.20701094237471693
1777027902.5142062,tb7,-0.9649876079859137,0.19477650970676008,0.18,-0.5161805976104031
1777027902.519521,tb3,0.09417359481916196,-0.002409433934299523,0.18,-0.17528287573740498
1777027902.553097,tb2,-0.30822462868652056,-0.5918746621879869,0.18,-0.3024338725555349
1777027902.5602841,tb1,-0.28643191837700915,0.6618927899937075,0.18,-0.18990381348770438
1777027902.564309,tb7,-0.9622141623485688,0.203582009605114,0.18,-0.5100824680297341
1777027902.5695326,tb3,0.0949844323051596,-0.011451603990560163,0.18,-0.17642496172239502
1777027902.6029658,tb2,-0.3169015564836298,-0.59472938415938,0.18,-0.3054057658374459
1777027902.61033,tb1,-0.28643191837700915,0.6618927899937075,0.18,-0.20444164462264294
1777027902.6143548,tb7,-0.9622141623485688,0.203582009605114,0.18,-0.5150746292722764
1777027902.6195235,tb3,0.09571588689956391,-0.020501118891711863,0.18,-0.17755337005417016
1777027902.6530616,tb2,-0.3256218262073243,-0.5974534672865628,0.18,-0.3083785329378674
1777027902.6602707,tb1,-0.27848844116843535,0.6574823690986823,0.18,-0.20462878836030324
1777027902.6643507,tb7,-0.9592164706303957,0.21231048049789447,0.18,-0.5088762368228108
1777027902.669481,tb3,0.0963673248070118,-0.029557294556457118,0.18,-0.17868719739763986
1777027902.7029226,tb2,-0.3343839474228038,-0.6000448469389942,0.18,-0.3113611823396034
1777027902.7101686,tb1,-0.2705838425727546,0.6529905659984826,0.18,-0.2034440337339308
1777027902.7142372,tb7,-0.9559954528215429,0.22096095630162285,0.18,-0.5015060551406295
1777027902.7194777,tb3,0.0963673248070118,-0.029557294556457118,0.18,-0.17632105868211825
1777027902.7529352,tb2,-0.34318624255188246,-0.6025014627499045,0.18,-0.3143585809098686
1777027902.7601764,tb1,-0.26272560352879465,0.6484181647142757,0.18,-0.20216927103696342
1777027902.7642915,tb7,-0.952555321425133,0.22952354787093732,0.18,-0.4941383219171134
1777027902.7695725,tb3,0.09693813814368518,-0.03861944882038156,0.18,-0.177452129722336
1777027902.8029501,tb2,-0.35202700428448797,-0.6048213206505025,0.18,-0.3173738119927716
1777027902.8103383,tb1,-0.25491484806582304,0.6437662097798177,0.18,-0.20092230314901516
1777027902.8143377,tb7,-0.9489017125763122,0.23799351260123422,0.18,-0.48689985990570755
1777027902.8195798,tb3,0.09742844720470273,-0.04768531492633166,0.18,-0.17891747209900388
1777027902.8529792,tb2,-0.3609044844586665,-0.6070024305370878,0.18,-0.32040705180987417
1777027902.860134,tb1,-0.24715210912499797,0.639035721869803,0.18,-0.1997316425001701
1777027902.8642395,tb7,-0.9450403961926236,0.24636691680854322,0.18,-0.47982225516396476
1777027902.8695557,tb3,0.09783855523730835,-0.05675569123018732,0.18,-0.18039027507269448
1777027902.9029582,tb2,-0.369816900334416,-0.6090427698423884,0.18,-0.3234517172551888
1777027902.910284,tb1,-0.23943785480055682,0.6342277182789063,0.18,-0.19858029660572596
1777027902.9143143,tb7,-0.9409771511155102,0.2546403405185252,0.18,-0.47293020278365167
1777027902.9195764,tb3,0.09816778554931374,-0.06583008678637575,0.18,-0.1818261605074061
1777027902.9529665,tb2,-0.3787622564528354,-0.6109403063965265,0.18,-0.3265281942804811
1777027902.960277,tb1,-0.23177249898388733,0.6293431723866506,0.18,-0.19747592537798786
1777027902.9642813,tb7,-0.9367176708795907,0.26281064058534914,0.18,-0.46619110827418947
1777027902.969656,tb3,0.09841536605550778,-0.07490777305171377,0.18,-0.18323097367847851
1777027903.0029523,tb2,-0.38773873713790447,-0.6126930076371382,0.18,-0.329606778756634
1777027903.0104263,tb1,-0.224156500348363,0.6243830763386204,0.18,-0.19641591245212864
1777027903.0142787,tb7,-0.9322676614508304,0.2708748406686358,0.18,-0.4596387610228797
1777027903.019547,tb3,0.09858054851907724,-0.08398806095434534,0.18,-0.1846102655019466
1777027903.0532725,tb2,-0.3967441719657779,-0.6142987968038817,0.18,-0.33271390191156036
1777027903.06021,tb1,-0.21659025206138025,0.6193483752622191,0.18,-0.19540945313343325
1777027903.064641,tb7,-0.9276327476026248,0.2788303522191175,0.18,-0.4532910838649004
1777027903.069809,tb3,0.09866257092213693,-0.09307018024310648,0.18,-0.18594460824008774
1777027903.1031103,tb2,-0.40577644350494946,-0.6157556616254571,0.18,-0.3107413778393278
1777027903.1102688,tb1,-0.2090741651780829,0.6142399902604595,0.18,-0.1944336613208809
1777027903.1143513,tb7,-0.9228182904683745,0.28667486629914346,0.18,-0.4470264106164454
1777027903.1195745,tb3,0.09866072044119338,-0.10215332561976523,0.18,-0.1872847350124962
1777027903.152998,tb2,-0.40577644350494946,-0.6157556616254571,0.18,-0.3358302147935466
1777027903.1603453,tb1,-0.20160865092307972,0.6090588117780644,0.18,-0.1934897116766292
1777027903.164331,tb7,-0.9178295682807627,0.29440610606666406,0.18,-0.4409076771040582
1777027903.169498,tb3,0.098574324132963,-0.11123670786300037,0.18,-0.18858866908557212
1777027903.2031322,tb2,-0.4148224931484119,-0.6170655899096034,0.18,-0.3411399341392724
1777027903.2103472,tb1,-0.20160865092307972,0.6090588117780644,0.18,-0.1918721324493648
1777027903.2142878,tb7,-0.9126718461794749,0.3020219824554515,0.18,-0.43494122033831967
1777027903.2194886,tb3,0.09840271238740164,-0.12031952823049634,0.18,-0.18988526417479132
1777027903.2530277,tb2,-0.4238990722084119,-0.6182295497743041,0.18,-0.34465639390176994
1777027903.260186,tb1,-0.1941941259266223,0.6038057188637399,0.18,-0.19095088931579018
1777027903.2643893,tb7,-0.9126718461794749,0.3020219824554515,0.18,-0.43860948334267025
1777027903.269526,tb3,0.09814523191228075,-0.12940096029945833,0.18,-0.1911682548522071
1777027903.302959,tb2,-0.4329964728225851,-0.6192395935578667,0.18,-0.3480451118143326
1777027903.3101716,tb1,-0.18683118457307554,0.5984819167071912,0.18,-0.19013406074301725
1777027903.314303,tb7,-0.9073502597224373,0.30952065873978896,0.18,-0.43267089476969356
1777027903.319604,tb3,0.09780126685406004,-0.13848013886058266,0.18,-0.18856156414658545
1777027903.3530715,tb2,-0.4421115379674012,-0.6200932639611058,0.18,-0.3514691454230463
1777027903.3602524,tb1,-0.17951985187480027,0.5930881842347032,0.18,-0.18935033861921788
1777027903.364278,tb7,-0.9018653524691057,0.3169024285029027,0.18,-0.4258412428751878
1777027903.3695507,tb3,0.09780126685406004,-0.13848013886058266,0.18,-0.19014216042621798
1777027903.4030097,tb2,-0.45124163555643626,-0.620788594728719,0.18,-0.35494200125216163
1777027903.4103734,tb1,-0.17226050168136264,0.5876253187098985,0.18,-0.1885872736896011
1777027903.4143207,tb7,-0.8962228764577284,0.32416091325272967,0.18,-0.4191410882826925
1777027903.4196177,tb3,0.09737115817838209,-0.14755456782630078,0.18,-0.19178384033404836
1777027903.4529421,tb2,-0.46038419281295245,-0.6213236726722527,0.18,-0.3584563746294764
1777027903.4601743,tb1,-0.16505355990522735,0.5820941271338821,0.18,-0.18786219257483197
1777027903.4643447,tb7,-0.8904283740076908,0.33129430196489146,0.18,-0.41271241877429954
1777027903.469483,tb3,0.09685509557377324,-0.15662525023657065,0.18,-0.19340684276921766
1777027903.50298,tb2,-0.46953655482302775,-0.6216965212058996,0.18,-0.36200254226853534
1777027903.5102818,tb1,-0.1578994203993349,0.5764954077024742,0.18,-0.1871531139090073
1777027903.5143573,tb7,-0.8844871739605535,0.3383017012660559,0.18,-0.4065491943570909
1777027903.5196362,tb3,0.09625229435818225,-0.16569139131506327,0.18,-0.1949738516447598
1777027903.5529642,tb2,-0.478695839971417,-0.6219051766166847,0.18,-0.36559495272247855
1777027903.5602798,tb1,-0.1507984764147371,0.570829949424694,0.18,-0.18647475198999766
1777027903.5642817,tb7,-0.8784045005552641,0.3451823445401001,0.18,-0.40065291238870615
1777027903.5695493,tb3,0.09556196558779803,-0.1747521113050307,0.18,-0.19650693619441653
1777027903.6028776,tb2,-0.4878592606371761,-0.6219476464642697,0.18,-0.36920918286271137
1777027903.6101043,tb1,-0.14375111093660384,0.5650985316266243,0.18,-0.18582917863905468
1777027903.6142251,tb7,-0.8721853082922489,0.35193573404184636,0.18,-0.3949953077386611
1777027903.6195729,tb3,0.09478333993026722,-0.18380645355411324,0.18,-0.19799984306361598
1777027903.652887,tb2,-0.49702369600369023,-0.6218219874381241,0.18,-0.37287068520415606
1777027903.6601555,tb1,-0.13675769998610415,0.5593019094574453,0.18,-0.18519932010813195
1777027903.6642542,tb7,-0.8658342471543974,0.3585614066535251,0.18,-0.38953575617613195
1777027903.6695976,tb3,0.09391571866714445,-0.19285342407170397,0.18,-0.1994712966856662
1777027903.7029347,tb2,-0.49702369600369023,-0.6218219874381241,0.18,-0.3736398301208775
1777027903.7101505,tb1,-0.12981862785879,0.5534408235511691,0.18,-0.18459375666938418
1777027903.7142313,tb7,-0.8593558443693325,0.3650588487506714,0.18,-0.384252933473238
1777027903.7195592,tb3,0.09295844537591388,-0.2018920690802463,0.18,-0.20092554802446666
1777027903.7529397,tb2,-0.5061859925453032,-0.621526362455862,0.18,-0.37744674800020583
1777027903.7601793,tb1,-0.12981862785879,0.5534408235511691,0.18,-0.18276461437892555
1777027903.7642748,tb7,-0.8527544297635077,0.3714276281387748,0.18,-0.37913114570732037
1777027903.7694643,tb3,0.09191088025179454,-0.21092140671264617,0.18,-0.20236373539866054
1777027903.8029525,tb2,-0.5153418151996645,-0.6210597569062343,0.18,-0.3815515145000014
1777027903.8101492,tb1,-0.12293427908400563,0.5475160007406605,0.18,-0.18216234432251024
1777027903.81417,tb7,-0.8460344173347578,0.37766734206644376,0.18,-0.3741852059692722
1777027903.8194752,tb3,0.09077238011734247,-0.21994045979062407,0.18,-0.20377664510362214
1777027903.8530242,tb2,-0.5244890419265364,-0.6204209412333705,0.18,-0.3857210038313119
1777027903.8603637,tb1,-0.11610527072679884,0.5415287605775309,0.18,-0.18169261401788586
1777027903.8643682,tb7,-0.8460344173347578,0.37766734206644376,0.18,-0.3766855780798364
1777027903.8696349,tb3,0.09077238011734247,-0.21994045979062407,0.18,-0.2015384948286002
1777027903.9029534,tb2,-0.5336244165152836,-0.6196081483618464,0.18,-0.38992555113915567
1777027903.91019,tb1,-0.10933138267088713,0.5354796757986447,0.18,-0.18126458185974578
1777027903.9143167,tb7,-0.8391997161433749,0.38377781455762805,0.18,-0.3717661071687656
1777027903.9195056,tb3,0.08954237023808041,-0.22894815625766646,0.18,-0.20296208494384527
1777027903.952964,tb2,-0.5427446201010232,-0.6186194942588569,0.18,-0.3941306696777904
1777027903.9602654,tb1,-0.1026129580184282,0.5293694056776607,0.18,-0.18084387623268158
1777027903.9642484,tb7,-0.8322510543154892,0.38975927952123723,0.18,-0.36629860480497933
1777027903.9694924,tb3,0.08822125473425403,-0.23794212309252935,0.18,-0.20469168671567764
1777027904.0029898,tb2,-0.551845815126692,-0.6174531190753481,0.18,-0.39837581078983675
1777027904.0102475,tb1,-0.09595036522731762,0.5231986024697236,0.18,-0.1804359691400201
1777027904.0143514,tb7,-0.8251938174250885,0.39560850265803904,0.18,-0.36100840620516544
1777027904.019582,tb3,0.08680908959245946,-0.24692289180634183,0.18,-0.20641987693001249
1777027904.0530689,tb2,-0.5609242806116795,-0.616107328628818,0.18,-0.4026569749283242
1777027904.060227,tb1,-0.0893440114507187,0.5169679321513385,0.18,-0.18004060949864137
1777027904.0642748,tb7,-0.8180324606507537,0.4013253477973442,0.18,-0.35597999864142604
1777027904.0695682,tb3,0.0853051960230719,-0.2558896521744275,0.18,-0.20810486185576937
1777027904.1030462,tb2,-0.5699763139371469,-0.6145803135757401,0.18,-0.40692957147369
1777027904.1102803,tb1,-0.08279428484543426,0.5106780581024348,0.18,-0.1796560790233078
1777027904.1146002,tb7,-0.8107710359335172,0.40691027890698017,0.18,-0.35121035712040705
1777027904.1196964,tb3,0.08370882787619231,-0.2648412856397687,0.18,-0.20974228590320412
1777027904.1529794,tb2,-0.5789977333144956,-0.6128704153585551,0.18,-0.41122949926669417
1777027904.1602345,tb1,-0.07630156520891192,0.504329634613017,0.18,-0.1792887408722926
1777027904.1643207,tb7,-0.8034134607810787,0.41236372791583625,0.18,-0.3466457748199006
1777027904.1694944,tb3,0.0820192753856253,-0.2737766649818101,0.18,-0.2113559554927117
1777027904.203004,tb2,-0.5789977333144956,-0.6128704153585551,0.18,-0.41292440287072324
1777027904.2102065,tb1,-0.06986623141994623,0.49792330699096565,0.18,-0.17893340357493123
1777027904.2142801,tb7,-0.7959634199038521,0.4176861637954844,0.18,-0.34229084890036443
1777027904.2196424,tb3,0.08023587252084398,-0.2826946184996441,0.18,-0.21292509825921316
1777027904.2531087,tb2,-0.5879844324149178,-0.6109761018665893,0.18,-0.4173669406944604
1777027904.260302,tb1,-0.06986623141994623,0.49792330699096565,0.18,-0.17695277513780566
1777027904.2644436,tb7,-0.7884244239730966,0.42287800625292643,0.18,-0.3075422980370087
1777027904.2694855,tb3,0.07835799361808911,-0.29159396979921043,0.18,-0.21448242140959062
1777027904.3029459,tb2,-0.5969313518128921,-0.6088967090395363,0.18,-0.42202710518544473
1777027904.3101745,tb1,-0.06348866448178607,0.4914597218108423,0.18,-0.17660055151245818
1777027904.3142736,tb7,-0.7884244239730966,0.42287800625292643,0.18,-0.33983829573196433
1777027904.3194811,tb3,0.0763850612942881,-0.30047352015300105,0.18,-0.21601000950342777
1777027904.3530414,tb2,-0.6058352739975152,-0.606631135208739,0.18,-0.42669162172992914
1777027904.3602355,tb1,-0.05716948462904418,0.48494032741095433,0.18,-0.17640662487921321
1777027904.364411,tb7,-0.7808136800626116,0.4279381868158489,0.18,-0.33863097857404206
1777027904.369567,tb3,0.0763850612942881,-0.30047352015300105,0.18,-0.21387838284922533
1777027904.4029872,tb2,-0.6146916951092807,-0.6041779943322203,0.18,-0.4313730983656345
1777027904.410181,tb1,-0.05090826697379518,0.4783654649098221,0.18,-0.17624192820545145
1777027904.4143639,tb7,-0.7731107358850259,0.43288074801972054,0.18,-0.3340966708951604
1777027904.4195318,tb3,0.07431655040849526,-0.30933199019657603,0.18,-0.21543011909128967
1777027904.4530923,tb2,-0.6234960674307167,-0.6015359880572746,0.18,-0.4360468559630518
1777027904.4602914,tb1,-0.044705362527469136,0.47173568512455627,0.18,-0.17606913811610755
1777027904.4644053,tb7,-0.7653259962373848,0.43769158056015,0.18,-0.32948455667327675
1777027904.4695902,tb3,0.07215320704038317,-0.31816703150179915,0.18,-0.21728316540838047
1777027904.5029688,tb2,-0.6322436779812682,-0.5987038234394584,0.18,-0.44067515585516337
1777027904.5102088,tb1,-0.03856118486740514,0.4650515644033047,0.18,-0.17590398503724664
1777027904.5142863,tb7,-0.7574638952791769,0.4423702023294371,0.18,-0.32513165838686653
1777027904.5195165,tb3,0.06989476819248028,-0.3269791414309154,0.18,-0.21911019638167634
1777027904.552903,tb2,-0.6409295674804267,-0.5956803262305278,0.18,-0.445271029991077
1777027904.560158,tb1,-0.0324761403200637,0.45831368206741474,0.18,-0.17573850143466202
1777027904.5643787,tb7,-0.7495277531974807,0.4469175784560284,0.18,-0.3210196661360172
1777027904.5695028,tb3,0.0675405453863691,-0.3357671041212989,0.18,-0.2208931741054023
1777027904.6028776,tb2,-0.649548524575037,-0.5924647410019012,0.18,-0.43981301041125936
1777027904.6103182,tb1,-0.026450632320651778,0.4515226105367914,0.18,-0.1755651765998493
1777027904.6143863,tb7,-0.7415205908870691,0.451334561799065,0.18,-0.3170907974488512
1777027904.6195014,tb3,0.06508993611578809,-0.3445295678753762,0.18,-0.222649993883844
1777027904.6530223,tb2,-0.649548524575037,-0.5924647410019012,0.18,-0.4525692208336209
1777027904.6602573,tb1,-0.020485066707800616,0.4446789371329874,0.18,-0.17540362901955928
1777027904.6643028,tb7,-0.733445564888933,0.4556218774623759,0.18,-0.31335998428464384
1777027904.6695526,tb3,0.06254234974049071,-0.35326525390074803,0.18,-0.22436907272545006
1777027904.7029996,tb2,-0.6580925797516847,-0.5890598117289901,0.18,-0.45815212164520736
1777027904.7101321,tb1,-0.020485066707800616,0.4446789371329874,0.18,-0.17332856334394614
1777027904.714229,tb7,-0.725305563467539,0.45978034766068854,0.18,-0.30980934950451167
1777027904.719458,tb3,0.05989722081193972,-0.36197280882825245,0.18,-0.22607325530672964
1777027904.7530293,tb2,-0.6665636817789485,-0.5854625311973548,0.18,-0.4629726519456085
1777027904.7601726,tb1,-0.01457984579655082,0.43778325873394797,0.18,-0.17316155575117653
1777027904.7642853,tb7,-0.725305563467539,0.45978034766068854,0.18,-0.3108643934429053
1777027904.7694516,tb3,0.05715407246159388,-0.3706508341355491,0.18,-0.22776347806763306
1777027904.8029804,tb2,-0.6749528044445339,-0.5816718545277738,0.18,-0.46769971309626185
1777027904.810316,tb1,-0.008735530977722093,0.43083708857243075,0.18,-0.17317330835551809
1777027904.8143501,tb7,-0.7171032568848316,0.4638106897809835,0.18,-0.30737864658806435
1777027904.8198035,tb3,0.054312473287796516,-0.37929795290496443,0.18,-0.21434377308082006
1777027904.8529623,tb2,-0.6832542136235181,-0.5776875890829035,0.18,-0.47239458670905354
1777027904.8601692,tb1,-0.0029516443626941453,0.4238406120707723,0.18,-0.17320396819714193
1777027904.864276,tb7,-0.7088391259030866,0.4677134079194035,0.18000000000000002,-0.3035727031083734
1777027904.8695245,tb3,0.054312473287796516,-0.37929795290496443,0.18,-0.22745416936355878
1777027904.902964,tb2,-0.6914624362746549,-0.5735096866379286,0.18,-0.47701963249032764
1777027904.9105556,tb1,0.0027714517526047358,0.4167943130157867,0.18,-0.1731959243489574
1777027904.9143584,tb7,-0.7005172195943884,0.4714873443020408,0.18,-0.2999087855123219
1777027904.919544,tb3,0.051377054626602615,-0.38790779864542996,0.18,-0.23050204514086373
1777027904.953023,tb2,-0.6995718194342343,-0.5691382690583677,0.18,-0.48158523212076965
1777027904.9603195,tb1,0.008433321432874074,0.4096987102966801,0.18,-0.17320836041963528
1777027904.9643033,tb7,-0.6921404471210394,0.4751332124054916,0.18,-0.2964423556439536
1777027904.9696038,tb3,0.04834470752561944,-0.3964899789721419,0.18,-0.23252506502647777
1777027905.0029101,tb2,-0.7075766718346659,-0.5645735991919292,0.18,-0.4860408188705304
1777027905.010435,tb1,0.0140335314923959,0.4025543429237698,0.18,-0.17320025261522443
1777027905.0143135,tb7,-0.6837114243632924,0.4786519815873939,0.18,-0.293161903726949
1777027905.0195515,tb3,0.045213650543263914,-0.405038144889783,0.18,-0.23442602099519957
1777027905.0534759,tb2,-0.7154710776306463,-0.5598162490002597,0.18,-0.4904563636311298
1777027905.0602658,tb1,0.019571661067201818,0.395361743153504,0.18,-0.17319928248880206
1777027905.064772,tb7,-0.6752326103609861,0.48204459261124394,0.18,-0.2900472179138276
1777027905.069911,tb3,0.041983307487552676,-0.41355031827590955,0.18,-0.23628162381128662
1777027905.1029038,tb2,-0.7232491702868276,-0.5548670270692619,0.18,-0.49468322334475856
1777027905.1102722,tb1,0.025047293813406386,0.3881214546711675,0.18,-0.17318781885610138
1777027905.114281,tb7,-0.6667064545928473,0.4853119118738821,0.18,-0.2870790946643873
1777027905.1195338,tb3,0.0386531837049618,-0.42202498763369367,0.17999999999999997,-0.23813887781192059
1777027905.1529438,tb2,-0.7309050503315299,-0.5497268605963396,0.18,-0.4808126040737338
1777027905.160295,tb1,0.03046001989688896,0.38083402294425456,0.18,-0.1731742543805581
1777027905.1642716,tb7,-0.6581352814750563,0.48845482432677667,0.18,-0.2842609660848108
1777027905.169564,tb3,0.035222837827106564,-0.4304605754555021,0.18,-0.23996662828547874
1777027905.2030826,tb2,-0.7309050503315299,-0.5497268605963396,0.18,-0.5028340550300974
1777027905.2101867,tb1,0.035809436470132766,0.3735000003725189,0.18,-0.17316467529447852
1777027905.214455,tb7,-0.6495213623432667,0.49147418758204675,0.18,-0.28157704140923634
1777027905.2195144,tb3,0.031691835988504,-0.4388555481642621,0.18000000000000002,-0.2417710358905929
1777027905.2529695,tb2,-0.7384290082584842,-0.544404284765292,0.18,-0.5085434493002521
1777027905.2602804,tb1,0.035809436470132766,0.3735000003725189,0.18,-0.17098578197869743
1777027905.264208,tb7,-0.6408668088724443,0.49437081436086733,0.18,-0.2684754957141613
1777027905.2694557,tb3,0.028059800503676135,-0.44720829768553827,0.17999999999999997,-0.24357614743985243
1777027905.3030546,tb2,-0.745827015036621,-0.5388921588352755,0.18,-0.5124677781703655
1777027905.3103304,tb1,0.04109514835486397,0.3661199391717013,0.18,-0.1709659366230261
1777027905.3143806,tb7,-0.6408668088724443,0.49437081436086733,0.18,-0.27934353270653534
1777027905.3195367,tb3,0.0243264268518166,-0.4555172053030136,0.18000000000000002,-0.24537725022649667
1777027905.3529456,tb2,-0.7530850622838897,-0.5331928175280716,0.18,-0.5160581503887126
1777027905.3602238,tb1,0.046316623412670795,0.3586954862917031,0.18,-0.17115702294132706
1777027905.3643072,tb7,-0.6321786405285602,0.49714630029109164,0.17999999999999997,-0.27783367651471685
1777027905.3695674,tb3,0.0243264268518166,-0.4555172053030136,0.18,-0.24355303218622248
1777027905.4029837,tb2,-0.760196430476555,-0.5273085184543665,0.18,-0.5194811667440721
1777027905.410328,tb1,0.051474441200423805,0.35122666138100406,0.18,-0.17134549481960515
1777027905.4143245,tb7,-0.623448942431692,0.49980365487386796,0.17999999999999997,-0.27512030944849525
1777027905.4195266,tb3,0.020491414296936707,-0.4637806723866853,0.18,-0.24538576622356664
1777027905.4529521,tb2,-0.7671550615527377,-0.5212417194825215,0.18,-0.522707531773449
1777027905.4601333,tb1,0.05656822585117314,0.3437139059934043,0.18,-0.17153028298619866
1777027905.4642742,tb7,-0.6146839252498008,0.5023390220352301,0.18,-0.2724207151824411
1777027905.4695783,tb3,0.016555989426641174,-0.4719960319444628,0.18,-0.24755480992267948
1777027905.5030386,tb2,-0.773955041353734,-0.5149950602170191,0.18,-0.5257241743861114
1777027905.510223,tb1,0.06159752401495204,0.33615771235379266,0.18,-0.17168701839701828
1777027905.5142832,tb7,-0.60588614377599,0.5047529310313996,0.18,-0.2698677945549886
1777027905.5196013,tb3,0.012519875719524958,-0.4801634832815201,0.18,-0.24971763965875876
1777027905.552953,tb2,-0.7805903806929966,-0.5085717106441425,0.18,-0.5285324134584338
1777027905.5602574,tb1,0.0665618783694755,0.32855859772349666,0.18,-0.17183549225444458
1777027905.564376,tb7,-0.5970574825121187,0.5070463483730137,0.18,-0.2674307005243394
1777027905.5696871,tb3,0.008382688593363373,-0.4882813598455719,0.18,-0.25186260454056625
1777027905.6029787,tb2,-0.7870554014533034,-0.5019750151356727,0.18,-0.5311340234108001
1777027905.6101348,tb1,0.0714608544663029,0.32091708406605657,0.18,-0.1719827986908827
1777027905.6142514,tb7,-0.5881998227858285,0.5092201052796187,0.18,-0.2650982894412076
1777027905.61952,tb3,0.004144111486281585,-0.49634791872852985,0.18000000000000002,-0.2540049406785202
1777027905.6529503,tb2,-0.7933444909948144,-0.49520856463752083,0.18000000000000002,-0.5334894469430012
1777027905.6601467,tb1,0.0762940265897465,0.3132336933850762,0.18,-0.17211714415362306
1777027905.664362,tb7,-0.5793150680778228,0.5112750240288334,0.18000000000000002,-0.26287622130256877
1777027905.6695695,tb3,-0.00019618445563694865,-0.5043614293657721,0.18000000000000002,-0.25612093511932876
1777027905.7030094,tb2,-0.7933444909948144,-0.49520856463752083,0.18000000000000002,-0.5384970501685554
1777027905.710164,tb1,0.08106097171815901,0.30550896074430617,0.18,-0.17224696382203847
1777027905.7143314,tb7,-0.570404963196389,0.5132119323204564,0.18,-0.26074589434933393
1777027905.7196305,tb3,-0.004638456982761088,-0.5123200419083395,0.18,-0.258230739075335
1777027905.753013,tb2,-0.7994521505328132,-0.48827633265461917,0.18000000000000002,-0.5406924441157098
1777027905.760227,tb1,0.08106097171815901,0.30550896074430617,0.18,-0.17001391939902316
1777027905.7643127,tb7,-0.570404963196389,0.5132119323204564,0.18,-0.2605899780002745
1777027905.769482,tb3,-0.00918302454530946,-0.5202219762803324,0.18,-0.2603286507759859
1777027905.8029232,tb2,-0.805373378176411,-0.48118093760121017,0.18,-0.5422834632834186
1777027905.8102028,tb1,0.08576124912203648,0.29774347433415826,0.18,-0.17015093833336628
1777027905.8143027,tb7,-0.5614713526972496,0.5150316582281663,0.18,-0.25851109231875785
1777027905.8193946,tb3,-0.013830087264605457,-0.5280652978677033,0.18,-0.26242051099439956
1777027905.85304,tb2,-0.8111014842235913,-0.4739274952110983,0.18,-0.5436102237609137
1777027905.860181,tb1,0.09039450240334176,0.2899388936725111,0.18,-0.1704952994229618
1777027905.8642592,tb7,-0.5525149995856772,0.516734747370229,0.18,-0.2563312624407822
1777027905.8698466,tb3,-0.013830087264605457,-0.5280652978677033,0.18,-0.26080270872640887
1777027905.9030106,tb2,-0.8166314036122474,-0.46652094953822315,0.17999999999999997,-0.5446559600486238
1777027905.9102275,tb1,0.09496124927208056,0.28209511963418443,0.18,-0.17083373568063745
1777027905.9144323,tb7,-0.5435382839898186,0.5183213324555909,0.18000000000000002,-0.2542287476380865
1777027905.9196804,tb3,-0.018579709398221535,-0.5358480840668262,0.18,-0.26294138645992093
1777027905.9531136,tb2,-0.8219584147770564,-0.4589664354730971,0.18,-0.5454397882197112
1777027905.960206,tb1,0.09946108748395498,0.2742125794376447,0.18,-0.17115402164183247
1777027905.9644024,tb7,-0.534542944836624,0.5197921872834921,0.18000000000000002,-0.252221463619753
1777027905.9696794,tb3,-0.02343041872087757,-0.5435675888878045,0.18,-0.2654227115776599
1777027906.003055,tb2,-0.8270780435792315,-0.45126930701642204,0.18,-0.5459221071944077
1777027906.0102172,tb1,0.10389354058322386,0.266291760309721,0.18,-0.17145393245014595
1777027906.014378,tb7,-0.5255306260274708,0.521148148229519,0.18,-0.25031070955393814
1777027906.0194964,tb3,-0.028382474676041665,-0.551223795308301,0.18,-0.26790717595175745
1777027906.0530722,tb2,-0.8319860455023766,-0.4434351718579013,0.17999999999999997,-0.5461274452290559
1777027906.0603137,tb1,0.10825813233285912,0.258333167758957,0.18,-0.17173467196828857
1777027906.0644224,tb7,-0.5165029029095932,0.522390071966172,0.18,-0.2484908000433061
1777027906.0695245,tb3,-0.03343615769780979,-0.5588148009312379,0.17999999999999997,-0.27035769901218
1777027906.1029515,tb2,-0.8366784722302094,-0.4354698650819501,0.18,-0.5460336078236527
1777027906.1101198,tb1,0.11255439930353293,0.25033731677110344,0.18,-0.1720162845350574
1777027906.1143572,tb7,-0.5074612727494273,0.5235187902006454,0.18,-0.2467504163111504
1777027906.119539,tb3,-0.03859168558805896,-0.5663385390324901,0.18000000000000002,-0.2727815819178439
1777027906.1530025,tb2,-0.8411516835624199,-0.4273794251077672,0.18,-0.5456766035172115
1777027906.1602542,tb1,0.11678189167109293,0.242304740688754,0.18,-0.1722751001963641
1777027906.1643882,tb7,-0.49840716281282665,0.5245350617281187,0.18,-0.24506893892700646
1777027906.1695828,tb3,-0.04384909853303971,-0.5737928290255283,0.18,-0.27520801350412
1777027906.2030926,tb2,-0.8411516835624199,-0.4273794251077672,0.18,-0.5511813579769981
1777027906.2102191,tb1,0.12094017220711306,0.23423596801625468,0.18,-0.17253506727004034
1777027906.2142923,tb7,-0.4893420693577409,0.525439618248064,0.18,-0.24345412696358132
1777027906.2195222,tb3,-0.04920850946165251,-0.5811756571128376,0.18,-0.2776232499991842
1777027906.2530346,tb2,-0.8454023830582991,-0.41917001060117576,0.18,-0.5505334629365605
1777027906.260576,tb1,0.12502881013865777,0.2261315372617308,0.18,-0.15405234083822344
1777027906.2641978,tb7,-0.4802674099889337,0.5262332026358442,0.18,-0.24190022643416348
1777027906.269457,tb3,-0.0546699183251638,-0.5884848436689736,0.18000000000000002,-0.2800419523028856
1777027906.303094,tb2,-0.8494273403957627,-0.41084495912680535,0.18,-0.5489804870483557
1777027906.3102548,tb1,0.12502881013865777,0.2261315372617308,0.18,-0.17052657503748453
1777027906.314259,tb7,-0.4802674099889337,0.5262332026358442,0.18,-0.2412305769685616
1777027906.3194363,tb3,-0.06023322740963945,-0.5957182210262644,0.18,-0.2824664920411178
1777027906.3531015,tb2,-0.8532213856970656,-0.40241260547587504,0.18,-0.5471169620168806
1777027906.3602707,tb1,0.12904770735592958,0.21800050110844446,0.18,-0.1723384268207931
1777027906.364325,tb7,-0.4711845255354942,0.5269165015226923,0.18,-0.23966210903548127
1777027906.3695405,tb3,-0.06023322740963945,-0.5957182210262644,0.18,-0.2811449363294181
1777027906.4030054,tb2,-0.8567820994089475,-0.39387995725826,0.18000000000000002,-0.5450133794102667
1777027906.4101346,tb1,0.13300270783720075,0.20983086780745772,0.18,-0.1728097155519354
1777027906.4143062,tb7,-0.4620944904165056,0.5274900269916388,0.18,-0.2380853311038286
1777027906.4195378,tb3,-0.065898357609112,-0.6028736418851413,0.18,-0.28362128668712094
1777027906.4529543,tb2,-0.8601076244190454,-0.385254014357355,0.18,-0.5427034197137388
1777027906.4601588,tb1,0.13688772318003195,0.20162689718986415,0.18,-0.17314374923572262
1777027906.464383,tb7,-0.4529990099562141,0.5279542901558492,0.18,-0.23656657058190594
1777027906.469576,tb3,-0.0716635175220902,-0.6099482796811992,0.18000000000000002,-0.2864328632973657
1777027906.503062,tb2,-0.8631965257785646,-0.37654160037876416,0.18,-0.5401746619441752
1777027906.5102415,tb1,0.14070182676961696,0.19338950060482257,0.18,-0.1734617870909662
1777027906.514341,tb7,-0.4438993819926955,0.5283100416839642,0.18,-0.23510077906486046
1777027906.5196743,tb3,-0.07752889422427048,-0.6169416259065763,0.18,-0.28926040357170124
1777027906.5529616,tb2,-0.8660475914324839,-0.36774976086729916,0.18,-0.537415196804207
1777027906.5602372,tb1,0.14444455570903814,0.18511924942943717,0.18,-0.17377925355207482
1777027906.5644007,tb7,-0.43479693262966485,0.5285580055715862,0.18,-0.23368906088032068
1777027906.5697103,tb3,-0.08349450941229636,-0.6238515633030595,0.18,-0.2920620126595219
1777027906.6035416,tb2,-0.8686600805287841,-0.358885601080387,0.18,-0.5229238614641195
1777027906.61023,tb1,0.14811547178505544,0.17681668637374906,0.18,-0.1740925697606798
1777027906.6144152,tb7,-0.4256929588834919,0.5286989461609923,0.18,-0.2323380065131543
1777027906.6195889,tb3,-0.08956034546900984,-0.630675684143266,0.18000000000000002,-0.2948335101738563
1777027906.65304,tb2,-0.8686600805287841,-0.358885601080387,0.18,-0.5399021094766646
1777027906.660299,tb1,0.14811547178505544,0.17681668637374906,0.18,-0.17182406780006027
1777027906.6647704,tb7,-0.41658869880680877,0.5287336466357556,0.18,-0.22746864743224848
1777027906.66948,tb3,-0.09572632926465786,-0.6374114821427066,0.18,-0.29756835554556754
1777027906.7030947,tb2,-0.8710350425118719,-0.34996049193007317,0.18,-0.537701618381911
1777027906.710264,tb1,0.1517141331360612,0.16848236961043883,0.18,-0.17213600807805504
1777027906.7143116,tb7,-0.41658869880680877,0.5287336466357556,0.18,-0.230072026223168
1777027906.7195408,tb3,-0.10199226406261482,-0.6440563972063508,0.18,-0.30029107603930816
1777027906.7531178,tb2,-0.8731723614221336,-0.34096932315412415,0.18,-0.533509312516834
1777027906.7602983,tb1,0.15524022585704053,0.1601181529238301,0.18,-0.17268518363403385
1777027906.764367,tb7,-0.4074868239287116,0.5286636514280071,0.18,-0.22912232512307795
1777027906.7695699,tb3,-0.10199226406261482,-0.6440563972063508,0.18,-0.2992536874429024
1777027906.8029964,tb2,-0.8750667985049031,-0.33192529715969044,0.18,-0.5290607052160975
1777027906.8103294,tb1,0.1586943085166094,0.15172374604366548,0.18,-0.173234704037898
1777027906.814462,tb7,-0.39838538225601206,0.5284894696073958,0.18,-0.2278530953579439
1777027906.8196115,tb3,-0.10835765564692876,-0.6506078668820552,0.18,-0.3020512268972496
1777027906.8529618,tb2,-0.8767188209003087,-0.32283601741557755,0.18,-0.5245331369042265
1777027906.8601797,tb1,0.16207593177771734,0.1432996017290268,0.18,-0.1737738711575066
1777027906.864257,tb7,-0.3892870424300734,0.5282109281222442,0.18,-0.22660033063797275
1777027906.8694758,tb3,-0.11482042079730886,-0.6570631058301462,0.18,-0.3051820708884656
1777027906.903041,tb2,-0.8781296030571009,-0.3137084601338069,0.18,-0.5199537612459708
1777027906.910262,tb1,0.16538458657478597,0.13484623788916295,0.18,-0.17428508824617675
1777027906.9142907,tb7,-0.38019309370975984,0.5278286716361664,0.18,-0.2253812828760093
1777027906.9195693,tb3,-0.12138069179124217,-0.6634212292110001,0.18,-0.30832291894479635
1777027906.9529738,tb2,-0.8793005103593011,-0.3045491399749672,0.18,-0.5152478118829293
1777027906.9601693,tb1,0.16861976131511747,0.12636421826706282,0.18,-0.1747946787180026
1777027906.964273,tb7,-0.3711046400648523,0.5273433789164698,0.18,-0.22419411627737657
1777027906.9695468,tb3,-0.12803807611389284,-0.6696797280637943,0.18,-0.3114717776903169
1777027907.0029936,tb2,-0.8802330984232876,-0.2953648012907551,0.18,-0.5104835417994873
1777027907.0104313,tb1,0.17178097532398187,0.11785409337675071,0.18,-0.17528013637813789
1777027907.01423,tb7,-0.36202281600019526,0.5267557143379082,0.18,-0.22304135334881794
1777027907.0195408,tb3,-0.13479212705994809,-0.6758360397060872,0.18,-0.31461874688838065
1777027907.0536084,tb2,-0.8809291689354798,-0.28616173271786177,0.18,-0.5056855025368026
1777027907.0602038,tb1,0.17486775013705783,0.10931644043360021,0.18,-0.17578481352255645
1777027907.0645978,tb7,-0.3529486931487945,0.5260663361749552,0.18,-0.22190578347154263
1777027907.0698633,tb3,-0.14164225215170279,-0.6818874840632498,0.18,-0.31777645157221684
1777027907.1029744,tb2,-0.8813907329691263,-0.2769462466282795,0.18,-0.5006948848134879
1777027907.1101925,tb1,0.17787962257243983,0.10075181679808368,0.18,-0.17627576410982823
1777027907.1143677,tb7,-0.34388336982018886,0.5252759012784676,0.18,-0.22081571970172734
1777027907.1195047,tb3,-0.14858786080127637,-0.6878314387608139,0.18,-0.3209534065716288
1777027907.1530542,tb2,-0.8813907329691263,-0.2769462466282795,0.18,-0.5055157655131687
1777027907.1600914,tb1,0.18081612234265312,0.09216081026027842,0.18,-0.1767709039945643
1777027907.164309,tb7,-0.33482790839232257,0.5243850807674306,0.18,-0.21975255626467027
1777027907.1695032,tb3,-0.1556283065135169,-0.6936651984525674,0.18,-0.3241324518642616
1777027907.2029822,tb2,-0.8816200480514148,-0.2677244160284101,0.18,-0.5004322285228043
1777027907.2101297,tb1,0.18367678546977162,0.08354399310863156,0.18,-0.1772604872205641
1777027907.214641,tb7,-0.3257833430187293,0.5233945387799455,0.18,-0.21870944994976835
1777027907.2195597,tb3,-0.16276285290279946,-0.6993859958444951,0.18,-0.3273290842413966
1777027907.2530737,tb2,-0.8816172522172282,-0.25849802698666335,0.18,-0.494331988381005
1777027907.26028,tb1,0.18367678546977162,0.08354399310863156,0.18,-0.1750073603619076
1777027907.2649484,tb7,-0.3257833430187293,0.5233945387799455,0.18,-0.21737208100664268
1777027907.2696342,tb3,-0.16276285290279946,-0.6993859958444951,0.18,-0.32675343564436826
1777027907.3030093,tb2,-0.8813828419290648,-0.24927736778303664,0.18,-0.4882389763618284
1777027907.3101318,tb1,0.18646112434920736,0.07490209391950581,0.18,-0.1755376605281444
1777027907.3142583,tb7,-0.3167507314525289,0.5223049417970328,0.18,-0.2163604203591391
1777027907.319492,tb3,-0.16999072060305526,-0.7049910384043856,0.18,-0.3300227354353018
1777027907.352929,tb2,-0.8809202132249848,-0.2400684015900974,0.18,-0.48223913565092674
1777027907.3601475,tb1,0.1891691241089587,0.06623683305207702,0.18,-0.1762855219689724
1777027907.364268,tb7,-0.3077311965546467,0.5211170784383988,0.18,-0.2153925517718976
1777027907.3695612,tb3,-0.17730931310768377,-0.7104771978933176,0.18,-0.3336313654910946
1777027907.4030032,tb2,-0.8802328542556362,-0.23087630707476076,0.18,-0.47629827244920514
1777027907.4102705,tb1,0.19180109795419686,0.057547893365764984,0.18,-0.17702901733402895
1777027907.4143384,tb7,-0.2987255326011427,0.5198316322547673,0.18,-0.21444579873074462
1777027907.4195147,tb3,-0.18471829120403344,-0.715843275038593,0.18,-0.337282786342903
1777027907.452967,tb2,-0.879324276640703,-0.22170639313383558,0.18,-0.4704259332601475
1777027907.4601965,tb1,0.1943565462937501,0.04883574960045883,0.18,-0.17776276357983134
1777027907.4642954,tb7,-0.2897347199242896,0.5184492384688325,0.18,-0.21352659894191264
1777027907.469541,tb3,-0.1922168780705059,-0.7210865699548883,0.18,-0.34092195282383997
1777027907.5029242,tb2,-0.8781981988495261,-0.21256362337028792,0.18,-0.46464045993848135
1777027907.5101964,tb1,0.19683489678308455,0.04010098201079105,0.18,-0.17847891045178327
1777027907.514468,tb7,-0.2807597117284263,0.516970539019554,0.18,-0.21262453198337325
1777027907.5195696,tb3,-0.19980407371103587,-0.7262040217495807,0.18,-0.34455939127500157
1777027907.5530186,tb2,-0.8768582369321675,-0.2034524821936177,0.18,-0.45889961686500236
1777027907.560213,tb1,0.1992355968679908,0.03134420382994818,0.18,-0.17918776023723912
1777027907.564429,tb7,-0.2718014321384775,0.5153961595747145,0.18,-0.21174765874132545
1777027907.5696516,tb3,-0.20747870117324813,-0.7311925660284386,0.18,-0.3482164631889865
1777027907.6028805,tb2,-0.8753081236456565,-0.19437760774885252,0.18,-0.4532088555979468
1777027907.6101556,tb1,0.20155811517950323,0.02256600291342563,0.18,-0.17989277964165545
1777027907.6142192,tb7,-0.26286082457739685,0.5137267270002237,0.18,-0.21089805304603884
1777027907.6194873,tb3,-0.21523958475778981,-0.7360492170367107,0.18,-0.3518860755239018
1777027907.6530602,tb2,-0.8735516845332751,-0.1853432612287517,0.18,-0.447612460001687
1777027907.6602235,tb1,0.20380191380937612,0.01376699175796794,0.18,-0.1805879066550179
1777027907.664392,tb7,-0.25393879154009813,0.5119628626040159,0.18,-0.2100557831203409
1777027907.6694775,tb3,-0.22308538497141447,-0.7407708956492942,0.18,-0.35557851658329737
1777027907.7029364,tb2,-0.8735516845332751,-0.1853432612287517,0.18,-0.45145073624143184
1777027907.7101724,tb1,0.20596646520780845,0.004947803412763024,0.18,-0.18128845264058877
1777027907.7145321,tb7,-0.24503624326509835,0.5101051890873481,0.18,-0.20923524743199867
1777027907.7195237,tb3,-0.23101471632707082,-0.7453545376720829,0.18,-0.3592922719490256
1777027907.7529302,tb2,-0.871592653856921,-0.17635339494490881,0.18,-0.44578070080991683
1777027907.7601867,tb1,0.20596646520780845,0.004947803412763024,0.18,-0.17908251864238037
1777027907.7641861,tb7,-0.23615404887190652,0.5081543081040829,0.18,-0.20844709497834543
1777027907.7694728,tb3,-0.2390259891021556,-0.749797039453308,0.18,-0.36305120201613456
1777027907.802985,tb2,-0.8694317779860697,-0.16740865151276016,0.18,-0.43925596212292245
1777027907.8101292,tb1,0.2080512573077782,-0.0038909208383635773,0.18,-0.17979383874384852
1777027907.8143294,tb7,-0.2272931111535631,0.5061108517328958,0.18,-0.20766253319412759
1777027907.819463,tb3,-0.2471176873797423,-0.7540953157112263,0.18,-0.3668304646214281
1777027907.8531005,tb2,-0.8670718975821442,-0.1585171345037713,0.18,-0.432796239486663
1777027907.8603377,tb1,0.21005614947878337,-0.012747148516130648,0.18,-0.18076366821095224
1777027907.8644538,tb7,-0.2272931111535631,0.5061108517328958,0.18,-0.20602555727623553
1777027907.8698676,tb3,-0.25528793591126325,-0.7582462237809786,0.18,-0.3562806612599032
1777027907.9030328,tb2,-0.8645172950231865,-0.14968281162913172,0.18,-0.4264849510235053
1777027907.9103572,tb1,0.21198156282336064,-0.021621358701515464,0.18,-0.18174513826184188
1777027907.9146855,tb7,-0.21845429510047748,0.5039754175426758,0.18,-0.20523480687470647
1777027907.9195836,tb3,-0.25528793591126325,-0.7582462237809786,0.18,-0.37093937524601817
1777027907.9529305,tb2,-0.8617725739888727,-0.140909244280328,0.18,-0.42040367483960367
1777027907.9602726,tb1,0.21382694230952165,-0.03051307303979947,0.18,-0.18270014004607354
1777027907.964242,tb7,-0.20963878882915807,0.5017489321058961,0.18,-0.20457416193650418
1777027907.9695323,tb3,-0.2635287921162005,-0.7622470921380795,0.18,-0.3760323247823492
1777027908.0030158,tb2,-0.8588422747506829,-0.1321991282003667,0.18,-0.41451273008759937
1777027908.0102732,tb1,0.21559161918211223,-0.03942164416174673,0.18,-0.18363654252104214
1777027908.0143757,tb7,-0.20084697230546236,0.4994321051229716,0.18,-0.20391430265304722
1777027908.0196104,tb3,-0.27184685344118203,-0.7660991663562711,0.18,-0.3802990409500335
1777027908.05297,tb2,-0.8557306852427231,-0.12355519129619062,0.18,-0.4087572553801772
1777027908.0601602,tb1,0.2172749643771815,-0.048346407794314664,0.18,-0.18456719386517034
1777027908.0645018,tb7,-0.19207964521470272,0.4970255156118389,0.18,-0.20326798799037538
1777027908.069524,tb3,-0.28023788332592287,-0.7697957532541733,0.18,-0.3844864633192625
1777027908.1029987,tb2,-0.8524420543743221,-0.1149801119138754,0.18,-0.4031519463920724
1777027908.1103299,tb1,0.21887636903788116,-0.05728670553863523,0.18,-0.18547658687634958
1777027908.11444,tb7,-0.18333761802007226,0.4945297384677148,0.18,-0.20264002215278276
1777027908.1196692,tb3,-0.2886994353376735,-0.7733331510557687,0.18,-0.38870409702747655
1777027908.1530797,tb2,-0.8524420543743221,-0.1149801119138754,0.18,-0.4061704056189474
1777027908.1602395,tb1,0.22039522363008524,-0.06624186475671763,0.18,-0.18639054656579193
1777027908.1644123,tb7,-0.17462170823435996,0.49194535241117976,0.18,-0.20202543181920424
1777027908.1695814,tb3,-0.2972293962725173,-0.7767080828195434,0.18,-0.39292378368308395
1777027908.2030177,tb2,-0.8489806265439527,-0.10647637371761356,0.18,-0.40060824479444035
1777027908.2102537,tb1,0.22039522363008524,-0.06624186475671763,0.18,-0.18424075562510148
1777027908.2145734,tb7,-0.1659327267494662,0.48927295990092756,0.18,-0.19734070776613247
1777027908.2195668,tb3,-0.3058255283309356,-0.7799171052460044,0.18,-0.39714145267992546
1777027908.2529516,tb2,-0.8453476397055227,-0.09804393298581243,0.18,-0.3944291667507133
1777027908.260208,tb1,0.2218309032840617,-0.07521123154567871,0.18,-0.1851515644799367
1777027908.2644541,tb7,-0.1659327267494662,0.48927295990092756,0.18,-0.19964279530049983
1777027908.2695694,tb3,-0.31448533421781366,-0.782956726959207,0.18,-0.39612457650963273
1777027908.303024,tb2,-0.8415468550469077,-0.08968882938861068,0.18,-0.3884069159972453
1777027908.310301,tb1,0.2231833037478385,-0.08419264910208994,0.18,-0.18633058607212055
1777027908.3144195,tb7,-0.15727279907709849,0.4865144776821734,0.18,-0.19941493460566
1777027908.3197055,tb3,-0.31448533421781366,-0.782956726959207,0.18,-0.40230246786614166
1777027908.3530333,tb2,-0.8375828850278264,-0.08141343046008928,0.18,-0.382636728296001
1777027908.360236,tb1,0.224452716899384,-0.09318667840964744,0.18,-0.18750761942474958
1777027908.3644168,tb7,-0.14863986570313514,0.4836698773806616,0.18,-0.1989475573178887
1777027908.3695772,tb3,-0.3232038188861895,-0.7858240392695602,0.18,-0.4070801604100377
1777027908.4030445,tb2,-0.8334603701445058,-0.0732194100160957,0.18,-0.377131075255797
1777027908.4101484,tb1,0.22563844887657025,-0.10219277195675981,0.18,-0.18865125548330702
1777027908.414347,tb7,-0.1400358807253921,0.4807393823647667,0.18,-0.19847042913993707
1777027908.4194744,tb3,-0.3319809023929829,-0.7885172594702469,0.18,-0.41167819242606873
1777027908.452954,tb2,-0.8291835020629498,-0.06510800884485003,0.18,-0.37179980045769206
1777027908.4602702,tb1,0.22673974159521765,-0.11121016711537503,0.18,-0.1897665764709501
1777027908.4644365,tb7,-0.13146169765332355,0.47772351773679417,0.18,-0.19799354495285898
1777027908.4695368,tb3,-0.3408131281530403,-0.7910322255333392,0.18,-0.41627276528099105
1777027908.502937,tb2,-0.8247563171877745,-0.05708069080980517,0.18,-0.36663562393533394
1777027908.5101469,tb1,0.22775591866369352,-0.12023808893722586,0.18,-0.19088489239476306
1777027908.5143816,tb7,-0.12291807619744523,0.4746228097289687,0.18,-0.19752877753379394
1777027908.5195298,tb3,-0.3496973753782691,-0.7933655189787369,0.18,-0.42088221720092994
1777027908.552873,tb2,-0.8201828051837325,-0.04913884045010932,0.18,-0.3616321712183035
1777027908.5600953,tb1,0.22868632198602448,-0.12927581720027434,0.18,-0.19199000745453565
1777027908.564251,tb7,-0.11440577328111712,0.47143779007785114,0.18,-0.1970758212271304
1777027908.569472,tb3,-0.3586305382141167,-0.7955138035505241,0.18,-0.42549020167905904
1777027908.6029878,tb2,-0.8201828051837325,-0.04913884045010932,0.18,-0.36385171043585096
1777027908.6101174,tb1,0.22953030851948134,-0.13832255351743875,0.18,-0.1930914250756851
1777027908.6143513,tb7,-0.1059255257626415,0.46816898126177997,0.18,-0.19662179453365547
1777027908.6195242,tb3,-0.3676090923641445,-0.7974737884822816,0.18,-0.4301377699732119
1777027908.653137,tb2,-0.8154666462706539,-0.04128364047197282,0.18,-0.3588854227440095
1777027908.6601944,tb1,0.22953030851948134,-0.13832255351743875,0.18,-0.19101455880998072
1777027908.6646962,tb7,-0.09747807875387172,0.4648169137911051,0.18,-0.18123174588646146
1777027908.6695447,tb3,-0.37662964577755903,-0.7992422802856192,0.18,-0.434796135265398
1777027908.7029774,tb2,-0.8106085249624326,-0.033514790736394594,0.18,-0.35336823673945533
1777027908.710262,tb1,0.23028725838141736,-0.1473774948089176,0.18,-0.19213216396765878
1777027908.7144465,tb7,-0.09747807875387172,0.4648169137911051,0.18,-0.1942535450330338
1777027908.7195477,tb3,-0.37662964577755903,-0.7992422802856192,0.18,-0.436525655317704
1777027908.7529972,tb2,-0.805612680879685,-0.02583689481068146,0.18,-0.34804322988158914
1777027908.760201,tb1,0.23095719751483113,-0.15643850354840558,0.18,-0.19352587202623953
1777027908.7643726,tb7,-0.08906846948759488,0.46138738577567434,0.18,-0.1951090802997622
1777027908.7696638,tb3,-0.3856886732815784,-0.8008159533441895,0.18,-0.44127899737261006
1777027908.803089,tb2,-0.8004831237339575,-0.018250862209654845,0.18,-0.34293381182406235
1777027908.8102114,tb1,0.23154024819852104,-0.16550612490674155,0.18,-0.19491082654036804
1777027908.8143792,tb7,-0.08068687690150755,0.45787653789069455,0.18,-0.19480977870583155
1777027908.8196287,tb3,-0.3947809979578773,-0.8021920986965478,0.18,-0.44627609458081413
1777027908.8529313,tb2,-0.7952236990629096,-0.01075743210839219,0.18,-0.33801663808134147
1777027908.860148,tb1,0.23203567998441896,-0.17457961720733903,0.18,-0.19628070572066375
1777027908.86425,tb7,-0.07233963564138865,0.4542841003618436,0.18,-0.19442540541554584
1777027908.8694837,tb3,-0.40390363862305184,-0.8033684016373079,0.18,-0.45127198568548405
1777027908.9029481,tb2,-0.789838158879994,-0.003357228643969633,0.18,-0.33330079262791457
1777027908.910129,tb1,0.2324427495548654,-0.18365819576793777,0.18,-0.197626467737627
1777027908.9142423,tb7,-0.06402793762031757,0.4506105767858799,0.18,-0.19404124312634977
1777027908.9195344,tb3,-0.4130526759399076,-0.8043417914629439,0.18,-0.4562274740366574
1777027908.9530587,tb2,-0.7843298673890345,0.003949321467886724,0.17999999999999997,-0.32871874526386075
1777027908.960145,tb1,0.2327607311145121,-0.19274095251526438,0.18,-0.19896576767107693
1777027908.9642842,tb7,-0.05575250943509191,0.44685648635996517,0.18,-0.19366505573423334
1777027908.9694731,tb3,-0.4222236227957492,-0.8051091335383009,0.18,-0.4611641150356917
1777027909.003056,tb2,-0.7787022306314705,0.011161562350795953,0.18,-0.32427420542191493
1777027909.010607,tb1,0.23298893775042903,-0.20182705806338117,0.18,-0.2002787346564987
1777027909.0142624,tb7,-0.04751406271425871,0.44302235622642305,0.18,-0.1933052312740172
1777027909.0194767,tb3,-0.43141201157478903,-0.8056675436856083,0.18,-0.4660762517457572
1777027909.0534236,tb2,-0.7729588465058769,0.0182789287212693,0.18,-0.32002877973011074
1777027909.0601373,tb1,0.2331266428689203,-0.21091567353293236,0.18,-0.20161488836840796
1777027909.0645454,tb7,-0.03931329436589967,0.43910872773118187,0.18,-0.19295050076911455
1777027909.0697231,tb3,-0.44061338604688055,-0.8060141025758008,0.18,-0.47091821944448015
1777027909.103165,tb2,-0.7729588465058769,0.0182789287212693,0.18,-0.3214233967759944
1777027909.1101434,tb1,0.2331731578658778,-0.22000584490352806,0.18,-0.20293225153750452
1777027909.1143284,tb7,-0.031150870494858058,0.43511612119045034,0.18,-0.19263005784583423
1777027909.1195307,tb3,-0.44982260791490447,-0.8061460069969129,0.18,-0.4757075464519687
1777027909.1530268,tb2,-0.7671027187672813,0.02530123043578852,0.18,-0.31719346956930244
1777027909.1603422,tb1,0.2331278232833117,-0.22909664984114722,0.18,-0.1825763079765435
1777027909.164342,tb7,-0.02302747243976143,0.4310450630875918,0.18,-0.19231638769664047
1777027909.1694953,tb3,-0.45903478889406435,-0.8060606391243602,0.18,-0.48043465514022166
1777027909.2029412,tb2,-0.7611346087773879,0.03222890210585614,0.18,-0.3125884153288231
1777027909.2101333,tb1,0.2331278232833117,-0.22909664984114722,0.18,-0.20230546138639088
1777027909.214655,tb7,-0.014943776527452227,0.4268960818043727,0.18,-0.1919949221076676
1777027909.2195818,tb3,-0.46824472860361466,-0.8057554043788716,0.18,-0.48506740437005696
1777027909.2530649,tb2,-0.7550582211687882,0.03905905299003488,0.18,-0.30812205721819996
1777027909.2601526,tb1,0.23299499892552286,-0.23817810160644756,0.18,-0.2055467217676798
1777027909.2643769,tb7,-0.014943776527452227,0.4268960818043727,0.18,-0.1899539853806694
1777027909.2695606,tb3,-0.47744683022948614,-0.8052280361991303,0.18,-0.4580367317784765
1777027909.3031087,tb2,-0.7488769251717444,0.045791352030961074,0.18,-0.3038545037810142
1777027909.3103175,tb1,0.23277404555818731,-0.24726635026985777,0.18,-0.20715325715114613
1777027909.3144476,tb7,-0.00690049620858531,0.4226697222096645,0.18,-0.18966619163684775
1777027909.319484,tb3,-0.47744683022948614,-0.8052280361991303,0.18,-0.49279579836412724
1777027909.3529987,tb2,-0.7425938527789261,0.05242583421948503,0.18,-0.29974480126682745
1777027909.360331,tb1,0.23246015179073073,-0.2563532726208286,0.18,-0.208601648944493
1777027909.3644304,tb7,0.001101315999599828,0.41836723896779465,0.18,-0.1895554461016819
1777027909.369558,tb3,-0.48662325322239625,-0.8044846906373588,0.18,-0.5003308510867018
1777027909.4029217,tb2,-0.7362119342348658,0.05896254934975841,0.18,-0.29579165403284663
1777027909.4101532,tb1,0.23205230515787553,-0.2654372071356197,0.18,-0.2100573740537399
1777027909.414401,tb7,0.00906184320881995,0.41398908655074496,0.18,-0.18946242584581435
1777027909.419559,tb3,-0.4957939282925083,-0.8035206639462584,0.18,-0.5049769474654603
1777027909.4530144,tb2,-0.7297342482492387,0.06540140069183158,0.18,-0.2920252369196356
1777027909.4601848,tb1,0.2315497926411215,-0.27451713935639355,0.18,-0.2114989396834281
1777027909.464264,tb7,0.016980465429842828,0.4095356995732614,0.18,-0.1893764947163971
1777027909.4696443,tb3,-0.5049413303534318,-0.8023283340898348,0.18,-0.509200214551857
1777027909.5031085,tb2,-0.7231636565467883,0.07174259399349547,0.18000000000000002,-0.28841816175902385
1777027909.5102348,tb1,0.23095188972733718,-0.28359203126105037,0.18000000000000002,-0.21293546095721583
1777027909.5143917,tb7,0.024856503926512393,0.40500751936702367,0.18,-0.18928217704341488
1777027909.5196397,tb3,-0.5140580079173972,-0.8009054970751829,0.18,-0.5132585832312476
1777027909.5529428,tb2,-0.7165028247504218,0.07798630014792328,0.18000000000000002,-0.28493780525207596
1777027909.560193,tb1,0.2302579093183627,-0.2926607931840113,0.18000000000000002,-0.21437998061457553
1777027909.5643873,tb7,0.032689276689815035,0.40040499166938426,0.18,-0.18919775753107768
1777027909.5695956,tb3,-0.5231375420998914,-0.799250786753028,0.18,-0.5171769773872544
1777027909.6030543,tb2,-0.7165028247504218,0.07798630014792328,0.18,-0.2856312161667962
1777027909.610095,tb1,0.2294671904699267,-0.3017223465139133,0.18,-0.21583341886652974
1777027909.6142564,tb7,0.04047810607044001,0.395728569542334,0.18,-0.18912502132513787
1777027909.6194768,tb3,-0.5321735889266739,-0.7973630938164952,0.18,-0.5209268931818118
1777027909.6529796,tb2,-0.7097543556920857,0.08413262364408737,0.18,-0.28220192550214573
1777027909.6602395,tb1,0.22857906757747679,-0.31077560448829106,0.18,-0.19484768361319166
1777027909.6643746,tb7,0.048222322430167525,0.39097870423994757,0.18,-0.18904910400364708
1777027909.6696222,tb3,-0.5411595240470394,-0.7952416538683664,0.18,-0.5245515299474106
1777027909.7030194,tb2,-0.7029189030770813,0.09018205488990319,0.17999999999999997,-0.2785198375788929
1777027909.7102168,tb1,0.22857906757747679,-0.31077560448829106,0.18,-0.21548292621345258
1777027909.7144718,tb7,0.048222322430167525,0.39097870423994757,0.18,-0.1869240903545631
1777027909.71945,tb3,-0.550088803355139,-0.7928859398608814,0.18,-0.5279605681157764
1777027909.753095,tb2,-0.6959997372038084,0.09613287831130168,0.18,-0.2749695829954262
1777027909.7601364,tb1,0.22759891297064236,-0.3198109115522728,0.17999999999999997,-0.21887105999157005
1777027909.7642465,tb7,0.055921253178847344,0.38615585383876727,0.18,-0.18685324537349468
1777027909.7695215,tb3,-0.550088803355139,-0.7928859398608814,0.18,-0.5321555384417611
1777027909.802934,tb2,-0.6889995015716543,0.10198532008680501,0.18,-0.27157993274643133
1777027909.810117,tb1,0.22652417928621407,-0.32884414341724383,0.18,-0.22062598753548412
1777027909.814275,tb7,0.06357371626489096,0.38126138699699974,0.18,-0.18698443543408266
1777027909.8194785,tb3,-0.5589547311263199,-0.7902957016023217,0.18,-0.5355014443365905
1777027909.8531094,tb2,-0.6819206114049193,0.10773974556883435,0.18,-0.2683271402106881
1777027909.860276,tb1,0.2253509141729879,-0.3378665225614074,0.18000000000000002,-0.22224875595236027
1777027909.8647711,tb7,0.07118009603827481,0.3762956399727537,0.18,-0.1871050108382255
1777027909.8696852,tb3,-0.5677508067820798,-0.787470735450465,0.18,-0.5385759659110627
1777027909.9030936,tb2,-0.6747654356898471,0.1133964356623753,0.18,-0.2652022285637291
1777027909.9102287,tb1,0.22407824572793208,-0.3468762713163808,0.18,-0.22387168069061064
1777027909.9145854,tb7,0.07873978169724402,0.3712589761195308,0.18,-0.18724784515166293
1777027909.9197204,tb3,-0.5764698939404908,-0.7844113218006932,0.18,-0.5413832670291779
1777027909.9529884,tb2,-0.6675363823019513,0.11895568681374843,0.18,-0.26222197151856513
1777027909.960254,tb1,0.22270547172865657,-0.35587215044790915,0.18,-0.22549104108028536
1777027909.9644358,tb7,0.08625207645840427,0.36615177984253994,0.18,-0.18738388822917468
1777027909.9696922,tb3,-0.5851049960957473,-0.7811180325169932,0.18,-0.5439305853580404
1777027910.003029,tb2,-0.6675363823019513,0.11895568681374843,0.17999999999999997,-0.2624277036775411
1777027910.010115,tb1,0.22123184979501798,-0.36485295895023306,0.18,-0.2271059540406564
1777027910.0143867,tb7,0.09371628787908662,0.360974429250093,0.18,-0.18751022975138745
1777027910.0194695,tb3,-0.5936491982797093,-0.7775917157032008,0.18,-0.54617589501791
1777027910.0530066,tb2,-0.6602357158386132,0.12441792532747735,0.18,-0.2595186771438349
1777027910.0604286,tb1,0.2196566730437891,-0.3738173662429083,0.18,-0.22870876756808523
1777027910.064232,tb7,0.10113171031581035,0.355727322989021,0.18,-0.1876401615378651
1777027910.0695376,tb3,-0.6020953595062873,-0.7738337204846448,0.18,-0.548200069279559
1777027910.1029384,tb2,-0.6528642463331685,0.12978375335758102,0.18,-0.25646310554858026
1777027910.1101766,tb1,0.2196566730437891,-0.3738173662429083,0.18,-0.2270585039318886
1777027910.114432,tb7,0.1084976513196894,0.3504108707561451,0.18,-0.18775551402746157
1777027910.1195157,tb3,-0.6104365471019194,-0.7698458549867779,0.18,-0.5499718670256611
1777027910.1530185,tb2,-0.6454245911142488,0.13505223129031926,0.17999999999999997,-0.25351106379247124
1777027910.160289,tb1,0.21797935556462536,-0.38276400051418863,0.18,-0.22871191062599774
1777027910.164379,tb7,0.1084976513196894,0.3504108707561451,0.18,-0.18559496447239274
1777027910.1696455,tb3,-0.6186659598190624,-0.7656302527439154,0.18,-0.5515034375438974
1777027910.2029765,tb2,-0.637918928037356,0.1402236484450505,0.18,-0.25068441607808833
1777027910.2101884,tb1,0.21620033232428582,-0.39169033234550665,0.18,-0.23068618799077015
1777027910.2142992,tb7,0.1158134213215432,0.3450254948414332,0.18,-0.18572128955552147
1777027910.219481,tb3,-0.6186659598190624,-0.7656302527439154,0.18,-0.5564532894046533
1777027910.2529585,tb2,-0.6303493491071053,0.14529842182428596,0.18,-0.24798799545166278
1777027910.260117,tb1,0.21431947021543846,-0.4005966217924552,0.18,-0.23267084339694824
1777027910.2642653,tb7,0.12307785598619163,0.3395726359911731,0.18,-0.18606261021583992
1777027910.2695017,tb3,-0.6267768872794935,-0.7611893402095035,0.18,-0.5577700829771778
1777027910.303,tb2,-0.6227177142195421,0.15027705707136382,0.18,-0.24538786737559445
1777027910.3103316,tb1,0.21233607055545878,-0.4094815647813956,0.18,-0.23465049377851074
1777027910.314528,tb7,0.13029139829818415,0.33405253929507095,0.18,-0.18640007692269076
1777027910.3196683,tb3,-0.634763659508023,-0.7565243071243094,0.18,-0.5584294197493653
1777027910.352977,tb2,-0.6150259489616534,0.15515987930633135,0.18,-0.2428917208691088
1777027910.360283,tb1,0.21024944278098967,-0.4183438374673464,0.17999999999999997,-0.23662886269326247
1777027910.3643358,tb7,0.13745343778964206,0.32846550946313946,0.18,-0.1867436561476255
1777027910.369722,tb3,-0.6426179189902035,-0.7516382815871315,0.18,-0.5587568330357566
1777027910.40304,tb2,-0.6072759660149092,0.15994728359710714,0.17999999999999997,-0.2405072490770755
1777027910.4102275,tb1,0.2080588630195576,-0.42718201300174885,0.18,-0.23859763631582154
1777027910.4142394,tb7,0.14456324824140776,0.32281189075570293,0.18,-0.18707067515512193
1777027910.4195874,tb3,-0.6503330040988543,-0.7465348072661443,0.18,-0.5587873218932962
1777027910.4529393,tb2,-0.599469624594368,0.16463973857081327,0.17999999999999997,-0.23823661349660977
1777027910.4601972,tb1,0.2057635625244739,-0.4359946694372704,0.18,-0.24054509140263075
1777027910.4643552,tb7,0.15162010406310597,0.3170920237885901,0.18,-0.18737580233548518
1777027910.4696922,tb3,-0.6579026293521028,-0.7412177751223654,0.18,-0.5585724211566852
1777027910.5033052,tb2,-0.5916085754857799,0.16923771339406368,0.18,-0.2360473042158501
1777027910.5102274,tb1,0.20336287930988076,-0.44478018455011964,0.17999999999999997,-0.24249778126848673
1777027910.5143385,tb7,0.15862325629427723,0.3113062944032827,0.18,-0.1876824616519997
1777027910.5195875,tb3,-0.665320740749645,-0.7356913959466137,0.18,-0.5580689124311607
1777027910.5531247,tb2,-0.5916085754857799,0.16923771339406368,0.17999999999999997,-0.23566469925647243
1777027910.560307,tb1,0.20336287930988076,-0.44478018455011964,0.17999999999999997,-0.24103981736987293
1777027910.564365,tb7,0.16557199404793163,0.3054550857513715,0.18,-0.1879838696359723
1777027910.569538,tb3,-0.6725815115856695,-0.7299601756329218,0.18,-0.5573078593158937
1777027910.6030223,tb2,-0.5836944959225151,0.17374157074973004,0.17999999999999997,-0.2335098243076945
1777027910.6102314,tb1,0.20085618848490908,-0.4535370437406598,0.18,-0.2430311362714222
1777027910.6143405,tb7,0.16557199404793163,0.3054550857513715,0.18,-0.1858045397669361
1777027910.619489,tb3,-0.6796793549736506,-0.7240289262067646,0.18,-0.5562915163125542
1777027910.6530342,tb2,-0.5757282121255323,0.17815163397687997,0.18000000000000002,-0.23128411046789915
1777027910.6602638,tb1,0.1982439477940331,-0.4622625636025091,0.17999999999999997,-0.2453195826375806
1777027910.6644187,tb7,0.17246560279824627,0.299538780630602,0.18,-0.1860988284405306
1777027910.66956,tb3,-0.686608964961983,-0.7179026654077387,0.18,-0.5211940210926228
1777027910.7030456,tb2,-0.5677117585500255,0.18246765345972651,0.18,-0.22913412347513792
1777027910.7103047,tb1,0.19552597054377838,-0.47095670521597244,0.18,-0.24762927762768006
1777027910.7144008,tb7,0.17930291544335672,0.2935589381242337,0.18,-0.1866282214231684
1777027910.7195194,tb3,-0.686608964961983,-0.7179026654077387,0.18,-0.5603308595290492
1777027910.7529383,tb2,-0.5596468140933356,0.18668998705054116,0.18,-0.22707396216970735
1777027910.7601948,tb1,0.1927015558698545,-0.4796180648494204,0.17999999999999997,-0.24990997685931227
1777027910.7643073,tb7,0.18608443614322742,0.28751568310670106,0.18,-0.18716166109189042
1777027910.769497,tb3,-0.6933602606459898,-0.7116015733337262,0.18,-0.562156745281309
1777027910.8029733,tb2,-0.5515348771100906,0.1908191054130205,0.18,-0.22510559235198213
1777027910.8101735,tb1,0.18977001151914855,-0.4882449093819173,0.18,-0.2522024816483906
1777027910.814337,tb7,0.19280950969900512,0.2814092996918982,0.18,-0.18767739098320083
1777027910.8196096,tb3,-0.6999495928019709,-0.7051080745036188,0.18,-0.5596539215811926
1777027910.8531272,tb2,-0.5433774272377271,0.1948554023023302,0.18,-0.22321188854494972
1777027910.8601954,tb1,0.18673071616630507,-0.49683553580885104,0.18000000000000002,-0.2544980763891285
1777027910.8643508,tb7,0.19947737615134115,0.27524012288959426,0.18,-0.18817794409909588
1777027910.8695452,tb3,-0.7063544304331717,-0.6984318134964501,0.18,-0.5565449703502336
1777027910.9029999,tb2,-0.5351759810180774,0.19879926218122454,0.18000000000000002,-0.221407289398966
1777027910.9102113,tb1,0.1835829923599352,-0.5053882984984989,0.18,-0.25677828818327114
1777027910.9143357,tb7,0.20608727281187844,0.2690084947722867,0.18,-0.18866421242068904
1777027910.919599,tb3,-0.7125688259868966,-0.6915798100923075,0.18,-0.5533006222899022
1777027910.9530292,tb2,-0.5269319219323946,0.20265111501487734,0.17999999999999997,-0.21967257961717263
1777027910.960202,tb1,0.18032623551337965,-0.5139013256779434,0.18,-0.2590660801912107
1777027910.9642842,tb7,0.21263842122319776,0.2627147897347723,0.18,-0.18914277922782854
1777027910.9695756,tb3,-0.7185890686625865,-0.6845585844558559,0.18,-0.5499084943270002
1777027911.0029519,tb2,-0.5186466177654024,0.2064113396656268,0.18,-0.21800708841108246
1777027911.0104415,tb1,0.17695987598704008,-0.5223728224296084,0.18,-0.2613557599664719
1777027911.0144892,tb7,0.21913006850929612,0.2563593840240469,0.18,-0.1896020238126671
1777027911.0195801,tb3,-0.7244117256513186,-0.6773747912598953,0.18,-0.5464029645338063
1777027911.0531728,tb2,-0.5186466177654024,0.2064113396656268,0.18,-0.21717617841174036
1777027911.060111,tb1,0.17348341819127389,-0.5308009125812175,0.18,-0.2636796594007484
1777027911.064658,tb7,0.2255614528506629,0.24994268804433278,0.18,-0.1900607139469001
1777027911.0696654,tb3,-0.7300337844211736,-0.6700350506964365,0.18,-0.5427777254234316
1777027911.1029735,tb2,-0.5103213688785414,0.210080283597558,0.18,-0.21552824339041968
1777027911.1101253,tb1,0.1698962918248603,-0.5391837860032532,0.18,-0.2660018394122582
1777027911.114271,tb7,0.23193183621352623,0.2434651040444136,0.18,-0.19054148426516168
1777027911.11948,tb3,-0.7354524694475759,-0.6625460863478331,0.18,-0.5390074841450669
1777027911.1529782,tb2,-0.5019571607450387,0.21365825229068217,0.18000000000000002,-0.21387408962908186
1777027911.160276,tb1,0.1698962918248603,-0.5391837860032532,0.18,-0.26490832824044414
1777027911.1642396,tb7,0.23824047470539564,0.23692705578454334,0.18,-0.1910068965354803
1777027911.1695888,tb3,-0.7406653260006988,-0.6549145625889508,0.18,-0.5351402511811959
1777027911.2030602,tb2,-0.4935555006568322,0.21714528865475582,0.18,-0.212285061299321
1777027911.2101378,tb1,0.16619807235002623,-0.5475194526017115,0.18,-0.26730096353203553
1777027911.2142565,tb7,0.23824047470539564,0.23692705578454334,0.18,-0.18883747065614856
1777027911.2194188,tb3,-0.7456701678909138,-0.6471473272007843,0.18,-0.5311458474351308
1777027911.2530017,tb2,-0.48511770714309577,0.22054175517671804,0.18,-0.21077396395180578
1777027911.260292,tb1,0.16238967006161914,-0.5558050297536264,0.18,-0.2700159600076504
1777027911.2644663,tb7,0.2444865997890083,0.23032900108507295,0.18,-0.1893037194700216
1777027911.2696295,tb3,-0.7456701678909138,-0.6471473272007843,0.18,-0.5361605620382485
1777027911.3030088,tb2,-0.47664496353377944,0.22384806356959777,0.18,-0.20932104079458017
1777027911.3103108,tb1,0.15847071574639493,-0.5640401811776895,0.18,-0.2727617386521502
1777027911.3143268,tb7,0.25066921708483336,0.2236726292423465,0.18,-0.1900239595885084
1777027911.3196187,tb3,-0.750465194215468,-0.639250943934254,0.18,-0.5319831221394078
1777027911.3530204,tb2,-0.46813852687054364,0.22706454572304674,0.17999999999999997,-0.20794273333144678
1777027911.3601558,tb1,0.1544406338444212,-0.5722230472606025,0.18,-0.27550638799907173
1777027911.3642442,tb7,0.2567887822970784,0.2169578936805217,0.18,-0.19074111022839635
1777027911.3694725,tb3,-0.7550486191241434,-0.6312278726793358,0.18,-0.5267833492751359
1777027911.4030004,tb2,-0.4595995914832288,0.2301915937801234,0.18,-0.20663603372029002
1777027911.4101903,tb1,0.15029881227794364,-0.5803515286202773,0.18,-0.27823213548459946
1777027911.4143417,tb7,0.26284457397961153,0.21018508511290418,0.18,-0.1914264938750562
1777027911.419663,tb3,-0.7594155147674374,-0.6230874418819794,0.18,-0.5215619287272492
1777027911.453053,tb2,-0.451029233743183,0.2332295683608512,0.18,-0.20538030842845284
1777027911.4602473,tb1,0.14604475045133286,-0.5884233595770456,0.18,-0.28096477399779046
1777027911.4643059,tb7,0.26883574162911644,0.20335458281063148,0.18,-0.1921008950066223
1777027911.4695206,tb3,-0.7635650022617082,-0.6148369399936565,0.18,-0.5163349934215694
1777027911.503024,tb2,-0.4424285990666291,0.23617877138202248,0.18,-0.20418422890884164
1777027911.5101411,tb1,0.14167803703553417,-0.5964363130383882,0.18,-0.2837194997615508
1777027911.51426,tb7,0.27476146349269603,0.1964667926991919,0.18,-0.19276431016691817
1777027911.519538,tb3,-0.7674967278644232,-0.6064832627114256,0.18,-0.5111396125061135
1777027911.5529835,tb2,-0.4424285990666291,0.23617877138202248,0.18,-0.2029891117715312
1777027911.5601048,tb1,0.1371981535030307,-0.6043882170175459,0.18,-0.28647117562359314
1777027911.5642908,tb7,0.28062093687998974,0.1895220953538795,0.18,-0.1934097385100769
1777027911.5694878,tb3,-0.7712105723037607,-0.5980334729696863,0.18,-0.5060096838078523
1777027911.6030264,tb2,-0.43379880390425496,0.23903952887325922,0.18,-0.20181517595978998
1777027911.6109657,tb1,0.13260486697263116,-0.6122766432974099,0.18,-0.26316862093454035
1777027911.6143713,tb7,0.28641333175055494,0.18252095839712543,0.18,-0.19405033533198782
1777027911.6195707,tb3,-0.7747067734074913,-0.5894939245316674,0.18,-0.5008791772895903
1777027911.6529934,tb2,-0.42514093072305037,0.2418121178602589,0.18,-0.20070615601275218
1777027911.6602297,tb1,0.13260486697263116,-0.6122766432974099,0.18,-0.28857542303290945
1777027911.6642966,tb7,0.28641333175055494,0.18252095839712543,0.18,-0.19191806678733853
1777027911.6694498,tb3,-0.7779855911261109,-0.5808714247878548,0.18,-0.49577337244823466
1777027911.7029974,tb2,-0.41645602158137235,0.24449684637366406,0.18,-0.19964838965306297
1777027911.7102776,tb1,0.12790801020837325,-0.6200934161306842,0.18,-0.2936157390239522
1777027911.7143898,tb7,0.29213786325778474,0.17546380206923073,0.18,-0.19254682236788767
1777027911.7194285,tb3,-0.7810475712684497,-0.5721721321388475,0.18,-0.49068739955172946
1777027911.7530363,tb2,-0.4077450614509051,0.24709401714825488,0.18,-0.19864045159445742
1777027911.760293,tb1,0.12309737826778297,-0.6278528420971312,0.18,-0.2968159596049032
1777027911.7644181,tb7,0.29779347551881685,0.1683524716074267,0.18,-0.19343812786545506
1777027911.7696667,tb3,-0.7810475712684497,-0.5721721321388475,0.18,-0.4949952175032985
1777027911.8030052,tb2,-0.39900907778546774,0.24960387291750732,0.18,-0.1976877335448467
1777027911.810222,tb1,0.11817281312258712,-0.6355431650787319,0.18,-0.2998733178454913
1777027911.8144202,tb7,0.3033806627391082,0.16118683234213274,0.18,-0.19432692126858342
1777027911.8195775,tb3,-0.7838933405853129,-0.5634021081165622,0.18,-0.4897766114338284
1777027911.85292,tb2,-0.39024906443438107,0.25202667500738635,0.18,-0.1967915537211877
1777027911.8601365,tb1,0.11313406805442348,-0.6431610992566618,0.18,-0.3029371089929016
1777027911.8642468,tb7,0.3088986458826155,0.15396721376941105,0.18,-0.1951997129167332
1777027911.869518,tb3,-0.7865223863611909,-0.5545633303929628,0.18,-0.48366474013415955
1777027911.903094,tb2,-0.38146594909554216,0.25436266605199376,0.18,-0.19593048922741105
1777027911.9103212,tb1,0.10798101140894237,-0.6507039057451701,0.18,-0.30604729348843507
1777027911.9144218,tb7,0.31434653531549817,0.14669404227901855,0.18,-0.19604019503059106
1777027911.919583,tb3,-0.7889328413266976,-0.5456650554211074,0.18,-0.4775867485606607
1777027911.953008,tb2,-0.3726606843510712,0.25661204552050015,0.18,-0.1951197999590891
1777027911.9601939,tb1,0.10271351133136239,-0.6581690668883683,0.18,-0.30920222859054936
1777027911.964311,tb7,0.3197234776020836,0.13936773815555606,0.18,-0.19687391412506222
1777027911.969626,tb3,-0.7911260187810584,-0.5367139015540364,0.18,-0.4716681657119752
1777027912.002916,tb2,-0.3638342679276818,0.2587750383093803,0.18,-0.1943642647361858
1777027912.0101297,tb1,0.09733129033310768,-0.6655540304593999,0.18,-0.3123657479280812
1777027912.0142584,tb7,0.32502860477588225,0.13198871955952388,0.18,-0.1976841932259075
1777027912.0195441,tb3,-0.7931039238819404,-0.5277159817049599,0.18,-0.4659357063918487
1777027912.0530133,tb2,-0.354987552818807,0.2608518582421226,0.18,-0.19364263168375134
1777027912.060238,tb1,0.09183434970341676,-0.6728559200528068,0.18,-0.31557916113926016
1777027912.0643675,tb7,0.3302610221765925,0.1245574808014824,0.18,-0.1984778901286844
1777027912.069626,tb3,-0.7948686718761383,-0.5186766016515675,0.18,-0.4603072547830195
1777027912.103123,tb2,-0.354987552818807,0.2608518582421226,0.18,-0.19211042220009383
1777027912.1101985,tb1,0.08622278672011248,-0.6800719839143515,0.18,-0.31886037645392135
1777027912.1143396,tb7,0.3354198823019627,0.1170745291191073,0.18,-0.1992723706588921
1777027912.119581,tb3,-0.7964221758552467,-0.5096013147388667,0.18,-0.4547751544073456
1777027912.1529593,tb2,-0.3461214671975813,0.26284266444112053,0.18,-0.19141321955351162
1777027912.1599934,tb1,0.0804965257741175,-0.6871995134438902,0.18,-0.3105632025686209
1777027912.1642206,tb7,0.3405043514590412,0.10954035183717171,0.18,-0.20006305613874834
1777027912.1694574,tb3,-0.7977665645857697,-0.5004955229216925,0.18,-0.4493617208462046
1777027912.20311,tb2,-0.3372373047473162,0.26474776653021037,0.18,-0.19083110931940925
1777027912.2102244,tb1,0.0804965257741175,-0.6871995134438902,0.18,-0.32209284202815974
1777027912.2146118,tb7,0.345513585929585,0.10195550304910404,0.18,-0.18412218255308602
1777027912.2196352,tb3,-0.7989039696395257,-0.49136412234458077,0.18,-0.4440351986058774
1777027912.2530704,tb2,-0.3283356088837437,0.2665675733983767,0.18,-0.19029529295643144
1777027912.260257,tb1,0.07466090386859996,-0.6942334350506179,0.18,-0.32659007919456456
1777027912.2644513,tb7,0.345513585929585,0.10195550304910404,0.18,-0.19877514171409888
1777027912.269714,tb3,-0.7989039696395257,-0.49136412234458077,0.18,-0.44745191776154114
1777027912.3030736,tb2,-0.31941722576041776,0.26830223071053255,0.18,-0.18979166637661068
1777027912.3102927,tb1,0.06871117089946963,-0.7011779982246047,0.18,-0.330384192245349
1777027912.314362,tb7,0.35044624000695906,0.09432796578314027,0.18,-0.20092199689884635
1777027912.3195775,tb3,-0.7998366471750612,-0.4822121784376231,0.18,-0.44210596027362803
1777027912.3529606,tb2,-0.31048300832228876,0.2699518756101268,0.18,-0.18934395319588465
1777027912.3601995,tb1,0.06264776123796685,-0.7080265657358137,0.18,-0.3341251429634171
1777027912.3644764,tb7,0.3553081253349739,0.08664817034990807,0.18,-0.20192721476393916
1777027912.3696942,tb3,-0.8005651437719773,-0.47304087318182414,0.18,-0.43606482348428816
1777027912.4030375,tb2,-0.3015337659421127,0.27151662988080316,0.18,-0.18892399186207814
1777027912.410218,tb1,0.05647092311631574,-0.714775528874604,0.18,-0.3379000103790666
1777027912.4144456,tb7,0.3600932609238687,0.07891929185485451,0.18,-0.20283810902173846
1777027912.4195988,tb3,-0.8010898716325009,-0.46385837569195576,0.18,-0.43014191343005503
1777027912.4529262,tb2,-0.2925703371770696,0.2729965867790265,0.18,-0.18854584160868817
1777027912.460178,tb1,0.050180837314722844,-0.7214217140748901,0.18,-0.34170321321589403
1777027912.4642267,tb7,0.36480040173774886,0.07114209012457069,0.18,-0.2037365481349214
1777027912.4694614,tb3,-0.8014137152887931,-0.45466971951042406,0.18,-0.42445129722739716
1777027912.503108,tb2,-0.28359352606301563,0.2743918309235922,0.18,-0.18818951150529348
1777027912.510238,tb1,0.04377785308516737,-0.7279618178952946,0.18,-0.34555522348073736
1777027912.5143807,tb7,0.3694286257217003,0.063317149827655,0.18,-0.20461095739709897
1777027912.5195184,tb3,-0.8015397644985564,-0.44547903646548503,0.18,-0.41894366482020867
1777027912.5530002,tb2,-0.28359352606301563,0.2743918309235922,0.18,-0.1864475911347806
1777027912.5601313,tb1,0.03726242614424807,-0.7343925542408756,0.18,-0.34946516771953545
1777027912.5642693,tb7,0.3739770529383949,0.05544505500761455,0.18,-0.205490622195963
1777027912.5696669,tb3,-0.8014709551915657,-0.43629050212813325,0.18,-0.41360619147139477
1777027912.6030953,tb2,-0.2746041612661947,0.27570242684589724,0.18,-0.18610614936749575
1777027912.610177,tb1,0.03726242614424807,-0.7343925542408756,0.18,-0.3499279822693362
1777027912.6142528,tb7,0.37844481420160436,0.04752639380678142,0.18,-0.2063609073349008
1777027912.6197052,tb3,-0.8012103043374481,-0.4271081655677754,0.18,-0.4084349537519134
1777027912.652939,tb2,-0.2656037097228205,0.2769286962087332,0.18,-0.18594487288551145
1777027912.6601288,tb1,0.030634934181453778,-0.7407106205722648,0.18,-0.35396255789547043
1777027912.6642146,tb7,0.3828310384429086,0.03956178828067824,0.18,-0.19640338312611808
1777027912.6699834,tb3,-0.800760720007664,-0.4179356635075486,0.18,-0.4034010930235999
1777027912.7029696,tb2,-0.2565923764684892,0.27807108592997803,0.18,-0.18580988065546744
1777027912.7102115,tb1,0.023897654643035744,-0.746912153369377,0.18,-0.35837668859432875
1777027912.714322,tb7,0.3828310384429086,0.03956178828067824,0.18,-0.2052423917464726
1777027912.719548,tb3,-0.800760720007664,-0.4179356635075486,0.18,-0.40598998417763466
1777027912.752964,tb2,-0.24757088732016802,0.2791296161680427,0.18,-0.18569238761701537
1777027912.760205,tb1,0.017050629735901303,-0.7529954501279741,0.18,-0.36282251915918257
1777027912.7644405,tb7,0.3871349448201574,0.031556689836704864,0.18,-0.20698177921272534
1777027912.7696981,tb3,-0.8001250379205588,-0.40877660715398156,0.18,-0.40096414211254056
1777027912.8029432,tb2,-0.2385400141258899,0.28010427069817645,0.18,-0.18560332749413494
1777027912.8102124,tb1,0.010094447091773973,-0.7589569068890875,0.18,-0.3673097577559649
1777027912.8143616,tb7,0.3913593764419151,0.023505473537861154,0.18,-0.20810965068268103
1777027912.8195484,tb3,-0.7993040815602849,-0.3996316527188904,0.18,-0.3953298141958935
1777027912.853093,tb2,-0.22950053266458328,0.2809950261253573,0.18,-0.18552986126464954
1777027912.8602273,tb1,0.003029772042027125,-0.7647928998009782,0.18,-0.3718177263966251
1777027912.8644247,tb7,0.39550082136111614,0.01541036838249531,0.18,-0.20915982656116988
1777027912.869795,tb3,-0.7982994541428081,-0.3905075504613987,0.18,-0.3898528772594323
1777027912.903018,tb2,-0.22045321296929257,0.28180185331008634,0.18,-0.18548601708398005
1777027912.910204,tb1,-0.004142551847285567,-0.7704996348363734,0.18,-0.3763565194309529
1777027912.9144042,tb7,0.3995581192098197,0.007272156689571152,0.18,-0.21019360276538274
1777027912.9196944,tb3,-0.7971144147842841,-0.38140794980728027,0.18,-0.3845791831372142
1777027912.9529483,tb2,-0.21139882592988962,0.2825247188685064,0.18,-0.1854635467032949
1777027912.9601698,tb1,-0.01142166102053425,-0.7760733215674258,0.18,-0.3809126965498963
1777027912.9642582,tb7,0.40353032476636364,-0.0009085173312763987,0.18,-0.2112159533276226
1777027912.969513,tb3,-0.7957523849212382,-0.37233593904263096,0.18,-0.37951821382870443
1777027913.0037186,tb2,-0.20233813823738928,0.2831635820442725,0.18,-0.16248427475348323
1777027913.0105474,tb1,-0.018806425324851703,-0.7815100286894723,0.18,-0.3855176614642364
1777027913.014307,tb7,0.4074165010768141,-0.009130967722605186,0.18,-0.2122213211647917
1777027913.019603,tb3,-0.7942166309973723,-0.36329425168607304,0.18,-0.3746330937612082
1777027913.0534806,tb2,-0.20233813823738928,0.2831635820442725,0.18,-0.18349752637797465
1777027913.0602293,tb1,-0.018806425324851703,-0.7815100286894723,0.18,-0.38674863058004544
1777027913.0645404,tb7,0.4112157327525281,-0.017394519696077616,0.18,-0.2132019607951383
1777027913.0700817,tb3,-0.7925104211994455,-0.3542857953334016,0.18,-0.369941676692644
1777027913.1031322,tb2,-0.193281152259417,0.28372278485751734,0.18,-0.1854616814202349
1777027913.11016,tb1,-0.02629568146912941,-0.7868058605841458,0.18,-0.39147150935822306
1777027913.1143124,tb7,0.4112157327525281,-0.017394519696077616,0.18,-0.21131110409472662
1777027913.1194975,tb3,-0.7906368793344453,-0.3453130355197396,0.18,-0.3653618533781406
1777027913.1529884,tb2,-0.1842113965240459,0.28420296168777853,0.18,-0.18565815451100307
1777027913.1602824,tb1,-0.03388659810557569,-0.791956693590742,0.18,-0.39652702211589597
1777027913.1643167,tb7,0.41492710391910986,-0.02569844515789085,0.18,-0.2123161161420781
1777027913.169626,tb3,-0.7906368793344453,-0.3453130355197396,0.18,-0.36722084563739515
1777027913.2031102,tb2,-0.17513684410571242,0.28459932634662277,0.18,-0.18570607621716378
1777027913.2103167,tb1,-0.041578334938013835,-0.7969599718604421,0.18,-0.4016209836712659
1777027913.2144191,tb7,0.41854983969474296,-0.03404060252279039,0.18,-0.21357057747048738
1777027913.2197087,tb3,-0.7885990825915812,-0.33637851486979664,0.18,-0.3627207054900672
1777027913.2529979,tb2,-0.16605893166156355,0.284911457778739,0.18,-0.1857771897751753
1777027913.2601912,tb1,-0.04936961757282016,-0.8018117581975113,0.18,-0.4066894156993972
1777027913.2642376,tb7,0.4220841705449813,-0.04242116262546011,0.18,-0.21482926057421844
1777027913.2694798,tb3,-0.7863979576096651,-0.32748248461833446,0.18,-0.3577533110251364
1777027913.3032172,tb2,-0.15697848341283324,0.2851392840477148,0.18,-0.1858587118706599
1777027913.3102813,tb1,-0.057258734438327935,-0.8065076864618671,0.18,-0.4117702081318647
1777027913.31443,tb7,0.42552916424716,-0.05083950955169446,0.18,-0.21604781321009084
1777027913.3197584,tb3,-0.7840358206155322,-0.3186300883491753,0.18,-0.35292354243830687
1777027913.3530734,tb2,-0.14789627360604693,0.28528275061979497,0.18,-0.18597873065518333
1777027913.3602898,tb1,-0.06524378902314104,-0.8110435304988877,0.18,-0.41686532031637186
1777027913.3644035,tb7,0.4288838265125271,-0.05929490682934528,0.18,-0.21725301089298205
1777027913.3695378,tb3,-0.7815158841316509,-0.30982383792508195,0.18,-0.34826510224669543
1777027913.4029038,tb2,-0.1388130706285297,0.2853417999546134,0.18,-0.18612234636529137
1777027913.4100895,tb1,-0.07332279843315866,-0.8154151012972028,0.18,-0.42195783825250005
1777027913.4142563,tb7,0.4321471870086726,-0.06778660030235181,0.18,-0.21844347458578905
1777027913.419519,tb3,-0.7788413769891593,-0.3010657481695085,0.18,-0.3437887355569443
1777027913.452965,tb2,-0.12972964649008598,0.285316365427173,0.18,-0.18627793131034995
1777027913.460172,tb1,-0.08149340850064582,-0.8196181653478769,0.18,-0.42709636019375524
1777027913.4643865,tb7,0.4353182871102079,-0.07631377232165232,0.18,-0.2196142561447176
1777027913.4696035,tb3,-0.7760153128225055,-0.2923575817513676,0.18,-0.33943905187316964
1777027913.5038264,tb2,-0.12064678163205649,0.28520637850544633,0.18,-0.1640866360029256
1777027913.510105,tb1,-0.08975324284845887,-0.8236486047501199,0.18,-0.43224799435308564
1777027913.514232,tb7,0.4383962056261075,-0.08487561518610483,0.18,-0.22078668587286127
1777027913.5196009,tb3,-0.7730406737910807,-0.28370130004283844,0.18,-0.3352270120651606
1777027913.5530798,tb2,-0.12064678163205649,0.28520637850544633,0.18,-0.18436087354689187
1777027913.5601656,tb1,-0.09810006671277624,-0.8275021554407104,0.18,-0.4373489876987178
1777027913.5643356,tb7,0.4413800021344236,-0.09347136846202608,0.18,-0.22192196427752933
1777027913.5695693,tb3,-0.7699205605010964,-0.2750987435806843,0.17999999999999997,-0.33117019041942775
1777027913.6031313,tb2,-0.11157422312416225,0.28501680709548255,0.18,-0.1865236677725195
1777027913.6102104,tb1,-0.09810006671277624,-0.8275021554407104,0.18,-0.43978351921971176
1777027913.6144407,tb7,0.4413800021344236,-0.09347136846202608,0.18,-0.22014725138575522
1777027913.6195343,tb3,-0.7666578183644991,-0.2665513501067768,0.18,-0.32723598344309474
1777027913.6531162,tb2,-0.10249538479698304,0.2847472330000465,0.18,-0.18693233454657085
1777027913.6601932,tb1,-0.10653095033021723,-0.8311744510327245,0.18,-0.4450070173387283
1777027913.6643677,tb7,0.4442687271703312,-0.10210010928078718,0.18,-0.2213111930893331
1777027913.6696103,tb3,-0.7666578183644991,-0.2665513501067768,0.17999999999999997,-0.3283242662838442
1777027913.7029338,tb2,-0.09341857400181293,0.284393287409798,0.18,-0.18719974972975603
1777027913.7101407,tb1,-0.11504181058570309,-0.8346614956427847,0.18,-0.4504266749369918
1777027913.714314,tb7,0.44706170525539274,-0.11075964289534068,0.18,-0.22271646729625968
1777027913.7196343,tb3,-0.7632554219586483,-0.25806079958519923,0.18,-0.324454756988019
1777027913.7531192,tb2,-0.08434529503334413,0.2839545473905067,0.18,-0.18745878398276303
1777027913.7602067,tb1,-0.12363021633496284,-0.8379599018384811,0.18,-0.45583913486517513
1777027913.7644188,tb7,0.44975904551620544,-0.11945000319974643,0.18,-0.22411921022106118
1777027913.7697713,tb3,-0.759714231975184,-0.24962693059361565,0.18,-0.3202156218707757
1777027913.803037,tb2,-0.07527639414810247,0.2834309074532569,0.18,-0.1877465311131342
1777027913.8102496,tb1,-0.13229293949683998,-0.8410655017146037,0.18,-0.46120627743650044
1777027913.814337,tb7,0.4523598362292109,-0.12817044146338152,0.18,-0.22550506580454954
1777027913.8196003,tb3,-0.756036758930268,-0.24125365459316567,0.18,-0.3160854145735959
1777027913.852943,tb2,-0.06621266309420241,0.2828222791032097,0.18,-0.18805064890217468
1777027913.8601336,tb1,-0.14102668680719077,-0.8439740894709248,0.18,-0.46646556418770657
1777027913.8642862,tb7,0.4548630863500535,-0.13692012118890937,0.18,-0.2268585928497917
1777027913.8694696,tb3,-0.7522260163880419,-0.2329425516085256,0.18,-0.3121355244347828
1777027913.903084,tb2,-0.05715490506660954,0.2821285709206676,0.18,-0.18836048866677016
1777027913.9102008,tb1,-0.149827567988836,-0.8466813382995925,0.18,-0.47167477113250716
1777027913.9142795,tb7,0.4572677670753124,-0.14569807928078415,0.18,-0.22819360043992032
1777027913.9196365,tb3,-0.7482848674473013,-0.22469459488868898,0.18,-0.30831833634500005
1777027913.9530585,tb2,-0.0481039158097381,0.28134968579024944,0.18,-0.18869094603031608
1777027913.9601927,tb1,-0.15869176108735103,-0.8491831608445242,0.18,-0.47677870833099095
1777027913.964382,tb7,0.4595729108105641,-0.1545033981993038,0.18,-0.22950511136903365
1777027913.9697585,tb3,-0.7442161599723626,-0.21651103439327776,0.18,-0.3046544389798626
1777027914.0030837,tb2,-0.039060503012754294,0.2804855228331708,0.18,-0.18903150720793774
1777027914.0101516,tb1,-0.16761515422302642,-0.8514754166401917,0.18,-0.4817607573300563
1777027914.0142345,tb7,0.4617775306810055,-0.1633351179264408,0.18,-0.23080678031605198
1777027914.0198052,tb3,-0.7400227038170057,-0.20839284110958262,0.18,-0.3011311280432149
1777027914.053157,tb2,-0.039060503012754294,0.2804855228331708,0.18,-0.18682672647562443
1777027914.060107,tb1,-0.17659318089070977,-0.8535541378404228,0.18,-0.4866473311375305
1777027914.064282,tb7,0.46388066226605934,-0.1721922152493633,0.18,-0.2320921397057332
1777027914.0696757,tb3,-0.7357070721231808,-0.20034086012590066,0.18,-0.2977060182478336
1777027914.1035767,tb2,-0.030025528479431227,0.27953599587241745,0.18,-0.1871623642705181
1777027914.110229,tb1,-0.17659318089070977,-0.8535541378404228,0.18,-0.49028899389181124
1777027914.1142652,tb7,0.46588138720423955,-0.18107363337329843,0.18,-0.22644462252499348
1777027914.1195738,tb3,-0.7312718412995303,-0.19235608274384702,0.18,-0.29438686931096636
1777027914.1529462,tb2,-0.021000787272042458,0.27850177932306547,0.18,-0.18779618346476812
1777027914.160117,tb1,-0.18562117977394665,-0.8554155851267523,0.18,-0.4951913563940046
1777027914.1642995,tb7,0.46588138720423955,-0.18107363337329843,0.18,-0.231781397366216
1777027914.1694572,tb3,-0.7267195955583561,-0.18443940393059524,0.18,-0.2911796650985255
1777027914.2030716,tb2,-0.01198591447692968,0.27738317724551326,0.18,-0.18840100982042624
1777027914.210336,tb1,-0.1946939892003216,-0.8570563261000254,0.18,-0.5000515909796621
1777027914.2143395,tb7,0.4677796148760422,-0.18997524352593262,0.18,-0.2336648879677053
1777027914.2197204,tb3,-0.7267195955583561,-0.18443940393059524,0.17999999999999997,-0.2915306980146035
1777027914.25297,tb2,-0.002981633823899758,0.27618000105176344,0.18,-0.18900524221431217
1777027914.260257,tb1,-0.20380685080084565,-0.858473125732456,0.18,-0.5047318101594896
1777027914.264389,tb7,0.46957609066474276,-0.19890028482067734,0.18,-0.23520653426286864
1777027914.2696915,tb3,-0.7220526715168959,-0.17659155415848565,0.17999999999999997,-0.2883370520802486
1777027914.3030019,tb2,0.006011213593798256,0.27489205042708215,0.18,-0.18959281970049793
1777027914.310141,tb1,-0.2129545563934913,-0.8596625751355097,0.18,-0.5092213316149155
1777027914.3142521,tb7,0.4712686285268046,-0.20784651586079092,0.18,-0.23670371031164972
1777027914.3195465,tb3,-0.7172719812275825,-0.16881261005834067,0.18,-0.28491160701837726
1777027914.3529606,tb2,0.014991770105365907,0.27351914159287716,0.18,-0.19017531505290655
1777027914.3602479,tb1,-0.22213150323697092,-0.8606214278107059,0.18,-0.5135481925542629
1777027914.3643048,tb7,0.47285614909548807,-0.21681271674132932,0.18,-0.23817746614523938
1777027914.3699875,tb3,-0.7123800179767542,-0.16110493949414928,0.18,-0.2815717130750673
1777027914.4030395,tb2,0.02395917720519036,0.27206111532767024,0.18,-0.19074652062495945
1777027914.4102607,tb1,-0.23133192199939537,-0.8613467603435793,0.18,-0.5176823786273071
1777027914.414329,tb7,0.4743376927305703,-0.2257977544705242,0.18,-0.23964032490257037
1777027914.4196184,tb3,-0.7073792629033675,-0.1534693753256319,0.18,-0.27834961428022054
1777027914.4529629,tb2,0.03291260436634247,0.2705178023309579,0.18,-0.191313541309977
1777027914.4602258,tb1,-0.2405502000471397,-0.8618357683543654,0.18,-0.5215429298597344
1777027914.4642615,tb7,0.4757122969034609,-0.23480057233708404,0.18,-0.24107956255845223
1777027914.469487,tb3,-0.7022722588546204,-0.14590656699131324,0.18,-0.27527531773144803
1777027914.503032,tb2,0.041851177185195126,0.2688890400888663,0.18,-0.19186489086334738
1777027914.510133,tb1,-0.24978000450970106,-0.8620857983241603,0.18,-0.5251665114041024
1777027914.514314,tb7,0.4769789729263971,-0.2438199172068154,0.18,-0.2425090657544566
1777027914.5195618,tb3,-0.6970613368293456,-0.1384168408985618,0.18,-0.27230463151287554
1777027914.5532541,tb2,0.041851177185195126,0.2688890400888663,0.18,-0.18958225781276328
1777027914.5601418,tb1,-0.2590150072405472,-0.8620946292561735,0.18,-0.5285610760879842
1777027914.5643663,tb7,0.47813680717655216,-0.2528545915766564,0.18,-0.24393352356669223
1777027914.5695817,tb3,-0.691748743542296,-0.13100068290125572,0.17999999999999997,-0.26942771905729873
1777027914.6030498,tb2,0.05077398570602299,0.26717470422211625,0.18,-0.1901407403731363
1777027914.61018,tb1,-0.2590150072405472,-0.8620946292561735,0.18,-0.5332719528326042
1777027914.6143334,tb7,0.47813680717655216,-0.2528545915766564,0.18,-0.2425158149380929
1777027914.6196048,tb3,-0.6863368528273208,-0.12365861654658616,0.18,-0.26667151448615145
1777027914.6531575,tb2,0.059679142687101824,0.26537557651476,0.18,-0.19094003087147993
1777027914.6602292,tb1,-0.2682489622015949,-0.8618602711474127,0.18,-0.5364610477835908
1777027914.6642988,tb7,0.47918486797848203,-0.2619034033696118,0.18,-0.24395527532328007
1777027914.670052,tb3,-0.6863368528273208,-0.12365861654658616,0.18000000000000002,-0.2665104395722366
1777027914.7030537,tb2,0.06856712027378123,0.26349184912672385,0.18,-0.19173347628267515
1777027914.710261,tb1,-0.2774758026691148,-0.8613805335318244,0.18,-0.53919035082437
1777027914.714392,tb7,0.4801227686203369,-0.2709638507237356,0.18,-0.24562725949576714
1777027914.719737,tb3,-0.6808278658617798,-0.11639094145791842,0.18,-0.2638003525793448
1777027914.7529702,tb2,0.07743710525569923,0.2615232934256784,0.18,-0.19249589958667343
1777027914.7601736,tb1,-0.28668805513098433,-0.8606537078764133,0.18,-0.541597865611718
1777027914.7642584,tb7,0.48095032830307305,-0.2800358265972523,0.18,-0.24729317097549502
1777027914.7695572,tb3,-0.6752228007065494,-0.10919765285442055,0.18,-0.26097360613741105
1777027914.803147,tb2,0.0862881976455886,0.2594696756560805,0.18,-0.19321482814690827
1777027914.8101509,tb1,-0.295878644310071,-0.8596787752439811,0.18,-0.543729571678429
1777027914.8143902,tb7,0.4816665659432028,-0.28911809513088815,0.18,-0.24893298778856235
1777027914.819666,tb3,-0.6695239492375713,-0.10208010532603481,0.18,-0.2582244099959704
1777027914.853062,tb2,0.09511943860799102,0.25733082017017306,0.18,-0.19392596282095692
1777027914.860295,tb1,-0.3050405654666455,-0.8584551691633078,0.18,-0.5455926400171418
1777027914.8644352,tb7,0.482270527394918,-0.29820930768279563,0.18000000000000002,-0.2505661959504034
1777027914.8695898,tb3,-0.6637334435576532,-0.09503870789084708,0.18,-0.2555767942681814
1777027914.9036393,tb2,0.10392992755050566,0.2551065644219423,0.18,-0.1945847612115735
1777027914.910135,tb1,-0.3141667895207588,-0.8569826709442379,0.18,-0.5471283785545921
1777027914.9142647,tb7,0.4827612733755869,-0.30730817105465985,0.18,-0.25218820270969455
1777027914.919611,tb3,-0.6578533846162165,-0.08807372540491591,0.18,-0.2530336104267657
1777027914.9531019,tb2,0.10392992755050566,0.2551065644219423,0.18,-0.19230646110138058
1777027914.9601266,tb1,-0.3232502256000588,-0.8552614170435373,0.18,-0.5483802694690619
1777027914.9644437,tb7,0.4831378351536335,-0.31641332049663284,0.18,-0.25378538538066137
1777027914.969637,tb3,-0.6518857686445565,-0.08118533150507942,0.18,-0.2505819949468172
1777027915.0031888,tb2,0.11271868713985254,0.25279678378519055,0.18,-0.19297709005075206
1777027915.0109727,tb1,-0.3232502256000588,-0.8552614170435373,0.17999999999999997,-0.5537198054915906
1777027915.0143461,tb7,0.4831378351536335,-0.31641332049663284,0.18,-0.2525544911523659
1777027915.0195613,tb3,-0.6458325328874346,-0.07437371915666605,0.18,-0.2302319707823781
1777027915.0532742,tb2,0.12148384395128603,0.2504023930583579,0.18,-0.19389763524308823
1777027915.0601757,tb1,-0.3322839787428482,-0.8532918917076576,0.18,-0.5545811491357681
1777027915.064457,tb7,0.4833993134471372,-0.3255232549827003,0.18000000000000002,-0.25418608876224186
1777027915.0698423,tb3,-0.6458325328874346,-0.07437371915666605,0.18000000000000002,-0.24766319047980778
1777027915.1030996,tb2,0.130225867371486,0.2479234980096878,0.18,-0.19480176187467135
1777027915.1102948,tb1,-0.34126218044661694,-0.8510734221463143,0.18,-0.5547886227837494
1777027915.1143088,tb7,0.48354547806524284,-0.3346354414650401,0.18,-0.2560530878629386
1777027915.1196437,tb3,-0.6397035481903482,-0.06764192508537989,0.18000000000000002,-0.24696632833317042
1777027915.1530056,tb2,0.1389438854914341,0.24535988740486628,0.18,-0.19566860445990036
1777027915.1602116,tb1,-0.35017576654479154,-0.8486069039249134,0.18,-0.5546838263050483
1777027915.1644096,tb7,0.4835760673210802,-0.34374954464250684,0.18,-0.25792229378240994
1777027915.169612,tb3,-0.6334893878462297,-0.06097895915587047,0.18000000000000002,-0.24454288395397603
1777027915.2030387,tb2,0.14763694104398484,0.24271136511440553,0.18,-0.19649199445660503
1777027915.2102437,tb1,-0.3590175707158516,-0.8458941235917087,0.18,-0.5543123127236353
1777027915.2142792,tb7,0.48349017793396204,-0.352864214780759,0.17999999999999997,-0.2597778828281934
1777027915.2194877,tb3,-0.6271937023417283,-0.054393659587210846,0.18000000000000002,-0.24205568186767845
1777027915.253031,tb2,0.156304049537857,0.23997777185462305,0.18,-0.19728539134268103
1777027915.260286,tb1,-0.3677806522237515,-0.8429372441571198,0.18,-0.5536645975681932
1777027915.2642908,tb7,0.483286863755054,-0.3619779240450617,0.18,-0.2616177849941989
1777027915.2696898,tb3,-0.6208185940045355,-0.047886870809135396,0.18,-0.23965163222861272
1777027915.3030891,tb2,0.16494423519390275,0.23715898231035315,0.18,-0.1980477908077784
1777027915.3102891,tb1,-0.37645820101085836,-0.8397387718813962,0.18,-0.5527380745585129
1777027915.3143876,tb7,0.48296520827785355,-0.3710891358953969,0.18,-0.263444803794472
1777027915.3198392,tb3,-0.6143659296211563,-0.041458702537590805,0.18,-0.23734686293528698
1777027915.3529105,tb2,0.173556530755926,0.23425488385250992,0.18,-0.19879370422273054
1777027915.3601596,tb1,-0.3850435423437528,-0.8363015599584658,0.18,-0.5515301191093596
1777027915.3642457,tb7,0.48252429055856,-0.3801962926462814,0.18,-0.2652638637795976
1777027915.3695521,tb3,-0.6078375610097448,-0.035109190835662704,0.18000000000000002,-0.23515522643517367
1777027915.4030976,tb2,0.173556530755926,0.23425488385250992,0.18,-0.19647197988713022
1777027915.410236,tb1,-0.39353018530382583,-0.8326287739680571,0.18,-0.5500813438065175
1777027915.414274,tb7,0.4819632516592909,-0.38929770610685793,0.18,-0.26708457663934443
1777027915.4196806,tb3,-0.60123511386649,-0.02883826145236524,0.17999999999999997,-0.23302764144535978
1777027915.4530425,tb2,0.18213995067120645,0.23126539564118653,0.18,-0.19718904794917166
1777027915.4603422,tb1,-0.39353018530382583,-0.8326287739680571,0.18,-0.5554931083492788
1777027915.464328,tb7,0.4819632516592909,-0.38929770610685793,0.18000000000000002,-0.2661065055228274
1777027915.4695973,tb3,-0.5945603487582148,-0.02264600741849393,0.18,-0.23099361724180076
1777027915.50295,tb2,0.19069254157705604,0.22819154329612804,0.18,-0.19816272195834028
1777027915.5101502,tb1,-0.4019119408155564,-0.8287238261700984,0.18,-0.5537060473274275
1777027915.5142822,tb7,0.48128122887657737,-0.39839178628864647,0.17999999999999997,-0.267957800033097
1777027915.5196002,tb3,-0.5945603487582148,-0.02264600741849393,0.18,-0.23006231381090805
1777027915.5530603,tb2,0.19921478159442238,0.22503346219223844,0.18,-0.19910505513010604
1777027915.5601704,tb1,-0.4101843389758346,-0.8245876507305454,0.18,-0.5509781326329996
1777027915.5642705,tb7,0.4804780857552066,-0.4074757450868973,0.18,-0.2700483401505317
1777027915.5696626,tb3,-0.5878149765876544,-0.016532388828572307,0.18,-0.2280773583777076
1777027915.602968,tb2,0.20770577288663497,0.22179099534282176,0.18,-0.20001415897628644
1777027915.6102731,tb1,-0.4183380918509275,-0.8202243332594071,0.18,-0.5480165995409884
1777027915.6143124,tb7,0.47955353998543,-0.41654908828079806,0.18,-0.2721422114302216
1777027915.619631,tb3,-0.5809999891810292,-0.010497276202991365,0.18,-0.226067688325255
1777027915.652938,tb2,0.21616448730877055,0.21846403026748032,0.18,-0.20088285656969193
1777027915.660214,tb1,-0.42636728652400696,-0.8156385172930649,0.18,-0.544857649281841
1777027915.664303,tb7,0.4785067282428789,-0.4256101394894539,0.18,-0.2742321134747091
1777027915.669474,tb3,-0.5741171439615715,-0.004541180916737442,0.18,-0.22413616444035725
1777027915.7030613,tb2,0.22458992418827353,0.21505245949035745,0.18,-0.2017043553988678
1777027915.710223,tb1,-0.4342664524479853,-0.810835113457017,0.18,-0.5415568305673776
1777027915.7143688,tb7,0.47733677988961887,-0.43465717473036247,0.18,-0.27630834424807676
1777027915.719637,tb3,-0.5671679854606306,0.0013359171061965915,0.18,-0.22227167792082864
1777027915.7529776,tb2,0.23298102475806076,0.21155622917334568,0.18,-0.20250567078624035
1777027915.7602282,tb1,-0.4420305246553406,-0.8058192076822955,0.18,-0.5381077659491728
1777027915.7643762,tb7,0.4760428132966234,-0.4436883630633758,0.18,-0.27837823613147455
1777027915.7697132,tb3,-0.5601540211907376,0.00713404201480829,0.18,-0.22048176875911263
1777027915.8030314,tb2,0.24133676899476939,0.20797531105933498,0.18,-0.20327295303870077
1777027915.8102667,tb1,-0.44965469857611734,-0.8005960046473398,0.18,-0.5345128328662204
1777027915.8144248,tb7,0.47462402356583955,-0.4527017818483797,0.18000000000000002,-0.2804574001427597
1777027915.819575,tb3,-0.5530766789093231,0.012853247009001112,0.18,-0.21875838723633675
1777027915.8530312,tb2,0.24965611483625585,0.20430972887290128,0.18,-0.20402324933008908
1777027915.8601859,tb1,-0.4571344156909996,-0.7951708180509638,0.18,-0.5307558960498332
1777027915.8643486,tb7,0.47307966321646133,-0.4616955365996083,0.18,-0.28255257839006964
1777027915.8696983,tb3,-0.5459373739445775,0.01849354015195831,0.18,-0.21708981195289107
1777027915.9031012,tb2,0.24965611483625585,0.20430972887290128,0.18,-0.20172535383978907
1777027915.9102008,tb1,-0.46446533018616426,-0.789549184692871,0.18,-0.5268853435053887
1777027915.9142585,tb7,0.4714089771283428,-0.47066773147317154,0.18,-0.28465763654727144
1777027915.919686,tb3,-0.5387374991800924,0.024054942056061436,0.18,-0.21548541564255144
1777027915.952971,tb2,0.25793800270290135,0.20055953177810498,0.18,-0.2024772557138053
1777027915.96024,tb1,-0.46446533018616426,-0.789549184692871,0.18,-0.5318955775717293
1777027915.9641697,tb7,0.46961116458758556,-0.4796164350469813,0.18,-0.28676256771228853
1777027915.9696217,tb3,-0.5314784776905528,0.02953749116511534,0.18,-0.21395140975034446
1777027916.0031273,tb2,0.26618066342280783,0.19672595719496422,0.18,-0.20346235348999459
1777027916.0102944,tb1,-0.4716435034467042,-0.7837368163119024,0.18,-0.5278464683264883
1777027916.0142674,tb7,0.46961116458758556,-0.4796164350469813,0.18,-0.28619138424028806
1777027916.0195796,tb3,-0.5241615630435233,0.034941273156072566,0.18,-0.2054890155177529
1777027916.0531871,tb2,0.2743844844508884,0.19280904707765065,0.18,-0.2044300322518474
1777027916.0602431,tb1,-0.478666646806916,-0.777735225060862,0.18,-0.5227435134008769
1777027916.064345,tb7,0.467685515220476,-0.4885395492120347,0.18000000000000002,-0.28836542382323077
1777027916.069555,tb3,-0.5241615630435233,0.034941273156072566,0.18,-0.21114383130507253
1777027916.1030395,tb2,0.2825484988747945,0.18880875243446102,0.18,-0.20536376142077542
1777027916.1101873,tb1,-0.4855270193302617,-0.7715512922758823,0.18,-0.5175362399546937
1777027916.1142838,tb7,0.46563227785526146,-0.4974341035824166,0.18,-0.29079223477635346
1777027916.1195054,tb3,-0.5167912868531662,0.04026583741542619,0.18,-0.21030325662436503
1777027916.1530116,tb2,0.29067163912774935,0.1847250486401548,0.18,-0.20625443387989653
1777027916.160308,tb1,-0.4922211967846842,-0.7651914921081637,0.18,-0.5123691530950397
1777027916.1644425,tb7,0.46345105557360367,-0.5062992722350745,0.17999999999999997,-0.2932364182882414
1777027916.1696675,tb3,-0.5093640460439331,0.045514511976750945,0.18,-0.20887455813693848
1777027916.2030532,tb2,0.2987528086974805,0.18055795900692584,0.18,-0.20711081024344405
1777027916.2103245,tb1,-0.49874654761596043,-0.7586621345213397,0.18,-0.507204611515452
1777027916.2143571,tb7,0.4611411187205844,-0.5151329708674821,0.18,-0.29569420365306054
1777027916.219575,tb3,-0.5018823550849814,0.05068443488098734,0.18,-0.20745500341774015
1777027916.2530315,tb2,0.30679095547753005,0.17630750342463072,0.18,-0.20793544879090312
1777027916.260184,tb1,-0.505100629264125,-0.751969623727348,0.18,-0.5020695372104249
1777027916.2644565,tb7,0.4587017169260314,-0.5239330965284105,0.18,-0.2981476633024089
1777027916.2695906,tb3,-0.49434759964764025,0.05577543123783005,0.18,-0.20608897253461064
1777027916.303064,tb2,0.314784965641101,0.1719737760535308,0.18,-0.2087357471916526
1777027916.3102448,tb1,-0.511281445277295,-0.7451201247181469,0.18,-0.4969623637569986
1777027916.314317,tb7,0.45613216321598643,-0.5326973188759009,0.18,-0.30062313806315594
1777027916.3196313,tb3,-0.486760962100607,0.06078757944108775,0.18,-0.20477108796843335
1777027916.3530273,tb2,0.3227337792824409,0.16755687817622478,0.18,-0.2095179499971793
1777027916.3601928,tb1,-0.5172870775453183,-0.7381198380290617,0.18,-0.49186506644122396
1777027916.3642642,tb7,0.45343178511359333,-0.5414234155745291,0.18,-0.3031097121504409
1777027916.3695028,tb3,-0.47912364528456497,0.06572091817219833,0.18,-0.20351262476758725
1777027916.4031284,tb2,0.3227337792824409,0.16755687817622478,0.18,-0.2072664840911739
1777027916.4101138,tb1,-0.5231158826624869,-0.7309749449340227,0.18,-0.48679830409259656
1777027916.4142578,tb7,0.45059990251763615,-0.550109060048704,0.17999999999999997,-0.3056074246882985
1777027916.4195876,tb3,-0.471436803614987,0.07057552341263901,0.18,-0.20229873212470273
1777027916.4529593,tb2,0.33063630953677897,0.16305693941244517,0.18,-0.20804612355742952
1777027916.4601123,tb1,-0.5287664851457115,-0.7236914637868334,0.18,-0.447801452741789
1777027916.4642189,tb7,0.4476359509397753,-0.5587518048159856,0.18,-0.3081335911335099
1777027916.4694686,tb3,-0.4637015362033391,0.0753514584202363,0.18,-0.20113359657390056
1777027916.5031168,tb2,0.3384907375076533,0.158475409157343,0.18,-0.20907535780337175
1777027916.5101824,tb1,-0.5287664851457115,-0.7236914637868334,0.18,-0.4859027401974764
1777027916.514319,tb7,0.4476359509397753,-0.5587518048159856,0.17999999999999997,-0.3080408837249012
1777027916.5197425,tb3,-0.45591891960626146,0.08004875833192433,0.18,-0.19998699904223097
1777027916.5531356,tb2,0.3462975034216449,0.15381231660590194,0.18,-0.21008531488689475
1777027916.560175,tb1,-0.5342359286399616,-0.7162899158563987,0.18,-0.4839102975668504
1777027916.5642824,tb7,0.44453945958459695,-0.5673492027207342,0.18,-0.3106578264761821
1777027916.5695906,tb3,-0.45591891960626146,0.08004875833192433,0.18,-0.1983751338750754
1777027916.6030393,tb2,0.35405558993446135,0.14906769165625247,0.18,-0.21106360701222937
1777027916.6102557,tb1,-0.539537848921082,-0.7087497778334325,0.18,-0.4778367327658005
1777027916.614304,tb7,0.4413108051172342,-0.5758981233537241,0.18,-0.31353284394957964
1777027916.6199367,tb3,-0.4480900932810553,0.08466743852943567,0.18,-0.19726295016663262
1777027916.6530886,tb2,0.3617638521442944,0.14424161551164635,0.18,-0.21199990507906258
1777027916.660158,tb1,-0.5446548602824419,-0.7010847679161094,0.18,-0.4715377512138881
1777027916.6642635,tb7,0.43794963758988953,-0.5843972068777673,0.18,-0.31644218684472064
1777027916.6695027,tb3,-0.44021637035048,0.08920756682256094,0.18,-0.19627307218353102
1777027916.7029502,tb2,0.36942115649997026,0.13933419764597252,0.18,-0.21291223953285357
1777027916.7101345,tb1,-0.54958532821479,-0.6933021768851622,0.18,-0.46543761633318986
1777027916.7142453,tb7,0.43445534924066737,-0.5928440267274325,0.18,-0.3193531128469811
1777027916.719494,tb3,-0.43229865085493324,0.09366939635006252,0.18,-0.19531612053660455
1777027916.7529263,tb2,0.37702636474889323,0.13434558196979385,0.18,-0.21379229875755038
1777027916.7601478,tb1,-0.5543293945349579,-0.6854081408039288,0.18,-0.45951965689535834
1777027916.7643495,tb7,0.43082738186936914,-0.6012358616336424,0.18,-0.3222812218666951
1777027916.7695298,tb3,-0.4243379082594234,0.09805300283947924,0.18,-0.19439233176810666
1777027916.8030407,tb2,0.38457832993272906,0.1292759814404836,0.18,-0.21465052020701947
1777027916.8102236,tb1,-0.5588872897675193,-0.6774083834987398,0.18,-0.45373048044182596
1777027916.8142703,tb7,0.42706532403365877,-0.6095699385034699,0.18000000000000002,-0.3252475701767315
1777027916.8194807,tb3,-0.41633510197067297,0.10235840864215595,0.18,-0.19350004031023071
1777027916.8529632,tb2,0.3920759506292686,0.12412561046958953,0.18,-0.2155020121675837
1777027916.8601716,tb1,-0.5632592196317839,-0.6693088244082971,0.18,-0.44809756921516736
1777027916.8642704,tb7,0.42316872221941554,-0.6178436002632923,0.18,-0.3282349470839075
1777027916.8695047,tb3,-0.4082912260562587,0.10658560531039304,0.18,-0.192640006599102
1777027916.90301,tb2,0.3920759506292686,0.12412561046958953,0.18,-0.2133284814269807
1777027916.910105,tb1,-0.5674456982376387,-0.6611150115091926,0.18,-0.44260605785414947
1777027916.9143672,tb7,0.4191371880855213,-0.6260539951694426,0.18,-0.33125309020820676
1777027916.9195008,tb3,-0.40020722941021153,0.11073461670137436,0.18,-0.1918132065305887
1777027916.9530616,tb2,0.39951811955631966,0.11889468811511426,0.18,-0.21416835377288343
1777027916.9601233,tb1,-0.5714472616237359,-0.6528322302599051,0.18,-0.43722766008320024
1777027916.9642262,tb7,0.41497045282537964,-0.6341982154579388,0.18,-0.33431218752333564
1777027916.9695425,tb3,-0.3920840311017738,0.11480545245287478,0.18,-0.19101159558275532
1777027917.0031476,tb2,0.4069030391279355,0.11358481838011888,0.18,-0.21527730581844873
1777027917.010352,tb1,-0.5714472616237359,-0.6528322302599051,0.18,-0.44045675873600876
1777027917.0143018,tb7,0.4106683256377684,-0.6422733450663201,0.18,-0.33742646727743747
1777027917.0196576,tb3,-0.38392254011584726,0.11879810347627695,0.18,-0.19023379533236107
1777027917.0535038,tb2,0.41423111362651427,0.10819606178863941,0.18,-0.21636485928341695
1777027917.060143,tb1,-0.5752644510253656,-0.6444656401400425,0.18,-0.4350534161905858
1777027917.0644772,tb7,0.4106683256377684,-0.6422733450663201,0.18,-0.3380255967970653
1777027917.0697207,tb3,-0.37572369570462527,0.12271256336938495,0.18,-0.18949286181528782
1777027917.1031227,tb2,0.42150127993229497,0.10272855705602679,0.18,-0.21745446170520677
1777027917.1103368,tb1,-0.5788975293028494,-0.6360163736444566,0.18,-0.42892765932730725
1777027917.1144152,tb7,0.406230511359781,-0.6502764908390095,0.18,-0.34125125373444476
1777027917.1195552,tb3,-0.37572369570462527,0.12271256336938495,0.18,-0.18762435193885607
1777027917.1531353,tb2,0.4287123685424233,0.09718250329879845,0.18,-0.2184962405692633
1777027917.1602423,tb1,-0.5823440795046205,-0.6274921938955134,0.18,-0.4229233530584572
1777027917.1644318,tb7,0.4016579487578745,-0.6582039604182427,0.18,-0.34474650888506003
1777027917.1697087,tb3,-0.3674883696372974,0.12654883815486936,0.18,-0.18688376592028097
1777027917.2030451,tb2,0.4358632083241587,0.09155809492934325,0.18,-0.21950896144353899
1777027917.2103212,tb1,-0.5856051822458003,-0.6188986872124949,0.18,-0.41718446113645746
1777027917.2143178,tb7,0.3969504058166175,-0.6660539788427657,0.18,-0.348260985574703
1777027917.2195146,tb3,-0.35921808543669814,0.13030694056493858,0.18,-0.18630566062149834
1777027917.2531881,tb2,0.44295258383190356,0.0858555701553765,0.18,-0.22048555198513708
1777027917.260273,tb1,-0.5886824965787858,-0.6102408092849654,0.18,-0.4116689565264763
1777027917.264374,tb7,0.3921076287497155,-0.6738233690350426,0.18,-0.35178915774294045
1777027917.2696009,tb3,-0.3509133198475794,0.13398735914597507,0.18,-0.18574765146800273
1777027917.3036246,tb2,0.4499792742587259,0.08007525261864139,0.18,-0.22143871692312952
1777027917.310163,tb1,-0.5915776301188497,-0.601523193051866,0.18,-0.4063340735956518
1777027917.3143752,tb7,0.38712952259349015,-0.6815087811174984,0.18,-0.35534500241579814
1777027917.3195376,tb3,-0.3425748675948214,0.13759009460261323,0.18,-0.18521475744298735
1777027917.35296,tb2,0.4569421260551533,0.07421745661801801,0.18,-0.22242579130589527
1777027917.360206,tb1,-0.5942921047567287,-0.5927504375232377,0.18,-0.4011864000087586
1777027917.3642354,tb7,0.38201608153606775,-0.6891068860784745,0.18,-0.35893023336445196
1777027917.3695369,tb3,-0.33420354880572417,0.1411151035314712,0.18,-0.18469767324886746
1777027917.4030597,tb2,0.46383997493508855,0.06828250119319619,0.18,-0.22336760703396313
1777027917.4101255,tb1,-0.5968274852733246,-0.5839268828227793,0.18,-0.3961861929939352
1777027917.4143488,tb7,0.37676734326846245,-0.6966143136425121,0.18,-0.3625494852051824
1777027917.4197385,tb3,-0.32580017802154393,0.144562334864668,0.18,-0.1841908664763537
1777027917.4530866,tb2,0.47067162052919237,0.06227078830617249,0.18,-0.22431104753556377
1777027917.4601934,tb1,-0.5991852931626851,-0.5750567056196074,0.18,-0.39132484892359504
1777027917.4644036,tb7,0.3713835043321514,-0.7040275705680192,0.18,-0.36621169571782874
1777027917.469698,tb3,-0.3173655610870168,0.1479317360930605,0.18,-0.18371196774039342
1777027917.5030627,tb2,0.47067162052919237,0.06227078830617249,0.18,-0.2222689381673087
1777027917.5106251,tb1,-0.6013670721912219,-0.5661440358077402,0.18,-0.3568530933309141
1777027917.514289,tb7,0.36586479120991994,-0.7113431878267126,0.18,-0.3699073841621985
1777027917.5194974,tb3,-0.30890050240957656,0.15122325502194414,0.18,-0.18325893425730494
1777027917.5530496,tb2,0.4774358707168896,0.056182741911116905,0.18,-0.22323666199053946
1777027917.5601556,tb1,-0.6013670721912219,-0.5661440358077402,0.18,-0.38880137780635143
1777027917.564332,tb7,0.36586479120991994,-0.7113431878267126,0.18,-0.3713010479448109
1777027917.5695696,tb3,-0.3004058207386681,0.1544368504183144,0.18,-0.18281005352702254
1777027917.6030855,tb2,0.48413122152321886,0.05002010901375094,0.18,-0.22445206828527098
1777027917.6102183,tb1,-0.603378276025184,-0.5572057540014167,0.18,-0.3868912709009145
1777027917.6143072,tb7,0.36021130460806244,-0.7185576371385831,0.18,-0.37508562618500274
1777027917.6195574,tb3,-0.3004058207386681,0.1544368504183144,0.18,-0.18075332258134097
1777027917.6530275,tb2,0.4907578246106767,0.0437828350676368,0.18,-0.22566222717804668
1777027917.660147,tb1,-0.6052236598915729,-0.5482191351201452,0.18,-0.3816598151862941
1777027917.664202,tb7,0.35442448316127156,-0.7256668209488848,0.18,-0.379105349235581
1777027917.6694996,tb3,-0.2918823016928921,0.1575724766443875,0.18,-0.18032702430078015
1777027917.7034848,tb2,0.49731448202097017,0.037471211822799715,0.18,-0.22682629791869988
1777027917.71026,tb1,-0.6068944735119333,-0.5391998395445831,0.18,-0.37635828626107953
1777027917.7144492,tb7,0.3485045879617208,-0.7326680535972785,0.18,-0.3831634226535321
1777027917.719623,tb3,-0.28333153978530035,0.16063022121095885,0.18,-0.18007103617243492
1777027917.7530382,tb2,0.5037999236163864,0.031085599060663948,0.18,-0.2280057986673334
1777027917.760286,tb1,-0.6083921178703028,-0.5301528034336708,0.18,-0.3712681062671501
1777027917.764472,tb7,0.34245202677192543,-0.7395576117745231,0.18,-0.38721482476480057
1777027917.769567,tb3,-0.2747537159377334,0.16361062123186243,0.18,-0.17984163653373836
1777027917.8029788,tb2,0.5102128912093702,0.024626375310373785,0.18,-0.22915099611205642
1777027917.8101895,tb1,-0.6097188718186567,-0.5210819076807605,0.18,-0.3664339211676823
1777027917.8142772,tb7,0.33626730557647483,-0.7463315851686718,0.18,-0.39125042102218205
1777027917.8194818,tb3,-0.2661495199890148,0.166513607207442,0.18,-0.17962119477252095
1777027917.8529885,tb2,0.5165521113920966,0.018093936129948158,0.18,-0.2302767012735433
1777027917.8602448,tb1,-0.6108770631052016,-0.5119904024452717,0.18,-0.36179948779065113
1777027917.864279,tb7,0.3299510741997419,-0.7529859511730629,0.18,-0.3952890114257835
1777027917.869496,tb3,-0.2575196746043838,0.16933906827107761,0.18,-0.17940334912911443
1777027917.9029388,tb2,0.522816302738085,0.011488761236567856,0.18,-0.23139930821425084
1777027917.910145,tb1,-0.61186879147462,-0.5028815205679432,0.18,-0.35732483541339904
1777027917.9142992,tb7,0.3235042984805506,-0.7595166193933411,0.18,-0.39935716576471086
1777027917.9195786,tb3,-0.2488649052351785,0.17208688618085022,0.18,-0.17918993806359212
1777027917.9531198,tb2,0.522816302738085,0.011488761236567856,0.18,-0.2294703512904705
1777027917.9605591,tb1,-0.6126960595171796,-0.49375838353143287,0.18,-0.32490768799886294
1777027917.9642963,tb7,0.31692801587399116,-0.7659196207805437,0.18,-0.40345139600645247
1777027917.9695756,tb3,-0.2401859355761034,0.17475694264496597,0.18,-0.1789884141497367
1777027918.0030835,tb2,0.5290041775675229,0.004811404527291017,0.18,-0.23062305355695126
1777027918.010256,tb1,-0.6126960595171796,-0.49375838353143287,0.18,-0.35447133490979493
1777027918.0143745,tb7,0.31692801587399116,-0.7659196207805437,0.18,-0.4056982918062466
1777027918.0194304,tb3,-0.2314835035054018,0.17734912725599103,0.18,-0.1787971078684654
1777027918.0530179,tb2,0.5351143268847761,-0.0019362828896983219,0.18,-0.23202179006627607
1777027918.0602267,tb1,-0.6133662405766271,-0.48463537735688633,0.18,-0.3527357444690427
1777027918.0644197,tb7,0.3102231101898097,-0.7721909760827572,0.18,-0.4098683654617952
1777027918.0696511,tb3,-0.2314835035054018,0.17734912725599103,0.18,-0.17660290684770705
1777027918.1030424,tb2,0.5411467451365234,-0.008754376424129288,0.18,-0.23340902263244295
1777027918.110198,tb1,-0.6138805080201949,-0.4754910862616993,0.18,-0.3480751459267975
1777027918.1143832,tb7,0.30339158726573057,-0.7783263292700513,0.18,-0.4141817717592325
1777027918.1195674,tb3,-0.2227584041395169,0.1798633211042633,0.18,-0.17643412025352184
1777027918.1529284,tb2,0.5471001480901672,-0.015642480472517286,0.18,-0.23477654536145143
1777027918.160143,tb1,-0.6142332991973501,-0.46634044478029324,0.18,-0.3433789077569987
1777027918.1642935,tb7,0.29643457209790824,-0.7843221815405214,0.18,-0.41848467933992506
1777027918.1694765,tb3,-0.21401222518259455,0.1822997390017122,0.18,-0.17645559327357688
1777027918.2030976,tb2,0.5529731826399545,-0.022600124804312238,0.18,-0.2361133484294466
1777027918.2101882,tb1,-0.6144265123501553,-0.4571873065296575,0.18,-0.3388814650170904
1777027918.2143836,tb7,0.28935352601529707,-0.7901743084484294,0.18,-0.4227820739246446
1777027918.2196813,tb3,-0.20524494428241563,0.18465886610352433,0.18,-0.17647255116984237
1777027918.252985,tb2,0.5587644971142979,-0.029626813781825828,0.18,-0.23744335034390118
1777027918.2602048,tb1,-0.6144625548037942,-0.44803454956061006,0.17999999999999997,-0.3346070940966775
1777027918.2643797,tb7,0.28214996313846974,-0.7958784847985224,0.18,-0.4270305283543818
1777027918.2696645,tb3,-0.19645718109612256,0.1869405538326569,0.18,-0.17649505012740108
1777027918.3029594,tb2,0.5644727360649479,-0.03672202940815228,0.18,-0.23875495107701136
1777027918.3101718,tb1,-0.6143438688774967,-0.4388847192121862,0.18,-0.33053444915458247
1777027918.314308,tb7,0.2748256067140457,-0.8014303152033433,0.18,-0.43122803778397023
1777027918.3194838,tb3,-0.1876496174525496,0.18914461475435324,0.18,-0.17652277238545303
1777027918.352992,tb2,0.5644727360649479,-0.03672202940815228,0.18,-0.23695904180309132
1777027918.3600779,tb1,-0.6140727372788618,-0.42974017276924975,0.18,-0.32662570103458816
1777027918.3642552,tb7,0.26738247117148395,-0.8068253984312073,0.18,-0.4353948291320223
1777027918.3696327,tb3,-0.17882293376190647,0.1912708663823433,0.18,-0.17653497950365726
1777027918.4031234,tb2,0.5700965357519696,-0.043885197338911074,0.18,-0.23827619612065726
1777027918.4102585,tb1,-0.6140727372788618,-0.42974017276924975,0.18,-0.32751944699578206
1777027918.4143028,tb7,0.25982275906087005,-0.8120594284677156,0.18,-0.43953803020223425
1777027918.4195766,tb3,-0.16997781866799383,0.19331913058007957,0.18,-0.1765572151649025
1777027918.452957,tb2,0.5756343272104903,-0.05111416851087269,0.18,-0.23988469647018915
1777027918.4601293,tb1,-0.613651302577114,-0.4206032285416166,0.18,-0.32367588486611604
1777027918.4643,tb7,0.25982275906087005,-0.8120594284677156,0.18,-0.44272540623866485
1777027918.4694023,tb3,-0.16111495820589397,0.19528923979415647,0.18,-0.17659016999061414
1777027918.5029633,tb2,0.5810861896078804,-0.058409042178249916,0.18,-0.24147659913766192
1777027918.5101764,tb1,-0.6130805070705376,-0.4114743541510958,0.18,-0.31953560167556755
1777027918.514358,tb7,0.2521487210378555,-0.8171281284665053,0.18,-0.4469365904647761
1777027918.5199897,tb3,-0.15223503506790073,0.197181028736326,0.18,-0.15616676121500786
1777027918.5531373,tb2,0.586450735638276,-0.06576927259879561,0.18,-0.24304769198152062
1777027918.5601404,tb1,-0.6123615156128593,-0.40235779677271327,0.18,-0.31553055265483604
1777027918.5642598,tb7,0.24436331297159294,-0.822027217360121,0.18,-0.45115954642057704
1777027918.56959,tb3,-0.15223503506790073,0.197181028736326,0.18,-0.17431911618475274
1777027918.6029892,tb2,0.591726585404458,-0.07319428003846436,0.18,-0.2446036376859638
1777027918.6101742,tb1,-0.61149653696022,-0.39325589391637705,0.18,-0.3116837624124525
1777027918.6142988,tb7,0.23646907237376733,-0.826752829863322,0.18,-0.45532462627872305
1777027918.6195705,tb3,-0.14334825654697303,0.19899695032816436,0.18,-0.1762128867334891
1777027918.653021,tb2,0.5969123076707951,-0.080683416201493,0.18,-0.2461489839601019
1777027918.6602592,tb1,-0.6104878163071076,-0.38417072843337596,0.18,-0.308019195973334
1777027918.6643987,tb7,0.22846880842081518,-0.8313007652189066,0.18,-0.45941946615658313
1777027918.6695063,tb3,-0.13443905221663321,0.2007407148197176,0.18,-0.17646561648456766
1777027918.702933,tb2,0.6020064988896867,-0.088236050033994,0.18000000000000002,-0.24768308432604336
1777027918.71016,tb1,-0.6093376010057235,-0.3751043034158208,0.18,-0.30452295788711564
1777027918.714439,tb7,0.22036548039553566,-0.8356668022164588,0.18,-0.4634025896378686
1777027918.719668,tb3,-0.12551409636544847,0.20240640143649932,0.18,-0.17655071716142284
1777027918.7530315,tb2,0.6070077107470935,-0.09585151251098932,0.18,-0.24919649551615772
1777027918.7602267,tb1,-0.6080481055222344,-0.366058455347231,0.18,-0.30118061461494455
1777027918.7642975,tb7,0.21216229381906554,-0.8398466749960343,0.18,-0.46725584448287744
1777027918.7694778,tb3,-0.11657469838170795,0.20399332092608372,0.18,-0.17664715202834105
1777027918.8030245,tb2,0.611914482487381,-0.10352908562749757,0.18,-0.2507037675804412
1777027918.8102388,tb1,-0.6066214882016523,-0.3570349788013148,0.18,-0.2979821059216154
1777027918.8143559,tb7,0.20386264408997898,-0.8438361911599667,0.18,-0.47099598318850433
1777027918.8196347,tb3,-0.10762159505982472,0.2055012750615828,0.18,-0.17673559177412304
1777027918.8532517,tb2,0.6167253724572496,-0.11126796043625597,0.18,-0.24363910381042864
1777027918.8602476,tb1,-0.6050597898090204,-0.3480355198115262,0.18000000000000002,-0.2949009512166367
1777027918.8642943,tb7,0.1954702877397749,-0.8476312517967612,0.18,-0.47461509477125485
1777027918.8696218,tb3,-0.09865547770326681,0.20693009841687557,0.18,-0.1768422250748078
1777027918.9030342,tb2,0.6167253724572496,-0.11126796043625597,0.17999999999999997,-0.2506388847480215
1777027918.910159,tb1,-0.6033650026685008,-0.33906175894813195,0.17999999999999997,-0.2919315847367066
1777027918.914252,tb7,0.18698899115532816,-0.8512279324862816,0.18,-0.4780882654276844
1777027918.9194732,tb3,-0.08967703241592556,0.20827963228371485,0.18,-0.17696255161666494
1777027918.9530146,tb2,0.6214387639262506,-0.11906336357228528,0.18,-0.25290786971661516
1777027918.9603255,tb1,-0.6033650026685008,-0.33906175894813195,0.18,-0.2921082741942468
1777027918.9643617,tb7,0.17842301394430918,-0.8546224254033215,0.18,-0.4814641517681302
1777027918.969515,tb3,-0.08068694958871696,0.2095497180429469,0.18,-0.17708838581259936
1777027919.002985,tb2,0.6260567312774357,-0.12691906379262194,0.18000000000000002,-0.2547311593649906
1777027919.0105858,tb1,-0.601538946565432,-0.3301152051920291,0.17999999999999997,-0.28915789398549185
1777027919.0142624,tb7,0.17842301394430918,-0.8546224254033215,0.18,-0.4857803474920569
1777027919.0194433,tb3,-0.07168591847756546,0.21074019736247243,0.18,-0.1772334756093803
1777027919.0532587,tb2,0.6305758660812923,-0.13483331215563849,0.18000000000000002,-0.25647921416519537
1777027919.060269,tb1,-0.5995824961162893,-0.32119639658904514,0.18000000000000002,-0.2860083005401974
1777027919.0648718,tb7,0.169776540434349,-0.857811150606523,0.18,-0.4891517200518204
1777027919.0700247,tb3,-0.06267462615887517,0.2118509106929164,0.18,-0.15689611500434675
1777027919.1029904,tb2,0.6349944103763541,-0.14280511829650588,0.18,-0.25823663465531926
1777027919.1102943,tb1,-0.5974971200931475,-0.31230829986975045,0.18,-0.282954492100979
1777027919.114328,tb7,0.16105347535125844,-0.8607904846201875,0.18,-0.4921433462840681
1777027919.119545,tb3,-0.06267462615887517,0.2118509106929164,0.18,-0.17501192924275008
1777027919.1530187,tb2,0.6393108848048518,-0.15083361305693926,0.18,-0.2599721509356319
1777027919.1602073,tb1,-0.5952847753423154,-0.30345251472003126,0.18,-0.28001174058377143
1777027919.1643474,tb7,0.1522588170775145,-0.863556691948389,0.18,-0.4949846150344766
1777027919.1696155,tb3,-0.05366271736972438,0.21288516331521654,0.18,-0.1769701461351205
1777027919.202923,tb2,0.6435237924762068,-0.15891792417399767,0.18,-0.2617094262371168
1777027919.210156,tb1,-0.5929474866187601,-0.29463050526159174,0.18,-0.2772210779331455
1777027919.2142618,tb7,0.14339740040476556,-0.8661064943283355,0.18,-0.4976190429638593
1777027919.2195547,tb3,-0.04463489944636939,0.21384489601716164,0.18,-0.1773571544502601
1777027919.2529666,tb2,0.6476315995199992,-0.16705717126459876,0.18,-0.2634289742246749
1777027919.2602463,tb1,-0.5904872619945684,-0.28584351059512975,0.18,-0.27455272514671664
1777027919.2643797,tb7,0.13447427756735106,-0.8684367455930856,0.18,-0.5000669141312982
1777027919.2696648,tb3,-0.03559822592463414,0.21472502351990402,0.18,-0.1776121784826213
1777027919.3031054,tb2,0.6516327538203436,-0.17525028619058886,0.18,-0.265155225678719
1777027919.3101757,tb1,-0.587905950791233,-0.2770926953529339,0.18,-0.27197749572693575
1777027919.314325,tb7,0.12549474770534239,-0.8705445721227647,0.18,-0.5023026655477416
1777027919.3195744,tb3,-0.02655394306202917,0.21552501859502002,0.18,-0.17787742317091845
1777027919.353006,tb2,0.6555257886129131,-0.18349624711521184,0.17999999999999997,-0.2668971238940677
1777027919.360169,tb1,-0.5852053254243708,-0.2683792854174067,0.18,-0.2694866587579175
1777027919.3643017,tb7,0.11646420738651013,-0.8724273937033012,0.18,-0.5043385754909713
1777027919.3695302,tb3,-0.017502787104747026,0.21624467437505834,0.18,-0.17815072108145175
1777027919.4029877,tb2,0.6555257886129131,-0.18349624711521184,0.17999999999999997,-0.26557234643622885
1777027919.410253,tb1,-0.5823871411898554,-0.2597044881925135,0.18000000000000002,-0.2670790153377101
1777027919.4143515,tb7,0.10738815948625687,-0.874082847923849,0.18,-0.5061637329520693
1777027919.4195232,tb3,-0.008445455277455043,0.2168838005028291,0.18,-0.17843280391601826
1777027919.4529498,tb2,0.6593092216103658,-0.19179400970389943,0.18,-0.26735077867542845
1777027919.46015,tb1,-0.5794530893994039,-0.25106943153831734,0.17999999999999997,-0.2647453314569546
1777027919.4642112,tb7,0.09827231835243425,-0.8755088177680914,0.18,-0.50775252133418
1777027919.469494,tb3,0.0006173489717880763,0.21744220633487216,0.18,-0.17872597318303501
1777027919.5029876,tb2,0.6629816808276022,-0.20014098288529927,0.18,-0.2694112363064113
1777027919.5104632,tb1,-0.5764048258263432,-0.24247523195925802,0.18,-0.23923142418496304
1777027919.5143733,tb7,0.08912250718796876,-0.8767034778579817,0.18,-0.5091556277781483
1777027919.5194554,tb3,0.009684913855464494,0.21791970609652134,0.18,-0.17903268407753614
1777027919.5529702,tb2,0.6665428684565726,-0.20853693379351362,0.17999999999999997,-0.2714937514724551
1777027919.560142,tb1,-0.5764048258263432,-0.24247523195925802,0.17999999999999997,-0.26200822089527365
1777027919.5643013,tb7,0.07994462834388308,-0.877665282881841,0.18,-0.5103018024306863
1777027919.5696,tb3,0.018756526957292952,0.21831611847579407,0.18,-0.17933761273870588
1777027919.6029756,tb2,0.6699913252905244,-0.21698085108194975,0.18,-0.27356788159724177
1777027919.610251,tb1,-0.5732521395504394,-0.23393055230127752,0.17999999999999997,-0.26197994538286906
1777027919.6143277,tb7,0.07994462834388308,-0.877665282881841,0.18,-0.5154589346499855
1777027919.619528,tb3,0.02783146893259405,0.21863126492406412,0.18,-0.17967722981093143
1777027919.6531348,tb2,0.6733254940349933,-0.22547160769510521,0.18,-0.27563725362676256
1777027919.660271,tb1,-0.569988938548618,-0.22541702606278835,0.18,-0.2596077839935097
1777027919.6642516,tb7,0.07074467796515975,-0.8783929500799508,0.18,-0.5164381184717867
1777027919.6695764,tb3,0.02783146893259405,0.21863126492406412,0.18,-0.17726420798800144
1777027919.7029557,tb2,0.6765437967056701,-0.23400804733552127,0.18,-0.27770719178205416
1777027919.7101624,tb1,-0.5666145814574106,-0.21694713558140077,0.18,-0.25710513497066095
1777027919.7142735,tb7,0.061526769943336196,-0.8788845972413687,0.18,-0.5167450509923286
1777027919.7195866,tb3,0.036909035386306924,0.21886496206893358,0.18,-0.17761254892754386
1777027919.7529316,tb2,0.6796446227195853,-0.24258888374456422,0.18,-0.27977845952507285
1777027919.7601526,tb1,-0.5631306876729173,-0.20852291800696932,0.18,-0.25467877220882695
1777027919.764312,tb7,0.05229878060857675,-0.8791382737343675,0.18,-0.516771674053067
1777027919.7696633,tb3,0.04598728124397675,0.2190176296109043,0.18,-0.17822812988468373
1777027919.802973,tb2,0.6826264270603494,-0.2512128622966592,0.18,-0.2818496931474594
1777027919.810186,tb1,-0.5595389915282007,-0.20014540245468038,0.18,-0.2523535860855973
1777027919.8144026,tb7,0.043067195961676,-0.8791535162019604,0.18,-0.5165741364316278
1777027919.8196216,tb3,0.055066682629313635,0.21908974299230558,0.18,-0.1788678955764403
1777027919.8529646,tb2,0.6854876177762093,-0.25987873804352973,0.18,-0.28391127480553613
1777027919.860147,tb1,-0.5558412886960409,-0.19181551454773113,0.18,-0.25014889319885997
1777027919.8642344,tb7,0.03383832480585386,-0.8789302602763874,0.18,-0.5161263427780969
1777027919.8696246,tb3,0.06414669473386556,0.21908103822691577,0.18,-0.17948978643050803
1777027919.9030595,tb2,0.6882265670486498,-0.2685850701111377,0.18,-0.28597943359473116
1777027919.9102578,tb1,-0.5520392326464097,-0.18353392125771972,0.18,-0.24802384773060474
1777027919.9143538,tb7,0.02461844162083715,-0.8784687497162545,0.18,-0.5154868120936427
1777027919.9195292,tb3,0.07322656194474475,0.2189911801262931,0.18,-0.18010940072055714
1777027919.953054,tb2,0.690841676019212,-0.2773305383162977,0.17999999999999997,-0.26591956389139665
1777027919.9602184,tb1,-0.5481345581686806,-0.17530151893382426,0.18,-0.24600985175770015
1777027919.964385,tb7,0.015413834992173742,-0.8777695514863136,0.18,-0.5146271110159879
1777027919.9697351,tb3,0.08230560221947199,0.21881984684576988,0.18,-0.18069864389892273
1777027920.0030215,tb2,0.690841676019212,-0.2773305383162977,0.18,-0.2871076332214475
1777027920.0100684,tb1,-0.5441288179192915,-0.16711893703888694,0.18,-0.24406821753466595
1777027920.0143762,tb7,0.006230682100543497,-0.8768335169058429,0.18,-0.513535947911102
1777027920.0195203,tb3,0.09138302665074516,0.21856671525283866,0.18,-0.18129454204103346
1777027920.05295,tb2,0.6933334839118188,-0.2861035117581713,0.18000000000000002,-0.29111605419776515
1777027920.0603874,tb1,-0.5400235011016455,-0.1589869166409738,0.18,-0.22031487196472826
1777027920.0642567,tb7,-0.0029248809142109647,-0.8756617560163161,0.18,-0.5122292559155049
1777027920.0694563,tb3,0.10045807316276968,0.21823151059654491,0.18,-0.18189205028472935
1777027920.1031148,tb2,0.6957055198875541,-0.2949188775984386,0.18,-0.29349544850657505
1777027920.1102502,tb1,-0.5400235011016455,-0.1589869166409738,0.18,-0.2412374857153643
1777027920.1143663,tb7,-0.0029248809142109647,-0.8756617560163161,0.18,-0.5175070924237473
1777027920.11967,tb3,0.10952999321728678,0.21781396311113022,0.18,-0.1824712696658079
1777027920.1530266,tb2,0.697950101189215,-0.30376942069251733,0.18,-0.2957307657172851
1777027920.1601686,tb1,-0.5358283274944569,-0.1509118460045312,0.18,-0.24133321920131243
1777027920.1644256,tb7,-0.012046773610534101,-0.8742556646477971,0.18,-0.5159814931280867
1777027920.1694057,tb3,0.11859802650712059,0.2173138013674545,0.18,-0.16234638128910073
1777027920.2030327,tb2,0.7000651234042723,-0.31265300280437347,0.17999999999999997,-0.29796699742422933
1777027920.210307,tb1,-0.5315356487528823,-0.14287866395469997,0.18,-0.23944051190035043
1777027920.214398,tb7,-0.02113166915081686,-0.87261478968152,0.18,-0.5135426495070824
1777027920.2195933,tb3,0.11859802650712059,0.2173138013674545,0.18,-0.18066181022414807
1777027920.2530372,tb2,0.7020489621821597,-0.32156792639979875,0.18,-0.30020531690804514
1777027920.260266,tb1,-0.5271464716074092,-0.13489798756646154,0.18,-0.23744249652086982
1777027920.2643285,tb7,-0.030170337827724835,-0.8707400097925946,0.18,-0.5108853857459207
1777027920.2697015,tb3,0.1276535926915753,0.21673575397986258,0.18,-0.18297699980702622
1777027920.3030174,tb2,0.7039000161081591,-0.33051257218807867,0.17999999999999997,-0.302447520149849
1777027920.3101919,tb1,-0.5226624577509087,-0.1269714011846946,0.18,-0.23555161392529267
1777027920.3143377,tb7,-0.03915654407617289,-0.8686338279946993,0.18,-0.5081348513929456
1777027920.3196492,tb3,0.136711056991808,0.2160785713103061,0.18,-0.1838344700536054
1777027920.3530712,tb2,0.7056166654677413,-0.33948510708876795,0.18,-0.30470576716529574
1777027920.3602233,tb1,-0.5180851418882844,-0.11909943431302923,0.18,-0.23374227477706497
1777027920.364308,tb7,-0.04808471765967604,-0.8662990644222215,0.18,-0.5052578320740518
1777027920.3695033,tb3,0.1457630753637688,0.21533873571362322,0.18,-0.18457001435542952
1777027920.402976,tb2,0.7071973439631833,-0.3484837602202312,0.18,-0.30697627374625325
1777027920.41019,tb1,-0.5134160182064819,-0.11128266870661348,0.18,-0.23201720648684704
1777027920.414262,tb7,-0.056949320432615635,-0.8637387475519013,0.18,-0.5022750939166133
1777027920.4194517,tb3,0.15480832928365795,0.21451571787116938,0.18,-0.1852837023296897
1777027920.452945,tb2,0.7071973439631833,-0.3484837602202312,0.18,-0.30640515851930245
1777027920.4600859,tb1,-0.5086565324383123,-0.10352164013518679,0.18,-0.23036965544817398
1777027920.4642518,tb7,-0.0657451065211848,-0.8609560699844881,0.18,-0.4991832481444397
1777027920.4695146,tb3,0.16384596067424398,0.2136091917269825,0.18,-0.18598781219974644
1777027920.5030227,tb2,0.7086404720635502,-0.3575066678430195,0.18000000000000002,-0.30873629090079757
1777027920.5101652,tb1,-0.5038079847298199,-0.09581685225713298,0.18,-0.2287699842498496
1777027920.5142615,tb7,-0.0744670302025339,-0.8579542578759903,0.18,-0.4959560132661401
1777027920.5195403,tb3,0.17287512759492385,0.2126188851412812,0.18,-0.1866970400485945
1777027920.5529332,tb2,0.7099450534555024,-0.3665504918971317,0.18,-0.3113598727698129
1777027920.5601528,tb1,-0.5038079847298199,-0.09581685225713298,0.18,-0.2275022008150097
1777027920.5642729,tb7,-0.08311008241457361,-0.8547367312908759,0.18,-0.4926053136208889
1777027920.5695827,tb3,0.1818950197433841,0.21154453997343534,0.18,-0.18741044810756574
1777027920.60299,tb2,0.7111104730152537,-0.3756144766282169,0.18,-0.3140026277555358
1777027920.610148,tb1,-0.4988716933383636,-0.08816889136726933,0.18,-0.22592339752433344
1777027920.614358,tb7,-0.08311008241457361,-0.8547367312908759,0.18,-0.49747758189246677
1777027920.6194508,tb3,0.19090481905843634,0.21038589633360694,0.18,-0.18813716832669006
1777027920.6530075,tb2,0.7121351759567389,-0.3846967018723902,0.18000000000000002,-0.3166536233486974
1777027920.6601982,tb1,-0.4938488658986835,-0.08057828391386627,0.18,-0.22437990922824577
1777027920.6644442,tb7,-0.0916694511581518,-0.8513071071618603,0.18,-0.49395608349242626
1777027920.6700995,tb3,0.19990368935818378,0.20914270388635964,0.18,-0.17503237847432548
1777027920.7029936,tb2,0.7130176062247933,-0.3937950906039325,0.18,-0.31932400217319873
1777027920.7101996,tb1,-0.48874080051469865,-0.07304569404261686,0.18,-0.2228999572205641
1777027920.7144284,tb7,-0.10014311224089854,-0.8476659219307157,0.18,-0.48944872163556874
1777027920.7196288,tb3,0.19990368935818378,0.20914270388635964,0.18,-0.18647201296209193
1777027920.753012,tb2,0.7137562187270334,-0.4029076439139789,0.18,-0.32198207306895515
1777027920.7602112,tb1,-0.48354880725497634,-0.06557164035342607,0.18,-0.22147672628870502
1777027920.7643754,tb7,-0.10852232352527338,-0.8438167424089315,0.18,-0.4848533039062399
1777027920.7695909,tb3,0.20888584648704972,0.20781835229025072,0.18,-0.18835976987072817
1777027920.8029811,tb2,0.7143493774521227,-0.4120321835496837,0.18,-0.3246414993002224
1777027920.8102343,tb1,-0.4782741656814983,-0.05815658251911799,0.18,-0.22011762251244105
1777027920.8142967,tb7,-0.1168025218843213,-0.8397642085243888,0.18,-0.4802921503112865
1777027920.8195755,tb3,0.2178600830698834,0.2064116536814156,0.18,-0.18937200880069782
1777027920.8530786,tb2,0.7147955092411974,-0.4211664041677152,0.18,-0.3273123821625739
1777027920.860228,tb1,-0.4729181099159361,-0.05080096744051726,0.18,-0.2188125328888043
1777027920.864341,tb7,-0.12497996027900875,-0.835512929767129,0.18,-0.475749399441188
1777027920.8695648,tb3,0.22682149610524785,0.20492059034794136,0.18,-0.19030150847962207
1777027920.9029212,tb2,0.715093123221992,-0.4303079598703096,0.18,-0.3300036570476278
1777027920.9101684,tb1,-0.46748185421204735,-0.04350525783210994,0.18,-0.2175605564967572
1777027920.914314,tb7,-0.13305093582106972,-0.831067577784737,0.18,-0.47122184709967135
1777027920.9194982,tb3,0.23576888607535276,0.20334472274226315,0.18,-0.19121668897157787
1777027920.95293,tb2,0.7152406893586866,-0.4394545639733951,0.18,-0.33269645836719813
1777027920.9602458,tb1,-0.4619665829869069,-0.036269898286438874,0.18,-0.2163525707394252
1777027920.9642766,tb7,-0.14101202607114394,-0.826432903389116,0.18,-0.4667225390609246
1777027920.9695811,tb3,0.24470133250389492,0.20168370969689167,0.18,-0.1921158600724742
1777027921.0029395,tb2,0.7152406893586866,-0.4394545639733951,0.18,-0.3326981214137099
1777027921.0105355,tb1,-0.4563734408692421,-0.029095327402444027,0.18,-0.21518099341389998
1777027921.0142362,tb7,-0.1488601009409429,-0.8216135686594732,0.18,-0.46223032422169247
1777027921.0194974,tb3,0.25361792631490654,0.1999372323785269,0.18,-0.19301739491934358
1777027921.0532882,tb2,0.7152367615881945,-0.44860365981950023,0.18,-0.33548174829912164
1777027921.0601614,tb1,-0.4563734408692421,-0.029095327402444027,0.18,-0.21363161301107456
1777027921.0644598,tb7,-0.15659213336184552,-0.8166142508278899,0.18,-0.4577656462337273
1777027921.0696976,tb3,0.26251774711493786,0.19810499563588183,0.18,-0.19390281375192048
1777027921.103089,tb2,0.7150806314696613,-0.45775164643954747,0.18,-0.33852214125447716
1777027921.110198,tb1,-0.4507035709284069,-0.02198199305199894,0.18,-0.21248323202973235
1777027921.1143174,tb7,-0.15659213336184552,-0.8166142508278899,0.18,-0.46187503157451737
1777027921.1195807,tb3,0.27139985001919736,0.1961867452495068,0.18,-0.19480937004590185
1777027921.1531022,tb2,0.7147714715050142,-0.46689711056009015,0.18,-0.34158520600441444
1777027921.160229,tb1,-0.4449582490675051,-0.014930431216619267,0.18,-0.21141774508220235
1777027921.1643126,tb7,-0.16420532916571923,-0.8114394618922257,0.18,-0.457275909188501
1777027921.1696258,tb3,0.27139985001919736,0.1961867452495068,0.18,-0.19247097722691647
1777027921.2029638,tb2,0.7143078072863127,-0.47603762947657885,0.18,-0.34463311458313733
1777027921.2102385,tb1,-0.43913858025107566,-0.007940898188847146,0.18,-0.21040943861722433
1777027921.2143078,tb7,-0.17169858213626898,-0.8060902829580093,0.18,-0.45185627931002265
1777027921.2195523,tb3,0.2802632614430581,0.1941822266578431,0.18,-0.1934021599436709
1777027921.2530413,tb2,0.7136880809337717,-0.48517045911638773,0.18,-0.34767151865471196
1777027921.2602565,tb1,-0.4332456253952969,-0.0010137308597420853,0.18,-0.2094372395783321
1777027921.2644172,tb7,-0.17906532310484088,-0.8005722038267086,0.18,-0.4465006070259006
1777027921.2695146,tb3,0.28910604542992213,0.1920922734824753,0.18,-0.1946085847251038
1777027921.3030126,tb2,0.7129108680298133,-0.4942927136741164,0.18,-0.35072240709220115
1777027921.3102553,tb1,-0.42728043083864886,0.005850666958027675,0.18,-0.20850041876063058
1777027921.314316,tb7,-0.18630318957296926,-0.7948905177608311,0.18,-0.44125872912980224
1777027921.3195524,tb3,0.2979287218918964,0.18991688174346114,0.18,-0.19580476457814433
1777027921.3529046,tb2,0.7119747290666666,-0.5034016499393656,0.18,-0.3537605441111193
1777027921.3601308,tb1,-0.4212440460702686,0.01265188438987104,0.18,-0.2076049403165899
1777027921.3642538,tb7,-0.19341032350470552,-0.7890504599173653,0.18,-0.4361666219066909
1777027921.369468,tb3,0.30673043193861366,0.18765564042934876,0.18,-0.19697678373006122
1777027921.40288,tb2,0.7108783289640127,-0.5124941979833736,0.18,-0.3568149962598666
1777027921.4101205,tb1,-0.4151374443907222,0.019389544385223043,0.18,-0.20673182167172854
1777027921.4142272,tb7,-0.20038524164200475,-0.7830568661477286,0.18,-0.4311566326276825
1777027921.4194791,tb3,0.3155101220236663,0.1853081780422175,0.18,-0.1981295311749937
1777027921.4529982,tb2,0.7108783289640127,-0.5124941979833736,0.18,-0.3573957754814374
1777027921.4602814,tb1,-0.4089615914821316,0.026063226500240202,0.18,-0.20587678227345066
1777027921.4643047,tb7,-0.20722634204821483,-0.776914485342533,0.18,-0.4262154755034869
1777027921.4695988,tb3,0.3242667772513133,0.1828741753442257,0.18,-0.19926862954012253
1777027921.5029702,tb2,0.7096205104386004,-0.5215672607479015,0.18,-0.36056441489555596
1777027921.510242,tb1,-0.4089615914821316,0.026063226500240202,0.18,-0.20410531834952722
1777027921.5142887,tb7,-0.21393208225241298,-0.7706282464760978,0.18,-0.42136804713754644
1777027921.5194724,tb3,0.3329994173375243,0.18035329828933294,0.18,-0.20040397367542254
1777027921.5530105,tb2,0.7082008047444753,-0.5306169743612513,0.18,-0.3639561606572506
1777027921.5602567,tb1,-0.4027174800232847,0.032672504940729485,0.18,-0.2032618061549454
1777027921.5648458,tb7,-0.22050126247804175,-0.7642029235974505,0.18,-0.3846112653736399
1777027921.5695207,tb3,0.341707008158863,0.17774522250205257,0.18,-0.20151949401094874
1777027921.6031163,tb2,0.7066184348755974,-0.5396411877746822,0.18,-0.36737823996611635
1777027921.610344,tb1,-0.39640654226323374,0.03921682723382144,0.18,-0.2025401578016274
1777027921.614355,tb7,-0.22050126247804175,-0.7642029235974505,0.18,-0.41985756227082
1777027921.6195307,tb3,0.341707008158863,0.17774522250205257,0.18,-0.19925454952954638
1777027921.6530206,tb2,0.7048722027172103,-0.5486369299213378,0.18,-0.37075958508388146
1777027921.6601582,tb1,-0.390029617696156,0.04569624483645296,0.18,-0.20186351348837944
1777027921.6642606,tb7,-0.22692961068243991,-0.7576559831176454,0.18,-0.41778399722515
1777027921.6694686,tb3,0.35038843993333063,0.1750496940280198,0.18,-0.20038735090756407
1777027921.7029111,tb2,0.7029608508835088,-0.557600788554708,0.18,-0.37414620729939757
1777027921.7102518,tb1,-0.3835875928861789,0.052110445906989475,0.18,-0.20120729573485996
1777027921.7142723,tb7,-0.23323200836278782,-0.7509702295686863,0.18,-0.41226725911256756
1777027921.7196057,tb3,0.3590416339921493,0.17226763764471903,0.18,-0.20181126461958154
1777027921.7529848,tb2,0.7008833620882416,-0.5665291934629887,0.18,-0.37756614164866237
1777027921.7603474,tb1,-0.3770813394122699,0.058459048371380884,0.18,-0.20056567404888415
1777027921.7644584,tb7,-0.2393923595002301,-0.7441551440300878,0.18,-0.4066080382646097
1777027921.7696006,tb3,0.3676670861641046,0.16939902648701172,0.18,-0.20324449365422073
1777027921.80301,tb2,0.698638807673664,-0.5754187366822753,0.18,-0.38100142236638973
1777027921.8102026,tb1,-0.37051174769546225,0.06474162932796149,0.18,-0.19995146001697026
1777027921.8144386,tb7,-0.24540875898317363,-0.7372162061259924,0.18,-0.4011131214340102
1777027921.8195364,tb3,0.3762638858722588,0.1664434934609348,0.18,-0.20464936193170521
1777027921.8529932,tb2,0.6962262216199996,-0.5842659384359485,0.18,-0.3844318699481007
1777027921.8603344,tb1,-0.36387970859642016,0.07095779177394265,0.18,-0.1993476979009833
1777027921.8643475,tb7,-0.25128082953919184,-0.730158361427194,0.18,-0.3958267625303011
1777027921.869527,tb3,0.3848309151886762,0.16340064578491978,0.18,-0.20602280169132764
1777027921.9029067,tb2,0.6936446890114525,-0.5930671215326232,0.18,-0.3878580693745024
1777027921.9102259,tb1,-0.35718609437212423,0.0771071570779015,0.18,-0.1987733550797642
1777027921.9142606,tb7,-0.25700853121785355,-0.7229862597541648,0.18,-0.39072653605559615
1777027921.9196463,tb3,0.39336703712989735,0.1602701116193395,0.18,-0.20736428143675917
1777027921.952991,tb2,0.6908934918663512,-0.6018184588607784,0.18,-0.39130824496142735
1777027921.9605398,tb1,-0.3504317579688209,0.08318934849115527,0.18,-0.198200395383927
1777027921.9642985,tb7,-0.26259184436871763,-0.715704348112962,0.18,-0.38579114340966547
1777027921.9694507,tb3,0.4018710516095392,0.15705159104595195,0.18,-0.20870894230080614
1777027922.002951,tb2,0.6908934918663512,-0.6018184588607784,0.18,-0.3927688377159213
1777027922.010244,tb1,-0.3436175600057735,0.08920397833566995,0.18,-0.1976716167721971
1777027922.0142827,tb7,-0.2680307573500999,-0.7083169585296877,0.18,-0.38099822042379244
1777027922.019564,tb3,0.41034183915447736,0.1537447887188687,0.18,-0.210025317852599
1777027922.053043,tb2,0.687971963831581,-0.6105161746005598,0.18,-0.39632758394520884
1777027922.06102,tb1,-0.3367443499977272,0.0951506768680403,0.18,-0.17850063837918112
1777027922.0642502,tb7,-0.273325319645087,-0.7008282989042033,0.18,-0.37633900447975094
1777027922.069522,tb3,0.41877820796062526,0.15034944875494383,0.18,-0.21134146332271023
1777027922.1030202,tb2,0.6848802032389829,-0.6191558244744177,0.18,-0.40005615253872756
1777027922.1101668,tb1,-0.3367443499977272,0.0951506768680403,0.18,-0.19515678444735848
1777027922.1142423,tb7,-0.273325319645087,-0.7008282989042033,0.18,-0.3786826850065551
1777027922.11941,tb3,0.42717903401396795,0.14686524825389405,0.18,-0.21263386126843375
1777027922.153111,tb2,0.681617748672942,-0.6277344866036381,0.18,-0.403754037135833
1777027922.1603117,tb1,-0.32982099506125623,0.10102750957004873,0.18,-0.19616532437551687
1777027922.164322,tb7,-0.2784756924926514,-0.6932425913181229,0.18,-0.37407409034991407
1777027922.1695778,tb3,0.42717903401396795,0.14686524825389405,0.18,-0.2104841862176392
1777027922.2030075,tb2,0.6781840765467836,-0.6362479328112496,0.18,-0.4074529790672641
1777027922.2103283,tb1,-0.32283756492549603,0.10684267584596212,0.18,-0.19580195914180445
1777027922.2143316,tb7,-0.2834822747642516,-0.6855604648556077,0.18,-0.36893542983175776
1777027922.2195907,tb3,0.43554302894190783,0.14329198855300476,0.18,-0.21179441967072893
1777027922.2529829,tb2,0.6745786552314785,-0.644692238873742,0.18,-0.4110971588823321
1777027922.2602391,tb1,-0.31579729075733587,0.11258939960453902,0.18,-0.19534217605562676
1777027922.2642524,tb7,-0.2883423654291781,-0.6777878385191575,0.18,-0.36399782544171805
1777027922.2695055,tb3,0.44386805342937113,0.13963079148049296,0.18,-0.21340684400943524
1777027922.3029225,tb2,0.6708010722911275,-0.6530629999656231,0.18,-0.41470609942230346
1777027922.3102133,tb1,-0.3087012535051468,0.11826679176539996,0.18,-0.19489579012489888
1777027922.3142607,tb7,-0.29305667225985094,-0.6699288979427312,0.18,-0.3592754073158639
1777027922.3194816,tb3,0.4521545222302504,0.1358814751665358,0.18,-0.2150074660307344
1777027922.3529449,tb2,0.666851232248998,-0.6613557752790293,0.18,-0.41831553306454033
1777027922.3601904,tb1,-0.3015502746516164,0.123874482120198,0.18,-0.19446849943212952
1777027922.3643868,tb7,-0.2976259550828792,-0.6619874137913699,0.18,-0.35472099515195427
1777027922.3695562,tb3,0.4604012491110928,0.13204372375251638,0.18,-0.2165810737827926
1777027922.4029667,tb2,0.662729133805719,-0.6695662405654251,0.18,-0.42191325896484805
1777027922.4101708,tb1,-0.2943451697240095,0.12941210984733834,0.18,-0.19406246633842722
1777027922.4142818,tb7,-0.3020508352073865,-0.6539670889505459,0.18,-0.3503072197020226
1777027922.4194875,tb3,0.468606957843643,0.12811725183460984,0.18,-0.21813881225551374
1777027922.4529588,tb2,0.662729133805719,-0.6695662405654251,0.18,-0.42420341909452575
1777027922.4601195,tb1,-0.2870867608825202,0.1348793262631008,0.18,-0.19368217748998207
1777027922.4643843,tb7,-0.3063319761752916,-0.6458717530717881,0.18,-0.3460862255279628
1777027922.4695475,tb3,0.47677036652463317,0.12410176309883235,0.18,-0.21966511815572642
1777027922.5030572,tb2,0.6584347807957281,-0.6776900173973727,0.18,-0.4278748425866753
1777027922.5103145,tb1,-0.2870867608825202,0.1348793262631008,0.18,-0.19156735253032037
1777027922.5144525,tb7,-0.3063319761752916,-0.6458717530717881,0.18,-0.347776875728565
1777027922.5195038,tb3,0.4848901123153759,0.11999701991530987,0.18,-0.22118015663936566
1777027922.5529196,tb2,0.6539688010912639,-0.6857224347948125,0.18,-0.43156908606887356
1777027922.560173,tb1,-0.27977589235143135,0.1402757556297254,0.18,-0.19121353758364634
1777027922.5643387,tb7,-0.3104702266139777,-0.6377047515454395,0.18,-0.3435928786697009
1777027922.5695152,tb3,0.4848901123153759,0.11999701991530987,0.18,-0.21914770312334914
1777027922.6029425,tb2,0.649331455854867,-0.6936592742397462,0.18,-0.4352287230331334
1777027922.6101744,tb1,-0.27241419328787336,0.14560105586032843,0.18,-0.19103585764771297
1777027922.6145415,tb7,-0.3144662125760054,-0.6294670120919048,0.18,-0.3390438399848266
1777027922.6195238,tb3,0.49296489474785904,0.11580271620574242,0.18,-0.22065002377876425
1777027922.6529562,tb2,0.6445232553364454,-0.7014958386346382,0.18,-0.4388523392885345
1777027922.6603153,tb1,-0.26500201087038594,0.15085560127493253,0.18,-0.19086793664263677
1777027922.6643622,tb7,-0.31831856959882265,-0.6211633502263162,0.17999999999999997,-0.334617172456332
1777027922.6696007,tb3,0.5009923133767196,0.1115201553432361,0.18,-0.22246690621444185
1777027922.702994,tb2,0.6395448408114469,-0.709227484154716,0.18,-0.44243227660610107
1777027922.7103033,tb1,-0.25754003677398724,0.15603904339260732,0.18,-0.19071180206037228
1777027922.7143605,tb7,-0.322028103024975,-0.6127973464539701,0.18,-0.33038890896181616
1777027922.7196145,tb3,0.5089727825819982,0.10714917785119533,0.18,-0.22428201669498413
1777027922.7529423,tb2,0.6343969465044197,-0.7168495156914639,0.18,-0.44594359157245106
1777027922.760179,tb1,-0.2500289980054928,0.16115098394376,0.18,-0.19056709600726507
1777027922.7643454,tb7,-0.32559591722945375,-0.604372347825346,0.18,-0.32636082788981813
1777027922.769613,tb3,0.5169050517381677,0.10268946519553333,0.18000000000000002,-0.22606065379249354
1777027922.8029473,tb2,0.6290805204657378,-0.7243571027805167,0.18,-0.4493985718639215
1777027922.8102748,tb1,-0.2424696160932848,0.16619102950338374,0.18,-0.190419527007539
1777027922.814502,tb7,-0.3290231946472971,-0.5958913307047817,0.18000000000000002,-0.32248559448304986
1777027922.8195534,tb3,0.5247876173807065,0.09814079544071388,0.18,-0.22782177881916638
1777027922.8529656,tb2,0.6235967289060331,-0.7317454168315543,0.18,-0.4527977463478251
1777027922.8602767,tb1,-0.23486261857513102,0.17115878469589793,0.18,-0.19028449852990675
1777027922.8643937,tb7,-0.33231094249514453,-0.587357379450136,0.18000000000000002,-0.3187633562651831
1777027922.8696094,tb3,0.532619088194882,0.09350293154046153,0.18,-0.22954742522020258
1777027922.9029875,tb2,0.6235967289060331,-0.7317454168315543,0.18,-0.4559707906264828
1777027922.910278,tb1,-0.22720873599826819,0.17605386307174176,0.18,-0.1901596947863343
1777027922.9143715,tb7,-0.3354602662918144,-0.5787734381656545,0.18,-0.3151980048700018
1777027922.9195492,tb3,0.5403979602580933,0.08877566219687735,0.18,-0.2312521367823756
1777027922.953019,tb2,0.6179468289299526,-0.7390096636346138,0.18,-0.45940108748884073
1777027922.960794,tb1,-0.21950869133440068,0.1808758838645044,0.18,-0.1900224561392995
1777027922.9643438,tb7,-0.3384722365080701,-0.5701421931251072,0.18,-0.311752156742382
1777027922.969555,tb3,0.5481226971729111,0.08395887292992793,0.18,-0.23294440731808355
1777027923.002999,tb2,0.6121322959967455,-0.7461450060623465,0.18,-0.4627410128710789
1777027923.0103352,tb1,-0.21950869133440068,0.1808758838645044,0.18,-0.18783185654723655
1777027923.0141706,tb7,-0.34134784575783367,-0.5614663668562812,0.18000000000000002,-0.3084219819639062
1777027923.0194647,tb3,0.5557918145166992,0.07905246032851396,0.18000000000000002,-0.23463138355682944
1777027923.0531697,tb2,0.6061547883272468,-0.7531466363531967,0.18,-0.465989311863792
1777027923.060227,tb1,-0.21176323510706957,0.18562445566911367,0.18,-0.18772991551542142
1777027923.0646813,tb7,-0.34134784575783367,-0.5614663668562812,0.18,-0.309287964308436
1777027923.069696,tb3,0.5634037951990921,0.0740563741913582,0.18000000000000002,-0.23630323525246857
1777027923.1030474,tb2,0.6000162240045912,-0.7600095761737623,0.18,-0.4691325825380566
1777027923.1106544,tb1,-0.2039741198853043,0.19029918563082832,0.18,-0.18781100201058862
1777027923.1143038,tb7,-0.34408807875498926,-0.5527485321942727,0.18,-0.30598237856109717
1777027923.119539,tb3,0.5634037951990921,0.0740563741913582,0.17999999999999997,-0.2344734706048427
1777027923.1529353,tb2,0.5937186812384929,-0.7667290285181365,0.18,-0.4721815202060323
1777027923.1601405,tb1,-0.19614149057253177,0.19490056146082152,0.18,-0.1879462236930953
1777027923.1643538,tb7,-0.34669342587944557,-0.5439892299273184,0.17999999999999997,-0.30238103892421087
1777027923.1694682,tb3,0.5709571070154684,0.06897065442294692,0.18,-0.2361906607079985
1777027923.202989,tb2,0.5872643899063406,-0.7733002114154127,0.18,-0.47512504543304634
1777027923.2101505,tb1,-0.18826596465408896,0.19942821322521687,0.18,-0.1880517742766088
1777027923.214264,tb7,-0.3491634711422099,-0.5351924244369676,0.18,-0.2988769860904892
1777027923.219467,tb3,0.5784494812438712,0.06379678162221201,0.18,-0.23822462359719024
1777027923.2529447,tb2,0.5806558442654772,-0.7797182905243425,0.18,-0.4779501337972937
1777027923.2601895,tb1,-0.18034819385837345,0.203881699994959,0.18,-0.1881489404330235
1777027923.2642777,tb7,-0.3514992453704686,-0.5263608117422447,0.18000000000000002,-0.29552290104889906
1777027923.2695642,tb3,0.5858810925948174,0.0585345957953256,0.18,-0.24026302166088304
1777027923.3029883,tb2,0.5738957893389435,-0.7859785311253352,0.18,-0.4806755406222783
1777027923.3102512,tb1,-0.1723888622813268,0.2082605738247677,0.18,-0.18824268764896313
1777027923.3144212,tb7,-0.3537019723730558,-0.5174967449459614,0.18,-0.292298347423132
1777027923.3196099,tb3,0.5932504566954958,0.053184001251290046,0.18,-0.2422894330776458
1777027923.352955,tb2,0.5669869601879263,-0.79207636504332,0.18,-0.48324092164286925
1777027923.3601592,tb1,-0.16438864774756007,0.21256440557871226,0.18,-0.18834225182283612
1777027923.3643644,tb7,-0.35577280912737014,-0.5086026778415668,0.18,-0.2892232515093909
1777027923.3694963,tb3,0.6005560524810494,0.04774485892367109,0.17999999999999997,-0.24427964572852257
1777027923.4029708,tb2,0.5599324583026102,-0.7980070746583044,0.18,-0.4856680866085522
1777027923.4101589,tb1,-0.15634823542520013,0.21679276851003526,0.18,-0.18843844513188612
1777027923.4143016,tb7,-0.3577130319152722,-0.49968082889886734,0.18,-0.2862817381861727
1777027923.4195518,tb3,0.6077960907825907,0.04221711728228726,0.18,-0.24624266953946508
1777027923.4529278,tb2,0.5527356334888109,-0.8037661199142286,0.18,-0.48795350069890764
1777027923.4603672,tb1,-0.1482683179645675,0.22094524292875986,0.18,-0.18852822866945687
1777027923.4643676,tb7,-0.3595238143305147,-0.49073326710017673,0.18,-0.28344477783356486
1777027923.4695148,tb3,0.6149688450138499,0.036600819194824386,0.18,-0.24820141933762285
1777027923.5029724,tb2,0.5453999563880373,-0.8093491086769712,0.18,-0.4900933802956561
1777027923.5102506,tb1,-0.14014959077136457,0.22502141797191008,0.18,-0.18863758491161195
1777027923.514262,tb7,-0.36120625405709955,-0.48176213083162234,0.18000000000000002,-0.28071448753319855
1777027923.5194888,tb3,0.6220726437161619,0.030896008303547655,0.18,-0.25014970565673667
1777027923.5529983,tb2,0.5453999563880373,-0.8093491086769712,0.18,-0.4944336355171272
1777027923.5602071,tb1,-0.1319927486878628,0.22902089028103573,0.18,-0.1887488871183877
1777027923.564268,tb7,-0.36276144745520267,-0.472769420106824,0.18,-0.27807962028782646
1777027923.5696774,tb3,0.6291057501141081,0.025102810295609134,0.17999999999999997,-0.25209220403677907
1777027923.603107,tb2,0.5379291559062706,-0.8147517293714381,0.18,-0.4964999362686466
1777027923.6102455,tb1,-0.1319927486878628,0.22902089028103573,0.18,-0.18645669416077518
1777027923.6142805,tb7,-0.364190421244601,-0.46375704576805526,0.18000000000000002,-0.2755235171406172
1777027923.6194885,tb3,0.6360664575322111,0.019221361827732514,0.18,-0.25404965958149844
1777027923.65303,tb2,0.5303258862341462,-0.8199700051859494,0.18,-0.498123018496985
1777027923.6603498,tb1,-0.1237984914016901,0.2329432565165824,0.18,-0.1865631425044349
1777027923.6642823,tb7,-0.364190421244601,-0.46375704576805526,0.18,-0.2756072742974032
1777027923.6694245,tb3,0.6429530378132942,0.013251791517662306,0.18,-0.255998485112987
1777027923.7029269,tb2,0.5225947772681454,-0.8249987529374698,0.18,-0.49954543828909287
1777027923.7101564,tb1,-0.11556870349831129,0.23678816724294072,0.18,-0.18691264238912034
1777027923.7143512,tb7,-0.3654942492396911,-0.45472704257544816,0.18,-0.27308754648826356
1777027923.7194753,tb3,0.6429530378132942,0.013251791517662306,0.18,-0.2544447054450259
1777027923.7529287,tb2,0.5147402751023767,-0.8298339458155723,0.18,-0.5008096175652398
1777027923.7602053,tb1,-0.10730337219119983,0.24055617538266783,0.18,-0.18726345523628687
1777027923.7644067,tb7,-0.36667351877805054,-0.44568007786098524,0.18,-0.2704115560182017
1777027923.7695932,tb3,0.6497637047478707,0.007194255771349859,0.18,-0.2564141315735904
1777027923.8030982,tb2,0.5067669406297727,-0.8344718759019437,0.18,-0.5019151468276085
1777027923.8102427,tb1,-0.099003048957964,0.24424688746369144,0.18,-0.1875994828942728
1777027923.8144236,tb7,-0.3677285671845266,-0.43661905003052603,0.18,-0.267831933007635
1777027923.819582,tb3,0.6564960890159985,0.0010507096368452106,0.18,-0.2587218215747422
1777027923.8531203,tb2,0.4986794463590669,-0.8389090225549422,0.18,-0.502819715674824
1777027923.8602557,tb1,-0.0906683751798891,0.24785981621080747,0.18,-0.1879219083046995
1777027923.8642838,tb7,-0.36866056452912643,-0.4275459469206412,0.18,-0.26538777624126436
1777027923.8695016,tb3,0.6631501655353286,-0.00517914808756634,0.18,-0.26101813352468267
1777027923.9029844,tb2,0.4904826817234528,-0.843142003907813,0.18,-0.5035236436366146
1777027923.9104116,tb1,-0.08230002239526452,0.25139446876592864,0.18,-0.188227712575497
1777027923.9143708,tb7,-0.3694707781452565,-0.418462429675691,0.18,-0.2630529639866705
1777027923.9197106,tb3,0.66972406132392,-0.011495226024672924,0.18,-0.26328009954382675
1777027923.9530127,tb2,0.4821817278088378,-0.8471676743212084,0.18,-0.5040637013923438
1777027923.960225,tb1,-0.07389867956322277,0.25485037422204976,0.18,-0.1885444435798238
1777027923.9643679,tb7,-0.37016036410717473,-0.4093701603119348,0.18,-0.2608179903551006
1777027923.9695718,tb3,0.6762158177914541,-0.017897328955801352,0.17999999999999997,-0.26553175505769155
1777027924.0031552,tb2,0.4821817278088378,-0.8471676743212084,0.18,-0.5088991937195808
1777027924.010276,tb1,-0.06546502691085268,0.2582270818619621,0.18,-0.18884607130915468
1777027924.0142906,tb7,-0.37073040846716765,-0.4002707161906271,0.18,-0.2586658573396158
1777027924.0194798,tb3,0.682623461871574,-0.024385179643295507,0.18,-0.26777200168433396
1777027924.0530987,tb2,0.4737817611302416,-0.8509831314732398,0.18,-0.5092799399170993
1777027924.060781,tb1,-0.05699975114970225,0.2615241394080395,0.18,-0.1891243208209865
1777027924.064304,tb7,-0.3711819859267386,-0.3911657372815718,0.18,-0.256603977115301
1777027924.069463,tb3,0.688945039287807,-0.03095848286755713,0.18,-0.270003135582528
1777027924.1029923,tb2,0.4652858289714193,-0.8545854826786022,0.18,-0.5089947354051665
1777027924.1101782,tb1,-0.05699975114970225,0.2615241394080395,0.18,-0.18683215372475556
1777027924.1142786,tb7,-0.3711819859267386,-0.3911657372815718,0.18,-0.2562090809381003
1777027924.1194835,tb3,0.6951785574177289,-0.037616805724448935,0.18,-0.27224147225018824
1777027924.152972,tb2,0.45670083727113536,-0.8579704638285689,0.18,-0.5085111899304063
1777027924.1601713,tb1,-0.04850365677206077,0.26474108664578294,0.18,-0.1871535485634888
1777027924.1642454,tb7,-0.37151610190715034,-0.38205667959928724,0.18,-0.25416002621943834
1777027924.1696916,tb3,0.7013220732692828,-0.04435978055990044,0.18,-0.25004290759830433
1777027924.20297,tb2,0.44803262798640636,-0.8611358028283415,0.18,-0.5078672545087329
1777027924.210354,tb1,-0.03997859446822669,0.2678778133775128,0.18,-0.1876920155291803
1777027924.2143068,tb7,-0.3717334061904106,-0.3729444488651061,0.18,-0.25203979919471137
1777027924.219538,tb3,0.7013220732692828,-0.04435978055990044,0.18,-0.2732265032136128
1777027924.2529933,tb2,0.4392869830581084,-0.8640796313240263,0.18,-0.507051125094056
1777027924.2606502,tb1,-0.031424403053091556,0.2709347260279188,0.18,-0.18821284224860077
1777027924.264335,tb7,-0.3718345243832859,-0.3638311858369072,0.18,-0.2499912945736576
1777027924.269689,tb3,0.707371014349677,-0.05117566088967357,0.18,-0.27763787617113117
1777027924.3030279,tb2,0.43046974381166564,-0.8668003331974747,0.18,-0.5060883787248394
1777027924.310334,tb1,-0.02284166552335072,0.27391136612816364,0.18,-0.18874841099710177
1777027924.3142972,tb7,-0.37182051768146235,-0.3547184467246341,0.18,-0.24804651165100647
1777027924.3195016,tb3,0.7133361343240352,-0.05807819242008839,0.18,-0.2802071879091333
1777027924.3529491,tb2,0.42158684535939267,-0.8692965611863477,0.18,-0.5049646591834013
1777027924.3603175,tb1,-0.014231035556289948,0.276807206334754,0.18,-0.18924943898361973
1777027924.3644006,tb7,-0.3716925030360851,-0.3456076227813472,0.18,-0.24619250822617608
1777027924.369649,tb3,0.7192065409120255,-0.065064030294406,0.18,-0.28260088278356055
1777027924.4029443,tb2,0.4126441415738968,-0.871567219168146,0.18,-0.5036818960414562
1777027924.410177,tb1,-0.005593221558474953,0.2796217168580334,0.18,-0.1897435315666494
1777027924.4143145,tb7,-0.3714515157019422,-0.3364999912367251,0.18,-0.24440981097551537
1777027924.4195588,tb3,0.7249793628282162,-0.07213225733514765,0.18,-0.28500115441466417
1777027924.45286,tb2,0.40364765135227965,-0.8736114537459744,0.18,-0.5022432535508211
1777027924.4602115,tb1,0.0030711035936789367,0.28235439739315266,0.18,-0.19021460334835638
1777027924.4642572,tb7,-0.3710985901019337,-0.32739698602943285,0.18000000000000002,-0.24271544242808907
1777027924.4695432,tb3,0.7306525134357422,-0.07928234850945384,0.18000000000000002,-0.2873881642724305
1777027924.5029156,tb2,0.40364765135227965,-0.8736114537459744,0.18,-0.5071789775104368
1777027924.510137,tb1,0.011761201247408008,0.28500475379074347,0.18,-0.19068491771679769
1777027924.5142233,tb7,-0.3706346836892748,-0.31829976449178876,0.18000000000000002,-0.24107456521838516
1777027924.5195265,tb3,0.7362237762444209,-0.08651354610746438,0.18,-0.28979539199769205
1777027924.5529895,tb2,0.3946032720105451,-0.8754286648453291,0.18,-0.5055803071726664
1777027924.5601344,tb1,0.020476345783813212,0.28757232618736045,0.18,-0.19114982439274014
1777027924.5642471,tb7,-0.37006069226922783,-0.30920961252185236,0.18,-0.23948817151490107
1777027924.569557,tb3,0.7416910635222469,-0.09382509699976027,0.18,-0.2922288897994706
1777027924.6030073,tb2,0.38551381607615753,-0.8770174016997037,0.18,-0.5031333026710277
1777027924.6103172,tb1,0.020476345783813212,0.28757232618736045,0.18,-0.18882073000258043
1777027924.6144788,tb7,-0.36937751459438634,-0.3001277891140844,0.18,-0.21384602493646482
1777027924.6195989,tb3,0.7470522734606543,-0.10121623205402575,0.18,-0.29468317159555374
1777027924.6529555,tb2,0.3763878888445689,-0.8783754789493178,0.18,-0.5005123015256552
1777027924.6601648,tb1,0.029215797190143465,0.29005665391539304,0.18,-0.18929544417772443
1777027924.6643386,tb7,-0.36937751459438634,-0.3001277891140844,0.18,-0.2370591973977389
1777027924.6694233,tb3,0.7523052606498971,-0.10868614727649704,0.18,-0.27186304251969634
1777027924.7030983,tb2,0.3672318872281774,-0.8795030933369002,0.18,-0.49781533211642576
1777027924.7103171,tb1,0.03797749660618473,0.29245763035571803,0.18,-0.19000065598703045
1777027924.7143555,tb7,-0.36859210324179714,-0.29106476942193127,0.18,-0.23770241888693863
1777027924.7195797,tb3,0.7523052606498971,-0.10868614727649704,0.18,-0.29628197919850313
1777027924.7531412,tb2,0.3580517893039591,-0.8804009092123133,0.18,-0.49502381352845404
1777027924.760296,tb1,0.046761755581181,0.2947757003301275,0.18,-0.19070726105639346
1777027924.764319,tb7,-0.36770284380702445,-0.2820019323235598,0.18,-0.2361597784500349
1777027924.7696302,tb3,0.7574468042910644,-0.11622229274545613,0.17999999999999997,-0.3009810497125412
1777027924.8029478,tb2,0.3488536310143881,-0.8810698240395425,0.18,-0.49216310642910666
1777027924.8101819,tb1,0.05556799296342514,0.2970103672170508,0.18,-0.19139474827762368
1777027924.8142629,tb7,-0.36670607781737036,-0.27295028686846945,0.18,-0.23451426866975322
1777027924.8195798,tb3,0.7624855629704368,-0.12383997941664938,0.18,-0.3037803464209946
1777027924.8529603,tb2,0.33964313662690654,-0.8815109828499397,0.18,-0.4892390424278682
1777027924.8603914,tb1,0.06439546483405512,0.29916104913611563,0.18,-0.19204728993736667
1777027924.8642838,tb7,-0.3656025352647928,-0.2639118245521406,0.18,-0.23293656431863421
1777027924.8696644,tb3,0.7674106268876405,-0.13153403922069032,0.18,-0.30644235468309006
1777027924.9029267,tb2,0.3304260404127172,-0.8817256733295962,0.18,-0.4862316538622898
1777027924.9101472,tb1,0.07324345300809965,0.30122720522598456,0.18,-0.19270107299674472
1777027924.9142287,tb7,-0.36439321010204867,-0.25488772308599533,0.18,-0.2314391697835244
1777027924.91952,tb3,0.7722191155378519,-0.13930313565375288,0.18,-0.3091032466616224
1777027924.9530091,tb2,0.32120789684171525,-0.8817153328423254,0.18,-0.48314482060947034
1777027924.960259,tb1,0.08211118946024272,0.30320831318037145,0.18,-0.19332662609620335
1777027924.9642665,tb7,-0.3630790501580252,-0.24587902639462725,0.18,-0.23000343406837548
1777027924.969504,tb3,0.7769086415309315,-0.1471460860235164,0.18,-0.31179156413292136
1777027925.003008,tb2,0.32120789684171525,-0.8817153328423254,0.18,-0.48774014014359146
1777027925.011046,tb1,0.09099791257197168,0.3051038771420796,0.18,-0.1939128317066366
1777027925.0142567,tb7,-0.36166095702696777,-0.236886805690315,0.18,-0.22862794346907717
1777027925.0195777,tb3,0.7814769518101566,-0.15506172222508868,0.18,-0.31451135235973654
1777027925.0531693,tb2,0.31199417429761517,-0.8814815341953313,0.18,-0.48450724546752866
1777027925.0601337,tb1,0.09990284433823118,0.30691341756701523,0.18,-0.19457412473565042
1777027925.0643964,tb7,-0.36013983323843646,-0.22791213579366743,0.18,-0.2273114092608138
1777027925.0701022,tb3,0.7859217777663615,-0.16304887908035903,0.18,-0.3172547494881457
1777027925.103046,tb2,0.30278702414761466,-0.8810240978069213,0.18,-0.48037067766487707
1777027925.1103547,tb1,0.10882522923320574,0.30863646955704305,0.18,-0.1763296193201264
1777027925.1143036,tb7,-0.35851652627610114,-0.21895601419605062,0.18,-0.2260490764802528
1777027925.119489,tb3,0.7902408042226177,-0.17110620337538596,0.18,-0.3200507257243551
1777027925.153019,tb2,0.29359519635578285,-0.8803432377722545,0.18,-0.4761354016511728
1777027925.160326,tb1,0.10882522923320574,0.30863646955704305,0.18,-0.1928883205309827
1777027925.1643214,tb7,-0.35851652627610114,-0.21895601419605062,0.18,-0.2247822119879027
1777027925.1694777,tb3,0.7944317528630351,-0.17923239772511587,0.17999999999999997,-0.3228624559919015
1777027925.2029583,tb2,0.284424552505762,-0.8794413217112516,0.18,-0.47192784334044013
1777027925.2101805,tb1,0.11775613299885751,0.3102752176889344,0.18,-0.19508095585114188
1777027925.2142537,tb7,-0.356791884622004,-0.21001947976849752,0.18,-0.22352323350949235
1777027925.2194977,tb3,0.7944317528630351,-0.17923239772511587,0.18,-0.32248405695085675
1777027925.252927,tb2,0.2752800621807125,-0.8783211503730435,0.18,-0.46774271514180205
1777027925.2602768,tb1,0.12670847042110878,0.3118318726526375,0.18,-0.19593536776909182
1777027925.2642918,tb7,-0.3549667850520535,-0.20110361433871454,0.18,-0.2223400057924595
1777027925.269579,tb3,0.7984922546610566,-0.1874261546850394,0.18,-0.3253775849945691
1777027925.3030293,tb2,0.2661665284590889,-0.8769855017104072,0.18,-0.46355839342045463
1777027925.3102424,tb1,0.13567641165101987,0.3133015974990469,0.18,-0.19666700665664874
1777027925.3143861,tb7,-0.3530420714964843,-0.19220931698696972,0.18,-0.22120488565118054
1777027925.3195653,tb3,0.8024200196515965,-0.19568431947726775,0.18,-0.3286075428142422
1777027925.3530576,tb2,0.2570887840494723,-0.8754372606335806,0.18,-0.45938150188868193
1777027925.3601553,tb1,0.14465869934774414,0.314683548429052,0.18,-0.1973817974179978
1777027925.3643212,tb7,-0.3510185586401638,-0.183337558104058,0.18,-0.22012313776600045
1777027925.3695602,tb3,0.8062140224944316,-0.20400634132066717,0.18,-0.33186987505980703
1777027925.40307,tb2,0.24805137602228441,-0.8736794675823233,0.18,-0.4552156459902563
1777027925.4102829,tb1,0.15365448940215612,0.31597720428345,0.18,-0.19807762980616525
1777027925.414428,tb7,-0.34889706095145406,-0.17448928638419156,0.18,-0.2190847347066642
1777027925.4195588,tb3,0.8098718815137468,-0.21239083623907407,0.17999999999999997,-0.33513098671678204
1777027925.45294,tb2,0.23905858584187992,-0.8717151482269653,0.18,-0.45102292798735766
1777027925.4602206,tb1,0.16266293251262864,0.3171820806713563,0.18,-0.19878042316585762
1777027925.4643517,tb7,-0.3466783722526818,-0.16566541547185384,0.18,-0.21809451081312078
1777027925.4695995,tb3,0.813391046877869,-0.22083619263283308,0.18,-0.3383990442862775
1777027925.5029747,tb2,0.23011481647360824,-0.8695475416373374,0.18,-0.44687307877409016
1777027925.5101204,tb1,0.17168322299652597,0.31829771106826193,0.18,-0.19947913850702248
1777027925.5143542,tb7,-0.34436328499177205,-0.15686688113930675,0.18,-0.2171481646021009
1777027925.5194752,tb3,0.8167689957122897,-0.22934081124223663,0.18,-0.3416595445917419
1777027925.552889,tb2,0.2212241047013527,-0.8671800520461194,0.18,-0.4427504530498143
1777027925.560125,tb1,0.18071452557023587,0.3193236080229364,0.18,-0.2001676661265619
1777027925.5643535,tb7,-0.34195257537699186,-0.14809456637065288,0.18,-0.21624297783280533
1777027925.5694764,tb3,0.8200031155257139,-0.23790290946068188,0.18,-0.34492279738778575
1777027925.603012,tb2,0.2212241047013527,-0.8671800520461194,0.18,-0.44654225883480925
1777027925.6101253,tb1,0.18975593446084402,0.3202593222224324,0.18,-0.2008626716818195
1777027925.6142657,tb7,-0.33944695804855346,-0.13934932393225452,0.18,-0.21536995474323642
1777027925.6195142,tb3,0.8230908755115915,-0.2465204547344582,0.18,-0.34822510720591615
1777027925.652986,tb2,0.21239009397204608,-0.8646158079532263,0.18,-0.442312050987846
1777027925.6601882,tb1,0.18975593446084402,0.3202593222224324,0.18,-0.19862699949904655
1777027925.664315,tb7,-0.3368471894299053,-0.13063208558345835,0.18,-0.21453449143471892
1777027925.6695485,tb3,0.8260298102774984,-0.2551916887763051,0.18,-0.3515285336407629
1777027925.702946,tb2,0.2036140502652406,-0.8618554083130592,0.18,-0.43731344549353307
1777027925.7101552,tb1,0.1988066202373412,0.32110440633507237,0.18,-0.19933226596103903
1777027925.7142732,tb7,-0.3341539802071811,-0.12194368764985941,0.18,-0.205079868022053
1777027925.7194579,tb3,0.8288173475738452,-0.26391444889963167,0.18,-0.3548540907728292
1777027925.7530286,tb2,0.1949033705045061,-0.8589016421299339,0.18,-0.43233707054307097
1777027925.7602317,tb1,0.20786435971309766,0.3218589798358132,0.18,-0.20030380841490825
1777027925.7644002,tb7,-0.3341539802071811,-0.12194368764985941,0.18,-0.21210025060196247
1777027925.7696693,tb3,0.8288173475738452,-0.26391444889963167,0.18,-0.35517388216977547
1777027925.8029878,tb2,0.186261842873349,-0.855758353880798,0.18,-0.4274464004157904
1777027925.810251,tb1,0.21692949422612984,0.32252340148804065,0.18,-0.2012826585741756
1777027925.8143444,tb7,-0.33137096763428653,-0.11328776665047005,0.18,-0.21207646498064
1777027925.819584,tb3,0.8314510435064469,-0.27268650135460953,0.18,-0.35861383305082006
1777027925.8529227,tb2,0.17769280597634113,-0.8524295951903317,0.18,-0.4226957481504726
1777027925.860148,tb1,0.2260013244731209,0.32309717465177296,0.18,-0.2022428229744197
1777027925.8642547,tb7,-0.3284966553165985,-0.10465877316722362,0.18,-0.2113872782801522
1777027925.8694692,tb3,0.8339287562635377,-0.2815044047960924,0.18,-0.36232290124816846
1777027925.9029784,tb2,0.16919901114840785,-0.8489192739036715,0.18,-0.41803051084534
1777027925.9102206,tb1,0.2350789270916631,0.3235797231033957,0.18,-0.20318025251263078
1777027925.9143925,tb7,-0.3255310445752996,-0.0960608235164774,0.18,-0.21065900640136737
1777027925.9195867,tb3,0.8362489468970927,-0.2903667709648662,0.18,-0.3660605452836787
1777027925.9529252,tb2,0.16078331795295847,-0.8452311917444345,0.18,-0.413425913757762
1777027925.96017,tb1,0.2441613945719169,0.3239705235855437,0.18,-0.20411190661774728
1777027925.9642527,tb7,-0.3224747809016425,-0.08749503224906681,0.18,-0.20996437584673638
1777027925.9696274,tb3,0.8384091320545253,-0.2992713406375908,0.18,-0.3697968369233212
1777027926.0029423,tb2,0.15244853170697006,-0.8413692599098724,0.18,-0.40891799207814333
1777027926.0101328,tb1,0.25324783204005363,0.3242690600507137,0.18,-0.20503005927627746
1777027926.014389,tb7,-0.3193285543666547,-0.07896225678779185,0.18,-0.2092920998290339
1777027926.0195007,tb3,0.8404067302624293,-0.3082156749689992,0.18,-0.3735235192954022
1777027926.0531034,tb2,0.14419706254211567,-0.8373371888483773,0.18,-0.4044670072618567
1777027926.0601726,tb1,0.2623372742410933,0.3244748328687887,0.18,-0.20594185097594886
1777027926.0643432,tb7,-0.31609303108493253,-0.07046328123042697,0.18,-0.20865149980035935
1777027926.0695314,tb3,0.8422391704428297,-0.31719707572242406,0.18,-0.377270100222716
1777027926.1029878,tb2,0.13603143107931678,-0.8331388091229797,0.18,-0.40007243444013424
1777027926.1101177,tb1,0.2714287995882471,0.32458736134052024,0.18,-0.20685251206577165
1777027926.1142359,tb7,-0.31276888590828283,-0.061998928187403914,0.18,-0.20804271995424645
1777027926.1196482,tb3,0.8439039837423677,-0.3262129251804603,0.18,-0.38101664426636656
1777027926.153301,tb2,0.1279538711437601,-0.828777865205984,0.18,-0.3669337872179134
1777027926.1601207,tb1,0.28052145080431573,0.3246061644795523,0.18,-0.20775778301137546
1777027926.1642299,tb7,-0.3093567751989607,-0.05356997506111957,0.18,-0.2074556951813824
1777027926.1695168,tb3,0.8453986439574315,-0.335260410532245,0.18,-0.3847578616935947
1777027926.2030044,tb2,0.1279538711437601,-0.828777865205984,0.18,-0.3985348820179778
1777027926.2100945,tb1,0.2896142475088153,0.32453077995594765,0.18,-0.2086613480326186
1777027926.214217,tb7,-0.3058573463879436,-0.04517720892911958,0.18,-0.2068881774744659
1777027926.2194943,tb3,0.8467206817398026,-0.3443365569510291,0.18,-0.3884923538770169
1777027926.2530107,tb2,0.11997393381666935,-0.8242695564685265,0.18,-0.39696911561759757
1777027926.2602556,tb1,0.29870618852642633,0.32436077568325655,0.18,-0.2095703314691225
1777027926.2643323,tb7,-0.30227123078101237,-0.03682140551272315,0.18,-0.20634677581856473
1777027926.2695606,tb3,0.8478677398923625,-0.3534382277717512,0.18,-0.392275858153301
1777027926.303114,tb2,0.11207062294490594,-0.8196021454112336,0.18,-0.3919551514739916
1777027926.3102975,tb1,0.29870618852642633,0.32436077568325655,0.18,-0.2074520081975897
1777027926.3145943,tb7,-0.29859906762818805,-0.028503347763137805,0.18,-0.2058226973945672
1777027926.3195255,tb3,0.8488374996409368,-0.36256232685061696,0.18,-0.3960662551237646
1777027926.3529763,tb2,0.10426247438194916,-0.8147790757205684,0.18,-0.3867358105800149
1777027926.3602097,tb1,0.30779627888105865,0.32409573269061587,0.18,-0.20839158115737988
1777027926.3642588,tb7,-0.29859906762818805,-0.028503347763137805,0.18,-0.20393540480882155
1777027926.3695266,tb3,0.8496276711170858,-0.37170553535515694,0.18,-0.39986889322802943
1777027926.403003,tb2,0.09655276359631941,-0.8098045890299697,0.18,-0.38166350231339113
1777027926.4103382,tb1,0.31688222194179716,0.3237359917983887,0.18,-0.20960569615534982
1777027926.4143696,tb7,-0.2948414840562547,-0.02022380141451239,0.18,-0.20341543931176687
1777027926.4195807,tb3,0.8496276711170858,-0.37170553535515694,0.18,-0.40126969170537197
1777027926.4530208,tb2,0.08894307494053004,-0.8046828077048032,0.18,-0.37675003112614147
1777027926.460324,tb1,0.32596441390399145,0.3232817480456867,0.18,-0.2108256181578294
1777027926.4642894,tb7,-0.29099965257279803,-0.011983965284898574,0.18,-0.20306052312418893
1777027926.4695334,tb3,0.850236029999082,-0.38086444648631185,0.18,-0.40518219405812805
1777027926.5028942,tb2,0.08143483375317162,-0.7994178922448989,0.18,-0.37201861929073576
1777027926.510211,tb1,0.33504195460468345,0.32273247462371396,0.18,-0.2120269732018832
1777027926.5142374,tb7,-0.287074249232779,-0.0037838998577832167,0.18,-0.20273207842614213
1777027926.5194685,tb3,0.8506608615689627,-0.39003467699014616,0.18,-0.4092873537460028
1777027926.5529718,tb2,0.07402902614905332,-0.7940137325481457,0.18,-0.3674314803652223
1777027926.5602584,tb1,0.34411377395206055,0.3220876205321695,0.18,-0.21320883957443632
1777027926.564327,tb7,-0.2830658269238955,0.004375723823457306,0.18,-0.2024068972323634
1777027926.5695608,tb3,0.8509005532674513,-0.3992134477545941,0.18,-0.41340338684720884
1777027926.602976,tb2,0.06672677055251354,-0.7884741096550368,0.18,-0.3629633939860519
1777027926.6101742,tb1,0.353178840618779,0.32134666227948167,0.18,-0.2143808424485435
1777027926.614415,tb7,-0.2789749441220334,0.012494141378218982,0.18,-0.20209154038910887
1777027926.6195276,tb3,0.8509529890217469,-0.40839718371666983,0.18,-0.4174857274925306
1777027926.6530914,tb2,0.05952915503340151,-0.7828028544893686,0.18,-0.3586404838539176
1777027926.6601388,tb1,0.362236073168709,0.3205090759647721,0.18,-0.21553951359675316
1777027926.6642475,tb7,-0.2748021704779518,0.020570591915650218,0.18,-0.20179859887870225
1777027926.6695173,tb3,0.8508159895699902,-0.41758210608564994,0.18,-0.4215200176215506
1777027926.7029767,tb2,0.05243701046999313,-0.7770035841052442,0.18,-0.35442056968067137
1777027926.710149,tb1,0.37128437468108,0.31957435704358217,0.18,-0.21668854425631354
1777027926.7142372,tb7,-0.27054807028295497,0.0286043360301315,0.18,-0.20151033966121873
1777027926.7195373,tb3,0.8504874395413736,-0.42676413840698496,0.18,-0.4255233084441738
1777027926.7529294,tb2,0.045451191251592075,-0.7710798987685731,0.18,-0.35031651094644695
1777027926.760155,tb1,0.3803226217960151,0.31854202928439573,0.18,-0.21783559243605327
1777027926.7644606,tb7,-0.26621320532075626,0.03659463035441971,0.18,-0.20122366596877578
1777027926.7694829,tb3,0.8499653891148262,-0.43593915030607644,0.18,-0.42949101631787984
1777027926.8029048,tb2,0.03857242710498967,-0.7650352499301205,0.18,-0.3463103525382217
1777027926.8101108,tb1,0.3893496885844157,0.3174116377285814,0.18,-0.21898526782758942
1777027926.8142092,tb7,-0.2617981429993544,0.04454073343058665,0.18,-0.2009690483522923
1777027926.8195138,tb3,0.8492479985638245,-0.44510289094251876,0.18,-0.4334279458994183
1777027926.8530192,tb2,0.03857242710498967,-0.7650352499301205,0.18,-0.34802882647832517
1777027926.8602073,tb1,0.3983644261314924,0.3161827514259136,0.18,-0.22013433272735308
1777027926.8644955,tb7,-0.2573034447104508,0.05244191901322099,0.18,-0.20070354923817696
1777027926.869504,tb3,0.8483335708334958,-0.45425095497033524,0.18,-0.4373336615651364
1777027926.9029806,tb2,0.03180138944498855,-0.758872955982155,0.18,-0.34401495851075337
1777027926.910162,tb1,0.3983644261314924,0.3161827514259136,0.18,-0.2181720299967862
1777027926.9143822,tb7,-0.252729684261963,0.06029744964322783,0.18,-0.18096512158648734
1777027926.919453,tb3,0.847220449727082,-0.4633789520467387,0.18,-0.4411836370674814
1777027926.9530845,tb2,0.025138089986658084,-0.7525938198750398,0.18,-0.3395859282543486
1777027926.9603033,tb1,0.4073656620402356,0.31485493954760096,0.18,-0.21934653570122198
1777027926.9643285,tb7,-0.252729684261963,0.06029744964322783,0.18,-0.19837354896343823
1777027926.9696972,tb3,0.847220449727082,-0.4633789520467387,0.18,-0.443679766680311
1777027927.0029316,tb2,0.0185855553064059,-0.7462020317103906,0.18,-0.33525378779313936
1777027927.010429,tb1,0.4163510847691835,0.31342874209028593,0.18,-0.22079070342610166
1777027927.014313,tb7,-0.2480851231344685,0.06810197008637463,0.18,-0.19984959468591038
1777027927.0196135,tb3,0.8459071090764807,-0.47248222085519576,0.18,-0.4475793572820316
1777027927.0534105,tb2,0.012144330735308548,-0.7397013013591563,0.18,-0.33113613406008663
1777027927.0601826,tb1,0.4253209895980254,0.3119041443856941,0.18,-0.22224770587207493
1777027927.064803,tb7,-0.24336252132582567,0.07586784351536122,0.18,-0.19975917187241216
1777027927.0697849,tb3,0.8443924713590564,-0.48155573703228804,0.18,-0.45151389546753606
1777027927.1029646,tb2,0.0058144325371090174,-0.7330949576578638,0.17999999999999997,-0.3271322584566134
1777027927.1101635,tb1,0.43427422767110996,0.31028060482570075,0.18,-0.22367918207804918
1777027927.114294,tb7,-0.23856245756446148,0.08358668832776123,0.18,-0.19959013544322693
1777027927.1194942,tb3,0.8426754415665015,-0.49059504924974406,0.18,-0.45535658727251954
1777027927.1529567,tb2,-0.00040398048667371946,-0.7263861968789436,0.18000000000000002,-0.32325770396290676
1777027927.1601474,tb1,0.44320955933767253,0.3085576094406805,0.18,-0.22509858234335164
1777027927.1642573,tb7,-0.23368556444805957,0.0912571571682094,0.18,-0.19940513140034155
1777027927.1696177,tb3,0.8407549200326488,-0.49959522413639407,0.18,-0.45914764595858504
1777027927.2030776,tb2,-0.006510738606763223,-0.7195781494141342,0.18,-0.3194954760414918
1777027927.2102334,tb1,0.4521257309963005,0.3067346774355124,0.18,-0.22650672290789714
1777027927.2145352,tb7,-0.22873240654592233,0.09887850177233025,0.18,-0.19921831721844366
1777027927.219646,tb3,0.8386299844621696,-0.5085511733631372,0.18,-0.4628621776848594
1777027927.2531307,tb2,-0.006510738606763223,-0.7195781494141342,0.18,-0.320628824923837
1777027927.2601557,tb1,0.4610215379059074,0.30481128897942666,0.18,-0.227901747798189
1777027927.264375,tb7,-0.22370356849769701,0.106450001422361,0.18,-0.19906807034378954
1777027927.2694926,tb3,0.8362996670925001,-0.5174580485553221,0.18,-0.4664111698744627
1777027927.3030472,tb2,-0.0125057005525541,-0.712674069079164,0.18,-0.3169256001250851
1777027927.3102834,tb1,0.4610215379059074,0.30481128897942666,0.18,-0.22605803387395784
1777027927.3143303,tb7,-0.21859962484474532,0.11397097345379392,0.18,-0.19892948263890944
1777027927.3194704,tb3,0.8337631026528662,-0.5263103835405931,0.18,-0.46984014511365063
1777027927.353046,tb2,-0.01838936919462925,-0.7056749537691073,0.18,-0.3129374353314708
1777027927.360197,tb1,0.4698956878959332,0.3027868901803406,0.18,-0.2274530255715958
1777027927.3644016,tb7,-0.21859962484474532,0.11397097345379392,0.18,-0.1967349759685258
1777027927.3693843,tb3,0.8310198205767596,-0.5351026740892376,0.18,-0.47315425419417334
1777027927.4030278,tb2,-0.024159743321651835,-0.6985845626175842,0.18,-0.309077068918506
1777027927.4101443,tb1,0.47874563873680853,0.30066206857839595,0.17999999999999997,-0.22912784559581945
1777027927.4142735,tb7,-0.2134211499979531,0.12144071385734984,0.18,-0.19660516317777804
1777027927.419532,tb3,0.8310198205767596,-0.5351026740892376,0.18,-0.4765525418944173
1777027927.453124,tb2,-0.029816935501168648,-0.6914060222962932,0.18,-0.3053689343873251
1777027927.460262,tb1,0.4875715836366681,0.2984367896459303,0.18,-0.23079547053588031
1777027927.4643784,tb7,-0.20816963944186817,0.12885809295624404,0.18,-0.1966757422227353
1777027927.4695842,tb3,0.8280695757493132,-0.5438294935556701,0.18,-0.47986164971703155
1777027927.5030816,tb2,-0.035361209143132434,-0.6841422738055318,0.18,-0.3017999473812693
1777027927.5102148,tb1,0.4963723031200561,0.29611052141531957,0.17999999999999997,-0.23244485984301624
1777027927.5143127,tb7,-0.20284547660418767,0.13622344169115225,0.18,-0.19676618340336208
1777027927.5195134,tb3,0.8249122966671272,-0.5524854664022192,0.18,-0.4830026037393869
1777027927.5529325,tb2,-0.04079284084532743,-0.6767961864308585,0.18,-0.2983664892450184
1777027927.5601594,tb1,0.5051464111563,0.2936827391212159,0.18,-0.23407422885093074
1777027927.564255,tb7,-0.19744912556838323,0.14353611335431155,0.18,-0.19685237924301202
1777027927.5695572,tb3,0.8215481299397427,-0.561064881695528,0.18,-0.4860118486141698
1777027927.602997,tb2,-0.04611215511783621,-0.6693704439804065,0.18000000000000002,-0.2950478476131698
1777027927.6101599,tb1,0.5138924832977461,0.291152960124473,0.18000000000000002,-0.23568921713785246
1777027927.6143606,tb7,-0.19198107109940885,0.15079537772098844,0.18,-0.19692808908551807
1777027927.6195276,tb3,0.8179775004127221,-0.5695620426132898,0.18,-0.48888620843241914
1777027927.6529338,tb2,-0.05131941377245518,-0.6618676404244654,0.18,-0.2918241718081413
1777027927.6601462,tb1,0.5226090807211369,0.2885207511156907,0.18000000000000002,-0.23729992001917682
1777027927.664439,tb7,-0.18644181022474499,0.1580005040517691,0.18,-0.19700391876713477
1777027927.6695333,tb3,0.8142010692750729,-0.5779713298281385,0.18,-0.49162107392781346
1777027927.7029064,tb2,-0.05641485971166204,-0.6542903176948467,0.17999999999999997,-0.2886916561369416
1777027927.7101095,tb1,0.5312947644562916,0.2857857104628433,0.18,-0.238910313330311
1777027927.71425,tb7,-0.18083185130358237,0.16515076784330088,0.18,-0.19709298445110343
1777027927.7195487,tb3,0.81021974608953,-0.5862870532972063,0.18,-0.49421354384483346
1777027927.7529414,tb2,-0.06139875412352504,-0.6466409503954976,0.18,-0.2856455069380909
1777027927.7601871,tb1,0.5399480771951155,0.28294746016494204,0.18,-0.24051884153467007
1777027927.7643845,tb7,-0.17515170680521125,0.17224545425776075,0.18,-0.19716955484001872
1777027927.7695055,tb3,0.8060347045094539,-0.5945035330204181,0.18,-0.4966559966421789
1777027927.8034868,tb2,-0.06627138305967593,-0.6389219833736074,0.18,-0.282690303780235
1777027927.810251,tb1,0.5485675501488196,0.28000563056627115,0.18,-0.24212990187548974
1777027927.8143353,tb7,-0.1694018940955332,0.1792838489484735,0.18,-0.19725780923383757
1777027927.8195221,tb3,0.8016472692218992,-0.6026151763048873,0.18,-0.49892974876533935
1777027927.852966,tb2,-0.06627138305967593,-0.6389219833736074,0.18000000000000002,-0.28301830670128847
1777027927.860209,tb1,0.5571516872742615,0.2769598579272474,0.17999999999999997,-0.24374613846955684
1777027927.864235,tb7,-0.16358293856204315,0.18626524301756917,0.18,-0.19735296616294337
1777027927.8695352,tb3,0.7970590593151259,-0.6106162708241281,0.18,-0.5010346683317715
1777027927.9029636,tb2,-0.07103307603573439,-0.6311357644599239,0.18,-0.2800749699702073
1777027927.9103243,tb1,0.5571516872742615,0.2769598579272474,0.18,-0.24214969165446126
1777027927.9143093,tb7,-0.15769536882784801,0.19318893093513573,0.18,-0.1974460118223279
1777027927.9195457,tb3,0.7922719466731227,-0.6185011906187021,0.18,-0.5029676081578155
1777027927.9531279,tb2,-0.07568414196940695,-0.6232830467344221,0.18,-0.2769192303756722
1777027927.960323,tb1,0.5656989465957512,0.27380981872501275,0.18000000000000002,-0.24379809643224123
1777027927.9643612,tb7,-0.15769536882784801,0.19318893093513573,0.18,-0.19515648476912947
1777027927.9696224,tb3,0.7922719466731227,-0.6185011906187021,0.18,-0.5073172265993774
1777027928.0030544,tb2,-0.08022365398726831,-0.6153670477532851,0.18,-0.27386849706065586
1777027928.0102158,tb1,0.5742067919368469,0.27055638091318107,0.18000000000000002,-0.24573842213756197
1777027928.0143266,tb7,-0.15173976499180278,0.20005416364939038,0.18,-0.19526641173836798
1777027928.0195165,tb3,0.7872880319480203,-0.626264367043274,0.18,-0.5091272377181288
1777027928.0529404,tb2,-0.08465210102914923,-0.6073903017995337,0.18,-0.27096936731846033
1777027928.0601852,tb1,0.582675266063098,0.2671993625601334,0.18,-0.2476667203355825
1777027928.0643601,tb7,-0.14571775653145044,0.2068599518279238,0.18,-0.19559513849115004
1777027928.0694878,tb3,0.7821084572067738,-0.6339009608303923,0.18,-0.5104582107859141
1777027928.1030047,tb2,-0.08897021626580755,-0.5993549002254475,0.18,-0.26817017592604125
1777027928.1101694,tb1,0.591102759027402,0.2637383293846279,0.18,-0.24958324207927055
1777027928.1143808,tb7,-0.13962954117594517,0.21360668591425677,0.18,-0.19592769750673641
1777027928.1195343,tb3,0.7767359225286883,-0.6414041133858942,0.18,-0.511577866512364
1777027928.1530175,tb2,-0.09317850667803863,-0.5912630210791316,0.18,-0.2654726374548601
1777027928.1601863,tb1,0.5994876470802369,0.26017289522644554,0.18,-0.2514846404233737
1777027928.1644924,tb7,-0.13347554415329035,0.22029369319990053,0.18,-0.19624304862373224
1777027928.1695793,tb3,0.7711734066720778,-0.648768326758566,0.18,-0.5125045199101765
1777027928.2029502,tb2,-0.09727752909849378,-0.5831168095959213,0.18,-0.2628806453148334
1777027928.2101636,tb1,0.6078282740151216,0.25650265087499874,0.18,-0.2533670056326901
1777027928.2143867,tb7,-0.12725622268569933,0.2269202197453574,0.18,-0.19655568129625983
1777027928.2195637,tb3,0.76542408841109,-0.6559883272072259,0.18,-0.5132311852092597
1777027928.2529721,tb2,-0.10126785206044076,-0.5749182143430791,0.18000000000000002,-0.260370128507379
1777027928.2602131,tb1,0.6161228454233797,0.2527273103748326,0.18000000000000002,-0.25525003408959496
1777027928.264395,tb7,-0.12097206812594721,0.23348550157703754,0.18,-0.1968559487026821
1777027928.2695532,tb3,0.7594914231357821,-0.6630589594596089,0.18,-0.5137704922191233
1777027928.3030558,tb2,-0.10126785206044076,-0.5749182143430791,0.18000000000000002,-0.2601962976312655
1777027928.3101187,tb1,0.6243696551565537,0.24884660771103825,0.18,-0.2571401688580095
1777027928.3142722,tb7,-0.1146235760071671,0.23998879725372863,0.18,-0.19715706069351113
1777027928.3195026,tb3,0.753379077146947,-0.669975263477915,0.18,-0.5141133354250497
1777027928.3530245,tb2,-0.10514996552904213,-0.5666691557263199,0.18000000000000002,-0.2577006791152073
1777027928.3602278,tb1,0.6325669678219602,0.24486028556899755,0.17999999999999997,-0.25902756048527165
1777027928.3643768,tb7,-0.10821125024042222,0.246429370358586,0.18,-0.19744417428467184
1777027928.3696117,tb3,0.7470909456418815,-0.676732418660743,0.18,-0.5142802661214435
1777027928.4029963,tb2,-0.10892428799850366,-0.5583705057073614,0.18,-0.2550748781418623
1777027928.4103763,tb1,0.6325669678219602,0.24486028556899755,0.18,-0.25769317512399076
1777027928.4144876,tb7,-0.10821125024042222,0.246429370358586,0.18,-0.1951161630745697
1777027928.4194705,tb3,0.7406311276305797,-0.683325782795896,0.18,-0.5142279968185682
1777027928.4530897,tb2,-0.11259042733405147,-0.5500248532717592,0.18,-0.25253794663494905
1777027928.4602726,tb1,0.6407129754636354,0.24076817188852995,0.18,-0.2596340322437669
1777027928.4642713,tb7,-0.1017356130618572,0.25280648402769984,0.18,-0.19541452899390294
1777027928.4695659,tb3,0.7406311276305797,-0.683325782795896,0.18,-0.5190649438128765
1777027928.502956,tb2,-0.11614896647889231,-0.5416343249178528,0.18,-0.2501400525429251
1777027928.5101924,tb1,0.6488051660642681,0.2365713109791574,0.18,-0.2618414010522984
1777027928.514639,tb7,-0.09519841055566912,0.25911905632459753,0.18,-0.1959244213321809
1777027928.519554,tb3,0.7340038334709614,-0.6897509683584965,0.18,-0.5188225341216991
1777027928.5530174,tb2,-0.11960074788258858,-0.533200612045507,0.18000000000000002,-0.24783317077223443
1777027928.5601935,tb1,0.6568431424894735,0.2322694564836381,0.18,-0.2640528403740731
1777027928.5643182,tb7,-0.08859975810090517,0.2653675849072463,0.18,-0.19646774956612845
1777027928.5695388,tb3,0.727211193571956,-0.6960040717407573,0.18,-0.5178769705499642
1777027928.6030023,tb2,-0.12294638267029491,-0.5247254773585351,0.18,-0.2456135106714893
1777027928.6102722,tb1,0.6648251232593119,0.22786231931094714,0.18,-0.266247101134661
1777027928.6144078,tb7,-0.08194005618022975,0.27155137617050185,0.18,-0.19697284783241917
1777027928.6195242,tb3,0.720258774899923,-0.7020787382046079,0.18,-0.5167274485953279
1777027928.6530533,tb2,-0.12618647841308722,-0.5162106252836446,0.18000000000000002,-0.2434734121624287
1777027928.6602213,tb1,0.6727491620677836,0.22334967756407245,0.18,-0.2684372301905234
1777027928.6643507,tb7,-0.07521975555212365,0.27766964360594565,0.18,-0.19746531094137518
1777027928.669562,tb3,0.7131517462475332,-0.7079709771566819,0.18,-0.5154328364160029
1777027928.7030206,tb2,-0.12932161167461748,-0.50765766557531,0.18,-0.24140068076709897
1777027928.710277,tb1,0.6806133299483955,0.21873131657245581,0.18,-0.2706143427895227
1777027928.7143805,tb7,-0.06843934020057163,0.28372159175136347,0.18,-0.19793891997255142
1777027928.7195714,tb3,0.7058953073730354,-0.7136772579814459,0.18,-0.5139841357589788
1777027928.752946,tb2,-0.1323523518690572,-0.49906829157034266,0.18,-0.21570852817351044
1777027928.760129,tb1,0.6884156169005192,0.21400708839633611,0.18,-0.2727942309523169
1777027928.7643406,tb7,-0.06159930307042023,0.2897064387692748,0.18,-0.19840338474948271
1777027928.7696111,tb3,0.6984948153260793,-0.7191942613840052,0.18,-0.5123961202419034
1777027928.8029294,tb2,-0.1323523518690572,-0.49906829157034266,0.18,-0.23874666015536591
1777027928.8100622,tb1,0.6961540203766564,0.2091768625381153,0.18,-0.2749647932190712
1777027928.8143187,tb7,-0.05470016030721013,0.2956234075516282,0.18,-0.1988538035962279
1777027928.819535,tb3,0.6909556719373027,-0.7245189430729584,0.18,-0.5106320784353904
1777027928.8529923,tb2,-0.1352810357673707,-0.4904549637017938,0.18,-0.23890796619293936
1777027928.8602245,tb1,0.6961540203766564,0.2091768625381153,0.18,-0.27392377098304277
1777027928.8643713,tb7,-0.05470016030721013,0.2956234075516282,0.18,-0.19651915324064517
1777027928.8694556,tb3,0.6832833960775742,-0.729648450962414,0.18,-0.5087418957182012
1777027928.903142,tb2,-0.1381140244908327,-0.48179972979215935,0.18,-0.23686484315776588
1777027928.910214,tb1,0.703826454237723,0.20424064773082373,0.18,-0.27615929888804347
1777027928.9143672,tb7,-0.04774245213283825,0.3014717325597788,0.18,-0.19697305260863995
1777027928.919578,tb3,0.6832833960775742,-0.729648450962414,0.18,-0.5136181165689191
1777027928.9531064,tb2,-0.14084342841603037,-0.4731115178313578,0.18,-0.234731674272316
1777027928.9602017,tb1,0.7114303102509849,0.1991997060535392,0.18,-0.2786611890237854
1777027928.9643705,tb7,-0.04072799034044618,0.30725038754267886,0.18,-0.1976683798655168
1777027928.969575,tb3,0.6754835561445013,-0.7345802589949832,0.18,-0.5115531540565315
1777027929.003072,tb2,-0.14346935677033795,-0.46439260306617314,0.17999999999999997,-0.23269906866679238
1777027929.0106726,tb1,0.7189649613231675,0.19405376166903388,0.18,-0.28114532192131064
1777027929.01454,tb7,-0.03365682261070097,0.3129598634775486,0.18,-0.19835557154433253
1777027929.0195384,tb3,0.6675585987443722,-0.7393119106155701,0.18,-0.5086719060547384
1777027929.053241,tb2,-0.14599256014487813,-0.45564455093958156,0.17999999999999997,-0.23076895494523714
1777027929.06015,tb1,0.7264282754930157,0.1888026367884454,0.18,-0.28362071606884337
1777027929.064492,tb7,-0.026529310052779056,0.3185994333906958,0.18,-0.19902242931207645
1777027929.0696998,tb3,0.6595161849193107,-0.7438385533397228,0.18,-0.5057038052980987
1777027929.10299,tb2,-0.14841378347781892,-0.44686876569157347,0.18000000000000002,-0.22893530687855912
1777027929.1101577,tb1,0.7338179804095968,0.18344626215542564,0.18,-0.2860699948270808
1777027929.114352,tb7,-0.01934594039721925,0.3241682358235609,0.18,-0.1996703134973781
1777027929.119545,tb3,0.6513625086597303,-0.7481584457592938,0.18,-0.5026463544869192
1777027929.1531036,tb2,-0.14841378347781892,-0.44686876569157347,0.18,-0.22798599220627935
1777027929.1602166,tb1,0.7411317800495955,0.1779847114494097,0.18,-0.2885225086155099
1777027929.164373,tb7,-0.012107231888756065,0.32966543750221533,0.18,-0.20029385467683725
1777027929.1695302,tb3,0.6431035862786265,-0.7522702225266512,0.18,-0.4995385615398375
1777027929.2029867,tb2,-0.15073367255945733,-0.4380665770412886,0.18,-0.22617700429195048
1777027929.210152,tb1,0.7411317800495955,0.1779847114494097,0.18000000000000002,-0.2877529029794452
1777027929.2143555,tb7,-0.004813689397592987,0.335090225721232,0.18,-0.20090188036391607
1777027929.2195895,tb3,0.6347454901851339,-0.7561727406184275,0.18,-0.49638750463929643
1777027929.2530208,tb2,-0.1529527165360265,-0.42923907447630794,0.18,-0.22438118014290936
1777027929.260221,tb1,0.7483674454368171,0.1724180413482707,0.18,-0.2902527576215412
1777027929.264483,tb7,-0.004813689397592987,0.335090225721232,0.18,-0.19857614562829093
1777027929.2695384,tb3,0.6262942115361984,-0.7598651297634679,0.18,-0.4606058573354988
1777027929.3029914,tb2,-0.15507132638958204,-0.4203878552421868,0.18,-0.2226642515812817
1777027929.3101811,tb1,0.7555221227308859,0.16674774727374217,0.18,-0.29302945213357456
1777027929.3144727,tb7,0.0025341004002216194,0.34044175758851997,0.18,-0.19918281173265637
1777027929.3196654,tb3,0.6262942115361984,-0.7598651297634679,0.18,-0.49779513744085285
1777027929.3530583,tb2,-0.15709014157425083,-0.4115142540796087,0.18,-0.22101505360676443
1777027929.360315,tb1,0.7625949770111566,0.16097372143453867,0.17999999999999997,-0.29579340448794594
1777027929.3644383,tb7,0.00993416348432576,0.34571913986215247,0.18,-0.200041365898384
1777027929.3696942,tb3,0.6177703649434991,-0.7633484055700921,0.18,-0.4975962270708497
1777027929.403128,tb2,-0.1590098212292213,-0.4026195919835871,0.18,-0.21946306367637838
1777027929.4101999,tb1,0.7695837739057348,0.1550959170180744,0.18,-0.29853857636206604
1777027929.4143753,tb7,0.017386683382542695,0.3509228322780155,0.18,-0.20088554711096146
1777027929.419612,tb3,0.6091510389404593,-0.766630570853822,0.18,-0.4933549841851203
1777027929.452967,tb2,-0.16083105707011255,-0.3937051388401691,0.18,-0.21800012998582755
1777027929.4601943,tb1,0.776485966711963,0.1491143535285881,0.18,-0.30124491032197714
1777027929.4643927,tb7,0.02489125032751844,0.35605199136880106,0.18,-0.20168881474686412
1777027929.4695933,tb3,0.6004536822851776,-0.7696971752980868,0.18,-0.488879057846453
1777027929.5031333,tb2,-0.16083105707011255,-0.3937051388401691,0.18,-0.21679610035254948
1777027929.510209,tb1,0.7832989225967896,0.1430292957951742,0.18,-0.303946529227725
1777027929.5143456,tb7,0.03244732992425893,0.36110569675433785,0.18,-0.20246900077787416
1777027929.5195374,tb3,0.591685491529151,-0.7725477586584177,0.18,-0.484464273652684
1777027929.55299,tb2,-0.162554471059418,-0.38477201620568563,0.18,-0.21535415927350854
1777027929.5601366,tb1,0.7900201274961508,0.13684111356110443,0.18,-0.3066611640256131
1777027929.5643592,tb7,0.0400543665888053,0.3660830781256294,0.18,-0.20322701844799348
1777027929.5695372,tb3,0.5828524486187577,-0.7751829167938201,0.18,-0.4801065363559555
1777027929.6029732,tb2,-0.16418056604475376,-0.3758213107726228,0.18,-0.21394852066890546
1777027929.6102176,tb1,0.7900201274961508,0.13684111356110443,0.18,-0.3062604888398866
1777027929.614199,tb7,0.04771178943265513,0.37098328666654984,0.18,-0.20101607252386897
1777027929.619463,tb3,0.5739604047051744,-0.7776033625143884,0.18,-0.47578542704511967
1777027929.6530194,tb2,-0.1657097906576828,-0.3668542900376594,0.18,-0.21260539317886334
1777027929.66023,tb1,0.7966470980216801,0.13055018134571592,0.18,-0.3090436424870643
1777027929.664333,tb7,0.04771178943265513,0.37098328666654984,0.18,-0.20168243075831221
1777027929.6697876,tb3,0.5739604047051744,-0.7776033625143884,0.18,-0.4800456110371738
1777027929.7030346,tb2,-0.16714270638014625,-0.3578720584580317,0.18,-0.21131606646131273
1777027929.7102492,tb1,0.8031769281006401,0.12415840987621929,0.18,-0.3121145860004699
1777027929.714471,tb7,0.05541761747235414,0.37580536168827194,0.18,-0.20267418297324677
1777027929.7195983,tb3,0.5650149948125097,-0.7798098955520523,0.18,-0.4756580641950527
1777027929.7530127,tb2,-0.16847985331770987,-0.3488758031085173,0.18,-0.21009954942270861
1777027929.7602403,tb1,0.8096085725590867,0.11766568475560715,0.18,-0.31516983331711035
1777027929.7644193,tb7,0.06317192102108328,0.38054976471375684,0.18,-0.20366972685302487
1777027929.7695425,tb3,0.556018292980714,-0.7818023815829549,0.18,-0.470526299505882
1777027929.8030581,tb2,-0.16972181818634335,-0.33986657067054216,0.18,-0.20893803694489493
1777027929.8101435,tb1,0.8159393275993511,0.11107226480181065,0.18,-0.3181874209475419
1777027929.8143349,tb7,0.07097431581882142,0.385215663254585,0.18,-0.20462804313031216
1777027929.8195746,tb3,0.5469789450969842,-0.7835794722024216,0.18,-0.46547684870818723
1777027929.8529925,tb2,-0.1708691206351692,-0.3308454024091941,0.18,-0.2078294166391779
1777027929.860218,tb1,0.8221663175612197,0.10437871694826885,0.18,-0.321203324519114
1777027929.8643405,tb7,0.07882423821040285,0.38980210572457386,0.18,-0.2055524857351433
1777027929.8695393,tb3,0.5379026875828931,-0.7851428005811897,0.18,-0.46053287566160367
1777027929.9030802,tb2,-0.1719222124600593,-0.3218132778864988,0.18,-0.20675183584888596
1777027929.9101,tb1,0.8282868034557208,0.09758575411021192,0.18,-0.3242424320091355
1777027929.9143665,tb7,0.08672107219615627,0.39430818081101465,0.18,-0.20645724660628736
1777027929.9195163,tb3,0.52879484872796,-0.786494101705783,0.18,-0.4556808656424279
1777027929.9531171,tb2,-0.1719222124600593,-0.3218132778864988,0.18,-0.20526205476288478
1777027929.9601836,tb1,0.8342981248067948,0.09069401719482076,0.18,-0.32729058219760054
1777027929.964348,tb7,0.09466422626913527,0.3987330178910082,0.18,-0.20734464439180952
1777027929.9696176,tb3,0.5196606766005382,-0.787635180765429,0.18,-0.4509302170756871
1777027930.0031567,tb2,-0.17288152427255987,-0.3127712395207215,0.18,-0.20419306706557078
1777027930.0101433,tb1,0.8401975112378147,0.08370422278116889,0.18,-0.3303453349438273
1777027930.0144074,tb7,0.10265308341216112,0.403075734675775,0.18,-0.2082113023681428
1777027930.0194926,tb3,0.5105053070911929,-0.7885680054941817,0.18,-0.4462653570355825
1777027930.0531,tb2,-0.17374757776252053,-0.3037205372167712,0.18,-0.20321676800368238
1777027930.0601857,tb1,0.8401975112378147,0.08370422278116889,0.18,-0.3304621810067137
1777027930.064154,tb7,0.11068695675339864,0.40733546338682336,0.18,-0.20908551357722793
1777027930.0695877,tb3,0.5013334978658148,-0.7892945735451837,0.18,-0.44168117578177657
1777027930.1029732,tb2,-0.17452093803314062,-0.2946619710805872,0.18,-0.20228917084216522
1777027930.1102595,tb1,0.8459821544828647,0.07661733873179849,0.18,-0.3336223931931872
1777027930.1143963,tb7,0.11068695675339864,0.40733546338682336,0.18,-0.20684149495876628
1777027930.1194935,tb3,0.4921500679010904,-0.7898169538225409,0.18,-0.4371601177214151
1777027930.1529992,tb2,-0.1752020369543971,-0.28559647041666497,0.18,-0.20139326221755005
1777027930.1601858,tb1,0.8516491024584901,0.06943564240589124,0.18,-0.33706648850314497
1777027930.1643758,tb7,0.11876520546174811,0.41151136305885627,0.18,-0.20770257056088517
1777027930.1695693,tb3,0.4921500679010904,-0.7898169538225409,0.18,-0.4406636664011307
1777027930.2030196,tb2,-0.17579127714213366,-0.2765249738465781,0.18,-0.20052945201168984
1777027930.2102897,tb1,0.8571968373970404,0.062159552123926945,0.18,-0.3405363841181963
1777027930.2143629,tb7,0.1268855730960602,0.41560262541540866,0.18,-0.20884624237969934
1777027930.2194893,tb3,0.48295956483325353,-0.7901372771396744,0.18,-0.436120696933503
1777027930.2531123,tb2,-0.17628905158756206,-0.2674484437455636,0.18,-0.1997038032622512
1777027930.2602403,tb1,0.8626225857447021,0.054789898557545715,0.18,-0.3439947500653325
1777027930.2644362,tb7,0.13504833101328795,0.41960967601672156,0.18,-0.2099767201940383
1777027930.2698035,tb3,0.4737630350953765,-0.7902558753591971,0.18,-0.4308652486910444
1777027930.3029714,tb2,-0.17669576193254094,-0.25836779544364846,0.18,-0.19892125931978946
1777027930.3101966,tb1,0.8679233166843581,0.047327647352350045,0.18,-0.34743423886299135
1777027930.3143256,tb7,0.1432529534005382,0.4235316446674915,0.18,-0.21107995429468068
1777027930.3195062,tb3,0.4645684775180482,-0.7901732172461675,0.18,-0.42567683467218714
1777027930.353082,tb2,-0.17701180506355066,-0.24928395669165315,0.18,-0.19816797214088067
1777027930.3602035,tb1,0.8730959308241361,0.03977388943486229,0.18,-0.35086110576688484
1777027930.3643909,tb7,0.15149879549084774,0.4273675487114711,0.18,-0.2121441358218378
1777027930.369565,tb3,0.4553804741460211,-0.7898921057447748,0.18,-0.42068610117819666
1777027930.4029071,tb2,-0.17723756142157496,-0.24019780207102273,0.18,-0.19745646272365322
1777027930.410116,tb1,0.8781373212935376,0.03212993832722958,0.18,-0.35429945383094713
1777027930.4142532,tb7,0.15978514366404686,0.43111642168795444,0.18,-0.2131976952830837
1777027930.4194865,tb3,0.4462030571707932,-0.7894154552374197,0.18,-0.41584031671240973
1777027930.4529076,tb2,-0.17737338995942226,-0.23111021392987052,0.18,-0.19676928968125376
1777027930.4601667,tb1,0.8830444720978259,0.024397120219834596,0.18,-0.3577496447154677
1777027930.4644127,tb7,0.16811129133117042,0.4347773463672009,0.18,-0.2142215023704186
1777027930.4695017,tb3,0.43704006572101434,-0.7887460985105089,0.18,-0.4111271126983359
1777027930.502971,tb2,-0.17737338995942226,-0.23111021392987052,0.18,-0.19498430399190264
1777027930.5101707,tb1,0.8878143383114073,0.01657695597554499,0.18,-0.3612249999673761
1777027930.5142543,tb7,0.17647647916716663,0.4383494149876477,0.18,-0.21525054778127772
1777027930.519513,tb3,0.42789524673789564,-0.7878868285444428,0.18,-0.4065287160871924
1777027930.5529487,tb2,-0.1774196268663388,-0.22202205673840236,0.18,-0.19429988762223152
1777027930.560054,tb1,0.8924439085899473,0.00867098126461979,0.18,-0.3647181678258114
1777027930.5642774,tb7,0.18487995764936282,0.4418317478254502,0.18,-0.21626358819136857
1777027930.5694947,tb3,0.4187721670980198,-0.7868403977290026,0.18,-0.40202389359204127
1777027930.6029856,tb2,-0.17737686112591683,-0.21293472210605213,0.18,-0.1937542223099531
1777027930.6102836,tb1,0.8924439085899473,0.00867098126461979,0.18,-0.36564689316628285
1777027930.614372,tb7,0.1933209590628675,0.4452234590654374,0.18,-0.21726715669461047
1777027930.6194856,tb3,0.40967437708586923,-0.7856096197130962,0.18000000000000002,-0.39762832205452636
1777027930.6529958,tb2,-0.1772457024915516,-0.2038485555943819,0.18,-0.19324210772838926
1777027930.6602852,tb1,0.896930121182268,0.0006808134285812551,0.18,-0.3692467747564028
1777027930.6644225,tb7,0.1933209590628675,0.4452234590654374,0.18,-0.21513342971268656
1777027930.6694617,tb3,0.4006050934394577,-0.7841972085910811,0.18,-0.393304344663447
1777027930.7031255,tb2,-0.17702644810612017,-0.19476434947171256,0.18,-0.19274721199079045
1777027930.710211,tb1,0.9012699632019997,-0.007390435097501385,0.18,-0.37311251274527646
1777027930.7143044,tb7,0.20179865080525045,0.4485236823985748,0.18,-0.21615915432006444
1777027930.7196302,tb3,0.4006050934394577,-0.7841972085910811,0.18,-0.3959144119921796
1777027930.7529814,tb2,-0.17671938445989452,-0.18568294245968758,0.18,-0.19228464477297458
1777027930.7602208,tb1,0.9054614945156818,-0.015541793220975238,0.18,-0.3769692451071586
1777027930.7643147,tb7,0.2103107071859399,0.4517317798782809,0.18,-0.2174617155677965
1777027930.769555,tb3,0.39156762317531135,-0.7826060217307149,0.18,-0.3915949015332066
1777027930.8030088,tb2,-0.17632479637198578,-0.17660515149409434,0.18,-0.19183926268444013
1777027930.8101559,tb1,0.9095014639962803,-0.023771365302154127,0.18,-0.3808276362934961
1777027930.8143377,tb7,0.2188573629768929,0.45484801749831666,0.18,-0.21876300416515757
1777027930.8195758,tb3,0.38256255454588306,-0.7808366456500156,0.18,-0.38670432949409733
1777027930.8529813,tb2,-0.1758429617430439,-0.16753180588683225,0.18,-0.19141993543499183
1777027930.860203,tb1,0.9133867163709387,-0.03207731369316554,0.18,-0.38465327709278013
1777027930.8642867,tb7,0.22743799761586359,0.4578715095119069,0.18,-0.22003038003415934
1777027930.8694983,tb3,0.3735962096278574,-0.7788911596395546,0.18,-0.3819459819644952
1777027930.902925,tb2,-0.17527416148022296,-0.1584637169265416,0.18,-0.19102537277287343
1777027930.9102228,tb1,0.9171139003173023,-0.040457494065387685,0.18,-0.3884597239809948
1777027930.9143107,tb7,0.23605178855583003,0.4608012118286997,0.18,-0.22126848665023846
1777027930.9196882,tb3,0.3646716127613456,-0.7767728511351015,0.18,-0.37737962266398767
1777027930.9530008,tb2,-0.17461865919862699,-0.14940167797389037,0.18,-0.19064636323717224
1777027930.960192,tb1,0.9206797807969412,-0.048909538157776114,0.18,-0.392271909266943
1777027930.9643524,tb7,0.2446978599229457,0.46363614208197557,0.18,-0.22249239435232263
1777027930.9695923,tb3,0.3557912877425811,-0.7744848947864529,0.18,-0.37293737328395576
1777027931.003087,tb2,-0.17461865919862699,-0.14940167797389037,0.18,-0.18864976265746264
1777027931.0106034,tb1,0.9240812024694643,-0.05743119199443082,0.18,-0.3960769962451228
1777027931.0142963,tb7,0.25337537722430337,0.46637535881865555,0.18,-0.223704396232462
1777027931.0196118,tb3,0.34695787864015526,-0.7720304364580817,0.18,-0.36865222522272467
1777027931.0531158,tb2,-0.1738767164644776,-0.14034649911962638,0.18,-0.18827523614057287
1777027931.0607252,tb1,0.9273149424824176,-0.06601988253423167,0.18,-0.39986506286104734
1777027931.064557,tb7,0.26208344432480424,0.4690179129162016,0.18,-0.2248928784468941
1777027931.070043,tb3,0.3381737735079792,-0.7694126127711193,0.18,-0.3645220562563404
1777027931.102969,tb2,-0.17304902802368016,-0.13129966616805253,0.18,-0.18808749137470407
1777027931.1101599,tb1,0.9273149424824176,-0.06601988253423167,0.18,-0.40166038710080254
1777027931.1142693,tb7,0.26208344432480424,0.4690179129162016,0.18,-0.22288167247562093
1777027931.119529,tb3,0.32944124024288135,-0.7666344874405948,0.18,-0.3604803536780795
1777027931.1530278,tb2,-0.17213616490853842,-0.12226122606712309,0.18,-0.18792097983385392
1777027931.1602652,tb1,0.9303778702441812,-0.07467301035920494,0.18,-0.40553073750822405
1777027931.1643655,tb7,0.2708211570366342,0.47156287036732414,0.18,-0.22408403421569273
1777027931.1695702,tb3,0.32944124024288135,-0.7666344874405948,0.18,-0.36237500956064106
1777027931.202952,tb2,-0.17113833313305704,-0.11323186007601892,0.18,-0.18776718348861174
1777027931.2101676,tb1,0.9332670505965225,-0.08338686937175901,0.18,-0.4095468455639304
1777027931.214419,tb7,0.27958604120759933,0.47400966058756566,0.18,-0.22557160674418042
1777027931.2196302,tb3,0.3207624647125475,-0.7636990714414921,0.18,-0.35838958000166066
1777027931.2529898,tb2,-0.1700557046760972,-0.10421234600083444,0.18,-0.1876194672962695
1777027931.2602017,tb1,0.9359800254827255,-0.09215912553466045,0.18,-0.41356417721248906
1777027931.2643604,tb7,0.28837830367994455,0.4763584511024235,0.18,-0.22706359287694583
1777027931.2695916,tb3,0.31213760365939225,-0.7606071131798519,0.18,-0.35392289377077213
1777027931.3029552,tb2,-0.1688884522414003,-0.09520346785316293,0.18,-0.18748560798377673
1777027931.3101976,tb1,0.9385137627500603,-0.10098687907273117,0.18,-0.4175402749993826
1777027931.3142362,tb7,0.29719716985274236,0.47860831780362434,0.18,-0.22852638335853437
1777027931.319476,tb3,0.3035717128861329,-0.7573611646835584,0.18000000000000002,-0.34958708708453384
1777027931.352972,tb2,-0.16763675358093383,-0.0862060052873182,0.18,-0.18736177297322468
1777027931.360232,tb1,0.9408651474146483,-0.10986698408637323,0.18,-0.42147500707683333
1777027931.3642638,tb7,0.30604169095888617,0.48075821387876677,0.18,-0.2299569959181838
1777027931.3694947,tb3,0.29506675749998695,-0.7539644269426479,0.18,-0.34540521698448096
1777027931.4029834,tb2,-0.16630078250774463,-0.07722072838863485,0.18,-0.1872499679459492
1777027931.4101384,tb1,0.9430311498732905,-0.11879601447449534,0.18,-0.4253826561276072
1777027931.414336,tb7,0.31491084309275313,0.48280712992506103,0.18,-0.2313731822823894
1777027931.4195776,tb3,0.286624474865721,-0.7504199464877152,0.18,-0.34135580897007645
1777027931.4530263,tb2,-0.16488071411202038,-0.0682484142239978,0.18,-0.18715018921182686
1777027931.46017,tb1,0.9450088969520017,-0.12777052740873213,0.18,-0.4292647848894662
1777027931.464376,tb7,0.32380360705989586,0.48475411647386124,0.18,-0.23278263630439963
1777027931.4695816,tb3,0.27824655597037873,-0.7467306852722596,0.18,-0.33742393745739785
1777027931.502907,tb2,-0.16337672593758887,-0.05928983594183635,0.18,-0.18707195615057207
1777027931.5101988,tb1,0.9467955279045662,-0.13678698864232497,0.18,-0.43309492458999116
1777027931.5151806,tb7,0.3327189697800273,0.4865982340521433,0.18,-0.234153319554902
1777027931.5195062,tb3,0.26993469119118757,-0.7428996315176607,0.18,-0.33362566747089323
1777027931.5529022,tb2,-0.16178899291720863,-0.05034575958203762,0.18,-0.18700312357063623
1777027931.5601673,tb1,0.9483882765156889,-0.14584149630077406,0.18,-0.43689640407554586
1777027931.5644453,tb7,0.3416558350351385,0.4883385467115473,0.18,-0.23558208254439753
1777027931.569601,tb3,0.26169028409895806,-0.7389296417912213,0.18,-0.32993442081997093
1777027931.6030154,tb2,-0.16178899291720863,-0.05034575958203762,0.18,-0.18481054262383462
1777027931.6100986,tb1,0.9497844975389386,-0.15493024881536321,0.18,-0.4406414429836495
1777027931.6142995,tb7,0.3506131617416333,0.48997414063005584,0.18,-0.23698112172800892
1777027931.6196039,tb3,0.25351485357227616,-0.7348235900384441,0.18,-0.32635811681580906
1777027931.6530128,tb2,-0.16011769008670365,-0.04141695656565882,0.18,-0.18474273589413964
1777027931.6600776,tb1,0.9509815282905019,-0.1640492759063153,0.18,-0.44431362940718466
1777027931.664319,tb7,0.35958984436566405,0.49150407005172936,0.18,-0.23836790041836278
1777027931.6695611,tb3,0.24540970790081895,-0.7305842639375418,0.18,-0.32288153457914526
1777027931.7030704,tb2,-0.15836365324871715,-0.03250502376909587,0.18,-0.1848908861004213
1777027931.7108214,tb1,0.951976892043911,-0.17319423894680172,0.18,-0.4157702104700207
1777027931.714315,tb7,0.368584695663167,0.4929274333657283,0.18,-0.23976214143796643
1777027931.7196698,tb3,0.23737611021653815,-0.7262143552078555,0.18,-0.31949600092840996
1777027931.7531073,tb2,-0.1565273673406956,-0.023609718095459042,0.18,-0.18506300865720182
1777027931.7601845,tb1,0.951976892043911,-0.17319423894680172,0.18,-0.45109655730224274
1777027931.764279,tb7,0.368584695663167,0.4929274333657283,0.18,-0.23795214810553084
1777027931.7694805,tb3,0.22941532445030058,-0.721716582384703,0.18,-0.31619119542056
1777027931.8029294,tb2,-0.15460893679388774,-0.014731688987555615,0.18,-0.18523882519808418
1777027931.8101854,tb1,0.9527741341671576,-0.18234743298183353,0.18,-0.4576544062431352
1777027931.814437,tb7,0.37759660335764833,0.49424332489558503,0.18,-0.2393458953927063
1777027931.8195953,tb3,0.22152847391669084,-0.717093564081468,0.18,-0.2876408791611689
1777027931.8529985,tb2,-0.15260844286121455,-0.00587170618650985,0.18,-0.1854072438825447
1777027931.860157,tb1,0.9533725137103342,-0.19153051769558294,0.18,-0.4612313169032602
1777027931.8642936,tb7,0.38662287033899784,0.49545139999626664,0.18,-0.24105436069257077
1777027931.8696144,tb3,0.22152847391669084,-0.717093564081468,0.18,-0.3138487830580047
1777027931.9031098,tb2,-0.1505259714147411,0.002969455391310572,0.18,-0.18556972355995519
1777027931.9102342,tb1,0.953761808812855,-0.2007277782116596,0.18,-0.4644325794606971
1777027931.9143782,tb7,0.395663616638597,0.49655171882324145,0.18,-0.2427544561896844
1777027931.919497,tb3,0.2137226760233614,-0.7123579856925984,0.18,-0.3130038246314761
1777027931.9529762,tb2,-0.14836161628613848,0.011791014551900581,0.18,-0.1857561143758247
1777027931.9602053,tb1,0.9539393260738558,-0.20993329798495763,0.18,-0.46752906062643845
1777027931.9643338,tb7,0.40471777941390435,0.49754331276522007,0.17999999999999997,-0.24444126945165257
1777027931.969524,tb3,0.2059802758800803,-0.7074992882351641,0.18,-0.30948586229962266
1777027932.0029936,tb2,-0.146115478519836,0.02059219478773434,0.18,-0.18594118015399824
1777027932.0102036,tb1,0.95390320389326,-0.2191419852717342,0.18,-0.4705383520202616
1777027932.01427,tb7,0.4137841290024424,0.498425161544545,0.18,-0.24610896200008717
1777027932.019556,tb3,0.19831550537729795,-0.7025203630926887,0.17999999999999997,-0.3058671608136552
1777027932.0529683,tb2,-0.14378766078292918,0.029372217914777066,0.18,-0.18613417665780455
1777027932.06022,tb1,0.9536518255095204,-0.22834881563204182,0.18,-0.47344441071910665
1777027932.0642598,tb7,0.4228613990388391,0.49919626447894294,0.18,-0.24775867996346942
1777027932.0695596,tb3,0.1907302921455366,-0.6974241343927146,0.18,-0.3023750466616227
1777027932.102961,tb2,-0.1413782742892437,0.038130302362939454,0.18,-0.1863340037913582
1777027932.1101503,tb1,0.9531837649010112,-0.23754857823859513,0.18,-0.4762424616050629
1777027932.1142728,tb7,0.43194824170079377,0.49985566600759057,0.17999999999999997,-0.24940503090912217
1777027932.1195285,tb3,0.1832254064876062,-0.6922133087155248,0.18,-0.2990097209730686
1777027932.1529891,tb2,-0.1388874343114722,0.04686566801105464,0.18,-0.18654098968031985
1777027932.160163,tb1,0.952497806495961,-0.24673601544672474,0.18,-0.4789365351369646
1777027932.1642516,tb7,0.4410433393849209,0.5004024571874238,0.18,-0.2510503168850167
1777027932.1695201,tb3,0.1758015514836402,-0.6868905263400799,0.18,-0.29576933426470065
1777027932.203545,tb2,-0.13631525827544763,0.055577534393560224,0.18,-0.16592616448242167
1777027932.2101917,tb1,0.9515928803072831,-0.2559058247840075,0.18,-0.48150083329776006
1777027932.2143424,tb7,0.45014536378885855,0.5008357195416099,0.18,-0.2526863644026545
1777027932.2194865,tb3,0.16845935086889594,-0.6814583492277342,0.18,-0.2926437464561039
1777027932.2530491,tb2,-0.13631525827544763,0.055577534393560224,0.18,-0.18442529753181955
1777027932.2600803,tb1,0.9504680970456113,-0.26505255710738884,0.18,-0.4839067977764296
1777027932.2642555,tb7,0.45925292337405005,0.5011545351897206,0.17999999999999997,-0.254317053229293
1777027932.2696621,tb3,0.16119941531721935,-0.6759193302753834,0.18,-0.28962760119169256
1777027932.303139,tb2,-0.13366872253323828,0.06425818543470412,0.18,-0.1864886890161141
1777027932.310229,tb1,0.9504680970456113,-0.26505255710738884,0.18,-0.48811310365388433
1777027932.3143988,tb7,0.45925292337405005,0.5011545351897206,0.18,-0.25273389333376317
1777027932.319479,tb3,0.154022249916229,-0.6702759043636746,0.17999999999999997,-0.2867242570501096
1777027932.3530705,tb2,-0.13094344482690717,0.07292255263478079,0.18,-0.18694522314285825
1777027932.3601508,tb1,0.9491227985548225,-0.27417072927560254,0.18,-0.4904581833014348
1777027932.3643098,tb7,0.46836457909131973,0.501358019718192,0.18,-0.25440222239742505
1777027932.3694713,tb3,0.154022249916229,-0.6702759043636746,0.18,-0.2869623852463548
1777027932.403054,tb2,-0.12813752183653482,0.08156203048185656,0.18,-0.1872544854907463
1777027932.410245,tb1,0.9475558444276576,-0.2832555926474211,0.18,-0.49242971905641186
1777027932.414325,tb7,0.47747760843733006,0.5014459813766666,0.18000000000000002,-0.256336929026776
1777027932.4196284,tb3,0.14692836556664043,-0.6645305099829008,0.17999999999999997,-0.2841047686490789
1777027932.452949,tb2,-0.12525093570547827,0.09017509408443136,0.18,-0.18756657696866846
1777027932.460132,tb1,0.9457666588988412,-0.2923004014335826,0.18,-0.4942148935721971
1777027932.464255,tb7,0.48659182160132675,0.5014182632254739,0.18,-0.25828192324915805
1777027932.4694862,tb3,0.1399177429426343,-0.6586840907598017,0.18,-0.28106430001549787
1777027932.5029652,tb2,-0.1222837806217318,0.09876090919246254,0.18,-0.18787815378942313
1777027932.5101342,tb1,0.9437552612401527,-0.30129941466828647,0.18,-0.49583244343305327
1777027932.5142677,tb7,0.49570594106178134,0.5012739219509377,0.18000000000000002,-0.26019149755892723
1777027932.5194972,tb3,0.13299224214221014,-0.6527393186818394,0.18,-0.27813050798319106
1777027932.5530336,tb2,-0.11923616077058065,0.1073186593843368,0.18,-0.1881956634053453
1777027932.560262,tb1,0.9415219190071002,-0.3102468098490576,0.18,-0.49728895912667015
1777027932.5643177,tb7,0.5048184061503219,0.5010119285351456,0.18,-0.26207750562482224
1777027932.5697544,tb3,0.1261522619981461,-0.6466986211264024,0.18,-0.2753189590425386
1777027932.6030433,tb2,-0.11610819561207915,0.11584753317955068,0.18,-0.18852677962930778
1777027932.6102605,tb1,0.9390671946740287,-0.319136782101737,0.18,-0.49856270290861837
1777027932.6143212,tb7,0.5139276074972724,0.5006313372626584,0.18000000000000002,-0.26395529021121783
1777027932.61967,tb3,0.11939805019529114,-0.6405642860591341,0.17999999999999997,-0.2726145398343829
1777027932.6533074,tb2,-0.11290000784792513,0.1243467257577726,0.18,-0.18276510754624384
1777027932.6600924,tb1,0.9363919063372461,-0.3279635606601477,0.18,-0.49964506922499674
1777027932.6642685,tb7,0.5230319586056515,0.5001312439668646,0.18,-0.2658257538402721
1777027932.6694589,tb3,0.11272986280378959,-0.6343385023484761,0.18,-0.2700032022714568
1777027932.7030263,tb2,-0.11290000784792513,0.1243467257577726,0.18,-0.18648033949101628
1777027932.7101336,tb1,0.9334971161956689,-0.3367213947855165,0.18,-0.5005639504588417
1777027932.7142444,tb7,0.532129807318187,0.49951077782969805,0.18000000000000002,-0.26769067257155926
1777027932.7196054,tb3,0.10614797466479868,-0.6280234044177628,0.18,-0.2674733836676669
1777027932.75306,tb2,-0.10961384684401164,0.1328134941452433,0.18,-0.18737727301471546
1777027932.7601795,tb1,0.9303841664582839,-0.34540454822134486,0.18,-0.5013054577015601
1777027932.7642295,tb7,0.5412194526467576,0.4987691315139648,0.18,-0.26956486294193777
1777027932.7695198,tb3,0.09965263709300164,-0.6216210177570912,0.17999999999999997,-0.26501617868027605
1777027932.802959,tb2,-0.10624911269876265,0.14125095211837227,0.18,-0.1880127795272906
1777027932.810095,tb1,0.9270546234868923,-0.35400736495167046,0.18,-0.5018484335699264
1777027932.8141918,tb7,0.5502992146438687,0.49790551396244104,0.18,-0.2714466437784098
1777027932.8194623,tb3,0.0932441351916333,-0.6151333688455731,0.18,-0.26263012732374036
1777027932.8530068,tb2,-0.10280547533548619,0.14965699366414784,0.18,-0.1885979928013863
1777027932.8601584,tb1,0.9270546234868923,-0.35400736495167046,0.18,-0.5067193429907321
1777027932.8643904,tb7,0.5593673470528439,0.4969191686850495,0.18000000000000002,-0.27333468346772105
1777027932.8696797,tb3,0.08692270875259518,-0.608562400873502,0.18,-0.26030454908764117
1777027932.9030485,tb2,-0.09928295803750366,0.15803061149211092,0.18,-0.18917236355327285
1777027932.910316,tb1,0.9235103083044924,-0.36252422715283306,0.18,-0.5071351475704233
1777027932.9144695,tb7,0.5593673470528439,0.4969191686850495,0.17999999999999997,-0.2720862393353054
1777027932.9196956,tb3,0.08692270875259518,-0.608562400873502,0.18,-0.25995055040176684
1777027932.9529378,tb2,-0.09568159700592604,0.16637094235260372,0.18,-0.18974651656501132
1777027932.9601831,tb1,0.9197514535825501,-0.37095102677825514,0.18,-0.5068427180215385
1777027932.9643402,tb7,0.568422052220246,0.4958093693761483,0.18,-0.2740403266306229
1777027932.969557,tb3,0.08068859945497582,-0.6019100284166042,0.18,-0.25763565269311417
1777027933.0029645,tb2,-0.0920014322883917,0.17467712324957554,0.18,-0.1903059385728216
1777027933.0103662,tb1,0.915780168202765,-0.37927996658828317,0.18,-0.5063652152396352
1777027933.014279,tb7,0.5774604894941213,0.4945762808596168,0.18,-0.2762556593083161
1777027933.019534,tb3,0.07454183210894866,-0.5951774465365994,0.18,-0.2552368927391887
1777027933.0534217,tb2,-0.08824253704057486,0.18294826414030813,0.18,-0.19084472978424857
1777027933.0602436,tb1,0.9115991637975758,-0.38750544530967634,0.18,-0.5056879196517766
1777027933.065175,tb7,0.5864821663735801,0.4932195741755146,0.18,-0.2784545635991434
1777027933.0702815,tb3,0.06848334469879289,-0.5883667980132478,0.18,-0.25290145996643665
1777027933.102967,tb2,-0.08440500422949183,0.19118350269257725,0.18,-0.19143009409997358
1777027933.1101723,tb1,0.9072113716583309,-0.39562220401981796,0.18,-0.5048468623429979
1777027933.1143742,tb7,0.5954853163413629,0.4917384391363077,0.18,-0.28068098154447374
1777027933.1196167,tb3,0.06251328873186299,-0.5814800293640401,0.18,-0.25066591944850936
1777027933.152932,tb2,-0.08048891361084147,0.19938199603471268,0.18,-0.19199321535218897
1777027933.1602497,tb1,0.9026199614965903,-0.4036251099692609,0.18,-0.5038584455323956
1777027933.1643305,tb7,0.6044680881999027,0.4901320402968547,0.18,-0.28286971068852207
1777027933.1696386,tb3,0.0566317144232624,-0.5745190301945682,0.18,-0.24850875411434106
1777027933.2030046,tb2,-0.07649437770926187,0.20754284689559538,0.18,-0.19255643512747353
1777027933.2101948,tb1,0.897828260102321,-0.4115092351843309,0.18,-0.5026845896230137
1777027933.2143319,tb7,0.6134284517485384,0.4883995879866445,0.18,-0.28505638805210576
1777027933.2197812,tb3,0.05083862088476513,-0.5674855829325736,0.18,-0.24641984735821187
1777027933.253058,tb2,-0.07242149758731072,0.21566519819263072,0.18,-0.19312273534161778
1777027933.260184,tb1,0.8928398320530311,-0.41926973102119963,0.18,-0.5013549355896804
1777027933.2643456,tb7,0.6223644663512912,0.4865403314793633,0.18000000000000002,-0.28723471548747764
1777027933.2696428,tb3,0.04513406295703084,-0.5603814601009693,0.18,-0.2444042423842072
1777027933.3028514,tb2,-0.06827038499518827,0.22374816607073328,0.18,-0.1733142770225035
1777027933.3101778,tb1,0.8876584351773632,-0.4269019653147385,0.18,-0.49986971255832074
1777027933.3142767,tb7,0.631274109724031,0.4845535155693474,0.18,-0.28940613612531774
1777027933.3195517,tb3,0.03951807117332784,-0.5532084258616851,0.18,-0.24246138999935984
1777027933.3530445,tb2,-0.06827038499518827,0.22374816607073328,0.18,-0.19126769903551372
1777027933.3601937,tb1,0.8822879486079551,-0.43440150220826595,0.18,-0.49821751641542306
1777027933.3643172,tb7,0.6401552498396651,0.48243847783107846,0.18,-0.2915728778010373
1777027933.369574,tb3,0.033990624500174524,-0.5459680965613019,0.18,-0.2405594911773992
1777027933.4030805,tb2,-0.06404920327193664,0.23178516537390956,0.18,-0.19371343147941295
1777027933.4101312,tb1,0.8767323838470067,-0.4417640567918215,0.18,-0.4620718793539124
1777027933.4143496,tb7,0.6490057649211418,0.4801946266056225,0.18,-0.29376295208240416
1777027933.4194865,tb3,0.0285517765313097,-0.5386621353107568,0.18,-0.23872736607009282
1777027933.4529285,tb2,-0.05975132820904829,0.23979006151830587,0.18,-0.19461942412330147
1777027933.4601352,tb1,0.8767323838470067,-0.4417640567918215,0.18,-0.5013516179535131
1777027933.464205,tb7,0.6578235831590117,0.4778213164374943,0.18,-0.2959426215188486
1777027933.4696002,tb3,0.023201532419269102,-0.5312921692230301,0.18,-0.2369423636264522
1777027933.5029507,tb2,-0.05537591471272559,0.24775425126562217,0.18,-0.19531717754045594
1777027933.5102344,tb1,0.8710109194237765,-0.44897892349918767,0.18,-0.5028396337370187
1777027933.5144172,tb7,0.6578235831590117,0.4778213164374943,0.18,-0.29513197184360307
1777027933.519693,tb3,0.01793988683650564,-0.523859715652282,0.18,-0.2240157542883512
1777027933.5531242,tb2,-0.050923117478464966,0.25567591297729275,0.18,-0.19599543766738106
1777027933.560266,tb1,0.8651061497503196,-0.45606622802743163,0.18,-0.49998200422613454
1777027933.5643208,tb7,0.666606438020462,0.47531803603763095,0.18,-0.2973946593173337
1777027933.5694945,tb3,0.01793988683650564,-0.523859715652282,0.18,-0.2342843152687449
1777027933.6029298,tb2,-0.0463930547536811,0.2635540453512399,0.18,-0.19668502331396062
1777027933.6101677,tb1,0.8590251191134242,-0.4630032953364999,0.18,-0.4966342256977148
1777027933.6143086,tb7,0.6753512152806098,0.4726852889427276,0.18,-0.29991982880170037
1777027933.619733,tb3,0.012767456317006797,-0.5163713395106845,0.18,-0.23353639693853487
1777027933.653211,tb2,-0.04178586724768365,0.2713877008503627,0.18,-0.19735824379374375
1777027933.6602082,tb1,0.8527733159808215,-0.4697849701510687,0.18,-0.493233974985054
1777027933.664413,tb7,0.6840570032831234,0.4699227837054104,0.18,-0.30246260312845935
1777027933.669693,tb3,0.0076792600916391635,-0.5088207172321917,0.18,-0.2318051397791278
1777027933.7031186,tb2,-0.03710170781720349,0.2791759534216085,0.18,-0.1980544501700862
1777027933.7102668,tb1,0.8463559992723255,-0.47640797450548245,0.18,-0.4898070360398806
1777027933.7144,tb7,0.6927216433567278,0.4670299373764352,0.18,-0.304996593862671
1777027933.7195773,tb3,0.0026799151684817825,-0.501211502246633,0.18,-0.230043972043482
1777027933.752969,tb2,-0.032340730833192444,0.28691788271122276,0.18,-0.19875644036649462
1777027933.760263,tb1,0.8397784309952744,-0.48286945667844094,0.18,-0.48634984347064775
1777027933.7643,tb7,0.7013428085424682,0.46400614051182915,0.18,-0.3075139216119933
1777027933.7694957,tb3,-0.002230254856155601,-0.493545477547348,0.18,-0.22834805853521126
1777027933.8030627,tb2,-0.02750310093804998,0.2946125475257435,0.18,-0.19945085275608188
1777027933.8102672,tb1,0.8330458125845269,-0.4891668280827843,0.18,-0.4828512465728464
1777027933.8144896,tb7,0.7099179911990929,0.4608508910272621,0.18,-0.310034313474379
1777027933.8196225,tb3,-0.007051378492905013,-0.4858241157246923,0.18,-0.22670662820306642
1777027933.8530262,tb2,-0.02258897490490711,0.302259008639831,0.18,-0.20015353436105057
1777027933.8602352,tb1,0.82616352553862,-0.4952976034421207,0.18,-0.4793357280017334
1777027933.8644228,tb7,0.7184448182095193,0.4575636913659261,0.18,-0.31254922484263975
1777027933.8698413,tb3,-0.011783547437479962,-0.4780489189259842,0.18,-0.22513145361399828
1777027933.9029982,tb2,-0.02258897490490711,0.302259008639831,0.18,-0.19773914469644846
1777027933.9102724,tb1,0.8191369513550699,-0.5012596440284844,0.18,-0.47581961239289045
1777027933.9142554,tb7,0.7269208280205506,0.4541439756251617,0.18,-0.3150416249702871
1777027933.919457,tb3,-0.01642692289712242,-0.4702213398447185,0.18,-0.2236382137820193
1777027933.9531682,tb2,-0.017598536731016003,0.3098562880995858,0.18,-0.19844261830896315
1777027933.9600575,tb1,0.8119712572314599,-0.5070510310731798,0.18,-0.4722392665126507
1777027933.9642742,tb7,0.7353433114292655,0.4505914189526031,0.18,-0.31754620943168604
1777027933.9696934,tb3,-0.02098166213122888,-0.46234268900124087,0.18,-0.22217506926951083
1777027934.003042,tb2,-0.012533376574458684,0.31740273072672687,0.18,-0.19945722589964102
1777027934.0101824,tb1,0.8119712572314599,-0.5070510310731798,0.18,-0.4767388641544208
1777027934.014318,tb7,0.7353433114292655,0.4505914189526031,0.18,-0.31720496591154645
1777027934.0194762,tb3,-0.025447842472941542,-0.4544143032564077,0.18,-0.22076837512123
1777027934.0530026,tb2,-0.007393471839327228,0.3248989264985577,0.18,-0.20047000633575
1777027934.0601854,tb1,0.8046715442958009,-0.5126699713626437,0.18,-0.47303809868683394
1777027934.0642927,tb7,0.7437096866700789,0.4469057746021651,0.18,-0.31979109369117725
1777027934.0696418,tb3,-0.0298255575545694,-0.4464375417629524,0.18,-0.19844112057095048
1777027934.1030595,tb2,-0.0021788886637184404,0.3323439554021955,0.18,-0.20146037403319528
1777027934.1103013,tb1,0.7972391922756435,-0.5181150141736923,0.18,-0.46849700779536235
1777027934.1143184,tb7,0.7520165764402486,0.4430878200448712,0.18,-0.32264152939323754
1777027934.1196446,tb3,-0.0298255575545694,-0.4464375417629524,0.18,-0.21807644158017161
1777027934.1530547,tb2,0.0031102669644572788,0.33973679101107446,0.18,-0.2024303236710813
1777027934.1601968,tb1,0.7896813836384025,-0.5233812048406564,0.18,-0.4639178610770815
1777027934.1642518,tb7,0.7602627605002383,0.43913741897120656,0.18,-0.3254903819537741
1777027934.1695147,tb3,-0.034114923317826985,-0.438423295075786,0.18,-0.2185677884615818
1777027934.2030818,tb2,0.008473914378724448,0.34707641415340523,0.18,-0.2033804520696204
1777027934.2101328,tb1,0.7820040755223463,-0.5284672497773507,0.18,-0.45947236648039486
1777027934.2143824,tb7,0.7684456518985023,0.4350541521013267,0.18,-0.32830957223469476
1777027934.219559,tb3,-0.0383236482824362,-0.4303574708920317,0.18,-0.21724759813565184
1777027934.2530334,tb2,0.013911869718167932,0.3543617111009273,0.18,-0.20432809537854993
1777027934.2601986,tb1,0.7742126201380092,-0.5333726157548618,0.18,-0.45508855453026986
1777027934.2643027,tb7,0.7765622582640105,0.4308377944102924,0.18,-0.3311376551779743
1777027934.2696323,tb3,-0.04244405953411669,-0.42224618270598707,0.18,-0.21583340398264836
1777027934.3030462,tb2,0.01942398747476377,0.3615916683587633,0.18,-0.20525973443233478
1777027934.3102937,tb1,0.7663124801725456,-0.538096642423229,0.18,-0.45077372627460327
1777027934.3143632,tb7,0.7846098339231287,0.42648814897877196,0.18,-0.3339577602207259
1777027934.3196332,tb3,-0.046475751292163955,-0.4140911924940869,0.18,-0.21447692936960056
1777027934.353022,tb2,0.01942398747476377,0.3615916683587633,0.18,-0.2028830699695504
1777027934.360294,tb1,0.7583091134530839,-0.5426389495964343,0.18,-0.44653876782159874
1777027934.3643215,tb7,0.7925855126376268,0.4220049858584399,0.18,-0.3367576544354154
1777027934.369564,tb3,-0.050418902317876935,-0.40589383695250414,0.18,-0.2131925193937268
1777027934.4031081,tb2,0.02501007579910385,0.36876519027013743,0.18,-0.20381442721298304
1777027934.4101553,tb1,0.7583091134530839,-0.5426389495964343,0.18,-0.45048402564126744
1777027934.4142647,tb7,0.7925855126376268,0.4220049858584399,0.18,-0.33686397407353247
1777027934.41949,tb3,-0.05427375626569814,-0.39765535502379307,0.18,-0.21197145212057272
1777027934.4531207,tb2,0.030668484105738344,0.3758806906941797,0.18,-0.20502734718558918
1777027934.4602585,tb1,0.7502075430559435,-0.5469994820194938,0.18,-0.446193835399348
1777027934.4643884,tb7,0.8004862851968751,0.4173881498659637,0.18,-0.3397167874187344
1777027934.4696095,tb3,-0.05427375626569814,-0.39765535502379307,0.18,-0.21043867564391164
1777027934.5029624,tb2,0.03639935444191157,0.38293859332826424,0.18,-0.20623966856578124
1777027934.5101397,tb1,0.7420092364747164,-0.5511775434473548,0.18,-0.4411860872588699
1777027934.5142457,tb7,0.8083085085607182,0.4126387216256569,0.18,-0.34279566891529994
1777027934.519589,tb3,-0.05804051969572993,-0.3893769605387756,0.18,-0.2092497660448441
1777027934.5530488,tb2,0.042202617172090326,0.3899378845559276,0.18,-0.20740803554777149
1777027934.5602357,tb1,0.733721548030207,-0.5551702852274537,0.18,-0.4362637816219816
1777027934.564376,tb7,0.8160503776910083,0.40775672874881674,0.18,-0.3458827940142822
1777027934.5696585,tb3,-0.06171938821959363,-0.38105996072919884,0.18,-0.20814238444755398
1777027934.6033306,tb2,0.048078106472159335,0.39687739880846684,0.18,-0.2085454967253829
1777027934.6102293,tb1,0.7253498993856881,-0.5589779311246033,0.18,-0.4314647168052024
1777027934.614392,tb7,0.8237088854757683,0.40274220468239214,0.18,-0.3489607000407429
1777027934.6196277,tb3,-0.06531063999494248,-0.37270539472992403,0.18,-0.20708902669443455
1777027934.6529427,tb2,0.0540256800909735,0.40375602390664067,0.18,-0.20968732495390455
1777027934.6601534,tb1,0.7168995092725085,-0.5626010678132991,0.18,-0.4268141007490378
1777027934.66425,tb7,0.8312809290370611,0.3975951969073215,0.18,-0.35201423043089763
1777027934.6694973,tb3,-0.06881444542348851,-0.3643144030097788,0.18,-0.20609003232665699
1777027934.702999,tb2,0.06004513849963919,0.4105725956298333,0.18,-0.21078842145483562
1777027934.7101238,tb1,0.7083751917357891,-0.5660404809508175,0.18,-0.42227626326858647
1777027934.7143378,tb7,0.8387632097307519,0.3923159289359849,0.18,-0.35506983828872885
1777027934.7197347,tb3,-0.07223097932240317,-0.35588802766751704,0.18,-0.20511412140403734
1777027934.753244,tb2,0.06004513849963919,0.4105725956298333,0.18,-0.20845260760514803
1777027934.7602282,tb1,0.6997817128504653,-0.569296899891843,0.18,-0.4178455911188945
1777027934.764268,tb7,0.8461524953383165,0.38690471582858027,0.18,-0.3581280473727343
1777027934.769623,tb3,-0.0755603465424089,-0.3474273556733751,0.18,-0.2041873478637563
1777027934.802971,tb2,0.06613624178144867,0.4173259606843326,0.18,-0.20956488241817592
1777027934.8101099,tb1,0.6911237621655759,-0.5723711439704043,0.18,-0.4134976886755664
1777027934.8142817,tb7,0.8534455281862252,0.38136192355756365,0.18,-0.3611865645087083
1777027934.8195662,tb3,-0.07880266641012071,-0.33893344368854633,0.18,-0.20329299959790653
1777027934.8530164,tb2,0.07229714813153802,0.4240144203391146,0.18,-0.2109672029250304
1777027934.8601615,tb1,0.6911237621655759,-0.5723711439704043,0.18,-0.4167527101992007
1777027934.8643394,tb7,0.8606389506953517,0.3756881985665793,0.18,-0.36427884832509294
1777027934.8694947,tb3,-0.08195804389001111,-0.3304073097321663,0.18,-0.20242989272878983
1777027934.9030259,tb2,0.07852800581785664,0.43063849495598144,0.18,-0.2123657778519084
1777027934.910243,tb1,0.6824056779207771,-0.575264032056054,0.18,-0.41238437762698843
1777027934.914307,tb7,0.8606389506953517,0.3756881985665793,0.18,-0.36507975503871626
1777027934.9197116,tb3,-0.08195804389001111,-0.3304073097321663,0.18,-0.20066658520064926
1777027934.9530137,tb2,0.08482872248157458,0.43719713208096045,0.18,-0.2137268983384774
1777027934.960121,tb1,0.6736284454344807,-0.5779756487670655,0.18,-0.40734105778738616
1777027934.9642441,tb7,0.8677295501011577,0.36988404880981995,0.18,-0.3682629955051054
1777027934.9695122,tb3,-0.08502657458639512,-0.32184999228557765,0.18,-0.19981822975799352
1777027935.0030918,tb2,0.09119913207291508,0.4436890900075428,0.18,-0.21504335934982613
1777027935.0103524,tb1,0.6647991831278376,-0.5805045038825981,0.18,-0.40243544018966426
1777027935.0143287,tb7,0.8747136451047757,0.36395108195250037,0.18,-0.37163558743573094
1777027935.0196164,tb3,-0.08800842872391366,-0.3132630051178177,0.18,-0.19908840471770986
1777027935.0535774,tb2,0.09763897021034953,0.4501130861191853,0.18,-0.21631842248200675
1777027935.0602999,tb1,0.6559224252741804,-0.5828519575599518,0.18,-0.39766133603536263
1777027935.0649219,tb7,0.8815887400424797,0.3578898254731894,0.18,-0.3750333820459067
1777027935.0702202,tb3,-0.09090406791953534,-0.30464699725107,0.18,-0.1983748349237578
1777027935.1029315,tb2,0.1041479544604173,0.45646790985471775,0.18,-0.2176257347102277
1777027935.1101553,tb1,0.6470024448582663,-0.585019486450412,0.18,-0.3930313005631299
1777027935.1142728,tb7,0.8883514404920059,0.3517010399925553,0.18,-0.37840498456665594
1777027935.1196067,tb3,-0.09371358584968772,-0.2960028933123634,0.18,-0.19773019208813974
1777027935.1530359,tb2,0.11072579332697426,0.4627523587924368,0.18,-0.21887988483065565
1777027935.160223,tb1,0.6380433797423237,-0.5870086574644474,0.18,-0.3885616084990441
1777027935.1643474,tb7,0.8949982721999481,0.34538554907975527,0.18,-0.38178047866894405
1777027935.1695828,tb3,-0.09643705175421266,-0.287331645083512,0.18,-0.19708752845043861
1777027935.2030146,tb2,0.11737216354964208,0.46896520370001915,0.18,-0.22012450674609432
1777027935.2101836,tb1,0.6290491353301619,-0.5888210809146094,0.18,-0.3842120574511736
1777027935.2142801,tb7,0.9015256585536284,0.33894427103721614,0.18,-0.3851368536135277
1777027935.219672,tb3,-0.09907452601692927,-0.27863419939016304,0.18,-0.1964651037311544
1777027935.2529259,tb2,0.12408673338192072,0.47510522213687045,0.18,-0.22135672153317748
1777027935.2601254,tb1,0.6200236536192021,-0.5904584044509669,0.18,-0.3800045425101774
1777027935.2642417,tb7,0.9079299606423421,0.3323782438999618,0.18,-0.3884797080946562
1777027935.269476,tb3,-0.10162607886840107,-0.2699114854131994,0.18,-0.19587678407138642
1777027935.303302,tb2,0.13086905832835957,0.48117117721232033,0.18,-0.201838717952365
1777027935.3101919,tb1,0.6109704200864543,-0.5919222453873223,0.18,-0.3758900593801029
1777027935.3142953,tb7,0.9142074996273566,0.3256887810495107,0.18,-0.3918390608219376
1777027935.3196332,tb3,-0.10409176716590496,-0.2611644042314148,0.18,-0.19529397865186998
1777027935.3529766,tb2,0.13086905832835957,0.48117117721232033,0.18,-0.22037855671767081
1777027935.3602111,tb1,0.6109704200864543,-0.5919222453873223,0.18,-0.3783238970193051
1777027935.3641944,tb7,0.9203547186792492,0.3188771412263473,0.18,-0.39517607038708863
1777027935.3695881,tb3,-0.10647163871890122,-0.25239388984670025,0.18,-0.19473439231547546
1777027935.4029715,tb2,0.13770981830765938,0.48716000919087304,0.18,-0.22329041304796354
1777027935.4101698,tb1,0.6018930807055676,-0.5932141776260176,0.18,-0.3742096968296368
1777027935.414165,tb7,0.9263679454762322,0.3119447094427936,0.18,-0.38121091409277663
1777027935.4195764,tb3,-0.1087657606393756,-0.24360084980301924,0.18,-0.19420627997931864
1777027935.452994,tb2,0.14461961291266476,0.49308012580698796,0.18,-0.22481506833987489
1777027935.4602213,tb1,0.5927923240846531,-0.5943348175351754,0.18000000000000002,-0.36958417381147
1777027935.464312,tb7,0.9263679454762322,0.3119447094427936,0.18,-0.40025677550035854
1777027935.469436,tb3,-0.11097418812494549,-0.23478615810728548,0.18,-0.19370056292782412
1777027935.5031345,tb2,0.15159576081193263,0.49892382916229844,0.18,-0.22619360386422827
1777027935.510305,tb1,0.5836740312585172,-0.59528397610879,0.18,-0.3650455387020415
1777027935.514388,tb7,0.9322418568325584,0.30490102409917846,0.18,-0.40523615296953114
1777027935.5197413,tb3,-0.11097418812494549,-0.23478615810728548,0.18,-0.19168675988992925
1777027935.5530548,tb2,0.15863763739477252,0.5046893287436143,0.18,-0.22756031370374769
1777027935.5602193,tb1,0.5745419957090672,-0.5960635269716649,0.18,-0.36069104619701564
1777027935.5642738,tb7,0.93798180136269,0.2977371128905946,0.18,-0.4087713954405144
1777027935.5695324,tb3,-0.11309695389622042,-0.2259507499547164,0.18,-0.1911980588325167
1777027935.6029913,tb2,0.16574475395209262,0.510375277233599,0.18,-0.2289174653729911
1777027935.6101656,tb1,0.5653993865280205,-0.5966756321301795,0.18,-0.356497041276123
1777027935.6143377,tb7,0.9435773615078681,0.29045702535142787,0.18,-0.41217083927486137
1777027935.619614,tb3,-0.11513436667747498,-0.21709618223790583,0.18,-0.19085778331050965
1777027935.653019,tb2,0.1729165966313495,0.5159803953600678,0.18,-0.23027034830437795
1777027935.6603017,tb1,0.5562492497032684,-0.5971223398677559,0.18,-0.35244653605012094
1777027935.6644194,tb7,0.9490242352103416,0.28306300969251597,0.18,-0.41556022034227424
1777027935.6696472,tb3,-0.11708691315691946,-0.2082227366948013,0.18,-0.19053866176105455
1777027935.703038,tb2,0.1801526477695549,0.5215034344688476,0.18,-0.23162358467157906
1777027935.7101789,tb1,0.5470945259486382,-0.5974056184034269,0.18,-0.34850216128576156
1777027935.714326,tb7,0.954318732609776,0.27555719463157013,0.18,-0.4189373358983344
1777027935.7195458,tb3,-0.11895461278278066,-0.199331208587731,0.18,-0.19023428126428762
1777027935.7529948,tb2,0.18745238765837954,0.5269431349285129,0.18,-0.23297674733150267
1777027935.7602303,tb1,0.5379382037536823,-0.5975274386524735,0.18,-0.3446965963190026
1777027935.7644107,tb7,0.9594572300004269,0.2679417206831307,0.18,-0.4222943367113619
1777027935.7696326,tb3,-0.12073745488088165,-0.1904224360723715,0.18,-0.18993248123693607
1777027935.803023,tb2,0.19481522829329243,0.5322982098422326,0.18,-0.23433159149359248
1777027935.810253,tb1,0.5287830556857707,-0.5974898326629977,0.18,-0.3410130860584635
1777027935.8144534,tb7,0.9644360043231905,0.2602189043856657,0.18,-0.42561752859425184
1777027935.8196583,tb3,-0.12243543468116073,-0.1814972553431458,0.18,-0.18964506793369326
1777027935.8529017,tb2,0.20224064745677434,0.537567386557986,0.18,-0.23568673000155088
1777027935.8601232,tb1,0.5196318111839092,-0.5972948541089216,0.18,-0.3374531567742884
1777027935.864248,tb7,0.9692513457570185,0.2523911404116483,0.18,-0.42887964848891325
1777027935.8695009,tb3,-0.12404855428594784,-0.17255649786401675,0.18,-0.1893785193460587
1777027935.9041083,tb2,0.20972797489478784,0.5427493481668272,0.18,-0.21574933326586962
1777027935.9100616,tb1,0.5104869065590917,-0.5969444416831364,0.18000000000000002,-0.3339841758122062
1777027935.9141843,tb7,0.9738995317002247,0.24446120522796042,0.18,-0.4321310355880675
1777027935.9196458,tb3,-0.12557681254819353,-0.16360097479654975,0.18,-0.18911012939061891
1777027935.953124,tb2,0.20972797489478784,0.5427493481668272,0.18,-0.23500486663775894
1777027935.9602227,tb1,0.5013508073543407,-0.5964404384389751,0.18,-0.30295476128393073
1777027935.9642506,tb7,0.9783770180548859,0.23643188230555534,0.18,-0.43534822498161757
1777027935.969654,tb3,-0.1270202030636857,-0.1546315134703035,0.18,-0.18885173971425126
1777027936.0029347,tb2,0.21726693219516552,0.5478419122385448,0.18,-0.2381834640453594
1777027936.010128,tb1,0.5013508073543407,-0.5964404384389751,0.18,-0.33200039348675997
1777027936.0142217,tb7,0.982680235647165,0.22830596673747006,0.18,-0.43849477334153447
1777027936.0194728,tb3,-0.12837873032907066,-0.14564893725465225,0.18,-0.18861667798624568
1777027936.0529783,tb2,0.22486979459280212,0.5528527754283087,0.18000000000000002,-0.2398605243267949
1777027936.060259,tb1,0.49223721482893423,-0.5957916770559076,0.18,-0.331307493884307
1777027936.0642722,tb7,0.982680235647165,0.22830596673747006,0.18,-0.4414069130292091
1777027936.0696127,tb3,-0.12965239864771658,-0.1366540515062132,0.18,-0.1883925573994593
1777027936.1031747,tb2,0.23253267331679564,0.5577738620178299,0.18000000000000002,-0.2414070314930835
1777027936.1102943,tb1,0.48312297598694054,-0.5949967487153238,0.18,-0.3275437688305573
1777027936.1143458,tb7,0.9868056335594385,0.2200867032464692,0.18,-0.44465336087825164
1777027936.120373,tb3,-0.13084120667685492,-0.12764766358604293,0.18,-0.16877891050262947
1777027936.153008,tb2,0.24025457321300966,0.5626032824634918,0.17999999999999997,-0.24295863806256518
1777027936.160135,tb1,0.4740236649207746,-0.5940508882579435,0.18,-0.3236069687860877
1777027936.164309,tb7,0.9907498607868512,0.2117773745901238,0.18,-0.4478547943608487
1777027936.1694798,tb3,-0.13084120667685492,-0.12764766358604293,0.18,-0.18599799952254767
1777027936.20307,tb2,0.24803477181218506,0.5673396524341696,0.18000000000000002,-0.2444937962247651
1777027936.2103136,tb1,0.46494299204154627,-0.5929557880141244,0.18,-0.3198177400214448
1777027936.214544,tb7,0.9945095976876449,0.20338121037960627,0.18,-0.45098354862302914
1777027936.2196069,tb3,-0.13194837136822538,-0.11863908131682921,0.18,-0.1874990555461489
1777027936.2531464,tb2,0.25587253715422464,0.5719816080168044,0.18,-0.24603710701597417
1777027936.2603047,tb1,0.4558831518196307,-0.5917137416764404,0.18,-0.31619705558395494
1777027936.2643366,tb7,0.9980814380990695,0.1949016736049849,0.18,-0.4539911894944452
1777027936.2696226,tb3,-0.1329759282010597,-0.10961384513944013,0.18,-0.1874802037920009
1777027936.3029096,tb2,0.2637671646224079,0.5765277882076386,0.18,-0.24758682821081526
1777027936.3101578,tb1,0.4468462738296742,-0.5903270753364946,0.18,-0.31275083452845415
1777027936.3142793,tb7,1.0014619892657926,0.1863423828506641,0.18,-0.4569005140910861
1777027936.3196764,tb3,-0.1339191024355056,-0.10057884858083804,0.18,-0.1873405292637373
1777027936.3530338,tb2,0.27171786017689664,0.5809767756992477,0.17999999999999997,-0.24912436317337502
1777027936.3602262,tb1,0.4378341832635051,-0.5887980747557394,0.18,-0.3094531790504855
1777027936.36429,tb7,1.0046479451685655,0.1777072143456346,0.18,-0.45971683650252076
1777027936.3695385,tb3,-0.1347775410247604,-0.0915354373320094,0.18,-0.1872149374657129
1777027936.4031,tb2,0.2797237705099543,0.585327182680397,0.18000000000000002,-0.2506747671604426
1777027936.4102523,tb1,0.4288486331837974,-0.5871288326043486,0.18,-0.3062638549334388
1777027936.4143445,tb7,1.007636194014152,0.16900021632368734,0.18,-0.4624456146499727
1777027936.4195983,tb3,-0.13555122175385387,-0.08248444706877425,0.18,-0.18709567656346554
1777027936.4530172,tb2,0.2797237705099543,0.585327182680397,0.18,-0.24883213242522872
1777027936.4601383,tb1,0.419891523709703,-0.5853214650861551,0.18000000000000002,-0.30319885805453684
1777027936.464233,tb7,1.0104237466872006,0.16022539934079927,0.18,-0.46503708337481414
1777027936.4695587,tb3,-0.13624014399392312,-0.07342667482787929,0.18,-0.1869975578998721
1777027936.5031252,tb2,0.287784072587816,0.5895776284564614,0.18,-0.25041164449570946
1777027936.510327,tb1,0.419891523709703,-0.5853214650861551,0.18,-0.30392602371510974
1777027936.5141947,tb7,1.0130076759934432,0.151387130295532,0.18,-0.4675204226342308
1777027936.5197473,tb3,-0.13684430790481592,-0.06436290568801907,0.18,-0.1869034306291153
1777027936.5532181,tb2,0.2958961883081424,0.5937268004901544,0.18,-0.25231107929602964
1777027936.5603347,tb1,0.4109645130373871,-0.583378004532294,0.18,-0.3008960629174811
1777027936.564343,tb7,1.0130076759934432,0.151387130295532,0.18,-0.47137693283205473
1777027936.5695043,tb3,-0.13736371023677835,-0.055293930702013376,0.18,-0.18684663440717147
1777027936.6030595,tb2,0.3040602338388283,0.5977746867893863,0.17999999999999997,-0.2542244886930738
1777027936.6102045,tb1,0.4020679826825902,-0.5812992685551633,0.18000000000000002,-0.2976175965318719
1777027936.614346,tb7,1.015385276239732,0.14248988398094456,0.18,-0.47384580315745584
1777027936.619612,tb3,-0.13736371023677835,-0.055293930702013376,0.18,-0.1845524271293704
1777027936.6531126,tb2,0.312275446883635,0.6017198610262031,0.18000000000000002,-0.2561138321535823
1777027936.660241,tb1,0.3932053217672149,-0.5790867798724522,0.17999999999999997,-0.29445032106475194
1777027936.6644063,tb7,1.0175538167442955,0.1335373812083639,0.18,-0.47601800292361984
1777027936.6696405,tb3,-0.1377983477882219,-0.04622053028477763,0.18,-0.1844893782333135
1777027936.7030041,tb2,0.32054090587733236,0.605560799950413,0.18,-0.25800042543445173
1777027936.710196,tb1,0.38437821838471126,-0.5767426708292881,0.18,-0.29141594257697684
1777027936.7144291,tb7,1.0195103179088647,0.12453494249275042,0.18,-0.4780351757327792
1777027936.7197196,tb3,-0.13814868230235317,-0.03714449793150737,0.18,-0.18464940018897352
1777027936.7529137,tb2,0.3288557902541733,0.6092960150322381,0.18,-0.25985851325739473
1777027936.7601504,tb1,0.3755881964332321,-0.574269105006988,0.18,-0.28852618976572825
1777027936.764234,tb7,1.0212524520861306,0.11548743274147602,0.18,-0.479877447388687
1777027936.7694774,tb3,-0.13841526553944836,-0.028065644190465533,0.18,-0.18484287278172085
1777027936.8029647,tb2,0.33721914032081396,0.612923896922158,0.18,-0.26169259155281255
1777027936.8101342,tb1,0.3668366072234925,-0.5716682184814275,0.18,-0.28576774112704145
1777027936.814301,tb7,1.0227780601482999,0.10639990223902482,0.18,-0.48159364066452415
1777027936.8195693,tb3,-0.13859802745541625,-0.018984629888124847,0.18,-0.18501785686444044
1777027936.853177,tb2,0.33721914032081396,0.612923896922158,0.18,-0.2600204111704308
1777027936.8601513,tb1,0.35812466228851064,-0.5689419409835913,0.17999999999999997,-0.2830988710736888
1777027936.86427,tb7,1.0240852605853497,0.09727752782705718,0.18,-0.48316195444209153
1777027936.869579,tb3,-0.13869685721185168,-0.009902223467729612,0.18,-0.18519445122193176
1777027936.9029455,tb2,0.3456298261563766,0.6164429101241535,0.18,-0.26189947272205677
1777027936.9101362,tb1,0.35812466228851064,-0.5689419409835913,0.18,-0.28334415082211667
1777027936.9144452,tb7,1.0251723432567745,0.08812542320373451,0.18,-0.4722743460573894
1777027936.9194815,tb3,-0.13871164852827586,-0.000819195395350562,0.18,-0.18537305756777842
1777027936.9530067,tb2,0.3540852706430338,0.6198517727833859,0.18,-0.26405759793078926
1777027936.9602816,tb1,0.3494538359504618,-0.5660923615838341,0.18000000000000002,-0.2807426531467364
1777027936.9644525,tb7,1.0251723432567745,0.08812542320373451,0.18,-0.4890175861917128
1777027936.969942,tb3,-0.1386423041274046,0.00826366922768505,0.18,-0.1753456368735091
1777027937.003029,tb2,0.3625853925145126,0.6231501950403848,0.18,-0.26621682884859743
1777027937.010654,tb1,0.3408243755322014,-0.5631203362927291,0.18,-0.2779717694006193
1777027937.0143998,tb7,1.0260400224853063,0.07895419038516244,0.18,-0.4914738045010215
1777027937.0196068,tb3,-0.1386423041274046,0.00826366922768505,0.18,-0.18319437527287477
1777027937.0530858,tb2,0.3711293862572962,0.6263366832828016,0.17999999999999997,-0.2683278605634682
1777027937.060158,tb1,0.33223898499140053,-0.5600276499764981,0.18,-0.2753324831451868
1777027937.0644927,tb7,1.0266870674582362,0.06975740595937864,0.18,-0.49224583997382826
1777027937.0697446,tb3,-0.13849092273059532,0.017342006392728863,0.18,-0.18412679660074135
1777027937.1030395,tb2,0.3797161474832195,0.6294094648431874,0.18,-0.27040887842970973
1777027937.1102116,tb1,0.3236987660814777,-0.5568163970972719,0.18000000000000002,-0.27282789313567796
1777027937.114446,tb7,1.0271082045113482,0.06054658946551432,0.18,-0.492753841491492
1777027937.1195972,tb3,-0.13825732406781346,0.02642130711724417,0.18,-0.18452715172793085
1777027937.1529524,tb2,0.38834441351043064,0.6323668755059727,0.18,-0.2724826538561279
1777027937.160182,tb1,0.3152047049281963,-0.5534884898395628,0.18,-0.2704234210596072
1777027937.1642797,tb7,1.027302551686128,0.05132787459216425,0.18,-0.49311163278771425
1777027937.169593,tb3,-0.13794020105081617,0.03549843650824803,0.18,-0.1848707437605184
1777027937.2028854,tb2,0.39701295505126954,0.6352073517788916,0.18,-0.2745518015067022
1777027937.2101164,tb1,0.3067578099111766,-0.5500456871115178,0.18,-0.26809444718447606
1777027937.2143059,tb7,1.0272697160527762,0.04210697337044226,0.18,-0.4933556196364463
1777027937.2194993,tb3,-0.13753933495773238,0.04457242983222217,0.18,-0.1852094433740397
1777027937.2530084,tb2,0.39701295505126954,0.6352073517788916,0.18,-0.27310056335417043
1777027937.260124,tb1,0.29835915770343324,-0.5464897297594572,0.18,-0.26584002504423804
1777027937.2642586,tb7,1.0270095423012142,0.03288955010697854,0.18,-0.4934532042365049
1777027937.2695315,tb3,-0.13705458698848572,0.05364249392079462,0.18,-0.18553715031814003
1777027937.303096,tb2,0.40572047453959337,0.6379293549478571,0.18,-0.27520272056796885
1777027937.310291,tb1,0.29000974680907976,-0.5428222724497341,0.18,-0.2395855854144467
1777027937.3143232,tb7,1.0265220863038742,0.023681286276145724,0.18,-0.49341498805422823
1777027937.3196485,tb3,-0.13648583478641743,0.06270783294449164,0.18,-0.18585809004557446
1777027937.3529928,tb2,0.41446394254688373,0.640531735956467,0.18,-0.2776378243231321
1777027937.3601716,tb1,0.29000974680907976,-0.5428222724497341,0.18,-0.2634084535033798
1777027937.3642988,tb7,1.0265220863038742,0.023681286276145724,0.18,-0.4982262040583179
1777027937.3694441,tb3,-0.13583295573034324,0.07176767006769179,0.18,-0.1861854593429079
1777027937.402993,tb2,0.4232433606094981,0.6430142219176728,0.18,-0.280053753656325
1777027937.4101317,tb1,0.2817171170761762,-0.5390537293804064,0.18,-0.26336010981732894
1777027937.4143276,tb7,1.025807621414071,0.014487855364330032,0.18,-0.49805421458490756
1777027937.4199767,tb3,-0.13509584137510552,0.08082120148221265,0.18,-0.18648821022385087
1777027937.4529939,tb2,0.4320574164584823,0.6453751558851594,0.18,-0.2824650795726486
1777027937.4602056,tb1,0.2734645103983392,-0.5351762928580769,0.18,-0.26106715461853275
1777027937.4643867,tb7,1.024865224742052,0.005312826938461815,0.18,-0.4972229436702165
1777027937.4696178,tb3,-0.13509584137510552,0.08082120148221265,0.18,-0.1841158990128323
1777027937.502935,tb2,0.44090477073756684,0.6476129304752977,0.18,-0.2848576680873577
1777027937.5101218,tb1,0.2652638856150955,-0.5311906535776922,0.18,-0.25866522049931523
1777027937.514244,tb7,1.0236946490476255,-0.0038357704122920023,0.18,-0.49619692635649393
1777027937.5194967,tb3,-0.13427440679574548,0.08986759397219996,0.18,-0.18445746874644242
1777027937.5529342,tb2,0.4497839334282249,0.6497258967064402,0.18,-0.28724006107585887
1777027937.560183,tb1,0.2571170982776068,-0.5270985978063861,0.18000000000000002,-0.2563496086290789
1777027937.5642838,tb7,1.0222969570982632,-0.012951999676434752,0.18,-0.49506408842479604
1777027937.5695977,tb3,-0.13336933802674708,0.09890497785294186,0.18,-0.1850413307407199
1777027937.603109,tb2,0.4586933663408285,0.6517124718853466,0.18,-0.28962020539965283
1777027937.6103082,tb1,0.24902496592005807,-0.5229018531476362,0.18,-0.25411771838005526
1777027937.6143332,tb7,1.0206735174595833,-0.02203025791241174,0.18,-0.4938022152726827
1777027937.6196012,tb3,-0.132380995342833,0.10793381494846453,0.18,-0.1856324976559487
1777027937.6529613,tb2,0.46763159128593434,0.6535710817539784,0.18,-0.2919961748314264
1777027937.6601725,tb1,0.2409883687952733,-0.5186021872761005,0.18,-0.25199460746207847
1777027937.6643512,tb7,1.018825918631658,-0.031064937509086656,0.18,-0.4924202928732824
1777027937.6696258,tb3,-0.131309203641494,0.11695342277980493,0.18,-0.18620291820011717
1777027937.7032878,tb2,0.47659702571319346,0.6553000873408097,0.17999999999999997,-0.2943489653766741
1777027937.710268,tb1,0.23300799882560838,-0.5142013391224892,0.18,-0.2499666768980883
1777027937.7143316,tb7,1.0167559851163772,-0.04005060684697265,0.18,-0.4909124421008046
1777027937.7197425,tb3,-0.13015374624387957,0.1259629954098556,0.18,-0.18675005767112524
1777027937.7530982,tb2,0.4855880001285674,0.6568978541513034,0.18,-0.2967063777087076
1777027937.760248,tb1,0.22508451933114954,-0.5097009636942528,0.18,-0.24802445469477566
1777027937.7643788,tb7,1.0144657426198953,-0.04898189906556208,0.18,-0.4892921037676769
1777027937.7696512,tb3,-0.12891442082760549,0.13496170330603757,0.18,-0.18729273647421912
1777027937.8031592,tb2,0.4855880001285674,0.6568978541513034,0.18,-0.2956452820251943
1777027937.8108742,tb1,0.21721860556064915,-0.5051026657106168,0.18,-0.22328150655503337
1777027937.8143682,tb7,1.0119573871099299,-0.05785359282317725,0.18,-0.48754073403343284
1777027937.8194916,tb3,-0.12759105269587748,0.14394870763615022,0.18,-0.18782951859619226
1777027937.8531325,tb2,0.49460269670957346,0.6583628053603041,0.18,-0.2980588789742051
1777027937.860223,tb1,0.21721860556064915,-0.5051026657106168,0.18,-0.24545692802050653
1777027937.8643658,tb7,1.0119573871099299,-0.05785359282317725,0.18,-0.49243815569913535
1777027937.8697886,tb3,-0.12618346429063043,0.1529231948662736,0.18,-0.1883253191082563
1777027937.9030473,tb2,0.5036379270268853,0.6596941032828567,0.18,-0.3007583964812376
1777027937.9102347,tb1,0.2094161992240375,-0.500417219878272,0.18,-0.24567169980229134
1777027937.914383,tb7,1.0092333554549506,-0.06666054765607596,0.18,-0.4905410518658311
1777027937.919563,tb3,-0.12618346429063043,0.1529231948662736,0.18,-0.18592923830458674
1777027937.9529777,tb2,0.512693301951049,0.6608910033684374,0.17999999999999997,-0.3034415935431042
1777027937.960173,tb1,0.20166212593968402,-0.49563514535086184,0.18,-0.24378234379927688
1777027937.964276,tb7,1.0062937105123073,-0.07539995464487873,0.18,-0.48784670451909834
1777027937.96956,tb3,-0.12469154174134489,0.16188419049373823,0.18,-0.1864690854718883
1777027938.003028,tb2,0.5217669648073323,0.6619517906330253,0.18,-0.3061059923645566
1777027938.0101802,tb1,0.19396752657986724,-0.4907583863001582,0.18,-0.24181004932031006
1777027938.0143025,tb7,1.003140765787423,-0.08406359238472269,0.18,-0.48504839714609654
1777027938.0196905,tb3,-0.12311611941301744,0.17082995964149075,0.18,-0.18724705841170455
1777027938.0529964,tb2,0.5308569723139096,0.6628748440070836,0.18,-0.30876643386515845
1777027938.0602608,tb1,0.18633376873607124,-0.48578866808259885,0.18,-0.23991719750884116
1777027938.0642993,tb7,0.9997777592889765,-0.09264642866636676,0.18,-0.4821922226859617
1777027938.069561,tb3,-0.12145736956728732,0.17976095455725927,0.18,-0.1880300333973405
1777027938.102922,tb2,0.5399613416290658,0.6636585931418935,0.17999999999999997,-0.3114270153974107
1777027938.1102061,tb1,0.17876143195854402,-0.48072756899706903,0.18,-0.23811178023964483
1777027938.1144102,tb7,0.9962080857557181,-0.10114388068210252,0.18,-0.4792930008718053
1777027938.119609,tb3,-0.11971506260175677,0.18867641719769457,0.18,-0.1887800959269475
1777027938.1529155,tb2,0.5490781053878676,0.6643014449567979,0.18,-0.314074930084838
1777027938.1600974,tb1,0.17125103405386125,-0.4755766074507809,0.18,-0.23638594336896662
1777027938.1642733,tb7,0.9924352504357884,-0.10955154643169922,0.18,-0.47631397831608524
1777027938.1694982,tb3,-0.11788895598704352,0.1975754874755161,0.18,-0.18951503331170205
1777027938.2029815,tb2,0.5582050798528354,0.664801861692529,0.18,-0.3167302265561553
1777027938.210148,tb1,0.1638030786146152,-0.4703372367657041,0.18,-0.23472545627852826
1777027938.2142673,tb7,0.988462836593838,-0.11786519723284072,0.18,-0.4732848588918052
1777027938.2195609,tb3,-0.11597884376669619,0.20645726638518425,0.18,-0.19022752584206318
1777027938.2529657,tb2,0.5582050798528354,0.664801861692529,0.18,-0.3160673085524038
1777027938.2601652,tb1,0.15641808256223766,-0.46501087759862786,0.18,-0.2331291327774405
1777027938.2642314,tb7,0.984294529402851,-0.1260807452164813,0.18,-0.47019059500047616
1777027938.2694402,tb3,-0.11398454111288679,0.21532087917534734,0.18,-0.19093716141630507
1777027938.3029497,tb2,0.5673400434613001,0.6651584105432877,0.18,-0.31880029634171003
1777027938.3101063,tb1,0.14909654189806407,-0.45959886067435923,0.18,-0.23158359494372213
1777027938.3142729,tb7,0.9799340384179701,-0.13419429724714108,0.18,-0.4670272867380459
1777027938.3194783,tb3,-0.11190589110731153,0.2241654317240924,0.18,-0.191631645687159
1777027938.352964,tb2,0.5764793325526217,0.6653704020325317,0.18,-0.3218565440823026
1777027938.3600628,tb1,0.14183899127253127,-0.4541025292279855,0.18,-0.23008809827276233
1777027938.3642206,tb7,0.9753851363658189,-0.14220208168891177,0.18,-0.4637763648581667
1777027938.369462,tb3,-0.10974275873471732,0.2329900317181216,0.18,-0.19232667372300566
1777027938.4030786,tb2,0.5856221109709786,0.6654372703665588,0.18,-0.32493568035621
1777027938.4102461,tb1,0.14183899127253127,-0.4541025292279855,0.18,-0.22895216185165468
1777027938.414289,tb7,0.9706517281457365,-0.15010045055543667,0.18,-0.4282105663308262
1777027938.4195027,tb3,-0.1074950175438081,0.24179379537121268,0.18,-0.19301798178613316
1777027938.4531689,tb2,0.5947662662911447,0.6653575613792607,0.18000000000000002,-0.32800002327148764
1777027938.460295,tb1,0.1346459469716554,-0.44852320231763687,0.18,-0.22746711457596724
1777027938.4643888,tb7,0.9706517281457365,-0.15010045055543667,0.18,-0.46493564841178253
1777027938.4696398,tb3,-0.1074950175438081,0.24179379537121268,0.18,-0.19061500977037082
1777027938.5031211,tb2,0.6039095003545715,0.6651296990107934,0.18,-0.331019514787438
1777027938.5102594,tb1,0.12751790913059446,-0.44286214172990807,0.18,-0.2260237236997118
1777027938.5143623,tb7,0.9657503824684334,-0.1578793218370892,0.18,-0.4644102316948725
1777027938.5195925,tb3,-0.1051625174816486,0.25057584910627767,0.18,-0.19130344846098027
1777027938.5529923,tb2,0.6130493579667329,0.6647520560693241,0.18,-0.33402603878972986
1777027938.5601792,tb1,0.12045541930790384,-0.43712072831379833,0.18,-0.2246587542960991
1777027938.5642896,tb7,0.9606672193635121,-0.16555753603748333,0.18,-0.4601354848446976
1777027938.5695016,tb3,-0.10274618189103184,0.25933417939442166,0.18,-0.19227943890154653
1777027938.6029274,tb2,0.622183272627937,0.664223045407314,0.18,-0.3370107471720194
1777027938.6102016,tb1,0.11345885916658222,-0.4313002990941169,0.18,-0.22335545186556324
1777027938.614275,tb7,0.9554078180843621,-0.17311493083363014,0.18,-0.4556547552580254
1777027938.6195948,tb3,-0.10024615013513433,0.26806940230060666,0.18,-0.1932365061777857
1777027938.6529582,tb2,0.6313085049859329,0.6635412261591686,0.18,-0.3400011689322289
1777027938.6601822,tb1,0.10652857851591248,-0.4254020662093041,0.18,-0.22209521747373664
1777027938.664418,tb7,0.949977095807991,-0.18054765161826564,0.18,-0.4512229574317939
1777027938.669579,tb3,-0.09766218367781014,0.27678064594828206,0.18,-0.19417713037274306
1777027938.7030272,tb2,0.6404223610180352,0.6627052622570745,0.18,-0.34300169666746855
1777027938.7101595,tb1,0.09966502952451485,-0.419427271967579,0.18,-0.2208817866729505
1777027938.7142522,tb7,0.9443798461112933,-0.18785302481485258,0.18,-0.4468386375303547
1777027938.7194705,tb3,-0.09499405920615436,0.2854669727829928,0.18,-0.19510063897793403
1777027938.7529528,tb2,0.6495221045046515,0.6617138370719202,0.18,-0.34600959633556655
1777027938.760105,tb1,0.09286861931479996,-0.41337712702820345,0.18,-0.21971345126383948
1777027938.7642794,tb7,0.9386207983917232,-0.1950287571065311,0.18,-0.44253805827186177
1777027938.769476,tb3,-0.09224157491325889,0.2941274110997194,0.18,-0.196002748164805
1777027938.8029325,tb2,0.6586048496048055,0.660565733426969,0.18,-0.3392128419854215
1777027938.8101423,tb1,0.08613974320097267,-0.40725277683103034,0.18,-0.21857733086932712
1777027938.8142467,tb7,0.9327044455075719,-0.20207277253391712,0.18,-0.4382559109990845
1777027938.819649,tb3,-0.08940456816960816,0.3027609779289231,0.18,-0.19688841357684025
1777027938.8529937,tb2,0.6586048496048055,0.660565733426969,0.18,-0.3490742621404533
1777027938.8602026,tb1,0.0794788247802936,-0.4010553653138162,0.18,-0.2174725644382359
1777027938.8642943,tb7,0.9266353949344356,-0.20898295106453016,0.18,-0.43401362846321667
1777027938.869458,tb3,-0.08648288513246068,0.3113667143654807,0.18,-0.19777905357607373
1777027938.903103,tb2,0.667664061655306,0.6592625072300721,0.18,-0.35304446193140926
1777027938.9102433,tb1,0.07288628147467821,-0.3947860624103679,0.18,-0.1958107809866076
1777027938.9143567,tb7,0.9204182975334189,-0.21575739712420747,0.18,-0.42982906853367514
1777027938.9195006,tb3,-0.0834763939388112,0.3199436382201925,0.18,-0.19865642535657474
1777027938.9530787,tb2,0.6767036063133942,0.6578025713815757,0.18,-0.35645725656177574
1777027938.9602325,tb1,0.07288628147467821,-0.3947860624103679,0.18,-0.2149290663038819
1777027938.9643788,tb7,0.9204182975334189,-0.21575739712420747,0.18,-0.4336355829085862
1777027938.9695673,tb3,-0.08038497727695099,0.328490764212694,0.18,-0.1995244551484503
1777027939.0029564,tb2,0.6857179674799754,0.6561836220906319,0.18,-0.3597969590052441
1777027939.0104082,tb1,0.06636525450289857,-0.38845513211912525,0.18,-0.21568899235079345
1777027939.014243,tb7,0.914057616392457,-0.22239445592245444,0.18,-0.4293789526064966
1777027939.0195892,tb3,-0.08038497727695099,0.328490764212694,0.18,-0.19717297209759005
1777027939.053129,tb2,0.6947037342406313,0.6544043573552105,0.18,-0.36313895216347997
1777027939.060148,tb1,0.05990466793576718,-0.38205152911617174,0.18,-0.21470911269085619
1777027939.0645218,tb7,0.9075541686482849,-0.2288936147359492,0.18,-0.42441420024035814
1777027939.0699265,tb3,-0.07720850800550015,0.3370071132980449,0.18,-0.19803959112301336
1777027939.1030004,tb2,0.703657622012719,0.6524636877888078,0.18,-0.36649044471622333
1777027939.110182,tb1,0.05351328522928637,-0.3755785740066696,0.18,-0.21360291803977516
1777027939.1143615,tb7,0.9009136281043164,-0.23524971181386503,0.18,-0.4194543357268814
1777027939.1196115,tb3,-0.073948097588322,0.3454906075935894,0.18,-0.19923729942771123
1777027939.153031,tb2,0.7125764203371272,0.6503605937925893,0.18,-0.3698445650610173
1777027939.160209,tb1,0.04719218579733266,-0.3690376623995813,0.18,-0.2125352512095048
1777027939.164348,tb7,0.8941409894542014,-0.24146124633996213,0.18,-0.41464498227479524
1777027939.1695368,tb3,-0.07060385717595294,0.3539418709024026,0.18,-0.20042599804490038
1777027939.2030861,tb2,0.721456898194003,0.648093974113406,0.18,-0.3731700853978773
1777027939.210211,tb1,0.04094173678675157,-0.3624299856993933,0.18,-0.21152416025552845
1777027939.2144659,tb7,0.8872411761857355,-0.24752733987772724,0.18,-0.4100134619408477
1777027939.2195737,tb3,-0.06717552288044573,0.3623600430994748,0.18,-0.20157401304719086
1777027939.2530353,tb2,0.7302954874829389,0.645662826604906,0.18,-0.3764884927313583
1777027939.2601812,tb1,0.03476219905933232,-0.35575665557461655,0.18,-0.21056262860500885
1777027939.2643576,tb7,0.8802188804347125,-0.2534474687687643,0.18,-0.4055081142749829
1777027939.269667,tb3,-0.06366284472541772,0.3707440216521217,0.18,-0.2026905574145494
1777027939.3029354,tb2,0.7390886638493231,0.643066236400331,0.18,-0.3797972911775009
1777027939.310122,tb1,0.02865385984956292,-0.3490187813039859,0.18,-0.209650635461577
1777027939.3142743,tb7,0.8730786708882126,-0.2592211350904785,0.18,-0.40113076694041305
1777027939.3196692,tb3,-0.0600656145185122,0.37909270191284117,0.18,-0.2037889380845694
1777027939.3529367,tb2,0.7390886638493231,0.643066236400331,0.18,-0.3805663537399455
1777027939.360124,tb1,0.022616991951228287,-0.34221739553922065,0.18,-0.20877420155414733
1777027939.3641856,tb7,0.8658249022603753,-0.26484791878064673,0.18,-0.396848916489181
1777027939.3695278,tb3,-0.056383685298931785,0.38740496147022035,0.18,-0.2048827375619446
1777027939.403029,tb2,0.7478327623879125,0.6403034451980645,0.18,-0.38397237645621346
1777027939.410036,tb1,0.016651907392430432,-0.3353535218431007,0.18,-0.20258365713031246
1777027939.4143162,tb7,0.8584617198397322,-0.2703273887108861,0.18,-0.3926400442530612
1777027939.4195957,tb3,-0.05261694473311845,0.3956797056954887,0.18,-0.2059597992069299
1777027939.4529948,tb2,0.7565232522876562,0.6373747646431805,0.18,-0.38762504950568766
1777027939.4602172,tb1,0.016651907392430432,-0.3353535218431007,0.18,-0.2061951968803986
1777027939.4643393,tb7,0.8509933152646803,-0.27565910309567454,0.18,-0.38848746909575765
1777027939.4695337,tb3,-0.04876528962691533,0.4039158457680427,0.18,-0.2070361249119038
1777027939.5030687,tb2,0.7651576990490239,0.6342798288859972,0.18,-0.39128346845850387
1777027939.5103154,tb1,0.010759509457766216,-0.3284305932137,0.18,-0.20583855115275387
1777027939.51435,tb7,0.8509933152646803,-0.27565910309567454,0.18,-0.3914329620661439
1777027939.5195727,tb3,-0.04482864887044768,0.4121122725952791,0.18,-0.19935556476196417
1777027939.5529938,tb2,0.7737323893434639,0.6310180167626281,0.18,-0.39492276938926335
1777027939.5603034,tb1,0.004937317914460465,-0.3214466856385943,0.18,-0.2051314212979712
1777027939.5643373,tb7,0.8434238100755816,-0.2808427683007525,0.18,-0.3872618978240273
1777027939.5695393,tb3,-0.04482864887044768,0.4121122725952791,0.18,-0.20584240669768689
1777027939.602948,tb2,0.7822435192418349,0.6275886985605731,0.18,-0.39851674790185676
1777027939.6102545,tb1,-0.000812507941509322,-0.31440335969121447,0.18,-0.20442063052151618
1777027939.6143413,tb7,0.8357539283255365,-0.28587833167029497,0.18,-0.38249635558616885
1777027939.6196437,tb3,-0.040810134666550535,0.42026554383473413,0.18,-0.20765789086026998
1777027939.6530354,tb2,0.7906869792894056,0.6239913576520816,0.18,-0.40208746881897983
1777027939.6601467,tb1,-0.006489512033750205,-0.3073016711045913,0.18,-0.203745092467931
1777027939.6642666,tb7,0.8279895747687805,-0.29076282262857817,0.18,-0.3778531481833761
1777027939.669531,tb3,-0.036707797466469703,0.42837997641269215,0.18,-0.20903373045613616
1777027939.7029724,tb2,0.7990586251119218,0.6202256927917816,0.18,-0.4056420547939564
1777027939.71021,tb1,-0.012093403097947628,-0.3001425768476802,0.18,-0.20309117709710425
1777027939.7143452,tb7,0.8201349715152837,-0.29549647867893936,0.18,-0.37335648577434866
1777027939.7195246,tb3,-0.03252125876125435,0.4364522027498604,0.18,-0.2103493301972691
1777027939.7531474,tb2,0.8073543097023209,0.6162915667878923,0.18,-0.4091986855041801
1777027939.7602935,tb1,-0.017623876053831738,-0.29292702141181,0.18,-0.2024631755885462
1777027939.7644315,tb7,0.8121941688939607,-0.3000796304320019,0.18,-0.3689980173692002
1777027939.7695627,tb3,-0.02825037249658978,0.44448087869760255,0.18,-0.21163945541518173
1777027939.8029277,tb2,0.8155699348761122,0.6121888140938229,0.18,-0.41270847423999213
1777027939.8102798,tb1,-0.02308062590135308,-0.2856559612192631,0.18,-0.2018687673954995
1777027939.814219,tb7,0.8041712040961062,-0.30451271285957393,0.18,-0.3647787737566568
1777027939.819537,tb3,-0.02389499444017776,0.45246479463822753,0.18,-0.212911687975381
1777027939.8531272,tb2,0.8155699348761122,0.6121888140938229,0.18,-0.4143651718781198
1777027939.860262,tb1,-0.028463370100609727,-0.27833033583307015,0.18,-0.20130416558807956
1777027939.8643587,tb7,0.7960699665134118,-0.308796340412556,0.18,-0.36072712213261615
1777027939.8697703,tb3,-0.019455017840297982,0.46040271193270355,0.18,-0.21415904667300573
1777027939.903035,tb2,0.823701193811648,0.6079173634591374,0.18,-0.4179416767751542
1777027939.9101062,tb1,-0.033771823165374644,-0.2709510256260075,0.18,-0.18167249454136158
1777027939.9142153,tb7,0.7878939884722403,-0.31293114576942055,0.18,-0.35676299215067164
1777027939.9194908,tb3,-0.014930380216670903,0.4682933927517386,0.18,-0.21542194338351486
1777027939.9530656,tb2,0.8317432552766049,0.6034782250445277,0.18,-0.42166407215268054
1777027939.9601712,tb1,-0.033771823165374644,-0.2709510256260075,0.18,-0.1988291956681412
1777027939.964194,tb7,0.7796468241688475,-0.3169176530736822,0.18,-0.35289092370257164
1777027939.9694507,tb3,-0.010321051638325794,0.4761356097525644,0.18,-0.21666458611476816
1777027940.0029547,tb2,0.8396925984660918,0.5988716737611581,0.18,-0.42535208554166837
1777027940.0105488,tb1,-0.0390044804478956,-0.2635281821193019,0.18,-0.20004995770911466
1777027940.0142794,tb7,0.7796468241688475,-0.3169176530736822,0.18,-0.355050727678703
1777027940.0195768,tb3,-0.005627037524087737,0.4839281244490702,0.18,-0.21791058544459227
1777027940.0529685,tb2,0.847544841488974,0.5940980935319417,0.18,-0.42901230307111404
1777027940.0601954,tb1,-0.044170240152588004,-0.25604962622595767,0.18,-0.1996807094614537
1777027940.0644102,tb7,0.7713318909808826,-0.3207564138532498,0.18,-0.3511975680546053
1777027940.0697181,tb3,-0.005627037524087737,0.4839281244490702,0.18,-0.21574312367533624
1777027940.102933,tb2,0.8552955328891626,0.589157962332126,0.18,-0.4326196028385677
1777027940.110166,tb1,-0.049261392075949546,-0.24851950951275403,0.18,-0.19916945704377256
1777027940.114235,tb7,0.7629496557164445,-0.32444770308477405,0.18,-0.34683249122560744
1777027940.1195934,tb3,-0.0008483617654245125,0.4916697057250791,0.18,-0.21702179722116344
1777027940.152934,tb2,0.8629400667577722,0.5840519276665312,0.18,-0.43617574810177756
1777027940.1601422,tb1,-0.05427696540673083,-0.24093907682150537,0.18,-0.19867047926068349
1777027940.1642814,tb7,0.754505445356288,-0.3279899026566409,0.18,-0.34258889820292293
1777027940.1695044,tb3,0.004013481139178428,0.4993583004816875,0.18,-0.2186133728692756
1777027940.2030501,tb2,0.8704738185672158,0.5787808397466855,0.18,-0.439691305746714
1777027940.210145,tb1,-0.05921663090414131,-0.23330925006882258,0.18,-0.19819633317827873
1777027940.214329,tb7,0.7460027558510753,-0.33138388740931457,0.18,-0.3384822293020913
1777027940.2194738,tb3,0.008958619625252313,0.5069943210690051,0.18,-0.22020953858521844
1777027940.2529087,tb2,0.8778921772499435,0.5733457120343428,0.18,-0.44314476501648425
1777027940.260147,tb1,-0.064080110064678,-0.22563091616022835,0.18,-0.1977494959003421
1777027940.2642643,tb7,0.7374449306813756,-0.3346306176508695,0.18,-0.33451760498693633
1777027940.269518,tb3,0.01398715919003837,0.5145766046225877,0.18,-0.2217796444359856
1777027940.3029513,tb2,0.8851904922431912,0.5677477578497049,0.18,-0.4465606887012988
1777027940.3101892,tb1,-0.06886713488765606,-0.21790493485822707,0.18,-0.19732495349865245
1777027940.3143218,tb7,0.7288350318232605,-0.33773115232059586,0.18,-0.3306686788909022
1777027940.319498,tb3,0.019099132254044113,0.5221037684428024,0.18000000000000002,-0.22334122274248358
1777027940.3529596,tb2,0.8923641356000817,0.561988353241481,0.18,-0.449922995953665
1777027940.360223,tb1,-0.07357742203650393,-0.21013217364690417,0.18,-0.1969258476115159
1777027940.3642812,tb7,0.720176172662493,-0.34068644498737166,0.18,-0.3269354133311907
1777027940.3695705,tb3,0.024294564932972582,0.5295744949112275,0.18,-0.2248835563631165
1777027940.4029784,tb2,0.899408504465478,0.5560688957521512,0.18,-0.453200693415168
1777027940.4102051,tb1,-0.07821069682362704,-0.2023134971553486,0.18,-0.19655503387958806
1777027940.4142973,tb7,0.7114714354277214,-0.34349754853215514,0.18,-0.32333852712637784
1777027940.4194703,tb3,0.029573472398417518,0.5369874132521814,0.18,-0.226418670444005
1777027940.452877,tb2,0.9063188410076877,0.5499910448063852,0.18,-0.45638933841438334
1777027940.4603026,tb1,-0.08276669170895516,-0.19444975583005653,0.18,-0.19620447258345458
1777027940.4643004,tb7,0.7027236426769953,-0.34616560048044503,0.18,-0.3198510924274311
1777027940.469521,tb3,0.03493582346075291,0.5443411180653102,0.18,-0.22794024393109746
1777027940.503111,tb2,0.9130904205583363,0.543756726018092,0.18,-0.4595258324835888
1777027940.5102055,tb1,-0.08724513439859685,-0.18654178595024354,0.18,-0.19588517365522917
1777027940.5143695,tb7,0.693935540056587,-0.34869166073202784,0.18,-0.3164597091142392
1777027940.5195618,tb3,0.04038154361573608,0.5516342059581478,0.18000000000000002,-0.22946147735212166
1777027940.5529532,tb2,0.9130904205583363,0.543756726018092,0.18,-0.46258422493979817
1777027940.560235,tb1,-0.0916457468314907,-0.17859041984870963,0.18,-0.19558254841037642
1777027940.564275,tb7,0.685109822837281,-0.35107676505991353,0.18,-0.31315246724461127
1777027940.5695152,tb3,0.045910531350303825,0.5588652814417548,0.18,-0.23098876458135756
1777027940.6029704,tb2,0.9197186033100598,0.5373680110127264,0.18,-0.46573383275464025
1777027940.610115,tb1,-0.09596824686004027,-0.1705964868109924,0.18,-0.19530811253466215
1777027940.6142757,tb7,0.6762491108808364,-0.35332195537229194,0.18,-0.3099319347392692
1777027940.619481,tb3,0.05152264602639333,0.566032935907449,0.18000000000000002,-0.23252325488863235
1777027940.652983,tb2,0.9261988027864498,0.5308271543187705,0.18,-0.4687887226891161
1777027940.6602607,tb1,-0.09596824686004027,-0.1705964868109924,0.18,-0.19315632602070285
1777027940.6645887,tb7,0.6673559808624676,-0.3554283003351033,0.18,-0.3068049765816548
1777027940.669482,tb3,0.05721777798858148,0.5731357754484739,0.17999999999999997,-0.23405757883253242
1777027940.7030375,tb2,0.9325264605342025,0.5241364883340665,0.18,-0.4717213263531726
1777027940.7101557,tb1,-0.1002123542726873,-0.16256081153428953,0.18,-0.19289013409410044
1777027940.7142937,tb7,0.6673559808624676,-0.3554283003351033,0.18,-0.30790909573196773
1777027940.719334,tb3,0.0629957602820019,0.5801723444560395,0.18,-0.2217641850851621
1777027940.752981,tb2,0.938696961221352,0.517298496434134,0.18,-0.47449718480915365
1777027940.7602801,tb1,-0.10437778924785192,-0.15448518709376963,0.18,-0.19282026486150278
1777027940.764317,tb7,0.6584328719834137,-0.35739689236070676,0.18,-0.30477627257680995
1777027940.7695398,tb3,0.0629957602820019,0.5801723444560395,0.18,-0.2336526830071208
1777027940.803211,tb2,0.9447055494512255,0.5103160307779405,0.18,-0.47717287191280655
1777027940.8102362,tb1,-0.10846505904056097,-0.14636984421647684,0.18,-0.19277271533579896
1777027940.8144336,tb7,0.649480379403391,-0.35922814206187353,0.18,-0.3013450266235598
1777027940.8195405,tb3,0.06885043894624909,0.587138742930606,0.18000000000000002,-0.2364160831165032
1777027940.8529675,tb2,0.9505478053856111,0.5031919438650053,0.18,-0.47966171585105644
1777027940.8601875,tb1,-0.1124738782955669,-0.13821549922195753,0.18,-0.19273486862774428
1777027940.8643577,tb7,0.6405025819559674,-0.36092203179185744,0.18,-0.2980381301332302
1777027940.8695488,tb3,0.07478767248254059,0.5940417025469453,0.18,-0.238275148859359
1777027940.9029593,tb2,0.9562191638906842,0.4959294350999767,0.18,-0.4820245729498331
1777027940.9101706,tb1,-0.11640390429669477,-0.1300229122067046,0.18,-0.19270099363260568
1777027940.9143655,tb7,0.6315018873902154,-0.36247995168567987,0.18,-0.29486366340437187
1777027940.9194968,tb3,0.08080665434506719,0.600875153384993,0.18000000000000002,-0.24004846316883108
1777027940.9530485,tb2,0.9617152566644419,0.48853200437605265,0.18,-0.48426951513995814
1777027940.9603128,tb1,-0.12025479146017888,-0.1217928483581082,0.18,-0.19266593276604152
1777027940.9642715,tb7,0.6224804575083535,-0.3639032385850843,0.18,-0.2917889202309586
1777027940.9695716,tb3,0.08690708520083346,0.6076371414408568,0.18,-0.24181263209644233
1777027941.0029237,tb2,0.9670319178591223,0.48100317876312754,0.18,-0.48634624730300346
1777027941.0104313,tb1,-0.12402619782897663,-0.11352608016863568,0.18,-0.19263976363493998
1777027941.0143595,tb7,0.613440610229588,-0.3651931845583578,0.18,-0.2888415996897816
1777027941.019484,tb3,0.09308880169028808,0.6143261315769548,0.18,-0.24357082089796067
1777027941.0534973,tb2,0.9721650091174961,0.47334674462331155,0.18,-0.47442796584284075
1777027941.0601978,tb1,-0.12771779019978372,-0.10522337884404091,0.18,-0.1926382928099133
1777027941.064614,tb7,0.6043843981703074,-0.3663511375175436,0.18000000000000002,-0.28599931512940846
1777027941.069789,tb3,0.0993515857794593,0.6209404982623877,0.18,-0.24530990758850857
1777027941.1030097,tb2,0.9721650091174961,0.47334674462331155,0.18,-0.4923524016007089
1777027941.1103702,tb1,-0.13132923886463999,-0.096885508546693,0.18,-0.19262541336795871
1777027941.1142092,tb7,0.5953138546326756,-0.3673783742056456,0.18,-0.28323983140903986
1777027941.1195366,tb3,0.10569514374954417,0.6274786159217555,0.18,-0.24706960592905494
1777027941.1528938,tb2,0.9771101493212196,0.4655728554993683,0.18,-0.49544777922348904
1777027941.1601605,tb1,-0.13132923886463999,-0.096885508546693,0.18,-0.19039080225909275
1777027941.1641796,tb7,0.5862309319562874,-0.3682761265653297,0.18,-0.2805736719049497
1777027941.169533,tb3,0.1121191625606688,0.6339388913930404,0.18,-0.24883519078722546
1777027941.2029653,tb2,0.9818692451322882,0.4576750066859867,0.18,-0.496895851655962
1777027941.2101717,tb1,-0.1348602040173756,-0.08851326452570173,0.18,-0.1903934855260722
1777027941.2144043,tb7,0.5862309319562874,-0.3682761265653297,0.18,-0.2810460736689024
1777027941.2194881,tb3,0.11862330094242646,0.6403197160023567,0.18,-0.2506124653939066
1777027941.25302,tb2,0.986432294521147,0.4496608034300213,0.18,-0.49805977448513167
1777027941.2602472,tb1,-0.13831050483269938,-0.08010851842997771,0.18,-0.19061375344108655
1777027941.2643952,tb7,0.5771375446446502,-0.36904559864888037,0.18,-0.2783923370234563
1777027941.2695916,tb3,0.11862330094242646,0.6403197160023567,0.18,-0.24887465807406414
1777027941.3030145,tb2,0.9907953206932234,0.4415351826605005,0.18,-0.49905201610846
1777027941.310285,tb1,-0.1416806456515378,-0.07167128340325953,0.18,-0.19084496135368476
1777027941.3143966,tb7,0.5680343060242147,-0.3696873360461234,0.18,-0.275544828122139
1777027941.3194945,tb3,0.12520710693016904,0.6466194359122691,0.18,-0.2507095919149558
1777027941.352917,tb2,0.9949549592183655,0.4333029557243385,0.18,-0.4998727330798361
1777027941.3602881,tb1,-0.14497028009168947,-0.06320221427411939,0.18,-0.19106762951136635
1777027941.364349,tb7,0.5589243730988734,-0.3702018831105196,0.18000000000000002,-0.27280159766233336
1777027941.3695295,tb3,0.13186870249113034,0.6528361723399383,0.17999999999999997,-0.25283159218907775
1777027941.4030602,tb2,0.998908080555281,0.4249691162435212,0.18,-0.5005625429383181
1777027941.4102876,tb1,-0.1481789989543966,-0.05470204262942578,0.18,-0.19128404281696285
1777027941.4144075,tb7,0.5498095169328694,-0.3705905992797651,0.18,-0.2701543097027489
1777027941.4196177,tb3,0.13860820602381804,0.6589696550492723,0.18,-0.25497026228906533
1777027941.4529612,tb2,1.0026518010273353,0.41653871334988923,0.18,-0.5010658619183045
1777027941.4601421,tb1,-0.15130640374430598,-0.046171496979434214,0.18,-0.1915013019633958
1777027941.4642348,tb7,0.5406916323908065,-0.37085483341066244,0.18,-0.26763249945190853
1777027941.4694772,tb3,0.14542545594022854,0.6650183311209165,0.18000000000000002,-0.257080703333655
1777027941.5030346,tb2,1.0061834101294544,0.40801698342783976,0.18,-0.5014239341008263
1777027941.5101676,tb1,-0.15435209760911092,-0.037611321830004756,0.18,-0.19170775081923902
1777027941.5143387,tb7,0.5315722826744935,-0.37099597272456414,0.18,-0.26520732565155974
1777027941.5195246,tb3,0.15232003912635514,0.6709802814494485,0.18,-0.25917680392532394
1777027941.553429,tb2,1.0095004360771755,0.39940925694152685,0.18,-0.46921633190083206
1777027941.5601943,tb1,-0.15731569613061816,-0.029022272003727867,0.18,-0.19191443330268987
1777027941.5642512,tb7,0.5224530520138999,-0.3710152805311155,0.18,-0.26286423580247054
1777027941.5695937,tb3,0.15929151755967036,0.6768537105930355,0.17999999999999997,-0.2612698067086366
1777027941.6029932,tb2,1.0095004360771755,0.39940925694152685,0.18,-0.5062722656816314
1777027941.6101763,tb1,-0.16019682728620302,-0.020405101427945042,0.18,-0.19212098869791983
1777027941.614296,tb7,0.5133355301194583,-0.3709139945677483,0.17999999999999997,-0.2605939240096129
1777027941.6195483,tb3,0.166339433277667,0.6826368229435007,0.18,-0.2633499619480978
1777027941.6529803,tb2,1.0126029761975874,0.3907355466858672,0.18,-0.5093707415201321
1777027941.660226,tb1,-0.16299512858412907,-0.011760576794778424,0.18,-0.17435477400361576
1777027941.6642215,tb7,0.5042211829034685,-0.3706932789861688,0.18000000000000002,-0.2583983085815129
1777027941.6695616,tb3,0.17346320033737544,0.6883277946222834,0.18,-0.265457776907902
1777027941.7031138,tb2,1.0154965803038856,0.38197395284519536,0.18,-0.5087816012576947
1777027941.7102196,tb1,-0.16299512858412907,-0.011760576794778424,0.18,-0.19002203197299744
1777027941.7147932,tb7,0.4951115178413805,-0.37035428138149906,0.18,-0.23139287906205627
1777027941.719556,tb3,0.18066225378626935,0.6939248516557541,0.17999999999999997,-0.26757150397071466
1777027941.753091,tb2,1.0181670062387518,0.3731405238728798,0.18,-0.5076956278890368
1777027941.7602367,tb1,-0.1657118578666914,-0.003097948627610727,0.18,-0.19184802528908787
1777027941.7643337,tb7,0.4951115178413805,-0.37035428138149906,0.18,-0.2561119690075533
1777027941.769398,tb3,0.18793597695532122,0.6994261855172544,0.17999999999999997,-0.26970405454350754
1777027941.8030155,tb2,1.020611719683954,0.3642423388214293,0.18,-0.5064601783095759
1777027941.8103106,tb1,-0.16835109349236804,0.005595586330102981,0.18,-0.1922863978423987
1777027941.8142858,tb7,0.48601796086165483,-0.3699040659680793,0.18,-0.25626581239319707
1777027941.8196185,tb3,0.18793597695532122,0.6994261855172544,0.18,-0.2682663577401711
1777027941.8529716,tb2,1.022829564940776,0.35528546541516876,0.18,-0.5051382189741692
1777027941.860405,tb1,-0.17090731845338714,0.014314678293846405,0.18,-0.19260338265936683
1777027941.8643494,tb7,0.4769204671411885,-0.3693417672627491,0.18,-0.254018189513547
1777027941.8696573,tb3,0.19528376616258228,0.704829968719329,0.18,-0.27044347869387403
1777027941.9029622,tb2,1.0248197039362834,0.34627588935986336,0.18,-0.503708668443935
1777027941.9101863,tb1,-0.17337970674360256,0.02305812153157573,0.18,-0.1929227828644421
1777027941.9143133,tb7,0.4678310610754332,-0.3686630124430284,0.18,-0.25164414395448154
1777027941.9195626,tb3,0.20270313152818986,0.7101341432778856,0.18,-0.272968496592777
1777027941.9529295,tb2,1.0265815281709707,0.3372195725897535,0.18,-0.5021608564520391
1777027941.9601634,tb1,-0.17576784406643073,0.03182510782462353,0.18,-0.19323365162601155
1777027941.9643044,tb7,0.4587521104591911,-0.3678687005795958,0.18,-0.2493558612252463
1777027941.9694996,tb3,0.21019420859982318,0.7153384385933916,0.18,-0.2755044945281051
1777027942.0029988,tb2,1.0281146272742103,0.32812243148145664,0.18,-0.5004945950169186
1777027942.010267,tb1,-0.17807135811942412,0.040614857616076264,0.18,-0.1935422808232243
1777027942.0143156,tb7,0.44968496471472114,-0.36696009869732776,0.18,-0.2471557222920161
1777027942.0196912,tb3,0.217756371165272,0.7204409573215528,0.18,-0.2780337997229989
1777027942.0529904,tb2,1.0294188188806412,0.31899049534078033,0.18,-0.49871113431906144
1777027942.0603757,tb1,-0.1802898872784222,0.0494266046334258,0.18,-0.193853206016235
1777027942.0643148,tb7,0.4406310329665693,-0.36593850893131635,0.18000000000000002,-0.24506965218486085
1777027942.0695295,tb3,0.22538904391967543,0.7254397915199361,0.18000000000000002,-0.2805420290219906
1777027942.102924,tb2,1.030494209882359,0.3098296948405366,0.18,-0.4968139240890165
1777027942.110144,tb1,-0.182423061845057,0.05825956864029967,0.18,-0.1941837764563146
1777027942.1142356,tb7,0.43159149935987096,-0.36480527685111386,0.18,-0.24308529643755783
1777027942.1195536,tb3,0.23309150706446885,0.7303328064470844,0.18,-0.28302559432739766
1777027942.1530013,tb2,1.0313411068633882,0.3006458794569402,0.18,-0.4948163517019089
1777027942.1602018,tb1,-0.18447052120816296,0.06711295511508701,0.18,-0.19450712381614693
1777027942.164392,tb7,0.4225674820470478,-0.36356163468457114,0.18,-0.24117792743691632
1777027942.169649,tb3,0.24086289933881191,0.7351178915013239,0.18,-0.2855085221637809
1777027942.2030382,tb2,1.0313411068633882,0.3006458794569402,0.18,-0.4996392849954527
1777027942.210934,tb1,-0.18643191037400153,0.07598597086561941,0.18,-0.18823041335754162
1777027942.2143292,tb7,0.4135601552148375,-0.36220876612908126,0.18,-0.2393503386252443
1777027942.2194436,tb3,0.2487023614359762,0.7397930122607688,0.18,-0.2880003106196255
1777027942.252977,tb2,1.0319599850018844,0.2914447015781799,0.18,-0.49745745291621923
1777027942.2604125,tb1,-0.18643191037400153,0.07598597086561941,0.18,-0.19248927983880923
1777027942.2644413,tb7,0.4135601552148375,-0.36220876612908126,0.18000000000000002,-0.2387279589954665
1777027942.2695062,tb3,0.2566090547961815,0.7443560971148365,0.18,-0.29047741110370856
1777027942.3030708,tb2,1.0323498644631117,0.2822291779577852,0.18,-0.4944972918499866
1777027942.310334,tb1,-0.18830771692556095,0.08487481393752654,0.18,-0.19341642908277207
1777027942.3143866,tb7,0.40457068745189406,-0.3607478780250518,0.18,-0.23693437669060297
1777027942.319525,tb3,0.2566090547961815,0.7443560971148365,0.17999999999999997,-0.28940254024239537
1777027942.3529677,tb2,1.0325101564463726,0.2730080037665581,0.18,-0.4914254905153476
1777027942.360274,tb1,-0.1900990669103565,0.09378289241849985,0.18,-0.1940116037382225
1777027942.3642573,tb7,0.39559972915314656,-0.35917972706350165,0.18,-0.2351114703569248
1777027942.3694558,tb3,0.2645819094077248,0.7488050346216106,0.18,-0.2919442191513508
1777027942.4029562,tb2,1.032442250220377,0.26378716600032176,0.18,-0.4883227719909385
1777027942.4101465,tb1,-0.19180438298921523,0.10270825796945829,0.18,-0.1945687968866558
1777027942.4142737,tb7,0.3866488987352516,-0.35750528230101847,0.18,-0.23335906976145052
1777027942.4194975,tb3,0.2726181710486159,0.7531377997057248,0.18,-0.29481527444038186
1777027942.4530215,tb2,1.0321477794859142,0.2545722199913439,0.18,-0.485171337056866
1777027942.4602332,tb1,-0.1934231417548275,0.11165000413609989,0.18,-0.1951065094404638
1777027942.464405,tb7,0.37771924382631666,-0.35572566253585036,0.18,-0.23167285908868235
1777027942.469679,tb3,0.280717677059452,0.7573537586788847,0.18,-0.29770965039795383
1777027942.503003,tb2,1.0316285162078527,0.2453687197480556,0.18,-0.48196647728924197
1777027942.5101948,tb1,-0.1949549149537819,0.12060734158663494,0.18,-0.19564171091824292
1777027942.5143,tb7,0.3688118484422165,-0.3538419809609172,0.18,-0.2300680180252793
1777027942.5194695,tb3,0.2888795413581213,0.7614509091788684,0.18,-0.30059097534427837
1777027942.5530016,tb2,1.030886484692058,0.23618212703250727,0.18,-0.4787377202968574
1777027942.560217,tb1,-0.1963992777524202,0.12957945665155823,0.18,-0.19616983155406703
1777027942.5643818,tb7,0.359927682631092,-0.3518553499669032,0.18,-0.22852909775270805
1777027942.5695145,tb3,0.2971026506536026,0.765426983663896,0.18,-0.3034556908939506
1777027942.6030126,tb2,1.0299238266099129,0.22701759372906327,0.18,-0.4754628492959869
1777027942.6103935,tb1,-0.19775582304115533,0.13856552883132683,0.18,-0.1966897713922374
1777027942.61429,tb7,0.3510676988073148,-0.3497668268748974,0.18,-0.22705401944139028
1777027942.619483,tb3,0.3053857899174741,0.7692797380406466,0.18,-0.3063214798222051
1777027942.6529217,tb2,1.0287427574803265,0.21788020286723345,0.18,-0.44714785115310635
1777027942.6602175,tb1,-0.19902415513000318,0.14756473599466893,0.18,-0.19722688125861776
1777027942.6643088,tb7,0.3422328607834576,-0.3475774456214266,0.18,-0.22563653247423432
1777027942.6695902,tb3,0.3137277150910809,0.7730069623202418,0.18,-0.30918523787473756
1777027942.7030818,tb2,1.0287427574803265,0.21788020286723345,0.18,-0.47663720028688805
1777027942.7101605,tb1,-0.20020387768383308,0.15657626186185794,0.18,-0.1977547590459609
1777027942.7142482,tb7,0.33342411855439813,-0.3452882423512655,0.18,-0.22427628701392646
1777027942.7194543,tb3,0.3221271565192191,0.77660641237654,0.18,-0.3120345777098726
1777027942.7531517,tb2,1.02735270667804,0.20878406864207888,0.18,-0.47560608276272887
1777027942.760246,tb1,-0.20020387768383308,0.15657626186185794,0.18,-0.19541486505810343
1777027942.7645473,tb7,0.32464235665041064,-0.3429002034168594,0.18,-0.2185336303982922
1777027942.769493,tb3,0.33058266398074854,0.7800758158334897,0.18,-0.3149077110096613
1777027942.802999,tb2,1.0257498923512178,0.19971097213703193,0.18,-0.47132402241891114
1777027942.8105173,tb1,-0.2012946004677887,0.1655992553689996,0.18,-0.1959377744808049
1777027942.814417,tb7,0.32464235665041064,-0.3429002034168594,0.18,-0.2219094217425232
1777027942.8196027,tb3,0.33058266398074854,0.7800758158334897,0.18,-0.3142929453068901
1777027942.8530173,tb2,1.0239318794264007,0.1906794572866376,0.18,-0.4668260936292557
1777027942.860136,tb1,-0.20229648972329983,0.17463153632168701,0.18,-0.19675991421947306
1777027942.864303,tb7,0.3158899203553843,-0.3404156512576748,0.18,-0.22100701566629935
1777027942.8696053,tb3,0.3390927597797437,0.7834129520343817,0.18,-0.3172364660414866
1777027942.903031,tb2,1.0219017013831104,0.18169549511668828,0.18,-0.4624023245129809
1777027942.9101572,tb1,-0.2032099404156641,0.1836734879147839,0.18,-0.19756320574474673
1777027942.9143343,tb7,0.30716425763478966,-0.33783443165233834,0.18,-0.21975094944243867
1777027942.9195476,tb3,0.3476543083477036,0.7866158238848695,0.18,-0.320496175690981
1777027942.95306,tb2,1.019662792353685,0.17276349035630312,0.18,-0.45804669521377367
1777027942.9603145,tb1,-0.2040345000997726,0.19272437541774426,0.18,-0.19834083943202876
1777027942.9642746,tb7,0.2984681388227385,-0.3351569880251121,0.18,-0.21851495851549232
1777027942.9695904,tb3,0.3562667657166911,0.7896834675779385,0.18,-0.3237743960134829
1777027943.0029511,tb2,1.0172185950901653,0.16388766719263773,0.18,-0.45373748225718663
1777027943.0103984,tb1,-0.2047696841699471,0.20178334602675857,0.18,-0.19910664109942006
1777027943.0143697,tb7,0.28980257259723574,-0.3323842384012438,0.18,-0.2173240283432976
1777027943.01964,tb3,0.36492862663819137,0.7926136395618261,0.18,-0.3270478502038026
1777027943.0534632,tb2,1.0145725868218642,0.1550720878070693,0.18,-0.4495300434365321
1777027943.0602987,tb1,-0.20541503119661067,0.21084952719248612,0.18,-0.1998710470172452
1777027943.064985,tb7,0.28116838774719954,-0.3295170982969295,0.18,-0.21616597638816568
1777027943.0698493,tb3,0.37363816763548935,0.7954039986322644,0.18,-0.3303252895624122
1777027943.1031418,tb2,1.011728308218394,0.14632066403458568,0.18,-0.4453057529994719
1777027943.1105661,tb1,-0.2059700929305297,0.21992206137485415,0.18,-0.20060824281871958
1777027943.1143856,tb7,0.27256642112815244,-0.3265564796855525,0.18,-0.2150875538884072
1777027943.1196175,tb3,0.3823936870995811,0.7980522337466238,0.18,-0.3335964829328197
1777027943.1529267,tb2,1.0086894240910098,0.1376371809215002,0.18,-0.42738521666709484
1777027943.1602273,tb1,-0.20643441544746347,0.22900007403965392,0.18,-0.2013641223719241
1777027943.16429,tb7,0.2639974824344612,-0.32350330818497364,0.18,-0.21404843979725083
1777027943.1696177,tb3,0.39119336341934224,0.8005559440922224,0.18,-0.33685574724431394
1777027943.2030044,tb2,1.0086894240910098,0.1376371809215002,0.18,-0.4450671884831413
1777027943.2102568,tb1,-0.2068075637112023,0.23808266179276327,0.18,-0.20209596364132917
1777027943.2142217,tb7,0.2554623122925359,-0.32035844296056437,0.18,-0.21304496973467124
1777027943.219466,tb3,0.4000351518433512,0.8029127532610207,0.18,-0.3401219176277043
1777027943.253059,tb2,1.005464461448788,0.12902958165839562,0.18,-0.44230583227896014
1777027943.2602704,tb1,-0.20708912839635607,0.2471688994953057,0.18,-0.19537796055435033
1777027943.2642667,tb7,0.24696168728062406,-0.3171227153548662,0.18,-0.2120805574869957
1777027943.2695017,tb3,0.40891695730006455,0.8051203931867906,0.18,-0.3434241053531039
1777027943.3030329,tb2,1.0020495954155135,0.12048744199500913,0.18,-0.43733595024711386
1777027943.3101509,tb1,-0.20708912839635607,0.2471688994953057,0.18,-0.20054161659898695
1777027943.3142188,tb7,0.23849638684545804,-0.31379695362703897,0.18,-0.2111509215253162
1777027943.3194976,tb3,0.41783666852413265,0.8071766168301316,0.18,-0.3467430348515766
1777027943.3530483,tb2,0.9984467805823553,0.1120244579379212,0.18,-0.432272810904895
1777027943.3602579,tb1,-0.20728021735585964,0.256254698781035,0.18,-0.20193784058247058
1777027943.3643222,tb7,0.23849638684545804,-0.31379695362703897,0.18,-0.2097225493261757
1777027943.3694859,tb3,0.42679205688689814,0.8090791670998817,0.18,-0.35008459970374717
1777027943.403125,tb2,0.994660077664713,0.10364473788327176,0.18,-0.4273339995199608
1777027943.4102793,tb1,-0.2073813360407758,0.26534412685464603,0.18,-0.20296146726175732
1777027943.4143534,tb7,0.23006716657481,-0.3103819602321988,0.18,-0.20879431707280982
1777027943.419581,tb3,0.42679205688689814,0.8090791670998817,0.18,-0.3502140328429068
1777027943.4529583,tb2,0.9906937610154243,0.09535136838102509,0.18,-0.42254619521483583
1777027943.4601834,tb1,-0.20739091926481823,0.274434789685425,0.18,-0.2039286489002392
1777027943.464276,tb7,0.2216750114100149,-0.30687876787554813,0.18,-0.207968277448399
1777027943.4695206,tb3,0.43578077000553817,0.8108258251527436,0.18,-0.3536614531047296
1777027943.5030878,tb2,0.9865520389299622,0.08714688140746474,0.18,-0.4179125181213441
1777027943.5101752,tb1,-0.20730835767788058,0.28352557040088233,0.18,-0.20487036020812135
1777027943.5142992,tb7,0.2133203326083623,-0.30328820703381015,0.18,-0.20717489571830325
1777027943.5196981,tb3,0.4447990417276711,0.8124148955357248,0.18,-0.357407028308512
1777027943.5530849,tb2,0.9822390178480523,0.0790337651031783,0.18,-0.41338930788830036
1777027943.560615,tb1,-0.20713316294165618,0.29261550995995783,0.18,-0.20577645162067862
1777027943.564405,tb7,0.2050038441811951,-0.2996110500506396,0.18,-0.20641146438390556
1777027943.5696301,tb3,0.4538456263589963,0.8138450472374991,0.18,-0.36116142575303983
1777027943.6029272,tb2,0.9777587800005392,0.07101440281609729,0.18,-0.40897304122211614
1777027943.6101875,tb1,-0.20686486435405815,0.3017036424408253,0.18,-0.20671020762594475
1777027943.6143093,tb7,0.19672627097144274,-0.2958480744506821,0.18,-0.2056886794627343
1777027943.619519,tb3,0.4629181677323713,0.8151139408551958,0.18,-0.36488906799556564
1777027943.652954,tb2,0.9731152114843259,0.0630909464360103,0.18,-0.40464832653074917
1777027943.6603403,tb1,-0.2065030255486691,0.3107889693096124,0.18,-0.2076135575161167
1777027943.664407,tb7,0.18848828882606916,-0.29200001667997755,0.18,-0.2049852408563108
1777027943.6695418,tb3,0.4720138529667421,0.8162191881646439,0.18,-0.3686313394533487
1777027943.7030315,tb2,0.9683121180562106,0.05526554067881872,0.18,-0.4003898499382742
1777027943.710221,tb1,-0.20604723537805236,0.3198704948620457,0.18,-0.2085291731099983
1777027943.7144105,tb7,0.18029061065399005,-0.28806759638688495,0.18,-0.20430946681491038
1777027943.7196722,tb3,0.4811299079350995,0.8171585937521166,0.18,-0.3723927358954699
1777027943.7530558,tb2,0.9683121180562106,0.05526554067881872,0.18,-0.40347348364281366
1777027943.7603376,tb1,-0.20549706485035793,0.3289472663851658,0.18,-0.20942654078569836
1777027943.7642992,tb7,0.1721339652781513,-0.2840515659730304,0.18,-0.20367008330296543
1777027943.7694502,tb3,0.4902637133823783,0.8179298857954423,0.18,-0.37611743749586524
1777027943.8030176,tb2,0.9633534430531231,0.04754026541129638,0.18,-0.3992063315684268
1777027943.8103485,tb1,-0.20549706485035793,0.3289472663851658,0.18,-0.2071940352832417
1777027943.814242,tb7,0.16401902592642317,-0.2799526648761508,0.18,-0.20306106596678972
1777027943.819516,tb3,0.4994122267662958,0.8185307005288652,0.18,-0.37983585204989473
1777027943.8530486,tb2,0.958240011006956,0.039915544174254046,0.18,-0.3943510426155239
1777027943.8603735,tb1,-0.20485207605160777,0.3380182628077237,0.18,-0.208100572903042
1777027943.8643427,tb7,0.16401902592642317,-0.2799526648761508,0.18,-0.2013661850757686
1777027943.8699322,tb3,0.508572210826418,0.8189588929541991,0.18,-0.37102264464797396
1777027943.903084,tb2,0.9529761214640048,0.032396497210377545,0.18,-0.38959026203240754
1777027943.9102745,tb1,-0.20411271702677014,0.3470811447150736,0.18,-0.20929625736617455
1777027943.9143248,tb7,0.15594647702087366,-0.2757715956160344,0.18,-0.20075716787361278
1777027943.919588,tb3,0.508572210826418,0.8189588929541991,0.18,-0.3844868578451432
1777027943.9529917,tb2,0.9475661088587316,0.024984995465605564,0.18,-0.3850069535871847
1777027943.9601927,tb1,-0.20327918378714957,0.35613634013103984,0.18,-0.21048174123509367
1777027943.9643006,tb7,0.14791730090673255,-0.2715095466207133,0.18,-0.20028313112588325
1777027943.9695325,tb3,0.5177357354727293,0.8192148877572699,0.18,-0.3893387974929783
1777027944.0030916,tb2,0.9420140118483136,0.017682172371926555,0.18,-0.38057823118508616
1777027944.0102735,tb1,-0.2023509827858591,0.36518288067257776,0.18,-0.21164619343184737
1777027944.014314,tb7,0.1399315835314794,-0.26716717957526925,0.18,-0.19983244187908278
1777027944.0195506,tb3,0.5269080835519759,0.8192970832969517,0.18,-0.3933872435211469
1777027944.053049,tb2,0.9363238364670945,0.01048929624684292,0.18,-0.3762857914946062
1777027944.0603333,tb1,-0.2013276238675057,0.3742197462295826,0.18,-0.21279019474168573
1777027944.0644069,tb7,0.13198997682575375,-0.2627451371873335,0.18,-0.1993968711535666
1777027944.0695515,tb3,0.5360825967871614,0.8192013660710786,0.18,-0.39734425629054204
1777027944.1029024,tb2,0.9304995734900946,0.0034074781637586614,0.18,-0.3721365772796688
1777027944.1101155,tb1,-0.20020859782294315,0.3832458692535296,0.18,-0.21392498798865625
1777027944.1142535,tb7,0.12409315688155594,-0.258244076745635,0.18,-0.19899033710147934
1777027944.119484,tb3,0.5452555810725314,0.8189254462253214,0.18,-0.4012455197804081
1777027944.1529148,tb2,0.924544843756329,-0.003562381762618437,0.18,-0.36808664501721583
1777027944.1602392,tb1,-0.19899345140554972,0.3922601010347283,0.18,-0.2150378795622481
1777027944.1643207,tb7,0.1162417650575191,-0.25366462228418224,0.18,-0.1985895531450522
1777027944.1697226,tb3,0.554423103923761,0.8184673012802222,0.18,-0.40516338178089506
1777027944.2030275,tb2,0.924544843756329,-0.003562381762618437,0.18,-0.3704841457010217
1777027944.2101865,tb1,-0.19768176259980044,0.40126133934628816,0.18,-0.21615323302654516
1777027944.214279,tb7,0.10843647956555602,-0.24900740600142776,0.18,-0.19820921703294464
1777027944.2194505,tb3,0.5635814716901184,0.8178251301179935,0.18,-0.4090601781125003
1777027944.2529519,tb2,0.9184633107032365,-0.010419248702781003,0.18,-0.3664390827749744
1777027944.2601173,tb1,-0.1962730850567783,0.41024849650615514,0.18,-0.2172594738499882
1777027944.264216,tb7,0.10067796253499732,-0.24427306627948916,0.18,-0.1978493097487833
1777027944.269503,tb3,0.572726942316237,0.816997061497475,0.18,-0.41293118262957856
1777027944.3029616,tb2,0.912255715991953,-0.01716316945366077,0.18,-0.3618798531298978
1777027944.310194,tb1,-0.1962730850567783,0.41024849650615514,0.18,-0.21511820269417953
1777027944.3142433,tb7,0.09296685640589554,-0.2394622116406628,0.18,-0.19749957345130298
1777027944.3194878,tb3,0.581855307119884,0.8159814522140535,0.18,-0.41680600591167066
1777027944.3530931,tb2,0.9059264017873392,-0.02379034324443157,0.18,-0.3574124634611745
1777027944.3602614,tb1,-0.19476705018570106,0.4192203757272079,0.18,-0.21623486137075326
1777027944.364411,tb7,0.09296685640589554,-0.2394622116406628,0.18,-0.19558722650025426
1777027944.369707,tb3,0.5909625060464151,0.8147767854057699,0.18,-0.39005006691489674
1777027944.4031165,tb2,0.8994793228706909,-0.03029980423400531,0.18,-0.35311516822478567
1777027944.4102244,tb1,-0.1931642716463287,0.4281746141289756,0.18,-0.2176463217356991
1777027944.4143114,tb7,0.08530386296221552,-0.23457548996604669,0.18,-0.19524586854035952
1777027944.419521,tb3,0.5909625060464151,0.8147767854057699,0.18,-0.4225372116735763
1777027944.4530544,tb2,0.8929182088504832,-0.036691191613975334,0.18,-0.34896097774230395
1777027944.4601595,tb1,-0.1914648401952362,0.4371115828528157,0.18,-0.21904596528151168
1777027944.4642959,tb7,0.077689927376189,-0.2296142167106834,0.18,-0.19505911350562727
1777027944.4696448,tb3,0.6000330308879782,0.8133900378206076,0.18,-0.4292477834338006
1777027944.5029535,tb2,0.8862466631888906,-0.042964169840613964,0.18,-0.3449623044177606
1777027944.5102587,tb1,-0.18966827221086724,0.4460302276970246,0.18,-0.22042448736278414
1777027944.514304,tb7,0.07012494201501587,-0.22457889267417291,0.18,-0.19489241149312567
1777027944.5195148,tb3,0.6090870047310052,0.8118160616168362,0.18,-0.43330823315630923
1777027944.5529127,tb2,0.8794682636300734,-0.04911843379605212,0.18000000000000002,-0.3411154418984869
1777027944.5602727,tb1,-0.18777406592601129,0.4549293739805779,0.18,-0.22178106193577932
1777027944.5642402,tb7,0.06260950965490382,-0.219470064683162,0.18,-0.1947345158884022
1777027944.569546,tb3,0.6181083798716903,0.8100485916562871,0.18,-0.43707272194729163
1777027944.602966,tb2,0.872586238633844,-0.05515383410762871,0.18,-0.3373660803264581
1777027944.6103933,tb1,-0.185781772195316,0.463807729540828,0.18,-0.22312432728355092
1777027944.6143787,tb7,0.05514428403152543,-0.2142882821537789,0.18,-0.19457281585157904
1777027944.6196513,tb3,0.6270912415699359,0.8080860926499145,0.18,-0.44080841345177085
1777027944.6530185,tb2,0.8656038504767453,-0.061070056051285126,0.18,-0.33371041137587204
1777027944.6602514,tb1,-0.18369097604475737,0.4726640772566349,0.18,-0.2244685009133023
1777027944.6643305,tb7,0.04772992964124876,-0.20903410197510167,0.18,-0.19442481695677857
1777027944.6695676,tb3,0.6360309012600043,0.805927600171713,0.18,-0.44450204981072444
1777027944.7030303,tb2,0.858524400647256,-0.06686686528124948,0.18,-0.3301639958661292
1777027944.710138,tb1,-0.181501265079797,0.48149717125711633,0.18,-0.22580196857772958
1777027944.7142477,tb7,0.040367101791699285,-0.20370808852206837,0.18,-0.19428630605081626
1777027944.7194767,tb3,0.6449226423974453,0.8035722149224325,0.18,-0.4481408602056824
1777027944.7530181,tb2,0.8513509193445672,-0.07254416861706157,0.18,-0.32669772184117124
1777027944.7602286,tb1,-0.1792122551983302,0.4903057238209619,0.18,-0.22712320023687066
1777027944.7642722,tb7,0.033056444954333866,-0.19831080000727724,0.18,-0.1941510687551731
1777027944.7695456,tb3,0.6537614912792666,0.80101924417416,0.18,-0.45175054160677
1777027944.8033667,tb2,0.844086470458295,-0.07810183079812452,0.18,-0.29704811197487974
1777027944.8101609,tb1,-0.1768236012700716,0.499088431337928,0.18,-0.22845293717136897
1777027944.8142488,tb7,0.02579860665538637,-0.19284279913650457,0.18,-0.1940265029569587
1777027944.8195248,tb3,0.6625425053264046,0.7982681822631228,0.18,-0.4553108336731549
1777027944.8530006,tb2,0.844086470458295,-0.07810183079812452,0.18,-0.3247298840861043
1777027944.8601823,tb1,-0.1743349911530431,0.5078439844390984,0.18,-0.2297813640412961
1777027944.8642902,tb7,0.018594228217425186,-0.18730464941213457,0.18,-0.19390279918218511
1777027944.8695304,tb3,0.6712606604558348,0.7953186765533342,0.18,-0.4588036467100443
1777027944.9030986,tb2,0.8367464119142569,-0.08353768849957423,0.18,-0.32388994423481515
1777027944.9102776,tb1,-0.1743349911530431,0.5078439844390984,0.18,-0.22779802119112685
1777027944.9144511,tb7,0.018594228217425186,-0.18730464941213457,0.18,-0.19180618650904258
1777027944.9194627,tb3,0.6799108704969027,0.7921705091809537,0.18,-0.46224648178086036
1777027944.9531026,tb2,0.8293130117468902,-0.08886545829377807,0.18,-0.3201070184936428
1777027944.9601567,tb1,-0.17174612609423567,0.5165710164488353,0.18,-0.22917379986912595
1777027944.964382,tb7,0.01144396468704395,-0.18169693372045573,0.18,-0.191695553023951
1777027944.9695919,tb3,0.6799108704969027,0.7921705091809537,0.18,-0.4652761530087149
1777027945.0028868,tb2,0.8217949924300472,-0.09407166341061914,0.18,-0.3162239049335512
1777027945.010377,tb1,-0.16905786059239164,0.5252672661861318,0.18,-0.23081006209263635
1777027945.0143068,tb7,0.0043488135366873855,-0.1760211465411884,0.18,-0.19178525471791405
1777027945.0194845,tb3,0.6884880660600106,0.7888234348711727,0.18,-0.4687096921460117
1777027945.053316,tb2,0.8141961020965887,-0.09915565541805466,0.18,-0.31251052718543915
1777027945.060438,tb1,-0.16627005272099862,0.5339328675108882,0.18000000000000002,-0.23244754159931172
1777027945.0647275,tb7,-0.00269157195848078,-0.1702776222993544,0.18,-0.19186307146571308
1777027945.0700374,tb3,0.6969868074917995,0.785277707198777,0.18,-0.47210396830433693
1777027945.1029391,tb2,0.8065192077671152,-0.10411787194052155,0.18,-0.3088991863455972
1777027945.1102862,tb1,-0.16338230297276007,0.542566482777166,0.18,-0.2340805144963636
1777027945.1142604,tb7,-0.009676596137169159,-0.16446683308167678,0.18,-0.1919736613973856
1777027945.1195583,tb3,0.7054018130205516,0.7815336616053457,0.18,-0.475334223905516
1777027945.1529703,tb2,0.7987673105387552,-0.10895861653751694,0.18,-0.30544388945694906
1777027945.1601224,tb1,-0.16039421270129853,0.5511667393365882,0.18,-0.23569477270122224
1777027945.1642416,tb7,-0.016605593288796988,-0.15858927877449652,0.18,-0.19206064135274525
1777027945.1694841,tb3,0.7137278197103887,0.7775917340451652,0.18,-0.47845507093658324
1777027945.203056,tb2,0.7909431906982094,-0.11367838389264147,0.18,-0.30211807059071644
1777027945.2104232,tb1,-0.1573053938838391,0.5597321858739523,0.18,-0.2372762517400022
1777027945.2143223,tb7,-0.023477895032174054,-0.15264545843956775,0.18,-0.19213952137189394
1777027945.2195532,tb3,0.7219592944159012,0.7734525957836325,0.18,-0.4814613598554243
1777027945.2529302,tb2,0.7830494708569072,-0.11827762687943698,0.18,-0.2988919284456068
1777027945.2601862,tb1,-0.15411550851658934,0.5682613343402404,0.18,-0.2388711313472595
1777027945.2643058,tb7,-0.0302928322505419,-0.14663589057647666,0.18,-0.19222209466805334
1777027945.2695765,tb3,0.7300907944393428,0.7691171323128748,0.18,-0.4843260548795475
1777027945.3029983,tb2,0.7750888200575304,-0.12275675863484577,0.18,-0.2957781171640389
1777027945.3101196,tb1,-0.15082425181059675,0.576752705946253,0.18000000000000002,-0.24045597943308752
1777027945.3143554,tb7,-0.03704974763472298,-0.14056110086517287,0.18,-0.19230323560587395
1777027945.3196006,tb3,0.7381167923143116,0.7645865044650881,0.18,-0.48705757037725567
1777027945.3529801,tb2,0.7750888200575304,-0.12275675863484577,0.18,-0.29652913670784425
1777027945.3601205,tb1,-0.14743130863272688,0.5852048190707335,0.18,-0.24203187832069187
1777027945.3642654,tb7,-0.04374799098223077,-0.1344216174195765,0.18,-0.1923930569005727
1777027945.3695295,tb3,0.746031864970793,0.7598620323745711,0.18,-0.48962462744743995
1777027945.4030154,tb2,0.7670637832628916,-0.12711625173750088,0.18000000000000002,-0.29344814615976506
1777027945.410387,tb1,-0.14393644785734025,0.5936161139319076,0.18,-0.23436380172842894
1777027945.4142952,tb7,-0.050386915191208095,-0.12821797622443862,0.18,-0.19248224234487038
1777027945.4194827,tb3,0.753830476428206,0.7549453641520774,0.18,-0.49205002473335924
1777027945.4529521,tb2,0.7589749476740902,-0.1313565031663812,0.18,-0.2900952785373707
1777027945.4601624,tb1,-0.14393644785734025,0.5936161139319076,0.18000000000000002,-0.24182919173917305
1777027945.4641912,tb7,-0.056965876683904446,-0.12195071643521875,0.18,-0.17313958840897725
1777027945.4695027,tb3,0.7615072256164523,0.7498383228352444,0.18,-0.4943124368203892
1777027945.5030239,tb2,0.7508259022709542,-0.1354764441434461,0.18000000000000002,-0.286850778636123
1777027945.5102613,tb1,-0.14034281325621467,0.6019823326207339,0.18000000000000002,-0.24423305224106573
1777027945.5143716,tb7,-0.056965876683904446,-0.12195071643521875,0.18,-0.1903354154214122
1777027945.519545,tb3,0.7690566884460927,0.7445430385203208,0.18,-0.4964136103706427
1777027945.5529392,tb2,0.7426191565442295,-0.1394766740120045,0.18,-0.2837132597602936
1777027945.5603848,tb1,-0.13664836651135326,0.6103079832060017,0.18000000000000002,-0.24614073489942398
1777027945.5643082,tb7,-0.06348119193859192,-0.11562925887334868,0.18,-0.19221826705528103
1777027945.569626,tb3,0.7690566884460927,0.7445430385203208,0.18,-0.5006009363931218
1777027945.6030245,tb2,0.7343571705647762,-0.1433578054707365,0.18,-0.2807173793432164
1777027945.6102421,tb1,-0.1328524371802973,0.6185891171731496,0.18,-0.24799820245008913
1777027945.614309,tb7,-0.06994398119708382,-0.10924349092343034,0.18,-0.19252443410045766
1777027945.6195416,tb3,0.7764736012244328,0.7390618166119329,0.18,-0.5025994398676638
1777027945.6529593,tb2,0.7260423015485908,-0.14712055855905254,0.18000000000000002,-0.2778464093775149
1777027945.6602323,tb1,-0.12895468651654315,0.6268238682482862,0.18,-0.24982911634062321
1777027945.6643448,tb7,-0.07634586657694789,-0.10279557538741756,0.18,-0.19268282037785295
1777027945.6695054,tb3,0.7837530943130689,0.7333961346857998,0.18,-0.504179374029136
1777027945.7029424,tb2,0.7176767388774421,-0.15076566291413826,0.18,-0.2750768127040353
1777027945.7101693,tb1,-0.12495485073694287,0.6350105159900968,0.18000000000000002,-0.25165309377417283
1777027945.7142801,tb7,-0.08268550338333297,-0.09628626547484936,0.18,-0.19283821628509665
1777027945.719558,tb3,0.790888857508673,0.7275489766143352,0.18,-0.5055577306903847
1777027945.7529652,tb2,0.7092626425219348,-0.15429377109653497,0.18,-0.27239966249803305
1777027945.760172,tb1,-0.12085271650778291,0.6431473770553917,0.18,-0.2534710478510293
1777027945.7642694,tb7,-0.0889621945843337,-0.08971613285249178,0.18,-0.1929965082071552
1777027945.7695854,tb3,0.7978756423673176,0.7215234632795753,0.18,-0.5067463094376593
1777027945.8029084,tb2,0.7008021707008559,-0.15770553914018792,0.18,-0.26981841544367285
1777027945.8101525,tb1,-0.11664807185951927,0.6512327734904242,0.18,-0.25528288473425975
1777027945.8143642,tb7,-0.09517530099117828,-0.08308573054529388,0.18,-0.19315623480665195
1777027945.8194997,tb3,0.8047084428502499,0.7153229219456407,0.18,-0.5077323968165015
1777027945.8529267,tb2,0.6922973207567483,-0.16100163675801787,0.18,-0.26731610612805895
1777027945.860235,tb1,-0.11234077193233996,0.6592649491899095,0.18,-0.25709518788758073
1777027945.864358,tb7,-0.10132418379996702,-0.07639562289106262,0.18,-0.19332895422139426
1777027945.8695972,tb3,0.8113823705479793,0.7089509230106346,0.18,-0.5085437343428658
1777027945.902877,tb2,0.683750074662271,-0.1641826890518059,0.17999999999999997,-0.2648870488940339
1777027945.9101722,tb1,-0.10793070553350857,0.6672421657619743,0.18,-0.2589191973019129
1777027945.9146078,tb7,-0.10740821422843151,-0.06964637272178155,0.18,-0.19349818860837967
1777027945.9195974,tb3,0.8178927046987075,0.7024112473217178,0.18,-0.5091503997958713
1777027945.952933,tb2,0.683750074662271,-0.1641826890518059,0.18,-0.2649332688425157
1777027945.9601293,tb1,-0.10341779045069936,0.6751626669506796,0.18,-0.2607519164977359
1777027945.9643085,tb7,-0.11342675950920149,-0.06283855457563359,0.18,-0.19370286428397476
1777027945.969484,tb3,0.8242348684648436,0.6957079052160915,0.18,-0.5095520477631603
1777027946.0030892,tb2,0.6751623635259588,-0.1672493175129178,0.18,-0.2625160360871086
1777027946.0102038,tb1,-0.10341779045069936,0.6751626669506796,0.18,-0.25922454274671636
1777027946.014352,tb7,-0.11937919782372326,-0.05597273976995335,0.18,-0.1939016139311482
1777027946.0196362,tb3,0.8304044708592534,0.6888451088220089,0.18,-0.5097854248324911
1777027946.0530465,tb2,0.6665349139222515,-0.1702018949528638,0.17999999999999997,-0.25994102126249974
1777027946.0602586,tb1,-0.09880199472241102,0.6830246663524582,0.18,-0.2610994564988996
1777027946.064432,tb7,-0.11937919782372326,-0.05597273976995335,0.18,-0.1915814909707278
1777027946.0695527,tb3,0.8304044708592534,0.6888451088220089,0.18,-0.5145669983654834
1777027946.1030118,tb2,0.6578706195714781,-0.17304021996342417,0.18,-0.25747869926302935
1777027946.1101856,tb1,-0.09408459752557274,0.6908256340473012,0.18,-0.2632649557219318
1777027946.114264,tb7,-0.12526481488622998,-0.049049612379957926,0.18,-0.19182127684121383
1777027946.119503,tb3,0.8363973612472037,0.6818271698891969,0.18,-0.5145965915480866
1777027946.153028,tb2,0.6491713635251587,-0.17576519075957978,0.18,-0.25512311055405607
1777027946.16013,tb1,-0.08926542562008655,0.6985653039356968,0.18,-0.2654297511201646
1777027946.164487,tb7,-0.1310830044828712,-0.042070847617025786,0.18,-0.1922594335066928
1777027946.1695342,tb3,0.8422097903981425,0.6746563876807956,0.18,-0.5139444017914143
1777027946.2029562,tb2,0.6404388227137456,-0.17837761591159948,0.18,-0.2528414932895384
1777027946.2101946,tb1,-0.08434437074632176,0.7062417960748433,0.18,-0.26758888836258016
1777027946.214331,tb7,-0.13683409597491392,-0.03503650906396569,0.18,-0.1927200568485251
1777027946.2195451,tb3,0.8478357962431876,0.6673384814884492,0.18,-0.5130763070698438
1777027946.253061,tb2,0.6316747408243757,-0.1808781842551461,0.18,-0.2506313411057533
1777027946.260141,tb1,-0.07932138610602572,0.7138532134589333,0.18,-0.26974873804431515
1777027946.2643042,tb7,-0.14251746264501577,-0.027947063577655265,0.18,-0.19316400547521462
1777027946.2694952,tb3,0.853271646684445,0.659878669398233,0.18,-0.5120395903060372
1777027946.3029537,tb2,0.6228809180654232,-0.18326763100018711,0.18,-0.24851249189301913
1777027946.3102036,tb1,-0.07419636717594234,0.7213976621904051,0.18,-0.27188653327164053
1777027946.3145006,tb7,-0.14813240547280143,-0.020803008568081344,0.18,-0.19358488304222995
1777027946.3195875,tb3,0.8585140459028192,0.6522822276097502,0.18,-0.5108617272752467
1777027946.3529904,tb2,0.6140588750272348,-0.18554669291064552,0.18000000000000002,-0.2464505485863772
1777027946.3601985,tb1,-0.06896936794214083,0.7288730623053421,0.18,-0.27403233460459836
1777027946.3643146,tb7,-0.15367820697986206,-0.013604884628755549,0.18,-0.19401724531278133
1777027946.3696737,tb3,0.8635599613975724,0.6445545235343723,0.18,-0.5095272021142615
1777027946.4030907,tb2,0.6140588750272348,-0.18554669291064552,0.18,-0.24605061027016398
1777027946.4102328,tb1,-0.06364035934908957,0.7362774612311832,0.18,-0.2761673300368469
1777027946.414391,tb7,-0.1591541780562798,-0.006353221357521728,0.18,-0.1944302324994675
1777027946.419527,tb3,0.8684065829598288,0.6367010381510584,0.18,-0.5080170989898782
1777027946.4530048,tb2,0.605210335004051,-0.1877160843098299,0.18,-0.2440185951833174
1777027946.4600499,tb1,-0.05820950697161214,0.7436087518959058,0.18,-0.2783226261585931
1777027946.4642565,tb7,-0.16455961997585722,0.0009514133725267184,0.18,-0.19485207489878872
1777027946.4694815,tb3,0.8730513430714961,0.6287273153443202,0.18,-0.5063638646724088
1777027946.5031404,tb2,0.596336051843491,-0.1897762966785041,0.18,-0.24189822906327746
1777027946.5102732,tb1,-0.05820950697161214,0.7436087518959058,0.18,-0.2770967509141762
1777027946.5143864,tb7,-0.16455961997585722,0.0009514133725267184,0.18,-0.19249394505859552
1777027946.5194764,tb3,0.8774919002955937,0.6206389836993401,0.18,-0.5045628984794216
1777027946.5529907,tb2,0.5874382009242041,-0.19172749908986025,0.18,-0.2398527121654796
1777027946.5601556,tb1,-0.05267696976913444,0.7508648959815414,0.18,-0.2793059368771908
1777027946.5642464,tb7,-0.169893856811737,0.00830846262386185,0.18,-0.19291132123882299
1777027946.5695622,tb3,0.8774919002955937,0.6206389836993401,0.18,-0.5095118639047623
1777027946.6030219,tb2,0.5785183966813827,-0.19357045345734247,0.18,-0.23789245482110521
1777027946.610154,tb1,-0.04704441926210781,0.7580432867420429,0.18,-0.2818099865904534
1777027946.6142457,tb7,-0.17515602931570434,0.015715977243843153,0.18,-0.1935807027189431
1777027946.619511,tb3,0.8817261694149013,0.6124417933269792,0.18,-0.5075543200726859
1777027946.653116,tb2,0.5695780440183804,-0.19530597389999196,0.18,-0.23600142861324283
1777027946.6602209,tb1,-0.041311732409391344,0.765143350399602,0.18,-0.28433029815695643
1777027946.6644616,tb7,-0.18034668985629682,0.02317403753972239,0.18,-0.1942411600598842
1777027946.66965,tb3,0.8857521873991308,0.6041380369249016,0.18,-0.5047448059377451
1777027946.703086,tb2,0.5606185683261888,-0.196934779535217,0.18,-0.23417469155831114
1777027946.7102988,tb1,-0.03547902604006092,0.7721630289713871,0.18,-0.2868462268079168
1777027946.7144067,tb7,-0.18546518439628687,0.030682200327648283,0.18,-0.19489306636297057
1777027946.719547,tb3,0.8895654571955047,0.5957354967172731,0.18,-0.5017466538523195
1777027946.752964,tb2,0.5516413986890035,-0.19845758334424338,0.18,-0.23241511813790383
1777027946.7601595,tb1,-0.029546453423764864,0.7791001464212489,0.18,-0.28935576326426765
1777027946.764299,tb7,-0.19051075773707102,0.038239957169925475,0.18,-0.19552595819445315
1777027946.7695477,tb3,0.893164521792229,0.5872405527123907,0.18,-0.4986980357179919
1777027946.8030288,tb2,0.5426478803238088,-0.1998751025622771,0.18,-0.23071093390104266
1777027946.8102584,tb1,-0.023514251622549817,0.7859524280771675,0.18,-0.2918590588070215
1777027946.8143718,tb7,-0.1954826402982633,0.04584675336125852,0.18,-0.19613652777564683
1777027946.8195932,tb3,0.8965485510983888,0.5786591883513926,0.18,-0.49557712331826304
1777027946.8530173,tb2,0.5336393753567882,-0.20118804331554271,0.18,-0.22906920900505665
1777027946.8602772,tb1,-0.017382664052780807,0.7927176201902516,0.18,-0.29435819306632965
1777027946.8644223,tb7,-0.2003801004274765,0.05350205435390924,0.18,-0.19673211859651452
1777027946.8695283,tb3,0.8997168417802427,0.5699975226433083,0.18,-0.4924003949777314
1777027946.902942,tb2,0.5246171985178029,-0.20239712733743545,0.18,-0.2274892693511244
1777027946.9101498,tb1,-0.011151947228898618,0.7993934044707517,0.18,-0.29684971035976454
1777027946.9142423,tb7,-0.2052023860679169,0.061205300337085426,0.18,-0.19732523506732064
1777027946.919513,tb3,0.9026690657539731,0.5612615776021428,0.18,-0.4891917325372804
1777027946.953089,tb2,0.5246171985178029,-0.20239712733743545,0.18,-0.22661418377864156
1777027946.9602501,tb1,-0.004822552704957291,0.8059773799345186,0.18,-0.29935100651168134
1777027946.9643638,tb7,-0.20994875650699873,0.06895588322575806,0.18,-0.19789872535222905
1777027946.9694698,tb3,0.9054050804414234,0.5524571117848617,0.18,-0.4859086681702735
1777027947.003129,tb2,0.5155825912837719,-0.20350302584595262,0.18,-0.22504246169188158
1777027947.0107284,tb1,-0.004822552704957291,0.8059773799345186,0.18,-0.29851598317584216
1777027947.01436,tb7,-0.20994875650699873,0.06895588322575806,0.18,-0.19553665841008352
1777027947.0195374,tb3,0.9079248696474306,0.5435900725165925,0.18,-0.48259403121178823
1777027947.0531178,tb2,0.5065365514296176,-0.2045062722774279,0.18,-0.22347241904133483
1777027947.0602276,tb1,0.0016050994331248366,0.8124672106073163,0.18,-0.3010881135705307
1777027947.0646937,tb7,-0.2146184950944871,0.07675322115372173,0.18,-0.19609422398636048
1777027947.0695786,tb3,0.9102286853237993,0.5346661959536851,0.18,-0.4792261799713253
1777027947.1029358,tb2,0.49748051837460955,-0.2054073909789354,0.18,-0.22195298976337727
1777027947.1102252,tb1,0.008128913998888767,0.8188601482624327,0.18,-0.30395885305949816
1777027947.1143641,tb7,-0.2192108105055785,0.08459524706258505,0.18,-0.19695088440105693
1777027947.1195211,tb3,0.9102286853237993,0.5346661959536851,0.18,-0.48382361757411896
1777027947.152928,tb2,0.4884157042300381,-0.2062070407286703,0.18,-0.22048144690349314
1777027947.1601787,tb1,0.014748828146490523,0.8251552920855363,0.18,-0.3068568782408444
1777027947.1642897,tb7,-0.22372624279428413,0.09248208571730264,0.18,-0.19780122659029928
1777027947.1695435,tb3,0.9123168537896481,0.525691017266281,0.18,-0.48032374201859523
1777027947.2031398,tb2,0.4793432777418743,-0.2069058775930888,0.18,-0.2190564604187585
1777027947.2101486,tb1,0.021464379723728055,0.8313503247943838,0.18,-0.30975944737073136
1777027947.214308,tb7,-0.22816412478795614,0.10041329543855186,0.18,-0.19862199509209466
1777027947.219532,tb3,0.914188688031358,0.5166663260311172,0.18,-0.47591340888229683
1777027947.253075,tb2,0.47026442272657903,-0.2075045619974334,0.18,-0.2176920412215522
1777027947.2601652,tb1,0.028275074782770266,0.8374427862571417,0.18,-0.3126486833503913
1777027947.2643466,tb7,-0.23252365044917755,0.10838831772625307,0.18,-0.1994166121274967
1777027947.2695334,tb3,0.9158423027437823,0.5076009298185773,0.18,-0.4714677002000639
1777027947.303071,tb2,0.4611802553175185,-0.20800377180132346,0.18,-0.21637741715221678
1777027947.3102036,tb1,0.03518035845296429,0.8434300859115327,0.18,-0.31552414635310555
1777027947.314379,tb7,-0.23680401313257346,0.1164065768869101,0.18,-0.20018805095304645
1777027947.3195438,tb3,0.917278827258481,0.4985008925648393,0.18,-0.46709723721444174
1777027947.3529303,tb2,0.4520918418048152,-0.2084041483098186,0.18,-0.21510860032760848
1777027947.3603213,tb1,0.04217946614463805,0.8493095599653074,0.18,-0.3184135743377024
1777027947.3642938,tb7,-0.2410044051424643,0.12446744503194264,0.18,-0.20095051756256757
1777027947.3696406,tb3,0.918499857158893,0.48937159918860906,0.18,-0.4627803130628771
1777027947.403025,tb2,0.4430002542416551,-0.2087063037319371,0.18,-0.21387450024432003
1777027947.4101732,tb1,0.04927162853373838,0.8550786558136487,0.18,-0.3213193563341793
1777027947.4143984,tb7,-0.24512405794993378,0.13257029009904606,0.18,-0.20169304101353228
1777027947.4195707,tb3,0.9195069935622496,0.4802183558754714,0.18,-0.4584875622523694
1777027947.4529922,tb2,0.4430002542416551,-0.2087063037319371,0.18,-0.21264529662348258
1777027947.4601493,tb1,0.05645609786130862,0.8607347785249876,0.18,-0.32422478636188506
1777027947.4643106,tb7,-0.2491622103000719,0.14071447899726247,0.18,-0.2024341593807299
1777027947.4694767,tb3,0.9203019781774169,0.4710464186144641,0.18,-0.45424612205053355
1777027947.503,tb2,0.43390657100794994,-0.20891085792822278,0.18,-0.21142199171466416
1777027947.510275,tb1,0.06373190460153813,0.866275236466076,0.18,-0.32715101743346514
1777027947.5143445,tb7,-0.2531181040243139,0.1488993381854766,0.18,-0.20316453238089835
1777027947.5194848,tb3,0.9208866687965728,0.4618607438464503,0.18,-0.4500445830429831
1777027947.5530314,tb2,0.4248118409137916,-0.20901842600405163,0.18,-0.21024419544733008
1777027947.5601888,tb1,0.06373190460153813,0.866275236466076,0.18,-0.3268957806171449
1777027947.564682,tb7,-0.256990995779863,0.1571241965209773,0.18,-0.19724842549682592
1777027947.5694532,tb3,0.9212629975084954,0.452666254184579,0.18,-0.445876695262617
1777027947.6030445,tb2,0.41571710456395033,-0.2090295985071644,0.18,-0.20911698136649218
1777027947.6102378,tb1,0.07109801394988409,0.8716973969335061,0.18,-0.32991859086756015
1777027947.6143875,tb7,-0.256990995779863,0.1571241965209773,0.18,-0.20155597453477136
1777027947.6195357,tb3,0.9212629975084954,0.452666254184579,0.18,-0.4498739941211112
1777027947.6529777,tb2,0.40662336072120064,-0.208945009711303,0.18,-0.208037963003035
1777027947.660161,tb1,0.07855201950992283,0.876998529251473,0.18,-0.33321235119738857
1777027947.6643395,tb7,-0.26078035297129276,0.1653853781781219,0.18,-0.20284071496382755
1777027947.6696403,tb3,0.9214330052019873,0.4434676597691859,0.18,-0.4456630125043678
1777027947.7031069,tb2,0.397531556833523,-0.20876528498248795,0.18,-0.20699922740192955
1777027947.710212,tb1,0.08609347031085741,0.8821771449292588,0.18,-0.33653101454929557
1777027947.7145786,tb7,-0.26448760419903905,0.1736855879187207,0.18,-0.20383328559772287
1777027947.7195456,tb3,0.9213969126175322,0.43426622437217177,0.18,-0.4406635733931257
1777027947.7531,tb2,0.38844262797239015,-0.20849100278739224,0.18,-0.20599917052536632
1777027947.7601624,tb1,0.09372138361021959,0.887230539776811,0.18,-0.33984043083053156
1777027947.7644951,tb7,-0.268110876122715,0.18202346957498247,0.18,-0.20478967541341153
1777027947.7696598,tb3,0.9211551527412224,0.42507012433134794,0.18,-0.43575509107746113
1777027947.8029146,tb2,0.37935756851286256,-0.20812275332951172,0.18,-0.20504889374068583
1777027947.81012,tb1,0.1014347121161579,0.892155830520688,0.18,-0.34312442251570546
1777027947.8142955,tb7,-0.27164922135049446,0.19039829655079424,0.18,-0.20572428665299725
1777027947.8195426,tb3,0.9207104940152948,0.4158841854296759,0.18,-0.4309924300550361
1777027947.8528998,tb2,0.3702772359104205,-0.2076610871183782,0.18,-0.20412200114608697
1777027947.860195,tb1,0.10923203875276773,0.8969500209470407,0.18,-0.3464278320120624
1777027947.8643837,tb7,-0.2751017865651934,0.19880933545302884,0.18,-0.20663266999520968
1777027947.869568,tb3,0.9200658059221335,0.4067124224754326,0.18,-0.4263415204962978
1777027947.902939,tb2,0.36120254743134367,-0.20710651741491973,0.18,-0.20322108851125997
1777027947.9102108,tb1,0.11711195144502211,0.9016102999852611,0.18,-0.34975472190405754
1777027947.9143362,tb7,-0.2784677760224886,0.20725587280808072,0.18,-0.20753709923079833
1777027947.9195855,tb3,0.9192238393993345,0.3975589493940351,0.18,-0.4217899039528585
1777027947.953123,tb2,0.36120254743134367,-0.20710651741491973,0.18,-0.20168730589178144
1777027947.9602695,tb1,0.12507310742372857,0.9061338242836121,0.18,-0.3530821573377366
1777027947.9644516,tb7,-0.28174639472850144,0.2157372026501574,0.18,-0.20842204657522992
1777027947.9696016,tb3,0.918187510290757,0.3884278409446732,0.18,-0.41736853763052656
1777027948.003085,tb2,0.35213446631753476,-0.2064595892120221,0.18,-0.20079990032542686
1777027948.0102823,tb1,0.12507310742372857,0.9061338242836121,0.18,-0.35341436315363545
1777027948.0144541,tb7,-0.28174639472850144,0.2157372026501574,0.18,-0.20612812668527353
1777027948.0199614,tb3,0.916959703016248,0.37932271946271434,0.18,-0.40408178918899634
1777027948.0530412,tb2,0.34307415565418337,-0.20572101836600193,0.18,-0.20001543248958953
1777027948.0602849,tb1,0.13311391512160003,0.9105176574742647,0.18,-0.35683533150800534
1777027948.0643766,tb7,-0.28493683459489483,0.22425254994481467,0.18,-0.20702632746713842
1777027948.0696678,tb3,0.916959703016248,0.37932271946271434,0.18,-0.4163639167276024
1777027948.102936,tb2,0.33402216675450086,-0.20489147548513711,0.18,-0.19926580699931973
1777027948.1102393,tb1,0.14123147701086286,0.9147590194196064,0.18,-0.3604892216251939
1777027948.1142533,tb7,-0.28803858442674996,0.23279966606395008,0.18,-0.20819810488310184
1777027948.1195323,tb3,0.9155457103979396,0.37025019358851213,0.18,-0.4128085074983835
1777027948.152929,tb2,0.3249793058501949,-0.20397146733286128,0.18,-0.19854279877232012
1777027948.160148,tb1,0.1494248139294963,0.918855935896806,0.18,-0.36415968832856793
1777027948.1642704,tb7,-0.2910519435783454,0.24137883005803223,0.18,-0.20936121473126673
1777027948.1695368,tb3,0.9139445841308281,0.3612044109462696,0.18,-0.4078252071684549
1777027948.202993,tb2,0.31594640637668225,-0.20296145911211608,0.18,-0.19783866354926022
1777027948.2102082,tb1,0.1576921463485357,0.9228054365042967,0.18,-0.3678416013801813
1777027948.2144217,tb7,-0.2939761113391872,0.24998940061272135,0.18,-0.21049313007583784
1777027948.2196417,tb3,0.9121569903588984,0.35219548715141996,0.18,-0.4028626278213052
1777027948.2530115,tb2,0.30692432778082046,-0.20186191805424578,0.18,-0.1971608913754668
1777027948.2602568,tb1,0.16603171863892283,0.9266045515267133,0.18,-0.37150594666833703
1777027948.2643912,tb7,-0.2968102093276955,0.2586306433119456,0.18,-0.2116075881991262
1777027948.269676,tb3,0.9101861429776504,0.34322747209818977,0.18,-0.39808303994926275
1777027948.3029213,tb2,0.29791388113211414,-0.20067329811163825,0.18,-0.1965074933903826
1777027948.310149,tb1,0.1744414143404187,0.9302501953941772,0.18,-0.37518172896696744
1777027948.314457,tb7,-0.299553361085728,0.26730174558858244,0.18,-0.2127031529872424
1777027948.3195467,tb3,0.9080353917552574,0.33430328153930355,0.18,-0.39343588844283434
1777027948.3530369,tb2,0.29791388113211414,-0.20067329811163825,0.18,-0.194779373676378
1777027948.3601341,tb1,0.1829191682591995,0.9337394013407153,0.18,-0.37886127446321727
1777027948.3643281,tb7,-0.30220472806467186,0.27600192090870646,0.18,-0.21379277208110956
1777027948.3695676,tb3,0.9057080435275799,0.32542595438412,0.18,-0.3889558192718193
1777027948.4030206,tb2,0.2889159032033555,-0.1993960585606061,0.18,-0.19412271750008236
1777027948.4103932,tb1,0.19146295924949153,0.9370690811820649,0.18,-0.35341208015789544
1777027948.4142272,tb7,-0.30476344052129917,0.2847304171954314,0.18,-0.2148572857667492
1777027948.4195378,tb3,0.9032075638644826,0.3165983686563411,0.18,-0.3846546905554517
1777027948.4530118,tb2,0.27993168825934117,-0.19803100656264855,0.18,-0.193604675132564
1777027948.4602058,tb1,0.19146295924949153,0.9370690811820649,0.18,-0.3835619851373121
1777027948.4648724,tb7,-0.30476344052129917,0.2847304171954314,0.18,-0.21260291264938863
1777027948.469569,tb3,0.9005370713956083,0.30782287503913947,0.18,-0.3804465503959671
1777027948.5030336,tb2,0.27096146621965894,-0.19657875952284093,0.18,-0.193105166099734
1777027948.5103455,tb1,0.20005671746019893,0.9402382377696571,0.18,-0.3898964374378662
1777027948.5144477,tb7,-0.30722864738161476,0.293486309383552,0.18,-0.2136755788758115
1777027948.51954,tb3,0.9005370713956083,0.30782287503913947,0.18,-0.3830674213707209
1777027948.5529912,tb2,0.2620059908015293,-0.19503973270055275,0.18,-0.19262846106204345
1777027948.5601587,tb1,0.20872003168923817,0.9432517306211564,0.18,-0.393841367423534
1777027948.564314,tb7,-0.30959991090844263,0.30226719254731205,0.18,-0.215034223161454
1777027948.5694761,tb3,0.8976997270252807,0.2991020795728037,0.18,-0.37888787077942615
1777027948.6029768,tb2,0.25306603130341004,-0.19341432569034558,0.18,-0.19216736005753957
1777027948.6102977,tb1,0.2174428271603824,0.9460974491650953,0.18,-0.3975978369094671
1777027948.6143293,tb7,-0.3118775167932718,0.3110733626308992,0.18,-0.2163895336524874
1777027948.6195576,tb3,0.8946961187198955,0.2904362677946936,0.18,-0.3741540016481533
1777027948.6529164,tb2,0.24414236984054805,-0.1917029279394692,0.18,-0.19172304567529228
1777027948.660135,tb1,0.22622169693611485,0.9487717405658584,0.18,-0.40133267081934776
1777027948.6643915,tb7,-0.3140606339939819,0.31990413395280165,0.18,-0.2177110196686933
1777027948.669523,tb3,0.8915289812664027,0.28183120822167823,0.18,-0.36955706702384833
1777027948.7029667,tb2,0.23523577559755568,-0.18990592527919564,0.18,-0.19128904139283004
1777027948.7101398,tb1,0.2350536977363698,0.95127162629333,0.18,-0.4050794780621624
1777027948.714265,tb7,-0.31614831984132635,0.3287586200736313,0.18,-0.21901753071587798
1777027948.7194664,tb3,0.8882017704425625,0.2732892047476257,0.18,-0.365127266698873
1777027948.753053,tb2,0.22634702088997952,-0.18802370401556853,0.18,-0.19086971317770382
1777027948.7602763,tb1,0.24393587035234995,0.9535942354576815,0.18,-0.40883037448115095
1777027948.7644238,tb7,-0.3181396737709027,0.33763591985457314,0.18,-0.22029362284100018
1777027948.7695732,tb3,0.8847178055673239,0.2648122580714861,0.18,-0.3608520490577678
1777027948.8030267,tb2,0.21747685811123457,-0.1860566403619065,0.18,-0.19046895223158966
1777027948.8102365,tb1,0.25286499266030243,0.9557367454081426,0.18,-0.4125941115227286
1777027948.814545,tb7,-0.32003381343536974,0.34653510820125133,0.18,-0.22155793369767815
1777027948.819653,tb3,0.8810803767483035,0.2564023634384832,0.18,-0.35672734411914586
1777027948.8530002,tb2,0.21747685811123457,-0.1860566403619065,0.18,-0.18853826886715336
1777027948.8601499,tb1,0.2618380670770993,0.9576963373476964,0.18,-0.4163192021259036
1777027948.864203,tb7,-0.321829849369993,0.3554552981090937,0.18,-0.22282144010551475
1777027948.8694987,tb3,0.8772929017540979,0.24806144275708164,0.18,-0.3527748078163901
1777027948.9031436,tb2,0.20862611109560644,-0.1840051441325955,0.18,-0.18814141186234726
1777027948.9101846,tb1,0.2618380670770993,0.9576963373476964,0.18,-0.418220621095904
1777027948.914363,tb7,-0.321829849369993,0.3554552981090937,0.18,-0.22068136455467321
1777027948.9195714,tb3,0.8733585243867478,0.23979098698035767,0.18,-0.3489541777415726
1777027948.953012,tb2,0.19979602236531097,-0.18187015110944527,0.18,-0.18791738591433804
1777027948.9601948,tb1,0.27085176938408306,0.9594700647238947,0.18,-0.4220145332956392
1777027948.9644642,tb7,-0.32352687882736075,0.3643955093839747,0.18,-0.22192560357923916
1777027948.9695606,tb3,0.8733585243867478,0.23979098698035767,0.18,-0.35089111501854325
1777027949.0029905,tb2,0.19098659360118997,-0.1796521786513308,0.18,-0.18770487595436647
1777027949.0105543,tb1,0.2799016655461634,0.9610554858812765,0.18,-0.425959200005392
1777027949.0144439,tb7,-0.32512453683493453,0.37335317229725107,0.18,-0.22347116891745566
1777027949.019518,tb3,0.8692803857160253,0.23159266092926878,0.18,-0.34711160497974675
1777027949.0532541,tb2,0.18219850053008596,-0.17735154371227824,0.18,-0.18748697228785144
1777027949.0601888,tb1,0.2889847422980441,0.9624504400892492,0.18,-0.4298567758189227
1777027949.0647898,tb7,-0.32662302547284167,0.3823285816404002,0.18,-0.2250011891035209
1777027949.0699892,tb3,0.8650591918990015,0.22346645395193335,0.17999999999999997,-0.34290605574011435
1777027949.1030734,tb2,0.1734324882494826,-0.17496855335979034,0.18,-0.18729276323404545
1777027949.1101935,tb1,0.29809733234635755,0.963652305281162,0.18,-0.43372489211273746
1777027949.114476,tb7,-0.3280214575841833,0.3913208793085756,0.18,-0.22653281733988906
1777027949.1196623,tb3,0.8606978729468251,0.21541663547623083,0.18,-0.33877134637236705
1777027949.1530497,tb2,0.16468929893482323,-0.17250352265729593,0.18,-0.18709981166944184
1777027949.160147,tb1,0.3072355269145608,0.9646584732344783,0.18,-0.4375416752347752
1777027949.1642733,tb7,-0.32931888806304677,0.4003290667226246,0.18,-0.2280342943011598
1777027949.1695023,tb3,0.8561996938462743,0.207444899100255,0.18,-0.3348162561557792
1777027949.2029588,tb2,0.15596966453741015,-0.1699567640483008,0.18,-0.1869175502393552
1777027949.2101285,tb1,0.3163952754383397,0.9654664311445033,0.18,-0.4413066560814055
1777027949.2143915,tb7,-0.33051437035587283,0.40935210542235506,0.18,-0.22950074602053014
1777027949.2195168,tb3,0.8515678449430703,0.19955240871630947,0.18,-0.3310246029323676
1777027949.2530248,tb2,0.14727431514950404,-0.16732858974685955,0.18,-0.18673721787764064
1777027949.260284,tb1,0.32557227407735645,0.9660738296825971,0.18,-0.44504662986511456
1777027949.2644472,tb7,-0.33160699546546313,0.4183888737081544,0.18,-0.23096234627243184
1777027949.2695587,tb3,0.8468052736710775,0.1917401890801231,0.18,-0.3273443210258196
1777027949.3029578,tb2,0.1386039836357902,-0.1646193162698995,0.18,-0.18657263295185622
1777027949.3101096,tb1,0.3347623647201992,0.9664783910476542,0.18,-0.4486899979716179
1777027949.314218,tb7,-0.33259587243817096,0.4274383482371029,0.18,-0.2324163226623169
1777027949.3194485,tb3,0.8419150922785688,0.18400954723847998,0.18,-0.32382091818256675
1777027949.352995,tb2,0.1386039836357902,-0.1646193162698995,0.18,-0.1844753188590455
1777027949.3600867,tb1,0.3439610653194718,0.9666778547825804,0.18,-0.4522596848726282
1777027949.3642895,tb7,-0.33348009650974014,0.43649936857865657,0.18,-0.23385059256562105
1777027949.3695996,tb3,0.8369001645351029,0.17636131585798318,0.18,-0.3204163219305918
1777027949.403116,tb2,0.12995939768024456,-0.1618292687516443,0.18,-0.1842994787228432
1777027949.4102967,tb1,0.3439610653194718,0.9666778547825804,0.18,-0.45522139826440167
1777027949.4143355,tb7,-0.3342588323423368,0.44557073713441525,0.18,-0.2352898574329769
1777027949.4195883,tb3,0.8317632434098005,0.1687964589248168,0.18,-0.3171001083819318
1777027949.4530842,tb2,0.12134195964264641,-0.1589594742659975,0.18,-0.184328921759799
1777027949.460137,tb1,0.35316355959453427,0.9666702949085519,0.18,-0.4588546790429126
1777027949.4642794,tb7,-0.3342588323423368,0.44557073713441525,0.18,-0.23331211009098526
1777027949.4694524,tb3,0.8265071813518358,0.16131597515064833,0.18,-0.3138965132431167
1777027949.5030973,tb2,0.11275140671829724,-0.15601038651126728,0.18,-0.18436954976665104
1777027949.5103142,tb1,0.36236516611949404,0.9664539425438898,0.18,-0.4624474320204161
1777027949.5144358,tb7,-0.3349312263646827,0.4546513442651262,0.18,-0.23475868963038532
1777027949.519665,tb3,0.8265071813518358,0.16131597515064833,0.18,-0.31505060427708276
1777027949.55298,tb2,0.10418838282276932,-0.15298224928855245,0.18,-0.18441143067622173
1777027949.560202,tb1,0.3715611642777885,0.9660271298569699,0.18,-0.4659212586740397
1777027949.564371,tb7,-0.3354971628008556,0.46373842300091744,0.18,-0.23652690655750447
1777027949.5695703,tb3,0.8211345707701727,0.1539206446369772,0.18,-0.3118556009395247
1777027949.6030998,tb2,0.0956536161446209,-0.1498753000990512,0.18,-0.18444194485369303
1777027949.6101654,tb1,0.3807466248821021,0.9653882239540391,0.18,-0.46928388864651527
1777027949.6143425,tb7,-0.3359566839442343,0.47283224374547095,0.18,-0.23829417203425166
1777027949.6196022,tb3,0.8156462000364892,0.14661050192686736,0.18,-0.30834555421728305
1777027949.65297,tb2,0.08714784224586901,-0.1466897843319274,0.18,-0.1844833633086093
1777027949.6602082,tb1,0.3899164571073871,0.9645356925879669,0.18,-0.47252177400217765
1777027949.6643035,tb7,-0.3363088811893926,0.481931725242174,0.18000000000000002,-0.24003659630560437
1777027949.6696799,tb3,0.8100450254086798,0.13938840007990844,0.17999999999999997,-0.3049318071197203
1777027949.703101,tb2,0.07867179122846753,-0.143425957601151,0.18,-0.1845153049804915
1777027949.7101765,tb1,0.3990652882290411,0.9634682574467215,0.18,-0.4756515812554219
1777027949.7143352,tb7,-0.3365528143666477,0.49103555699903856,0.18,-0.24176758149387376
1777027949.719496,tb3,0.8043338022657253,0.1322550906801746,0.18000000000000002,-0.3016292337887873
1777027949.753057,tb2,0.07022618964231371,-0.14008407877661352,0.18,-0.18455833155466192
1777027949.7601142,tb1,0.4081879692711327,0.9621848231432788,0.18,-0.4786299046910762
1777027949.7642448,tb7,-0.33668758130271526,0.5001425468080377,0.18,-0.24347993360715692
1777027949.7695246,tb3,0.7985152992931674,0.12521125373777237,0.18,-0.2984739632551388
1777027949.802981,tb2,0.061811762303013794,-0.13666441485402214,0.18,-0.18460785921108588
1777027949.8103302,tb1,0.41727898574540173,0.9606844653115059,0.18,-0.4814937302039649
1777027949.8143697,tb7,-0.33671225459380544,0.5092513334736308,0.18,-0.2451751317738127
1777027949.8195338,tb3,0.7925921491899489,0.1182572838277937,0.18,-0.2954376593360252
1777027949.8529317,tb2,0.05342923059098483,-0.133167235204528,0.18,-0.18466234398494194
1777027949.8602216,tb1,0.426332858153442,0.9589664941121457,0.18,-0.4841842672883784
1777027949.8643463,tb7,-0.3366259541673459,0.5183605837961709,0.18000000000000002,-0.24686835504646562
1777027949.869567,tb3,0.7865668673933048,0.11139361162808074,0.18,-0.29250325717341136
1777027949.9029834,tb2,0.05342923059098483,-0.133167235204528,0.18,-0.1824281219300447
1777027949.9101725,tb1,0.4353439746293919,0.9570304604235795,0.18,-0.486731524151543
1777027949.9143384,tb7,-0.3364278154719651,0.5274689228063447,0.18,-0.2485572148269405
1777027949.9195476,tb3,0.7804419374254553,0.10462069266928552,0.17999999999999997,-0.2896673510401716
1777027949.9529622,tb2,0.045079332923650746,-0.12959282015427234,0.18,-0.18248153326495384
1777027949.9602048,tb1,0.4443067147527376,0.9548761319625478,0.18,-0.4891255447246055
1777027949.964356,tb7,-0.336117006590654,0.5365749315969528,0.18,-0.25024689419424456
1777027949.9695468,tb3,0.7742197402258697,0.09793891971353647,0.18,-0.28691638930473123
1777027950.0029807,tb2,0.036763469083355683,-0.12594235869447232,0.18,-0.18275625841180887
1777027950.0101864,tb1,0.4443067147527376,0.9548761319625478,0.18,-0.4932763926684344
1777027950.0142462,tb7,-0.33569272003804507,0.545677177336154,0.18,-0.25194665528993737
1777027950.0194528,tb3,0.7679026074312002,0.09134868891931489,0.17999999999999997,-0.2842448692772522
1777027950.053078,tb2,0.028481218029085143,-0.12221616756087934,0.18,-0.18303636310053736
1777027950.0602455,tb1,0.45321535478174685,0.9525035631551839,0.18,-0.49560840364281583
1777027950.0644534,tb7,-0.33569272003804507,0.545677177336154,0.18,-0.2501878214781599
1777027950.069655,tb3,0.7614927857517497,0.08485036736678987,0.17999999999999997,-0.2769257709883354
1777027950.1029987,tb2,0.020233223197280163,-0.11841443232635498,0.18,-0.18331549535447703
1777027950.1102314,tb1,0.4620649577257777,0.949912332009707,0.18,-0.4975507934875357
1777027950.1142693,tb7,-0.3351541971421405,0.5547741566861331,0.18,-0.2519324881989365
1777027950.1195192,tb3,0.7614927857517497,0.08485036736678987,0.18000000000000002,-0.28203410623810227
1777027950.1529481,tb2,0.012020230448558383,-0.11453734289829723,0.18,-0.1835824299118474
1777027950.1601715,tb1,0.47084881524933486,0.947102688945541,0.18,-0.49928204224131584
1777027950.1643066,tb7,-0.3345015994255244,0.563863013603836,0.18,-0.253985688653035
1777027950.1696305,tb3,0.7549946643028466,0.07844500641186601,0.18,-0.2798944918732432
1777027950.203005,tb2,0.003842988512461857,-0.11058509693391638,0.18,-0.1838402269560189
1777027950.2101882,tb1,0.4795610346833748,0.9440753671230145,0.18,-0.5008349078095309
1777027950.2143521,tb7,-0.3337347958668561,0.5729438364823441,0.17999999999999997,-0.256042217754046
1777027950.2195382,tb3,0.7484061847843894,0.07212971217199594,0.18,-0.2770965095006527
1777027950.2529602,tb2,-0.0042977465034002025,-0.10655790958747328,0.18,-0.18409994514297598
1777027950.2601368,tb1,0.4881957771980888,0.9408313947501175,0.18,-0.5021956648000424
1777027950.264279,tb7,-0.33285291022262903,0.5820151866791741,0.18,-0.2580888805358228
1777027950.2696116,tb3,0.7417305096407784,0.0659082485324221,0.18,-0.2743374147768832
1777027950.3031225,tb2,-0.012401229389831457,-0.1024560071175865,0.18,-0.18434924899814742
1777027950.3103075,tb1,0.49674727959403525,0.9373720682417316,0.18,-0.5033852860584195
1777027950.3144588,tb7,-0.33185506940195464,0.5910754965885074,0.18,-0.26011638189441855
1777027950.3195686,tb3,0.7349699771739336,0.059781037594862696,0.18,-0.2716686799753364
1777027950.3529403,tb2,-0.02046671786965813,-0.09827962003311122,0.18,-0.18461475393429522
1777027950.3601973,tb1,0.5052098319347025,0.933698918099105,0.18,-0.5043471725675328
1777027950.3644667,tb7,-0.3307403977464929,0.6001232074890296,0.18,-0.2621318022476528
1777027950.3695621,tb3,0.7281268839844206,0.053748283716490264,0.18,-0.2691163716836667
1777027950.4030664,tb2,-0.0284934724458748,-0.09402898008368621,0.18,-0.18486631590796634
1777027950.410117,tb1,0.5135777480520388,0.9298137095804659,0.18,-0.505104496381694
1777027950.4142323,tb7,-0.32950801579187955,0.6091566621652847,0.18,-0.26414209296846947
1777027950.4194937,tb3,0.7212034031172007,0.0478099795469503,0.18,-0.26666657759754747
1777027950.4538822,tb2,-0.03648074195959295,-0.08970432768523656,0.18,-0.1654389917196305
1777027950.4602022,tb1,0.5218453870834618,0.9257184787252332,0.18,-0.5056715633598202
1777027950.4643447,tb7,-0.3281570449554433,0.6181742019557045,0.18000000000000002,-0.2661253928125835
1777027950.4696548,tb3,0.7142016636366869,0.04196614474698422,0.18,-0.2643146513104819
1777027950.503011,tb2,-0.03648074195959295,-0.08970432768523656,0.18,-0.1827977232573063
1777027950.510388,tb1,0.5218453870834618,0.9257184787252332,0.18,-0.5105166012250151
1777027950.5143063,tb7,-0.32668667851142386,0.6271740390383258,0.18,-0.26810600136455026
1777027950.519649,tb3,0.7071236691891601,0.03621677190516632,0.18,-0.2620327181612076
1777027950.5530114,tb2,-0.044423097061658395,-0.08531335984145215,0.18,-0.1846893597813888
1777027950.5602133,tb1,0.5300071906161734,0.9214155558015955,0.18,-0.510898627503237
1777027950.5643418,tb7,-0.32668667851142386,0.6271740390383258,0.18,-0.26660144715865125
1777027950.5694761,tb3,0.6999714745642727,0.030561898037739354,0.18,-0.2598506564575863
1777027950.6031013,tb2,-0.05233243002095602,-0.08084924841795788,0.18,-0.18516552300338526
1777027950.6102784,tb1,0.5380589560882657,0.91690563403627,0.18,-0.5106353652605946
1777027950.6143653,tb7,-0.32509614124577907,0.6361544274224521,0.18,-0.26862108689406095
1777027950.6196089,tb3,0.6999714745642727,0.030561898037739354,0.18,-0.25970033999007835
1777027950.6529589,tb2,-0.0602009496188342,-0.07631213251095688,0.18,-0.1855331131558255
1777027950.660176,tb1,0.5459930965349202,0.9121914948901158,0.18,-0.5101200784743641
1777027950.664416,tb7,-0.3233858149545684,0.645112233565669,0.18,-0.2709630198896371
1777027950.669659,tb3,0.6927468710318547,0.02500150871411997,0.17999999999999997,-0.2575168810633972
1777027950.7029476,tb2,-0.06802733021815072,-0.07170228424068087,0.18,-0.18588642035587233
1777027950.710182,tb1,0.5538041531848733,0.9072764001356786,0.18,-0.5094390765622707
1777027950.714404,tb7,-0.3215554736127158,0.6540473324519482,0.18,-0.2733111482962479
1777027950.7196865,tb3,0.6854508698546335,0.019535578346886465,0.18,-0.2552217842498264
1777027950.7529933,tb2,-0.07581076846293368,-0.0670199432971161,0.18,-0.18623718277990625
1777027950.7602665,tb1,0.5614870602670216,0.902163825676963,0.18,-0.5085958036052161
1777027950.764308,tb7,-0.3196042788663665,0.6629580249873305,0.18,-0.27563672857009813
1777027950.76956,tb3,0.6780857631706471,0.014164971072571593,0.18,-0.25300166822607134
1777027950.8029726,tb2,-0.08355049327351587,-0.062265356277049586,0.18,-0.18659373292317408
1777027950.8101747,tb1,0.5690369511132497,0.8968574465265557,0.18,-0.5075647307249576
1777027950.8143299,tb7,-0.31753137530583186,0.6718423989135683,0.18000000000000002,-0.27793799817596104
1777027950.8195121,tb3,0.6706535243639418,0.008889662849446964,0.18,-0.25087557919899306
1777027950.85299,tb2,-0.09124573737239415,-0.05743878044304159,0.18,-0.18695315762212367
1777027950.8601172,tb1,0.5764491295156403,0.8913611265844695,0.18,-0.5063674507510295
1777027950.8642292,tb7,-0.31533595237188206,0.6806984894864728,0.18,-0.2802277150811232
1777027950.8694708,tb3,0.6631559748428875,0.003709490135760104,0.18,-0.24882874308490735
1777027950.9030368,tb2,-0.09889573455199235,-0.05254048323633648,0.18,-0.18731764367242348
1777027950.910148,tb1,0.583719079056846,0.8856789063948007,0.18,-0.505009747268484
1777027950.9143045,tb7,-0.3130173356962638,0.6895242123600732,0.18,-0.2825250373394019
1777027950.9195347,tb3,0.6555948529722557,-0.0013756636510880358,0.18,-0.2468452841272591
1777027950.953062,tb2,-0.09889573455199235,-0.05254048323633648,0.18,-0.1849435356788188
1777027950.9601176,tb1,0.590842465820272,0.8798149940129778,0.18,-0.5034783287804848
1777027950.9644144,tb7,-0.310574823941442,0.6983176487031701,0.18,-0.28481619619326576
1777027950.9696474,tb3,0.6479719176600206,-0.006365867180350144,0.18,-0.24492897143001882
1777027951.0029528,tb2,-0.10649970363271209,-0.047570750447619325,0.18,-0.18532403672106815
1777027951.0104704,tb1,0.590842465820272,0.8798149940129778,0.18,-0.5085583178494437
1777027951.0143235,tb7,-0.30800765862368573,0.7070767686539855,0.18,-0.287096541402847
1777027951.019496,tb3,0.6402889539104761,-0.011261238017954985,0.18,-0.2430926561482568
1777027951.0533402,tb2,-0.11405628184869492,-0.04253105873987513,0.18,-0.18594008014709834
1777027951.0601864,tb1,0.5978151362816412,0.8737738523286049,0.18,-0.5068465145645202
1777027951.0647533,tb7,-0.30800765862368573,0.7070767686539855,0.18,-0.28590269480560376
1777027951.0700727,tb3,0.6325475403882956,-0.016061942623064086,0.18,-0.2413035124905017
1777027951.103036,tb2,-0.12156603871537108,-0.03742149044919605,0.18,-0.18659555693245403
1777027951.110222,tb1,0.6046343203238504,0.8675567525211135,0.18,-0.5042900762832098
1777027951.1144068,tb7,-0.3053152450259725,0.7157993595900665,0.18,-0.2882442981041569
1777027951.1195464,tb3,0.6325475403882956,-0.016061942623064086,0.18,-0.24069696015321956
1777027951.153015,tb2,-0.129028258378833,-0.03224220125215167,0.18,-0.18722127305236633
1777027951.160171,tb1,0.6112929144129028,0.8611692708150819,0.18,-0.5015615435254335
1777027951.164447,tb7,-0.302498279801787,0.7244821393012308,0.18,-0.29090056577655193
1777027951.169546,tb3,0.6247492841431863,-0.020768067883442886,0.18,-0.23891908609886459
1777027951.2029448,tb2,-0.1364421066548552,-0.026993374687062015,0.18,-0.18783685300110559
1777027951.210284,tb1,0.6177872350477462,0.8546166055943123,0.18,-0.4987576319298092
1777027951.2143786,tb7,-0.29955646860798324,0.7331246423130755,0.18,-0.29356988668726686
1777027951.219577,tb3,0.616895221786473,-0.02537969768463491,0.18,-0.23708853644683078
1777027951.253011,tb2,-0.14380675109768104,-0.021675216576822892,0.18,-0.18843587726325337
1777027951.2602384,tb1,0.6241141242467367,0.8479039303484026,0.18,-0.4958452843036167
1777027951.264467,tb7,-0.2964891697653544,0.741724750241251,0.18,-0.29622857819148524
1777027951.2696924,tb3,0.6089872256758437,-0.02989647484758712,0.18,-0.23531316666871513
1777027951.3029184,tb2,-0.15112136281966346,-0.016287936469053046,0.18,-0.1890332072429702
1777027951.3102112,tb1,0.6302706072486546,0.8410365489524072,0.18,-0.49286066396227063
1777027951.3142605,tb7,-0.29329571427328144,0.7502802684617855,0.18,-0.2988692093413815
1777027951.319497,tb3,0.6010269380235234,-0.03431853292601544,0.18,-0.23361628159850178
1777027951.35296,tb2,-0.15838510547897933,-0.010831753979784763,0.18,-0.18961628249172569
1777027951.3602507,tb1,0.6362540254656696,0.8340198081191251,0.18,-0.4898114216656547
1777027951.3643272,tb7,-0.28997546228185694,0.7587888097912951,0.18,-0.30149114628988083
1777027951.3695452,tb3,0.5930158754215067,-0.038646115230558734,0.18,-0.2319780529487269
1777027951.4029057,tb2,-0.16559712817397715,-0.0053069384802246254,0.18,-0.19020442444653618
1777027951.4101744,tb1,0.6420619560517676,0.8268589814244725,0.18,-0.48666071343782824
1777027951.4143565,tb7,-0.2865279308030154,0.7672479040056681,0.18,-0.3041265299717629
1777027951.4196708,tb3,0.5849554933197453,-0.04287942030122409,0.18,-0.23038924122525098
1777027951.4529326,tb2,-0.172756614763171,0.00028625154080852427,0.18,-0.19078856790015636
1777027951.4601333,tb1,0.6476920951158056,0.819559443014015,0.18,-0.48343311816775475
1777027951.4642243,tb7,-0.28295266064285285,0.7756551891353285,0.18,-0.30677186220707836
1777027951.4694638,tb3,0.5768472540827775,-0.047018606953743804,0.18,-0.22885750428231647
1777027951.5028875,tb2,-0.17986273579385084,0.0059475421693264505,0.18,-0.19137793722879312
1777027951.5101182,tb1,0.6531423835538533,0.8121265407560282,0.18,-0.48012489617739434
1777027951.5144367,tb7,-0.27924923177067196,0.7840082111936973,0.18,-0.30942195193687916
1777027951.5196047,tb3,0.5686925634552994,-0.051063846851258754,0.18,-0.2273645663691883
1777027951.552946,tb2,-0.17986273579385084,0.0059475421693264505,0.18,-0.1889843543876374
1777027951.5601306,tb1,0.6584109461463348,0.8045656086098449,0.18,-0.4767329309253615
1777027951.5642836,tb7,-0.2754173544127564,0.792304427449464,0.18,-0.31210666934594355
1777027951.5695426,tb3,0.5604927939860439,-0.055015293293109946,0.18,-0.22591557055338773
1777027951.602968,tb2,-0.1869146442547781,0.011676613963616498,0.18,-0.18958168452316387
1777027951.6100805,tb1,0.6634961031645192,0.7968820850033782,0.18,-0.47326742879995515
1777027951.6142032,tb7,-0.2714566934262551,0.8005413760266353,0.18,-0.31480428516820735
1777027951.6194994,tb3,0.5522493199717868,-0.05887309354283662,0.18,-0.2245062033454225
1777027951.6529677,tb2,-0.1939109986927325,0.017471798906766582,0.18,-0.19046033201342752
1777027951.6602395,tb1,0.6634961031645192,0.7968820850033782,0.18,-0.47792559528252726
1777027951.6643143,tb7,-0.2673669978686407,0.8087164570988404,0.18,-0.31752254377784633
1777027951.6696024,tb3,0.5439634802666687,-0.0626374076136735,0.18,-0.22313388190185546
1777027951.7030008,tb2,-0.200852406303395,0.023333150079297087,0.18,-0.1913419076525198
1777027951.7102902,tb1,0.6683964165572185,0.7890812758598935,0.18,-0.47433380375796946
1777027951.7142887,tb7,-0.2673669978686407,0.8087164570988404,0.18,-0.31691240347146027
1777027951.7196593,tb3,0.5356366217021901,-0.06630840720574127,0.18,-0.2218086791692531
1777027951.752934,tb2,-0.20773809924208114,0.029260517909990368,0.18,-0.19220733725753825
1777027951.7601483,tb1,0.6731107793385734,0.7811646178684825,0.18,-0.46982910950694307
1777027951.764418,tb7,-0.2631480332138755,0.8168270567857442,0.18,-0.31971280458433254
1777027951.769638,tb3,0.5356366217021901,-0.06630840720574127,0.18,-0.22068980477977995
1777027951.8029778,tb2,-0.21456715205665244,0.03525369835985018,0.18,-0.19304706457167006
1777027951.810181,tb1,0.6776346586952444,0.7731396086581012,0.18,-0.4652847396488442
1777027951.8144047,tb7,-0.2588010136033834,0.8248696425627722,0.18,-0.32283655525722604
1777027951.8196633,tb3,0.5272700258247847,-0.06988627728846677,0.18,-0.21936678573983806
1777027951.8529756,tb2,-0.22133864264382455,0.04131246269043662,0.18,-0.19387351115757243
1777027951.860155,tb1,0.6819671991861386,0.7650122233914318,0.18,-0.46079127801214126
1777027951.8643336,tb7,-0.25432572667801734,0.8328431794354557,0.18,-0.325973542280651
1777027951.869485,tb3,0.5188648940228128,-0.07337115691541674,0.18,-0.2180751877886771
1777027951.9029977,tb2,-0.2280516524727589,0.047436558418385545,0.18,-0.19468731496055228
1777027951.9101584,tb1,0.6861081618995292,0.7567879826474463,0.18,-0.45633945725153524
1777027951.914307,tb7,-0.24972192547039676,0.8407449297763406,0.18,-0.32911091863305675
1777027951.9195693,tb3,0.510422547984981,-0.07676318146184052,0.18,-0.2168204390524986
1777027951.953002,tb2,-0.23470526831394356,0.05362571528933837,0.18,-0.19549363140950923
1777027951.9601996,tb1,0.6900573859274294,0.7484723669915625,0.18,-0.45193475367275265
1777027951.9642508,tb7,-0.24498943220905195,0.8485720569265852,0.18,-0.3322469188502356
1777027951.9695315,tb3,0.5019442286950421,-0.08006254914244355,0.18,-0.21561126039735604
1777027952.003053,tb2,-0.24129857513214895,0.05987962870352419,0.18,-0.19629526966385627
1777027952.010254,tb1,0.6938148985666203,0.7400706446179626,0.18,-0.4475523391640415
1777027952.0142992,tb7,-0.24012816101106865,0.8563216188570262,0.18,-0.3353913303799973
1777027952.0196853,tb3,0.4934311314775438,-0.08326947209345524,0.18,-0.21443345521889845
1777027952.053001,tb2,-0.2478306772477091,0.0661979916374742,0.18,-0.19710011272194092
1777027952.060102,tb1,0.697380785807824,0.7315880800540785,0.18,-0.4431813347127524
1777027952.0642555,tb7,-0.23513812940088427,0.8639906487341855,0.18,-0.33855542784258974
1777027952.0695305,tb3,0.4848844655587709,-0.08638413377628049,0.18,-0.21330286985883953
1777027952.102995,tb2,-0.25430067493616,0.07258049922599485,0.18,-0.19789984584781375
1777027952.110133,tb1,0.7007553275653234,0.723029910943201,0.18,-0.4388731098975307
1777027952.1142392,tb7,-0.23001934113863523,0.8715762195564412,0.18,-0.34172385108072256
1777027952.1195242,tb3,0.4763054064033516,-0.08940673990576585,0.18,-0.21220618290510923
1777027952.1529152,tb2,-0.260707648568771,0.07902680678337831,0.18,-0.19870522664838883
1777027952.1601357,tb1,0.7039389951704487,0.7144011089537611,0.18,-0.434589620246727
1777027952.1642294,tb7,-0.22477193459006778,0.8790752279745776,0.18,-0.34491185996388807
1777027952.169558,tb3,0.46769509468523235,-0.09233749014953634,0.18,-0.21114201152160902
1777027952.2029736,tb2,-0.26705069202095005,0.08553655402279221,0.18,-0.19950923462041437
1777027952.2101457,tb1,0.7069322981500931,0.705706550925202,0.18,-0.4303233050261121
1777027952.2142565,tb7,-0.21939615206771515,0.8864845795651765,0.18,-0.3481286064896823
1777027952.2194836,tb3,0.45905465286602803,-0.09517656880176402,0.18,-0.2101114435041264
1777027952.2531197,tb2,-0.26705069202095005,0.08553655402279221,0.18,-0.19714538891956396
1777027952.2602046,tb1,0.7097358911251429,0.6969511879759176,0.18,-0.4261059124316008
1777027952.2642198,tb7,-0.2138921996365986,0.8938012025716601,0.18,-0.3513574712720019
1777027952.2694836,tb3,0.4503852252199257,-0.09792415900491162,0.18,-0.20911446757481328
1777027952.3030207,tb2,-0.273328901898611,0.09210938972699878,0.18,-0.1979656738941942
1777027952.3101606,tb1,0.7097358911251429,0.6969511879759176,0.18,-0.4298571364321387
1777027952.3142228,tb7,-0.20826041835478554,0.9010218733697435,0.18,-0.35460516655708496
1777027952.319488,tb3,0.44168790369858274,-0.10058046166961639,0.18,-0.20814810685796378
1777027952.3530934,tb2,-0.2795409652958122,0.0987434250146703,0.18,-0.19907326373715056
1777027952.360279,tb1,0.7123506054299877,0.6881397067928368,0.18,-0.4255947495465653
1777027952.3643658,tb7,-0.2025011846855631,0.9081433591707457,0.18,-0.34718924760098663
1777027952.3694549,tb3,0.4329637819709487,-0.10314567203266041,0.18,-0.20721789929323178
1777027952.4029994,tb2,-0.2856874325465425,0.10543884134437795,0.18,-0.20019384709978383
1777027952.4102125,tb1,0.7147765454488001,0.6792730379966146,0.18,-0.42056426087810644
1777027952.414281,tb7,-0.2025011846855631,0.9081433591707457,0.18,-0.3581424276430563
1777027952.4194698,tb3,0.42421390678543935,-0.10561997810004825,0.18,-0.20631190467158744
1777027952.4531248,tb2,-0.2917674069682246,0.11219539236324963,0.18,-0.2012826391313584
1777027952.460209,tb1,0.717011967790768,0.6703584359131807,0.18,-0.4155486829672256
1777027952.4643524,tb7,-0.19661980749590108,0.9151603389835572,0.18,-0.36249289783433486
1777027952.4695885,tb3,0.42421390678543935,-0.10561997810004825,0.18,-0.20476212827840487
1777027952.5029712,tb2,-0.2977799014062041,0.11901280551244307,0.18,-0.2023637862600343
1777027952.51016,tb1,0.7190580312273699,0.6614010637408071,0.18,-0.4106895328688074
1777027952.5143263,tb7,-0.19061224075737918,0.9220762225254073,0.18,-0.36615082598561566
1777027952.5195527,tb3,0.41543935607278953,-0.10800354868855729,0.18,-0.20386392918714621
1777027952.5529852,tb2,-0.303723870725337,0.12589076672254856,0.18,-0.20341834835950084
1777027952.5602124,tb1,0.7209164893042801,0.6524054418229331,0.18,-0.4059924212426107
1777027952.5644047,tb7,-0.18447941165043247,0.9288841121015778,0.18,-0.3697316013862181
1777027952.5696127,tb3,0.4066415165002769,-0.1102966729106727,0.18,-0.20306278832619332
1777027952.6029987,tb2,-0.3095982645648266,0.13282888631834233,0.18,-0.2044679261762202
1777027952.6102219,tb1,0.7225891050796542,0.6433756513889048,0.18,-0.40138349480594343
1777027952.6144075,tb7,-0.1782221337983478,0.9355800732769227,0.18,-0.3733316451192148
1777027952.6197278,tb3,0.39782112535578457,-0.11249976804894118,0.18,-0.20228795977415753
1777027952.6530433,tb2,-0.315402100763541,0.13982682137672567,0.18,-0.20550478822699936
1777027952.6601841,tb1,0.7240775107505374,0.6343160446561011,0.18,-0.3969021124479352
1777027952.664307,tb7,-0.17184110309423584,0.9421607161549412,0.18,-0.37692383449409944
1777027952.6695147,tb3,0.3889791927965629,-0.11461300758075577,0.18,-0.20155329444186398
1777027952.7030284,tb2,-0.32113434847102224,0.14688421411015187,0.18,-0.20653236741706718
1777027952.710133,tb1,0.725383604930048,0.6252307469979468,0.18,-0.39256176294998024
1777027952.7143664,tb7,-0.16533705376197158,0.9486224509344043,0.18,-0.38049956876656477
1777027952.719618,tb3,0.3801167007107223,-0.11663658330719556,0.18,-0.20083474608112642
1777027952.7529564,tb2,-0.3267939623392996,0.15400061243695484,0.18,-0.20756346389548536
1777027952.76024,tb1,0.7265092710049602,0.6161234744928673,0.18,-0.38832355024293
1777027952.7644377,tb7,-0.15871101253669428,0.9549615388651014,0.18,-0.38408830428524876
1777027952.769645,tb3,0.37123461644502903,-0.11857066944720264,0.18,-0.20014271690112667
1777027952.8030372,tb2,-0.3267939623392996,0.15400061243695484,0.18,-0.2052695655285525
1777027952.8100665,tb1,0.727456352912591,0.6069980539090055,0.18,-0.3841712390182905
1777027952.81423,tb7,-0.15196400345733788,0.9611743730230798,0.18,-0.38767237942501376
1777027952.8195205,tb3,0.3623339193009645,-0.1204154382012095,0.18,-0.19948234710281323
1777027952.8530295,tb2,-0.33237990252075905,0.16117557491276568,0.18,-0.20631413201349585
1777027952.8601956,tb1,0.727456352912591,0.6069980539090055,0.18,-0.387056676624658
1777027952.864823,tb7,-0.1450971948307338,0.9672572486899677,0.18,-0.3801539059418516
1777027952.8696322,tb3,0.3534155400234073,-0.12217105713432075,0.18,-0.19883346455598014
1777027952.903044,tb2,-0.3378910189988123,0.1684070586078732,0.18,-0.2076508681382429
1777027952.9102383,tb1,0.728226724732829,0.5978580544395904,0.18,-0.38291179922881424
1777027952.9144104,tb7,-0.1450971948307338,0.9672572486899677,0.18,-0.3923416905141293
1777027952.919594,tb3,0.3534155400234073,-0.12217105713432075,0.18,-0.19707890299674488
1777027952.953029,tb2,-0.3433276938161876,0.17569537014717407,0.18,-0.20897894402841685
1777027952.9602044,tb1,0.7288207567828937,0.5887040058759277,0.18,-0.37816495033265074
1777027952.964303,tb7,-0.13811679170487873,0.9732053980279871,0.18,-0.396977361528458
1777027952.9694924,tb3,0.3444804355947809,-0.12383768595660265,0.18,-0.19643839362403542
1777027953.0029452,tb2,-0.34868888776436996,0.1830402116518347,0.18,-0.21028472724186628
1777027953.010475,tb1,0.729238704015788,0.5795423763591796,0.18,-0.3735549339841289
1777027953.0142791,tb7,-0.13101841816687915,0.9790206279815893,0.18,-0.4008716957232418
1777027953.0195227,tb3,0.33553008881036883,-0.1254156516023249,0.18,-0.195928486829321
1777027953.0535674,tb2,-0.35397344272240505,0.1904411414220887,0.18,-0.21154466005277278
1777027953.060145,tb1,0.7294827961324649,0.5703766632333197,0.18,-0.36905051348310225
1777027953.0647516,tb7,-0.12380480545748582,0.9846955952169302,0.18,-0.40473086546501014
1777027953.0697634,tb3,0.32656495499624894,-0.12690546717254106,0.18,-0.1954344026546589
1777027953.1031137,tb2,-0.3591802542988768,0.197897688325765,0.18,-0.21284635221077167
1777027953.1103554,tb1,0.7295552450306567,0.5612101202541988,0.18,-0.36470234166452514
1777027953.1145055,tb7,-0.11647778105666651,0.9902263071160746,0.18,-0.40858007089448684
1777027953.1196525,tb3,0.31758587698403457,-0.12830726243071533,0.18,-0.19496446340780643
1777027953.153106,tb2,-0.36430825556870583,0.20540944514307422,0.18,-0.21410986623238246
1777027953.1602197,tb1,0.7294583308735951,0.552046033441214,0.18,-0.3604949414185306
1777027953.1643093,tb7,-0.10903893439540567,0.9956090949712877,0.18,-0.412388733164973
1777027953.1696312,tb3,0.30859376210466416,-0.1296211439309744,0.18,-0.19450666533164354
1777027953.2029607,tb2,-0.3693562965980019,0.21297592610640667,0.18,-0.2153685656668598
1777027953.210212,tb1,0.729194407663087,0.5428873454942302,0.18,-0.35643001391269086
1777027953.2144177,tb7,-0.10149022444180689,1.0008399518576339,0.18,-0.4161958428574
1777027953.2196517,tb3,0.2995894886067338,-0.13084723457376457,0.18,-0.19406149331426573
1777027953.2529397,tb2,-0.3743232561994979,0.22059659265247292,0.18,-0.21661970617591036
1777027953.2601612,tb1,0.7287657430314989,0.5337368875228522,0.18,-0.352479703863101
1777027953.2642937,tb7,-0.09383371241783406,1.0059150422665304,0.18,-0.4199834925319656
1777027953.2695405,tb3,0.2905739360532441,-0.1319856527899519,0.18,-0.19363618208484512
1777027953.3032775,tb2,-0.379208034074178,0.22827092861573983,0.18,-0.21785144263312475
1777027953.31021,tb1,0.7281745547302085,0.5245974262951582,0.18,-0.34864138453159577
1777027953.314381,tb7,-0.08607160206637378,1.0108305377106104,0.18,-0.4237647482273835
1777027953.3196146,tb3,0.2815479673422369,-0.13303651529071678,0.18,-0.19321728613743092
1777027953.3529851,tb2,-0.379208034074178,0.22827092861573983,0.18,-0.21567785560868033
1777027953.360137,tb1,0.7274231016996269,0.5154716924733362,0.18,-0.34491413438527746
1777027953.3643026,tb7,-0.078206163218522,1.0155826108083534,0.18,-0.4275074460660093
1777027953.3696465,tb3,0.2725124641398974,-0.13399994095605894,0.18,-0.19281722970117482
1777027953.4029412,tb2,-0.38400948442453864,0.23599832006789023,0.18,-0.21695133472616643
1777027953.4101737,tb1,0.7274231016996269,0.5154716924733362,0.18000000000000002,-0.3469258270230212
1777027953.4141643,tb7,-0.07023982645357049,1.0201673695525468,0.18,-0.4312036899609529
1777027953.4194481,tb3,0.26346828248443793,-0.1348760589487857,0.18,-0.1924414256348144
1777027953.4529877,tb2,-0.3887265498000671,0.24377658441988231,0.18,-0.2185173367727528
1777027953.4602673,tb1,0.7265136368868276,0.5063622203225187,0.18,-0.3432267248973639
1777027953.464329,tb7,-0.07023982645357049,1.0201673695525468,0.18,-0.43336662766538664
1777027953.469798,tb3,0.25441626367669595,-0.13566498827574652,0.18,-0.19205980455471602
1777027953.5031188,tb2,-0.39335943554625763,0.2516060165024603,0.18,-0.2200819318615394
1777027953.5103126,tb1,0.7254466564588709,0.49726919710182393,0.18,-0.33905766960602923
1777027953.5143933,tb7,-0.06217535747549534,1.0245809611645098,0.18,-0.43716679787114515
1777027953.5196028,tb3,0.25441626367669595,-0.13566498827574652,0.18,-0.19008464368545278
1777027953.5529845,tb2,-0.397907030131079,0.2594861857822001,0.18,-0.22163184168941605
1777027953.5602226,tb1,0.7242234174575938,0.48819778872772024,0.18000000000000002,-0.33500504418937627
1777027953.564253,tb7,-0.05401623220204146,1.0288197744541225,0.18,-0.4410428928802513
1777027953.5695596,tb3,0.24535731561484883,-0.13636684453773107,0.18,-0.18972836922632672
1777027953.6030073,tb2,-0.40236808937171953,0.26741656259846835,0.18,-0.22314901379489996
1777027953.610218,tb1,0.7228464066919406,0.4791505082591049,0.18000000000000002,-0.33111524383992924
1777027953.61435,tb7,-0.04576500190902456,1.0328805632347096,0.18,-0.44488154235066063
1777027953.6197457,tb3,0.2362929408695052,-0.1369821352239977,0.18,-0.18952617160166463
1777027953.6529372,tb2,-0.40674135236909653,0.27539650735378635,0.18,-0.22466124383248265
1777027953.660164,tb1,0.7213180578611004,0.4701294501342953,0.18,-0.327350794237971
1777027953.6644254,tb7,-0.037424789669274115,1.0367595828496867,0.18,-0.448671457978561
1777027953.669674,tb3,0.22722328856404253,-0.13751134217404415,0.18,-0.18934896489333145
1777027953.7029529,tb2,-0.4110256270551272,0.2834254103604818,0.18,-0.22615989370166276
1777027953.7101233,tb1,0.7196407247266251,0.46113679264586593,0.18,-0.3237187592221264
1777027953.714265,tb7,-0.028998806128111666,1.0404531927797962,0.18,-0.45237926210343055
1777027953.7195015,tb3,0.21814912403407322,-0.13795454591014364,0.18,-0.18918003079549447
1777027953.752926,tb2,-0.415219696426845,0.29150265116384616,0.18,-0.22764842887629494
1777027953.7601533,tb1,0.7178167993592866,0.4521746130015772,0.18,-0.3202263193319501
1777027953.7642922,tb7,-0.020490406916166572,1.043957727101538,0.18,-0.45600759697664145
1777027953.7694993,tb3,0.2090712557238683,-0.138311801822179,0.18,-0.18900787855672932
1777027953.80301,tb2,-0.419322333134214,0.29962750873717003,0.18,-0.22913275395379315
1777027953.81019,tb1,0.7158485667299744,0.4432447436350222,0.18,-0.31683835903605845
1777027953.81431,tb7,-0.011903291516182244,1.0472695421721556,0.18,-0.4595644000586452
1777027953.8195167,tb3,0.1999904950181086,-0.13858316467984858,0.18,-0.18883936271769972
1777027953.8529663,tb2,-0.423332348753196,0.30779926262652946,0.18,-0.23062597335899693
1777027953.8601506,tb1,0.7137382281721757,0.43434905857575484,0.18,-0.31354469136169794
1777027953.8642623,tb7,-0.003241259921704664,1.050385186686588,0.18,-0.4630402646937255
1777027953.8695412,tb3,0.19090765954725117,-0.13876869613625872,0.18,-0.18867747871774385
1777027953.9029338,tb2,-0.4272485478396172,0.3160172041310901,0.17999999999999997,-0.23211887321181698
1777027953.9101894,tb1,0.7114880080619471,0.4254894135667782,0.18,-0.3103572857341285
1777027953.9142811,tb7,0.005491792603324555,1.0533012849818641,0.18,-0.46642243061282807
1777027953.919565,tb3,0.18182355582302856,-0.1388684642721906,0.18,-0.18852316861923846
1777027953.9530506,tb2,-0.4272485478396172,0.3160172041310901,0.18,-0.23009078658258042
1777027953.9604652,tb1,0.7090999762624722,0.4166674372106861,0.18,-0.3072461275910913
1777027953.9642675,tb7,0.014291635586086789,1.0560145585301612,0.18,-0.4697192429476715
1777027953.9696746,tb3,0.17273899015921942,-0.13888253970010403,0.18,-0.18837371180007143
1777027954.0029807,tb2,-0.4310697136625476,0.3242804693807268,0.18,-0.2316250765722486
1777027954.0102437,tb1,0.7090999762624722,0.4166674372106861,0.18000000000000002,-0.30837863958969935
1777027954.014405,tb7,0.014291635586086789,1.0560145585301612,0.18,-0.47305044109015504
1777027954.0195718,tb3,0.16365477268650563,-0.1388110012205399,0.18,-0.1882425014227457
1777027954.0530694,tb2,-0.43479491442081636,0.332586696841929,0.18,-0.23345428492630427
1777027954.0602977,tb1,0.7065763770597357,0.40788492866925763,0.18,-0.3052919076209162
1777027954.0643318,tb7,0.023154132636032866,1.0585218346040561,0.18,-0.47632751000259566
1777027954.0697405,tb3,0.16365477268650563,-0.1388110012205399,0.18,-0.18609897280987397
1777027954.1030457,tb2,-0.43842414212994385,0.3409361721635881,0.18000000000000002,-0.23528595367678484
1777027954.110264,tb1,0.703917842738058,0.3991421508724412,0.18,-0.3019155978257493
1777027954.1144023,tb7,0.032074986877359976,1.0608199969775178,0.18,-0.4794504959475285
1777027954.1197379,tb3,0.15457170060222153,-0.13865393190926548,0.18,-0.1859624276709244
1777027954.1529982,tb2,-0.4419561206777868,0.3493282630107821,0.18,-0.23708856907455694
1777027954.1602256,tb1,0.7011262890643591,0.3904426294771167,0.18,-0.2986574750477017
1777027954.1642425,tb7,0.041049556408259295,1.0629059968384047,0.18,-0.4823910808058539
1777027954.1695774,tb3,0.14549145068532654,-0.1384118935626153,0.18,-0.18603370052622012
1777027954.2030394,tb2,-0.44538945948745706,0.3577621568200441,0.18,-0.23886941931166744
1777027954.2101865,tb1,0.6982040470582945,0.38178786613992743,0.18,-0.2955306545567808
1777027954.2143316,tb7,0.05007296242067583,1.0647769070098398,0.18,-0.48520271802033405
1777027954.21973,tb3,0.13641390999736094,-0.13808541768884905,0.18,-0.18610546136418094
1777027954.2530127,tb2,-0.4487228151993264,0.36623699621682376,0.18,-0.24064372157073927
1777027954.2602715,tb1,0.6951533469251742,0.3731791862760343,0.18,-0.2925209745961257
1777027954.2644668,tb7,0.05914020975079153,1.0664300774770121,0.18,-0.4878748773210324
1777027954.269641,tb3,0.12733976400492486,-0.13767452738239883,0.18,-0.18618224831236266
1777027954.3029382,tb2,-0.4519548623069612,0.3747519407050022,0.18,-0.24240839397027414
1777027954.3102787,tb1,0.6919764208454902,0.36461795369715305,0.18,-0.28963385687537224
1777027954.314244,tb7,0.06824629821315276,1.067863037694288,0.18,-0.49034676961538154
1777027954.319614,tb3,0.1182697951965948,-0.13717922043031286,0.18,-0.18625164728836024
1777027954.35308,tb2,-0.4519548623069612,0.3747519407050022,0.18,-0.24051726894903594
1777027954.3600967,tb1,0.6886755727948167,0.356105447571135,0.18,-0.2868810694124613
1777027954.3642695,tb7,0.07738604110063345,1.069073386721052,0.18,-0.4926496625755949
1777027954.3695767,tb3,0.10920479142649989,-0.13659949783291192,0.18,-0.18631847486390493
1777027954.4031653,tb2,-0.4550842090222778,0.3833061201969587,0.18,-0.24228743636794478
1777027954.410204,tb1,0.6886755727948167,0.356105447571135,0.18,-0.2875164244692619
1777027954.4152718,tb7,0.08655385203529152,1.0700590584748406,0.18,-0.47548952235413744
1777027954.4198716,tb3,0.10014554788814654,-0.13593537433030378,0.18,-0.18636903127105053
1777027954.453156,tb2,-0.45810989708378164,0.3918968518378281,0.17999999999999997,-0.2443724178288473
1777027954.4603207,tb1,0.6852528045184265,0.34764266924989495,0.18,-0.2847830472941187
1777027954.4644382,tb7,0.08655385203529152,1.0700590584748406,0.18,-0.49898310344200636
1777027954.4696198,tb3,0.10014554788814654,-0.13593537433030378,0.18,-0.1841634299104139
1777027954.5030274,tb2,-0.461031806097019,0.40052443291805834,0.18,-0.24644194916829748
1777027954.5101461,tb1,0.6817089102776752,0.3392299650542929,0.18,-0.28184281533293926
1777027954.514353,tb7,0.09573709263384596,1.0708216760759142,0.18,-0.5026327499701119
1777027954.5195646,tb3,0.09109289622946781,-0.13518688112852573,0.18,-0.18422896087524154
1777027954.5530286,tb2,-0.46384851658580895,0.4091880857201549,0.18,-0.24847216655908047
1777027954.560244,tb1,0.6780459167893095,0.3308700182908861,0.18,-0.279027817564101
1777027954.564433,tb7,0.10494550798750447,1.0713594176680952,0.18,-0.5042302466988399
1777027954.5697477,tb3,0.08204849871203006,-0.13435470970270166,0.18,-0.18449651170046086
1777027954.6029336,tb2,-0.4665585133118028,0.4178867673085152,0.18000000000000002,-0.25048689253392076
1777027954.6102288,tb1,0.6742659512665099,0.3225638417134571,0.18,-0.27632191095353503
1777027954.6143122,tb7,0.11416594867554199,1.0716659956589736,0.18,-0.5055028346144649
1777027954.619552,tb3,0.07301209241599306,-0.13343926208160198,0.18,-0.1847812900459239
1777027954.652926,tb2,-0.4691603649902022,0.42661946424012576,0.18,-0.252481414948895
1777027954.6601923,tb1,0.6703710629801555,0.3143124350522418,0.18,-0.2737219515454721
1777027954.6642635,tb7,0.12339191665296077,1.0717401112735379,0.18,-0.5066096992091141
1777027954.6694808,tb3,0.06398438140190049,-0.13244050219113684,0.18,-0.18504639382674634
1777027954.7030306,tb2,-0.4716526872534087,0.4353850005442548,0.18,-0.254479028503818
1777027954.710284,tb1,0.6663631987979095,0.3061167071034513,0.18,-0.2712096630649916
1777027954.714332,tb7,0.13261736300405055,1.071581029080239,0.18,-0.5075704191853553
1777027954.7196698,tb3,0.05496615299637684,-0.13135837840903158,0.18,-0.18528776127586377
1777027954.7530744,tb2,-0.4740341416677679,0.44418230640356754,0.18,-0.25647829406158545
1777027954.7602706,tb1,0.6622442531606804,0.2979775942376687,0.18,-0.26877735670526154
1777027954.764349,tb7,0.1418363049677058,1.0711882924688843,0.18,-0.5083594933694113
1777027954.7696023,tb3,0.04595819736519312,-0.1301928530691252,0.18,-0.18553115394651287
1777027954.8030765,tb2,-0.47630335385532374,0.45301024832359393,0.18,-0.2354408550223471
1777027954.810084,tb1,0.658016128886805,0.28989602628881134,0.18000000000000002,-0.2664299768625195
1777027954.8142097,tb7,0.15104273430523707,1.0705616590585345,0.18,-0.5089548565585105
1777027954.8195574,tb3,0.036961306615042495,-0.12894390028714595,0.18,-0.18576632301036802
1777027954.8531458,tb2,-0.47630335385532374,0.45301024832359393,0.18,-0.25681222438674556
1777027954.8601809,tb1,0.6536806526470242,0.2818728392476676,0.18,-0.2641527973778247
1777027954.8642375,tb7,0.16023056433763352,1.0697011500187301,0.18,-0.5093760166876524
1777027954.86963,tb3,0.027976281284539925,-0.1276115099093915,0.18,-0.1859820404161279
1777027954.90318,tb2,-0.47846157069963074,0.46185695243449004,0.18,-0.2608770367112833
1777027954.910231,tb1,0.6536806526470242,0.2818728392476676,0.17999999999999997,-0.2642152418434306
1777027954.9142807,tb7,0.16939373393256868,1.0686070515100066,0.18,-0.509629095330848
1777027954.919639,tb3,0.019003917933837152,-0.12619568608490905,0.18,-0.18620671984065204
1777027954.9529524,tb2,-0.48051242648968046,0.4707385940070324,0.17999999999999997,-0.2632482230770617
1777027954.9601803,tb1,0.6492396149891835,0.27390886571313217,0.17999999999999997,-0.26195531192716054
1777027954.9642422,tb7,0.17852619982900336,1.0672798935186352,0.18,-0.47621803342975494
1777027954.9694672,tb3,0.010045005210207455,-0.12469644054215859,0.18,-0.18644073819795684
1777027955.0033338,tb2,-0.4824483253025,0.47964787286243205,0.18,-0.2654347998396956
1777027955.0105755,tb1,0.6446938175538756,0.2660043298608045,0.18000000000000002,-0.25954425079592924
1777027955.014361,tb7,0.17852619982900336,1.0672798935186352,0.18,-0.5145628201132784
1777027955.0201035,tb3,0.0011003373171120027,-0.12311379144815414,0.18,-0.16805858901098208
1777027955.0536385,tb2,-0.4842673157274481,0.4885828831750719,0.17999999999999997,-0.2675973521672668
1777027955.0602238,tb1,0.640045062071201,0.2581611833035231,0.18,-0.2572021777491324
1777027955.0647774,tb7,0.18760975084595258,1.06573031191633,0.18,-0.5177363087137177
1777027955.0702908,tb3,0.0011003373171120027,-0.12311379144815414,0.18,-0.1843237092412434
1777027955.1029713,tb2,-0.4859679567220753,0.4975423256805008,0.18,-0.2697851723794189
1777027955.110148,tb1,0.6352952631378472,0.2503802715265006,0.18,-0.2549749723381537
1777027955.1143074,tb7,0.196667689877899,1.0639517683800257,0.18,-0.5168374624891477
1777027955.1194768,tb3,-0.007823006130131354,-0.1214529920214418,0.18,-0.1860929936555201
1777027955.153013,tb2,-0.48754877147711817,0.5065248130340523,0.18000000000000002,-0.2719535344995799
1777027955.16013,tb1,0.6304462664085644,0.24266215311383427,0.18,-0.2528546521518565
1777027955.164235,tb7,0.20567764626119253,1.061939610669574,0.18,-0.5155076329182224
1777027955.1695812,tb3,-0.01673732810286796,-0.11971147524686464,0.18,-0.18653034419799916
1777027955.2030869,tb2,-0.4890083490183305,0.5155288428554207,0.18,-0.274136827410751
1777027955.2102191,tb1,0.6254997834127493,0.2350073806703701,0.18,-0.2508076557086078
1777027955.2144706,tb7,0.21463210854136225,1.0596954012392825,0.18,-0.5140654611766005
1777027955.2199895,tb3,-0.02563576529220248,-0.11788717437956953,0.18,-0.18684101314020576
1777027955.2529879,tb2,-0.490345352799176,0.5245529336543298,0.17999999999999997,-0.2763442499387001
1777027955.2601626,tb1,0.620457493027243,0.22741658624870725,0.17999999999999997,-0.24883212367578575
1777027955.2643847,tb7,0.22352510785225893,1.0572213066518648,0.18,-0.5124670078504384
1777027955.269532,tb3,-0.03451699922123284,-0.11597995930376336,0.18,-0.1871817321726005
1777027955.3029323,tb2,-0.4915584180019366,0.5335956333043148,0.18,-0.2785588556229575
1777027955.3101926,tb1,0.615321075508079,0.21989038359563057,0.18,-0.24692999477657956
1777027955.3143575,tb7,0.23235086779488084,1.0545197419199899,0.18,-0.5107542284767057
1777027955.3196166,tb3,-0.04338018855452097,-0.11398982928333201,0.18,-0.18749547541969283
1777027955.352973,tb2,-0.49264618267699245,0.5426553386074691,0.18,-0.28079039536783335
1777027955.3601162,tb1,0.610092102193868,0.2124293060829593,0.18,-0.2450860017798635
1777027955.364259,tb7,0.24110380149271354,1.0515933032604023,0.18,-0.5089027325669336
1777027955.3696287,tb3,-0.05222451409373584,-0.11191679574682122,0.18,-0.18781396205961248
1777027955.4030318,tb2,-0.49264618267699245,0.5426553386074691,0.17999999999999997,-0.27945068069359674
1777027955.410092,tb1,0.6047721640602846,0.20503394271443423,0.18,-0.2433028495881656
1777027955.4142597,tb7,0.24977838816537667,1.0484448070612924,0.18,-0.506935786847436
1777027955.4196246,tb3,-0.06104916170244034,-0.10976088701524156,0.18,-0.18813652937215808
1777027955.4530284,tb2,-0.49360731280531855,0.5517304132744862,0.18,-0.28174807763342685
1777027955.4601645,tb1,0.6047721640602846,0.20503394271443423,0.18,-0.24282185036688078
1777027955.4642076,tb7,0.2583692864422523,1.0450772669391297,0.18,-0.5048360889298088
1777027955.4696684,tb3,-0.06985332268914753,-0.10752213091296829,0.18,-0.1884585065336755
1777027955.5029933,tb2,-0.49444123441806165,0.5608176654759993,0.18,-0.28438141057812333
1777027955.510211,tb1,0.599362808125418,0.19770482941573378,0.18,-0.24104661310463563
1777027955.5141993,tb7,0.2668713146369289,1.0414938576303863,0.18,-0.5026130905784992
1777027955.5195222,tb3,-0.0786361686592014,-0.10520057414166732,0.18,-0.18879654578160196
1777027955.5530815,tb2,-0.4951475098359927,0.5699168266315789,0.18,-0.2870412000660663
1777027955.5602942,tb1,0.5938649634934478,0.19044222964886606,0.18,-0.23920221911349193
1777027955.5642896,tb7,0.2668713146369289,1.0414938576303863,0.18,-0.5076107663110548
1777027955.5695496,tb3,-0.08739688782692823,-0.10279626510498345,0.18,-0.18913305439666392
1777027955.6029646,tb2,-0.4957247805393701,0.5790263379192836,0.18,-0.28970650212359234
1777027955.610173,tb1,0.5882802176154441,0.1832473110560619,0.18,-0.23741635160749427
1777027955.6142578,tb7,0.2752794656399678,1.0376978520304188,0.18,-0.50522482090248
1777027955.6195052,tb3,-0.08739688782692823,-0.10279626510498345,0.18,-0.18679596101297963
1777027955.6529443,tb2,-0.4961715966615047,0.588144492262147,0.18,-0.29236585085162364
1777027955.6601362,tb1,0.5826101319031759,0.17612060850153002,0.18,-0.2357037496791282
1777027955.6642413,tb7,0.2835909238974738,1.033689793313007,0.18,-0.5019465736718194
1777027955.6695807,tb3,-0.09613465881809682,-0.10030925414206182,0.18,-0.18713680908286331
1777027955.7030156,tb2,-0.4964865165561797,0.5972693720051161,0.18,-0.29503932837423735
1777027955.7102196,tb1,0.5768561731825266,0.16906249482027882,0.18,-0.23404230153073446
1777027955.714251,tb7,0.29179729431032053,1.0294732330915264,0.18,-0.4985230194842337
1777027955.7195256,tb3,-0.1048476842634159,-0.0977405497489025,0.18,-0.1877449970444629
1777027955.7529476,tb2,-0.49666819984175664,0.6063990941431038,0.18,-0.29773731467467235
1777027955.7601607,tb1,0.5710197686128416,0.16207341593906963,0.18,-0.23243349880121583
1777027955.764317,tb7,0.29989366347872287,1.0250523338233206,0.18,-0.49504315764742285
1777027955.7694898,tb3,-0.11353646793810723,-0.0950904541345097,0.18,-0.18836419209417046
1777027955.8031397,tb2,-0.4967153070307274,0.6155317763099766,0.18,-0.30044437118909084
1777027955.8101878,tb1,0.565102346894462,0.1551538272838587,0.18,-0.23087846000636938
1777027955.8143404,tb7,0.30787570348279697,1.02043139388722,0.18,-0.4915036704644254
1777027955.8196907,tb3,-0.12220030443759423,-0.09235894046478972,0.18,-0.1889587555904666
1777027955.852976,tb2,-0.49662644203330386,0.624665503246228,0.18,-0.30316044134983877
1777027955.8603349,tb1,0.5591053613890962,0.14830415811297964,0.18,-0.22938593179675318
1777027955.8643692,tb7,0.31573921122749643,1.0156149248537731,0.18,-0.48794605703511285
1777027955.8696296,tb3,-0.1308383605927936,-0.08954594927982808,0.18,-0.1895485809557483
1777027955.9029393,tb2,-0.4964001465511281,0.6337982685728379,0.18,-0.3058692378207639
1777027955.9102228,tb1,0.5530302427588553,0.1415247546159292,0.18,-0.2279612097331292
1777027955.914383,tb7,0.3234803839153943,1.0106075894446385,0.18,-0.48437580582952555
1777027955.9195418,tb3,-0.13944976737386358,-0.08665141890462576,0.18,-0.19012437959210832
1777027955.953044,tb2,-0.4960350065075751,0.6429278980271276,0.18,-0.30858618452884645
1777027955.9602535,tb1,0.5468783311662946,0.13481592905541126,0.18,-0.22658360927531032
1777027955.964344,tb7,0.3310957214478179,1.0054139937322766,0.18,-0.4807634502142233
1777027955.9696996,tb3,-0.14803362430405034,-0.08367531986969087,0.18,-0.19068163466846144
1777027956.0031185,tb2,-0.4960350065075751,0.6429278980271276,0.18,-0.30773425177003055
1777027956.0101774,tb1,0.5406509322162112,0.12817803815504955,0.18,-0.22525145242958275
1777027956.0142188,tb7,0.3385818115627265,1.0000387540289961,0.18,-0.4770974400457105
1777027956.0196464,tb3,-0.15658905899192013,-0.08061764554278156,0.18,-0.19124412735634305
1777027956.0529468,tb2,-0.4955297115895383,0.6520521519996783,0.18,-0.3105346684271227
1777027956.0602124,tb1,0.5406509322162112,0.12817803815504955,0.18,-0.22427674236354223
1777027956.064222,tb7,0.34593535777841383,0.9944867130968673,0.18,-0.473429708209709
1777027956.0694983,tb3,-0.16511520305205732,-0.07747839246115949,0.18,-0.19180491389405227
1777027956.1029484,tb2,-0.49488391128584996,0.6611674364995169,0.18,-0.31366097453262576
1777027956.110277,tb1,0.5343493816841797,0.12161145052617417,0.18,-0.22295092608921033
1777027956.1148374,tb7,0.35315344471852467,0.9887625237864148,0.18,-0.4697735025295663
1777027956.119631,tb3,-0.1736111613953709,-0.07425758798381495,0.18,-0.192353512896191
1777027956.1530006,tb2,-0.4940969988502252,0.6702729576080091,0.18,-0.31682133697931103
1777027956.1602254,tb1,0.5279747829650568,0.1151164518738129,0.18,-0.22163915626090222
1777027956.1642535,tb7,0.35315344471852467,0.9887625237864148,0.18,-0.47424857890750016
1777027956.1694129,tb3,-0.18207605171581634,-0.07095527366020474,0.18,-0.1929223545004053
1777027956.20318,tb2,-0.49316765188358985,0.6793665982243051,0.18,-0.31997472556891365
1777027956.2102978,tb1,0.5215284558235757,0.10869357583001353,0.18,-0.22037485339083585
1777027956.214364,tb7,0.360233291510964,0.9828706993323397,0.18,-0.4703930274358246
1777027956.2195566,tb3,-0.18207605171581634,-0.07095527366020474,0.18,-0.19057611472733385
1777027956.2531285,tb2,-0.4920945016926062,0.6884458736631776,0.18,-0.3231501308491259
1777027956.2601943,tb1,0.5150116362386754,0.10234310615429604,0.18,-0.21915716809200658
1777027956.2642992,tb7,0.3671733269252021,0.9768122486509345,0.18,-0.4656474014098957
1777027956.2696402,tb3,-0.1905090013800678,-0.06757149011655862,0.18,-0.19113665554697412
1777027956.3031216,tb2,-0.49087623520200424,0.6975083906234603,0.18,-0.3263251299452845
1777027956.3103132,tb1,0.5084255788508089,0.09606538314620484,0.18,-0.21798032080990948
1777027956.3142993,tb7,0.37396703033454026,0.9705931311981482,0.18,-0.46090580754197696
1777027956.319559,tb3,-0.19890819550134486,-0.06410741796773081,0.18,-0.19197884932358128
1777027956.3529167,tb2,-0.4895114618883914,0.7065516734111636,0.18,-0.3294884842406647
1777027956.3601117,tb1,0.5017715314149002,0.0898606884972499,0.18,-0.21686054739750885
1777027956.3643012,tb7,0.3806119818672225,0.9642188812070668,0.18,-0.4562713450658542
1777027956.3694959,tb3,-0.20727423200117662,-0.06056318602150318,0.18,-0.1928167580303222
1777027956.4029415,tb2,-0.4879989111964928,0.7155729419525457,0.18,-0.3326723037435729
1777027956.4101937,tb1,0.495050642143275,0.08372925546630117,0.18,-0.2157671044990756
1777027956.4143188,tb7,0.3871065775140891,0.9576945906267356,0.18,-0.45168151059278394
1777027956.4196885,tb3,-0.21560625412624626,-0.05693873016963084,0.18,-0.19362688246182722
1777027956.4530883,tb2,-0.48633744611619484,0.7245694807493654,0.18,-0.33588850595312686
1777027956.4603019,tb1,0.488264056838112,0.07767139304701934,0.18,-0.2147040601396657
1777027956.464337,tb7,0.39344906074087865,0.9510253535734212,0.18,-0.4471369504617076
1777027956.4696624,tb3,-0.22390333684356353,-0.05323400631728586,0.18,-0.19443120690834256
1777027956.5029507,tb2,-0.48452586772652323,0.733538639260067,0.18,-0.33911738481729864
1777027956.5101147,tb1,0.4814129664524695,0.07168741484079055,0.18,-0.21368973848276068
1777027956.5142648,tb7,0.399637839239608,0.9442163930872537,0.18,-0.442665695441595
1777027956.5196114,tb3,-0.23216454519306087,-0.049448970301220224,0.18,-0.19522005220623156
1777027956.5533037,tb2,-0.48256299300398264,0.7424775641547285,0.18,-0.3211318921497061
1777027956.560149,tb1,0.47449850544727845,0.0657775701735303,0.18,-0.21270630357197884
1777027956.5642931,tb7,0.4056716916932904,0.937272706625264,0.18,-0.43825879602360246
1777027956.569632,tb3,-0.24038890317805464,-0.045583611370055864,0.18,-0.19599653380763485
1777027956.6030338,tb2,-0.48256299300398264,0.7424775641547285,0.18,-0.34218104864662774
1777027956.6101015,tb1,0.46752176937135476,0.059942120588374385,0.18,-0.21175204699634412
1777027956.614272,tb7,0.4115494607019261,0.9301991910675496,0.18,-0.43387943930137546
1777027956.6194992,tb3,-0.24857545459990182,-0.041637941162001535,0.18,-0.1967650457607527
1777027956.6530042,tb2,-0.4804543983030575,0.7513756344707662,0.18,-0.3474209194441821
1777027956.6601758,tb1,0.4604838271597698,0.05418134277341011,0.18,-0.21082347264891588
1777027956.6643057,tb7,0.41727008279769867,0.9230006001066515,0.18,-0.4295348313366081
1777027956.6695337,tb3,-0.2567232336383068,-0.03761200421449009,0.18,-0.19753111186210975
1777027956.7031844,tb2,-0.4781959133487381,0.7602462443948041,0.18,-0.35110822389147994
1777027956.7102864,tb1,0.4604838271597698,0.05418134277341011,0.18,-0.20941698959780525
1777027956.7141929,tb7,0.42283257353836573,0.9156816748544279,0.18,-0.3945256710652649
1777027956.7195017,tb3,-0.26483128727777366,-0.03350585804573921,0.18,-0.1983028498893376
1777027956.7531068,tb2,-0.47578397136480216,0.7690788428419971,0.18,-0.3546640708140989
1777027956.7603133,tb1,0.45338575721387236,0.0484955294936331,0.18,-0.20848781975229363
1777027956.7644033,tb7,0.42283257353836573,0.9156816748544279,0.18,-0.42891365874144033
1777027956.7700515,tb3,-0.27289867020586467,-0.02931954576902042,0.18,-0.1796880306765925
1777027956.803067,tb2,-0.4732173450105217,0.77786965023374,0.18,-0.35819379001425483
1777027956.8101432,tb1,0.44622891580194796,0.042885009627423844,0.18,-0.20764547945425949
1777027956.8143208,tb7,0.42823416732871705,0.9082613956530742,0.18,-0.42750926353981544
1777027956.8194847,tb3,-0.27289867020586467,-0.02931954576902042,0.18,-0.1967690942449386
1777027956.8531017,tb2,-0.4704950133205857,0.7866153233136703,0.18,-0.3617466682596126
1777027956.8602576,tb1,0.43901424421746954,0.037349777036149716,0.18,-0.20682757517636674
1777027956.8644147,tb7,0.4334891624180118,0.9007194300243727,0.18,-0.4223745367949143
1777027956.869598,tb3,-0.28091922240880873,-0.025060852663753505,0.18,-0.19925550325114524
1777027956.9030955,tb2,-0.4676160880712949,0.7953125096153972,0.18,-0.3653322331579059
1777027956.9103029,tb1,0.4317427700810732,0.03189006466663474,0.18,-0.20604928339292977
1777027956.9143748,tb7,0.4385810154117528,0.8930677424275444,0.18,-0.4170553811062975
1777027956.9196136,tb3,-0.28890559926391834,-0.020722916389462616,0.18,-0.20029034339075702
1777027956.952956,tb2,-0.46457961510194945,0.8039579519288744,0.18,-0.36890815453623826
1777027956.960124,tb1,0.4244155466429902,0.026506117615084583,0.18,-0.20531110218641782
1777027956.9642363,tb7,0.4435083865692355,0.8853123158192516,0.18,-0.4119201278194977
1777027956.9695551,tb3,-0.29684946000134105,-0.01630539805143771,0.18,-0.20118941052832262
1777027957.003077,tb2,-0.4613846958346873,0.812548087020685,0.18,-0.3724863162538396
1777027957.0104764,tb1,0.4170335774680871,0.021198142780650117,0.18,-0.20458304573000854
1777027957.01442,tb7,0.4482716031420499,0.8774581228014309,0.18,-0.4069945279102436
1777027957.01958,tb3,-0.30474913532217884,-0.011808347999238656,0.18,-0.20206850024294473
1777027957.0538533,tb2,-0.4580307259502587,0.8210792042818031,0.18,-0.34777549008524034
1777027957.0602715,tb1,0.4095978393911634,0.015966372020321515,0.18,-0.20389458979364739
1777027957.0647933,tb7,0.45287108750000543,0.8695097392286568,0.18,-0.4022166982950195
1777027957.070146,tb3,-0.3126035419020122,-0.007231836980851133,0.18,-0.2029215822414403
1777027957.102969,tb2,-0.4580307259502587,0.8210792042818031,0.18,-0.37665286750165505
1777027957.1101985,tb1,0.4095978393911634,0.015966372020321515,0.18,-0.20228721116912632
1777027957.1142635,tb7,0.4573071915989886,0.8614718413684287,0.18,-0.3975226367821275
1777027957.1194878,tb3,-0.3204116638664739,-0.002575921291132394,0.18,-0.2038161269915563
1777027957.1531246,tb2,-0.4545264670830012,0.8295403949143108,0.18,-0.3826045918839419
1777027957.1602023,tb1,0.40210933078296296,0.010811046954573888,0.18,-0.2015867737856691
1777027957.1643023,tb7,0.4573071915989886,0.8614718413684287,0.18,-0.4006097612999242
1777027957.169556,tb3,-0.3281724539338462,0.0021593059445026257,0.18,-0.20468587617370826
1777027957.2030933,tb2,-0.4508634410480058,0.8379462887890186,0.18,-0.38657681772423097
1777027957.210214,tb1,0.3945694955262083,0.005732458864452087,0.18,-0.2010064480296473
1777027957.2144098,tb7,0.46158042672430166,0.8533488556287331,0.18,-0.3960132530184968
1777027957.2196016,tb3,-0.3281724539338462,0.0021593059445026257,0.18,-0.20243122242227687
1777027957.252948,tb2,-0.44703983717336737,0.8462833991171965,0.18,-0.3903751838454292
1777027957.2601547,tb1,0.38697908682987237,0.0007304302629938199,0.18,-0.20046174742745823
1777027957.264243,tb7,0.46569115412363216,0.8451414305539315,0.18,-0.39078232639149096
1777027957.269549,tb3,-0.33588485013917674,0.006973728167279927,0.18,-0.20332473539559615
1777027957.3029928,tb2,-0.4430551802583798,0.8545468833841643,0.18,-0.3941782063671626
1777027957.3103223,tb1,0.3793389851363746,-0.004194852813387934,0.18,-0.1999221208041002
1777027957.3143601,tb7,0.46963695427794844,0.8368559480298944,0.18,-0.3856834244756492
1777027957.319684,tb3,-0.34354709981580395,0.011865871788367425,0.18,-0.20449668549109992
1777027957.3530438,tb2,-0.4389092640999494,0.8627326350157922,0.18,-0.398018947799698
1777027957.3602638,tb1,0.37165009073226174,-0.00904313768406637,0.18,-0.19940154265481483
1777027957.3642554,tb7,0.4734185215369206,0.8284969401604438,0.18,-0.38074471187693637
1777027957.3695889,tb3,-0.3511596730325688,0.01683577649740043,0.18,-0.2056855177135397
1777027957.4030905,tb2,-0.43460192786942853,0.8708367042181522,0.18,-0.4018815421728275
1777027957.4102633,tb1,0.36391332451430264,-0.013814158548052907,0.18,-0.1988946146999798
1777027957.4143586,tb7,0.47703681149100075,0.8200686767732889,0.18,-0.37600075918150283
1777027957.4196253,tb3,-0.35872160242365125,0.021883448505860093,0.18,-0.2068490476629787
1777027957.4529588,tb2,-0.43013294986164113,0.8788550629119289,0.18,-0.4057288843747558
1777027957.460144,tb1,0.35612961234319407,-0.018507672924484245,0.18,-0.19841172446318206
1777027957.464296,tb7,0.48049294475844245,0.8115753525389576,0.18,-0.37144589496851
1777027957.4698033,tb3,-0.3662317776308241,0.027008894114591554,0.18,-0.20798218794231133
1777027957.5031216,tb2,-0.43013294986164113,0.8788550629119289,0.18,-0.4069811054540679
1777027957.510228,tb1,0.3482998445116206,-0.023123461266165515,0.18,-0.19793818601513102
1777027957.5142412,tb7,0.48378818563841763,0.8030208562235615,0.18,-0.36706045871196635
1777027957.5196102,tb3,-0.3736890262794252,0.03221208798900855,0.18,-0.20911325959343313
1777027957.5529742,tb2,-0.4255022248682507,0.886783427794251,0.18,-0.41092193401052574
1777027957.5600677,tb1,0.34042493096452336,-0.027661294189776555,0.18,-0.17763073945565808
1777027957.5642927,tb7,0.48692376592060826,0.7944090092989353,0.18,-0.3628402400712142
1777027957.56944,tb3,-0.3810921769545186,0.03749296518942861,0.18,-0.21022984771483985
1777027957.6032474,tb2,-0.42071087552989117,0.8946169026513207,0.18,-0.41508853960697056
1777027957.6101751,tb1,0.34042493096452336,-0.027661294189776555,0.18,-0.19566087563595558
1777027957.6142359,tb7,0.4899008535356603,0.7857432690796049,0.18,-0.35871571328933427
1777027957.619438,tb3,-0.38844005665301456,0.042851400971848835,0.18,-0.21132837875439348
1777027957.6530557,tb2,-0.4157591665961448,0.9023522191619385,0.18,-0.41925548287068254
1777027957.6602247,tb1,0.33251540902225046,-0.03212067729319847,0.18,-0.19705163801844267
1777027957.6643074,tb7,0.4899008535356603,0.7857432690796049,0.18,-0.36101383916070506
1777027957.6695855,tb3,-0.3957315152342419,0.04828723825509365,0.18,-0.2124309813984243
1777027957.7029405,tb2,-0.4106473859176793,0.9099851261517744,0.18,-0.4234137190990589
1777027957.710131,tb1,0.32455762241760566,-0.03650952792457054,0.18,-0.19674030848546215
1777027957.7142577,tb7,0.49272050276515633,0.777027072203969,0.18,-0.35691086169529673
1777027957.7195184,tb3,-0.3957315152342419,0.04828723825509365,0.18,-0.21026669858247604
1777027957.7530313,tb2,-0.40537591732792894,0.91751114027364,0.18,-0.4275554158570268
1777027957.7601686,tb1,0.31655662609417895,-0.04082023328054051,0.18,-0.19628163414707248
1777027957.7643554,tb7,0.4953830610229095,0.7682608267270454,0.18,-0.3522927803773027
1777027957.7694914,tb3,-0.4029654168396679,0.05380031988809414,0.18,-0.2113931397620171
1777027957.8029869,tb2,-0.3999453584478105,0.9249256213237779,0.18,-0.43167532521441987
1777027957.8102002,tb1,0.3085137441261008,-0.04505191393375961,0.18,-0.19583022770454514
1777027957.8144522,tb7,0.4978875516582506,0.7594502267587827,0.17999999999999997,-0.3477916612140941
1777027957.8195891,tb3,-0.41013995789080865,0.059388968574929646,0.18,-0.21281857706103652
1777027957.8529515,tb2,-0.39435639323187555,0.9322240038179186,0.18,-0.43576001035040185
1777027957.860173,tb1,0.3004299020688036,-0.049204320396503715,0.18,-0.19540393516261903
1777027957.8642979,tb7,0.5002353216925156,0.7505989158259188,0.18,-0.34345876732941144
1777027957.869544,tb3,-0.4172556030371785,0.06505334552042898,0.18,-0.2142494734835768
1777027957.9030087,tb2,-0.38860979139048696,0.9394016064257736,0.18,-0.43979387192898733
1777027957.9101162,tb1,0.29230598054451323,-0.053277262758382994,0.18,-0.1950030205749474
1777027957.9142845,tb7,0.5024279690936414,0.7417102026255383,0.18,-0.3393090544974348
1777027957.9195037,tb3,-0.42431123726968534,0.07079343526017395,0.18,-0.2156534829531502
1777027957.9530306,tb2,-0.3827067751600811,0.9464535465044291,0.18,-0.443817535644695
1777027957.960215,tb1,0.28414282791700246,-0.0572705564533569,0.18,-0.1946160247922917
1777027957.9643607,tb7,0.5044670827754826,0.7327870506506274,0.17999999999999997,-0.3352900376044532
1777027957.9695385,tb3,-0.43130555635900425,0.0766091181205793,0.18,-0.21704106380985755
1777027958.002961,tb2,-0.37664850066000655,0.9533751980145764,0.18,-0.4477901917585764
1777027958.010191,tb1,0.2759413105631584,-0.06118400063765939,0.18,-0.19425596880839027
1777027958.0143492,tb7,0.5063541193788252,0.723832562039572,0.18,-0.33140842774342344
1777027958.0194864,tb3,-0.4382373274525232,0.08250027702042341,0.18,-0.218416178639727
1777027958.0528882,tb2,-0.3704363954208714,0.9601617404934333,0.18,-0.4517181811305326
1777027958.0600626,tb1,0.26770227615122366,-0.06501740543387614,0.18,-0.19392090699569767
1777027958.0642142,tb7,0.508090598792901,0.7148496045945812,0.18,-0.3276451789841415
1777027958.069477,tb3,-0.445105270216432,0.08846676340532961,0.18,-0.2197775001126577
1777027958.1030242,tb2,-0.36407210873952206,0.9668083671252787,0.18,-0.4556146470033014
1777027958.1103036,tb1,0.2594265583616792,-0.06877057417422902,0.18,-0.1935894901861371
1777027958.1142614,tb7,0.5096779639874118,0.7058409029385829,0.18,-0.32398606724723716
1777027958.1195388,tb3,-0.451908083992477,0.09450834438073506,0.18,-0.22113804350870653
1777027958.1530862,tb2,-0.36407210873952206,0.9668083671252787,0.18,-0.45825186116347666
1777027958.1601367,tb1,0.25111500952197463,-0.07244330596612955,0.18,-0.1932956895803767
1777027958.1642816,tb7,0.5111176666970249,0.6968092690463216,0.18,-0.3204403277136066
1777027958.169673,tb3,-0.45864453505116526,0.10062483148079861,0.18,-0.22249085820235737
1777027958.203049,tb2,-0.35755741527739965,0.9733103286562343,0.18,-0.4621976391712697
1777027958.2102013,tb1,0.25111500952197463,-0.07244330596612955,0.18,-0.19126045297522723
1777027958.2142031,tb7,0.5124112103472006,0.6877573237458097,0.18,-0.3169980829795187
1777027958.219602,tb3,-0.4653133320802152,0.10681601196936617,0.18,-0.22384755696312963
1777027958.2531292,tb2,-0.3508947459566765,0.9796627246310838,0.18,-0.4661672533477089
1777027958.2602918,tb1,0.2427684728043826,-0.07603540371853991,0.18,-0.19096359353108558
1777027958.264439,tb7,0.5124112103472006,0.6877573237458097,0.18,-0.31840051552861015
1777027958.2695434,tb3,-0.4719131619247821,0.11308159586487396,0.18,-0.22520891045021357
1777027958.303121,tb2,-0.3440860794070388,0.9858611665583604,0.18,-0.4700472828662669
1777027958.3103006,tb1,0.23438864706453022,-0.07954677398542886,0.18,-0.19085662159460529
1777027958.3142955,tb7,0.5135600585979414,0.6786875643247389,0.18,-0.31497320589245553
1777027958.3196893,tb3,-0.4719131619247821,0.11308159586487396,0.18,-0.22318289012747183
1777027958.3529534,tb2,-0.3371335675207831,0.9919008906717087,0.18,-0.47378850878203244
1777027958.3602743,tb1,0.22597577832454213,-0.08297787317592283,0.18,-0.1907728374075945
1777027958.3642638,tb7,0.5145647322781459,0.6696003512160137,0.18,-0.3111906805112635
1777027958.3694897,tb3,-0.4784427264812698,0.11942129192796572,0.18,-0.22457594167698836
1777027958.40298,tb2,-0.3300397775313914,0.997776883927261,0.18,-0.47743331250119914
1777027958.4102948,tb1,0.21753059097944674,-0.08632850368314408,0.18,-0.19068946877705803
1777027958.4144266,tb7,0.5154254803206783,0.6605000754378205,0.18,-0.3075188457594188
1777027958.4195735,tb3,-0.4849002862912644,0.1258332108195808,0.18,-0.22626508576898816
1777027958.4529617,tb2,-0.32280743687752866,1.003484365935286,0.18,-0.48095581391128855
1777027958.4601846,tb1,0.20905386289121852,-0.08959840569224167,0.18,-0.19061528224418461
1777027958.4643471,tb7,0.5161439406540748,0.6513892845249241,0.18,-0.3039824848677814
1777027958.4697545,tb3,-0.4912861037254906,0.13231758468887878,0.18,-0.22795100574508928
1777027958.5029683,tb2,-0.31543938825486934,1.0090185882541558,0.18,-0.48433156954315143
1777027958.510152,tb1,0.20054637966732536,-0.09278732130625436,0.18,-0.19054324649840293
1777027958.5142262,tb7,0.5167218747885262,0.6422703869905022,0.18,-0.3006071832651432
1777027958.5194795,tb3,-0.49759888470696756,0.13887428117440875,0.17999999999999997,-0.22962719732669454
1777027958.552979,tb2,-0.3079388369072203,1.0143747613325154,0.18,-0.487569179202364
1777027958.5602238,tb1,0.19200892520841797,-0.09589499889557694,0.18,-0.19047320099229395
1777027958.5644135,tb7,0.5171610555722481,0.6331454306413439,0.17999999999999997,-0.2973584439545918
1777027958.5695682,tb3,-0.5038371449162028,0.14550303721611427,0.17999999999999997,-0.23127430328462
1777027958.6029854,tb2,-0.30030918897109055,1.0195482560542704,0.18,-0.49066257880000574
1777027958.6101313,tb1,0.18344228579254307,-0.09892119183962259,0.18,-0.19041785513130158
1777027958.614337,tb7,0.5174631261533331,0.6240165368963799,0.18,-0.2942200800112625
1777027958.6195714,tb3,-0.509999450172964,0.15220357560667422,0.17999999999999997,-0.2329116173311171
1777027958.6529858,tb2,-0.30030918897109055,1.0195482560542704,0.18,-0.49436961140665425
1777027958.6602554,tb1,0.17484724451814151,-0.10186565925445398,0.18,-0.19036136915110285
1777027958.6642358,tb7,0.5176297074134746,0.6148857325367332,0.18,-0.2911882990968156
1777027958.669499,tb3,-0.5160843477300459,0.15897557533401707,0.17999999999999997,-0.23454374878486972
1777027958.7030377,tb2,-0.29255401053691826,1.0245345582042524,0.18,-0.4974100565530937
1777027958.7102418,tb1,0.17484724451814151,-0.10186565925445398,0.18,-0.18820680547338137
1777027958.7142377,tb7,0.5176624095562798,0.605755002947398,0.18,-0.2882636562831449
1777027958.7196252,tb3,-0.5220903859826005,0.16581870322044126,0.18000000000000002,-0.2361612690976462
1777027958.7530742,tb2,-0.2846767863455792,1.0293292833619738,0.18,-0.5002003091562507
1777027958.7601955,tb1,0.16622458851464797,-0.10472816203564347,0.18,-0.18815604884977255
1777027958.7642934,tb7,0.5176624095562798,0.605755002947398,0.18,-0.2889994585260284
1777027958.7695804,tb3,-0.5280160914077038,0.17273256362011832,0.18,-0.23778433002729754
1777027958.8029985,tb2,-0.2766817136428038,1.0339278189651435,0.18,-0.5027844321736666
1777027958.8102937,tb1,0.15757613372108492,-0.10750863981091544,0.18,-0.1883078725603635
1777027958.8144345,tb7,0.5175627914554606,0.5966261952659584,0.18,-0.28609688923078297
1777027958.8196547,tb3,-0.5280160914077038,0.17273256362011832,0.17999999999999997,-0.23592565483407832
1777027958.8530288,tb2,-0.26857305611959775,1.0383258920725007,0.18,-0.5051805588863959
1777027958.8602939,tb1,0.1489019238985352,-0.11020761431749063,0.18,-0.18847770845834433
1777027958.8643997,tb7,0.5173314410942981,0.5874997206746673,0.18,-0.2829519227668352
1777027958.869499,tb3,-0.5338599736405598,0.17971669936572982,0.18,-0.23758719957221958
1777027958.9029741,tb2,-0.26035528184579826,1.0425194001381979,0.18,-0.5073624091099128
1777027958.9102032,tb1,0.14020261033891848,-0.11282483457099968,0.18,-0.18864099564611753
1777027958.914431,tb7,0.5169692471458575,0.578379073112165,0.17999999999999997,-0.279934433666644
1777027958.9196298,tb3,-0.5396204059896506,0.1867690780991982,0.18000000000000002,-0.23953043153938822
1777027958.9528928,tb2,-0.2520331197532945,1.046504414315809,0.18,-0.5093404301364358
1777027958.9601502,tb1,0.13147893718102832,-0.11535998219279188,0.18,-0.1887946959483568
1777027958.9642344,tb7,0.5164780073785048,0.5692660751455529,0.18,-0.2770557942239145
1777027958.969571,tb3,-0.5452973386869668,0.19389000992289757,0.18,-0.24146720731280633
1777027959.0029051,tb2,-0.24361156528359998,1.050277259753376,0.18,-0.511137131488015
1777027959.010748,tb1,0.12273166645410707,-0.11781274900710513,0.18,-0.18891541332886597
1777027959.014291,tb7,0.5158593827899504,0.5601622149672555,0.18,-0.27427345478844234
1777027959.0195427,tb3,-0.5508891949807299,0.2010790888781334,0.18,-0.24339413152037642
1777027959.053389,tb2,-0.23509574437327516,1.0538345284847386,0.18,-0.512781212131301
1777027959.060272,tb1,0.11396156759907615,-0.12018284313640014,0.18,-0.18908334203877752
1777027959.0645652,tb7,0.5151149446087254,0.5510691754092076,0.18,-0.2715949726441312
1777027959.0698051,tb3,-0.5563944323607973,0.20833590827159573,0.18,-0.2452953033545708
1777027959.1028259,tb2,-0.2264909358934144,1.0571730220774167,0.18,-0.4990899216626472
1777027959.110085,tb1,0.10516939343589081,-0.12246998885267893,0.18,-0.18923722097761694
1777027959.114275,tb7,0.5142462425728427,0.5419884851671919,0.18000000000000002,-0.2690024142511202
1777027959.119487,tb3,-0.5618114412406947,0.21565997469515288,0.18,-0.24720993669700528
1777027959.1530457,tb2,-0.2264909358934144,1.0571730220774167,0.18,-0.5187163124987053
1777027959.1601157,tb1,0.09635591246742659,-0.1246739047074177,0.18,-0.18938004632075417
1777027959.164312,tb7,0.5132547382062056,0.5329216090962853,0.17999999999999997,-0.266480559198341
1777027959.1695573,tb3,-0.5671386330242656,0.223050724322367,0.18,-0.24910825711192547
1777027959.2029908,tb2,-0.217809862155852,1.0602907178881213,0.18,-0.5214992109435165
1777027959.2100923,tb1,0.08752189999709731,-0.1267943210549264,0.18,-0.18953110610585847
1777027959.2142737,tb7,0.5121418765159667,0.5238700424792356,0.18,-0.26403932341232245
1777027959.2194965,tb3,-0.5723744433921467,0.23050759530432618,0.18,-0.2510225358775607
1777027959.2529247,tb2,-0.20904406284817,1.0631890518541187,0.18,-0.5222005821491975
1777027959.2601497,tb1,0.08752189999709731,-0.1267943210549264,0.18,-0.18727987904802745
1777027959.2642467,tb7,0.5109090830146432,0.5148352067630487,0.18,-0.2616688093097249
1777027959.2694156,tb3,-0.5775172899677513,0.23803000266079896,0.18,-0.2529418927318503
1777027959.3030007,tb2,-0.20020465726626813,1.065858752566659,0.18,-0.5225155693703684
1777027959.3101547,tb1,0.07866812870111065,-0.1288309782208815,0.18,-0.18742706039501483
1777027959.3142583,tb7,0.5109090830146432,0.5148352067630487,0.18,-0.2617629766663565
1777027959.319427,tb3,-0.58256557367407,0.24561724847398048,0.18,-0.25487412051356145
1777027959.3529906,tb2,-0.19129830531740127,1.068296961091972,0.18,-0.5226123292638728
1777027959.3601725,tb1,0.06979652231934673,-0.13078392962461774,0.18,-0.18780317492770396
1777027959.36433,tb7,0.5095577345366815,0.5058184632080281,0.18,-0.25939549031622533
1777027959.3699207,tb3,-0.5875177186934671,0.25326870292856446,0.18,-0.24771133139658466
1777027959.403005,tb2,-0.18233118714881652,1.0705017485114086,0.18,-0.5225182238719613
1777027959.4101365,tb1,0.06090695207865875,-0.13265369446782865,0.18,-0.18819319326541992
1777027959.4142509,tb7,0.5080885313812844,0.49682028053974425,0.18,-0.2568727796476743
1777027959.419518,tb3,-0.5875177186934671,0.25326870292856446,0.18,-0.2552254780863097
1777027959.452937,tb2,-0.17330950921203883,1.0724715081679097,0.18,-0.5222157914108287
1777027959.4602194,tb1,0.05200004169517874,-0.13443999898155778,0.18,-0.18855765500281593
1777027959.464312,tb7,0.5065025036080021,0.4878431472575982,0.18000000000000002,-0.2544330072162422
1777027959.4695432,tb3,-0.5923717496917508,0.260979489913215,0.18,-0.25797891090295016
1777027959.503097,tb2,-0.1642395334636656,1.0742049070440483,0.18,-0.5217414606789993
1777027959.510237,tb1,0.04307654958341311,-0.13614249017907207,0.18,-0.18891451098140094
1777027959.5144322,tb7,0.5048011551626945,0.4788883437901883,0.18,-0.25208196013835293
1777027959.519817,tb3,-0.5971299060836095,0.26875348568879553,0.18,-0.26028424344331835
1777027959.553039,tb2,-0.1551275699168024,1.0757008856128745,0.18,-0.5210475753161675
1777027959.560239,tb1,0.0341372329240148,-0.13776083789097154,0.18,-0.1892615149585986
1777027959.564336,tb7,0.502985966463669,0.46995713671243006,0.18,-0.24982848312054293
1777027959.5695145,tb3,-0.6017884917688893,0.27658911643539796,0.18,-0.2625432251661256
1777027959.6029565,tb2,-0.1459800005324083,1.0769586695921998,0.18,-0.5201615707749649
1777027959.6101568,tb1,0.025182852531927234,-0.13929471448394098,0.18,-0.1896028200778577
1777027959.6142426,tb7,0.5010584486985089,0.46105070713702023,0.18,-0.24767421973081952
1777027959.6195052,tb3,-0.606345513580163,0.28448559855574596,0.18,-0.2647685721608244
1777027959.6530664,tb2,-0.1368031668439144,1.0779777762792766,0.18,-0.5191011466432519
1777027959.6602128,tb1,0.016214188477465613,-0.14074380125984412,0.18,-0.18993195807516422
1777027959.6643686,tb7,0.49902005853452835,0.4521701128866776,0.17999999999999997,-0.24560091508649515
1777027959.669578,tb3,-0.6107991149653128,0.29244211387123337,0.18,-0.26698819401959983
1777027959.7029068,tb2,-0.1276034540370442,1.0787580007912618,0.18,-0.5178273152084332
1777027959.7101333,tb1,0.007232026237649383,-0.14210779709451896,0.18,-0.19026468473911262
1777027959.7143173,tb7,0.49687217116693255,0.44331641505661024,0.18000000000000002,-0.2435997916196005
1777027959.7195,tb3,-0.6151475283268725,0.30045782490625716,0.18,-0.2692150835970181
1777027959.752939,tb2,-0.11838720347313397,1.0792994118357169,0.18,-0.5163881642608941
1777027959.7600951,tb1,-0.0017628489187238544,-0.1433864144265679,0.18,-0.1905946230526272
1777027959.7642572,tb7,0.49461610348319784,0.4344906580167091,0.18,-0.24166125477370204
1777027959.7695327,tb3,-0.6193889926854881,0.30853185318107795,0.17999999999999997,-0.27144578739082337
1777027959.8031142,tb2,-0.11838720347313397,1.0792994118357169,0.18,-0.5214469709597386
1777027959.8101707,tb1,-0.010769639880469308,-0.14457937668020526,0.18,-0.1909212596487957
1777027959.814249,tb7,0.49225313989723807,0.42569388133495734,0.18000000000000002,-0.23978124007002496
1777027959.8195145,tb3,-0.6235217493768321,0.31666322626337623,0.18,-0.27369676298870815
1777027959.8529532,tb2,-0.10916069883211049,1.079602324583405,0.18,-0.5197992631563649
1777027959.8601587,tb1,-0.010769639880469308,-0.14457937668020526,0.18,-0.18861707572167297
1777027959.8642805,tb7,0.4897845948955717,0.4169271352175503,0.18,-0.23796986632795805
1777027959.869482,tb3,-0.6275440556400508,0.3248510531239646,0.18,-0.27595608236114033
1777027959.9030163,tb2,-0.0999273205936995,1.0796657475793892,0.18,-0.5172944073138533
1777027959.9101732,tb1,-0.01978756134465256,-0.14568640907209304,0.18,-0.18894590381649148
1777027959.91426,tb7,0.4897845948955717,0.4169271352175503,0.17999999999999997,-0.23746951678853395
1777027959.9194202,tb3,-0.6314540975198933,0.3330943130630389,0.18,-0.2782271141269489
1777027959.9531372,tb2,-0.0906962541379828,1.0794889718001397,0.18,-0.5146019065877251
1777027959.9602451,tb1,-0.028814572804617168,-0.1467077326193324,0.18,-0.18952381122059678
1777027959.964361,tb7,0.48721171701349203,0.4081913587440011,0.17999999999999997,-0.23566359174616708
1777027959.9695606,tb3,-0.6314540975198933,0.3330943130630389,0.17999999999999997,-0.27696886265097864
1777027960.0029845,tb2,-0.08147409468063266,1.0790732591035057,0.18,-0.5117708302266533
1777027960.0102491,tb1,-0.0378510028582961,-0.14764380594742657,0.18,-0.19010712204680716
1777027960.0143538,tb7,0.48453530317337457,0.39948712756963684,0.18,-0.233805197126322
1777027960.0194812,tb3,-0.6352500893181136,0.3413918959178451,0.18,-0.27930248544244046
1777027960.052949,tb2,-0.07226716700509248,1.078420359616875,0.18,-0.5088830862235554
1777027960.0601351,tb1,-0.04689618545648035,-0.14849430734032784,0.18,-0.19067303224298726
1777027960.0642774,tb7,0.48175651585613805,0.39081599813285905,0.18,-0.23201750913577884
1777027960.069529,tb3,-0.6389304222870121,0.34974107723196246,0.18,-0.2819525570927766
1777027960.1029553,tb2,-0.06308128283802582,1.0775322424614102,0.18,-0.5058871504491692
1777027960.110189,tb1,-0.055949313604408975,-0.1492588573542377,0.18,-0.1912156007809537
1777027960.1144128,tb7,0.4788766342190914,0.38217883946207304,0.18,-0.23029199480043955
1777027960.119597,tb3,-0.6424945587696326,0.35814172748593487,0.18,-0.2846294930572032
1777027960.1529632,tb2,-0.05392239333741161,1.0764110019825137,0.18,-0.5027975999291379
1777027960.1602716,tb1,-0.06500959625590262,-0.14993710178639982,0.18,-0.19174193534579542
1777027960.164277,tb7,0.4758969189777387,0.37357654976351623,0.18,-0.2286414055824186
1777027960.1694891,tb3,-0.6459407170030952,0.3665929008768256,0.18,-0.2872962781373278
1777027960.2031748,tb2,-0.04479626425279033,1.0750589916913142,0.18,-0.4996445697324495
1777027960.2101262,tb1,-0.07407621288386412,-0.15052869606971594,0.18,-0.19226884143269135
1777027960.214287,tb7,0.47281860639867485,0.3650099343383827,0.18,-0.22705190487615992
1777027960.2194958,tb3,-0.6492668983532511,0.3750934251229742,0.18,-0.2899544369825958
1777027960.252948,tb2,-0.035708374912524384,1.0734786447470248,0.18,-0.4963399593889653
1777027960.2601943,tb1,-0.08314833126089935,-0.1510333238247358,0.18,-0.19278116803228273
1777027960.264312,tb7,0.4696428528858205,0.35647976672340903,0.18,-0.2255112743743814
1777027960.2695296,tb3,-0.652471137047574,0.38364198702991664,0.18,-0.29262701774243405
1777027960.3029976,tb2,-0.0266642444937168,1.0716726090592286,0.18,-0.4929755378819646
1777027960.310214,tb1,-0.09222513383086707,-0.15145068027843692,0.18,-0.1932915838209037
1777027960.3142886,tb7,0.46637080829572636,0.3479868793886033,0.18,-0.22402410709038797
1777027960.3195095,tb3,-0.6555515404462999,0.39223731857517624,0.18,-0.2953103953780285
1777027960.3529587,tb2,-0.0266642444937168,1.0716726090592286,0.18,-0.4977646030586548
1777027960.3601632,tb1,-0.10130579177442142,-0.1517804656261354,0.18,-0.19380244297742213
1777027960.364225,tb7,0.4630036174769544,0.33953206272573294,0.18,-0.22259070384860738
1777027960.3694522,tb3,-0.6585061668198606,0.4008780885950174,0.18,-0.2980027959710682
1777027960.403034,tb2,-0.017669149367115933,1.0696437172200188,0.18,-0.4942692576836872
1777027960.4101455,tb1,-0.11038945290711445,-0.15202239908470216,0.18,-0.1943145416484743
1777027960.4142487,tb7,0.45954235598258397,0.33111604920382137,0.18,-0.22119927705000655
1777027960.4195702,tb3,-0.6613330809347961,0.4095627976821407,0.18,-0.30072361827055333
1777027960.4530423,tb2,-0.0087252004365062,1.0673922089070764,0.18,-0.48982450164086727
1777027960.4602814,tb1,-0.11038945290711445,-0.15202239908470216,0.18,-0.19199205891250715
1777027960.4646504,tb7,0.4559881263811656,0.3227396240388113,0.18,-0.21984784305055993
1777027960.4694746,tb3,-0.6640303740495525,0.41829003360938866,0.18,-0.3034636687456297
1777027960.5029607,tb2,0.00015856094702279802,1.064920167295248,0.18,-0.48528719968899797
1777027960.5101905,tb1,-0.11947526549622181,-0.15217619938461868,0.18,-0.19251294902778074
1777027960.5142727,tb7,0.4559881263811656,0.3227396240388113,0.18,-0.218865061123034
1777027960.5197601,tb3,-0.666596097053029,0.4270582315037301,0.18,-0.3062192231677978
1777027960.5529964,tb2,0.008976780566086568,1.0622313144276139,0.18,-0.48080313133997415
1777027960.5601847,tb1,-0.1285611554192516,-0.15224227909054874,0.18,-0.19329160894717334
1777027960.5643103,tb7,0.45234200042704265,0.314403525359715,0.18,-0.21752722998968435
1777027960.5694902,tb3,-0.666596097053029,0.4270582315037301,0.18,-0.3054683016274688
1777027960.602988,tb2,0.017724984669409413,1.059329540822493,0.18,-0.47633553545365026
1777027960.6102042,tb1,-0.13764752647078318,-0.15222098395355446,0.18,-0.19407062844409997
1777027960.6142395,tb7,0.4486049022651767,0.30610836766630634,0.18,-0.21620635752333406
1777027960.619536,tb3,-0.6690283164636518,0.4358657787253751,0.18,-0.3083074096851189
1777027960.6529508,tb2,0.02639879796095058,1.0562187277508313,0.18,-0.4718786971087989
1777027960.6601617,tb1,-0.14673363847096846,-0.15211197888705555,0.18,-0.194832047995338
1777027960.6642404,tb7,0.4447778573405103,0.29785502143605613,0.18,-0.2149287715285499
1777027960.6695814,tb3,-0.6713255231137688,0.4447093150514149,0.18,-0.3114972657177753
1777027960.703003,tb2,0.03499405349266405,1.0529027839820029,0.18,-0.46743387621146504
1777027960.7101996,tb1,-0.1558186277273946,-0.15191489344868075,0.18,-0.19557389303116465
1777027960.714416,tb7,0.4408619003019574,0.2896441665670898,0.18,-0.21369078869579342
1777027960.7196429,tb3,-0.6734869963616896,0.4535883698547593,0.18,-0.3147280482542755
1777027960.7529454,tb2,0.04350669440932461,1.0493856933266916,0.18,-0.46299272988424567
1777027960.7602468,tb1,-0.16490162682589432,-0.1516293752142567,0.18,-0.19630168188432026
1777027960.7642891,tb7,0.4368580501507501,0.2814764817823709,0.18,-0.21250422556818147
1777027960.769495,tb3,-0.6755108123706827,0.4625013655806769,0.18,-0.3179682489554929
1777027960.8029494,tb2,0.05193289758644674,1.0456714980530166,0.18,-0.45857056416935804
1777027960.810254,tb1,-0.1739817512599132,-0.15125508485261466,0.18,-0.1970212627168467
1777027960.8143044,tb7,0.43276731966532916,0.2733526251719624,0.18,-0.21135945788206273
1777027960.8195655,tb3,-0.6773949114198974,0.47144653727552494,0.18,-0.32120894124226773
1777027960.8530908,tb2,0.060269054488432346,1.0417642429243923,0.18,-0.45416434801604616
1777027960.8602798,tb1,-0.1830581032893945,-0.15079170279581372,0.18,-0.19773421238849756
1777027960.8644266,tb7,0.4285906766572058,0.2652732054710331,0.18,-0.2102477537273837
1777027960.8695552,tb3,-0.6791372135479553,0.48042191411295276,0.18,-0.3244765853996102
1777027960.9028945,tb2,0.06851164691304382,1.0376680810468206,0.18,-0.44975408655362564
1777027960.910172,tb1,-0.1921298152717267,-0.1502389080436563,0.18,-0.19844335976065397
1777027960.9144096,tb7,0.4243291096664815,0.2572388986325726,0.18,-0.20918498015996315
1777027960.9194882,tb3,-0.6807357224422228,0.4894256687098003,0.18,-0.3277448938932347
1777027960.9529312,tb2,0.07665734144660373,1.0333873821325665,0.18,-0.4454270070940951
1777027960.960166,tb1,-0.20119597093894998,-0.14959637767956976,0.18,-0.1991415842692454
1777027960.964372,tb7,0.41998360747380925,0.2492503094607057,0.18,-0.20816820705126934
1777027960.9696681,tb3,-0.6821882969174974,0.49845580637345904,0.18,-0.3310092804235939
1777027961.0030708,tb2,0.08470327681452854,1.0289262482422772,0.18,-0.4264740406584656
1777027961.0107906,tb1,-0.21025562533353762,-0.14886382690114558,0.18,-0.19981271881026527
1777027961.014357,tb7,0.4155550828768111,0.24130799585661244,0.18,-0.20718331156968525
1777027961.019528,tb3,-0.6834928430501928,0.5075100814686215,0.18,-0.33430383171636646
1777027961.053671,tb2,0.08470327681452854,1.0289262482422772,0.18,-0.4450647306984459
1777027961.0603638,tb1,-0.21025562533353762,-0.14886382690114558,0.18,-0.19754598448072522
1777027961.0649498,tb7,0.4110444763369317,0.23341258467431453,0.18,-0.2062173583812469
1777027961.0697637,tb3,-0.6846473501715113,0.516586339058986,0.18,-0.3376101021750569
1777027961.1030116,tb2,0.09264311769558561,1.0242946113441704,0.18,-0.44202481820248
1777027961.1102896,tb1,-0.21930786094062155,-0.14804098052977865,0.18,-0.1982537827062554
1777027961.1146865,tb7,0.40645272531538323,0.2255646615564069,0.18,-0.18356405114942057
1777027961.119493,tb3,-0.6856497227240291,0.5256823822581169,0.18,-0.3409318240997337
1777027961.1529944,tb2,0.10048601052547695,1.0194867703544086,0.18,-0.43685162685927903
1777027961.1602497,tb1,-0.2283505524757093,-0.1471283504783539,0.18,-0.19923167600430697
1777027961.164309,tb7,0.40645272531538323,0.2255646615564069,0.18,-0.2039135019124093
1777027961.169625,tb3,-0.6864979628276805,0.5347956743550992,0.18,-0.3442861071261558
1777027961.2030704,tb2,0.10821913471180049,1.0145073792807957,0.18,-0.4315997467443084
1777027961.21029,tb1,-0.2373840944248559,-0.1461262322931619,0.18,-0.2002070734141575
1777027961.2143016,tb7,0.40178948015886357,0.2177702050836506,0.18,-0.2050009029349563
1777027961.219491,tb3,-0.6864979628276805,0.5347956743550992,0.18,-0.3442971480472715
1777027961.2530127,tb2,0.11583932212120737,1.0093612223691708,0.18,-0.4264739413383864
1777027961.2601979,tb1,-0.2464076952201471,-0.14503428290667622,0.18,-0.20117508903949763
1777027961.2643101,tb7,0.39704614419526113,0.2100141538190283,0.18,-0.20417058194315255
1777027961.2695997,tb3,-0.6871901558615297,0.5439237411440891,0.18,-0.34777450528073756
1777027961.3030083,tb2,0.12334444788069517,1.004052944957036,0.18,-0.42147689793712817
1777027961.3103068,tb1,-0.255420388702911,-0.14385212690963067,0.18,-0.2021158279977984
1777027961.3143816,tb7,0.39222352836585594,0.2023067204611443,0.18,-0.20320008681487775
1777027961.319552,tb3,-0.6877251208938028,0.5530625903703079,0.18,-0.35159164355408906
1777027961.352964,tb2,0.13073256425424284,0.9985871849875597,0.18,-0.41661397665321476
1777027961.360213,tb1,-0.26442121709554495,-0.1425794022763524,0.18,-0.20304759835748998
1777027961.364331,tb7,0.3873226294880859,0.19464933331147888,0.18,-0.20226865989072482
1777027961.3694913,tb3,-0.6881017763809509,0.562211074188755,0.18,-0.3554322718076504
1777027961.402901,tb2,0.13800196522430166,0.9929685386589379,0.18,-0.41188634744686453
1777027961.4101288,tb1,-0.27340918769016165,-0.1412157576283492,0.18,-0.20396506283117466
1777027961.4142654,tb7,0.38234437540107546,0.1870425636023762,0.18,-0.20138365750477216
1777027961.4194744,tb3,-0.6883180857782769,0.571366602503111,0.18,-0.35927879046628464
1777027961.4529963,tb2,0.14515119099400625,0.9872013014885508,0.18,-0.4072538713554432
1777027961.4602413,tb1,-0.2823832785887104,-0.13976087693188818,0.18,-0.20486824464511608
1777027961.4643579,tb7,0.37728964584378544,0.1794869084548667,0.18,-0.20053403358406546
1777027961.4695601,tb3,-0.6883720350292861,0.580526316244811,0.18,-0.36314966721875375
1777027961.503014,tb2,0.15217868670558068,0.9812897817741313,0.18,-0.40270402269617395
1777027961.5103178,tb1,-0.2913424901640094,-0.13821446870650173,0.18,-0.20576934238457453
1777027961.5143685,tb7,0.3721593091175321,0.17198288634789533,0.18,-0.19972702838977152
1777027961.5194826,tb3,-0.688261695721039,0.5896873540091867,0.18,-0.36703885876863046
1777027961.552958,tb2,0.1590830512334833,0.9752382630002507,0.18,-0.3982428084067887
1777027961.560172,tb1,-0.3002858272404479,-0.13657623556498827,0.18,-0.20667445487495056
1777027961.564348,tb7,0.3669542406406708,0.16453101335113157,0.18,-0.1989640908013479
1777027961.5695674,tb3,-0.6879851011700394,0.5988468260859445,0.18,-0.3709290840593273
1777027961.602901,tb2,0.16586305107652835,0.9690509424232648,0.18,-0.39387021589398596
1777027961.6102364,tb1,-0.30921223396423086,-0.13484591410301958,0.18,-0.2075727556214214
1777027961.6142833,tb7,0.3616752616256123,0.1571317625595524,0.18,-0.1982368687111759
1777027961.6195717,tb3,-0.6875403647840563,0.6080014537003527,0.18,-0.37485786628824974
1777027961.652857,tb2,0.17251757646161794,0.9627318347598351,0.18,-0.38956404930263194
1777027961.6601021,tb1,-0.31812068794626985,-0.13302324495034587,0.18,-0.20848151935335638
1777027961.6642604,tb7,0.35632319808397067,0.14978564542353004,0.18,-0.1975437122864739
1777027961.6694825,tb3,-0.6869256848278873,0.6171481384823571,0.18,-0.3788039385780647
1777027961.7029226,tb2,0.17251757646161794,0.9627318347598351,0.18,-0.3924217219916421
1777027961.710123,tb1,-0.32701013007686,-0.13110799529825057,0.18,-0.20938982153791838
1777027961.7142704,tb7,0.350898843583833,0.1424931532797281,0.18,-0.19688052640989
1777027961.7195506,tb3,-0.6861392801486732,0.6262835384654167,0.18,-0.3827789353148303
1777027961.7529585,tb2,0.17904554851194995,0.9562850437020304,0.18,-0.3881150789532823
1777027961.7602744,tb1,-0.3358795040559023,-0.12909994363844934,0.18,-0.2103017538147426
1777027961.764318,tb7,0.34540298450005963,0.13525478935005197,0.18,-0.19624777016702472
1777027961.7696173,tb3,-0.6851794694949617,0.6354042074473757,0.18,-0.38679252678547915
1777027961.802963,tb2,0.18544701672903335,0.9497110500196276,0.18,-0.3831447993846128
1777027961.810283,tb1,-0.3358795040559023,-0.12909994363844934,0.18,-0.20811034653494126
1777027961.8143895,tb7,0.34540298450005963,0.13525478935005197,0.18,-0.19449666036218022
1777027961.8194776,tb3,-0.6840445743132034,0.6445066998469068,0.18,-0.39081902458696655
1777027961.8529863,tb2,0.19171759691260012,0.9430151186176413,0.18,-0.37829340125454214
1777027961.8602524,tb1,-0.34472769892543215,-0.12699887857444916,0.18,-0.20905808918096389
1777027961.8644228,tb7,0.33983641116451246,0.12807105651449194,0.18,-0.1938719391534051
1777027961.869587,tb3,-0.6840445743132034,0.6445066998469068,0.18,-0.39189934382177916
1777027961.9029942,tb2,0.19785662548492933,0.9362016518236774,0.18,-0.3736172826744621
1777027961.9102516,tb1,-0.35355262715051583,-0.12480565209109994,0.18,-0.21028140144742408
1777027961.9142854,tb7,0.33420044120289594,0.1209426912368477,0.18,-0.19339694780029287
1777027961.9195268,tb3,-0.6827328444443758,0.6535874720367207,0.18,-0.39602022739185366
1777027961.9530816,tb2,0.20386380909245766,0.9292748446113474,0.18,-0.36912139206083894
1777027961.9602754,tb1,-0.3623546924698046,-0.12252029863118537,0.18,-0.21149606779325644
1777027961.9643066,tb7,0.32849575059169994,0.1138696150888266,0.18,-0.19295508928710423
1777027961.9694786,tb3,-0.6812435437260522,0.6626416671701879,0.18,-0.40039948971539896
1777027962.0029147,tb2,0.209739003494644,0.9222386901260187,0.18,-0.3647655633102923
1777027962.0101745,tb1,-0.37113283903158417,-0.12014246655044448,0.18,-0.21269840859509048
1777027962.0143049,tb7,0.32272303210825454,0.1068522424462059,0.18,-0.1925349445628956
1777027962.0195522,tb3,-0.6795755776538396,0.6716667161895397,0.18,-0.40478688190738177
1777027962.0530572,tb2,0.21548207179840445,0.9150969791885426,0.18,-0.36054469225091557
1777027962.0603154,tb1,-0.3798859089147672,-0.11767184488277979,0.18,-0.21388045865439007
1777027962.0644176,tb7,0.3168829827681313,0.09989106913773982,0.18,-0.19212862569180536
1777027962.069526,tb3,-0.6777274402109069,0.6806586835214112,0.18,-0.4091728272570607
1777027962.1029856,tb2,0.22109283260976387,0.9078534787249718,0.17999999999999997,-0.3564337371855955
1777027962.1103003,tb1,-0.38861277949443823,-0.11510812948880907,0.18,-0.21505659692180323
1777027962.1142988,tb7,0.3109763067361799,0.0929866089517159,0.18,-0.1917515052714369
1777027962.1195552,tb3,-0.6756976562485582,0.6896136529351818,0.18,-0.41352599506497634
1777027962.1530752,tb2,0.22657119846743085,0.9005118859763513,0.18,-0.3524496003393334
1777027962.1601589,tb1,-0.397312279300946,-0.11245102856994657,0.18,-0.21622915118493222
1777027962.164303,tb7,0.305003701361592,0.08613935692727558,0.18,-0.19139000844395734
1777027962.1694849,tb3,-0.6734847803681636,0.6985273643083487,0.18,-0.417849258346573
1777027962.2030613,tb2,0.231917176901489,0.8930757758400365,0.18,-0.34857190481396144
1777027962.210273,tb1,-0.40598321943450777,-0.1097002796030433,0.18,-0.2173868340428289
1777027962.2143815,tb7,0.2989658516030257,0.07934980584323087,0.18,-0.19104456836017644
1777027962.2195632,tb3,-0.6710875740901941,0.7073954146863689,0.18,-0.4221687271641813
1777027962.2531047,tb2,0.231917176901489,0.8930757758400365,0.18,-0.3505604205605684
1777027962.2602406,tb1,-0.41462441303535374,-0.10685563169235471,0.18,-0.21854812671345947
1777027962.2643087,tb7,0.2928634444259262,0.07261845290999881,0.18,-0.19072480448360923
1777027962.2694745,tb3,-0.6685048509082335,0.7162134805527435,0.18,-0.4264458367365012
1777027962.3030229,tb2,0.23713080753338764,0.8855485325542216,0.18,-0.3466859128108789
1777027962.310122,tb1,-0.4232346601876388,-0.103916840195648,0.18,-0.21971153010497727
1777027962.3142152,tb7,0.28669716165399356,0.0659457876257308,0.18,-0.19042696211177068
1777027962.3194685,tb3,-0.6657355556824756,0.724976962172008,0.18,-0.43069947046241347
1777027962.3529847,tb2,0.2422123698783251,0.8779308552406212,0.18,-0.3423569715928749
1777027962.360252,tb1,-0.4232346601876388,-0.103916840195648,0.18,-0.21762587126705144
1777027962.3646848,tb7,0.2804676612985518,0.059332295746077644,0.18,-0.16983101511269666
1777027962.3695166,tb3,-0.6627789097427866,0.7336811180385964,0.18,-0.43494761682902844
1777027962.4029799,tb2,0.24715952136484517,0.8702274759880247,0.17999999999999997,-0.33813888324931785
1777027962.410208,tb1,-0.4318126768520158,-0.10088374362666326,0.18,-0.21881484073526505
1777027962.414286,tb7,0.2804676612985518,0.059332295746077644,0.18,-0.18815993244154136
1777027962.4194038,tb3,-0.6596341402001136,0.7423213150640081,0.18,-0.43914075816170023
1777027962.4530594,tb2,0.2519724837623095,0.862442000860652,0.18,-0.3340688399905558
1777027962.4602404,tb1,-0.4403562739395003,-0.09775737238903864,0.18,-0.2202851397345199
1777027962.4642947,tb7,0.27418475365279626,0.05278159579990792,0.18,-0.18971697662887727
1777027962.4694996,tb3,-0.6596341402001136,0.7423213150640081,0.18,-0.44147164763945024
1777027962.5031025,tb2,0.256651758604268,0.854577715622241,0.18,-0.3301426189861014
1777027962.5102623,tb1,-0.44886576166731473,-0.09453770226711708,0.18,-0.22177073671974923
1777027962.5143018,tb7,0.2678378198759838,0.04628208924085006,0.18,-0.1896085769080398
1777027962.519593,tb3,-0.656300678306082,0.7508926615557411,0.18,-0.4457669395243284
1777027962.5529208,tb2,0.2611977761664827,0.8466378979271233,0.18,-0.3263468757530183
1777027962.5601428,tb1,-0.4573400260277783,-0.09122443727785115,0.18,-0.22323969446702124
1777027962.5643287,tb7,0.2614292754695173,0.03984242892398346,0.18,-0.18935556960392894
1777027962.5694735,tb3,-0.6527788560576792,0.7593897042318322,0.18,-0.45018268695414765
1777027962.6029067,tb2,0.26561106917994926,0.8386257249627337,0.18,-0.3226905135116616
1777027962.6101325,tb1,-0.46577775038565544,-0.08781727790669525,0.18,-0.22468625283234037
1777027962.61424,tb7,0.25496000859927664,0.033463868437253456,0.18,-0.18911552069503781
1777027962.6194868,tb3,-0.6490684302309456,0.7678084012301188,0.18,-0.45453649457264833
1777027962.6531265,tb2,0.2698922220077681,0.8305441397924856,0.18,-0.3191412841411854
1777027962.660267,tb1,-0.47417758574320246,-0.08431597930768923,0.18,-0.22611892110947948
1777027962.6642995,tb7,0.24843070683554858,0.027146942533254625,0.18,-0.18889002987657016
1777027962.6694996,tb3,-0.6451692062572275,0.7761435993343331,0.18,-0.45882146612059505
1777027962.7029898,tb2,0.2740417289102049,0.8223961319360003,0.18,-0.3156896930051047
1777027962.7102702,tb1,-0.48253823008578306,-0.0807203036631455,0.18,-0.2275453576560826
1777027962.714284,tb7,0.24184203765873594,0.020892131020886814,0.18,-0.18868999682425863
1777027962.7196643,tb3,-0.6410810903147153,0.7843902233076577,0.18,-0.4630052517587325
1777027962.7529113,tb2,0.27806017560782265,0.8141846449803953,0.18,-0.3123548099567204
1777027962.760143,tb1,-0.490858332805574,-0.0770300175348829,0.18,-0.2289664034340802
1777027962.764276,tb7,0.23519466402315797,0.0146999021237331,0.18,-0.1885119771582237
1777027962.7695262,tb3,-0.636804161424902,0.7925428856538802,0.18,-0.467063637750221
1777027962.8030014,tb2,0.2819482047050119,0.8059124100484527,0.18,-0.30911678367745254
1777027962.8102984,tb1,-0.49913649055861936,-0.07324495011615578,0.18,-0.23037698564973233
1777027962.8143764,tb7,0.22848923459780204,0.008570720750936508,0.18,-0.1883495918027079
1777027962.8195195,tb3,-0.6323388040522526,0.8005961273208676,0.18,-0.47103497756836143
1777027962.8532116,tb2,0.2857064052344239,0.7975820869683118,0.18,-0.3059606458429932
1777027962.860251,tb1,-0.5073713417615995,-0.06936493069592554,0.18,-0.2317944635769687
1777027962.864338,tb7,0.22172640108898292,0.0025050616891562237,0.18,-0.18821365159661907
1777027962.869664,tb3,-0.6276855666450227,0.8085445809437931,0.18,-0.47489962613252606
1777027962.9030375,tb2,0.2857064052344239,0.7975820869683118,0.18,-0.3070024904856822
1777027962.9102378,tb1,-0.5155614796498147,-0.06538982731567214,0.18,-0.23321459344868425
1777027962.914243,tb7,0.21490680667050638,-0.0034966047112904752,0.18,-0.18809954888664132
1777027962.9194646,tb3,-0.6228452520409551,0.8163827379439335,0.18,-0.47862468287779397
1777027962.9531496,tb2,0.289335385168031,0.7891963658613693,0.18,-0.30386096654507494
1777027962.9601023,tb1,-0.5237054882180509,-0.06131954317989864,0.17999999999999997,-0.21370042447882254
1777027962.964309,tb7,0.2080310883103054,-0.009433803800639634,0.18,-0.18799779665243652
1777027962.969506,tb3,-0.6178189398480177,0.8241050775942186,0.18,-0.48225320153879286
1777027963.0029757,tb2,0.29283554731196376,0.7807557430317811,0.18,-0.300387817764965
1777027963.0110426,tb1,-0.5237054882180509,-0.06131954317989864,0.18,-0.23271979684531502
1777027963.0147183,tb7,0.2010998866923814,-0.015306056189687382,0.18,-0.16817502122931455
1777027963.0194957,tb3,-0.6126078543715351,0.8317061373392285,0.18,-0.4857260192517511
1777027963.0536404,tb2,0.2962059457598399,0.7722641963735027,0.18,-0.2970307426993649
1777027963.0601323,tb1,-0.5317961857647466,-0.057162096677975935,0.18000000000000002,-0.23604093849006147
1777027963.0644782,tb7,0.2010998866923814,-0.015306056189687382,0.18,-0.18573922451339842
1777027963.0701632,tb3,-0.607213526051931,0.8391803569432232,0.18,-0.48911251055445576
1777027963.1030679,tb2,0.2994474271454331,0.7637243259901705,0.18,-0.2937606472793723
1777027963.110412,tb1,-0.5398470228055071,-0.05291048815320909,0.17999999999999997,-0.23777705852565484
1777027963.114445,tb7,0.19412300114897799,-0.021110865471927892,0.18,-0.1874470524812855
1777027963.1196482,tb3,-0.607213526051931,0.8391803569432232,0.18,-0.49285854597945
1777027963.153042,tb2,0.3025608305646894,0.7551386805327943,0.18,-0.29063823648638104
1777027963.1602557,tb1,-0.5478487066590836,-0.04856394425428995,0.17999999999999997,-0.23938412032038645
1777027963.1643836,tb7,0.1870890478017326,-0.026858177103004095,0.18,-0.1875801957755866
1777027963.169531,tb3,-0.6016377429810144,0.8465222759223785,0.18,-0.49614961684554765
1777027963.2029314,tb2,0.30554710418001246,0.7465096992891199,0.18,-0.28763989086599234
1777027963.2101717,tb1,-0.5557989919090033,-0.044122335269125325,0.17999999999999997,-0.2409726826019497
1777027963.2143316,tb7,0.18000117884670522,-0.032539964522817835,0.18,-0.18757898586121213
1777027963.219499,tb3,-0.5958821174448353,0.8537265559305803,0.18,-0.4991987839627024
1777027963.2529857,tb2,0.3084071984744993,0.7378396391609046,0.18,-0.2847431684742301
1777027963.2601814,tb1,-0.5636962561505497,-0.039585596926423695,0.17999999999999997,-0.2425632482499065
1777027963.2644377,tb7,0.1728603073473646,-0.038155066490062436,0.18,-0.1875752857780763
1777027963.2695355,tb3,-0.5899489534480815,0.8607873525661209,0.18,-0.5020681052102507
1777027963.303052,tb2,0.3111419778463072,0.7291307044785343,0.18000000000000002,-0.2819317176260292
1777027963.3102634,tb1,-0.5715389642788451,-0.03495370063074101,0.18,-0.24416064534426002
1777027963.314411,tb7,0.1656670874966857,-0.04370294766838938,0.18,-0.18759332960697253
1777027963.3196337,tb3,-0.583840732633458,0.8676992049709792,0.18,-0.5047497361006851
1777027963.3530347,tb2,0.3137523018981639,0.7203851502515579,0.18,-0.2792160297069663
1777027963.3601353,tb1,-0.5793256034253854,-0.030226584932901528,0.18,-0.24576551486133122
1777027963.364268,tb7,0.1584221489716773,-0.04918312267039894,0.18,-0.18763320098332384
1777027963.3694994,tb3,-0.5775601439990944,0.8744567336737934,0.18,-0.5072005103307043
1777027963.402914,tb2,0.3162390841882157,0.7116050983703965,0.18000000000000002,-0.27658949579330155
1777027963.4101205,tb1,-0.587054567674351,-0.025404226894402034,0.18,-0.24737149376352682
1777027963.4142778,tb7,0.1511261135941212,-0.054595108916930306,0.18,-0.1876819157560957
1777027963.4195013,tb3,-0.5711101588179875,0.8810545739596842,0.18,-0.5094485039496556
1777027963.452906,tb2,0.3186031641757821,0.7027924908276671,0.18,-0.2493504024236837
1777027963.4602635,tb1,-0.5947242165535692,-0.020486718600637662,0.18,-0.2489946792446492
1777027963.4642403,tb7,0.1437796074090885,-0.05993841795286416,0.18,-0.1877486072903851
1777027963.469562,tb3,-0.5644941467352739,0.8874874533920085,0.18,-0.511508917426133
1777027963.5032191,tb2,0.3186031641757821,0.7027924908276671,0.18000000000000002,-0.2743274672418518
1777027963.510237,tb1,-0.5947242165535692,-0.020486718600637662,0.18,-0.24729192510779355
1777027963.5143337,tb7,0.13638325351013217,-0.0652125632953655,0.18,-0.18781937801224965
1777027963.519528,tb3,-0.5577155693240962,0.8937503777248125,0.18,-0.5133243573437893
1777027963.5529356,tb2,0.3208481655721354,0.6939601359206118,0.17999999999999997,-0.2739480943064532
1777027963.5601244,tb1,-0.6023329942048249,-0.015474089678220357,0.18,-0.24895575041845136
1777027963.564301,tb7,0.12893767774985768,-0.07041705388484812,0.18,-0.16854918483845183
1777027963.5694087,tb3,-0.5507781498217628,0.8998383687066913,0.18,-0.5149177105624542
1777027963.6030302,tb2,0.32297857091989424,0.6850893845500718,0.18,-0.27119486564806367
1777027963.6103306,tb1,-0.609878514440352,-0.010367782164052196,0.18,-0.25091737218696336
1777027963.6143165,tb7,0.12893767774985768,-0.07041705388484812,0.18,-0.18565562838455768
1777027963.6196482,tb3,-0.5507781498217628,0.8998383687066913,0.18,-0.5196068623409593
1777027963.6530325,tb2,0.32498716612658496,0.676190732344706,0.18,-0.26833488907631
1777027963.660306,tb1,-0.6173607625641265,-0.0051677297294596995,0.18,-0.25288936339448
1777027963.6642575,tb7,0.12145224593764954,-0.07555049323083153,0.18,-0.18740831960621115
1777027963.669596,tb3,-0.5436860172393527,0.9057465921595184,0.18,-0.5210604932488123
1777027963.7030008,tb2,0.3268744211657337,0.6672670415450491,0.18,-0.2656139793245377
1777027963.7103834,tb1,-0.6247781373905521,0.00012614444785378072,0.18,-0.2548498134942241
1777027963.7142603,tb7,0.11391552558498262,-0.08062064518638697,0.18,-0.1877271507912135
1777027963.719575,tb3,-0.5364417247279286,0.9114708127127172,0.18,-0.5219301441709441
1777027963.7530982,tb2,0.3286414759070415,0.6583201275143338,0.18000000000000002,-0.26299824973306624
1777027963.7603006,tb1,-0.6321288324767689,0.005513804377007463,0.18,-0.256813731552648
1777027963.7643027,tb7,0.10633119816547715,-0.08562051738673575,0.18,-0.18792974665866777
1777027963.7697217,tb3,-0.5290503656711986,0.9170049954135097,0.18,-0.5225485190545727
1777027963.8030155,tb2,0.3302893580867876,0.6493517871955621,0.18000000000000002,-0.2604772741408059
1777027963.810298,tb1,-0.639411105776199,0.010995202453039,0.18,-0.2587693791054835
1777027963.8142927,tb7,0.09870017630054002,-0.09054907839626505,0.18,-0.18813492501093776
1777027963.8196888,tb3,-0.5215168648850952,0.9223447478169268,0.18,-0.5229241099872812
1777027963.8529372,tb2,0.3318191111321894,0.6403638699327004,0.18,-0.2580643996131757
1777027963.8601224,tb1,-0.6466231616764867,0.016570273157963344,0.18,-0.2607244107854141
1777027963.864231,tb7,0.09102309725479843,-0.09540577726911982,0.18,-0.18835116692091705
1777027963.8694925,tb3,-0.5138462467657796,0.9274860676137036,0.18,-0.5230580743103367
1777027963.9029827,tb2,0.33323178843692264,0.6313580289070766,0.18,-0.2557406595887588
1777027963.9102266,tb1,-0.653763152048904,0.02223886709926085,0.18,-0.26267617475813376
1777027963.9142878,tb7,0.08330058302700766,-0.10019009503426211,0.18,-0.18857215806669717
1777027963.919651,tb3,-0.5060437406151308,0.9324251851653211,0.18,-0.5230065235858796
1777027963.9529145,tb2,0.334528338056157,0.6223358405757176,0.18,-0.25348569292631173
1777027963.9602861,tb1,-0.6608292462051605,0.028000780934196116,0.18000000000000002,-0.264642019876678
1777027963.9642947,tb7,0.07553325979930038,-0.10490151767046879,0.18,-0.18880665837085903
1777027963.9694834,tb3,-0.49811473295661735,0.9371585980640539,0.18,-0.522700968287471
1777027964.003458,tb2,0.3357097243389209,0.613298998556264,0.18,-0.22775759837262813
1777027964.010135,tb1,-0.6678196273132208,0.033855825717071054,0.18000000000000002,-0.26662195281114254
1777027964.014218,tb7,0.0677217509213043,-0.10953953466234131,0.18,-0.1890556962683498
1777027964.019499,tb3,-0.49006476578813335,0.9416830447237965,0.18,-0.5221940025189493
1777027964.0530562,tb2,0.3357097243389209,0.613298998556264,0.17999999999999997,-0.25103358258053227
1777027964.0601096,tb1,-0.6747324140987684,0.03980369638968705,0.18,-0.2502066398979894
1777027964.0642781,tb7,0.059866691665784046,-0.11410363294019477,0.18,-0.1893047711621727
1777027964.0695422,tb3,-0.4818995131068655,0.9459955278478968,0.18,-0.5214576609075673
1777027964.1029575,tb2,0.33678080909210706,0.6042589989492706,0.18,-0.25096835225462766
1777027964.1102223,tb1,-0.6747324140987684,0.03980369638968705,0.18000000000000002,-0.2672160604568109
1777027964.1144903,tb7,0.05196870720510059,-0.11859329922284907,0.18,-0.18955575027710833
1777027964.1194751,tb3,-0.47362480852627564,0.9500933114386539,0.18,-0.5205106340354739
1777027964.152957,tb2,0.3377437797559274,0.5951974513249613,0.17999999999999997,-0.24868390638751692
1777027964.1602783,tb1,-0.6815626109459227,0.045836009664763755,0.18,-0.27086270363856935
1777027964.1642566,tb7,0.05196870720510059,-0.11859329922284907,0.18,-0.1872455342957803
1777027964.169495,tb3,-0.4652465350289298,0.9539739434877126,0.18,-0.5193676302895391
1777027964.2029865,tb2,0.33859296478981166,0.5861247838723713,0.18,-0.2463000869959016
1777027964.210257,tb1,-0.6883194048503954,0.05196131419038894,0.18,-0.27322018294202266
1777027964.2144105,tb7,0.04402845346532346,-0.12300801971699897,0.18,-0.18751523620871544
1777027964.219688,tb3,-0.4652465350289298,0.9539739434877126,0.18,-0.5245201808258917
1777027964.2530437,tb2,0.3393289349703469,0.5770433329864176,0.18,-0.24400287202197216
1777027964.2603836,tb1,-0.694994282931418,0.058178206623894675,0.18,-0.2754546803679219
1777027964.264339,tb7,0.03604787331303905,-0.12734727855957834,0.18,-0.18805279587729803
1777027964.2695558,tb3,-0.45677068549566174,0.9576352259807734,0.18,-0.5231537702059197
1777027964.3029683,tb2,0.3399527743924117,0.5679547163397536,0.18,-0.24182835307448175
1777027964.3101296,tb1,-0.7015847199926883,0.06448632146401713,0.18,-0.27767512787648707
1777027964.3142617,tb7,0.028026824568724275,-0.13161164278531298,0.18,-0.18859659176471535
1777027964.319555,tb3,-0.4482002268721942,0.9610748826183075,0.18,-0.5209292315079401
1777027964.353102,tb2,0.3404656173606551,0.5588602466859969,0.18,-0.2397441286789884
1777027964.3605459,tb1,-0.7080885160705944,0.0708852666176497,0.18,-0.27988792477236696
1777027964.364326,tb7,0.019965829323122606,-0.13580056133261528,0.18,-0.18912316799954737
1777027964.3695881,tb3,-0.43954329563774475,0.9642887954087583,0.18,-0.5184794473438776
1777027964.4030635,tb2,0.3408684704121366,0.5497612336360004,0.18,-0.23773749291251806
1777027964.4103515,tb1,-0.7145036176769576,0.07737458032900779,0.18000000000000002,-0.2821381404199406
1777027964.414374,tb7,0.011865484692093782,-0.13991342610930982,0.18,-0.18964232771136263
1777027964.4196007,tb3,-0.4308065351890848,0.9672755550607938,0.18,-0.5158818455933037
1777027964.452928,tb2,0.34116233160026943,0.5406590722369308,0.18,-0.23581849357637877
1777027964.4601254,tb1,-0.7208280422215326,0.08395388009058012,0.18,-0.2843930510269569
1777027964.4642327,tb7,0.0037263717756904693,-0.1439496402738736,0.18,-0.19015908770480233
1777027964.4694972,tb3,-0.4219964770750775,0.9700342851637765,0.18,-0.5131643812428553
1777027964.5029988,tb2,0.34134822439250856,0.5315550596001782,0.18,-0.23398022078612746
1777027964.5102627,tb1,-0.7270596603657146,0.09062266860607031,0.18,-0.28665431916525946
1777027964.514305,tb7,-0.004450881445041106,-0.14790858825155356,0.18,-0.1906605407322929
1777027964.519711,tb3,-0.41311942601499807,0.9725645027155437,0.18,-0.5103537752637655
1777027964.553365,tb2,0.3414270968984427,0.5224503877452878,0.18,-0.2096551012809158
1777027964.5602157,tb1,-0.7331963617678473,0.09738040746913405,0.18000000000000002,-0.28893822556322607
1777027964.564281,tb7,-0.012665650500124154,-0.15178967726920653,0.18,-0.19116282477271576
1777027964.5696986,tb3,-0.40418172820427506,0.9748659008719589,0.18,-0.5074021827048227
1777027964.6029427,tb2,0.3414270968984427,0.5224503877452878,0.18,-0.2314441225154704
1777027964.610119,tb1,-0.7392360213795592,0.10422648609405046,0.18,-0.29124305396465383
1777027964.61425,tb7,-0.020917292306950958,-0.15559232203897086,0.18,-0.19165870545944655
1777027964.619438,tb3,-0.3951896689808545,0.9769384327456749,0.18,-0.5043005471896268
1777027964.6530333,tb2,0.3414049993694077,0.5133557789689275,0.18,-0.2317766562501859
1777027964.6602507,tb1,-0.7451765143269602,0.11116020199098235,0.17999999999999997,-0.29358517847655535
1777027964.664238,tb7,-0.02920514549181879,-0.1593159496013709,0.18,-0.19216433073726347
1777027964.6694725,tb3,-0.38614936331777816,0.9787822408485772,0.18,-0.5011184940815802
1777027964.703122,tb2,0.3412819068925402,0.5042528091071591,0.18,-0.22998619844851137
1777027964.7102196,tb1,-0.7451765143269602,0.11116020199098235,0.18,-0.2926137149246367
1777027964.7143893,tb7,-0.02920514549181879,-0.1593159496013709,0.18,-0.18981456316001236
1777027964.7194319,tb3,-0.377066962113079,0.9803976648600978,0.18,-0.4978087194233072
1777027964.7529414,tb2,0.3410534216876273,0.4951519111743907,0.18,-0.22808785528570646
1777027964.760214,tb1,-0.7510157059181339,0.1181808020164139,0.17999999999999997,-0.2950502337959219
1777027964.7642426,tb7,-0.03752853174251335,-0.16295999210595027,0.18,-0.19033467015834016
1777027964.7694764,tb3,-0.377066962113079,0.9803976648600978,0.18,-0.5027230774835919
1777027964.8029938,tb2,0.34072017029453383,0.486055197312552,0.18,-0.22627351532719112
1777027964.8103385,tb1,-0.7567513453212508,0.12528613859666016,0.18,-0.2977712358261834
1777027964.8144076,tb7,-0.04588543462224565,-0.16652404440331348,0.18,-0.19109725430960664
1777027964.819551,tb3,-0.3679486230987684,0.9817854414199576,0.18,-0.49927516448871273
1777027964.853081,tb2,0.3402831603458756,0.47696373151691246,0.18,-0.2245330473115064
1777027964.860305,tb1,-0.7623824859272282,0.13247609087775447,0.18,-0.300525711093965
1777027964.8643734,tb7,-0.05427609399845438,-0.17000857179243412,0.18,-0.1918713735580074
1777027964.8695683,tb3,-0.358796595328794,0.9829447910626375,0.18,-0.4948869352236418
1777027964.9029546,tb2,0.33974335428628183,0.4678786851587957,0.18,-0.2228810343351201
1777027964.9102008,tb1,-0.7679069403869383,0.13975005931090756,0.18,-0.30327615681428244
1777027964.914252,tb7,-0.06269998929270719,-0.17341299128059062,0.18,-0.19262668618551818
1777027964.9194844,tb3,-0.34962027642908017,0.9838745993406934,0.18,-0.49043301583817556
1777027964.9529498,tb2,0.33910176541177867,0.45880115419576295,0.18,-0.22131381897294736
1777027964.9603353,tb1,-0.7733223214767698,0.14710736860705426,0.18,-0.30601014899458945
1777027964.9643857,tb7,-0.07115651610724494,-0.17673661585467315,0.18,-0.19334563513457914
1777027964.9695497,tb3,-0.3404259761633109,0.984576520352014,0.18,-0.48602859039644947
1777027965.0030265,tb2,0.33835933353644176,0.4497321009952632,0.18,-0.2198115249799474
1777027965.010851,tb1,-0.7786261574949477,0.15454715081648907,0.18,-0.3087483015460364
1777027965.014316,tb7,-0.07964500646963205,-0.17997875322775914,0.18,-0.19405870051998633
1777027965.0196445,tb3,-0.33121940394029703,0.9850525607498432,0.18,-0.4816444252045537
1777027965.0535362,tb2,0.33835933353644176,0.4497321009952632,0.18,-0.2187041173844934
1777027965.0601802,tb1,-0.7838160442552645,0.1620685643790594,0.18,-0.3115066424931393
1777027965.06454,tb7,-0.08816481502329734,-0.18313874453279838,0.18,-0.19474231384624513
1777027965.0697968,tb3,-0.32200626957777345,0.9853048694010464,0.18,-0.47730616821486477
1777027965.1031132,tb2,0.3375169565883933,0.44067255793321186,0.18,-0.21724266302768527
1777027965.1102931,tb1,-0.7838160442552645,0.1620685643790594,0.18,-0.3108863058042133
1777027965.1142902,tb7,-0.09671523235055418,-0.18621593881819587,0.18,-0.1954419367475095
1777027965.1194403,tb3,-0.3127918392122216,0.9853356741682382,0.18,-0.47292073797079304
1777027965.1529875,tb2,0.33657540168461225,0.4316233941854951,0.18,-0.21580969358964122
1777027965.1602743,tb1,-0.7888895264662739,0.16967064542230134,0.18,-0.31370424740642744
1777027965.1644278,tb7,-0.09671523235055418,-0.18621593881819587,0.18,-0.19310155353380265
1777027965.1695938,tb3,-0.30358147823677906,0.9851473080284602,0.18,-0.43577025919307316
1777027965.2029223,tb2,0.335535469924678,0.4225857692275436,0.18,-0.2144452345845272
1777027965.2101684,tb1,-0.7938441011156598,0.1773507569341994,0.18,-0.3168306902878932
1777027965.2143068,tb7,-0.10529552441217394,-0.18920969422624445,0.18,-0.19380117352379922
1777027965.2194903,tb3,-0.30358147823677906,0.9851473080284602,0.18,-0.47299249984682984
1777027965.2529655,tb2,0.33439804648417376,0.41356059686186164,0.18,-0.21312931645765978
1777027965.26026,tb1,-0.798678689947514,0.18510859537164343,0.18,-0.31996305693291366
1777027965.264403,tb7,-0.11390359131085691,-0.19211974185570227,0.18,-0.19474777449854278
1777027965.2696855,tb3,-0.2943937122967028,0.9847504085834441,0.18,-0.4719296854791538
1777027965.3029964,tb2,0.33316396251713937,0.40454880191327397,0.18,-0.21188227065463133
1777027965.3101528,tb1,-0.8033908564585417,0.19294319707205354,0.18,-0.3231139130567401
1777027965.3142765,tb7,-0.12253977553133703,-0.19494644812545608,0.18,-0.19570266395820346
1777027965.3196566,tb3,-0.28520183250030323,0.984142878952152,0.18,-0.4666178787723588
1777027965.3529758,tb2,0.3318340423032096,0.3955513118009123,0.18,-0.21069362225893973
1777027965.3601656,tb1,-0.8079780147699233,0.20085349438075414,0.18,-0.326255358569627
1777027965.364329,tb7,-0.1312035127460519,-0.19768915162217562,0.18,-0.19661858961842596
1777027965.3695462,tb3,-0.27602792150437433,0.9833186837243314,0.18,-0.4610477931588807
1777027965.4029868,tb2,0.3304090810085617,0.38656899825705754,0.18,-0.20955282612793835
1777027965.410198,tb1,-0.8124374959253395,0.2088382753525923,0.18,-0.3293972914989549
1777027965.4142864,tb7,-0.13989411679804417,-0.20034710613693868,0.18,-0.1975123697936616
1777027965.419501,tb3,-0.2668784691129165,0.9822806361919314,0.18,-0.4556259678158264
1777027965.452938,tb2,0.328889834016335,0.3776027270327153,0.18,-0.208456759446271
1777027965.460127,tb1,-0.8167666579483095,0.21689621436570458,0.18,-0.33255206956661754
1777027965.4642477,tb7,-0.1486108671734018,-0.20291959241704668,0.18,-0.19838626700995332
1777027965.469543,tb3,-0.2577580724493789,0.9810322446308618,0.18,-0.4503584737502416
1777027965.5035522,tb2,0.3272770032779869,0.368653338826486,0.18,-0.18626437435633722
1777027965.5102236,tb1,-0.8209629037115651,0.22502581518699555,0.18,-0.3357411832410759
1777027965.514323,tb7,-0.157353008457872,-0.2054059270543691,0.18,-0.19924417639477338
1777027965.5195193,tb3,-0.24867092079396813,0.9795769089283461,0.18,-0.4451845297121985
1777027965.553065,tb2,0.3272770032779869,0.368653338826486,0.18,-0.20598143568485688
1777027965.5601375,tb1,-0.8250236571185234,0.2332257481195515,0.18,-0.3389326580888098
1777027965.5642557,tb7,-0.16611984383303466,-0.20780543721052444,0.18,-0.20008557855458015
1777027965.5695674,tb3,-0.23962139448060105,0.9779181607037783,0.18,-0.4401507401322788
1777027965.6031086,tb2,0.3255774679274339,0.359729442739844,0.18,-0.20682026378157706
1777027965.610157,tb1,-0.8250236571185234,0.2332257481195515,0.18,-0.33888531525344734
1777027965.6143486,tb7,-0.17491056389914714,-0.21011746041022505,0.18,-0.18168654752391009
1777027965.619516,tb3,-0.23061327493541695,0.9760594439099994,0.18,-0.4352177573155783
1777027965.653016,tb2,0.3237883773810094,0.35081475889821156,0.18,-0.20583483713462042
1777027965.6602006,tb1,-0.8289462664356959,0.24149433199303236,0.18,-0.3421901947288638
1777027965.6643088,tb7,-0.17491056389914714,-0.21011746041022505,0.18,-0.19862657064440817
1777027965.669659,tb3,-0.2216504803774651,0.9740042947202495,0.18,-0.3990437414554844
1777027965.702961,tb2,0.32190729988937733,0.34191882501053744,0.18,-0.20472665251171288
1777027965.7101505,tb1,-0.832728312924399,0.24982847794969829,0.18,-0.3457840874102167
1777027965.714254,tb7,-0.18371581749406882,-0.21234348898848307,0.18,-0.2011105244774289
1777027965.7194686,tb3,-0.2216504803774651,0.9740042947202495,0.18,-0.4340406064716862
1777027965.7529101,tb2,0.3199347912898398,0.3330432141663744,0.18,-0.20365804165806112
1777027965.7601702,tb1,-0.8363682979271096,0.25822734641312584,0.18,-0.349408969486065
1777027965.764468,tb7,-0.19254872832433878,-0.21448674141260263,0.18,-0.20220576785043926
1777027965.769548,tb3,-0.2127479581907555,0.971766215586643,0.18,-0.43244462162549674
1777027965.8030515,tb2,0.3178715787243591,0.3241887726455262,0.18,-0.20264266657663105
1777027965.8103118,tb1,-0.8398636164263709,0.26668925802203836,0.18,-0.35307585377166967
1777027965.8144455,tb7,-0.20140367310054444,-0.21654170244664028,0.18,-0.20318281382105102
1777027965.8197393,tb3,-0.20387961825433476,0.9693389454456044,0.18,-0.4268546652260553
1777027965.8528805,tb2,0.31571840890880437,0.3153563251470888,0.18,-0.20169113096010297
1777027965.860168,tb1,-0.8432115847544565,0.2752125399677464,0.18,-0.356730194595219
1777027965.8642545,tb7,-0.2102794492941239,-0.21850730053102735,0.18,-0.20413773706385652
1777027965.8694608,tb3,-0.1950670190889405,0.9667206071711628,0.18,-0.421044991828439
1777027965.9029016,tb2,0.313476002230264,0.30654660064045774,0.18,-0.20077629747472567
1777027965.9102054,tb1,-0.8464093230797058,0.28379520556092047,0.18,-0.3603957691673276
1777027965.914275,tb7,-0.21917517250580865,-0.22038279110938894,0.18,-0.20507395402906559
1777027965.9194934,tb3,-0.18631506186835173,0.9639149711704531,0.18,-0.41543269228175816
1777027965.9529512,tb2,0.31114503037706437,0.2977603429131546,0.18,-0.19989678289529128
1777027965.9601607,tb1,-0.849454072142217,0.2924351372303208,0.18,-0.3640896631083598
1777027965.964301,tb7,-0.2280899996669706,-0.22216751743950003,0.18,-0.20600665316519237
1777027965.9695585,tb3,-0.1776268193252212,0.9609260667799294,0.18,-0.4100054179968998
1777027966.0030038,tb2,0.3087261564770556,0.2889983170505315,0.18,-0.19905391228020403
1777027966.0102022,tb1,-0.8523431410301995,0.30113020583071537,0.18,-0.3678090778007257
1777027966.014442,tb7,-0.23702309053255247,-0.22386084437804246,0.18,-0.20693241364037016
1777027966.0195663,tb3,-0.16900514619804427,0.9577578717244504,0.18,-0.40475398451174904
1777027966.0529282,tb2,0.3062200398044949,0.2802612744252686,0.18,-0.19825235753430553
1777027966.0601637,tb1,-0.8550738056659695,0.30987819368154473,0.18,-0.37154658943452523
1777027966.0642626,tb7,-0.24597360285737796,-0.2254621344073601,0.18,-0.2078698655671832
1777027966.0694616,tb3,-0.16045275757139676,0.954414383286311,0.18,-0.3996832986341854
1777027966.1029644,tb2,0.30362731701461293,0.2715499416374251,0.18,-0.19748059558357048
1777027966.1102848,tb1,-0.8576433350959821,0.3186767058520514,0.18,-0.3753144797939054
1777027966.1142857,tb7,-0.254940640300508,-0.22697075840444503,0.18,-0.20880243432684994
1777027966.1194942,tb3,-0.1519720058345785,0.9508994230573719,0.18,-0.3947612614813702
1777027966.1530733,tb2,0.3009486121575503,0.26286504892508006,0.18,-0.19673872991770067
1777027966.1601546,tb1,-0.8600490361791259,0.32752326590095404,0.18,-0.3791074116707206
1777027966.1642444,tb7,-0.26392333165703546,-0.22838609954202593,0.18,-0.20974042429199655
1777027966.1696308,tb3,-0.1435653411858296,0.9472167922830762,0.18,-0.38999431762439085
1777027966.203069,tb2,0.3009486121575503,0.26286504892508006,0.18,-0.19499920294818
1777027966.2101457,tb1,-0.8622882287946334,0.33641528559749306,0.18,-0.3829317315709876
1777027966.2143228,tb7,-0.27292075603212806,-0.22970754918329025,0.18,-0.2106810454516663
1777027966.2195783,tb3,-0.13523492694061945,0.9433701454914502,0.18,-0.38533430321618956
1777027966.2530544,tb2,0.2981845395329053,0.2542073190307289,0.18,-0.1942699494925675
1777027966.2602851,tb1,-0.8622882287946334,0.33641528559749306,0.18,-0.3839023029942492
1777027966.264238,tb7,-0.2819320122015972,-0.23093450245204963,0.18,-0.21163468860258494
1777027966.2695467,tb3,-0.1269829875091729,0.9393632103779602,0.18,-0.3808149246721523
1777027966.3030522,tb2,0.29533607139742596,0.24557784802007734,0.18,-0.193674292706127
1777027966.310271,tb1,-0.864358227471044,0.3453501045463926,0.18,-0.38784565738572796
1777027966.3144932,tb7,-0.2819320122015972,-0.23093450245204963,0.18,-0.2094144192318592
1777027966.3196073,tb3,-0.1269829875091729,0.9393632103779602,0.18,-0.3834687459175515
1777027966.3529925,tb2,0.2924039290076221,0.2369768489452525,0.18,-0.19312285968529264
1777027966.360138,tb1,-0.8662567324133035,0.35432382700240633,0.18,-0.392019797993342
1777027966.3642642,tb7,-0.29095614034965933,-0.23206632703553143,0.18,-0.2103969573114185
1777027966.369529,tb3,-0.11881151555673487,0.9351997475391892,0.18,-0.37900834689035956
1777027966.4029787,tb2,0.2893886862999537,0.22840493796664776,0.18,-0.19259591783215868
1777027966.4101603,tb1,-0.8679817997959404,0.3633345110049359,0.18,-0.3962007884065719
1777027966.414342,tb7,-0.2999908399334352,-0.23310307346870268,0.18,-0.21164843049452858
1777027966.4195187,tb3,-0.11072041478725864,0.9308805543492635,0.18,-0.3739877854951023
1777027966.4529226,tb2,0.28629089145649506,0.2198627972243463,0.18,-0.19209287280267726
1777027966.4602406,tb1,-0.8695306652415731,0.37237923666247,0.18,-0.4003681116410381
1777027966.4645364,tb7,-0.3090364459164707,-0.23404489835715073,0.18,-0.21289537272857595
1777027966.4694972,tb3,-0.10271494749138964,0.9264091754339951,0.18,-0.3691012427079474
1777027966.502982,tb2,0.2831110744823782,0.21135110993814232,0.18,-0.19160521560188087
1777027966.5101798,tb1,-0.8709005750127318,0.3814547965039007,0.18,-0.4045325137766039
1777027966.5144024,tb7,-0.3180921045154918,-0.23489111164104665,0.18,-0.21414050764590067
1777027966.519542,tb3,-0.09479695443719423,0.9217895382270624,0.18,-0.3644161691905614
1777027966.552988,tb2,0.27984975797082207,0.2028705673439568,0.18,-0.19113936906610282
1777027966.5602798,tb1,-0.8720888823413122,0.3905579477726049,0.18,-0.40869569549017304
1777027966.5644264,tb7,-0.3271568425294929,-0.23564099546406672,0.18,-0.2153676498758857
1777027966.5695632,tb3,-0.0869677258227333,0.9170253376828348,0.18000000000000002,-0.35988694098230334
1777027966.6030917,tb2,0.2765074608450902,0.19442185471202175,0.18,-0.19068965824693968
1777027966.6102386,tb1,-0.8730930011132119,0.39968520354608833,0.18,-0.4128638168821587
1777027966.614432,tb7,-0.33622966278824773,-0.2362938566726465,0.18,-0.2165898318948076
1777027966.6195211,tb3,-0.07922861587879304,0.9121201324228453,0.18,-0.35549778175686664
1777027966.6529114,tb2,0.27308470182864436,0.18600565514141557,0.18,-0.19027168829542906
1777027966.660155,tb1,-0.8739104196677897,0.40883309330788264,0.18,-0.4170213478327431
1777027966.6642652,tb7,-0.34530959029221187,-0.23684901086035642,0.18,-0.21781028036865302
1777027966.669553,tb3,-0.07158099835258547,0.907077543592414,0.18,-0.35128098695050686
1777027966.7029736,tb2,0.26958199202363153,0.17762263812289592,0.18,-0.18986440624415274
1777027966.7102044,tb1,-0.8745386163582839,0.41799797656610677,0.18,-0.4211646888554872
1777027966.7143998,tb7,-0.3543955906523011,-0.23730577095934338,0.18,-0.21901383343026495
1777027966.719568,tb3,-0.0640258759874131,0.9019009490707003,0.18,-0.3471845925271398
1777027966.7530248,tb2,0.26958199202363153,0.17762263812289592,0.18,-0.1879104127579929
1777027966.7602236,tb1,-0.874975122536454,0.42717603247742786,0.18,-0.42528573198071407
1777027966.7643657,tb7,-0.3634866377689681,-0.23766345447166676,0.18,-0.22021950511143662
1777027966.7695463,tb3,-0.05656445444157567,0.8965938418055397,0.18,-0.3432404598646864
1777027966.8029697,tb2,0.26599984987892555,0.16927349275854672,0.18,-0.1875143981645424
1777027966.810296,tb1,-0.8752175204191994,0.43636333382470505,0.18,-0.3985040783673917
1777027966.8142326,tb7,-0.3725816668156276,-0.23792138415765432,0.18,-0.22142654835317357
1777027966.8194578,tb3,-0.04919763003699152,0.8911595605782464,0.18,-0.33942687112755304
1777027966.853034,tb2,0.2623394113761498,0.16095935384143142,0.18,-0.18728567890657416
1777027966.8602448,tb1,-0.8752175204191994,0.43636333382470505,0.18,-0.4315444005741047
1777027966.8644288,tb7,-0.3725816668156276,-0.23792138415765432,0.18,-0.2193241073089592
1777027966.8695626,tb3,-0.04192624163419605,0.8856011759084711,0.18000000000000002,-0.33570123897184273
1777027966.9030175,tb2,0.25860119644173396,0.15268008282202217,0.18,-0.18707501156885936
1777027966.9101717,tb1,-0.875270582252023,0.445542662699003,0.18,-0.4385752299480437
1777027966.9142654,tb7,-0.3816795507725509,-0.2380789348803005,0.18,-0.22054042214939412
1777027966.9195743,tb3,-0.04192624163419605,0.8856011759084711,0.18,-0.33740368855141606
1777027966.9530058,tb2,0.2547856412742472,0.1444362990698913,0.18,-0.18687726986615383
1777027966.9601674,tb1,-0.8751319776849136,0.4547356946284804,0.18,-0.44283633042410364
1777027966.9642498,tb7,-0.39077781449924026,-0.23813622159483097,0.18,-0.22205697222334794
1777027966.9695299,tb3,-0.03475123310522435,0.8799218706268237,0.18,-0.33371012981370335
1777027967.003123,tb2,0.2508931742771411,0.1362286569705463,0.18,-0.1866829528885493
1777027967.0109549,tb1,-0.8747926391868864,0.4639264851151101,0.18,-0.44688993123741694
1777027967.014434,tb7,-0.3998767265787378,-0.238093369821946,0.18,-0.22358053206621098
1777027967.0196302,tb3,-0.027672452714448608,0.8741223074252372,0.18,-0.3296045463191057
1777027967.0533655,tb2,0.24692422085788113,0.1280578287398371,0.18,-0.18649103748219964
1777027967.0603077,tb1,-0.8742502091622795,0.4731095618747878,0.18,-0.450817057282847
1777027967.0649626,tb7,-0.4089753534817012,-0.23794969086018136,0.18,-0.22506872794218746
1777027967.070337,tb3,-0.02069329751588905,0.8682061489488248,0.18,-0.3256456808755708
1777027967.1029208,tb2,0.24287922582255614,0.11992449470795298,0.18,-0.18633986769291383
1777027967.1101284,tb1,-0.8735026874170523,0.48228041308090813,0.18,-0.4546679569490967
1777027967.1142926,tb7,-0.4180726200244326,-0.23770438825742163,0.18,-0.22657356316056576
1777027967.1194715,tb3,-0.013814508068441207,0.8621768441888022,0.18,-0.32183647440865404
1777027967.1529582,tb2,0.23875862156406583,0.11182929829138304,0.18,-0.18617852890850076
1777027967.1601472,tb1,-0.872548249478536,0.49143396663627614,0.18,-0.45847808566457127
1777027967.1643445,tb7,-0.4271672863151491,-0.23735667593334517,0.18,-0.22803477616947956
1777027967.1695843,tb3,-0.007036318185593701,0.8560375219202815,0.18,-0.3182048961206065
1777027967.202967,tb2,0.23875862156406583,0.11182929829138304,0.18,-0.18409299538242208
1777027967.2102418,tb1,-0.8713854098398406,0.5005652157488867,0.18,-0.46224986971449616
1777027967.214332,tb7,-0.43625812798557645,-0.2369058473500199,0.18,-0.22949418611154132
1777027967.2195961,tb3,-0.00035908029713531517,0.8497911388004289,0.18000000000000002,-0.31469107300119536
1777027967.2529569,tb2,0.23456283250880888,0.1037728993149165,0.18,-0.183929132715288
1777027967.260155,tb1,-0.8700126860190344,0.5096692646970926,0.18,-0.4659190404700085
1777027967.2642193,tb7,-0.44534398584039653,-0.23635118417395598,0.18,-0.23094342052345693
1777027967.269504,tb3,0.006216762383734225,0.8434407197665391,0.18,-0.31131225062921025
1777027967.3029811,tb2,0.23029308596875456,0.0957565055212328,0.18,-0.1839583877240675
1777027967.3106918,tb1,-0.8684289471588295,0.5187407276430648,0.18,-0.4370461270636727
1777027967.314428,tb7,-0.4544235399257112,-0.23569203516054607,0.18,-0.23238627947859383
1777027967.3195786,tb3,0.012690963694429413,0.836989012000467,0.18,-0.3080373930630527
1777027967.3530056,tb2,0.22594981242026813,0.08777980984459975,0.18,-0.1840047690004769
1777027967.3601766,tb1,-0.8684289471588295,0.5187407276430648,0.18,-0.47281324095799704
1777027967.3641942,tb7,-0.4634955514538137,-0.23492776306721067,0.18,-0.2128322725297554
1777027967.3694534,tb3,0.019063166528120606,0.8304388131459468,0.18,-0.30485467762645413
1777027967.402934,tb2,0.2215333514968061,0.07984338369298058,0.18,-0.1840469381904951
1777027967.410115,tb1,-0.8666428273350778,0.5277626917572521,0.18,-0.4794758825739953
1777027967.4142761,tb7,-0.4634955514538137,-0.23492776306721067,0.18,-0.23189532342953995
1777027967.4195445,tb3,0.025333105312011474,0.8237927089748791,0.18,-0.30176328236811606
1777027967.4529676,tb2,0.21704405635823454,0.07194790341935893,0.18,-0.18407660610461596
1777027967.4602296,tb1,-0.8646477044204046,0.5367563371171514,0.18,-0.48303684888570675
1777027967.4644415,tb7,-0.4725505059205185,-0.2340631456422603,0.18,-0.23517724378677318
1777027967.4696515,tb3,0.025333105312011474,0.8237927089748791,0.18000000000000002,-0.3026941600580754
1777027967.503035,tb2,0.21248229010312158,0.06409405042721321,0.18,-0.18411189917504786
1777027967.5103455,tb1,-0.8624379380210326,0.5457026647670946,0.18,-0.4862280732973931
1777027967.5143578,tb7,-0.4816032150907302,-0.23309653230221938,0.18,-0.23695814352532776
1777027967.5195758,tb3,0.03150047869932124,0.8170533434265208,0.18,-0.2996209389019632
1777027967.5530345,tb2,0.20784842564988837,0.05628250068217748,0.18,-0.18415312814733445
1777027967.5601718,tb1,-0.8600127453389697,0.5545948124309543,0.18,-0.48926301576084485
1777027967.5643213,tb7,-0.49064547023796223,-0.23202388525223033,0.17999999999999997,-0.2385879012973375
1777027967.569575,tb3,0.03756538411379705,0.8102214777426396,0.18,-0.29627911424287817
1777027967.603,tb2,0.20314283849893336,0.04851392286841545,0.18,-0.18419798784523353
1777027967.6102974,tb1,-0.8573718577495888,0.5634269426995565,0.18,-0.4921958241199111
1777027967.6143584,tb7,-0.4996752529001765,-0.23084424667732112,0.18,-0.24019867531096858
1777027967.6195643,tb3,0.04352595737646733,0.8033003987920116,0.18,-0.29303739970847537
1777027967.6530447,tb2,0.19836590899203146,0.04078898467833004,0.18,-0.18424264491104864
1777027967.6601784,tb1,-0.8545153092493812,0.5721932180481956,0.18,-0.4949896152719309
1777027967.6642897,tb7,-0.5086911234462959,-0.2295569362947676,0.18,-0.2418113852174824
1777027967.669662,tb3,0.04938205916468769,0.7962928293181223,0.17999999999999997,-0.28992860675124854
1777027967.7028892,tb2,0.19351802045772457,0.03310835108468198,0.18,-0.18430047034061087
1777027967.7101097,tb1,-0.8514433104244811,0.5808878801191059,0.18,-0.49763896580417183
1777027967.7142322,tb7,-0.517691693793791,-0.2281612912321056,0.18,-0.24341968477092685
1777027967.719463,tb3,0.05513374000539061,0.7892013974676453,0.18000000000000002,-0.28695182724619644
1777027967.7529318,tb2,0.18859956107431738,0.0254726848843499,0.18,-0.1843549141706971
1777027967.7601886,tb1,-0.848156380296792,0.5895049838456281,0.18,-0.5001612215545653
1777027967.7643769,tb7,-0.5266754705387825,-0.22665670406247515,0.18,-0.2450318431246144
1777027967.7695785,tb3,0.060781150019558874,0.7820285227831782,0.18,-0.2840843500243379
1777027967.8029943,tb2,0.18859956107431738,0.0254726848843499,0.18,-0.18213286783610438
1777027967.8102276,tb1,-0.8446553401840527,0.5980386270531359,0.18,-0.5025407020498539
1777027967.814656,tb7,-0.5356409972487409,-0.22504260936143797,0.18000000000000002,-0.24665344448780965
1777027967.819566,tb3,0.06632434911668116,0.7747765214405057,0.18,-0.281300260454516
1777027967.8529663,tb2,0.18361092614572352,0.01788265011793993,0.18,-0.18218812760304767
1777027967.8601012,tb1,-0.8409411680612977,0.6064829849797614,0.18,-0.504738516116611
1777027967.8642473,tb7,-0.5445868068941897,-0.22331844543201945,0.18,-0.24831182193937154
1777027967.869464,tb3,0.0717633454394755,0.7674477715841815,0.18,-0.2786105461887133
1777027967.9030538,tb2,0.17855350218826446,0.010339446569696842,0.18,-0.18245942070032664
1777027967.9101555,tb1,-0.8409411680612977,0.6064829849797614,0.18,-0.5091198583358963
1777027967.914414,tb7,-0.5535114003226164,-0.2214836577038663,0.18,-0.245614885576149
1777027967.919459,tb3,0.07709823643074377,0.7600444856690086,0.18,-0.27600129398173845
1777027967.9529867,tb2,0.17342757106366083,0.0028426043085915797,0.18,-0.18275049097501858
1777027967.9603243,tb1,-0.8370151382284027,0.6148321387478813,0.18,-0.5112639137715431
1777027967.9643753,tb7,-0.5535114003226164,-0.2214836577038663,0.18,-0.24823533557113117
1777027967.9696407,tb3,0.08232909226960212,0.7525689107576502,0.18000000000000002,-0.2551534736478518
1777027968.0029407,tb2,0.16823341490527743,-0.004607296674054991,0.18,-0.18302873247830626
1777027968.010193,tb1,-0.8328777804281873,0.623080981732754,0.18,-0.512934640160523
1777027968.0143096,tb7,-0.5624116680900253,-0.219539007798412,0.18,-0.25031198324183146
1777027968.0194895,tb3,0.08232909226960212,0.7525689107576502,0.18,-0.27373305005380305
1777027968.0529292,tb2,0.16297133911692985,-0.012009560133525997,0.18,-0.18329027299717993
1777027968.0602005,tb1,-0.8285307540789769,0.6312224662618786,0.18,-0.5143816235455078
1777027968.0642383,tb7,-0.571288426019174,-0.21748426386397537,0.18,-0.252317424944058
1777027968.0696077,tb3,0.08745518643393,0.7450315529146079,0.18,-0.27288539772105214
1777027968.1030633,tb2,0.15764167805061735,-0.01936346782826428,0.18,-0.1835461317858223
1777027968.1103034,tb1,-0.8239761659377494,0.6392505406681245,0.18,-0.5156638488183691
1777027968.1144085,tb7,-0.5801397776314406,-0.21531864509403315,0.18,-0.2543093709310836
1777027968.1195827,tb3,0.092484716415668,0.7374205301514934,0.18,-0.27018822735308634
1777027968.1530268,tb2,0.15224477455041843,-0.026668326160196713,0.18,-0.18380611265706162
1777027968.1602092,tb1,-0.8192163892382289,0.6471594725804448,0.18,-0.5167271306657089
1777027968.1644135,tb7,-0.5889641021010695,-0.21304152175678337,0.17999999999999997,-0.2562991067205357
1777027968.169556,tb3,0.09740951921696023,0.7297420204017486,0.18,-0.26742912493556315
1777027968.2029617,tb2,0.14678097881800445,-0.03392344357314957,0.18,-0.1840648566508262
1777027968.210172,tb1,-0.8142540423059655,0.6549435872874928,0.18,-0.5175870397259313
1777027968.214246,tb7,-0.5977597307107338,-0.2106522790853888,0.18,-0.2582906263402124
1777027968.219468,tb3,0.10222918742680533,0.7219986046645435,0.18000000000000002,-0.2647695121325386
1777027968.252964,tb2,0.1412506553347903,-0.04112812734825199,0.18,-0.18432081104964898
1777027968.2602148,tb1,-0.8090920271340354,0.6625972963573005,0.18,-0.5182462264951646
1777027968.2643704,tb7,-0.606524938087422,-0.20815035635151552,0.18,-0.26027986899445177
1777027968.269618,tb3,0.1069440034472034,0.7141923900857896,0.18,-0.26221003249217467
1777027968.3029215,tb2,0.13565416804249256,-0.04828169544236943,0.18,-0.18457941777981196
1777027968.3102133,tb1,-0.8037334829076374,0.6701151621905892,0.18,-0.5186854895656917
1777027968.3144,tb7,-0.6152580241045913,-0.20553522202827137,0.18,-0.26227899958734063
1777027968.3196042,tb3,0.1115542673806396,0.7063254214949449,0.18,-0.2597492678265614
1777027968.3529184,tb2,0.12999189002344527,-0.055383461551000615,0.18,-0.18483828983577022
1777027968.360221,tb1,-0.7981817899564845,0.6774918665074526,0.18,-0.5189058250813646
1777027968.364374,tb7,-0.6239572672824361,-0.20280633671565326,0.18,-0.2642823549142179
1777027968.3695264,tb3,0.11606030219887455,0.698399720191049,0.18,-0.2573903063973796
1777027968.4029305,tb2,0.12426420443666966,-0.06243273998269863,0.18,-0.18510047006856434
1777027968.41018,tb1,-0.792440578767196,0.6847222312806088,0.18,-0.5189013572502651
1777027968.4144354,tb7,-0.6326208473598119,-0.19996321030153,0.18,-0.2662958756390762
1777027968.4196525,tb3,0.12046247678992501,0.6904171483333839,0.18,-0.2551101898620361
1777027968.4531057,tb2,0.12426420443666966,-0.06243273998269863,0.18,-0.18278419100500956
1777027968.4602156,tb1,-0.7865137117945766,0.6918012485246707,0.18,-0.5186842420977175
1777027968.4643583,tb7,-0.6412469393985853,-0.197005405467449,0.18,-0.26833282515925294
1777027968.469555,tb3,0.12476108353807717,0.6823795799784932,0.17999999999999997,-0.2529092111785706
1777027968.5029588,tb2,0.11847151697340633,-0.06942883340218406,0.18,-0.1830588606531169
1777027968.5103009,tb1,-0.7865137117945766,0.6918012485246707,0.18,-0.5237710640047792
1777027968.5142913,tb7,-0.649833808436921,-0.19393234990195024,0.18,-0.2703588928843328
1777027968.5194526,tb3,0.12895646214476292,0.6742890236113726,0.18,-0.25081565655096305
1777027968.5530071,tb2,0.11261539802581269,-0.07637063025322964,0.18,-0.18356623237466685
1777027968.5602877,tb1,-0.780405287173892,0.6987240893956318,0.18,-0.5233562797109798
1777027968.56452,tb7,-0.649833808436921,-0.19393234990195024,0.18000000000000002,-0.26893307910946146
1777027968.5694387,tb3,0.1330490447360397,0.6661471104263623,0.18,-0.24878842112623495
1777027968.602977,tb2,0.10669591385739022,-0.08325867876604517,0.18,-0.18408084635239788
1777027968.610178,tb1,-0.7741169693595854,0.7054870226030897,0.18,-0.5221249915435199
1777027968.6144087,tb7,-0.6583794373056745,-0.19074363702221112,0.18,-0.27101596205633727
1777027968.6194775,tb3,0.1330490447360397,0.6661471104263623,0.18,-0.24841897932558046
1777027968.6529238,tb2,0.10071333334834348,-0.09009233076089847,0.18,-0.1845789534214737
1777027968.660202,tb1,-0.7676539952657855,0.7120828690699192,0.18,-0.5206700820361218
1777027968.6642764,tb7,-0.6668808776336206,-0.18744018588322162,0.18,-0.2734216646797693
1777027968.669487,tb3,0.13703913483431532,0.6579556025207011,0.18,-0.24641001842036375
1777027968.7029629,tb2,0.0946679731887046,-0.09687083218018476,0.18,-0.18506028734176727
1777027968.7101393,tb1,-0.7610213763863151,0.7185072255437638,0.18,-0.5190300543752313
1777027968.7143824,tb7,-0.6753378209019144,-0.18402177661958818,0.18,-0.27584557961250367
1777027968.7195365,tb3,0.1409269889850088,0.6497153795408761,0.18,-0.2443108314886191
1777027968.7529714,tb2,0.08856017309441742,-0.10359343588064138,0.18,-0.18553425375294877
1777027968.760278,tb1,-0.7542241896176639,0.7247561696368406,0.18,-0.5172347505518965
1777027968.7644455,tb7,-0.683748427736685,-0.1804879416861312,0.18,-0.278267664850931
1777027968.7695239,tb3,0.1447122846732455,0.6414285984433968,0.18,-0.24227783823141164
1777027968.8029833,tb2,0.08239027734629435,-0.11025941012368667,0.18,-0.18600021265157496
1777027968.8101645,tb1,-0.74726767389798,0.7308259995204178,0.18,-0.5152460664833992
1777027968.8142624,tb7,-0.6921106593793643,-0.17683823122414719,0.18,-0.28069546172492393
1777027968.819502,tb3,0.1483953616639366,0.6330969874130064,0.18,-0.2403254091018012
1777027968.8529935,tb2,0.07615863413506897,-0.11686802056199763,0.18,-0.18645902539719125
1777027968.8602054,tb1,-0.7401572222471497,0.7367132770086656,0.18,-0.5131176343804787
1777027968.864435,tb7,-0.7004224829222807,-0.17307218570021768,0.18,-0.28310434927938544
1777027968.8696048,tb3,0.15197663568991535,0.6247221911559072,0.18,-0.2384513613535449
1777027968.902939,tb2,0.06986561707914372,-0.1234185246084196,0.18,-0.1869177401378675
1777027968.9101655,tb1,-0.732898313514839,0.742414860420672,0.18,-0.5108264331258492
1777027968.9145858,tb7,-0.7086817291891171,-0.16918938672963943,0.18,-0.285513120136058
1777027968.9195442,tb3,0.15545653785818153,0.6163058304963723,0.18,-0.2366606011777471
1777027968.9529436,tb2,0.06986561707914372,-0.1234185246084196,0.18,-0.18457873768217817
1777027968.9601848,tb1,-0.7254965947808488,0.7479278424255364,0.18,-0.5084062422066216
1777027968.9642851,tb7,-0.7168862829057812,-0.16518935915396044,0.18,-0.28791420180799854
1777027968.969484,tb3,0.1588355304367786,0.6078494941327488,0.18,-0.23495167804834438
1777027969.0029678,tb2,0.06351157990686923,-0.129910195238959,0.18,-0.1850264809967486
1777027969.0106132,tb1,-0.7179576776948594,0.7532496294726418,0.18,-0.505881989096082
1777027969.014449,tb7,-0.72503378751648,-0.16107184361988572,0.18,-0.2903216869826082
1777027969.0196185,tb3,0.16211405086654362,0.5993545687288282,0.18,-0.2332887821641637
1777027969.0533154,tb2,0.057098233266381096,-0.13634186821476615,0.18,-0.1857171424569358
1777027969.0603096,tb1,-0.7179576776948594,0.7532496294726418,0.18,-0.5109166300202168
1777027969.0651686,tb7,-0.7331220308784997,-0.15683659289204635,0.18,-0.2832094453167138
1777027969.069794,tb3,0.16529243600553012,0.5908225387543422,0.18,-0.23167927292614657
1777027969.103125,tb2,0.05062556709868611,-0.14271415198690798,0.18,-0.1864365166901697
1777027969.1103237,tb1,-0.710287155455668,0.7583778087187415,0.18,-0.5081578196503579
1777027969.1144102,tb7,-0.7331220308784997,-0.15683659289204635,0.18,-0.2917139095111198
1777027969.1194978,tb3,0.16529243600553012,0.5908225387543422,0.18,-0.23088488707595878
1777027969.153119,tb2,0.044093787280703234,-0.14902638804652238,0.18,-0.18711384639587778
1777027969.1603436,tb1,-0.7024872722104175,0.7633103188823823,0.18,-0.5045138161872214
1777027969.1644497,tb7,-0.7411468071054501,-0.15248660683446646,0.18,-0.294884078298978
1777027969.169667,tb3,0.16837106169236332,0.5822549409596508,0.18,-0.22930552374099414
1777027969.2029784,tb2,0.03750319334504211,-0.15527772028586753,0.18,-0.18777492025658427
1777027969.2101958,tb1,-0.694565834718888,0.7680421490233483,0.18,-0.500754301522905
1777027969.214373,tb7,-0.7491107274647351,-0.14801935116319165,0.18,-0.29763309350340106
1777027969.2195342,tb3,0.17135028088507365,0.573652881928541,0.18,-0.22774126757331692
1777027969.2530386,tb2,0.030854130344808196,-0.16146731929313096,0.18,-0.18840969983039207
1777027969.2601442,tb1,-0.6865291662396009,0.7725717337139056,0.18,-0.4969698736373914
1777027969.264297,tb7,-0.7570092953236122,-0.14343453913308063,0.18,-0.30034466169114116
1777027969.2695398,tb3,0.17423030738896003,0.5650179249839987,0.18,-0.22623050040771867
1777027969.3029318,tb2,0.02414695817036204,-0.16759438057230908,0.18,-0.18903948158614675
1777027969.3101373,tb1,-0.6783833804916084,0.776897984219215,0.18,-0.493157852959555
1777027969.3143208,tb7,-0.7648398949710014,-0.1387319689477393,0.18,-0.30305484270233635
1777027969.319577,tb3,0.1770115347356321,0.5563514395565775,0.18,-0.22477451267056017
1777027969.3529024,tb2,0.01738206669575306,-0.17365811137794693,0.18,-0.1896580131982812
1777027969.3601358,tb1,-0.6701344335088426,0.7810200256668743,0.18,-0.48929616860143244
1777027969.3642848,tb7,-0.7726000242429572,-0.13391151054867317,0.18,-0.30577846425617794
1777027969.3694515,tb3,0.1796943564942353,0.5476547531668198,0.18,-0.2233738819803774
1777027969.4030242,tb2,0.01738206669575306,-0.17365811137794693,0.18,-0.18731069674526435
1777027969.4101171,tb1,-0.6617882327808179,0.784937116635786,0.18,-0.48537526950452864
1777027969.4143305,tb7,-0.780287173049012,-0.12897311315442314,0.17999999999999997,-0.30852249611898647
1777027969.4194841,tb3,0.18227914323604738,0.5389291195762067,0.18,-0.22201055192526242
1777027969.4530146,tb2,0.010559861793764454,-0.1796577332019568,0.18,-0.18792554363905623
1777027969.460098,tb1,-0.6617882327808179,0.784937116635786,0.18,-0.4901046009483546
1777027969.4642642,tb7,-0.7878988593819222,-0.12391664951046621,0.18,-0.31127076478104954
1777027969.469547,tb3,0.18476625173305117,0.5301758747466907,0.18,-0.22069692902697313
1777027969.5030315,tb2,0.0036821866671793535,-0.18559215937940035,0.18,-0.18880899565165557
1777027969.510321,tb1,-0.6533508405635302,0.788648758547315,0.18,-0.4861214329527287
1777027969.514944,tb7,-0.7954324232889352,-0.11874220616341194,0.18,-0.2886964581714122
1777027969.5194519,tb3,0.18715605353314022,0.5213962171906704,0.18,-0.21942787338127054
1777027969.552991,tb2,-0.0032511168145504836,-0.19146197082341732,0.18,-0.18969459788321275
1777027969.5601926,tb1,-0.6448236921649174,0.7921542708130431,0.18,-0.48114557440601896
1777027969.5642567,tb7,-0.7954324232889352,-0.11874220616341194,0.18,-0.3134122487767024
1777027969.5695662,tb3,0.18944889685275604,0.5125913918418918,0.18,-0.19648128611710056
1777027969.6030333,tb2,-0.010239791627774164,-0.19726644090047593,0.18,-0.19053577146257908
1777027969.6103113,tb1,-0.6362155020216966,0.7954500146819735,0.18,-0.47616238566888897
1777027969.614391,tb7,-0.8028802870872173,-0.11346017922718642,0.18,-0.3183736325967165
1777027969.6195986,tb3,0.18944889685275604,0.5125913918418918,0.18,-0.21702946890089617
1777027969.653017,tb2,-0.017283511189059016,-0.2030046928113163,0.18,-0.1913528140484954
1777027969.660148,tb1,-0.6275326988498481,0.7985362681381879,0.18,-0.4712522376920079
1777027969.6643608,tb7,-0.810255441400982,-0.10805961451726878,0.18,-0.3214919956412193
1777027969.6695237,tb3,0.19164766194817964,0.5037715091653944,0.18,-0.2175621233443785
1777027969.7029972,tb2,-0.024381919056198867,-0.20867584439154188,0.18,-0.19215329796707387
1777027969.710144,tb1,-0.6187811963065343,0.8014138766669666,0.18,-0.4664678387940674
1777027969.7143826,tb7,-0.8175457709073033,-0.10254139933507536,0.18,-0.32446939633951827
1777027969.7195625,tb3,0.19375553332227097,0.49492167455154984,0.18,-0.21635329635112785
1777027969.7530184,tb2,-0.03153461988958819,-0.2142790207741328,0.18,-0.19293533931733461
1777027969.760125,tb1,-0.6099667111232949,0.8040838412623816,0.18,-0.4617655848355123
1777027969.764434,tb7,-0.8247477108635489,-0.09690582435335278,0.18,-0.32745057558508694
1777027969.76954,tb3,0.19576710691675772,0.4860495014652594,0.18,-0.21506797577783068
1777027969.8029125,tb2,-0.038741177539772235,-0.21981337170311885,0.18,-0.1937144437586578
1777027969.810278,tb1,-0.6010945996810072,0.806547194653594,0.18,-0.45710842816875974
1777027969.8143773,tb7,-0.8318583324671861,-0.0911532085590485,0.18,-0.330466593153314
1777027969.8196099,tb3,0.1976824385856657,0.4771566587182751,0.18,-0.2138238657478839
1777027969.852944,tb2,-0.04600117255883698,-0.22527807424326202,0.18,-0.19447783527235404
1777027969.8601449,tb1,-0.5921702859959295,0.8088049577288058,0.18,-0.45246307960238324
1777027969.8642607,tb7,-0.8388748272998006,-0.08528384773232162,0.18,-0.33350861362965806
1777027969.869548,tb3,0.19950192731856656,0.46824436024773386,0.18,-0.21263924566526113
1777027969.9030144,tb2,-0.04600117255883698,-0.22527807424326202,0.18,-0.192155448516309
1777027969.9101338,tb1,-0.583199039996816,0.810858304192126,0.18,-0.4478645102159542
1777027969.9142551,tb7,-0.8457942804988464,-0.07929814599114669,0.18,-0.33658351249893537
1777027969.919603,tb3,0.20122598656232948,0.4593136842947996,0.18,-0.2114947852767904
1777027969.9531324,tb2,-0.05331413086220584,-0.23067228445753224,0.18,-0.1929184432653617
1777027969.9603236,tb1,-0.583199039996816,0.810858304192126,0.18,-0.4519315200148333
1777027969.964275,tb7,-0.8526137585615948,-0.0731966025463956,0.18,-0.31319685606545583
1777027969.9696379,tb3,0.20285499608250782,0.45036575275498386,0.18,-0.21039459498453572
1777027970.002976,tb2,-0.060678086238884724,-0.23599502768365857,0.18,-0.1939703927201316
1777027970.01021,tb1,-0.5741859874981426,0.812708537394939,0.18,-0.4472748904437333
1777027970.0143585,tb7,-0.8526137585615948,-0.0731966025463956,0.18,-0.33956323392160254
1777027970.019618,tb3,0.20285499608250782,0.45036575275498386,0.18,-0.20899425337938002
1777027970.0529983,tb2,-0.06809332416887176,-0.24124682544814283,0.18,-0.19499248423344057
1777027970.0601857,tb1,-0.5651323326272134,0.8143557767623137,0.18,-0.4418180111663481
1777027970.0644145,tb7,-0.8593264109308765,-0.06699108650317474,0.18,-0.34501531968123017
1777027970.0695033,tb3,0.20438937307484573,0.44140170543726626,0.18,-0.20791925084893875
1777027970.103044,tb2,-0.07555952823207117,-0.2464268290067098,0.18,-0.19599004982448248
1777027970.1102178,tb1,-0.5560463506279273,0.815799109606079,0.18,-0.4364497316028981
1777027970.1144433,tb7,-0.865944240188557,-0.06066850087468595,0.18,-0.348502302309483
1777027970.1196666,tb3,0.20582956821070258,0.4324227574619957,0.18,-0.20692155277591948
1777027970.1529806,tb2,-0.08307627772190841,-0.2515340965128022,0.18,-0.19696925634063817
1777027970.160183,tb1,-0.5469332820457807,0.8170405026714391,0.18,-0.4312259168021427
1777027970.1643896,tb7,-0.872454328919645,-0.05423149270052915,0.18,-0.3518312229610198
1777027970.169586,tb3,0.20717606478431258,0.42342983352088126,0.18,-0.2059812761993018
1777027970.202951,tb2,-0.09064314364554235,-0.2565677093365704,0.18,-0.19792528747059623
1777027970.210164,tb1,-0.5377979143383576,0.8180822134450576,0.18,-0.4261551115552093
1777027970.2143734,tb7,-0.8788526426885899,-0.04768100521681411,0.18,-0.3551749746389277
1777027970.2195241,tb3,0.20842925804401083,0.41442393147137035,0.18,-0.20508164240806492
1777027970.2530036,tb2,-0.09825963718750322,-0.26152674930346087,0.18,-0.19886562676943478
1777027970.260303,tb1,-0.5286446935933107,0.8189265347113733,0.18,-0.4212123270666072
1777027970.2644582,tb7,-0.8851359163914889,-0.041017872814749695,0.18,-0.35855565565034714
1777027970.2696762,tb3,0.20958950768632814,0.40540602816236015,0.18,-0.20420764205545353
1777027970.3032322,tb2,-0.10592530602442897,-0.26641032910630114,0.18,-0.19978280515361224
1777027970.3101583,tb1,-0.5194780818376393,0.8195757617673499,0.18,-0.41637638655801384
1777027970.3143258,tb7,-0.8913009646433361,-0.03424288162362775,0.18,-0.36195463226676045
1777027970.3195512,tb3,0.21065715136595883,0.3963771578612193,0.18,-0.2033816113163687
1777027970.3529844,tb2,-0.10592530602442897,-0.26641032910630114,0.18,-0.19751772952579683
1777027970.3600883,tb1,-0.5103023898263757,0.8200323405578582,0.18,-0.41168464104610425
1777027970.364435,tb7,-0.8973444564604389,-0.02735693379924752,0.18,-0.365375981731623
1777027970.369471,tb3,0.21163254928346328,0.3873382919460124,0.18,-0.20258970879552932
1777027970.4029598,tb2,-0.11363961666783,-0.27121751817374196,0.18,-0.19845069940675394
1777027970.410236,tb1,-0.5103023898263757,0.8200323405578582,0.18,-0.4150299066630553
1777027970.4142878,tb7,-0.9032630243079068,-0.020361155492260766,0.18,-0.3688359909850405
1777027970.4195907,tb3,0.2125160263195262,0.3782903695327677,0.18,-0.20181813641608698
1777027970.4529986,tb2,-0.12140048767399751,-0.2759474251448762,0.18,-0.19966098942699834
1777027970.4601903,tb1,-0.5011215312314097,0.820298658768896,0.18,-0.4103459546218491
1777027970.4642556,tb7,-0.9032630243079068,-0.020361155492260766,0.18,-0.3693336532373555
1777027970.4694347,tb3,0.21330789813761586,0.3692343613959674,0.18,-0.20108832271377808
1777027970.5029833,tb2,-0.12920825928035962,-0.2806004730161322,0.18,-0.2008639058277816
1777027970.5100846,tb1,-0.4919359990572279,0.8203751987006767,0.18,-0.40494945264282084
1777027970.5143216,tb7,-0.9090533511597768,-0.013256632964977885,0.18,-0.37291645279358165
1777027970.5196028,tb3,0.21400845730901155,0.3601711762035384,0.18,-0.2003697873423698
1777027970.5529313,tb2,-0.1370625110025048,-0.2851757461273311,0.18,-0.20204351828165193
1777027970.5603034,tb1,-0.4827530308407906,0.8202624539552097,0.18,-0.3996456333479684
1777027970.5643873,tb7,-0.9147118203218048,-0.006046166659022745,0.18,-0.3768233042581927
1777027970.5696638,tb3,0.21400845730901155,0.3601711762035384,0.18,-0.19868536861090882
1777027970.6029646,tb2,-0.14496275599456035,-0.28967228416819396,0.18,-0.2031961035240447
1777027970.6102962,tb1,-0.47357681014524644,0.8199630311273413,0.18,-0.3944936789060976
1777027970.614433,tb7,-0.9202364693241419,0.0012694885221295879,0.18,-0.3807743725777159
1777027970.6197205,tb3,0.2146179822192071,0.3511017651373926,0.18,-0.19797233524203864
1777027970.6529799,tb2,-0.15290850578172818,-0.29408912199403137,0.18,-0.20432417429030103
1777027970.6602118,tb1,-0.4644110759933943,0.8194798036480165,0.18,-0.3895301036584793
1777027970.664278,tb7,-0.92562398104683,0.00868914483075187,0.18,-0.384716466078014
1777027970.6695662,tb3,0.21513698563793132,0.3420275297943023,0.18,-0.19739376645313797
1777027970.703032,tb2,-0.1608991927447147,-0.2984252696142762,0.18,-0.20543703604851743
1777027970.7101674,tb1,-0.45525909302036394,0.8188156872739919,0.18,-0.38471739808987493
1777027970.7143316,tb7,-0.9308706972772337,0.01621130810026714,0.18,-0.38867876932547407
1777027970.7195368,tb3,0.21556601743538994,0.33294891789248265,0.18,-0.19683651894589713
1777027970.7529998,tb2,-0.1689342674045277,-0.3026797813233832,0.18,-0.20654011775015108
1777027970.7601378,tb1,-0.44612424161589204,0.8179735274887694,0.18,-0.38007083273966646
1777027970.7644541,tb7,-0.9359730915054575,0.023834489260508605,0.18,-0.3926391845521052
1777027970.7695324,tb3,0.2159053439119318,0.32386679874292135,0.18,-0.19629884855512406
1777027970.8029191,tb2,-0.1770131474727636,-0.3068517011215881,0.18,-0.20763521309706004
1777027970.8101237,tb1,-0.4370095418100415,0.8169561563225086,0.18,-0.3755575224655594
1777027970.8143642,tb7,-0.940927482290189,0.03155695602635293,0.18,-0.39660754163455036
1777027970.8195348,tb3,0.2161552255196588,0.31478205028179834,0.18,-0.19578008175762404
1777027970.8528934,tb2,-0.18513525477023593,-0.3109400734117031,0.18,-0.20871679283116049
1777027970.860151,tb1,-0.4279180858389824,0.8157664183875785,0.18,-0.3711960819440349
1777027970.864386,tb7,-0.9457302546237846,0.039376995160203286,0.18,-0.40056885376624685
1777027970.8695393,tb3,0.216315918224023,0.3056955525030238,0.18,-0.19528129208633535
1777027970.9030418,tb2,-0.18513525477023593,-0.3109400734117031,0.18,-0.20651711173371484
1777027970.9101021,tb1,-0.4188526294424494,0.8144070909560792,0.18,-0.36694992789812897
1777027970.9143515,tb7,-0.9503776785520405,0.047292608503488626,0.18,-0.4045353573639656
1777027970.9195893,tb3,0.2163876789195384,0.2966081722408847,0.18,-0.19480065302393537
1777027970.9531581,tb2,-0.19329992822410957,-0.31494393224551004,0.18,-0.20760311554539418
1777027970.960167,tb1,-0.4188526294424494,0.8144070909560792,0.18,-0.36937808798879584
1777027970.964204,tb7,-0.9548660815308706,0.055301743681696824,0.18,-0.40849551584300275
1777027970.9695356,tb3,0.21637075811840298,0.2875207646101989,0.18,-0.1943408779247009
1777027971.0029583,tb2,-0.20150491619128977,-0.3188624731667233,0.18,-0.20899710627463122
1777027971.0104604,tb1,-0.40981590285345604,0.812880886693802,0.17999999999999997,-0.3651708671400997
1777027971.0142891,tb7,-0.9548660815308706,0.055301743681696824,0.18,-0.4099824928217924
1777027971.0195262,tb3,0.21626539800914898,0.2784341773521794,0.18,-0.19389828999438496
1777027971.0533314,tb2,-0.2097505560514294,-0.32269601603226045,0.18,-0.21036781664715667
1777027971.060342,tb1,-0.4008080143598845,0.8111884510762176,0.18,-0.3603900241911558
1777027971.0650342,tb7,-0.9591918003269756,0.06340203403982124,0.18,-0.4141041545432335
1777027971.0700114,tb3,0.21626539800914898,0.2784341773521794,0.18,-0.19199577973705345
1777027971.1030161,tb2,-0.21803637015122768,-0.32644362654437126,0.18,-0.21173718757382096
1777027971.1101115,tb1,-0.39183477708104625,0.8093314730562605,0.18,-0.3557311474479726
1777027971.114274,tb7,-0.9633513156436256,0.07159000959772364,0.18,-0.4183950523058729
1777027971.1196232,tb3,0.21607183686987186,0.2693492569725857,0.18,-0.19156463477372795
1777027971.1529894,tb2,-0.22636172733682017,-0.33010422985717314,0.18,-0.21306974352056193
1777027971.1602485,tb1,-0.38289888340514455,0.8073129953669528,0.18,-0.3512708081840708
1777027971.1643538,tb7,-0.9673419631088407,0.07986388708880995,0.18,-0.42269510409611916
1777027971.1695523,tb3,0.21579068705722276,0.2602675138322418,0.18,-0.19128537780677143
1777027971.203021,tb2,-0.2347259632064028,-0.3336767726440641,0.18,-0.21438269863276768
1777027971.2102134,tb1,-0.3740025267502752,0.8051360062644984,0.18,-0.34695762884588227
1777027971.214387,tb7,-0.9711600255075268,0.08822109195335187,0.18,-0.4269687921835323
1777027971.2195435,tb3,0.21542249616021608,0.25118908150914704,0.18,-0.1910218149570823
1777027971.252986,tb2,-0.24312841249131245,-0.3371602226599161,0.18,-0.21568197741760986
1777027971.2601528,tb1,-0.3651480359745547,0.8028035036106761,0.18,-0.3428285579951942
1777027971.264316,tb7,-0.9748017967042663,0.09665899679606119,0.18,-0.43118411069457513
1777027971.2694983,tb3,0.21496746649011486,0.24211472819060606,0.18,-0.19076730208487874
1777027971.3029397,tb2,-0.2515683423768247,-0.34055354695424667,0.18,-0.21697423693402781
1777027971.3102088,tb1,-0.3563372535885564,0.8003183470296287,0.18,-0.33883067049955345
1777027971.3143291,tb7,-0.978263471709964,0.10517454827133536,0.18,-0.4353812103492523
1777027971.319472,tb3,0.2144257781841777,0.23304525951226437,0.18,-0.1905180535197188
1777027971.3529027,tb2,-0.26004502866907275,-0.3438557382950947,0.18,-0.21825961482375358
1777027971.3602445,tb1,-0.3475722123587775,0.7976833171228416,0.18,-0.33496372668513036
1777027971.3643646,tb7,-0.981541445520319,0.11376470520259649,0.18,-0.43953937569430845
1777027971.3695364,tb3,0.2137976086919836,0.2239814949312714,0.18,-0.1902731927544978
1777027971.4029303,tb2,-0.26855767053129953,-0.3470658040323267,0.18,-0.21954619525277874
1777027971.41011,tb1,-0.3388547043421103,0.794901047763029,0.17999999999999997,-0.33118925312354375
1777027971.4142833,tb7,-0.9846321126696316,0.12242612132728604,0.18,-0.44366443826855434
1777027971.4195051,tb3,0.21308314001591055,0.21492424233926485,0.18,-0.19004045253143043
1777027971.4530172,tb2,-0.2771054896835118,-0.35018277428276157,0.18,-0.199964729530717
1777027971.460143,tb1,-0.3301865907316241,0.7919741495805881,0.18000000000000002,-0.3275211010480259
1777027971.4643843,tb7,-0.9875320032312422,0.131155292738602,0.18,-0.44777407083828197
1777027971.4695017,tb3,0.21228255461352538,0.20587430683276292,0.18,-0.18981535475561928
1777027971.5031133,tb2,-0.2771054896835118,-0.35018277428276157,0.18,-0.21877087572070425
1777027971.5101736,tb1,-0.3215696537901624,0.7889052696674459,0.18,-0.3239575816807987
1777027971.514325,tb7,-0.9902376920029723,0.13994871864339375,0.18,-0.45180768785738573
1777027971.5195637,tb3,0.2113960407124368,0.1968324973780656,0.18,-0.18958793783247171
1777027971.5529346,tb2,-0.28567786301739373,-0.35320704041633755,0.18,-0.22192431788530967
1777027971.560145,tb1,-0.3215696537901624,0.7889052696674459,0.18,-0.32544959660381095
1777027971.5642264,tb7,-0.992745740138791,0.14880261639774306,0.18,-0.4557873250070024
1777027971.5694566,tb3,0.2104237938760254,0.18779961691249653,0.18,-0.18938747845742537
1777027971.6029556,tb2,-0.29428918975312773,-0.35614366907226847,0.18,-0.2235261969508029
1777027971.610162,tb1,-0.3130055005423709,0.7856969638048669,0.18,-0.32190957316887336
1777027971.614131,tb7,-0.9950528776572338,0.15771289748443404,0.18,-0.45285360786308865
1777027971.6194477,tb3,0.20936600645435435,0.17877645072684747,0.18,-0.1891954994005303
1777027971.653067,tb2,-0.30293370101704487,-0.3589854804437947,0.18,-0.22498185218201314
1777027971.6603265,tb1,-0.3044941004139521,0.7823498633818311,0.18000000000000002,-0.3179690891182044
1777027971.664361,tb7,-0.9950528776572338,0.15771289748443404,0.18,-0.46263890435458477
1777027971.6695507,tb3,0.20936600645435435,0.17877645072684747,0.18,-0.1871197304049675
1777027971.7030284,tb2,-0.31161011780309045,-0.36173094256592353,0.18,-0.22641884221306766
1777027971.710172,tb1,-0.2960396008793837,0.7788662234228463,0.18,-0.3141370901216154
1777027971.7143168,tb7,-0.9971568175239873,0.16667258282938177,0.18,-0.46722346609805476
1777027971.7195523,tb3,0.20822287092934863,0.16976379403287817,0.18,-0.18692379792024735
1777027971.7530532,tb2,-0.32031752130429414,-0.36437894210631927,0.18,-0.2278498954815808
1777027971.7601526,tb1,-0.28764357940028984,0.7752488754845941,0.18,-0.3104752905409222
1777027971.7642767,tb7,-0.9990555924739536,0.17568242404680282,0.18,-0.4711836570243857
1777027971.7695236,tb3,0.20699514654023662,0.16076322663261064,0.18,-0.18692600866702425
1777027971.8030643,tb2,-0.3290549993733717,-0.3669284313389783,0.18,-0.22928402513098597
1777027971.8103056,tb1,-0.2793071915639234,0.7715005165523177,0.18,-0.3069512481922248
1777027971.8143952,tb7,-1.0007443734340027,0.18473612220940344,0.18,-0.47500901888864533
1777027971.8195229,tb3,0.20568333362676963,0.15177461172733217,0.18,-0.1869403157439279
1777027971.8529222,tb2,-0.3378215986635127,-0.36937839295336045,0.18,-0.23073484634122723
1777027971.860195,tb1,-0.27103162396092684,0.7676236937242504,0.18,-0.3035357360249286
1777027971.864335,tb7,-1.0022201047853283,0.19382886351193096,0.18,-0.478714730267783
1777027971.8696182,tb3,0.20428757024081196,0.14279864744405393,0.18,-0.18694773640128942
1777027971.903077,tb2,-0.3466164095951476,-0.37172782511961044,0.18000000000000002,-0.23217843692302656
1777027971.910291,tb1,-0.26281812553039885,0.763620958907515,0.18,-0.30025153980466956
1777027971.914536,tb7,-1.003479996781238,0.2029558625006234,0.18,-0.4823178747760709
1777027971.9195905,tb3,0.20280797272505216,0.13383611475623583,0.18,-0.18695839334910166
1777027971.9529245,tb2,-0.3554384317344545,-0.3739757060959565,0.18,-0.23364615199441813
1777027971.9601912,tb1,-0.25466773502133333,0.7594947625973819,0.18,-0.29706848501385724
1777027971.9642522,tb7,-1.0045213851182935,0.21211218146141614,0.18,-0.4857513684872658
1777027971.9695513,tb3,0.20124466577206535,0.124887799203068,0.18,-0.18696963706468533
1777027972.0030675,tb2,-0.3642867715172552,-0.3761209880428227,0.18000000000000002,-0.235097143881307
1777027972.01014,tb1,-0.24658162796812205,0.7552476963509078,0.18,-0.2940290750130481
1777027972.0143194,tb7,-1.0053417005912089,0.22129277740403244,0.18,-0.4890473652850764
1777027972.0194957,tb3,0.19959778055668015,0.11595448236117427,0.18,-0.18698312293278696
1777027972.0532534,tb2,-0.37316029119751143,-0.37816263872301975,0.18,-0.21478760974364683
1777027972.0601368,tb1,-0.2385605749422399,0.750882011162978,0.18,-0.29107092705252546
1777027972.064253,tb7,-1.0059386382214497,0.2304921588605953,0.18,-0.49220805208659796
1777027972.0694947,tb3,0.19786745513647067,0.10703694552328973,0.18,-0.18699727818507716
1777027972.103003,tb2,-0.37316029119751143,-0.37816263872301975,0.18,-0.23470335895115862
1777027972.110168,tb1,-0.2306055939445364,0.7463999946370725,0.18,-0.2881952446204189
1777027972.1143174,tb7,-1.0063101579323133,0.239704946070329,0.18,-0.495219596622204
1777027972.1195505,tb3,0.19605383399922166,0.09813596857283888,0.18,-0.18700324713095884
1777027972.1529703,tb2,-0.3820484822508807,-0.38010244656765707,0.18,-0.2380213377421637
1777027972.1602612,tb1,-0.2306055939445364,0.7463999946370725,0.18,-0.28887008355758564
1777027972.1642249,tb7,-1.0064543774268229,0.24892559137227996,0.18,-0.4788365981416248
1777027972.1696408,tb3,0.19415707024490295,0.08925233325491087,0.18,-0.18702099042043535
1777027972.2030318,tb2,-0.39096598023507734,-0.3819430114396297,0.18,-0.23982938531451228
1777027972.2102923,tb1,-0.22271760885384823,0.7418039089256141,0.18,-0.2860191119340003
1777027972.2143967,tb7,-1.0064543774268229,0.24892559137227996,0.18,-0.5021448966286814
1777027972.220239,tb3,0.19217732370325788,0.08038681411944043,0.18,-0.16837494956486382
1777027972.2530403,tb2,-0.39990611885111904,-0.38367809263650265,0.18,-0.24149242189469636
1777027972.2601697,tb1,-0.21489669182133167,0.7370944747305203,0.18000000000000002,-0.2829204835228938
1777027972.2643828,tb7,-1.0063737920823772,0.2581407225183226,0.18,-0.5067032218905021
1777027972.269502,tb3,0.19217732370325788,0.08038681411944043,0.18,-0.1848529109112285
1777027972.3030012,tb2,-0.40886726242091553,-0.38530615134020163,0.18,-0.24314670095192792
1777027972.310144,tb1,-0.20714540649945193,0.7322741040952915,0.18,-0.2799330470728267
1777027972.3143167,tb7,-1.0060662489946555,0.2673610218955918,0.18,-0.5091046816472863
1777027972.3195486,tb3,0.19012037968539564,0.07154651847854887,0.18,-0.18646388686373502
1777027972.3529544,tb2,-0.41784817886214604,-0.386826075942762,0.17999999999999997,-0.2448202056187098
1777027972.3603227,tb1,-0.1994644457565143,0.7273450928610916,0.18,-0.2770632863634956
1777027972.3643425,tb7,-1.0055257564510782,0.27657253604720605,0.18,-0.5111688177510988
1777027972.3697317,tb3,0.1879832003547246,0.06271852394424718,0.18,-0.18669002885139402
1777027972.4030993,tb2,-0.4268476735745345,-0.38823683830587863,0.17999999999999997,-0.24650580944695885
1777027972.410224,tb1,-0.19185449725150638,0.7223096276413828,0.18,-0.2742886068051652
1777027972.4144557,tb7,-1.0047511558032032,0.2857684026035875,0.18,-0.5130576981170476
1777027972.4196942,tb3,0.18576390168638432,0.0539101533997272,0.18,-0.18680347922284762
1777027972.4530153,tb2,-0.43586462174885676,-0.38953739292481343,0.18,-0.24820359988874938
1777027972.4601192,tb1,-0.18431628924991064,0.7171699518275212,0.18,-0.2716315085730128
1777027972.4642363,tb7,-1.0037418510936094,0.29494248512307836,0.18,-0.5147205845705022
1777027972.4695852,tb3,0.1834624821138933,0.045122779801887634,0.18,-0.1869143681434579
1777027972.5030618,tb2,-0.44489779696849063,-0.39072664111203503,0.18,-0.2499028311090181
1777027972.510145,tb1,-0.17685036709479252,0.7119282771561593,0.18,-0.26908919171791906
1777027972.5143147,tb7,-1.0024974597862246,0.30408857921743887,0.18,-0.5162029447080534
1777027972.5195935,tb3,0.18107907990650834,0.03635722966031106,0.18,-0.1870249483045227
1777027972.5530655,tb2,-0.44489779696849063,-0.39072664111203503,0.18,-0.24820973632470178
1777027972.5600991,tb1,-0.169457188464044,0.7065866227281888,0.18,-0.26662956030652274
1777027972.5643902,tb7,-1.0010179151761727,0.3132003645277393,0.18,-0.5174853588458914
1777027972.569642,tb3,0.17861384648803527,0.027614282299831084,0.18,-0.1871399673008208
1777027972.6029449,tb2,-0.45394590031076654,-0.3918035142465591,0.18,-0.24995456030793187
1777027972.6101613,tb1,-0.16213732685280902,0.7011470567923764,0.18,-0.26426109072311516
1777027972.614285,tb7,-0.999303428884262,0.32227157567767084,0.18,-0.5185382305557934
1777027972.6195836,tb3,0.1760669393031049,0.01889471685102211,0.18,-0.1872656397592601
1777027972.653049,tb2,-0.46300612423146253,-0.392767585143933,0.18,-0.25200793894632506
1777027972.660192,tb1,-0.16213732685280902,0.7011470567923764,0.18,-0.2643530452986333
1777027972.6642866,tb7,-0.999303428884262,0.32227157567767084,0.18,-0.5233081053403372
1777027972.669599,tb3,0.17343852514617455,0.010199313597630036,0.18,-0.1873968395660959
1777027972.702985,tb2,-0.47207856062816733,-0.39361873000821035,0.18,-0.25407619582393215
1777027972.7102392,tb1,-0.15489124711986416,0.6956114798086743,0.18,-0.26199635989585124
1777027972.71431,tb7,-0.9973545406782678,0.33129587373243713,0.18,-0.5242308275678611
1777027972.7197087,tb3,0.17343852514617455,0.010199313597630036,0.18,-0.1851271627430526
1777027972.7529364,tb2,-0.48116199343846966,-0.39435580798865194,0.18000000000000002,-0.2561360244487889
1777027972.7601044,tb1,-0.14771909650012016,0.6899807603083625,0.18,-0.25950295773381266
1777027972.764281,tb7,-0.995170726346676,0.340268507952815,0.18,-0.5245122780696331
1777027972.7695472,tb3,0.17072876808542978,0.0015288451269588465,0.18,-0.1852699870702772
1777027972.8030572,tb2,-0.4902550255354631,-0.3949776487654857,0.18,-0.258189832964748
1777027972.8102012,tb1,-0.14062240787322655,0.6842570293262463,0.18,-0.2570828590397837
1777027972.8143246,tb7,-0.992752566091725,0.3491812555422069,0.18,-0.5245588324412935
1777027972.8197386,tb3,0.16793868621008803,-0.007115071332645359,0.18,-0.18563045278059534
1777027972.8530028,tb2,-0.49935628417226385,-0.3954831146051372,0.18,-0.2602458892060647
1777027972.8602898,tb1,-0.1336016872346593,0.6784422767725862,0.18000000000000002,-0.2547609523920922
1777027972.8642952,tb7,-0.9901015351921686,0.3580276504411021,0.18,-0.5243960006233577
1777027972.8696132,tb3,0.16506865815085725,-0.015732840254630644,0.18,-0.18601816617774455
1777027972.9029913,tb2,-0.5084643605909523,-0.3958710373034495,0.18,-0.26229363920052906
1777027972.9103174,tb1,-0.12665729067873907,0.6725384601597011,0.18,-0.2525413805643482
1777027972.9142666,tb7,-0.9872194374268253,0.36680147322636586,0.18,-0.5240337565175782
1777027972.9196498,tb3,0.16211875331206604,-0.024323796953823716,0.18,-0.18638584608847392
1777027972.9529722,tb2,-0.5175777290014926,-0.3961402668421105,0.17999999999999997,-0.2643464789506925
1777027972.9601498,tb1,-0.11978948347156715,0.6665474234153993,0.18,-0.25040757777538136
1777027972.9643183,tb7,-0.9841083621294253,0.3754966061800712,0.18,-0.5234812434663358
1777027972.9694984,tb3,0.15908903592141121,-0.03288713141396381,0.18,-0.18675169379561532
1777027973.0031033,tb2,-0.5175777290014926,-0.3961402668421105,0.18000000000000002,-0.2628760527790337
1777027973.010667,tb1,-0.11299860072070742,0.6604710770713124,0.18000000000000002,-0.24836909540821445
1777027973.0143757,tb7,-0.980770685918035,0.38410703272485897,0.18,-0.5227351130393227
1777027973.0196402,tb3,0.15597957937061765,-0.041422041489992435,0.18,-0.1870937955902882
1777027973.0532873,tb2,-0.52669493447744,-0.3962896315761787,0.18,-0.26494782310096604
1777027973.060123,tb1,-0.10628484159604863,0.6543110708989577,0.18,-0.24639809127897933
1777027973.0644143,tb7,-0.9772090325477673,0.39262688508308374,0.18,-0.5217885950348653
1777027973.0698013,tb3,0.15279047744212704,-0.04992770087158163,0.18,-0.18742827595764727
1777027973.103043,tb2,-0.5358128687181273,-0.3963188017780298,0.18,-0.2673490285460072
1777027973.1101804,tb1,-0.10628484159604863,0.6543110708989577,0.18000000000000002,-0.24603891809136197
1777027973.1142426,tb7,-0.9734262684540097,0.40105041591474444,0.18,-0.5131963637196235
1777027973.1196084,tb3,0.14952185388092148,-0.05840329050880274,0.18,-0.18777837328110217
1777027973.153146,tb2,-0.5449313921301686,-0.3962275370812099,0.18,-0.26976071440911675
1777027973.1601875,tb1,-0.09964854840151365,0.6480691688685448,0.18,-0.2440879244643066
1777027973.1643093,tb7,-0.9734262684540097,0.40105041591474444,0.18,-0.5257450436787641
1777027973.1695507,tb3,0.14952185388092148,-0.05840329050880274,0.18,-0.18547910444203036
1777027973.2029946,tb2,-0.5540491155827934,-0.3960146744062204,0.17999999999999997,-0.27215338441371395
1777027973.2101932,tb1,-0.09308982477279898,0.641746289460325,0.18,-0.2420626383320466
1777027973.2142513,tb7,-0.9694281678693965,0.409370235580435,0.18,-0.5250657129216066
1777027973.219616,tb3,0.14617382659514142,-0.06684801648848551,0.18,-0.18581176789750267
1777027973.252962,tb2,-0.5631643076152665,-0.39567897818989617,0.18,-0.27454142915392205
1777027973.2602725,tb1,-0.08660961949884835,0.635344317273904,0.18,-0.24010649065954212
1777027973.264297,tb7,-0.9652126005863736,0.4175875817481705,0.18,-0.5228658384228142
1777027973.2696235,tb3,0.14274754292552239,-0.07526021594502887,0.18,-0.1863964521231731
1777027973.3029735,tb2,-0.5722752258061609,-0.39521930429337915,0.18,-0.2769329568559296
1777027973.3102207,tb1,-0.08020818725603822,0.6288649180489588,0.18,-0.23822324943486733
1777027973.3142953,tb7,-0.9607829557672187,0.4256909800110112,0.18,-0.5204017751074536
1777027973.3196726,tb3,0.13924324055985215,-0.08364040329383365,0.18,-0.18698107343541262
1777027973.352943,tb2,-0.5813801709617965,-0.39463451035778946,0.18000000000000002,-0.2793206609791315
1777027973.3605669,tb1,-0.07388576184270063,0.622309748387978,0.18,-0.2364136871783051
1777027973.3643203,tb7,-0.9561434069600512,0.43367472910298893,0.18,-0.5178211672327528
1777027973.369501,tb3,0.13566094702859577,-0.09198787462748718,0.18,-0.18755267309514229
1777027973.4030402,tb2,-0.5904773483059403,-0.3939234238659113,0.18,-0.2817003119743204
1777027973.410149,tb1,-0.06764250634716094,0.6156804282952932,0.18,-0.23469012090876296
1777027973.414354,tb7,-0.9512983173532064,0.44153395907398235,0.18,-0.5151342678433785
1777027973.4195657,tb3,0.13200069162830103,-0.10030177420223235,0.18,-0.18809321766342638
1777027973.4528956,tb2,-0.5995649059420494,-0.3930848710862892,0.18,-0.2840813902756927
1777027973.4601905,tb1,-0.061478561534454815,0.6089785420139061,0.18,-0.23303434597987102
1777027973.4644184,tb7,-0.9462522416014301,0.44926404359662453,0.18,-0.5123556142305468
1777027973.469574,tb3,0.1282625213849246,-0.10858124582429245,0.18,-0.18861909777456076
1777027973.5029263,tb2,-0.5995649059420494,-0.3930848710862892,0.18,-0.28293956831887185
1777027973.5100749,tb1,-0.05539405411084972,0.6022055231472623,0.18,-0.231431791249434
1777027973.5142937,tb7,-0.9410097153946525,0.4568606835151444,0.18,-0.5094342756769361
1777027973.5195003,tb3,0.12444652113576418,-0.1168254189661803,0.18,-0.18913865730972507
1777027973.5531266,tb2,-0.6086408262212556,-0.39211781940238166,0.18,-0.2853766583549273
1777027973.56026,tb1,-0.05539405411084972,0.6022055231472623,0.18,-0.23067986266780935
1777027973.5646217,tb7,-0.9355754829345435,0.46431963360089384,0.18,-0.5064489526596285
1777027973.56959,tb3,0.1205527919528633,-0.12503344628537363,0.18,-0.18964142123907232
1777027973.6030815,tb2,-0.6177018341169713,-0.3910222520623422,0.18,-0.28814544320184754
1777027973.6102924,tb1,-0.04938918903561581,0.5953628535270094,0.18,-0.22908510140780844
1777027973.614434,tb7,-0.9355754829345435,0.46431963360089384,0.18,-0.51142371250252
1777027973.6198494,tb3,0.1165814290229635,-0.13320448710018887,0.18,-0.17165107389408257
1777027973.6529887,tb2,-0.6267476082503436,-0.3897976971378194,0.17999999999999997,-0.29091755195772906
1777027973.660132,tb1,-0.04346409907933617,0.5884516527563741,0.18,-0.22748751488997834
1777027973.6643314,tb7,-0.9299543934247272,0.47163699614132454,0.18,-0.508240461880639
1777027973.66948,tb3,0.1165814290229635,-0.13320448710018887,0.18,-0.1878288892157837
1777027973.703087,tb2,-0.6357761640278866,-0.38844299369952245,0.18,-0.2936754644028405
1777027973.710223,tb1,-0.03761925079753562,0.581473475917518,0.18,-0.22593582253568864
1777027973.71445,tb7,-0.9241476822098519,0.47881033887719293,0.18,-0.5041538214492153
1777027973.719561,tb3,0.1125398706165319,-0.1413324072355512,0.18,-0.18999851892800906
1777027973.7530131,tb2,-0.6447854036456246,-0.38695702831745604,0.18,-0.2964435359496495
1777027973.7603207,tb1,-0.031854783644942215,0.5744297447866255,0.18,-0.22445245984321155
1777027973.7644713,tb7,-0.918161250397912,0.48583230451280485,0.18,-0.49995888738684535
1777027973.769541,tb3,0.10842195701317746,-0.14942983566001952,0.18,-0.1907413052375823
1777027973.8030102,tb2,-0.6537731739600808,-0.3853387283206902,0.18,-0.2992163818269913
1777027973.810246,tb1,-0.026170813189155286,0.5673218451568978,0.18,-0.2230282043705635
1777027973.8143487,tb7,-0.9120006989923037,0.4926993461439681,0.18,-0.49573482726639634
1777027973.8194888,tb3,0.10422719494135393,-0.15748876215461838,0.18,-0.19134334579313228
1777027973.8529985,tb2,-0.662737250062234,-0.3835870750505631,0.18,-0.3020045264803971
1777027973.860243,tb1,-0.020567447967448055,0.5601511108738259,0.18,-0.22165069595021042
1777027973.8643508,tb7,-0.9056715448059584,0.49940856756357926,0.18,-0.49150379937596544
1777027973.8695185,tb3,0.09995568916983205,-0.1655076573425442,0.18,-0.1919238470465844
1777027973.9030159,tb2,-0.6716754842496341,-0.38170098357568816,0.18000000000000002,-0.3047850882435509
1777027973.9102101,tb1,-0.01504482623767997,0.5529189241242558,0.18,-0.2203325712550433
1777027973.914397,tb7,-0.89917950190079,0.5059572113225879,0.18,-0.4873020858394206
1777027973.9196322,tb3,0.09560755384187233,-0.17348561300889379,0.18,-0.19249011552135453
1777027973.9528792,tb2,-0.6805855073933808,-0.37967939222468344,0.18,-0.30757131781712693
1777027973.9601288,tb1,-0.009603011056877043,0.5456265951134576,0.18,-0.2190679112100359
1777027973.9642181,tb7,-0.8925301888774516,0.5123430023530311,0.18,-0.4830916010546461
1777027973.969503,tb3,0.09118291749574035,-0.18142173153444843,0.18,-0.19306224485919954
1777027974.0029936,tb2,-0.6805855073933808,-0.37967939222468344,0.18,-0.30685309384316867
1777027974.0101662,tb1,-0.004242086979881376,0.538275346820517,0.18,-0.21783927073674714
1777027974.0142424,tb7,-0.8857290113446092,0.5185638430882447,0.18,-0.47887342329569854
1777027974.019649,tb3,0.08668195080762196,-0.1893151154639769,0.18,-0.19362365606482854
1777027974.0530593,tb2,-0.6894648450282221,-0.3775214098616029,0.18,-0.30971958170145764
1777027974.0602217,tb1,-0.004242086979881376,0.538275346820517,0.18,-0.21671676931127037
1777027974.0643582,tb7,-0.8857290113446092,0.5185638430882447,0.18,-0.48343454520267065
1777027974.0695465,tb3,0.08210480639950347,-0.19716490588161634,0.18,-0.19419375163913696
1777027974.1029503,tb2,-0.6983099982746341,-0.3752272690035691,0.18,-0.3128987180281125
1777027974.1101925,tb1,0.0010378011206796716,0.5308664667453049,0.18,-0.2155009193264723
1777027974.1143243,tb7,-0.87878161407615,0.5246176747578487,0.18,-0.4791484358565902
1777027974.1194923,tb3,0.07745163659070216,-0.20497022037633286,0.18,-0.19476030282946719
1777027974.1529586,tb2,-0.7071200530019414,-0.3727963890602571,0.18,-0.3160977913994056
1777027974.160123,tb1,0.006236573896323956,0.5234011948509543,0.18,-0.214334956183739
1777027974.164251,tb7,-0.8716893716257159,0.5305036312487935,0.18,-0.4739715074955985
1777027974.1695225,tb3,0.07745163659070216,-0.20497022037633286,0.18,-0.19245651770932418
1777027974.2030444,tb2,-0.7158925011508475,-0.37022782301073964,0.18,-0.3193110884329849
1777027974.2103214,tb1,0.011354138713360502,0.5158807019034386,0.18,-0.2132001408982849
1777027974.214427,tb7,-0.8644592234491061,0.5362161246441947,0.18,-0.4687796485437579
1777027974.2196124,tb3,0.07272265746815704,-0.2127301484468008,0.18,-0.19302611186444982
1777027974.2530015,tb2,-0.7246248438459135,-0.3675206153634693,0.18,-0.3225180107717548
1777027974.260148,tb1,0.016390372256438288,0.5083062133198423,0.18,-0.21211934745348918
1777027974.264257,tb7,-0.8570973481495707,0.5417534244892854,0.18,-0.4636767138582062
1777027974.2695339,tb3,0.06791931588519969,-0.22044311142105474,0.18,-0.19387310403534314
1777027974.3030503,tb2,-0.7333143299187529,-0.3646738588758854,0.18,-0.325735057727021
1777027974.3102102,tb1,0.021345227050839143,0.5006788744451612,0.18,-0.2110689701637657
1777027974.3143554,tb7,-0.849609401051888,0.5471148021063591,0.18,-0.45867376755523975
1777027974.319639,tb3,0.06304166858986604,-0.2281096438338346,0.18,-0.1947171198552574
1777027974.353027,tb2,-0.741958209430215,-0.361686724685955,0.17999999999999997,-0.3289690988331843
1777027974.3602672,tb1,0.026218603007958207,0.4929998434860182,0.18,-0.21005705893755502
1777027974.3643043,tb7,-0.8420010507571785,0.5522994687925535,0.18,-0.4537486431589315
1777027974.3697135,tb3,0.05808978261984362,-0.23572894233064293,0.18,-0.19554148124004558
1777027974.4029074,tb2,-0.7505537338955973,-0.35855834723751434,0.18,-0.3322058216522298
1777027974.4101536,tb1,0.031010420725459592,0.48527026465373513,0.18,-0.2090888361756352
1777027974.4142692,tb7,-0.8342778668399712,0.5573068965553546,0.18,-0.4489177784797228
1777027974.4195871,tb3,0.05306376308708247,-0.24330003929390198,0.18,-0.19635831909984172
1777027974.4530914,tb2,-0.7590978953752471,-0.35528807485864305,0.18,-0.3354790193435561
1777027974.4602127,tb1,0.03572060859831646,0.47749121045921683,0.18,-0.2081451077565067
1777027974.4643555,tb7,-0.8264451271688431,0.5621367528218696,0.18,-0.4441508957486675
1777027974.469528,tb3,0.04796375996449455,-0.25082196107549415,0.18,-0.19716322474776682
1777027974.502911,tb2,-0.7675877865868633,-0.351875309171563,0.18,-0.3387942715910752
1777027974.5101888,tb1,0.04034905731792328,0.4696637624188039,0.18,-0.20723214703341186
1777027974.5142782,tb7,-0.81850797081028,0.5667886965826626,0.18,-0.4394001340497703
1777027974.519556,tb3,0.04278993202586713,-0.25829376463904297,0.18,-0.197956501965033
1777027974.5536397,tb2,-0.7760204740505663,-0.34831942595674653,0.18,-0.31501066870398037
1777027974.5601125,tb1,0.04489566375472025,0.46178900962292946,0.18,-0.20635222484362875
1777027974.5642436,tb7,-0.8104717167040565,0.571262458377788,0.18,-0.43472256569498324
1777027974.5694947,tb3,0.03754245774261632,-0.265714496096056,0.18,-0.1987491538092819
1777027974.6029785,tb2,-0.7760204740505663,-0.34831942595674653,0.18,-0.34211745668168936
1777027974.6100936,tb1,0.04936034137708423,0.45386801197438237,0.18,-0.20549606230112685
1777027974.6142097,tb7,-0.8023413581545066,0.57555805751032,0.18,-0.4300812400383451
1777027974.6195338,tb3,0.032221523495656976,-0.27308320553484045,0.18,-0.19952152124157374
1777027974.6531377,tb2,-0.7843850467019006,-0.34462985679570235,0.18,-0.34793669389501264
1777027974.6602225,tb1,0.04936034137708423,0.45386801197438237,0.18,-0.20400190240295032
1777027974.6642053,tb7,-0.7941218442837518,0.5796755695206111,0.18,-0.4188013410450018
1777027974.6696346,tb3,0.02682734456687795,-0.28039892711163694,0.18,-0.20029887325432588
1777027974.7030168,tb2,-0.7926980921813161,-0.3407978258230786,0.18,-0.35169285157941776
1777027974.7101696,tb1,0.05374300066821018,0.4459018071916751,0.18,-0.20314997046738142
1777027974.7142704,tb7,-0.7941218442837518,0.5796755695206111,0.18,-0.42907089355656014
1777027974.7194867,tb3,0.02136011451397226,-0.2876607144359992,0.18,-0.20108387192298124
1777027974.7530525,tb2,-0.8009460102103344,-0.3368213821191662,0.18,-0.3552667065198907
1777027974.7601943,tb1,0.05804353574707239,0.43789182527555814,0.18,-0.20240106829081986
1777027974.764445,tb7,-0.7858211643915237,0.5836153968050116,0.18,-0.4251131664480443
1777027974.7696302,tb3,0.02136011451397226,-0.2876607144359992,0.18,-0.19882755095727886
1777027974.8032153,tb2,-0.8091244360969313,-0.33270007017380465,0.18,-0.3588764992063682
1777027974.810273,tb1,0.062262183851393725,0.4298388626057956,0.18,-0.20168537267148762
1777027974.8142536,tb7,-0.7774351438854146,0.5873797702072819,0.18,-0.4197425492092051
1777027974.8194742,tb3,0.01582007660121439,-0.2948675726328995,0.18,-0.19962660115141045
1777027974.852957,tb2,-0.8172301043781696,-0.32843343676426995,0.18,-0.3624850287878768
1777027974.860196,tb1,0.06639886842060648,0.4217439154911859,0.18,-0.20100196735076187
1777027974.8642602,tb7,-0.7689728180452456,0.5909636323585548,0.18,-0.4144461580406942
1777027974.8695447,tb3,0.01020885999736878,-0.3020179814372352,0.18,-0.20069120592500642
1777027974.903044,tb2,-0.8252594633627319,-0.32402111401074873,0.18,-0.36611431832915997
1777027974.9102077,tb1,0.07045352064291192,0.4136079639908461,0.18,-0.2003416216758353
1777027974.9143317,tb7,-0.7604394206167133,0.5943677110989607,0.18,-0.4093188990762703
1777027974.9195197,tb3,0.0045263678022489495,-0.30911242335026196,0.18,-0.2017572230714463
1777027974.9530876,tb2,-0.8332089151963825,-0.3194629427361032,0.18,-0.36978628177650913
1777027974.9601455,tb1,0.07442605802582125,0.4054319595612236,0.18,-0.19970480373050434
1777027974.964255,tb7,-0.751839559822205,0.5975931424535799,0.18,-0.40431828379690754
1777027974.969676,tb3,-0.001227272114406224,-0.31614994082812947,0.18,-0.20279724579597788
1777027975.0029292,tb2,-0.8410749152262635,-0.31475883942349486,0.18,-0.37349961745662164
1777027975.0105915,tb1,0.07831637827410486,0.39721685681766217,0.18,-0.19907178881858784
1777027975.0142367,tb7,-0.7431777357659946,0.6006410283672596,0.18,-0.39944635496952197
1777027975.0194888,tb3,-0.007051881777082715,-0.3231294878256426,0.18,-0.20383732059992055
1777027975.0533907,tb2,-0.8488538667390286,-0.30990875770858856,0.18,-0.3772578337213784
1777027975.0603209,tb1,0.08212438067937208,0.38896361272350183,0.18,-0.1984857375597334
1777027975.0649033,tb7,-0.7344583641133122,0.6035125331170629,0.18,-0.39474135973625857
1777027975.0700977,tb3,-0.01294726612063498,-0.3300500190750165,0.18,-0.20482867377197952
1777027975.103165,tb2,-0.8488538667390286,-0.30990875770858856,0.18,-0.37798944057910844
1777027975.110111,tb1,0.08584997925236411,0.3806731697492406,0.18,-0.19792073313666558
1777027975.1143572,tb7,-0.7256856711037313,0.606208911174014,0.18,-0.39008025362650156
1777027975.119621,tb3,-0.018913223940699248,-0.3369104798014642,0.18,-0.2058550829684037
1777027975.1531262,tb2,-0.8565420681279496,-0.3049127393369282,0.18,-0.38186967303498626
1777027975.1601346,tb1,0.08584997925236411,0.3806731697492406,0.18,-0.19618720014195482
1777027975.1642737,tb7,-0.7168639692905325,0.6087315284458257,0.18,-0.385595425781943
1777027975.1695545,tb3,-0.024949541454547045,-0.343709807936377,0.18,-0.20684961864106277
1777027975.202997,tb2,-0.8641352311266524,-0.2997720001179184,0.18,-0.3860061527028686
1777027975.2102003,tb1,0.08949308983784982,0.3723464668430118,0.18,-0.1956127641450867
1777027975.214314,tb7,-0.7168639692905325,0.6087315284458257,0.18,-0.3883409609953353
1777027975.2199757,tb3,-0.03105596071309178,-0.3504469161711351,0.18,-0.207816373441112
1777027975.2530596,tb2,-0.8716307258233761,-0.29448662202719506,0.18,-0.3901785649072144
1777027975.2605238,tb1,0.09305367603493228,0.3639850372115803,0.18,-0.1951707274058667
1777027975.264255,tb7,-0.7079971605511594,0.6110818791454402,0.18,-0.3838873443837244
1777027975.2694452,tb3,-0.03105596071309178,-0.3504469161711351,0.18,-0.20566235861061716
1777027975.3029413,tb2,-0.8790247277085977,-0.2890567790823965,0.18,-0.3943577522490958
1777027975.310134,tb1,0.09653210952717199,0.3555893911731718,0.18,-0.19478022303318557
1777027975.3143022,tb7,-0.6990856801579326,0.6132604548181352,0.18,-0.37883277612392924
1777027975.3195117,tb3,-0.03723217084809763,-0.357120731180853,0.18,-0.20665807577490597
1777027975.3531535,tb2,-0.8863132030067057,-0.28348276394029776,0.18,-0.3985481492134314
1777027975.3601937,tb1,0.09992830975155265,0.34716036993748955,0.18,-0.19438483038386875
1777027975.3644133,tb7,-0.6901359286731965,0.6152663446150718,0.18,-0.3738770946841458
1777027975.3695982,tb3,-0.043476433466381796,-0.3637297121150092,0.18,-0.2079368052680168
1777027975.403089,tb2,-0.893491989076158,-0.2777651046214185,0.18,-0.4027611862807988
1777027975.4101963,tb1,0.1032421514067082,0.3386988269463563,0.18,-0.19400048177395465
1777027975.4144208,tb7,-0.6811519344437724,0.6171011336463375,0.18,-0.36907050946886766
1777027975.419607,tb3,-0.04978882583161812,-0.370274283761314,0.18,-0.20922795161181543
1777027975.4530656,tb2,-0.9005571102433626,-0.271904214320887,0.18,-0.4069545060051707
1777027975.4601948,tb1,0.10647349694505943,0.3302056479901662,0.18,-0.19363049894137105
1777027975.464352,tb7,-0.6721375709727613,0.6187666197288192,0.18,-0.36445944132696134
1777027975.4694803,tb3,-0.05616922318239719,-0.37675349298549976,0.18,-0.21049458788626135
1777027975.5031252,tb2,-0.9075042092344263,-0.2659007893347597,0.18,-0.41115384793839505
1777027975.5102932,tb1,0.10962223255001878,0.32168169592478135,0.18,-0.1932708065923215
1777027975.5144014,tb7,-0.6630962210470054,0.6202648186851243,0.18,-0.36000918459819187
1777027975.5196276,tb3,-0.06261739456069101,-0.3831661381120641,0.18,-0.2117281893322864
1777027975.5531986,tb2,-0.9143289976144017,-0.2597556972729717,0.18,-0.41536527146215735
1777027975.5603032,tb1,0.11268824271107587,0.313127827309691,0.18,-0.19292829231137035
1777027975.5643983,tb7,-0.6540312299593842,0.6215975961688747,0.18,-0.3556968379884823
1777027975.5699346,tb3,-0.06913307326370453,-0.38951105056323243,0.18,-0.2129388543937063
1777027975.6029863,tb2,-0.9210272070968158,-0.2534697878271938,0.18,-0.4195508372711907
1777027975.6101782,tb1,0.11567141327584443,0.30454489950235253,0.18,-0.19260592276761715
1777027975.6142497,tb7,-0.6449458699905994,0.6227668141370888,0.18,-0.35151662027617514
1777027975.6195178,tb3,-0.0757159822704354,-0.39578707347814895,0.18,-0.2141647749632844
1777027975.6529157,tb2,-0.9275943972017718,-0.24704405827586548,0.18,-0.39310892517811546
1777027975.6601086,tb1,0.11857163645159781,0.2959337664493202,0.18,-0.19229740670668372
1777027975.664274,tb7,-0.635843340038824,0.6237743968068048,0.18,-0.3474889472270127
1777027975.6696405,tb3,-0.082365820038737,-0.4019930340113775,0.18,-0.2153553363012267
1777027975.7030616,tb2,-0.9275943972017718,-0.24704405827586548,0.18,-0.4256211350107277
1777027975.710281,tb1,0.12138880118681772,0.28729525944546436,0.18,-0.19198806328316428
1777027975.7142434,tb7,-0.6267264797232852,0.6246221884997205,0.18,-0.34354757807726577
1777027975.7196295,tb3,-0.08908221798232711,-0.40812774577321737,0.18,-0.2165366140728258
1777027975.7530107,tb2,-0.9340222458131314,-0.24049342696544054,0.18,-0.4326029604332364
1777027975.7603168,tb1,0.12138880118681772,0.28729525944546436,0.18,-0.19002364919186493
1777027975.7643023,tb7,-0.6267264797232852,0.6246221884997205,0.18,-0.34541343299194555
1777027975.7694325,tb3,-0.09586481656923558,-0.41419006115731805,0.18,-0.21773172750478598
1777027975.8030202,tb2,-0.9403232000334876,-0.23380179836006895,0.18,-0.43703890663688905
1777027975.8103108,tb1,0.1241227845944276,0.27863026100178945,0.18,-0.18973099456489637
1777027975.8142524,tb7,-0.6175982261832116,0.6253119718412256,0.18,-0.34150272671031423
1777027975.8194983,tb3,-0.1027132329260271,-0.4201788174577932,0.18,-0.21891617937212315
1777027975.8530474,tb2,-0.9464807781389184,-0.22697382572144825,0.18,-0.44122972667641464
1777027975.860206,tb1,0.1267736885530067,0.26994039249187374,0.18,-0.18961631676065027
1777027975.8642924,tb7,-0.6084589451408167,0.6258444499466612,0.18,-0.3371507465051466
1777027975.8696065,tb3,-0.1027132329260271,-0.4201788174577932,0.18,-0.2168615151898657
1777027975.9031277,tb2,-0.952489409400084,-0.22001163193231624,0.18,-0.4453832068984375
1777027975.910342,tb1,0.12934195216367306,0.26122587498658645,0.18,-0.18950708210289227
1777027975.9143953,tb7,-0.5993137709292117,0.6262199540524592,0.18,-0.3329095449917007
1777027975.919607,tb3,-0.10962701327173927,-0.42609283216195276,0.18,-0.21807253480760155
1777027975.9532418,tb2,-0.9583445131349985,-0.21291702480888103,0.18,-0.4494748354272245
1777027975.9601831,tb1,0.1318274508719453,0.2524874548840859,0.18,-0.1894104781030118
1777027975.9643605,tb7,-0.5901658751368583,0.6264405673644221,0.18,-0.3288753467420914
1777027975.9696746,tb3,-0.11660422183480784,-0.431930709739206,0.18,-0.2195633156100856
1777027976.0030692,tb2,-0.9640413692970913,-0.20569209967273572,0.18,-0.4535026521388896
1777027976.0102115,tb1,0.1342300215623357,0.24372592447826866,0.18,-0.1893084851731886
1777027976.0143783,tb7,-0.5810175884058746,0.626508610785251,0.18,-0.3249915212374313
1777027976.019633,tb3,-0.1236450733034449,-0.4376926553154377,0.18,-0.22105819929982898
1777027976.0530796,tb2,-0.9695753537832128,-0.19833913308076945,0.18,-0.4574871045081668
1777027976.0602171,tb1,0.13654949878527384,0.23494208250191423,0.18,-0.1892111751595482
1777027976.0642982,tb7,-0.5718714100282632,0.6264261862292585,0.18,-0.3212540542878337
1777027976.0695336,tb3,-0.13074928376772682,-0.4433774976960527,0.18,-0.22253145484003106
1777027976.1030169,tb2,-0.9749418767101667,-0.19086069024086108,0.18,-0.4614245357411988
1777027976.1101568,tb1,0.13878572471893164,0.22613672746915764,0.18,-0.18912164342542503
1777027976.114306,tb7,-0.5627296149587445,0.626195345209385,0.18,-0.3176402965671105
1777027976.1196978,tb3,-0.13791645009430137,-0.4489839268057237,0.18,-0.22397903843579992
1777027976.153106,tb2,-0.9749418767101667,-0.19086069024086108,0.18,-0.4643101297877335
1777027976.1602056,tb1,0.14093854646323375,0.21731065615426842,0.18,-0.18903354450475873
1777027976.1642416,tb7,-0.553594465233133,0.6258180538040057,0.18,-0.31413613969097337
1777027976.1697667,tb3,-0.1451461389355298,-0.45451065987199873,0.18,-0.2254203230975964
1777027976.203037,tb2,-0.9801364411536218,-0.1832594852986068,0.18,-0.468317094578313
1777027976.2102437,tb1,0.14300781648375893,0.20846466881983103,0.18,-0.1834207216828294
1777027976.2143326,tb7,-0.5444682046929544,0.6252962975976047,0.18,-0.31075354054186877
1777027976.2195344,tb3,-0.1524379182712784,-0.45995642194493386,0.18,-0.22686165782647713
1777027976.2529397,tb2,-0.9851545955342297,-0.17553874651357712,0.18,-0.4723196003956023
1777027976.2601433,tb1,0.14300781648375893,0.20846466881983103,0.18,-0.18685293383737817
1777027976.2641854,tb7,-0.5353528646938503,0.6246319874439413,0.18,-0.30745811466141476
1777027976.26958,tb3,-0.15979128533273704,-0.4653199156126601,0.18,-0.22828655999914174
1777027976.3033166,tb2,-0.9899922291050662,-0.16770136864495072,0.18,-0.47626351438331554
1777027976.3102508,tb1,0.14499405219156467,0.1996021480427466,0.18,-0.18727533088465545
1777027976.3143182,tb7,-0.5353528646938503,0.6246319874439413,0.18,-0.3085276936669515
1777027976.319923,tb3,-0.16720568471235137,-0.47059986585108443,0.18,-0.22970743071424593
1777027976.3529446,tb2,-0.9946449214724541,-0.15975061094999765,0.18,-0.48006177326455257
1777027976.3602087,tb1,0.14689843464564062,0.19072019336939114,0.18,-0.18739651176526045
1777027976.3643103,tb7,-0.5262504497895356,0.6238269560083939,0.18,-0.3052490070734653
1777027976.3695061,tb3,-0.16720568471235137,-0.47059986585108443,0.17999999999999997,-0.2278143347883347
1777027976.4029953,tb2,-0.9991083138733169,-0.15168986304654053,0.18,-0.4837661017581376
1777027976.4101882,tb1,0.14871967656679588,0.18182063161052162,0.18,-0.18748257619106581
1777027976.4142537,tb7,-0.517161239673925,0.6228818219222494,0.17999999999999997,-0.3016433386812444
1777027976.4196196,tb3,-0.17468061877451532,-0.4757950122435493,0.18000000000000002,-0.2292612901821726
1777027976.4529912,tb2,-1.0033780276325426,-0.14352289248857436,0.18,-0.48735641812538566
1777027976.4603057,tb1,0.1504574782539546,0.17290434668074156,0.18,-0.18755451071646936
1777027976.4643056,tb7,-0.5080891167866282,0.621797680152061,0.18,-0.2981265094259216
1777027976.4696357,tb3,-0.18221381528721967,-0.4809038890799103,0.18,-0.231027213102182
1777027976.5030391,tb2,-1.0074499127601888,-0.13525360862139146,0.18,-0.49083047168441585
1777027976.510273,tb1,0.15211163835225386,0.16397212636191946,0.18,-0.18763070235085433
1777027976.5142465,tb7,-0.49903614306814964,0.6205764994403359,0.18,-0.2947370694040024
1777027976.519488,tb3,-0.1898054973484273,-0.4859267126345992,0.18000000000000002,-0.23280711536960694
1777027976.5530076,tb2,-1.0113199209349377,-0.12688598921702243,0.18,-0.4941392402049395
1777027976.5601783,tb1,0.1536819733397966,0.15502475111050973,0.18,-0.1877096695723898
1777027976.564244,tb7,-0.49000417009669706,0.6192203464582009,0.18,-0.2914929829495174
1777027976.5695958,tb3,-0.19745527332605917,-0.4908622455370138,0.18,-0.2345490764138404
1777027976.6030295,tb2,-1.014984000780545,-0.11842441859067754,0.18,-0.49730569043661255
1777027976.6102011,tb1,0.15516830704530415,0.14606300147898518,0.18,-0.18778513470343444
1777027976.6142993,tb7,-0.4809947681111313,0.6177312570288689,0.18,-0.2883630757360432
1777027976.6195743,tb3,-0.20516256395047977,-0.49570902408914824,0.18,-0.2362829633641336
1777027976.652935,tb2,-1.0184383283886564,-0.10987336255267356,0.18,-0.5002948505208401
1777027976.66024,tb1,0.15657047043209985,0.1370876595622939,0.18,-0.18786291844676822
1777027976.6643054,tb7,-0.47200957112116115,0.6161111677265863,0.18000000000000002,-0.2853424079222193
1777027976.6695354,tb3,-0.21292680917445084,-0.5004656725812802,0.18,-0.2380008411801112
1777027976.702927,tb2,-1.0216792081724908,-0.10123760516995894,0.18,-0.5031281987698265
1777027976.7101936,tb1,0.1578883022735919,0.12809951142916845,0.18,-0.18794915585531427
1777027976.7143369,tb7,-0.4630501045988475,0.6143619627758639,0.18,-0.28241787051085443
1777027976.7195625,tb3,-0.22074736538805853,-0.505130762074881,0.18000000000000002,-0.2397101522903372
1777027976.7532644,tb2,-1.0247031803061248,-0.09252210729599376,0.18,-0.5058248941966869
1777027976.760267,tb1,0.1591216485224871,0.11909934217530233,0.18,-0.188035833312483
1777027976.7642732,tb7,-0.4541178490605724,0.612485450985134,0.18,-0.2795758763290189
1777027976.769855,tb3,-0.22862354847487062,-0.5097029008668368,0.18,-0.2414114146410086
1777027976.8029916,tb2,-1.0275069585369856,-0.08373191541108313,0.18,-0.4816722471120646
1777027976.8101819,tb1,0.16027035871458048,0.11008793741074097,0.18,-0.18813608300288548
1777027976.814315,tb7,-0.4452143302768324,0.6104834620107896,0.18,-0.2768307820591268
1777027976.819545,tb3,-0.23655470083878766,-0.5141807184384897,0.18,-0.24312932058319042
1777027976.853073,tb2,-1.0275069585369856,-0.08373191541108313,0.18,-0.5126464994967059
1777027976.8600848,tb1,0.16133428411405282,0.10106607907642236,0.18,-0.18823931595209548
1777027976.8642986,tb7,-0.4363409683563577,0.6083578614203571,0.18,-0.2741781930937831
1777027976.8695245,tb3,-0.2445401473305053,-0.5185627955492134,0.18,-0.2448173291129819
1777027976.9030497,tb2,-1.0300899723767991,-0.07488437118263579,0.18,-0.5175399343153564
1777027976.9101462,tb1,0.16133428411405282,0.10106607907642236,0.18,-0.18600215229390998
1777027976.9142225,tb7,-0.4274990024558379,0.6061103714781981,0.18,-0.2716074387497965
1777027976.919506,tb3,-0.25257907313267935,-0.5228476894653331,0.18,-0.24652412556990871
1777027976.9531126,tb2,-1.032454812923715,-0.06596243335076485,0.18,-0.5194584940545316
1777027976.9602373,tb1,0.16231327999323028,0.0920345609335442,0.18,-0.18610097238661283
1777027976.9642663,tb7,-0.4274990024558379,0.6061103714781981,0.18000000000000002,-0.27185356213014195
1777027976.9695737,tb3,-0.2606706751241902,-0.5270340191436405,0.18,-0.2482395715862772
1777027977.0032651,tb2,-1.0345892885551333,-0.05698042094376865,0.18,-0.5209094717724457
1777027977.0103433,tb1,0.16320763793754234,0.08299524836646163,0.18,-0.18642742638822707
1777027977.0142896,tb7,-0.41868973366227596,0.6037426703252703,0.18,-0.2692892517654265
1777027977.0213778,tb3,-0.26881418150181374,-0.5311203818989253,0.18,-0.2274824661976177
1777027977.0535505,tb2,-1.036490174766018,-0.04794523094867654,0.18,-0.5221648671109647
1777027977.0602102,tb1,0.16401786439438312,0.0739479666775748,0.18,-0.1867792052662712
1777027977.0647335,tb7,-0.4099135198106729,0.6012555215216197,0.17999999999999997,-0.26654259260246
1777027977.069898,tb3,-0.26881418150181374,-0.5311203818989253,0.18,-0.24831940274089673
1777027977.1031253,tb2,-1.0381553628517928,-0.03886294052525877,0.18,-0.5231339953525788
1777027977.1101902,tb1,0.16474378172054943,0.06489336615488413,0.18,-0.18710387601198306
1777027977.114246,tb7,-0.4011729472616339,0.598650347420732,0.18,-0.26387669444270223
1777027977.11947,tb3,-0.27699857875398326,-0.5351056973802486,0.17999999999999997,-0.2519518394657696
1777027977.1530144,tb2,-1.0395830229407643,-0.029739750205782862,0.18,-0.5239407114062302
1777027977.1601753,tb1,0.16538515389973305,0.05583222062414273,0.18,-0.187425154322915
1777027977.164317,tb7,-0.39246922152934577,0.5959289421990781,0.18,-0.26131299163039096
1777027977.1696126,tb3,-0.285237736756975,-0.5389962839520328,0.18,-0.2540117892818385
1777027977.202978,tb2,-1.0407716593083012,-0.020581938417077537,0.18,-0.524554503140899
1777027977.2101793,tb1,0.16594176344600212,0.04676532539060586,0.18,-0.1877407015198345
1777027977.214294,tb7,-0.3838034019919649,0.5930930231334731,0.18,-0.25883077995192594
1777027977.2196546,tb3,-0.2935264422947972,-0.5427839684854986,0.18,-0.25594014932032566
1777027977.2529626,tb2,-1.0417200439978795,-0.01139579227336851,0.18,-0.5249554703474484
1777027977.2601607,tb1,0.16641340602271615,0.03769345605187073,0.18,-0.1880511820785064
1777027977.2642503,tb7,-0.3751766373097826,0.590144298268897,0.18,-0.25644393157788536
1777027977.2695491,tb3,-0.3018633508724645,-0.5464667325894491,0.18,-0.2578689613281366
1777027977.3031168,tb2,-1.0424272014589413,-0.002187696544761721,0.18,-0.5251545886064273
1777027977.3102946,tb1,0.16679988083844602,0.028617410707942024,0.18,-0.1883517988757586
1777027977.31428,tb7,-0.3665898945147756,0.5870844438451486,0.18,-0.25413671303258906
1777027977.3196285,tb3,-0.31024748151412374,-0.5500430667424884,0.18,-0.2597981867915538
1777027977.3531144,tb2,-1.0428924428843733,0.007035915195065463,0.18,-0.525117047751189
1777027977.3602462,tb1,0.16710100153866392,0.01953798770103266,0.18,-0.18866004544679904
1777027977.3642848,tb7,-0.3580441748759913,0.5839150922159287,0.18,-0.2519082255476322
1777027977.369589,tb3,-0.3186778390236492,-0.553511482291774,0.18,-0.26174049399464544
1777027977.4029973,tb2,-1.0431153679774803,0.01626857572654684,0.18,-0.5248464321929774
1777027977.410276,tb1,0.16731658350162687,0.010455972493130064,0.18,-0.18896256094247715
1777027977.4142942,tb7,-0.3495404678011463,0.5806378993055931,0.18,-0.2497667540726802
1777027977.419479,tb3,-0.3271534477021304,-0.5568704879551127,0.18,-0.26368643433998484
1777027977.4530292,tb2,-1.0431153679774803,0.01626857572654684,0.18,-0.5299191714282999
1777027977.4601328,tb1,0.16744644485671953,0.00137217474035392,0.18,-0.18927358456646834
1777027977.4642658,tb7,-0.3410796428053695,0.5772544679547176,0.18000000000000002,-0.2477018140208683
1777027977.4694908,tb3,-0.33567323689225864,-0.5601185412524431,0.18,-0.2656367305624635
1777027977.5030942,tb2,-1.0430958887548571,0.025503787600685054,0.18,-0.5294761155608536
1777027977.5109339,tb1,0.16749042397612623,-0.007712588847317181,0.18,-0.17092203759227614
1777027977.5142775,tb7,-0.3326625222198493,0.5737662668858974,0.18,-0.24569236448227103
1777027977.5196,tb3,-0.3442360187452013,-0.5632541417002742,0.18,-0.267612715775792
1777027977.5532112,tb2,-1.0428328107974134,0.034737518321637476,0.18,-0.5282248317836938
1777027977.5602245,tb1,0.16749042397612623,-0.007712588847317181,0.18,-0.1872741260933444
1777027977.564329,tb7,-0.3326625222198493,0.5737662668858974,0.18,-0.24531019604588347
1777027977.569623,tb3,-0.3528407108163577,-0.5662758168393823,0.18,-0.2695961562468432
1777027977.6029522,tb2,-1.0423253553948686,0.04396074020840279,0.18,-0.5266956532984566
1777027977.6101625,tb1,0.16745241254130722,-0.016790233782694425,0.18,-0.18913357621105328
1777027977.6143808,tb7,-0.32429003710755,0.5701748302006157,0.18,-0.24330990578854073
1777027977.6196082,tb3,-0.3528407108163577,-0.5662758168393823,0.18000000000000002,-0.26826045249905317
1777027977.6530335,tb2,-1.041574434375243,0.05316669317695751,0.18,-0.525032030457501
1777027977.6602423,tb1,0.16733217222662858,-0.02587356380867692,0.18,-0.18967189142519977
1777027977.6644368,tb7,-0.31596256436012726,0.5664810360333957,0.18,-0.2412401028219533
1777027977.6696224,tb3,-0.36148615207251616,-0.5691820283524264,0.18,-0.2702960821763181
1777027977.7031634,tb2,-1.040581357906292,0.06234889837757065,0.18,-0.5232069246140822
1777027977.710179,tb1,0.16712629562133438,-0.03495612441153118,0.18,-0.1900915688056117
1777027977.7144282,tb7,-0.30768172043413844,0.5626863295926089,0.18,-0.23924920430588043
1777027977.719627,tb3,-0.3701694734090723,-0.5719715992374789,0.18,-0.2726500782642675
1777027977.7529507,tb2,-1.0393477297748597,0.0715009940284667,0.18,-0.5211887572076346
1777027977.760129,tb1,0.16683432782159496,-0.044036577949872334,0.18,-0.19049695422253288
1777027977.7642603,tb7,-0.29944826842543604,0.5587922656614562,0.18000000000000002,-0.23734195766947686
1777027977.7694736,tb3,-0.37889064354974494,-0.5746441658386139,0.18,-0.2750158075650591
1777027977.8029346,tb2,-1.0378754055666488,0.08061676830168561,0.18,-0.5190307787552917
1777027977.8101964,tb1,0.16645606582367697,-0.053114046210867814,0.18,-0.19089586593189864
1777027977.8143947,tb7,-0.29126288290829877,0.5548003158114378,0.18,-0.2354993731829525
1777027977.8196642,tb3,-0.38764845157227923,-0.5771981143108473,0.18,-0.27737617865507597
1777027977.8530958,tb2,-1.0361664285889969,0.08969015493298044,0.18,-0.5167209182381842
1777027977.8602307,tb1,0.1659913447501839,-0.0621876865763258,0.18,-0.19129941951002247
1777027977.864319,tb7,-0.2831262561511378,0.5507118862879397,0.18,-0.23371900272596358
1777027977.8695483,tb3,-0.39644161545966367,-0.5796318355170513,0.18,-0.27974625587285334
1777027977.9028919,tb2,-1.034223199474656,0.09871504744713329,0.18,-0.5142405075128944
1777027977.9100757,tb1,0.16543999260240824,-0.0712566915357716,0.18,-0.19171023084544747
1777027977.9142654,tb7,-0.27503914418475595,0.5465284474854197,0.18,-0.23201573592914365
1777027977.9196045,tb3,-0.4052688757276883,-0.5819436835754151,0.18,-0.2821010609039039
1777027977.9530616,tb2,-1.034223199474656,0.09871504744713329,0.18,-0.5193371924703027
1777027977.9601395,tb1,0.1648018489665305,-0.08032020134415298,0.18,-0.1921146892642689
1777027977.9643009,tb7,-0.26700211472618995,0.5422513282476648,0.18,-0.23036248133583534
1777027977.9696016,tb3,-0.4141287513862356,-0.5841319763802982,0.18,-0.28446863326498617
1777027978.0030468,tb2,-1.0320482387127938,0.1076857837405754,0.18,-0.5166752176644144
1777027978.0102508,tb1,0.1648018489665305,-0.08032020134415298,0.18,-0.1897892713707269
1777027978.0144267,tb7,-0.26700211472618995,0.5422513282476648,0.18,-0.22959008217522803
1777027978.0194333,tb3,-0.4230198762815909,-0.5861950683586318,0.18,-0.2815332225102168
1777027978.0529552,tb2,-1.0296416285700507,0.11659914730478874,0.18,-0.5130901346272897
1777027978.0601382,tb1,0.16407677267518336,-0.08937729194284884,0.18,-0.19022412124284396
1777027978.0642734,tb7,-0.25901587433104917,0.5378819271936754,0.18,-0.2279643115309905
1777027978.0696096,tb3,-0.4230198762815909,-0.5861950683586318,0.18,-0.28580889335568554
1777027978.102958,tb2,-1.0270057468688156,0.12544583252865277,0.18,-0.5094065523890917
1777027978.110233,tb1,0.1632654358777302,-0.09842614985929181,0.18,-0.19088798468161708
1777027978.1143422,tb7,-0.25108084444168927,0.5334212532551074,0.18,-0.22632414282044566
1777027978.1195996,tb3,-0.43193834765750727,-0.5881319029826222,0.18,-0.2886832925514636
1777027978.1530814,tb2,-1.0241441325779779,0.1342203272706039,0.18,-0.505661310785659
1777027978.1601822,tb1,0.16236809762214827,-0.10746711883153381,0.18,-0.19156032090586567
1777027978.1644163,tb7,-0.2431979713008116,0.5288705896045777,0.18,-0.2247356310578081
1777027978.1695445,tb3,-0.4408852996330452,-0.589942343595668,0.18,-0.29142213730699684
1777027978.2029786,tb2,-1.0210605374446928,0.14291732093563353,0.18,-0.5018538827622657
1777027978.210155,tb1,0.16138452918956608,-0.11649945030567628,0.18,-0.19221285040111036
1777027978.214343,tb7,-0.23536790263250829,0.5242312586116786,0.18,-0.22321414081962754
1777027978.2195013,tb3,-0.44985874457004477,-0.5916241824364191,0.18,-0.294137641503904
1777027978.2529545,tb2,-1.0177588617547235,0.15153189340359455,0.18,-0.49800819244473865
1777027978.2602668,tb1,0.1603144793797397,-0.12552226878159367,0.18,-0.19284449319452188
1777027978.2642953,tb7,-0.22759116319654565,0.519504536446491,0.18,-0.22174707931265594
1777027978.269567,tb3,-0.45885701659952505,-0.5931756313056146,0.18,-0.29684516592156357
1777027978.3029947,tb2,-1.014243041691843,0.16005934264560073,0.18,-0.4941069362750977
1777027978.310188,tb1,0.15915772200374606,-0.13453469475011515,0.18,-0.1934742151147952
1777027978.3144104,tb7,-0.21986830080858916,0.514691660444538,0.18,-0.22032778739703865
1777027978.319787,tb3,-0.4678783745856161,-0.5945949719377193,0.18,-0.299561546614011
1777027978.352954,tb2,-1.0105171876772963,0.16849504732892998,0.18,-0.4901546981891939
1777027978.3601723,tb1,0.15791404447688062,-0.14353585172071195,0.18,-0.19409176103712666
1777027978.364299,tb7,-0.21219986320260592,0.5097938549886102,0.18,-0.2189642861602555
1777027978.3694701,tb3,-0.4769211147246753,-0.5958805416245694,0.18,-0.3022926593850289
1777027978.4030032,tb2,-1.0105171876772963,0.16849504732892998,0.18,-0.49486644312109673
1777027978.4101098,tb1,0.15658322361486976,-0.1525248700176022,0.18,-0.19470004851503458
1777027978.4142632,tb7,-0.2045863913383552,0.5048123736217406,0.18,-0.21765817987773495
1777027978.4195473,tb3,-0.48598353778788034,-0.5970306036308097,0.18,-0.3050072046213509
1777027978.4529715,tb2,-1.006585692151643,0.17683459391824735,0.18,-0.49084512977237893
1777027978.4600742,tb1,0.15516508676412438,-0.16150081513303427,0.18,-0.1953077632799523
1777027978.464282,tb7,-0.19702832808810333,0.49974832483119697,0.18,-0.2163896334306927
1777027978.4698327,tb3,-0.49506359378904546,-0.5980434707118815,0.18,-0.3077545912317022
1777027978.5031857,tb2,-1.0024491407436218,0.18507651402546557,0.18,-0.4858687168117334
1777027978.51031,tb1,0.15516508676412438,-0.16150081513303427,0.18,-0.19298602836183726
1777027978.5144253,tb7,-0.19702832808810333,0.49974832483119697,0.18,-0.2152454943930575
1777027978.5197294,tb3,-0.50415941658105,-0.5989175324552436,0.18,-0.3105263521417022
1777027978.5529337,tb2,-0.9981119636162373,0.19321213269062892,0.18,-0.4808626500652211
1777027978.560146,tb1,0.15365949836076384,-0.17046266262363133,0.18,-0.19363034371692617
1777027978.5642982,tb7,-0.18952624034511525,0.49460288185758444,0.18,-0.21399225909353123
1777027978.5695417,tb3,-0.50415941658105,-0.5989175324552436,0.18,-0.3099435277594353
1777027978.6029868,tb2,-0.9935791924277376,0.20123759962294027,0.18,-0.47595423852392266
1777027978.610213,tb1,0.15206728122772795,-0.179408679749396,0.18,-0.19450183128119825
1777027978.6143312,tb7,-0.1820805846598341,0.4893771686271406,0.18,-0.21277470083376618
1777027978.619598,tb3,-0.5132691172864533,-0.5996510656954707,0.18,-0.31276834418029625
1777027978.652964,tb2,-0.9888556893249034,0.20914961441581773,0.18,-0.47107600214420164
1777027978.660288,tb1,0.1503885477465983,-0.18833920274119434,0.18,-0.19536651521623463
1777027978.6642864,tb7,-0.17469187185053173,0.48407226484816146,0.18,-0.2115993916828554
1777027978.669641,tb3,-0.5223889647424953,-0.6002431985653575,0.18,-0.3159358319959518
1777027978.70295,tb2,-0.9839465190874734,0.21694478375405368,0.18,-0.46629359666745696
1777027978.7102218,tb1,0.14862303481401665,-0.1972534287626081,0.18,-0.19621015092908767
1777027978.7143176,tb7,-0.16736061033251284,0.47868930287244105,0.18,-0.21047362384984386
1777027978.7194717,tb3,-0.5315184319270077,-0.6006932178420719,0.18,-0.3191111622854736
1777027978.7529774,tb2,-0.9788565663402006,0.22462033043557003,0.18,-0.46156234137838437
1777027978.7602108,tb1,0.14677047279833635,-0.20615039490644907,0.18,-0.19703168269322513
1777027978.764268,tb7,-0.16008719438355706,0.47322934941726247,0.18,-0.20938766123537378
1777027978.7695856,tb3,-0.5406553610142111,-0.6009993700956483,0.18,-0.3222952921489155
1777027978.803065,tb2,-0.9735905847910744,0.2321734971466694,0.18,-0.45685743175739435
1777027978.810218,tb1,0.14483063684176822,-0.21502913856890352,0.18,-0.1978399373750706
1777027978.8143013,tb7,-0.15287208103219924,0.4676934462180319,0.18,-0.20833510727875318
1777027978.8195267,tb3,-0.5497975445167024,-0.6011599792430735,0.18,-0.32549084595100497
1777027978.8529272,tb2,-0.9681536393530448,0.23960151420165124,0.18,-0.452215218896081
1777027978.860138,tb1,0.14280327903127987,-0.22388875656026222,0.18,-0.19863103518609362
1777027978.8643034,tb7,-0.14571574783099486,0.4620826795545019,0.18,-0.20732998852833212
1777027978.8694935,tb3,-0.5589427857278454,-0.6011733166872988,0.18,-0.32867665468158225
1777027978.9029403,tb2,-0.9625504231574938,0.24690213841962808,0.18,-0.44761313765906485
1777027978.9102056,tb1,0.14068821688363875,-0.2327282215447926,0.18,-0.1994113327421633
1777027978.914345,tb7,-0.13861856967877395,0.4563980190311867,0.18,-0.20635193596282178
1777027978.9196203,tb3,-0.568088517236057,-0.6010377106963877,0.18,-0.33189420742243153
1777027978.9529822,tb2,-0.9625504231574938,0.24690213841962808,0.18,-0.4515496995448149
1777027978.9600945,tb1,0.1384852609974515,-0.24154659793262565,0.18,-0.19691124099078125
1777027978.9643047,tb7,-0.13158101366244226,0.4506404797469087,0.18,-0.205411314296585
1777027978.9695969,tb3,-0.5772323567041745,-0.6007515690867656,0.18,-0.33513100337910795
1777027979.0029888,tb2,-0.9567856533902782,0.2540731569710886,0.18,-0.44687234507120127
1777027979.0103498,tb1,0.1384852609974515,-0.24154659793262565,0.18,-0.1979057046927353
1777027979.0142071,tb7,-0.12460350437022896,0.4448110717862687,0.18,-0.20450997114651442
1777027979.0194664,tb3,-0.5863717887232638,-0.600313259616616,0.18,-0.3383852709645127
1777027979.0532882,tb2,-0.9508603049514259,0.2611136378966957,0.18,-0.4414386416472607
1777027979.0603287,tb1,0.1361952798412151,-0.25034173238439233,0.18,-0.19897592867600264
1777027979.0650425,tb7,-0.12460350437022896,0.4448110717862687,0.18,-0.20300619772455575
1777027979.0701213,tb3,-0.5955040999723084,-0.5997212549672432,0.18,-0.34167703041386416
1777027979.1029558,tb2,-0.9447800866244953,0.2680178853461886,0.18,-0.4359896795398274
1777027979.1102862,tb1,0.13381847487885037,-0.2591142276540341,0.18,-0.2000391587477776
1777027979.1144295,tb7,-0.11768643945912446,0.438910731118191,0.18,-0.20211841581671652
1777027979.1196554,tb3,-0.5955040999723084,-0.5997212549672432,0.18,-0.34174058892423065
1777027979.15294,tb2,-0.9385503266811834,0.2747838001151432,0.18,-0.43072748160905483
1777027979.1601403,tb1,0.13135456280226931,-0.26786322450549327,0.18,-0.2010720356601199
1777027979.164321,tb7,-0.11083038887129708,0.43294070572887683,0.18,-0.20131029997100863
1777027979.1695344,tb3,-0.6046265933345676,-0.5989740838953018,0.18,-0.3451441198859976
1777027979.2030778,tb2,-0.9321762360065234,0.28141011104034525,0.18,-0.42564877218494784
1777027979.2102275,tb1,0.1288032452696987,-0.27658768545079276,0.18,-0.20206342165636795
1777027979.214341,tb7,-0.10403545385012511,0.42690189115722105,0.18,-0.20053586292755513
1777027979.2195964,tb3,-0.6137353458912802,-0.5980711225240101,0.18,-0.34884820014517814
1777027979.2530196,tb2,-0.9256625938512705,0.28789587666362526,0.18,-0.42065793899511555
1777027979.2602737,tb1,0.12616427848947115,-0.28528654148660343,0.18,-0.20303810648777307
1777027979.2643533,tb7,-0.0973019874708444,0.4207951776203017,0.18,-0.1997869428886086
1777027979.2695422,tb3,-0.6228288526909328,-0.5970114611561895,0.18,-0.3525879373355591
1777027979.3029194,tb2,-0.9190143852966812,0.29423991337997213,0.18,-0.4158097115328598
1777027979.3101785,tb1,0.12343744378658361,-0.2939587730061611,0.18,-0.20400037326872908
1777027979.314417,tb7,-0.09063040925524607,0.41462147704397956,0.18,-0.19906507143073857
1777027979.3195853,tb3,-0.6319044015392601,-0.5957935598951405,0.18,-0.356322425657407
1777027979.3530347,tb2,-0.9122364241696936,0.3004414283616482,0.18,-0.41111119798272444
1777027979.3603094,tb1,0.12062251808692857,-0.3026033419167412,0.18,-0.2049338384504704
1777027979.3643024,tb7,-0.08402111145812921,0.4083816950683699,0.18,-0.19837853757382215
1777027979.3695283,tb3,-0.6409590206702804,-0.5944157651897717,0.18,-0.36003864910087524
1777027979.4029827,tb2,-0.9053332152729755,0.30649974500754307,0.18,-0.4064939558372418
1777027979.4102404,tb1,0.1177193340892496,-0.31121915319756427,0.18,-0.205869145547794
1777027979.4142947,tb7,-0.07747447153349968,0.4020767125738454,0.18,-0.1977152830602674
1777027979.4195774,tb3,-0.6499894577800924,-0.5928765182042807,0.18,-0.36376593692591497
1777027979.4529917,tb2,-0.9053332152729755,0.30649974500754307,0.18,-0.4096098049273986
1777027979.46009,tb1,0.11472774114193864,-0.3198051555527843,0.18,-0.20680193655164822
1777027979.4642096,tb7,-0.07099087296745725,0.3957073839296776,0.18,-0.19707788904062548
1777027979.469465,tb3,-0.6589924527382537,-0.591174413158708,0.18,-0.36751351539845006
1777027979.5029588,tb2,-0.8983092215336664,0.31241416651067294,0.18,-0.40498408320495516
1777027979.5100775,tb1,0.11164762231695363,-0.32836027085341574,0.18,-0.20772915731595518
1777027979.5142782,tb7,-0.06457070911681624,0.38927455144847456,0.18,-0.1964584355655289
1777027979.5195827,tb3,-0.6679646708655538,-0.5893081502401474,0.18,-0.3712998268015095
1777027979.5530221,tb2,-0.8911651555951144,0.31818469395429866,0.18,-0.3996774455261422
1777027979.5602124,tb1,0.11164762231695363,-0.32836027085341574,0.18,-0.20552111844536658
1777027979.5643358,tb7,-0.06457070911681624,0.38927455144847456,0.18,-0.1947302404380757
1777027979.5694191,tb3,-0.6769027288891546,-0.5872764962418514,0.18,-0.3751138706103439
1777027979.6030633,tb2,-0.883907116504253,0.3238072409164286,0.18,-0.3945075125175451
1777027979.6101887,tb1,0.10847890815340015,-0.33688335495283017,0.18,-0.2064757409548804
1777027979.614308,tb7,-0.0582143870984422,0.3827790645404744,0.18,-0.19411421406622872
1777027979.6197212,tb3,-0.6769027288891546,-0.5872764962418514,0.18,-0.3759441293562438
1777027979.6530416,tb2,-0.8765399355843413,0.3292815715004362,0.18,-0.38952969478748584
1777027979.6601825,tb1,0.10522268253256743,-0.3453725244197699,0.18,-0.20769432086187878
1777027979.66433,tb7,-0.05192244125822612,0.3762223439535782,0.18,-0.19363305209242623
1777027979.6696482,tb3,-0.6858033106464956,-0.5850780437003932,0.18,-0.3798384515472555
1777027979.7030902,tb2,-0.8690680850601228,0.3346078282108257,0.18,-0.38472872249975026
1777027979.7102373,tb1,0.10187890500537584,-0.3538281448802785,0.18,-0.20890010506522808
1777027979.714425,tb7,-0.0456947054868614,0.36960501102421095,0.18,-0.19317540052319673
1777027979.7197955,tb3,-0.6946616929042385,-0.5827126632784901,0.18,-0.38401669681779727
1777027979.7529664,tb2,-0.8614959898229226,0.3397861589643225,0.18,-0.38009728781465985
1777027979.760268,tb1,0.09844732207043362,-0.36224919472323774,0.18,-0.21007569895148373
1777027979.764366,tb7,-0.0395315299061544,0.36292784796681354,0.18,-0.19274253694423626
1777027979.7695506,tb3,-0.703475759815389,-0.5801794190636115,0.18,-0.388158985495815
1777027979.8029602,tb2,-0.8538279930788344,0.34481686889038204,0.18,-0.3756539658546535
1777027979.810162,tb1,0.09492770834862016,-0.37063449262750897,0.18,-0.21123276182460196
1777027979.8142571,tb7,-0.033433290004087936,0.35619163472819654,0.18,-0.19232813357523496
1777027979.81964,tb3,-0.7122416248278207,-0.5774770061200757,0.18,-0.39229250039561775
1777027979.8530262,tb2,-0.8538279930788344,0.34481686889038204,0.18,-0.37812621365796933
1777027979.8603325,tb1,0.09131986170768097,-0.3789828666446842,0.18,-0.21235633730986064
1777027979.8643477,tb7,-0.027400372961345638,0.349397144820897,0.18,-0.1919226105849855
1777027979.869582,tb3,-0.7209553807431038,-0.5746042632837819,0.18,-0.3964032991545093
1777027979.902996,tb2,-0.8460680709741631,0.3497003653466438,0.18,-0.373729258663835
1777027979.910175,tb1,0.09131986170768097,-0.3789828666446842,0.18,-0.21022180471509383
1777027979.9145055,tb7,-0.02143316683109217,0.34254514924163276,0.18,-0.19153266513030565
1777027979.9194617,tb3,-0.7296130306823158,-0.571560048151104,0.18,-0.40048337369135534
1777027979.9529955,tb2,-0.8382170933514034,0.35443703930529286,0.18,-0.3688386065750807
1777027979.9602077,tb1,0.08762363324908226,-0.3872930993618612,0.18,-0.21135335108468828
1777027979.9643974,tb7,-0.02143316683109217,0.34254514924163276,0.18,-0.18965138864143954
1777027979.9695377,tb3,-0.7382102730149882,-0.5683435488245867,0.18,-0.4045781420236658
1777027980.0030882,tb2,-0.8302805037529504,0.3590245995854924,0.18,-0.36406490744524206
1777027980.010175,tb1,0.08384020184948142,-0.3955630751115074,0.18,-0.21277091862363035
1777027980.0144353,tb7,-0.015532065246433096,0.3356364222126174,0.18,-0.1892637065095869
1777027980.0196948,tb3,-0.7382102730149882,-0.5683435488245867,0.18,-0.40613058208460806
1777027980.0529947,tb2,-0.8222625068306755,0.36346340774241787,0.18,-0.35946766581820744
1777027980.0601604,tb1,0.0799695064607068,-0.4037932139537904,0.18,-0.2141770101058066
1777027980.0642867,tb7,-0.009697591677405639,0.3286724553593307,0.18,-0.18904368952282707
1777027980.0695007,tb3,-0.7467429756823285,-0.5649540109679159,0.18,-0.4103208865946432
1777027980.10296,tb2,-0.814167100540934,0.367754203033846,0.18,-0.35507668744542775
1777027980.1101742,tb1,0.0760112994118085,-0.41198242706894506,0.18,-0.2155439070052873
1777027980.1142876,tb7,-0.003929440421753606,0.3216536874511203,0.18,-0.18883467531388926
1777027980.1197498,tb3,-0.7552061985631066,-0.5613917580685768,0.18,-0.41473224037036993
1777027980.1530724,tb2,-0.8059978115795757,0.3718978922805617,0.18,-0.3508314877044765
1777027980.1601508,tb1,0.07196539787953249,-0.42012940948855876,0.18,-0.21689018701456944
1777027980.1643639,tb7,0.0017720307675016518,0.31458077945961643,0.18,-0.18862560841828563
1777027980.1695528,tb3,-0.763596638788602,-0.5576563540477133,0.18,-0.41913142460465574
1777027980.202955,tb2,-0.7977582562264234,0.3758951787668374,0.18,-0.34672147125345476
1777027980.210227,tb1,0.06783163513072975,-0.4282329300439575,0.18,-0.2182083003598607
1777027980.2143526,tb7,0.00740639469196212,0.3074544313265354,0.18,-0.18842529327427243
1777027980.2195258,tb3,-0.7719100147832292,-0.5537472454133054,0.18,-0.4234938059209207
1777027980.2530043,tb2,-0.789451846316618,0.37974684172158235,0.18,-0.34274251970421454
1777027980.2601585,tb1,0.06360989471121409,-0.4362916935035184,0.18,-0.21951835417307192
1777027980.2644103,tb7,0.012973237027555928,0.300275339471988,0.18,-0.18822821347415442
1777027980.2696345,tb3,-0.7801416474829057,-0.5496640421255219,0.18,-0.4278346287902557
1777027980.3028622,tb2,-0.7810819122859792,0.3834536468921488,0.18,-0.3388722124217616
1777027980.3101964,tb1,0.05930009114856846,-0.4443044284232167,0.18,-0.22081408925924867
1777027980.3143723,tb7,0.01847214464441479,0.29304420329327646,0.18,-0.18804255713447096
1777027980.3195205,tb3,-0.7882868917569978,-0.545406492339572,0.18,-0.43212870864152775
1777027980.3530705,tb2,-0.7810819122859792,0.3834536468921488,0.18,-0.34056571959966747
1777027980.3601465,tb1,0.054902107808414674,-0.4522698768593601,0.18,-0.22209751076967216
1777027980.364339,tb7,0.023902712319781926,0.2857617249264143,0.18,-0.18786604547839375
1777027980.369445,tb3,-0.7963410145819055,-0.5409744127983478,0.18,-0.4363677158528941
1777027980.4029634,tb2,-0.7726517932926349,0.3870164378848679,0.18,-0.33674127141926863
1777027980.410148,tb1,0.054902107808414674,-0.4522698768593601,0.18,-0.22007080390866343
1777027980.414237,tb7,0.029264541169709727,0.27842859616147325,0.18,-0.18770240128822896
1777027980.4194665,tb3,-0.804299054346701,-0.5363679299042183,0.18,-0.4405817032828924
1777027980.4531202,tb2,-0.7641620099065021,0.39043564840574424,0.18,-0.33252008220082585
1777027980.4602737,tb1,0.05041592391018896,-0.4601867010049754,0.18,-0.22135987746426866
1777027980.4643397,tb7,0.029264541169709727,0.27842859616147325,0.18,-0.18564868597187706
1777027980.4700649,tb3,-0.8121561353702448,-0.5315872816547903,0.18,-0.413112766596259
1777027980.5029724,tb2,-0.7556174655015344,0.393710233004452,0.18,-0.32841729394885866
1777027980.5101626,tb1,0.04584290555902228,-0.4680527823263273,0.18,-0.22295047873011367
1777027980.514282,tb7,0.03455720198206749,0.2710455585454951,0.18,-0.1854870781403429
1777027980.519474,tb3,-0.8121561353702448,-0.5315872816547903,0.18,-0.4473528807114743
1777027980.5529563,tb2,-0.7470214989595528,0.39684122199530514,0.18,-0.32448146880246354
1777027980.5601866,tb1,0.04118293191591293,-0.4758684251158555,0.18,-0.22451762793261495
1777027980.5642595,tb7,0.03978027518450687,0.263614204850869,0.18,-0.18550145309964294
1777027980.5695875,tb3,-0.8199000852940155,-0.5266456924222219,0.18,-0.4544604028154989
1777027980.6030388,tb2,-0.7383769923499633,0.3998298354509595,0.18,-0.32069081592529747
1777027980.610313,tb1,0.03643589317674651,-0.48363236071063764,0.18,-0.22607121955678441
1777027980.6143818,tb7,0.04493414727422761,0.2561347661473228,0.18,-0.1855238010531742
1777027980.6195672,tb3,-0.8275474649585941,-0.5215298398719679,0.18,-0.45876538042455706
1777027980.6529946,tb2,-0.7296869288801441,0.40267715294882656,0.18,-0.3170409863139878
1777027980.6601944,tb1,0.031601677444025644,-0.49134325966715087,0.18,-0.2276069909147345
1777027980.664239,tb7,0.05001843198499077,0.24860784060903096,0.18,-0.18555420300870878
1777027980.6695156,tb3,-0.8350801294437052,-0.5162406295746428,0.18,-0.46269813755528694
1777027980.702978,tb2,-0.7209541127824001,0.40538434167877196,0.18000000000000002,-0.31352313862461273
1777027980.710314,tb1,0.0266802465076358,-0.4989996616973783,0.18,-0.22912074680441769
1777027980.7144232,tb7,0.05503268467726585,0.2410340671803927,0.18,-0.18556824055002172
1777027980.7195642,tb3,-0.8424913473592416,-0.5107792485403343,0.18,-0.46656876756970395
1777027980.7529454,tb2,-0.7121812506677785,0.4079525521655559,0.18,-0.3101255158804459
1777027980.7602704,tb1,0.021671557468330518,-0.5066001840207517,0.18,-0.2306243206817918
1777027980.7644002,tb7,0.05997646257583496,0.23341409029242643,0.18,-0.18559027726222135
1777027980.7699099,tb3,-0.8497759887777434,-0.5051468790017358,0.18,-0.4703667938276585
1777027980.802946,tb2,-0.7121812506677785,0.4079525521655559,0.18,-0.31117617712078033
1777027980.8101456,tb1,0.016575570019590955,-0.5141433985562672,0.18,-0.23211315338691252
1777027980.8142912,tb7,0.0648493306914646,0.22574856241248206,0.18,-0.18561742585901533
1777027980.8199615,tb3,-0.8569287763564988,-0.4993448730876637,0.18,-0.47404615566784986
1777027980.8530128,tb2,-0.7033710689378995,0.41038297069167146,0.18,-0.30783975076868264
1777027980.8602018,tb1,0.011392314587730849,-0.5216278275604244,0.18,-0.23358781281724303
1777027980.864362,tb7,0.06965086107380415,0.21803813433295388,0.18,-0.18564021797052255
1777027980.8695397,tb3,-0.8639443890622943,-0.49337489496330916,0.18,-0.4776037112559232
1777027980.9030433,tb2,-0.6945240156352307,0.4126762926383094,0.18,-0.30419394667435995
1777027980.9102676,tb1,0.011392314587730849,-0.5216278275604244,0.18,-0.23170767283191746
1777027980.914319,tb7,0.06965086107380415,0.21803813433295388,0.18,-0.183480198212652
1777027980.919551,tb3,-0.8708175892778731,-0.48723883680665236,0.18,-0.4810924005126004
1777027980.9529603,tb2,-0.6856442330901591,0.41483214665213464,0.18,-0.3006732946240079
1777027980.9601989,tb1,0.006121946831596568,-0.5290519495890394,0.18,-0.233223871412528
1777027980.9642558,tb7,0.07438062848770514,0.21028346451123978,0.18,-0.18350075324236653
1777027980.9694974,tb3,-0.8708175892778731,-0.48723883680665236,0.18,-0.48467863747222
1777027981.0029685,tb2,-0.6767343903341746,0.41685186027074944,0.18000000000000002,-0.29731342224192325
1777027981.0105445,tb1,0.0007659862012230235,-0.5364138189797106,0.18,-0.23500164000733925
1777027981.0143423,tb7,0.07903815740115765,0.20248631849649001,0.18,-0.18372786878134265
1777027981.019587,tb3,-0.8775431817015337,-0.480938721117151,0.18,-0.48816169986055963
1777027981.0532134,tb2,-0.6677967220865231,0.4187368340997723,0.18,-0.29407231143194684
1777027981.0602226,tb1,-0.00467576253816772,-0.5437134577514653,0.18,-0.2368018167907762
1777027981.0646074,tb7,0.08362396605029883,0.1946467459551148,0.18,-0.1839523415952264
1777027981.0697463,tb3,-0.8841160370753741,-0.4744767239773528,0.18,-0.49148063605567077
1777027981.1030648,tb2,-0.6588335981260512,0.4204883036426895,0.18,-0.29095021756578043
1777027981.1102724,tb1,-0.010203305737263193,-0.55094943425151,0.17999999999999997,-0.23856822033686065
1777027981.1143208,tb7,0.0881376438493718,0.1867652966136717,0.18,-0.1841900997055011
1777027981.1195753,tb3,-0.890530837284368,-0.4678554689672705,0.18,-0.49462864829791925
1777027981.1529596,tb2,-0.649847240550257,0.4221075575542035,0.18000000000000002,-0.2879443172807622
1777027981.1602535,tb1,-0.01581659714337745,-0.5581201946131609,0.18000000000000002,-0.24031948457611185
1777027981.1643903,tb7,0.0925787119584748,0.17884257642269197,0.18,-0.18440209554932893
1777027981.169591,tb3,-0.8967824227717014,-0.46107773952361586,0.18,-0.49763983911227233
1777027981.2029786,tb2,-0.6408397938440789,0.42359585725909676,0.18,-0.28504608584207347
1777027981.2102127,tb1,-0.021515558671594267,-0.565224170989736,0.18,-0.24205624781102195
1777027981.214362,tb7,0.09694668995862503,0.17087920096801273,0.18,-0.18461049638792484
1777027981.2195387,tb3,-0.9028657395141518,-0.45414651286436725,0.18,-0.5004747679990011
1777027981.2529478,tb2,-0.6318134186203139,0.4249544878558284,0.18000000000000002,-0.28226272100953104
1777027981.26019,tb1,-0.02730014697259637,-0.5722597924929245,0.18,-0.2437686941795624
1777027981.2644136,tb7,0.10124110734541841,0.162875790496486,0.18,-0.1848087315203872
1777027981.2695174,tb3,-0.90877576171079,-0.44706496128049694,0.18,-0.503121620956099
1777027981.3030436,tb2,-0.6318134186203139,0.4249544878558284,0.18,-0.2826802129545189
1777027981.3101773,tb1,-0.03317016423783682,-0.5792253857943446,0.18,-0.24547848272973943
1777027981.314308,tb7,0.1054614969568806,0.15483298907902285,0.18,-0.18501209830747817
1777027981.3195462,tb3,-0.9145074895647043,-0.4398366565228767,0.18,-0.5056004489180617
1777027981.353002,tb2,-0.6227700389246739,0.4261846886786693,0.18,-0.27992150298985957
1777027981.360228,tb1,-0.03317016423783682,-0.5792253857943446,0.18,-0.2437672469392813
1777027981.3646612,tb7,0.10960740948304075,0.14675142810715133,0.18,-0.18189420269221826
1777027981.3695376,tb3,-0.9200561726454184,-0.43246528549509955,0.18,-0.5078821968976617
1777027981.4028664,tb2,-0.6137102772621498,0.42728704658981925,0.17999999999999997,-0.2769665154304918
1777027981.4101596,tb1,-0.039125421271785456,-0.5861193391728498,0.18,-0.24550423973690794
1777027981.414268,tb7,0.10960740948304075,0.14675142810715133,0.18,-0.18295785280050045
1777027981.419501,tb3,-0.9254171273399576,-0.42495484606602973,0.18,-0.5099620170214518
1777027981.4529743,tb2,-0.6046373557004713,0.4282619643547871,0.18,-0.27411857889865004
1777027981.4601634,tb1,-0.04516415808756817,-0.592939551966509,0.18,-0.24752838223202103
1777027981.464288,tb7,0.11367841324251086,0.1386333252784565,0.18,-0.1834420324882146
1777027981.469484,tb3,-0.9254171273399576,-0.42495484606602973,0.18,-0.5144969240416797
1777027981.5030043,tb2,-0.5955531356853673,0.4291107651939555,0.18,-0.27136871662185974
1777027981.5102198,tb1,-0.05128654003068622,-0.5996859279887939,0.17999999999999997,-0.24955475923114412
1777027981.5143833,tb7,0.1176753484579634,0.1304780344266832,0.18,-0.18385768714752174
1777027981.5196145,tb3,-0.9305858795273897,-0.4173095583941505,0.18,-0.5164685444319329
1777027981.552999,tb2,-0.5864595293593586,0.4298347192126115,0.18000000000000002,-0.2687331385167238
1777027981.5601964,tb1,-0.05749247397644161,-0.6063569140341547,0.17999999999999997,-0.25155750879627675
1777027981.5644455,tb7,0.12159748387075843,0.12228624606354349,0.18,-0.18425033662802293
1777027981.5695415,tb3,-0.935558235632301,-0.4095325324918821,0.18,-0.5179255883802956
1777027981.6029215,tb2,-0.5773584101780895,0.43043522058337236,0.18,-0.2662289075835627
1777027981.6102557,tb1,-0.06378186159977516,-0.6129507774195531,0.18,-0.2535194187608188
1777027981.6142507,tb7,0.12544426998417463,0.11405855966634332,0.18,-0.18463406998054427
1777027981.6194592,tb3,-0.9403288520997659,-0.40162899264563606,0.18,-0.5191272607303831
1777027981.6530306,tb2,-0.5682512886956794,0.4309135842043663,0.18,-0.26380744859483296
1777027981.660202,tb1,-0.07015445197917256,-0.6194656551653971,0.18,-0.255468505338851
1777027981.6644404,tb7,0.12921517005843897,0.10579560760144943,0.18,-0.18498760603439937
1777027981.6696112,tb3,-0.9448935903722829,-0.39360403616924566,0.18,-0.5201453520685347
1777027981.702965,tb2,-0.5591398239786031,0.4312710062964249,0.17999999999999997,-0.26146649450380915
1777027981.7103207,tb1,-0.07660991608421434,-0.6258997640843429,0.18,-0.25740897532821766
1777027981.7144573,tb7,0.13290968265474473,0.09749802608240167,0.18,-0.1853407662903362
1777027981.7194846,tb3,-0.9492487686257698,-0.38546283876458437,0.18,-0.520927169504171
1777027981.753029,tb2,-0.5591398239786031,0.4312710062964249,0.18,-0.2613885592357039
1777027981.7603085,tb1,-0.08314789827290635,-0.6322513548969401,0.18,-0.2593545544509248
1777027981.7643027,tb7,0.13652732626388714,0.08916645690575874,0.18,-0.1856962558204496
1777027981.7696357,tb3,-0.9533909322524695,-0.37721074602771026,0.18,-0.5215229206442346
1777027981.802956,tb2,-0.5500255883530977,0.43150864663801786,0.18,-0.2590625033164199
1777027981.8102646,tb1,-0.08976800570152502,-0.6385186713634915,0.18,-0.2386239230124443
1777027981.814283,tb7,0.1400676277101325,0.08080154340296916,0.18,-0.18604176772018857
1777027981.8194544,tb3,-0.9573168692116515,-0.36885326555285136,0.18,-0.5218694036398902
1777027981.8530114,tb2,-0.5409092271853456,0.43162713401006864,0.18,-0.25660302633691895
1777027981.8602185,tb1,-0.08976800570152502,-0.6385186713634915,0.18000000000000002,-0.25983644745176376
1777027981.8642535,tb7,0.1435301178411379,0.07240394075189927,0.18,-0.18637422223154462
1777027981.8694737,tb3,-0.9610236072465154,-0.36039606332393925,0.18,-0.5220044243416223
1777027981.9030783,tb2,-0.5317932327012375,0.4316271185089153,0.18,-0.25421637881194264
1777027981.910341,tb1,-0.09645940911147594,-0.6446971033962762,0.18,-0.2638044841487937
1777027981.9143224,tb7,0.1435301178411379,0.07240394075189927,0.18,-0.1840597977685314
1777027981.919494,tb3,-0.9645084423228847,-0.3518449422149309,0.18,-0.48712029035837384
1777027981.9530365,tb2,-0.5226791547736728,0.4315098167389648,0.18,-0.25192194317234384
1777027981.9603074,tb1,-0.10323436343085143,-0.6507974975277103,0.18,-0.2660866029461334
1777027981.9645216,tb7,0.14691431848597836,0.06397437905753518,0.18,-0.1843987657925578
1777027981.96959,tb3,-0.9645084423228847,-0.3518449422149309,0.18,-0.5270256070669538
1777027982.0029235,tb2,-0.5135685553549071,0.43127649164365617,0.18,-0.24972911941546258
1777027982.0101972,tb1,-0.1100901750665758,-0.6568096871576544,0.18000000000000002,-0.2681819306427691
1777027982.0142603,tb7,0.1502200412566837,0.055514738777406904,0.18,-0.18499002513240176
1777027982.019486,tb3,-0.9677713598904056,-0.34322081183237124,0.18,-0.5298873412365059
1777027982.0529935,tb2,-0.5044627462498555,0.4309284443701912,0.18,-0.24763531791157464
1777027982.0602481,tb1,-0.11702608226604999,-0.6627309798415155,0.18,-0.270274461792171
1777027982.0643213,tb7,0.1534477284297487,0.047024803237684334,0.18,-0.1855677843210682
1777027982.0695748,tb3,-0.9708177923921599,-0.33450121130639976,0.18,-0.5287932815938312
1777027982.102944,tb2,-0.4953629680017064,0.4304668228178327,0.18,-0.24560201355351094
1777027982.1103258,tb1,-0.12404146348259057,-0.6685594226781106,0.18,-0.2723832697652147
1777027982.1142957,tb7,0.1565968869161188,0.038505135290125475,0.18,-0.1861317544297457
1777027982.1195378,tb3,-0.9736328384764193,-0.32570323049336164,0.18,-0.5271784249627939
1777027982.1529617,tb2,-0.48627059151687535,0.4298927299799317,0.18,-0.24363441707229017
1777027982.1601794,tb1,-0.13113572392162115,-0.6742931811199375,0.18,-0.2745128049903403
1777027982.1642542,tb7,0.15966698184669173,0.029956363825809403,0.18,-0.18667875824030972
1777027982.169476,tb3,-0.9762140488107492,-0.31683444112024445,0.18,-0.5253845884205411
1777027982.2029297,tb2,-0.47718689825222566,0.4292072741752298,0.18,-0.24172997959030182
1777027982.2102056,tb1,-0.13830824707199801,-0.6799303917846893,0.18,-0.27665054496739205
1777027982.2143571,tb7,0.16265747945573472,0.02137914377750431,0.18,-0.1872053691811841
1777027982.2194827,tb3,-0.9785603060287433,-0.3079014589874815,0.18,-0.5234528613926026
1777027982.25297,tb2,-0.46811310270004863,0.4284115118847607,0.18,-0.23987618881095332
1777027982.2602334,tb1,-0.14555834224028735,-0.6854691508719404,0.18,-0.27880737935107647
1777027982.2643433,tb7,0.16556786304135743,0.0127741405466088,0.18,-0.18772714186803494
1777027982.2696333,tb3,-0.9806708606186013,-0.29891077305845815,0.18,-0.5213870076847196
1777027982.3029962,tb2,-0.46811310270004863,0.4284115118847607,0.18,-0.23927189234851481
1777027982.3101697,tb1,-0.1528854047418107,-0.6909075594421553,0.18,-0.2809677296867747
1777027982.3142362,tb7,0.16839762234020222,0.004142001532353506,0.18,-0.1882407431560487
1777027982.319454,tb3,-0.9825452464573805,-0.28986896088957104,0.18,-0.5191578435444119
1777027982.3529613,tb2,-0.4590505097499338,0.42750655269041166,0.18,-0.23744137086009004
1777027982.3601475,tb1,-0.16028867866361202,-0.6962436115536522,0.18000000000000002,-0.2831397626512177
1777027982.3642378,tb7,0.17114624131635048,-0.004516587350302812,0.18,-0.18874126190686424
1777027982.369453,tb3,-0.9841833196647057,-0.2807824702652958,0.18,-0.5168129480473883
1777027982.4029944,tb2,-0.4499998338423403,0.4264931633743318,0.18,-0.23556696287070422
1777027982.4103453,tb1,-0.16028867866361202,-0.6962436115536522,0.18,-0.2820108845275853
1777027982.4141958,tb7,0.17381323098049148,-0.01320091195433215,0.18,-0.18596120272722563
1777027982.4194887,tb3,-0.9855851240272916,-0.2716576331035974,0.18,-0.5143178178337001
1777027982.4529154,tb2,-0.44096273221482263,0.42537218360196777,0.18,-0.23375148695829562
1777027982.460217,tb1,-0.16776726387347646,-0.7014753383447778,0.18000000000000002,-0.28425881951361126
1777027982.4642742,tb7,0.17381323098049148,-0.01320091195433215,0.18,-0.1868993183853159
1777027982.469389,tb3,-0.9867509524788531,-0.2625008778317463,0.18,-0.5116698723615609
1777027982.5029488,tb2,-0.43194042181465975,0.4241447043802021,0.18,-0.23200643348310507
1777027982.5101898,tb1,-0.17531875044732526,-0.7066007139290083,0.18,-0.2868159919630748
1777027982.514285,tb7,0.176398404104642,-0.0219087446774498,0.18,-0.18768694205819905
1777027982.5198922,tb3,-0.9876813653009702,-0.25331849281128954,0.18,-0.4746658582657438
1777027982.5530398,tb2,-0.4229339116022358,0.4228118085979771,0.18,-0.2303139815264445
1777027982.5601833,tb1,-0.18294301510480748,-0.7116191342532819,0.18,-0.2894024547355626
1777027982.5644245,tb7,0.17890237377015905,-0.03064067144329388,0.18,-0.1884392926365813
1777027982.5695817,tb3,-0.9876813653009702,-0.25331849281128954,0.18,-0.5139686549727552
1777027982.6029937,tb2,-0.4139443303621529,0.42137453197509367,0.18,-0.22867961124109631
1777027982.6102467,tb1,-0.19063934222756368,-0.7165286737917246,0.18,-0.291966508918567
1777027982.6143072,tb7,0.18132452507375937,-0.039396046838634305,0.18,-0.18917037602471606
1777027982.6196141,tb3,-0.9883838523160464,-0.2441308069834657,0.18,-0.5143018501145692
1777027982.6529083,tb2,-0.40497273965783864,0.41983394818735614,0.18,-0.22712494839044656
1777027982.6602302,tb1,-0.19840689350268836,-0.72132719541254,0.18,-0.2945412396694553
1777027982.6643074,tb7,0.18366426084971907,-0.04817420058969241,0.18,-0.1898758517478008
1777027982.669475,tb3,-0.9888581671595625,-0.23491261343531794,0.18,-0.5103458569067366
1777027982.7029479,tb2,-0.3960200842321271,0.4181910726611931,0.18,-0.2256169892822169
1777027982.7101955,tb1,-0.20624466889711054,-0.7260125148750691,0.18,-0.29712977555553627
1777027982.714353,tb7,0.18592099449770128,-0.0569744062219728,0.18,-0.19056396019873337
1777027982.7197287,tb3,-0.9890954151282991,-0.22568561674911927,0.18,-0.5060243864174553
1777027982.7529728,tb2,-0.3870873445733328,0.4164468574297723,0.18,-0.2241507116656723
1777027982.7602541,tb1,-0.21415164957287638,-0.7305825248554612,0.18,-0.2997321526510842
1777027982.7643504,tb7,0.1880941884947654,-0.0657959552099804,0.18,-0.1912409961043312
1777027982.7695284,tb3,-0.9890968044360943,-0.21645750194440166,0.18,-0.50162730899864
1777027982.8029256,tb2,-0.37817553556390304,0.4146022715848343,0.18,-0.22273452516685513
1777027982.8101463,tb1,-0.22212681264043002,-0.7350351063688413,0.18,-0.3023460460191121
1777027982.8142695,tb7,0.19018331138491812,-0.07463813728509142,0.18,-0.19190877446105986
1777027982.81949,tb3,-0.9888645526186983,-0.20723445482484396,0.18,-0.4972609804744358
1777027982.8529935,tb2,-0.3692855828613129,0.41265825051774974,0.18,-0.22135668712762452
1777027982.860302,tb1,-0.23016896085721517,-0.7393680934097948,0.18,-0.30498301626234287
1777027982.8643296,tb7,0.19218784000677375,-0.08350020126420389,0.18,-0.19256347438428936
1777027982.869614,tb3,-0.9884010900105498,-0.19802217713187212,0.18,-0.49289607737439683
1777027982.9029381,tb2,-0.3692855828613129,0.41265825051774974,0.18,-0.2202789904413759
1777027982.9101295,tb1,-0.23827708952136226,-0.7435793381238589,0.18,-0.30762002720664017
1777027982.9142551,tb7,0.19410725315584923,-0.09238145197209902,0.18,-0.19321077229846087
1777027982.9195442,tb3,-0.9877091199285243,-0.18882659326652523,0.18,-0.4885683922656642
1777027982.9530237,tb2,-0.3604184889691758,0.4106157729171446,0.18,-0.21891962746509358
1777027982.960161,tb1,-0.23827708952136226,-0.7435793381238589,0.18,-0.3069565615472026
1777027982.9642847,tb7,0.19410725315584923,-0.09238145197209902,0.18,-0.19087622850021216
1777027982.9694724,tb3,-0.9867914763241256,-0.17965292990735668,0.18,-0.4842441008439819
1777027983.0030105,tb2,-0.35157508116755404,0.4084757202943808,0.18,-0.21759853037193813
1777027983.010482,tb1,-0.24644990028514807,-0.7476665569333854,0.17999999999999997,-0.30965853794366094
1777027983.0143175,tb7,0.1959410228164608,-0.1012811132975327,0.18,-0.19151473644180098
1777027983.0194526,tb3,-0.9856510948402522,-0.1705065101304734,0.18,-0.4799409828220724
1777027983.0533323,tb2,-0.3427562893192112,0.406238997978623,0.18,-0.21630988654581437
1777027983.0602884,tb1,-0.2546844569350432,-0.7516277022677005,0.18,-0.31268106750022445
1777027983.064829,tb7,0.197689065102002,-0.11019701139009466,0.18,-0.1924000833021495
1777027983.0698817,tb3,-0.9856510948402522,-0.1705065101304734,0.18,-0.48452757759407244
1777027983.1030717,tb2,-0.33396297714090806,0.4039064989994728,0.18,-0.215074483488248
1777027983.1102607,tb1,-0.2629803770861932,-0.7554618483673746,0.18,-0.31572638156038924
1777027983.1143017,tb7,0.19935182716520222,-0.119129505034845,0.18,-0.19333840997612942
1777027983.1195607,tb3,-0.9842908114457117,-0.16139222778242931,0.18,-0.4800932551546593
1777027983.152929,tb2,-0.32519603143444703,0.4014791200583079,0.18,-0.21388411830702445
1777027983.1601233,tb1,-0.27133646476211776,-0.759166784306295,0.18,-0.31876806420596265
1777027983.164268,tb7,0.20092880003703747,-0.1280779993912537,0.18,-0.19422843105507173
1777027983.1694775,tb3,-0.9827108736783391,-0.15231171959022238,0.18,-0.4747579942137493
1777027983.202957,tb2,-0.31645626776702945,0.3989577447614943,0.18,-0.21272903221820044
1777027983.2102547,tb1,-0.2797512123366987,-0.7627401174284534,0.18,-0.32182529190040604
1777027983.2142782,tb7,0.2024193706638417,-0.13704172869809544,0.18,-0.19509484805383223
1777027983.2195873,tb3,-0.9809131554745458,-0.14327397621349294,0.18,-0.4694305851076048
1777027983.2530243,tb2,-0.30774448805407656,0.3963432176600969,0.18,-0.21160592063534442
1777027983.2603061,tb1,-0.28822309369238897,-0.7661795765444425,0.18,-0.32490592238240645
1777027983.264343,tb7,0.2038229654740134,-0.14601991288934835,0.18,-0.19594120154596603
1777027983.2696128,tb3,-0.9789012248171347,-0.1342840392526131,0.18,-0.46417345477885175
1777027983.3029401,tb2,-0.29906152235109645,0.3936363836122583,0.18,-0.21052356671448355
1777027983.3102014,tb1,-0.2967506355344202,-0.7694828832494033,0.18,-0.32799023756497064
1777027983.3143191,tb7,0.20513902208502463,-0.15501177376764744,0.18,-0.19677492992321635
1777027983.3195367,tb3,-0.976678918423175,-0.12534652508755667,0.18,-0.4590309917864249
1777027983.3530142,tb2,-0.29040816053368407,0.39083807878086035,0.18,-0.20947232799249643
1777027983.3603122,tb1,-0.3053320820107711,-0.7726476668457708,0.18,-0.3311034209070299
1777027983.364295,tb7,0.20636699038121972,-0.16401648286524095,0.18,-0.19760015760785207
1777027983.369576,tb3,-0.9742501016530727,-0.11646542652616623,0.18,-0.4539694965547832
1777027983.4029267,tb2,-0.2817851802211417,0.38794912493928085,0.18,-0.20845991914813156
1777027983.4105742,tb1,-0.31396574145000833,-0.7756716466196266,0.18,-0.3342384376239416
1777027983.4143474,tb7,0.2075063461856324,-0.1730332372975932,0.18,-0.19841301970501532
1777027983.419665,tb3,-0.9716186170856812,-0.10764483346529112,0.18,-0.44899686518095455
1777027983.4528725,tb2,-0.27319334471718654,0.3849703303085365,0.18,-0.20747955532173262
1777027983.460209,tb1,-0.3226498697927638,-0.7785524729886093,0.18,-0.3373875886097288
1777027983.464276,tb7,0.20855655444301954,-0.18206123001200203,0.18,-0.199221007916812
1777027983.4694955,tb3,-0.9687884722188832,-0.09888865134451222,0.18,-0.4441146132295448
1777027983.5029433,tb2,-0.27319334471718654,0.3849703303085365,0.18,-0.20601848745873458
1777027983.5102406,tb1,-0.3313825203920974,-0.7812877821874116,0.18,-0.3405640896145651
1777027983.5143132,tb7,0.20951709842615956,-0.19109958923090703,0.18,-0.20002215933217832
1777027983.5195942,tb3,-0.9657635407735229,-0.09020030973154686,0.18,-0.43931504027715196
1777027983.5530658,tb2,-0.2646334177735004,0.38190251146224985,0.18,-0.20503886455058898
1777027983.56026,tb1,-0.3401616416627419,-0.7838752876565434,0.18,-0.3437835064935831
1777027983.5642204,tb7,0.2103874928736673,-0.200147450862205,0.18,-0.20083109208566408
1777027983.5695632,tb3,-0.9625476131120253,-0.0815832375264465,0.18,-0.4345512614347701
1777027983.60314,tb2,-0.25610631076439666,0.37874662787681446,0.18,-0.2041438774025595
1777027983.6101983,tb1,-0.3401616416627419,-0.7838752876565434,0.18,-0.3438783549297958
1777027983.6141744,tb7,0.21116725920255433,-0.20920395818093898,0.18,-0.18221824220945468
1777027983.619456,tb3,-0.9591445317189032,-0.0730407860848709,0.18,-0.42983768344466694
1777027983.6529267,tb2,-0.24761251534868892,0.3755034937279751,0.18,-0.20329572621249725
1777027983.6601613,tb1,-0.3489851919887325,-0.7863127190786936,0.18,-0.34720976498895273
1777027983.6643434,tb7,0.21116725920255433,-0.20920395818093898,0.18,-0.19935508069697047
1777027983.6694329,tb3,-0.9555583527511253,-0.06457618910809446,0.18,-0.4252194821606434
1777027983.7029994,tb2,-0.23915270846768974,0.37217387495264936,0.18,-0.20245841270492002
1777027983.7104464,tb1,-0.35784963972992373,-0.7885981711771665,0.18,-0.35083474163397
1777027983.7143345,tb7,0.21185950649221474,-0.21825975363291888,0.18,-0.20188707325127517
1777027983.7195406,tb3,-0.9555583527511253,-0.06457618910809446,0.18,-0.42875829051065584
