timestamp,robot_id,x,y,v_cmd,w_cmd
1778154700.7730956,tb3,0.43928880604905807,-1.9281115652935636,0.14590013429385684,-1.5
1778154700.7741716,tb7,0.7347192261415394,-1.5931057081553381,0.13554967689272512,-1.5
1778154700.798771,tb2,-1.3595260412425223,-2.0131522346592146,0.09448381714673078,-1.5
1778154700.7989864,tb1,-0.7412262271782435,-2.013414176674707,0.09191085923817437,-1.5
1778154700.8230577,tb3,0.4391903708670731,-1.9277934025662058,0.15719174184981322,-1.5
1778154700.8240566,tb7,0.7345590153897331,-1.5928692923129417,0.14718809008583902,-1.5
1778154700.8487353,tb2,-1.3595319628628515,-2.013156724620655,0.09408968259307471,-1.5
1778154700.8488498,tb1,-0.7412249753241814,-2.0134219111590017,0.09246410267909917,-1.5
1778154700.872912,tb3,0.4382808183923986,-1.924281082021837,0.18,-1.4540019423147061
1778154700.8740678,tb7,0.7326894411023372,-1.5898183285116068,0.17447871422075054,-1.5
1778154700.8989391,tb1,-0.7414281572020969,-2.011449973941897,0.10667017072565137,-1.5
1778154700.8989055,tb2,-1.3578193487603427,-2.012016874349607,0.10984690746422687,-1.5
1778154700.9229095,tb3,0.43718339450724136,-1.9182785234158886,0.18,-1.2290883720122021
1778154700.924156,tb7,0.7299064790065798,-1.5844246358083,0.18,-1.2995535535745442
1778154700.9486818,tb2,-1.353472589028007,-2.0095120858018953,0.13034253609382698,-1.5
1778154700.9489634,tb1,-0.741620841839278,-2.00649505720904,0.12433669293864726,-1.5
1778154700.9730651,tb3,0.43718339450724136,-1.9182785234158886,0.18,-1.2054679033036235
1778154700.9742146,tb7,0.7299064790065798,-1.5844246358083,0.18,-1.2593219221276377
1778154700.9987967,tb2,-1.3476881943053713,-2.006723370606558,0.15495382336744432,-1.5
1778154700.9989424,tb1,-0.7414042649386742,-2.0002512850190524,0.14464816956528045,-1.5
1778154701.0231647,tb3,0.4362223609113893,-1.90985008671863,0.18,-1.0351884502842645
1778154701.024229,tb7,0.726560073231424,-1.5766429336916064,0.18,-1.070714701908395
1778154701.0486226,tb2,-1.3408143233356677,-2.0041540945105005,0.18,-1.4575696181474957
1778154701.0487723,tb1,-0.7405091825272629,-1.9932614307605272,0.16833186404767597,-1.4999999999999998
1778154701.073038,tb3,0.43586403549457964,-1.900686123722293,0.18,-0.8817949496836602
1778154701.0744278,tb7,0.7235982012401839,-1.5679433606911233,0.18,-0.9048573876230386
1778154701.0987406,tb2,-1.333970054183876,-2.002362862220262,0.18,-1.2077621812512755
1778154701.0988774,tb1,-0.7389451376079368,-1.9866328115249348,0.18,-1.3723479714868596
1778154701.1231227,tb3,0.4360644991111247,-1.8923654340125742,0.18,-0.7344628822213942
1778154701.1245966,tb7,0.7214369251971335,-1.5598886532173044,0.18,-0.7476001068274085
1778154701.1486845,tb2,-1.327310998476077,-2.000624107920041,0.18,-0.9852019902747977
1778154701.1488712,tb1,-0.7374207526217099,-1.9801926460360215,0.18,-1.1633561204145055
1778154701.1731594,tb3,0.4362615043986216,-1.8841875448690986,0.18,-0.5936123103238711
1778154701.1745527,tb7,0.719314702025685,-1.5519799707739041,0.18,-0.5981869653663842
1778154701.1986299,tb2,-1.3208413660124925,-1.9989200670999547,0.18,-0.7828972313629642
1778154701.1988623,tb1,-0.7359537385707027,-1.9739363581730838,0.18,-0.9717580009986188
1778154701.2231328,tb3,0.43644335355791986,-1.8761517243524988,0.18,-0.45767652458561037
1778154701.2241895,tb7,0.7172190706447874,-1.5442201109319726,0.18,-0.4547792929279696
1778154701.24867,tb2,-1.3111836955213365,-1.9978999138348388,0.10381390237771204,-1.5
1778154701.2488205,tb1,-0.7324510242307525,-1.9652153961968037,0.18,-0.8007616344651244
1778154701.2732406,tb3,0.43796171939042006,-1.8667860210654608,0.18,-0.3258907953607177
1778154701.2742248,tb7,0.7160837044103489,-1.5347506643669286,0.18,-0.3175778800080218
1778154701.2988038,tb2,-1.3111836955213365,-1.9978999138348388,0.10384468912189515,-1.5
1778154701.2989652,tb1,-0.7324510242307525,-1.9652153961968037,0.18,-0.8022527943383865
1778154701.3230896,tb3,0.43952607703756824,-1.8605585106028764,0.18,-0.19409652956054912
1778154701.3241856,tb7,0.7159014364956926,-1.528631255063219,0.18,-0.17991089358633625
1778154701.3489473,tb1,-0.729239132135654,-1.959074150395542,0.18,-0.6397965984156821
1778154701.3488977,tb2,-1.305211257209364,-1.99788715778847,0.1230643514782582,-1.5
1778154701.3731031,tb3,0.4432472110999837,-1.848775767831459,0.18,-0.07057710115336882
1778154701.3742797,tb7,0.7163074941611088,-1.5162443978564253,0.18000000000000002,-0.05431927057085393
1778154701.3987892,tb2,-1.299349103477199,-1.9983149842840389,0.14597922365043295,-1.5
1778154701.3989441,tb1,-0.723732434841461,-1.950295656772911,0.18,-0.4825275327970579
1778154701.423071,tb3,0.4453821769250301,-1.843051911932119,0.18,0.05885257058699101
1778154701.424189,tb7,0.7168339948103633,-1.5100102505961002,0.18,0.07889959029841666
1778154701.4487555,tb2,-1.2926900403022468,-1.9992763077070825,0.17229895844642165,-1.5
1778154701.4488869,tb1,-0.7184479062808812,-1.9428823859463689,0.18,-0.3385100134084692
1778154701.4730458,tb3,0.4498614600705967,-1.833125599128604,0.18,0.18120201780665374
1778154701.4741106,tb7,0.7184537924567098,-1.4997556934110001,0.18,0.2036311040669151
1778154701.498799,tb2,-1.2847559399041228,-2.0010382837566034,0.17999999999999997,-1.317113444965197
1778154701.4989378,tb1,-0.7137779419436435,-1.9374098594454994,0.18,-0.18658311696991378
1778154701.5234356,tb3,0.4498614600705967,-1.833125599128604,0.18,0.19738856357165865
1778154701.5245643,tb7,0.7199652896553418,-1.4921996003599884,0.18,0.328200718477499
1778154701.5489724,tb1,-0.7050891912997916,-1.928385132586811,0.18,-0.05271556296314189
1778154701.5488906,tb2,-1.2757701255009513,-2.0037274284809294,0.18,-1.0960552419696707
1778154701.5732012,tb3,0.4530377949976204,-1.82678863906917,0.18,0.32581654578952035
1778154701.5741854,tb7,0.7199652896553418,-1.4921996003599884,0.18,0.34592078150734495
1778154701.5988705,tb2,-1.26779894196872,-2.0067553754007776,0.18,-0.8966176614369837
1778154701.598932,tb1,-0.7018401028079312,-1.9254812131489245,0.18,0.09820534936419753
1778154701.6230597,tb3,0.45846983302886524,-1.8176063784328023,0.18,0.44910548076889295
1778154701.6241443,tb7,0.7226269181854172,-1.4826809893040809,0.18,0.47015912423834594
1778154701.648765,tb2,-1.257742142114265,-2.0114775687090285,0.18,-0.7118755514074238
1778154701.6489422,tb1,-0.6903801337411126,-1.9165584792393566,0.18,0.2291206624511144
1778154701.6731353,tb3,0.4619922133174625,-1.8121316342192821,0.18,0.5802323889564294
1778154701.6743045,tb7,0.7249115239783642,-1.4755208024729398,0.18,0.5963719793919688
1778154701.6988177,tb2,-1.2513818074355643,-2.015009668183776,0.18,-0.5281040370638074
1778154701.6989145,tb1,-0.6875998706211566,-1.9146896228459573,0.18,0.3836396312613726
1778154701.7234666,tb3,0.4695378497811213,-1.8019132132234363,0.18,0.7075595259577105
1778154701.72418,tb7,0.7291336166893602,-1.4649425199372317,0.18,0.7251652976124264
1778154701.7487402,tb2,-1.2413875271077817,-2.021631477553248,0.18000000000000002,-0.3515122220607672
1778154701.7488334,tb1,-0.6750917690167773,-1.90734920978228,0.18,0.51662489095169
1778154701.7731464,tb3,0.4726327109516181,-1.7981574883178546,0.18,0.8411917775320922
1778154701.7741263,tb7,0.7310991581187122,-1.4604869739697233,0.18,0.8556969441992285
1778154701.7991774,tb2,-1.236341667621637,-2.0255035035345736,0.18,-0.20407138415332524
1778154701.7996585,tb1,-0.6704436509943182,-1.9051170228199632,0.18,0.6613804433008287
1778154701.8230405,tb3,0.47925233601468054,-1.7906246988485115,0.18,0.9775817761875717
1778154701.8243172,tb7,0.736711138454411,-1.4494627000745104,0.18,0.9904189410607297
1778154701.8487935,tb2,-1.236341667621637,-2.0255035035345736,0.17999999999999997,-0.19356440106349498
1778154701.8490546,tb1,-0.6704436509943182,-1.9051170228199632,0.18,0.6734303537047929
1778154701.8730714,tb3,0.48719690490856865,-1.7821466355491558,0.18,1.1140869745544424
1778154701.8742516,tb7,0.7407237067759725,-1.4419779856548907,0.18,1.1260752332698583
1778154701.8988106,tb2,-1.2262243821609402,-2.0336680426009393,0.17999999999999997,-0.02074489267540144
1778154701.898953,tb1,-0.6573362918994301,-1.8985977134853775,0.18,0.8226378152285234
1778154701.9230745,tb3,0.4972975874608915,-1.7709401685138138,0.18,1.2615158355546776
1778154701.9244714,tb7,0.7477596977694839,-1.4284911716897357,0.18,1.2717801208068624
1778154701.9492075,tb2,-1.2164949827885514,-2.041366824048875,0.18,0.16071352874153919
1778154701.949442,tb1,-0.6444822842214589,-1.8921471424097773,0.18,0.9916947157886172
1778154701.9738398,tb3,0.5073251530972357,-1.7598004166447723,0.18,1.4215452512673268
1778154701.974624,tb7,0.7547396891214835,-1.4150892754890763,0.18,1.4311153249443547
1778154701.9987497,tb2,-1.2068816543054144,-2.0489388378199385,0.18000000000000002,0.3437937022424623
1778154701.9989927,tb1,-0.6301394135608297,-1.886346136616181,0.18,1.1801265306407513
1778154702.0231078,tb3,0.5176654390742551,-1.7487125343263161,0.16958385501934362,1.5
1778154702.024122,tb7,0.7656723305245885,-1.4005405121475472,0.1674718629068548,1.5
1778154702.0486965,tb2,-1.1973963554937994,-2.060750877673299,0.18,0.5471509496182435
1778154702.0488603,tb1,-0.61381153844966,-1.8826267905055112,0.17426568653885685,-1.5
1778154702.0729437,tb3,0.5249819840655039,-1.743312738301607,0.15079077596156015,1.5
1778154702.0740333,tb7,0.7746801827199999,-1.3892736276865623,0.1487762643336889,1.5
1778154702.0986624,tb2,-1.196219649785426,-2.062529496027749,0.18,0.7098332719319248
1778154702.09883,tb1,-0.6110004790177875,-1.8822440685322228,0.18,-1.321583156959926
1778154702.123165,tb3,0.5238548250185134,-1.744071969137669,0.13590530226836808,1.5
1778154702.124111,tb7,0.7732174774056018,-1.3908602600518012,0.13478361155260807,1.5
1778154702.1487346,tb2,-1.1951638364778214,-2.0645782441138962,0.18,0.8548312519909438
1778154702.148977,tb1,-0.6017376140680963,-1.8813503757350847,0.18,-1.1410835405359099
1778154702.173197,tb3,0.5238548250185134,-1.744071969137669,0.1338959271560072,1.5
1778154702.17425,tb7,0.7732174774056018,-1.3908602600518012,0.1331870333073245,1.5
1778154702.1987565,tb2,-1.1875709766363545,-2.080751409099839,0.18,1.0698180735886929
1778154702.1989212,tb1,-0.5921959641819337,-1.8810123964248762,0.18,-0.981765415356195
1778154702.223153,tb3,0.5367096844947583,-1.736333765590918,0.12100526786259234,1.5
1778154702.2242148,tb7,0.7717321858372727,-1.3924059758108507,0.12099249281186138,1.5
1778154702.2487972,tb2,-1.183920887223706,-2.089588229728308,0.18,1.2895082799167559
1778154702.24894,tb1,-0.5820829627272232,-1.8812293552730635,0.17999999999999997,-0.8142878377932368
1778154702.2730346,tb3,0.5384275138266226,-1.7353050093451416,0.10951174068701733,1.5
1778154702.2740967,tb7,0.7836160809627947,-1.3815038296302304,0.10805693435437821,1.5
1778154702.298855,tb1,-0.5741619080513859,-1.8818404363364893,0.18000000000000002,-0.644269667838801
1778154702.298768,tb2,-1.184308705197823,-2.0884286248681896,0.18,1.4705836353317028
1778154702.323173,tb3,0.5422389253198137,-1.7334617851706138,0.09852865883810566,1.5
1778154702.3242056,tb7,0.7953463771966384,-1.3715249780657741,0.09594801821452115,1.5
1778154702.3486857,tb2,-1.1807461250975833,-2.1028795321999643,0.155858159679619,1.5
1778154702.348888,tb1,-0.5678013145217651,-1.882760409518773,0.18000000000000002,-0.5106982650418519
1778154702.3731744,tb3,0.5499256022706035,-1.7297980248068985,0.08957328442652558,1.5
1778154702.3741977,tb7,0.792885657136333,-1.3734134922514094,0.08740934071946595,1.5
1778154702.3990843,tb1,-0.5586444521818783,-1.884049464810163,0.18,-0.36448919634179877
1778154702.3991694,tb2,-1.1777754840923655,-2.11762754059017,0.13246477481481483,1.5
1778154702.423212,tb3,0.5480941556023542,-1.7306103065916798,0.0824086726558438,1.5
1778154702.4243126,tb7,0.7891629671976119,-1.376140455645866,0.07950813161251477,1.4999999999999998
1778154702.4489474,tb1,-0.5586444521818783,-1.884049464810163,0.18,-0.3864349861406802
1778154702.4488637,tb2,-1.1777754840923655,-2.11762754059017,0.13543608629010512,1.5
1778154702.4731412,tb3,0.5586267233045471,-1.7264535031096144,0.0738308914575934,1.5000000000000002
1778154702.4741812,tb7,0.7980134455681381,-1.3702779006533656,0.07060995773686625,1.4999999999999998
1778154702.498874,tb2,-1.1783412798742456,-2.1135185254426676,0.12358645282314362,1.5
1778154702.498909,tb1,-0.5464159561563203,-1.887255222566426,0.18,-0.22307868232811398
1778154702.523114,tb3,0.5547432455583268,-1.727852662689645,0.06791941504618305,1.5
1778154702.524433,tb7,0.8088601578113874,-1.3635296707402877,0.06199761887804271,1.5
1778154702.5487394,tb2,-1.1771572113538193,-2.122997708725607,0.10731069490739283,1.5
1778154702.548905,tb1,-0.5347208420249219,-1.8903872763627005,0.18,-0.08112974183067048
1778154702.5730875,tb3,0.5640224611431964,-1.7247737665902498,0.061568119483725335,1.5
1778154702.574121,tb7,0.8174520496702211,-1.3576432406232533,0.053997625620005034,1.4999999999999998
1778154702.5986686,tb2,-1.175692541687348,-2.139118324025011,0.09027752778788109,1.5
1778154702.5989468,tb1,-0.5228547291810601,-1.8940643370119385,0.18,0.057319133502463385
1778154702.6230843,tb3,0.5610529169857631,-1.7256978897661392,0.05714462094969194,1.5
1778154702.6242623,tb7,0.8120562225018698,-1.3605058470634268,0.04837565946413188,1.5
1778154702.6488526,tb2,-1.1756890416248478,-2.155196812597595,0.07604595263535419,1.5
1778154702.6490066,tb1,-0.5176558305821325,-1.896443184811249,0.18,0.17540051134925394
1778154702.6729877,tb3,0.5673553736778814,-1.7238996017051667,0.0522648845560847,1.5
1778154702.6742363,tb7,0.8079867315002741,-1.362372079227166,0.04271354953799736,1.5
1778154702.6987786,tb2,-1.1767160516441493,-2.1705896024219045,0.0629999046397904,1.5
1778154702.6989496,tb1,-0.511961126060774,-1.8995960718815919,0.18,0.3007444294810884
1778154702.7231433,tb3,0.5633820039299492,-1.7244344438058619,0.048172384539688334,1.5000000000000002
1778154702.724094,tb7,0.8041719976874682,-1.3640755339097281,0.037171165540268454,1.5
1778154702.748784,tb2,-1.1780651964418918,-2.182945350995124,0.052193287204502066,1.5000000000000002
1778154702.7489,tb1,-0.4992734643432057,-1.9073864340365436,0.17999999999999997,0.45558115821070033
1778154702.7731264,tb3,0.5633820039299492,-1.7244344438058619,0.04782407512964896,1.4999999999999998
1778154702.774231,tb7,0.8041719976874682,-1.3640755339097281,0.03646347795385806,1.5
1778154702.798868,tb2,-1.1766212973858172,-2.175526016453749,0.04770602439406419,1.5
1778154702.7989202,tb1,-0.4957857165519759,-1.909758817205539,0.18,0.6102875734198977
1778154702.8230815,tb3,0.5601243271879143,-1.7241401371503784,0.04362320688116576,1.5
1778154702.8242617,tb7,0.8100546769937738,-1.361739102783686,0.030321273772657288,1.5
1778154702.848757,tb2,-1.1754814994479035,-2.170560910308482,0.043053125832392444,1.5
1778154702.848899,tb1,-0.48958758515961603,-1.9147034353137646,0.18,0.7813762906861836
1778154702.8730245,tb3,0.5606384742470067,-1.7233498097136137,0.03939367562799723,1.5
1778154702.8741698,tb7,0.8067582808958571,-1.3629434219441758,0.025517867530566563,1.5
1778154702.898879,tb2,-1.1791409557463266,-2.182628880223598,0.03400510469750095,1.5
1778154702.8989449,tb1,-0.4785309663837991,-1.924222647022168,0.18,0.9704886887549212
1778154702.9230762,tb3,0.5695463208407358,-1.7215015987971811,0.03509488176424291,1.4999999999999998
1778154702.9241724,tb7,0.8109938474391519,-1.3615454979604815,0.020325579066187868,1.5
1778154702.9488194,tb1,-0.47747245204524813,-1.9252473814529916,0.18,1.114909208053488
1778154702.9487448,tb2,-1.1800801514139274,-2.185672187111089,0.027639639553779505,1.5
1778154702.9730723,tb3,0.5739214317772565,-1.7205001679205718,0.030926285599132502,1.5
1778154702.974228,tb7,0.8075913442647087,-1.3625859446467634,0.016227763327110324,1.5
1778154702.9987671,tb2,-1.176772292628235,-2.1776047715970672,0.024491190074984286,1.5
1778154702.9990752,tb1,-0.4684251815115475,-1.9350088029781662,0.18,1.3496083433501587
1778154703.0230272,tb3,0.5685221653667412,-1.7213879062269075,0.027962779856434448,1.5
1778154703.0242114,tb7,0.8128427274845998,-1.3610958697240918,0.011811496228890484,1.5
1778154703.048953,tb1,-0.4684251815115475,-1.9350088029781662,0.18,1.3599322900776663
1778154703.0488856,tb2,-1.176772292628235,-2.1776047715970672,0.026297015326981112,1.5
1778154703.0730734,tb3,0.5750996784269978,-1.7204416066351895,0.024273044538794867,1.5
1778154703.07418,tb7,0.8079564579634941,-1.3624171468951016,0.008517230446401647,1.5
1778154703.0988874,tb2,-1.1787511211194985,-2.18156747000591,0.020607806157635435,1.5
1778154703.099023,tb1,-0.4629781224292716,-1.941226478853472,0.1717112312251134,1.5
1778154703.1230807,tb3,0.5740837678906321,-1.72054664973244,0.02157037815660636,1.5
1778154703.12446,tb7,0.8095952075097586,-1.3619780658946568,0.00511593150177409,1.5
1778154703.1487603,tb2,-1.1836244015280035,-2.190963961750872,0.013399403547338786,1.5
1778154703.1490302,tb1,-0.4620578546199385,-1.941467585498739,0.15639568572558263,1.5
1778154703.1730564,tb3,0.5726912386118014,-1.7207436919313883,0.018756263928325002,1.5
1778154703.1743538,tb7,0.8113782326683173,-1.3615934320270442,0.0007316466567152885,1.5
1778154703.19878,tb2,-1.1793405741109353,-2.1835575929772166,0.010927068850123026,1.5
1778154703.198992,tb1,-0.46084475657729224,-1.9416548415211343,0.1395737494532593,1.5
1778154703.222994,tb3,0.5771155416207461,-1.7202403335598788,0.016052595796662947,1.5
1778154703.2241592,tb7,0.8097715125095142,-1.3619609064017693,-0.00027800630772870436,1.5
1778154703.2486882,tb2,-1.17874836302794,-2.182407045976135,0.007472513182135289,1.5
1778154703.2488666,tb1,-0.45391670622840896,-1.9521965326689867,0.17999999999999997,0.19943816842145085
1778154703.2730772,tb3,0.5715220743399082,-1.7208030617737116,0.014612870285282409,1.5
1778154703.2741113,tb7,0.8084810402519726,-1.3622276344174757,-0.0022126374558926023,1.5
1778154703.2987056,tb2,-1.184412499736235,-2.1905888482516294,0.0017219649588689876,1.5
1778154703.2988768,tb1,-0.4504153377649985,-1.9580014759766027,0.18,0.2928900661519119
1778154703.3229196,tb3,0.5781428083202469,-1.720194415151579,0.011994720626468456,1.5
1778154703.3240461,tb7,0.8083921401109692,-1.3622467412493713,-0.005036394521095292,1.5
1778154703.3487625,tb2,-1.1811342028478897,-2.1869959650701274,-0.0008894238911580197,1.5
1778154703.3488662,tb1,-0.44809135192178806,-1.962551902148485,0.18,0.3883521268192222
1778154703.3730485,tb3,0.5781428083202469,-1.720194415151579,0.011131487151449713,1.5
1778154703.3742492,tb7,0.8083921401109692,-1.3622467412493713,-0.005570233010790682,1.5
1778154703.3988125,tb2,-1.1763153307108878,-2.1818402710701683,-0.003291165012172058,1.5
1778154703.3988583,tb1,-0.44213529679968566,-1.9753006050710302,0.18,0.49615048381493715
1778154703.42314,tb3,0.572340846366567,-1.7206890329974056,0.010167483309517314,1.5
1778154703.424344,tb7,0.8029411441818151,-1.3631445050921602,-0.005087202873948187,1.5
1778154703.4487143,tb2,-1.1702382978906671,-2.174841551335158,-0.00722663850324777,1.5
1778154703.4488764,tb1,-0.43962506893348297,-1.9811850871109138,0.18,0.5954764645330949
1778154703.4730496,tb3,0.5774286915892907,-1.7202804253356188,0.008222058355371882,1.5
1778154703.474133,tb7,0.7966445057851322,-1.3641883446708485,-0.005752794864260275,1.5
1778154703.4987946,tb2,-1.164138762521078,-2.1679621485490332,-0.011268089765700576,1.5
1778154703.498867,tb1,-0.43727600758797835,-1.9876944534283312,0.18,0.6980900486744349
1778154703.52314,tb3,0.5729040063427935,-1.7206333863483336,0.007484404583329496,1.5
1778154703.5242188,tb7,0.7902743979882322,-1.3653090515569999,-0.006423634400338586,1.5
1778154703.5486956,tb2,-1.1641484680962242,-2.1678211264733496,-0.015759882172040055,1.5
1778154703.5489292,tb1,-0.43240953167669294,-2.0019081314030234,0.17999999999999997,0.8129059915765572
1778154703.5731115,tb3,0.5794398220199175,-1.719892414496968,0.006203500879273507,1.5
1778154703.5741181,tb7,0.7911151678058397,-1.3651771454000574,-0.007419732618583629,1.5
1778154703.5987344,tb2,-1.1701219312804398,-2.173317757288787,-0.020824572681026488,1.5
1778154703.5989175,tb1,-0.4274045550290749,-2.016001280548138,0.18,0.9486167956277433
1778154703.6230104,tb3,0.5859387906968122,-1.7191261264505318,0.005014047652601639,1.5
1778154703.6240737,tb7,0.794711807115705,-1.3645205545792929,-0.008453262107899914,1.5
1778154703.6492727,tb2,-1.1627352178866641,-2.166978946990119,-0.024630664124363152,1.5
1778154703.6496942,tb1,-0.4256510574286031,-2.021470700200991,0.18,1.0580863475654436
1778154703.6732166,tb3,0.5923561701421939,-1.7184524403550467,0.003460975634403387,1.5
1778154703.6742413,tb7,0.788417914238953,-1.365640805056333,-0.008674472039087692,1.5
1778154703.6987183,tb2,-1.1627352178866641,-2.166978946990119,-0.02436577674417826,1.5
1778154703.6989076,tb1,-0.4256510574286031,-2.021470700200991,0.18,1.0566981111587
1778154703.7229784,tb3,0.5984441206012938,-1.717986506563323,0.0021122279498667906,1.5
1778154703.7241712,tb7,0.7892782063141465,-1.3654995749975025,-0.00920919158851385,1.5
1778154703.7487805,tb2,-1.1604892912345706,-2.1650607372218267,-0.15599431626666457,1.5
1778154703.748934,tb1,-0.42372827588132383,-2.0313226093391448,0.18,1.1863949019572546
1778154703.7730765,tb3,0.5926737488163505,-1.718389683274799,0.0022890728748326383,1.5
1778154703.7741325,tb7,0.7911832343305095,-1.365145409430624,-0.009655981849992364,1.5
1778154703.7987115,tb2,-1.1656788850844078,-2.1689932774234517,-0.16125044002255867,1.5
1778154703.7989392,tb1,-0.4214020103537144,-2.0449655197043746,0.18,1.3388353152903325
1778154703.823084,tb3,0.5868790283934628,-1.7188327076143484,0.09681011684816106,-1.5
1778154703.8241444,tb7,0.7849679576305959,-1.3662293543851083,-0.009450537106168439,1.5
1778154703.8487823,tb2,-1.15284129007344,-2.1599060027510277,-0.16267772687155455,1.5
1778154703.848884,tb1,-0.42121828541749085,-2.0463802033841763,0.18,1.4432846468195066
1778154703.8730261,tb3,0.5830861993169204,-1.719137573150382,0.09885273766410817,-1.5
1778154703.87412,tb7,0.7787929936951584,-1.367345557032077,-0.00925592483921538,1.5
1778154703.8987799,tb2,-1.1456231577553293,-2.1550022611644253,-0.16428820560097698,1.5
1778154703.8988948,tb1,-0.4201773462352953,-2.057748764387558,0.16850100362948633,1.5
1778154703.9230847,tb3,0.5802265318998434,-1.719341849941413,0.10023902120762834,-1.5
1778154703.9241474,tb7,0.7777677292283072,-1.3675355898751633,-0.009282851221757416,1.5
1778154703.9490278,tb1,-0.4193088103290254,-2.0697660732678393,0.15234675092153266,1.5
1778154703.949097,tb2,-1.1455013598983494,-2.1548482481068896,-0.16756126923951242,1.5
1778154703.9738553,tb3,0.5802265318998434,-1.719341849941413,0.10324521371977025,-1.4999999999999998
1778154703.9750838,tb7,0.7771533667580619,-1.367651846910307,-0.009114615273287524,1.5
1778154703.9988995,tb1,-0.4189758935488954,-2.070730395735179,0.1439498130170072,1.5
1778154703.998812,tb2,-1.144714495141039,-2.1541159991642416,-0.17209120898691896,1.5
1778154704.023267,tb3,0.5891492440176131,-1.7186363324087868,0.10508457934592808,-1.5
1778154704.0242202,tb7,0.7771533667580619,-1.367651846910307,-0.009726537374105441,1.5
1778154704.04882,tb2,-1.130256218770701,-2.1460576761742765,-0.18,-0.5289197439246159
1778154704.0489383,tb1,-0.4183379283915232,-2.072444589934946,0.13545892317854888,1.5
1778154704.0732038,tb3,0.6002157033840173,-1.717797189805921,0.10737777111719843,-1.5
1778154704.0741343,tb7,0.775490882270035,-1.3679810175919058,-0.009297440430812869,1.5
1778154704.098869,tb1,-0.418498759753084,-2.0799909930057883,0.1252761899328885,1.5
1778154704.0987816,tb2,-1.120208379034405,-2.1407068828818536,-0.18,-0.547847020182369
1778154704.1230638,tb3,0.6107970558183111,-1.7169733424512397,0.10877143396856613,-1.5
1778154704.1242661,tb7,0.7748216153962402,-1.368121315890846,-0.008695538623072032,1.5
1778154704.1488311,tb2,-1.112240433338195,-2.136772180160677,-0.18,-0.574440581842117
1778154704.148882,tb1,-0.418561830733014,-2.0819453517115543,0.11881278045763019,1.5
1778154704.1730835,tb3,0.6107989519645118,-1.7169811646019018,0.11287623953393253,-1.5
1778154704.174152,tb7,0.774207490486961,-1.3682449956484601,-0.007901063589796442,1.5000000000000002
1778154704.1987557,tb2,-1.1041621917757587,-2.1330646406627305,-0.18,-0.596316818623986
1778154704.1988494,tb1,-0.4191172508841918,-2.0900241327197038,0.11079330083662135,1.5
1778154704.223015,tb3,0.610976277409331,-1.7169522038393965,0.1160040649951709,-1.5
1778154704.2240894,tb7,0.7775156134860721,-1.3674215921113644,-0.007235381873535915,1.5
1778154704.2492645,tb2,-1.0959739576715382,-2.1295379520627216,-0.18,-0.6252441405088583
1778154704.2494488,tb1,-0.41973253565635044,-2.096283697240875,0.10457861367703036,1.5
1778154704.2733278,tb3,0.613870468906206,-1.7167273817296202,0.11940607535373855,-1.5
1778154704.2741332,tb7,0.7760871508577097,-1.3677477203914299,-0.006202011216415918,1.5
1778154704.2987876,tb2,-1.0959739576715382,-2.1295379520627216,-0.18,-0.6060051104547619
1778154704.2989748,tb1,-0.41973253565635044,-2.096283697240875,0.10518943377841261,1.5
1778154704.3231072,tb3,0.6254701262564043,-1.715916510218185,0.12272993313272208,-1.5
1778154704.324236,tb7,0.7776486599923847,-1.3673654165981597,-0.005029320859745388,1.5
1778154704.3487,tb2,-1.0877314420602013,-2.126057292019802,-0.18,-0.6281843553951492
1778154704.348892,tb1,-0.4202769559978765,-2.100863916960858,0.10068533394024412,1.5
1778154704.3730605,tb3,0.6325578534154442,-1.7154643473047708,0.12707168767384117,-1.5
1778154704.374123,tb7,0.7770202349875767,-1.3675127377806577,-0.0034968194097728385,1.5
1778154704.3987737,tb2,-1.079302168553607,-2.1227266790285557,-0.18,-0.6511504241026919
1778154704.3990247,tb1,-0.42089322243195,-2.1059181282926405,0.09681905855024571,1.5
1778154704.4229887,tb3,0.6332505559302675,-1.7154235539321214,0.13127230727948774,-1.5
1778154704.4241161,tb7,0.7748762574675092,-1.368106327009768,-0.001595154318628842,1.5
1778154704.4487078,tb2,-1.0708351531390674,-2.119840165489413,-0.18,-0.6714108303347668
1778154704.4488513,tb1,-0.42205552246062,-2.1168386821525633,0.09092274220006066,1.5000000000000002
1778154704.473023,tb3,0.6394514852972832,-1.7150513117463484,0.13743288259856407,-1.5
1778154704.4741704,tb7,0.774113077738049,-1.368340089864726,0.0005262231648360214,1.5
1778154704.498734,tb2,-1.062695275507544,-2.117282295027836,-0.18,-0.6985521475383126
1778154704.4988582,tb1,-0.4222655917127021,-2.119297453588052,0.0887544603880046,1.5000000000000002
1778154704.5230489,tb3,0.651694221435475,-1.7144203992825175,0.1426733446843121,-1.5
1778154704.524132,tb7,0.7739462072277196,-1.368394053436847,0.002969864808308644,1.5
1778154704.5486386,tb2,-1.0539784959871832,-2.1147801647684243,-0.18,-0.7203200821369888
1778154704.5487974,tb1,-0.42353240280242394,-2.12711968359369,0.08513461855870152,1.5
1778154704.5732958,tb3,0.6584579735088061,-1.7141280472160578,0.15192832314353158,-1.5
1778154704.5745816,tb7,0.7717815159864813,-1.3690355364365905,0.005846184597044587,1.5
1778154704.5988357,tb2,-1.0452010191464303,-2.1125259134114196,-0.18,-0.7487768002370752
1778154704.59898,tb1,-0.42404312349234247,-2.1303027074517145,0.08350319543267197,1.5
1778154704.6231987,tb3,0.6584579735088061,-1.7141280472160578,0.15795682523295365,-1.5000000000000002
1778154704.6242106,tb7,0.7717815159864813,-1.3690355364365905,0.005238133680419239,1.5
1778154704.648905,tb1,-0.4242396539075063,-2.1313308697893962,0.08245873484599438,1.5
1778154704.6488042,tb2,-1.0372819322829037,-2.1106976116104836,-0.18,-0.7810692458879323
1778154704.6730728,tb3,0.6605593910701943,-1.7140683423247038,0.16920549963202203,-1.5
1778154704.6741562,tb7,0.7681379133853481,-1.3703145587800596,0.008246593512930427,1.5
1778154704.6987336,tb2,-1.0280890624897403,-2.108824669065727,-0.18,-0.8096350203387308
1778154704.698931,tb1,-0.4256029961231593,-2.139020521092047,0.07989862604375188,1.5
1778154704.7230577,tb3,0.6625807604178316,-1.7140382636621085,0.178999437403895,-1.5
1778154704.72425,tb7,0.7712321394834099,-1.369079414584559,0.011004236690313873,1.5
1778154704.7487106,tb2,-1.0184653889335855,-2.10682561757608,-0.18,-0.8462839578440234
1778154704.7489684,tb1,-0.42525345663200786,-2.1374644357564603,0.07946263321576472,1.5
1778154704.7731369,tb3,0.6683300781055583,-1.7139296009600478,0.18,-1.3816291927414335
1778154704.774352,tb7,0.768947687904723,-1.3700411580092775,0.014233632282924817,1.5000000000000002
1778154704.7989008,tb1,-0.4252464556251672,-2.1381830542310305,0.07865722538519906,1.5
1778154704.7987802,tb2,-1.0089991835177345,-2.1049099771591404,-0.18,-0.8801015059261348
1778154704.823031,tb3,0.6775826394594878,-1.7137971022603233,0.18,-1.2449429130993819
1778154704.8240848,tb7,0.7700747276366147,-1.3695018785161295,0.0173756043446487,1.5
1778154704.8486905,tb2,-1.0013505786199797,-2.103969107845258,-0.18,-0.9125475044584263
1778154704.8488302,tb1,-0.42585247702889956,-2.1414593991513944,0.07779206708479104,1.5
1778154704.8731222,tb3,0.6875717311148077,-1.7137687756232443,0.18,-1.1035339670547237
1778154704.8742585,tb7,0.7714478957173301,-1.3688640807192594,0.020616129812795154,1.5
1778154704.8987195,tb2,-0.9911612697764531,-2.1030065267740765,-0.18,-0.9495694717228713
1778154704.8988316,tb1,-0.4267269589199799,-2.1461121233333764,0.07699142880485638,1.5
1778154704.923026,tb3,0.6961390670083795,-1.7138344854371457,0.18,-0.9633869500326343
1778154704.924108,tb7,0.7715327751193785,-1.368824901660082,0.02423773154677422,1.5000000000000002
1778154704.9487605,tb2,-0.9911612697764531,-2.1030065267740765,-0.18,-0.9304601365835108
1778154704.948926,tb1,-0.4267269589199799,-2.1461121233333764,0.07669049417409615,1.5
1778154704.9732368,tb3,0.7069684235869211,-1.7140646409703009,0.07283085186921451,-1.5
1778154704.9741843,tb7,0.7727654884428968,-1.368134986808792,0.028174330747310163,1.5
1778154704.998896,tb1,-0.4267190376035647,-2.1460712413315437,0.07712380715996335,1.5
1778154704.9988718,tb2,-0.9834762353412024,-2.1024926764330085,-0.18,-0.9695656511205505
1778154705.0229807,tb3,0.7116648903547947,-1.7142207413255954,0.07630238987905592,-1.5
1778154705.024093,tb7,0.7726445371564177,-1.3681942111549974,0.03319016904295898,1.5
1778154705.0488343,tb2,-0.9748567985536911,-2.102149372265179,-0.18,-1.0049415573593667
1778154705.0489607,tb1,-0.4282455862290096,-2.154671224354156,0.07621872980661323,1.5
1778154705.0729504,tb3,0.7170716780031103,-1.7144819394493385,0.08026316156688641,-1.5
1778154705.0741553,tb7,0.7732928605606896,-1.3677273281058844,0.04439978442884984,1.4999999999999998
1778154705.0988715,tb1,-0.4284129465714455,-2.155712404519348,0.07690826160363043,1.5
1778154705.0988142,tb2,-0.9655505046421722,-2.102037718009823,-0.18,-1.053333161151784
1778154705.1230557,tb3,0.7229115974281357,-1.714897876649067,0.08461448586512663,-1.5
1778154705.1241786,tb7,0.7739587456825099,-1.3667510226934174,0.05625632050985191,1.5
1778154705.1486902,tb2,-0.9584340202702564,-2.1020613516257627,-0.18,-1.094096374992707
1778154705.1488776,tb1,-0.42931977368130825,-2.161023702905112,0.07699422557642195,1.4999999999999998
1778154705.1729667,tb3,0.7230818356647085,-1.714964404618995,0.0896733910706541,-1.5
1778154705.1742427,tb7,0.7752311987532003,-1.365449826105811,0.06875287868235438,1.5
1778154705.198828,tb2,-0.950149772918473,-2.1021216862857477,-0.17999999999999997,-1.1404453238547696
1778154705.198953,tb1,-0.4304278712829163,-2.1677792878250375,0.07685473112668474,1.5
1778154705.2232196,tb3,0.7233249107694657,-1.7150800517414067,0.09494191922909397,-1.5
1778154705.224311,tb7,0.7769889934080912,-1.3635379064553843,0.08207626621125068,1.5
1778154705.2487857,tb2,-0.939417574514553,-2.1028664239913732,-0.18,-1.2045882645556314
1778154705.2489421,tb1,-0.4308595969551196,-2.170603317675193,0.07779768925748366,1.5000000000000002
1778154705.2729948,tb3,0.7233249107694657,-1.7150800517414067,0.09601736760947815,-1.5
1778154705.274154,tb7,0.7769889934080912,-1.3635379064553843,0.08128645612025506,1.5
1778154705.2986622,tb2,-0.932232506173528,-2.1035673178786154,-0.18,-1.2596906072282668
1778154705.2988148,tb1,-0.431091198124341,-2.1721489838643215,0.07939138636962009,1.5
1778154705.3230224,tb3,0.7312926204320973,-1.7161001921227337,0.10141975988254151,-1.5
1778154705.3241649,tb7,0.7790437302827428,-1.3609484527188647,0.09560818500561843,1.5
1778154705.3488088,tb1,-0.43174340915868004,-2.1769513006654164,0.08064767652811787,1.5
1778154705.3487408,tb2,-0.9235051663182112,-2.104721097544019,-0.18,-1.325665705402731
1778154705.373056,tb3,0.7323818310485017,-1.7162696636730213,0.10758374015559155,-1.5
1778154705.3742795,tb7,0.7809453655073714,-1.3581488666996113,0.11133105042475107,1.5
1778154705.3986697,tb2,-0.9133225232537395,-2.1063703233314754,-0.18,-1.396702033412975
1778154705.398843,tb1,-0.432238997926131,-2.181150116685084,0.0826141737382208,1.4999999999999998
1778154705.4231803,tb3,0.7416422544436757,-1.717872490302116,0.11383246062851506,-1.5
1778154705.4242408,tb7,0.7826699387237203,-1.3552854080581633,0.12887230492283366,1.5
1778154705.4487116,tb2,-0.9074302684528305,-2.107445845924295,-0.18,-1.4675244865620702
1778154705.4489174,tb1,-0.4321912931928862,-2.1809141397213656,0.08555733474652173,1.5
1778154705.4729662,tb3,0.7476616635203785,-1.7190349866964454,0.12071341966195685,-1.5
1778154705.474075,tb7,0.7846420700155897,-1.3512877345423024,0.14863797000594287,1.5
1778154705.498626,tb2,-0.9012584972223623,-2.1084931097988933,-0.17556088378139725,-1.5
1778154705.4987702,tb1,-0.43253501961679525,-2.1849837525638436,0.08783328281353141,1.5
1778154705.5230358,tb3,0.7529837336369543,-1.7202341870152327,0.1282295505997591,-1.5
1778154705.5242288,tb7,0.7867805779060484,-1.345831953469582,0.1713611894833711,1.5
1778154705.5486155,tb2,-0.8926112558585145,-2.110675277700489,-0.16586385839401446,-1.5
1778154705.548808,tb1,-0.4327861440685387,-2.188777133935679,0.0907245999763753,1.4999999999999998
1778154705.5730746,tb3,0.7628275283733679,-1.7226220938503054,0.1360901678317057,-1.5
1778154705.5742333,tb7,0.7888182031341848,-1.3392242393492408,0.18,1.3630626826429784
1778154705.5987413,tb2,-0.8926112558585145,-2.110675277700489,-0.16882553333738912,-1.5
1778154705.5989156,tb1,-0.4327861440685387,-2.188777133935679,0.09044065812281911,1.5
1778154705.6231463,tb3,0.7709108477159197,-1.7246942299073047,0.1447063946713225,-1.5
1778154705.6243348,tb7,0.7906079310322611,-1.331947641349819,0.18,1.171986679750651
1778154705.6488469,tb1,-0.43292994442490823,-2.1917040270808963,0.09385289907705843,1.4999999999999998
1778154705.648809,tb2,-0.8848970877711076,-2.1129585206427817,-0.15896098432200875,-1.5
1778154705.6730216,tb3,0.7775693925971647,-1.726777925906694,0.1626728548890367,-1.5
1778154705.6740682,tb7,0.7919668753437119,-1.3243632753212986,0.18,1.0127393169806314
1778154705.6986907,tb2,-0.8787835620390437,-2.1149643652631953,-0.15049528871767848,-1.5
1778154705.6989536,tb1,-0.43318144480496434,-2.1984050747525363,0.09673989979966272,1.5
1778154705.7230556,tb3,0.7853165402908825,-1.7298026908791875,0.18000000000000002,-1.4001764561238528
1778154705.7242382,tb7,0.7927472492900908,-1.315883022463798,0.18,0.8986971772622996
1778154705.748737,tb2,-0.8715707864666853,-2.117590553849305,-0.14111675078098218,-1.4999999999999998
1778154705.7488978,tb1,-0.4332028307262613,-2.2030315638145996,0.10047053526876729,1.5
1778154705.7729652,tb3,0.7936359186021457,-1.7337767030334457,0.18,-1.1677631635038799
1778154705.7740805,tb7,0.7931065389554476,-1.3073169266145708,0.18,0.8054828390525236
1778154705.7988029,tb2,-0.8648152051646018,-2.1203428674279405,-0.13212326885272496,-1.5
1778154705.798879,tb1,-0.4331741524193577,-2.2077344043743223,0.10455666723118558,1.5
1778154705.82305,tb3,0.80195678902752,-1.7384484107034965,0.18,-0.9830762202101715
1778154705.8241024,tb7,0.7934511562817407,-1.2989044055032521,0.18,0.7278903529669875
1778154705.8487816,tb2,-0.8589160911119067,-2.122968478611709,-0.12391746681367809,-1.5
1778154705.848892,tb1,-0.43291455411456575,-2.2139869221195063,0.10869214416460019,1.5
1778154705.8730373,tb3,0.80195678902752,-1.7384484107034965,0.18,-0.9686592101514272
1778154705.8741117,tb7,0.7932377470958725,-1.290322664773632,0.17999999999999997,0.657995842548131
1778154705.89869,tb2,-0.8553631569603943,-2.124336149558894,-0.11697175491412638,-1.5
1778154705.8989065,tb1,-0.4326759582384224,-2.2186199257470705,0.11224954040835633,1.5
1778154705.9231274,tb3,0.8099185284231469,-1.7435162314814445,0.17999999999999997,-0.8202583543283433
1778154705.9242628,tb7,0.7932377470958725,-1.290322664773632,0.18,0.6666515102824723
1778154705.9491165,tb2,-0.8524876257173911,-2.1256752007688426,-0.11077807137036146,-1.5
1778154705.9492767,tb1,-0.4320067958641965,-2.225836587448631,0.11459604106616839,1.5
1778154705.9736328,tb3,0.8177000903962611,-1.7485975720265121,0.18,-0.6822194456377457
1778154705.974779,tb7,0.7925682444513205,-1.2816461120658413,0.18,0.609873850004217
1778154705.9988728,tb1,-0.4317826694054243,-2.2278582305588444,0.11990206150890853,1.5
1778154705.9988036,tb2,-0.8462005840095633,-2.1294661250338183,-0.10178821254638182,-1.5
1778154706.023019,tb3,0.8251656665833845,-1.7538497646489584,0.17999999999999997,-0.5476059742525298
1778154706.0241182,tb7,0.7916669932582998,-1.2730200658813189,0.18,0.5534165831806176
1778154706.0488183,tb2,-0.8440427380681211,-2.130867291477547,-0.09571632412417025,-1.5
1778154706.0489688,tb1,-0.4310127223877511,-2.23319387371406,0.12392635420484827,1.5
1778154706.0730953,tb3,0.832200547096824,-1.75992492471291,0.18,-0.4140781070223439
1778154706.0743163,tb7,0.7906118161593556,-1.264437474683912,0.18,0.5018724818266749
1778154706.099472,tb1,-0.42997285992523027,-2.2389577937602865,0.1299039989700196,1.5
1778154706.0997396,tb2,-0.8389895369306557,-2.134501375880793,-0.08728253179985644,-1.5
1778154706.1231232,tb3,0.8388642368598047,-1.7661375962139607,0.18,-0.3154427219806915
1778154706.12413,tb7,0.789113051222618,-1.255805507792218,0.18,0.460942338047647
1778154706.1487947,tb2,-0.8389895369306557,-2.134501375880793,-0.09215305796298957,-1.5
1778154706.1489387,tb1,-0.42997285992523027,-2.2389577937602865,-0.05574147067882507,1.5
1778154706.1731057,tb3,0.8454323265132975,-1.7725258365960908,0.18,-0.20946899657483295
1778154706.1742666,tb7,0.7874247910616768,-1.2471988517653887,0.18,0.4260585000401328
1778154706.1988108,tb2,-0.8376246784990671,-2.135531916853854,-0.09372317605101695,-1.5
1778154706.199003,tb1,-0.42913308396985034,-2.242836189988725,-0.05424797423775867,1.5
1778154706.222991,tb3,0.8518613251427296,-1.7789716322772684,0.18000000000000002,-0.10068835126462186
1778154706.2242165,tb7,0.7856484649173544,-1.2386215099913054,0.18,0.3948639756458627
1778154706.2487323,tb2,-0.8343069764399346,-2.138246462708626,-0.09094294021421143,-1.5
1778154706.248912,tb1,-0.4300087048750979,-2.2391857638616113,-0.045624720253138525,1.5
1778154706.2730677,tb3,0.8582047892378218,-1.78541545216828,0.18,0.01337800958235874
1778154706.27418,tb7,0.7835401205748359,-1.2300579467174755,0.18,0.36825814603547774
1778154706.2986674,tb2,-0.8298250243767079,-2.142227524060568,-0.08608784272889197,-1.5
1778154706.2988749,tb1,-0.43080966804976845,-2.23639346772126,-0.03330196002576474,1.5
1778154706.323104,tb3,0.8648791586323246,-1.79137787306146,0.18,0.16587352969058503
1778154706.324134,tb7,0.7813179020911938,-1.221528950618771,0.18,0.3452062562560536
1778154706.3488848,tb2,-0.8275579024065176,-2.144530241390528,-0.08272294394037429,-1.5
1778154706.34899,tb1,-0.4313997273404632,-2.234008002590565,-0.020092030820896594,1.5
1778154706.3731482,tb3,0.8648791586323246,-1.79137787306146,0.18,0.2294509601733984
1778154706.3743255,tb7,0.7813179020911938,-1.221528950618771,0.18,0.35251171244411356
1778154706.3987648,tb2,-0.825522945701686,-2.146724940803635,-0.07886796743179933,-1.5
1778154706.3989697,tb1,-0.43226133726647853,-2.232078024485893,-0.007013767933904432,1.5
1778154706.4231243,tb3,0.8711543162170826,-1.797528804309988,0.18,0.4782652282204926
1778154706.4241786,tb7,0.778932905096442,-1.2130263348261292,0.18,0.33172636869268046
1778154706.4488177,tb2,-0.8229096350994952,-2.1498353364802045,-0.07383854433010509,-1.5
1778154706.4489195,tb1,-0.4329534275443964,-2.2306946184390974,0.006090886767544455,1.5
1778154706.473113,tb3,0.877388394076663,-1.8040860225553907,0.18,0.8811989010394872
1778154706.4742746,tb7,0.7763514155376238,-1.2045708513139346,0.18,0.3116780140868853
1778154706.498694,tb2,-0.8207933386195171,-2.1526309899974736,-0.06864257343962252,-1.5
1778154706.498887,tb1,-0.43333203449760005,-2.2300031376004243,0.01900605630452156,1.5
1778154706.5230856,tb3,0.8833672065212627,-1.810303877827989,0.17729914039294434,1.5
1778154706.5243037,tb7,0.7736856217940848,-1.1961505883988228,0.18,0.29454290920706944
1778154706.548631,tb2,-0.8196363065159102,-2.153889589326357,-0.06430762475779771,-1.5
1778154706.548789,tb1,-0.43328038067031366,-2.2300256606036752,0.031683046452246504,1.5
1778154706.572984,tb3,0.8895153278194863,-1.8162481775949266,0.094161782887141,1.5
1778154706.574067,tb7,0.7708206619371042,-1.1877633920548423,0.18000000000000002,0.28033844903392907
1778154706.5987754,tb1,-0.43294466154911576,-2.2303189456899974,0.04901598338256534,1.5
1778154706.5986364,tb2,-0.8185273556325706,-2.1556413529573137,-0.05787236483669263,-1.5
1778154706.6231127,tb3,0.8944696604113428,-1.8204836752890134,0.05166423900850406,1.5
1778154706.6241367,tb7,0.767874078068047,-1.1794154640157462,0.18,0.2682322329352744
1778154706.6488223,tb2,-0.8185273556325706,-2.1556413529573137,-0.06136074939200464,-1.5
1778154706.6489375,tb1,-0.43294466154911576,-2.2303189456899974,0.04802029627005552,1.5
1778154706.6729815,tb3,0.8981200469539662,-1.8227553180022202,0.03174521042758945,1.5
1778154706.6741104,tb7,0.7647607395297322,-1.1711013042004934,0.18,0.2590717121968457
1778154706.6988935,tb2,-0.817266859945754,-2.1578423915783853,-0.05460998528377736,-1.5
1778154706.699082,tb1,-0.43179334638639877,-2.231385424429138,0.06110007514977362,1.5
1778154706.7230828,tb3,0.9011150700542683,-1.824347662688661,0.021713772008856456,1.5
1778154706.7241852,tb7,0.7615691864088096,-1.1628261076715254,0.18,0.2523694609840106
1778154706.7488525,tb2,-0.8159366912698064,-2.1605388775038223,-0.04725325138927437,-1.5
1778154706.7489352,tb1,-0.4304783679020874,-2.232441702385162,0.07538591664414632,1.5
1778154706.7730346,tb3,0.9016052105177899,-1.8245843684935057,0.03625946567017597,1.5
1778154706.7740598,tb7,0.7582353312875263,-1.154588774796043,0.18,0.2476062491655196
1778154706.7989001,tb1,-0.42852509542239725,-2.233807315292632,0.09025107876638583,1.5
1778154706.7988286,tb2,-0.8148724526683112,-2.1626823819493635,-0.03966117974767915,-1.5
1778154706.8231382,tb3,0.9016052105177899,-1.8245843684935057,0.00850265464596565,1.5
1778154706.8242168,tb7,0.7582353312875263,-1.154588774796043,0.18,0.3039634510013015
1778154706.8489316,tb1,-0.4256876284333686,-2.2354863538855367,0.10626898303643315,1.5
1778154706.8488395,tb2,-0.8140562794087561,-2.1648029848496853,-0.03218939397382426,-1.5
1778154706.8730063,tb3,0.9024570465264093,-1.8249280570770772,0.013088366390947211,1.5
1778154706.8741071,tb7,0.7548210321919808,-1.1463922701394582,0.18,0.3031886303549868
1778154706.8986626,tb2,-0.813893509226287,-2.1653094285395067,-0.025317802390267798,-1.5
1778154706.8988872,tb1,-0.4219440537763626,-2.2373451159475564,0.12332605173083787,1.5
1778154706.923135,tb3,0.9022579240043811,-1.8248396900076151,0.020360721986189753,1.5000000000000002
1778154706.924136,tb7,0.7512801979270007,-1.1382683290645081,0.18,0.2998063269965559
1778154706.9487195,tb2,-0.8133812928008891,-2.166982889784866,-0.01721685305895873,-1.5
1778154706.9488156,tb1,-0.41726072916825485,-2.239240512236541,0.14269704357813665,1.5
1778154706.9729886,tb3,0.9022986815377779,-1.8248286014449453,0.03058994564590437,1.4999999999999998
1778154706.9741516,tb7,0.7476253518033718,-1.1301981538368517,0.18,0.30144946026252484
1778154706.998822,tb1,-0.41147800917559,-2.2410836925095645,0.16441114007753496,1.5
1778154706.9987688,tb2,-0.8132985433515093,-2.167275621590696,-0.006364781800850658,-1.5
1778154707.0230474,tb3,0.9026760636303357,-1.8249215612322645,0.0395046540330025,1.5
1778154707.024166,tb7,0.7438537613720235,-1.122181773042324,0.17999999999999997,0.3089595675682319
1778154707.0488164,tb1,-0.40452593126221054,-2.2427424915336234,0.18,1.4250178824624915
1778154707.0489845,tb2,-0.813299460963672,-2.1670645083545383,0.004429890099706345,-1.5
1778154707.0731237,tb3,0.9030366688706114,-1.8250683250019,0.04939454945965808,1.5
1778154707.0741808,tb7,0.739958800349109,-1.1142255242353059,0.18000000000000002,0.3244657108263029
1778154707.098713,tb2,-0.813299460963672,-2.1670645083545383,0.0026146680794001905,-1.5
1778154707.09888,tb1,-0.40452593126221054,-2.2427424915336234,0.18,1.3707319833293683
1778154707.123026,tb3,0.9045481330195515,-1.8250889416260947,0.05905674558320637,1.5000000000000002
1778154707.124185,tb7,0.7359380345730325,-1.1063353329486463,0.18,0.35257479316952134
1778154707.1487925,tb2,-0.8130826874093383,-2.1668404373250074,0.013678860296588435,-1.5
1778154707.1489503,tb1,-0.39643817259466246,-2.2440644992547853,0.18,1.1939760958545256
1778154707.1730695,tb3,0.9066010519762444,-1.8249726346651116,0.06825910606644096,1.5
1778154707.1741834,tb7,0.7317934487814504,-1.0985220823105324,0.18,0.3961670409666518
1778154707.198714,tb2,-0.8130364773774005,-2.1659915498652107,0.024866338869619156,-1.5
1778154707.1988163,tb1,-0.38808164975330384,-2.2448438989515083,0.18000000000000002,1.0400195533387002
1778154707.222938,tb3,0.9091675244660633,-1.8246399457075058,0.0778680055697242,1.5
1778154707.2240613,tb7,0.7275125748623161,-1.0908032300975172,0.1666649019318405,0.43043368727710996
1778154707.2486675,tb2,-0.8128785288878697,-2.1647426054840104,0.036464514345546366,-1.5
1778154707.2488296,tb1,-0.3796082387329733,-2.2451030996732855,0.18,0.9208136285849311
1778154707.272933,tb3,0.912176345519114,-1.824021017330506,0.08866967947092153,1.5
1778154707.2740126,tb7,0.7233460943480491,-1.083636294139502,0.1314853641627,0.41264896162803866
1778154707.2986503,tb2,-0.8125307828925168,-2.1630048833364035,0.048561910142751095,-1.5
1778154707.2988336,tb1,-0.37106419245656663,-2.2449046855875454,0.18,0.8236204938931474
1778154707.3228767,tb3,0.9147362491084851,-1.8233647883677635,0.10343831396610206,1.5
1778154707.3240228,tb7,0.7198533945346167,-1.0779054995676398,0.10895759170792416,0.4013353491958744
1778154707.3486712,tb2,-0.8118477854878345,-2.1604634196741985,0.061150134991338,-1.5
1778154707.3488,tb1,-0.3624854848654267,-2.244299992448199,0.18,0.7354218114731054
1778154707.3729057,tb3,0.9183889530368318,-1.822072697672884,0.12099377780930193,1.5
1778154707.3740232,tb7,0.716921249906149,-1.073314125599857,0.09580053679467584,0.392120874307486
1778154707.3987014,tb2,-0.8108590577378858,-2.157553222629658,0.07457191518189771,-1.5
1778154707.398867,tb1,-0.3538965426466027,-2.2433317974218765,0.18,0.6534204908404165
1778154707.4228942,tb3,0.92307712994173,-1.8199502527234424,0.14090088684521473,1.4852978110584023
1778154707.424039,tb7,0.7143159918289805,-1.0694113339955031,0.08892028275746536,0.3826727578397113
1778154707.4486883,tb2,-0.8093059069660725,-2.153976421070015,0.08907464785632258,-1.5
1778154707.4489427,tb1,-0.34531064587735844,-2.242038026861493,0.18,0.5798743466653132
1778154707.4730964,tb3,0.92307712994173,-1.8199502527234424,0.12002075925980325,1.5
1778154707.4742918,tb7,0.7118505144414551,-1.0658700282177729,0.09109023954562462,0.20226025644899676
1778154707.498852,tb1,-0.3367359775968173,-2.240454420602822,0.18,0.5159853562153389
1778154707.4988058,tb2,-0.80725636732032,-2.1499861011945787,0.10516450001215569,-1.5
1778154707.52336,tb3,0.9284377552755931,-1.8170279773081857,0.1416650466551169,1.5
1778154707.5241902,tb7,0.7118505144414551,-1.0658700282177729,0.11524031079927895,0.3486840380575567
1778154707.5488634,tb2,-0.8045349904387338,-2.145539137153082,0.12343739398037404,-1.5
1778154707.548917,tb1,-0.32817758169227285,-2.238614711340029,0.18,0.46361810554338045
1778154707.5730593,tb3,0.9328529146140756,-1.814204199152035,0.15545700125983164,1.355561569191025
1778154707.574195,tb7,0.7092519936229652,-1.062253626011505,0.11158094950305297,0.34401257448908895
1778154707.598706,tb2,-0.8007669446031841,-2.1403831914173708,0.14462591275418926,-1.5
1778154707.5988657,tb1,-0.3196391588357256,-2.236550619154781,0.18,0.42621169770090994
1778154707.6230638,tb3,0.9370582796541586,-1.81127174904272,0.1609533134262366,1.1491799197054682
1778154707.6241395,tb7,0.7060420726767987,-1.0579213595563695,0.10166038840600759,0.17974964736170418
1778154707.6487303,tb2,-0.796019685757628,-2.1347644762402602,0.1700610537386747,-1.5
1778154707.648918,tb1,-0.31113028316638,-2.2342880168430934,0.18,0.3948270777783818
1778154707.673005,tb3,0.9425115637383198,-1.8064929975026633,0.1621491056970425,0.9563358486443246
1778154707.6740983,tb7,0.7028036053912574,-1.0536993185814323,0.09507616939342499,0.17244297489286048
1778154707.69862,tb2,-0.7899062780223174,-2.1286035372531376,0.18,-1.3406166964114707
1778154707.6987505,tb1,-0.30265463018650196,-2.23184495447322,0.18000000000000002,0.3653334505208305
1778154707.7230713,tb3,0.9479063684399869,-1.8011704365188062,0.16153245314747972,0.8251086865924901
1778154707.72416,tb7,0.6997918589752569,-1.0498614640409636,0.09172366059990666,0.17309374349959994
1778154707.748838,tb1,-0.30265463018650196,-2.23184495447322,0.18,0.33122565272671145
1778154707.7487788,tb2,-0.7899062780223174,-2.1286035372531376,0.18,-1.3706993310238207
1778154707.7729492,tb3,0.9530912890465641,-1.795831117527454,0.16030490842392653,0.7216472258204981
1778154707.774038,tb7,0.696921011383995,-1.0462683187230617,0.08990964197760301,0.17234278774287126
1778154707.798676,tb2,-0.7827457151708376,-2.1223428583015758,0.18,-1.1671573710767131
1778154707.7988567,tb1,-0.2942136697477158,-2.2292360751300726,0.18,0.3029522147487021
1778154707.8229427,tb3,0.957998723567365,-1.7901968153057157,0.15779425072405137,0.6068761273036488
1778154707.824017,tb7,0.6941082311381098,-1.0428098290343892,0.0891452758789793,0.17031669666120636
1778154707.8486705,tb2,-0.7750987541773133,-2.116519212183985,0.18000000000000002,-0.9758465862780799
1778154707.8488886,tb1,-0.28580296216567125,-2.2264758878279722,0.18,0.2779293905089823
1778154707.8729753,tb3,0.9626724345324911,-1.7841412752099974,0.15493523573187423,0.5430579923150309
1778154707.8740683,tb7,0.6913048932331484,-1.039423012410913,0.08901715465504839,0.16753136642271926
1778154707.8986435,tb2,-0.7671808437506381,-2.111239239261921,0.18,-0.8237224579776362
1778154707.898848,tb1,-0.2774243720293064,-2.2235794508509668,0.18,0.2556743845036279
1778154707.9230533,tb3,0.9671754731523392,-1.7781374700465722,0.15224580285541248,0.5002622554460355
1778154707.9240808,tb7,0.688485018616431,-1.0360745798190198,0.08859865974939171,0.16519487763740814
1778154707.9489157,tb2,-0.759070759579646,-2.1064262159738605,0.18,-0.7028665002079217
1778154707.9490652,tb1,-0.2690774161938946,-2.2205590518473697,0.18,0.23530042595874476
1778154707.9732945,tb3,0.9714413966287826,-1.7721112099424656,0.1493255179591268,0.458282840972227
1778154707.9745102,tb7,0.6856468185088793,-1.0327609709952876,0.08833091418796572,0.16284761635392747
1778154707.9986737,tb2,-0.7508205634183459,-2.102007297596294,0.18,-0.6044279883668446
1778154707.9989245,tb1,-0.2607609510076269,-2.2174254611752047,0.18,0.21736735171591978
1778154708.0229495,tb3,0.9754082548034825,-1.7659952111798753,0.14593197084803355,0.4143363940687287
1778154708.024104,tb7,0.682791962526265,-1.0294829361902482,0.0877136978149396,0.16090565724312633
1778154708.0487874,tb2,-0.7424633477698543,-2.0979189764586397,0.18000000000000002,-0.5218827694457038
1778154708.0489345,tb1,-0.2524741564380479,-2.2141887640760114,0.18,0.2014368128317176
1778154708.0734878,tb3,0.9792438155713902,-1.7599897292279136,0.14188241805332918,0.3623739541398646
1778154708.074382,tb7,0.6799292059486213,-1.0262491594729901,0.08779370933501758,0.15820657355267345
1778154708.0988767,tb2,-0.7340264825628771,-2.094111921331154,0.18,-0.4526230613695568
1778154708.0989406,tb1,-0.24421522262264575,-2.210857580042621,0.18,0.18721346016029483
1778154708.1230721,tb3,0.9792438155713902,-1.7599897292279136,0.154949734272167,0.6046336901913663
1778154708.124193,tb7,0.6799292059486213,-1.0262491594729901,0.11681161521969187,0.27824310737363966
1778154708.1487415,tb2,-0.7255279632194145,-2.090542301618722,0.18,-0.3929645118159417
1778154708.1489644,tb1,-0.23598327869379285,-2.2074403776226195,0.18,0.17488068231252438
1778154708.1730566,tb3,0.9827761553976,-1.7540113039711904,0.15220866048106454,0.5749955286886993
1778154708.1742356,tb7,0.6770377399172889,-1.0230352723390126,0.11608577295070265,0.2747214135900153
1778154708.1988196,tb2,-0.7169830032158556,-2.087174449215498,0.18,-0.3395179128869803
1778154708.1989117,tb1,-0.22777708803584207,-2.203944360976795,0.18,0.17165592335512467
1778154708.2230093,tb3,0.9863822675378668,-1.7475456969445928,0.1469377816506121,0.4713805329092099
1778154708.224092,tb7,0.6733748182558339,-1.0190581107276249,0.10943763090620212,0.2754003223240863
1778154708.2490382,tb1,-0.219599048064388,-2.2003758620070224,0.18,0.13188052478229084
1778154708.2489774,tb2,-0.7084021030837396,-2.0839777711093963,0.18,-0.3059810986129668
1778154708.2730486,tb3,0.9897476356736714,-1.7411292731768053,0.1418618157567091,0.386067439960105
1778154708.2741017,tb7,0.6695574032589955,-1.015023200297856,0.09935617641876239,0.12084521137045716
1778154708.2986832,tb2,-0.7084021030837396,-2.0839777711093963,0.18,-0.31302251559314476
1778154708.2988825,tb1,-0.219599048064388,-2.2003758620070224,0.18,0.13601652130284608
1778154708.3229637,tb3,0.9928414335496278,-1.7348231717838698,0.13716852339443913,0.3237297566645866
1778154708.3240962,tb7,0.6659750785747715,-1.0113322855848645,0.09375709124150652,0.12258770662963471
1778154708.3486636,tb2,-0.6997884920611279,-2.080926947458097,0.18,-0.2703807490194723
1778154708.3488271,tb1,-0.21143263226394554,-2.1967380450445475,0.17999999999999997,0.13715411071782288
1778154708.3729038,tb3,0.9958068983200062,-1.7286529402095285,0.13280836009166,0.27610382490485413
1778154708.3740153,tb7,0.6626620969069323,-1.0079665951597225,0.09004598113851242,0.1284149416015471
1778154708.398673,tb2,-0.6911301192165749,-2.0780099466140993,0.18,-0.22776461709695398
1778154708.3988113,tb1,-0.20329187737895404,-2.193045990224862,0.18,0.13476253994310428
1778154708.4229252,tb3,0.9984877565985014,-1.7226576265175764,0.129067426974317,0.24488773971240252
1778154708.4240353,tb7,0.6594872246965515,-1.0047812440402233,0.08758916147883458,0.1318071408779608
1778154708.4486883,tb2,-0.6824504138002777,-2.0752213425318256,0.18,-0.18983026637342468
1778154708.4488237,tb1,-0.19517671311133258,-2.189298435060628,0.18,0.13054977182892696
1778154708.4729116,tb3,1.0010724927287429,-1.71680020903737,0.12575904389820658,0.22373183945095396
1778154708.4739885,tb7,0.6563945733639308,-1.001718396905317,0.0857008220997958,0.13390203220709232
1778154708.4988375,tb1,-0.18708588114193014,-2.1854955082365843,0.18,0.12545397502730826
1778154708.4987516,tb2,-0.6737566032600637,-2.0725417676825293,0.18,-0.15657202562815564
1778154708.5229294,tb3,1.0034663482805055,-1.7110606877381656,0.12263589955776352,0.20583952254377252
1778154708.5240188,tb7,0.6533579730711137,-0.9987507375529321,0.08433810962954338,0.1348957151532318
1778154708.5487611,tb2,-0.6650527940604982,-2.0699528925597264,0.18,-0.12706560447166992
1778154708.548845,tb1,-0.17901832203984716,-2.1816386186776353,0.18,0.1201431174558032
1778154708.5729513,tb3,1.0057625985737706,-1.7054411446199744,0.11981849402040512,0.19327181047264344
1778154708.5740974,tb7,0.6503570656174129,-0.9958571658120097,0.08322568774141492,0.1353408455413121
1778154708.5986948,tb2,-0.6563428935769116,-2.067438860879511,0.18,-0.10106131056304965
1778154708.5988257,tb1,-0.17097305564959364,-2.1777298098226763,0.18,0.11490335078400923
1778154708.6229634,tb3,1.0079295799465973,-1.699931813187994,0.11719280830710324,0.18318342769738175
1778154708.6240244,tb7,0.6473803832009748,-0.9930255517020394,0.08513073237699226,0.29278190890888717
1778154708.6487756,tb2,-0.6476291759525765,-2.064985266518413,0.18,-0.0779969732706093
1778154708.6488607,tb1,-0.16294936217026615,-2.17377143523443,0.18,0.10987349270713617
1778154708.673269,tb3,1.0100077729107086,-1.6945106501470635,0.11566909928078595,0.1894175937924491
1778154708.6740675,tb7,0.6443664221541383,-0.9902157292355417,0.07693648533121586,0.13305378081053307
1778154708.6987536,tb2,-0.6389140385986483,-2.0625798698600555,0.18,-0.05740059218392779
1778154708.6988635,tb1,-0.15494647969085393,-2.1697657734192672,0.18,0.10561729242921068
1778154708.7230392,tb3,1.0100077729107086,-1.6945106501470635,0.12934752291267607,0.37164814284436654
1778154708.7241037,tb7,0.6443664221541383,-0.9902157292355417,0.11032379970721042,0.2350946994827216
1778154708.748796,tb2,-0.6301997401181668,-2.0602116146810365,0.18,-0.03949629584537609
1778154708.7490115,tb1,-0.14696374504684806,-2.165715101352594,0.18,0.09991318174455271
1778154708.772998,tb3,1.0119985756987548,-1.6891656891125526,0.12670610501809768,0.3565567134034903
1778154708.774175,tb7,0.641544296601109,-0.9876413746569316,0.11074078272956717,0.2303779822959024
1778154708.7986882,tb2,-0.6214877439164962,-2.057870405290396,0.17999999999999997,-0.021215581265070997
1778154708.7988572,tb1,-0.1390002307136799,-2.161621431987193,0.18,0.10298187753692775
1778154708.8231018,tb3,1.0140565077809152,-1.6833277748375768,0.12162070524184149,0.29055247850858834
1778154708.8241506,tb7,0.6379139164982625,-0.9843934485949105,0.1056431510486906,0.23335795855504507
1778154708.8487456,tb2,-0.6127801460269976,-2.055547372539366,0.18000000000000002,-0.004162339774932373
1778154708.848881,tb1,-0.1310573912535875,-2.1574874897864675,0.18,0.10950081375251401
1778154708.8729916,tb3,1.0160104188679453,-1.6775080078351703,0.11698905872313724,0.2359472401689427
1778154708.8741617,tb7,0.6338744109811139,-0.980859671067858,0.09411881974229387,0.0836007805386766
1778154708.8987734,tb2,-0.6040794738854425,-2.0532335032692592,0.18,0.010273912353505105
1778154708.8989458,tb1,-0.12313898445800216,-2.1533131511599786,0.18,0.1125039242140015
1778154708.9229753,tb3,1.0177995212755528,-1.6719036755982397,0.11325257283767184,0.20057210122024552
1778154708.924072,tb7,0.6300705017083865,-0.9776056588966706,0.08744375478073808,0.09035966117390624
1778154708.948873,tb1,-0.11524525569984426,-2.1490958426278604,0.18,0.08091535896824475
1778154708.9492977,tb2,-0.5953858273422548,-2.0509206618911358,0.18,0.008907100896785538
1778154708.9729683,tb3,1.0194570882997183,-1.6664770176984498,0.10997145271444601,0.17502617806268556
1778154708.9740944,tb7,0.6266085634824483,-0.9746782688988236,0.08293927418475532,0.10111930421991766
1778154708.9988313,tb1,-0.11524525569984426,-2.1490958426278604,0.18,0.07867269799477525
1778154708.9987423,tb2,-0.5953858273422548,-2.0509206618911358,0.18,0.001345809408433029
1778154709.0229692,tb3,1.0210037189626207,-1.6612059734670321,0.10706783993875486,0.15623117572976497
1778154709.0241377,tb7,0.6233763314231874,-0.9719703969150111,0.08017228788836023,0.10753901145494474
1778154709.0488172,tb2,-0.5866932820491209,-2.0486036588782293,0.18,0.013273406740498046
1778154709.0490222,tb1,-0.10736028239728916,-2.144833788818673,0.18,0.08035133473510503
1778154709.073059,tb3,1.022463392884198,-1.656065760891071,0.10452251251315801,0.14289456726948102
1778154709.0741096,tb7,0.6202754591802917,-0.9693992876779388,0.07830491871621861,0.11139803160680563
1778154709.0988476,tb2,-0.5779984776250253,-2.0462837836386565,0.18,0.026063078553746306
1778154709.0990577,tb1,-0.09949103029306111,-2.140539623057763,0.18,0.08148352790967954
1778154709.12298,tb3,1.0238465962556658,-1.6510472292935643,0.10224234061705113,0.13327773121499487
1778154709.1241164,tb7,0.6172587260008469,-0.9669253780978471,0.07700826221270199,0.11364362069216744
1778154709.1486776,tb2,-0.569310556914524,-2.043961661873815,0.18,0.03738911504661862
1778154709.1488519,tb1,-0.09163965652564139,-2.1362145344303642,0.18,0.08176104534879006
1778154709.1729984,tb3,1.0251610231316055,-1.6461439105526106,0.10029633799671166,0.127737896976808
1778154709.1740808,tb7,0.6142950924960513,-0.9645227162193809,0.07599637124361788,0.11502970252245548
1778154709.1988666,tb1,-0.0838062858305019,-2.1318578381246707,0.18,0.0812798426461537
1778154709.1987565,tb2,-0.5606311927149541,-2.0416312340058393,0.18,0.04705649100001307
1778154709.2230747,tb3,1.0264174371492205,-1.6413306280648987,0.0985714896956882,0.12450807871190331
1778154709.2241359,tb7,0.6113620810706076,-0.9621725343882256,0.07517407047405088,0.11588483244653922
1778154709.248733,tb2,-0.551960735787849,-2.039286760386968,0.18000000000000002,0.05557063464870272
1778154709.2489147,tb1,-0.0759907869186361,-2.1274691996754087,0.18,0.08054307446410747
1778154709.2730496,tb3,1.027621581628382,-1.6365950535309746,0.08494168954113321,0.21234044801309743
1778154709.274098,tb7,0.6084502561524933,-0.9598668119327248,0.07438709120283968,0.11655447023161236
1778154709.2987268,tb2,-0.5432997370401395,-2.036923677253977,0.18,0.06307444599116996
1778154709.2988977,tb1,-0.06819297490235382,-2.123048685649807,0.18,0.07981922634913094
1778154709.323025,tb3,1.0286336989162945,-1.632475582975123,0.08462372937636026,0.20021601642565054
1778154709.3241048,tb7,0.605557812114611,-0.9576036742475812,0.07319888644437976,0.11807701035505078
1778154709.3486958,tb2,-0.534648868036358,-2.03453803679414,0.18,0.06867992624376804
1778154709.3488784,tb1,-0.06041275206963732,-2.118596599206021,0.18,0.07851119306956843
1778154709.3729777,tb3,1.0295799880174437,-1.628442734480571,0.0843025391572474,0.18813516359596738
1778154709.374096,tb7,0.602698369221343,-0.9553932847158974,0.07218809632243343,0.1190892674717216
1778154709.3987007,tb2,-0.5260084446854857,-2.0321263215647973,0.18,0.07351201241901534
1778154709.3988345,tb1,-0.05264998464282272,-2.1141132743013245,0.18,0.07717158130224246
1778154709.423028,tb3,1.0304846477737784,-1.6244116625159601,0.0863204845170667,0.20690045307638993
1778154709.4240112,tb7,0.5998688705340498,-0.9532327604327168,0.07137521265207053,0.11954265230619998
1778154709.4487057,tb2,-0.517378673649946,-2.0296858012662424,0.18,0.07790309515475323
1778154709.4488947,tb1,-0.04490436077712384,-2.1095991708780137,0.18,0.07591570408592271
1778154709.4730551,tb3,1.0304846477737784,-1.6244116625159601,0.09852001060431465,0.361861520721474
1778154709.4742632,tb7,0.5970604305479422,-0.9511147513076889,0.07467620785533532,0.11037791443207237
1778154709.49869,tb2,-0.5087599469138553,-2.0272142439776877,0.17999999999999997,0.08214910095089564
1778154709.4989007,tb1,-0.037175709769844044,-2.105054893334654,0.18,0.075054280512176
1778154709.523038,tb3,1.0313676593681436,-1.6202866733920438,0.09763775189980395,0.3404303561229804
1778154709.5241213,tb7,0.5970604305479422,-0.9511147513076889,0.097865018243852,0.21933515165831663
1778154709.548673,tb2,-0.5001528061546677,-2.02470971028937,0.18,0.08734183257926081
1778154709.5488725,tb1,-0.0294639558003492,-2.100481039253105,0.18,0.07652960762542883
1778154709.5730348,tb3,1.0322822651950296,-1.6156935507413992,0.09342932533096177,0.2696128617907683
1778154709.5740564,tb7,0.5941121030727435,-0.9489175553715444,0.09652543488094129,0.22044343674307854
1778154709.598751,tb2,-0.4915581160028869,-2.0221703777277087,0.18,0.0935253651212
1778154709.5988557,tb1,-0.02176960250728923,-2.095878226300815,0.18,0.08465836709711311
1778154709.6229928,tb3,1.0331241900181145,-1.6110456370506454,0.08994518639199997,0.21188456461790023
1778154709.6240873,tb7,0.5904707041206704,-0.9462516441288713,0.09100711873697506,0.2276835001531845
1778154709.6487148,tb2,-0.48297726040367234,-2.0195941230428778,0.18000000000000002,0.09928396895053365
1778154709.6489084,tb1,-0.01409522918380356,-2.0912467696483623,0.18,0.09361720857277261
1778154709.6731558,tb3,1.0338663232088112,-1.6065674311851241,0.08803201978816216,0.1784815596578257
1778154709.6742647,tb7,0.5866401983499615,-0.9435099189806355,0.08426293538901308,0.23873799257621303
1778154709.698616,tb2,-0.4744113905290767,-2.016978300521333,0.18,0.10384865589107323
1778154709.698856,tb1,-0.006444389750351121,-2.0865845650744888,0.18,0.09903019008248434
1778154709.723058,tb3,1.0345331274207483,-1.602230745527449,0.08677769575594624,0.15632991888077674
1778154709.7241833,tb7,0.5830390285060337,-0.9409931877945281,0.07518643599580228,0.08596757464070764
1778154709.7487445,tb2,-0.4658609845221716,-2.0143203207949236,0.18,0.10727516229603477
1778154709.748944,tb1,0.001181649938909649,-2.0818879063204503,0.18,0.10078502117966974
1778154709.7730372,tb3,1.035148108966169,-1.5979649521395465,0.0856835816604311,0.13781960852943329
1778154709.7742262,tb7,0.5797064087559702,-0.9387211073448052,0.07191397912385225,0.08471441805241178
1778154709.7986636,tb2,-0.4573264613496102,-2.011618086108066,0.18,0.10272826449598178
1778154709.7989888,tb1,0.00878307507432649,-2.077154113555756,0.18,0.0719162495008921
1778154709.8230755,tb3,1.0357209182825444,-1.593752619637038,0.08459421603059462,0.12061516279170527
1778154709.8241646,tb7,0.5766673812065748,-0.9366778455780207,0.06990070574917696,0.09002015693729035
1778154709.848751,tb2,-0.4573264613496102,-2.011618086108066,0.18,0.08808225677498592
1778154709.8489218,tb1,0.00878307507432649,-2.077154113555756,0.18,0.06764008722146615
1778154709.873011,tb3,1.036257704857926,-1.5895909395889207,0.08366794889222473,0.10629775029132281
1778154709.8741422,tb7,0.5737527310184563,-0.9347364197199161,0.06872345562117055,0.09311969517461963
1778154709.8987694,tb2,-0.4488039810610947,-2.0088703758320143,0.18,0.09114532105858124
1778154709.898923,tb1,0.016374449912695137,-2.0723807185795353,0.18,0.070039343675783
1778154709.9229367,tb3,1.0367641392835911,-1.5854727010225391,0.0829393213750799,0.09498788526883538
1778154709.9241004,tb7,0.5709010642155502,-0.9328555668183266,0.06791239942027294,0.09497549635401784
1778154709.9492145,tb2,-0.440289067260916,-2.006080947898499,0.18,0.09567980174904948
1778154709.9493258,tb1,0.02395092578896969,-2.0675799521552363,0.18,0.07264572738793487
1778154709.9731486,tb3,1.037244877699461,-1.5813902949294212,0.0824825178029895,0.08732345816088219
1778154709.974302,tb7,0.5680851043185168,-0.9310171678244059,0.06738504106062396,0.0959586571406976
1778154709.9987178,tb2,-0.43178850267685803,-2.0032535501072766,0.18,0.10024367469206069
1778154709.998858,tb1,0.031509649164028625,-2.062753539354881,0.18,0.07537983999488752
1778154710.023081,tb3,1.037244877699461,-1.5813902949294212,0.09751021126434244,0.25703162399975515
1778154710.0242312,tb7,0.5680851043185168,-0.9310171678244059,0.09359581218188201,0.19690006362191215
1778154710.0487354,tb2,-0.4233035668153111,-2.000386467638511,0.18,0.1041136012705029
1778154710.048938,tb1,0.03904978792867664,-2.0579005203644813,0.18,0.07746529338253118
1778154710.0732028,tb3,1.0377042530443885,-1.5773289214094932,0.09709607873675893,0.25000789247679867
1778154710.0741913,tb7,0.5652881051036645,-0.9292101406589951,0.09288211518629574,0.19703693359281704
1778154710.0987587,tb2,-0.41483521470686147,-1.9974776453679488,0.18,0.11024212839679084
1778154710.0989091,tb1,0.046570549862764606,-2.0530198422804067,0.18,0.08763247539145644
1778154710.1230419,tb3,1.0381858165114792,-1.57270355293391,0.0935482973046575,0.19922918355554825
1778154710.124233,tb7,0.5616966038075596,-0.9269288692728086,0.08799997954973757,0.2048615928455624
1778154710.1487603,tb2,-0.406385079892689,-1.9945250242071297,0.17999999999999997,0.11633972605425527
1778154710.1488416,tb1,0.054068388044368185,-2.0481111004054355,0.18,0.0987414732344984
1778154710.1730707,tb3,1.0386142772742537,-1.5680329290092538,0.09026025265660054,0.15380515145987153
1778154710.1741197,tb7,0.5578952432561716,-0.9245648933818124,0.0775080617022891,0.058754350603408
1778154710.1989164,tb1,0.054068388044368185,-2.0481111004054355,0.18,0.06709695064798211
1778154710.1988523,tb2,-0.406385079892689,-1.9945250242071297,0.18,0.09464147295198547
1778154710.2230442,tb3,1.038981178875969,-1.5635347466121512,0.0877052587139154,0.11996223747065926
1778154710.2241452,tb7,0.5544029815438095,-0.9224371676734134,0.07282832993834754,0.0666982411805361
1778154710.2487667,tb2,-0.3979543090181239,-1.9915257101270338,0.18,0.09923017166145405
1778154710.2489212,tb1,0.06153923153140349,-2.043170641804253,0.18,0.07365355836020727
1778154710.273108,tb3,1.0393039009973837,-1.5591724623891132,0.08565260074850269,0.0937994855206066
1778154710.2742393,tb7,0.5512342810969141,-0.9205234307454014,0.06975853011211465,0.0762096232369974
1778154710.298913,tb2,-0.389531047407349,-1.9884795057563798,0.18,0.10566763286650582
1778154710.2990997,tb1,0.06900054684527715,-2.0381928665134708,0.18,0.08194281059818638
1778154710.3229492,tb3,1.0395942601001593,-1.5549200098911589,0.0840383367481229,0.07385404440311794
1778154710.3241954,tb7,0.54823648662548,-0.9187271816335896,0.06769784505855284,0.08233649506791292
1778154710.3486922,tb2,-0.3811252890892891,-1.9853929046131387,0.18,0.111256639361918
1778154710.3488727,tb1,0.07644089120086352,-2.0331902557753376,0.18,0.0879116819009436
1778154710.3731103,tb3,1.0395942601001593,-1.5549200098911589,0.09914701479997755,0.2373803863582724
1778154710.374264,tb7,0.5453432916981052,-0.9170091018414087,0.06983865378670312,0.07650674443231309
1778154710.3988657,tb2,-0.3727386516587119,-1.9822633465861277,0.18,0.11568248437769921
1778154710.3989816,tb1,0.08385795606402606,-2.0281597041499584,0.18,0.09164066622288805
1778154710.4230616,tb3,1.0398609867151964,-1.5507497070562921,0.09794058994011291,0.22268515098810526
1778154710.4242268,tb7,0.5453432916981052,-0.9170091018414087,0.09172799113719547,0.18459377073254665
1778154710.448734,tb2,-0.3643719351789536,-1.9790881445921904,0.18000000000000002,0.12126819416001132
1778154710.4489007,tb1,0.09125085625114703,-2.0230981159851837,0.18,0.0966863831904172
1778154710.4731507,tb3,1.0401247931897883,-1.5460418504697848,0.092908276788332,0.15896500752857862
1778154710.474264,tb7,0.5423505904113594,-0.915248366939178,0.09005869896948934,0.18779514444459508
1778154710.498691,tb2,-0.35602646993325565,-1.9758650695070679,0.18,0.1277938886743678
1778154710.498797,tb1,0.0986182122108945,-2.018003659127146,0.18,0.10875485929476414
1778154710.5230045,tb3,1.0403374434390367,-1.54131524107798,0.08902275032440934,0.11035931477693739
1778154710.5242028,tb7,0.5385622879859489,-0.9130571953366536,0.08379712717773828,0.20065900321075925
1778154710.5488477,tb2,-0.3477038959563013,-1.97259167224875,0.18,0.11738431776688205
1778154710.5491254,tb1,0.10595567081536503,-2.012875011269585,0.18,0.08363002816995263
1778154710.5729737,tb3,1.0405020679773154,-1.5368060683903095,0.08659486833642363,0.08064065962565059
1778154710.5741274,tb7,0.5348113585560281,-0.9109337689268385,0.07335971009280268,0.05652818840332249
1778154710.5987978,tb2,-0.3477038959563013,-1.97259167224875,0.18,0.11115376453288697
1778154710.5989583,tb1,0.10595567081536503,-2.012875011269585,0.18,0.08749176881890418
1778154710.623036,tb3,1.0406357665014347,-1.5324626998214261,0.08484328286642048,0.060065184811339656
1778154710.6241324,tb7,0.5314083832488096,-0.909047533763228,0.06902128630366114,0.0637815025486482
1778154710.6487527,tb2,-0.33939783441053223,-1.9692657867443617,0.18,0.116720860393984
1778154710.6489909,tb1,0.11327631408235916,-2.0077053551131323,0.18,0.09774949410512797
1778154710.6730754,tb3,1.0407496287908666,-1.5282176761365134,0.08330046864702001,0.04264674622106013
1778154710.6741073,tb7,0.528327670521684,-0.9073552283793727,0.0661777755648327,0.07281116348221708
1778154710.698883,tb2,-0.33110863869953383,-1.9658916357024694,0.18,0.12238000097266286
1778154710.6990156,tb1,0.12057290564549701,-2.0025055386644715,0.18,0.10443757017614169
1778154710.722933,tb3,1.0408496961701754,-1.5240577410285365,0.0779432671574597,-0.015030623581675402
1778154710.7241123,tb7,0.5254200905921743,-0.9057706824257902,0.0644367641036193,0.07815929828794257
1778154710.74881,tb2,-0.3228417506696786,-1.9624708065604786,0.18,0.12699962776789822
1778154710.748946,tb1,0.12784087552902787,-1.997273840206498,0.18,0.10801262576367805
1778154710.7730472,tb3,1.0408496961701754,-1.5240577410285365,0.09697911265151986,0.18672405718675977
1778154710.7742388,tb7,0.5254200905921743,-0.9057706824257902,0.08922995896970151,0.1760575382585568
1778154710.798795,tb2,-0.3145983725396683,-1.959000671124536,0.18,0.13013304338592518
1778154710.7989302,tb1,0.1350794056398585,-1.9920062146583175,0.18,0.10943867360410718
1778154710.8229816,tb3,1.0409404880811846,-1.5201619475934334,0.09715452669212839,0.19125113869541788
1778154710.8241618,tb7,0.5226105093737506,-0.9042534091518161,0.08771028108468425,0.17907904042545852
1778154710.848651,tb2,-0.3063789745067282,-1.955478923181729,0.18,0.1364529275910365
1778154710.8489027,tb1,0.14228843040988148,-1.9867003258728397,0.18,0.11982086641388888
1778154710.8730242,tb3,1.041024872230832,-1.5155203055580486,0.09323874672353556,0.14247604668866404
1778154710.8741057,tb7,0.5189718569283445,-0.9023206130679395,0.08227627954655145,0.19028847025154896
1778154710.8988445,tb2,-0.29818528025473495,-1.9519041496951477,0.18,0.1426169507608878
1778154710.8989508,tb1,0.14946469781789912,-1.981356216792593,0.18,0.13030846748362815
1778154710.9230282,tb3,1.0410671342694544,-1.510796913086548,0.08919058160502828,0.09373911054297983
1778154710.924211,tb7,0.515216217490477,-0.9003673301887498,0.07190299742728537,0.04796869419484175
1778154710.9487898,tb2,-0.29001939407987565,-1.948273973472016,0.18,0.14712198371012378
1778154710.948931,tb1,0.15660366358337915,-1.9759711088341425,0.18,0.1356842031275053
1778154710.9731326,tb3,1.0410740129138665,-1.5062743326471308,0.08611316260941423,0.05811862276586359
1778154710.974218,tb7,0.5117711489733677,-0.8986138246620461,0.06744615186468438,0.055153518584968864
1778154710.9988124,tb2,-0.29001939407987565,-1.948273973472016,0.18,0.12498820379757544
1778154710.998853,tb1,0.15660366358337915,-1.9759711088341425,0.18,0.10568501587031681
1778154711.022988,tb3,1.041060037356641,-1.5019313457777506,0.0837479284306173,0.03189313930098405
1778154711.0241857,tb7,0.5086852776968812,-0.8970575891345581,0.06455421610162218,0.06482255356698341
1778154711.0489268,tb1,0.16370546544204828,-1.9705398450980807,0.18,0.10694039647267503
1778154711.0488753,tb2,-0.28188117942671576,-1.9445854545358778,0.18,0.12799638039718744
1778154711.0729954,tb3,1.0410351000161258,-1.497724255276809,0.08214030194780922,0.01473173059816744
1778154711.074029,tb7,0.505779864503618,-0.8956028363405217,0.06268619293321857,0.07094234606816137
1778154711.0987916,tb2,-0.273760123035433,-1.940839101317726,0.18,0.13312631405189124
1778154711.0990007,tb1,0.1707846426952254,-1.9650597925251367,0.18,0.1109686859284183
1778154711.123004,tb3,1.0410054588389883,-1.4936137823718258,0.08206508433409059,0.014549097483076414
1778154711.1240733,tb7,0.5029872533902029,-0.8942163334408754,0.06154923223859802,0.07447355008606144
1778154711.1488101,tb2,-0.26566482069178304,-1.9370417659597212,0.18,0.13740425331521053
1778154711.148971,tb1,0.17783355158661807,-1.9595426335050778,0.18,0.1136778948063566
1778154711.1731086,tb3,1.0410054588389883,-1.4936137823718258,0.09562942155846171,0.15782048484753847
1778154711.1741786,tb7,0.5029872533902029,-0.8942163334408754,0.08543864554101548,0.17157509316371303
1778154711.198826,tb2,-0.25759715250457443,-1.933191788784909,0.18,0.141003975706007
1778154711.1989489,tb1,0.1848504272812593,-1.9539876551206927,0.18,0.11546005502082898
1778154711.2231288,tb3,1.040972586309259,-1.489516301181399,0.09429575979229075,0.14421876797812633
1778154711.224171,tb7,0.5002432590408185,-0.8928666560789591,0.08448142330732004,0.1728209089853833
1778154711.248696,tb2,-0.2495579626889933,-1.9292871559039213,0.18,0.1475970899368442
1778154711.2488978,tb1,0.19183472342916674,-1.9483935090666635,0.18,0.12674832605698763
1778154711.2730696,tb3,1.0409104911961835,-1.484843121523773,0.09032908379973316,0.096735669530214
1778154711.2741964,tb7,0.49662726992632483,-0.8911188138109637,0.07925635587996036,0.18398030469822274
1778154711.2986174,tb2,-0.24154952110673786,-1.925326416757871,0.18,0.1357244187209314
1778154711.2988124,tb1,0.19878220098501456,-1.9427605682839133,0.18,0.1005848181042389
1778154711.323046,tb3,1.0408169960657296,-1.4802646182860721,0.08707230552145881,0.058632976179657445
1778154711.324134,tb7,0.4929702909470728,-0.8893892455178558,0.06926455840968912,0.04257455591082423
1778154711.3487518,tb2,-0.24154952110673786,-1.925326416757871,0.18,0.13106886236128942
1778154711.3489635,tb1,0.19878220098501456,-1.9427605682839133,0.18,0.10737998645867908
1778154711.373056,tb3,1.0407054884053504,-1.4758658531618951,0.08464287386408151,0.03128961801169892
1778154711.3741949,tb7,0.4896300752781296,-0.8878428103380048,0.06517038582566173,0.05027493761309322
1778154711.3987622,tb2,-0.23356538234906246,-1.9213068934565376,0.18,0.13718073669471975
1778154711.3989103,tb1,0.205705302000501,-1.9370816953742327,0.18,0.11845976420959077
1778154711.4229662,tb3,1.0405855239187092,-1.4716079411844212,0.08275244098432179,0.010840627426082694
1778154711.424069,tb7,0.4866137147934249,-0.8864575775614888,0.06238882011346746,0.059778092131755785
1778154711.4487598,tb2,-0.22560651218323302,-1.9172334184552167,0.18,0.14312847713619778
1778154711.4489586,tb1,0.21259620157541892,-1.9313687296795305,0.18,0.12517351368252638
1778154711.4729545,tb3,1.0404628066131376,-1.4674513912425702,0.08140615396985638,-0.003173582381348298
1778154711.4740922,tb7,0.4837581455560407,-0.8851553275605696,0.0606162813050205,0.06577379221869468
1778154711.4988582,tb2,-0.21767800254683675,-1.9131075391985923,0.18,0.14775975082258067
1778154711.4990892,tb1,0.21945036319434444,-1.9256195181812144,0.17999999999999997,0.12839548285186675
1778154711.522976,tb3,1.0403410864066065,-1.4633704913417105,0.0835435844987512,0.021272700744797417
1778154711.5240479,tb7,0.4810068978232891,-0.8839109734151558,0.0639197080449639,0.22202803652722414
1778154711.5489228,tb1,0.22626669662123972,-1.9198298942110001,0.18,0.1296927694556341
1778154711.5488162,tb2,-0.20978145418153823,-1.9089268369851486,0.18,0.15134441757796074
1778154711.573163,tb3,1.0403410864066065,-1.4633704913417105,0.09459205014669589,0.13962763520670657
1778154711.5742095,tb7,0.4810068978232891,-0.8839109734151558,0.0824149970083893,0.1657951589765599
1778154711.59875,tb2,-0.20191789005820723,-1.9046890350842258,0.18,0.15481349380624698
1778154711.5990148,tb1,0.23304489797798095,-1.9139975484107883,0.18000000000000002,0.1314206080699494
1778154711.623157,tb3,1.0402147049879844,-1.459207276439872,0.09298799289328942,0.12254903303167129
1778154711.624168,tb7,0.4781761097284113,-0.8826550306509904,0.08187580776322498,0.16100311156949224
1778154711.6489196,tb1,0.23978445401474655,-1.9081217811446303,0.17999999999999997,0.1420380095520922
1778154711.648837,tb2,-0.19408828521516414,-1.9003924872520566,0.18,0.16086163587563157
1778154711.6732068,tb3,1.0400521185982576,-1.4545744272146899,0.08931113113872416,0.07821484959555043
1778154711.6741562,tb7,0.4745574382060326,-0.8810890660995435,0.07658133987952061,0.17321065257989252
1778154711.6987305,tb1,0.24648092560893592,-1.9022033767565352,0.18,0.15084808055421597
1778154711.6986473,tb2,-0.18629505491121007,-1.8960360023673966,0.18,0.1588407273338779
1778154711.723062,tb3,1.039865842527446,-1.4500527113497164,0.08633075897893248,0.04312990143830981
1778154711.7241538,tb7,0.47095346712905406,-0.8795637150740496,0.06663100512957758,0.029417119286865162
1778154711.7488704,tb2,-0.18629505491121007,-1.8960360023673966,0.18,0.14344972884820373
1778154711.749324,tb1,0.24648092560893592,-1.9022033767565352,0.18,0.12203686294816656
1778154711.7730937,tb3,1.039668720074671,-1.4456906744312747,0.08413246653179167,0.018145198211436345
1778154711.7741547,tb7,0.4676702381574284,-0.8782035422643026,0.0627753565615297,0.03725197819275647
1778154711.798671,tb2,-0.17853601481670206,-1.8916169146728092,0.18,0.14791122789418104
1778154711.7988575,tb1,0.25313137246060224,-1.8962385832537527,0.18,0.12626589666838892
1778154711.8229947,tb3,1.039469226536076,-1.4414653146956737,0.08246954203280839,3.543839376464117e-05
1778154711.8241045,tb7,0.46472489329756733,-0.8769917846538652,0.06033240408450148,0.04646995744618916
1778154711.8487868,tb2,-0.1708051321145671,-1.8871368613307546,0.18,0.15323938077325605
1778154711.8489223,tb1,0.25975016041613813,-1.8902218269097042,0.17999999999999997,0.13119587258577356
1778154711.872942,tb3,1.0392712203090793,-1.4373285862849179,0.07768254170867292,-0.05264674927641974
1778154711.8740852,tb7,0.4619217411948196,-0.8758451391968414,0.058727159596049176,0.05259083883137117
1778154711.8987045,tb2,-0.16310947833360104,-1.8826013314073653,0.18,0.15753186621369328
1778154711.8989596,tb1,0.26632941480955397,-1.8841652289077746,0.17999999999999997,0.1338403436216381
1778154711.9230642,tb3,1.0392712203090793,-1.4373285862849179,0.09492815071699996,0.13737349582627212
1778154711.924156,tb7,0.4619217411948196,-0.8758451391968414,0.08108437445940901,0.15268287324882096
1778154711.9492176,tb2,-0.15545088549266203,-1.8780084217525759,0.18,0.15997497004067895
1778154711.949698,tb1,0.2728674783000959,-1.8780671705027487,0.18,0.1341327686574792
1778154711.973476,tb3,1.0390892060694248,-1.4334233805621872,0.09505000431244709,0.14217347963415863
1778154711.9749248,tb7,0.4592042750742324,-0.8747417247874261,0.07999777058749974,0.15502878587749958
1778154711.9987793,tb2,-0.14783022278528862,-1.8733561390503823,0.18,0.16656673204178976
1778154711.9990172,tb1,0.27936416415561177,-1.871926015781312,0.18,0.14561936778285228
1778154712.0230641,tb3,1.038857928625838,-1.4288009916962812,0.09121733353353378,0.09463945630037457
1778154712.0242581,tb7,0.45563266022911353,-0.873316163964765,0.07461770072976631,0.16794802350033888
1778154712.0487595,tb2,-0.14025002315934249,-1.8686436149523342,0.18,0.14965975009851315
1778154712.0488095,tb1,0.2858149129654965,-1.8657430858075008,0.18,0.15512817599275522
1778154712.073101,tb3,1.038595876268596,-1.4241878385157591,0.08768567088651605,0.05162372883569773
1778154712.074207,tb7,0.4520686063444049,-0.8719250738691491,0.06495323768914994,0.025790770336732438
1778154712.0990806,tb2,-0.14025002315934249,-1.8686436149523342,0.18,0.1495461208787314
1778154712.0991368,tb1,0.2858149129654965,-1.8657430858075008,0.18,0.12733667510076713
1778154712.1230159,tb3,1.0383234873436262,-1.4197627445560799,0.08504101098584113,0.020624635915376995
1778154712.1241627,tb7,0.4488481878470356,-0.8706947758326811,0.061381793164349135,0.033351026536462304
1778154712.1489375,tb1,0.292216486815724,-1.8595146167945942,0.18,0.13153878382112602
1778154712.1488733,tb2,-0.1327017748548689,-1.8638674928488392,0.18,0.1563388518151083
1778154712.1730218,tb3,1.0380504294096855,-1.4154908028733642,0.08317778048996156,-0.000377313234156346
1778154712.17419,tb7,0.44593503998107803,-0.8695888784457722,0.059087312441175696,0.04217060069382446
1778154712.1987715,tb2,-0.12518976879707883,-1.8590351025942038,0.18,0.16212006573476076
1778154712.198855,tb1,0.29858235940909844,-1.8532343684914037,0.18000000000000002,0.1367059519877306
1778154712.222996,tb3,1.0377814972508368,-1.4113270243169809,0.08195401066631854,-0.01353304034754396
1778154712.2241104,tb7,0.4431687816666055,-0.8685445888540855,0.06221350355038527,0.20090193901652487
1778154712.248641,tb2,-0.11771805850242274,-1.854146370828828,0.18,0.1664188577326001
1778154712.2489345,tb1,0.30490543537134823,-1.8469141894529404,0.18,0.13930687142434972
1778154712.273006,tb3,1.0375180560279829,-1.4072272869793876,0.0837269230998013,0.008082877872478203
1778154712.273977,tb7,0.4403491366362894,-0.8674987087619804,0.05670717981104326,0.04194365729591507
1778154712.2989187,tb1,0.31118400830038223,-1.840552573494663,0.18,0.14174238311548457
1778154712.2988422,tb2,-0.11028813560823768,-1.8491989137913611,0.18,0.16976392253415168
1778154712.3230684,tb3,1.0375180560279829,-1.4072272869793876,0.09434865041307679,0.12768899921693316
1778154712.3241959,tb7,0.4403491366362894,-0.8674987087619804,0.07830364443513121,0.14493703998093066
1778154712.3490667,tb1,0.3174173112886933,-1.8341482718237891,0.18,0.14210691847500642
1778154712.349298,tb2,-0.10290109888110176,-1.844190928311702,0.18,0.17239663954381892
1778154712.3731668,tb3,1.037250333403585,-1.4030560658292306,0.09290826470981628,0.11208087951202518
1778154712.3741617,tb7,0.4376816863139288,-0.8665277683477848,0.07741159911045242,0.14682240584482864
1778154712.3987563,tb2,-0.09555808740659485,-1.8391212327115491,0.18,0.17841829116545294
1778154712.398935,tb1,0.32360468226883116,-1.8277005073332817,0.17999999999999997,0.1521838021834484
1778154712.42309,tb3,1.0369358647532025,-1.3984410853040334,0.0893201513235094,0.06673477364335179
1778154712.4242215,tb7,0.4342337266156677,-0.8652930508003281,0.07301891886595441,0.15708043213271483
1778154712.4486973,tb2,-0.0882613368620635,-1.833989288156952,0.18,0.1836256794511278
1778154712.4488616,tb1,0.32974313070237654,-1.8212104734355705,0.18,0.16202772753978678
1778154712.4731467,tb3,1.0365999658946734,-1.3938965362812792,0.0864270268618861,0.030694519706653423
1778154712.4743407,tb7,0.43069347253651513,-0.8640537677528449,0.06335632196929684,0.014059715639151912
1778154712.4988341,tb1,0.33582745067909636,-1.8146767172255076,0.18,0.13698089439276753
1778154712.4990287,tb2,-0.08101335664808357,-1.828793453330133,0.18,0.17927861244823648
1778154712.523175,tb3,1.0362607196564853,-1.389527588524177,0.0844949719818244,0.007523051094027074
1778154712.5241697,tb7,0.427446816521597,-0.8629430513513303,0.059601030289866325,0.021249805289819436
1778154712.5490165,tb1,0.33582745067909636,-1.8146767172255076,0.18,0.13972853852781103
1778154712.5489743,tb2,-0.08101335664808357,-1.828793453330133,0.18,0.16378076205945669
1778154712.573019,tb3,1.0359243064859622,-1.3852815920617476,0.08306478143481702,-0.008907672339551415
1778154712.5741167,tb7,0.4245511409290101,-0.8619588142340769,0.05726625370350405,0.030770271798180038
1778154712.5988052,tb2,-0.07381119837187688,-1.8235308692931516,0.18,0.1664422994661202
1778154712.598978,tb1,0.34186907428260904,-1.8080902056896948,0.18,0.14409303028372003
1778154712.6230648,tb3,1.035593335261093,-1.3811169650837378,0.06988832701030194,0.08470863003159734
1778154712.624072,tb7,0.42181317323302375,-0.8610317728772051,0.055848473235529085,0.03692221771293046
1778154712.6487029,tb2,-0.06664905789529343,-1.8182034985791928,0.18,0.17063744798594924
1778154712.6489239,tb1,0.347864227562001,-1.8014626205785007,0.18,0.14631432239873915
1778154712.6730022,tb3,1.035303613338686,-1.3775278943895641,0.06905718686662313,0.07772013450212284
1778154712.6741226,tb7,0.41916711638245263,-0.8601407118372983,0.05913665757084584,0.19511830578845005
1778154712.6987965,tb2,-0.05953257527896081,-1.8128177918335118,0.18,0.17208077425007642
1778154712.6989377,tb1,0.35381062506823385,-1.7947936790984318,0.18,0.1456738134942733
1778154712.7231693,tb3,1.035303613338686,-1.3775278943895641,0.09409143125995234,0.11734888372450852
1778154712.7242384,tb7,0.41916711638245263,-0.8601407118372983,0.07503544635422293,0.14497603517739613
1778154712.7486684,tb2,-0.05246335183919067,-1.8073727890975901,0.18,0.1727016508087423
1778154712.7488353,tb1,0.35970790077216125,-1.7880819875029825,0.17999999999999997,0.14534858538294756
1778154712.7730808,tb3,1.0350142343278421,-1.3741176744969017,0.09378398251065335,0.11077066480939896
1778154712.7741938,tb7,0.41645656986767965,-0.8592446090438907,0.07417597387797505,0.14239483824459398
1778154712.798788,tb2,-0.04544161928461675,-1.8018675085285618,0.18,0.17828932954861337
1778154712.798911,tb1,0.3655562828868922,-1.7813273313378448,0.18,0.15518977630431277
1778154712.8230052,tb3,1.034622382592746,-1.369762158023995,0.09108401951148096,0.0751043684729278
1778154712.8240943,tb7,0.41306531493124893,-0.8581543073733278,0.06991015513447268,0.15230794303481632
1778154712.848747,tb2,-0.03846966561590658,-1.7963024849180314,0.18,0.18438262641877792
1778154712.8490117,tb1,0.3713523635734272,-1.7745319587898993,0.18,0.16446279691698268
1778154712.87299,tb3,1.0341860953120383,-1.3651862480712016,0.07558742712755698,0.14200073488620465
1778154712.8740752,tb7,0.4096581713551943,-0.857085379627785,0.06104272866510866,0.005862741110384505
1778154712.8986967,tb2,-0.03846966561590658,-1.7963024849180314,0.18,0.16178519830746033
1778154712.89895,tb1,0.3713523635734272,-1.7745319587898993,0.18,0.13932225663319553
1778154712.9229705,tb3,1.0337766909541544,-1.3610866961498305,0.07298992932037762,0.11586735815624474
1778154712.9240522,tb7,0.40654448688544276,-0.8561308283510933,0.057789814189828245,0.012857198013945855
1778154712.9486423,tb2,-0.03155068965889713,-1.7906765207960083,0.18,0.1644489246594333
1778154712.9488661,tb1,0.37709117546329446,-1.7676943601470285,0.18000000000000002,0.1424131818062111
1778154712.972949,tb3,1.033389766744093,-1.3574577736928781,0.07126188082121448,0.09359773773222972
1778154712.9740329,tb7,0.40371347070617686,-0.8552666214816421,0.05526187327434629,0.023254176795763203
1778154712.9986417,tb2,-0.024672913737271585,-1.7849850209954947,0.18,0.16821662407367954
1778154712.9987981,tb1,0.3827850372393949,-1.7608054659137304,0.18,0.14604462658949882
1778154713.022951,tb3,1.032993017743478,-1.3539268054185518,0.07001359147145338,0.07778266653088164
1778154713.024085,tb7,0.40102749297953527,-0.8544488512394587,0.053590124380680455,0.030469299838686847
1778154713.0486727,tb2,-0.017842814682416018,-1.7792383497965696,0.18,0.17104534843407257
1778154713.048856,tb1,0.388429240170966,-1.7538776775126708,0.18,0.14726248905229108
1778154713.0729654,tb3,1.0325878477340071,-1.3504636270078092,0.06914268709035834,0.06704029373871179
1778154713.0740893,tb7,0.39844304826331023,-0.8536654583148375,0.05708556460751444,0.18776213866467636
1778154713.0986753,tb2,-0.011062157091150415,-1.7734360520121641,0.18,0.1729643353436604
1778154713.0987988,tb1,0.3940222301188221,-1.746910485806789,0.18,0.1466221357192338
1778154713.1229722,tb3,1.0321751447267655,-1.3470482518759177,0.06865659351912766,0.06120281854212484
1778154713.1240523,tb7,0.3958307027837862,-0.8528836001037736,0.05191458141757843,0.03194353202930562
1778154713.1486537,tb2,-0.004332021303995712,-1.7675771410608963,0.17999999999999997,0.17447269658416814
1778154713.148818,tb1,0.399563659080734,-1.7399027698819067,0.18,0.14612071532581297
1778154713.1730607,tb3,1.0317546394196828,-1.3436619537164607,0.06832805757354304,0.05733909438548215
1778154713.1740868,tb7,0.3932828817038955,-0.85214037021732,0.051470689719886435,0.030689989227950364
1778154713.1986418,tb2,0.0023467299202251934,-1.7616610178932417,0.18000000000000002,0.17549442945163318
1778154713.1988041,tb1,0.40505367046497615,-1.7328543366020328,0.18,0.1449303692262919
1778154713.222927,tb3,1.0313262488787855,-1.340294895338334,0.06799344063609204,0.053616952807184676
1778154713.2240021,tb7,0.3908188027917042,-0.8514265468797272,0.05566816578163241,0.18619825341322976
1778154713.2486668,tb2,0.008973241986288866,-1.7556874420816289,0.18,0.1760676381454991
1778154713.2487924,tb1,0.4104922057907561,-1.7257656935422039,0.18,0.14290859836472028
1778154713.27292,tb3,1.0308904420452074,-1.3369444944354152,0.0679368828930529,0.0531475045654815
1778154713.2740252,tb7,0.3882595255847057,-0.8506972831915864,0.0,-0.0
1778154713.2986422,tb2,0.015546848765548387,-1.7496562986211321,0.18,0.176764513235114
1778154713.2988548,tb1,0.41587956094880685,-1.7186372524755273,0.18,0.14246857025350254
1778154713.322901,tb3,1.030446357910792,-1.3336003839284118,0.06556505373722185,0.02509858737825164
1778154713.3240225,tb7,0.38769135005168237,-0.8505309662453128,0.06647601420717167,0.14644170164665166
1778154713.3487415,tb2,0.022066929972537022,-1.7435677406881118,0.18,0.17216122220315716
1778154713.3488026,tb1,0.42121610410386395,-1.7114698218491748,0.18,0.11601756514002562
1778154713.3728824,tb3,1.030007670540254,-1.330348006647667,0.0641784250181822,0.009209526828066108
1778154713.3740172,tb7,0.38687445997864134,-0.8503076550290135,0.07636632003691893,0.11127218375470137
1778154713.3986447,tb2,0.028533477701890124,-1.7374215850242363,0.18,0.16802202430935917
1778154713.3987834,tb1,0.42650471483389985,-1.7042614839360457,0.18,0.09411895196067058
1778154713.4229517,tb3,1.0295752184489755,-1.3271637420612306,0.06598258370863457,0.031883875487500636
1778154713.4240358,tb7,0.3838245368552842,-0.849488424841341,0.07308459046540738,0.11862828672189886
1778154713.4486833,tb2,0.03494813371088044,-1.7312184241876576,0.18,0.17009941820863506
1778154713.448874,tb1,0.4317567113769747,-1.6970126652873456,0.18,0.10780585150621066
1778154713.4728856,tb3,1.0291311094176085,-1.3239179661826965,0.06781634047139418,0.054683589014183666
1778154713.474025,tb7,0.38032243294739065,-0.84856781078081,0.06242896447710037,-0.019567111663525184
1778154713.4986498,tb2,0.04131073039185602,-1.7249607123643762,0.18,0.17403979979898593
1778154713.498795,tb1,0.43697481988410664,-1.6897346929629766,0.18,0.1306274834975965
1778154713.5229158,tb3,1.0286685864056848,-1.3205910297927879,0.06858315922386636,0.0638668221071438
1778154713.5239918,tb7,0.37723811166449267,-0.8477663751737283,0.05805172935133711,-0.0033416399192975205
1778154713.54865,tb2,0.04761894373001368,-1.718650023833716,0.17999999999999997,0.17683334084539454
1778154713.5488057,tb1,0.44214902724397737,-1.6824352342284496,0.18,0.1449199995756955
1778154713.5730777,tb3,1.0281906341210985,-1.3172263572634515,0.06960228597699832,0.07569978186767992
1778154713.5740767,tb7,0.37441028371596524,-0.8470298153957606,0.05973861694814358,0.15978664905392792
1778154713.5988324,tb1,0.4472711664438652,-1.6751098388393555,0.18,0.1521516050718244
1778154713.5986507,tb2,0.05387099709976152,-1.7122859047711032,0.18,0.17863698042919235
1778154713.6229727,tb3,1.0281906341210985,-1.3172263572634515,0.08142101458229997,0.187388171948039
1778154713.6240597,tb7,0.37441028371596524,-0.8470298153957606,0.07359024412227058,0.11624144860096303
1778154713.6486526,tb2,0.06006585287165736,-1.705867590011403,0.18000000000000002,0.180325933955106
1778154713.6489375,tb1,0.45233765590400804,-1.6677520204991947,0.18,0.15723357788931674
1778154713.673005,tb3,1.0276942829203188,-1.3138180042351755,0.08125845222451093,0.18448116484050672
1778154713.6741192,tb7,0.37158774959735796,-0.8463064391922406,0.07186544087814323,0.11739545558255582
1778154713.6986907,tb2,0.06620256064725641,-1.6993948021269436,0.18,0.18567704625296824
1778154713.6988413,tb1,0.45734650265761656,-1.6603583368394088,0.18,0.17083082398531946
1778154713.723022,tb3,1.027102514694008,-1.3099414261161628,0.07866843870881911,0.14791732215466705
1778154713.7241354,tb7,0.3681715894572047,-0.8454554300351463,0.0669179439970936,0.13008735945742333
1778154713.7488766,tb1,0.4622936478968521,-1.6529289972576264,0.18,0.18236310387946864
1778154713.7488482,tb2,0.07227915020893912,-1.6928680097443178,0.17999999999999997,0.19077134687407116
1778154713.7730422,tb3,1.0264684036592415,-1.3060281628588577,0.07594786254121955,0.11121597972866307
1778154713.774196,tb7,0.3647606218032361,-0.8446265819924925,0.05748296625283651,-0.012201959741003233
1778154713.798688,tb2,0.07829289944456752,-1.6862866800394025,0.18,0.1938483982638563
1778154713.7988632,tb1,0.4671731927753872,-1.6454622070549187,0.18,0.18656844353320262
1778154713.822982,tb3,1.0258249494022027,-1.3022465534523402,0.07383889523037536,0.08401533522196804
1778154713.8240654,tb7,0.3616390220148279,-0.8438880443693499,0.05408247210810062,-0.006839319914098956
1778154713.8488955,tb2,0.08424213697980282,-1.679649407441539,0.18,0.16997556275616624
1778154713.8491118,tb1,0.4719824901246753,-1.6379536507932757,0.18,0.14046494637950085
1778154713.872976,tb3,1.0251823226072192,-1.2985981195770553,0.07231014500943332,0.06533061718941634
1778154713.8740747,tb7,0.3589097475765248,-0.8432460916526685,0.05219524408628285,0.0021009858044515953
1778154713.8988917,tb2,0.08424213697980282,-1.679649407441539,0.17999999999999997,0.17314841408880446
1778154713.8989298,tb1,0.4719824901246753,-1.6379536507932757,0.18,0.16274312644072086
1778154713.9230294,tb3,1.0245393098920188,-1.295035462801769,0.071287578515799,0.05343632607500398
1778154713.924111,tb7,0.3563206184726919,-0.842636275065153,0.05562854812119428,0.16144399156629857
1778154713.9489844,tb2,0.09013723184019341,-1.6729506925743807,0.18,0.1770424045403324
1778154713.9493365,tb1,0.4767402992826886,-1.6303894159328707,0.18,0.16701402891837372
1778154713.973143,tb3,1.023895154363406,-1.2915318039801844,0.07072023353067906,0.047344410602402895
1778154713.9742205,tb7,0.35373715003875994,-0.8420315221185609,0.0,-0.0
1778154713.998705,tb2,0.09597395274096973,-1.6662024150640404,0.18,0.180590548260116
1778154713.9988513,tb1,0.4814356065266956,-1.6227970509128555,0.18,0.16695277962001376
1778154714.023079,tb3,1.0232484359234355,-1.2880660937215114,0.06878504620376859,0.025150699172571712
1778154714.0241494,tb7,0.3525357650240259,-0.8417517083604213,0.0625396495852238,0.13588488214798672
1778154714.0486953,tb2,0.10175009507311777,-1.6594046713263009,0.18,0.1790972228939613
1778154714.0488112,tb1,0.486067121597274,-1.6151678019922273,0.18,0.14425030847433504
1778154714.0729675,tb3,1.0226078501494924,-1.2846720093455473,0.06660152867744083,0.000248605909010588
1778154714.0741968,tb7,0.3520063096620495,-0.841639095900011,0.07404231893964626,0.09730274067652776
1778154714.0987926,tb2,0.10746431401131483,-1.6525564158224855,0.18,0.17464310700955898
1778154714.0989356,tb1,0.4906366416444549,-1.6074979112413108,0.18,0.11129683570597555
1778154714.123189,tb3,1.0226078501494924,-1.2846720093455473,0.07877904712647363,0.11360849198943883
1778154714.124217,tb7,0.3520063096620495,-0.841639095900011,0.08695240891485297,0.05778527305944133
1778154714.1487439,tb2,0.11311784135653657,-1.6456562618774284,0.18000000000000002,0.17727746084133172
1778154714.148889,tb1,0.4951566828321675,-1.5997830466794514,0.18,0.12131267377416906
1778154714.173282,tb3,1.0219819846301954,-1.2813713164509986,0.07983098176200873,0.12832961572281124
1778154714.1743035,tb7,0.349176326666401,-0.8410190816099108,0.08493821382034894,0.06124424796830023
1778154714.1987092,tb2,0.11311784135653657,-1.6456562618774284,0.18,0.1569420638521678
1778154714.1990576,tb1,0.4996331532620172,-1.5920368520090185,0.18,0.08646740767994972
1778154714.223017,tb3,1.021243227839198,-1.2775546571739433,0.07917128192144476,0.11995735572288334
1778154714.2240937,tb7,0.34500391992482976,-0.8401184321601578,0.07516799567854299,0.0905803811798315
1778154714.2488492,tb2,0.11871054702330502,-1.6387063840305855,0.18,0.16666211997440353
1778154714.2490585,tb1,0.4996331532620172,-1.5920368520090185,0.18,0.13902304226450915
1778154714.272946,tb3,1.0204748673160684,-1.2737125479529146,0.07799502933464839,0.10505228582470935
1778154714.2740505,tb7,0.3411317977789467,-0.8392956919420662,0.06734450778103211,0.11310174498725634
1778154714.2986946,tb2,0.12424977570762974,-1.631703872631176,0.18,0.17923304646357668
1778154714.2988002,tb1,0.5040741931908755,-1.5842583213663317,0.18,0.17829287820405776
1778154714.322883,tb3,1.0196957731402956,-1.2699299512152074,0.07657726552297954,0.0878516330707946
1778154714.3240235,tb7,0.33780582432488204,-0.8386059899317787,0.058435858354725846,-0.0299698417975623
1778154714.3487341,tb2,0.1297278996634656,-1.6246602186179007,0.18,0.1880114256388003
1778154714.3487978,tb1,0.5084538710562174,-1.5764746280875965,0.18,0.19594488177030178
1778154714.3729324,tb3,1.0189116398272227,-1.2662147752876642,0.07522448292449292,0.0719854019169438
1778154714.3740747,tb7,0.3348679457507859,-0.8380051019970632,0.05979892900626491,0.13430706265772133
1778154714.3988788,tb1,0.5127594477345458,-1.5686660259149052,0.18,0.1995431936867674
1778154714.3987143,tb2,0.13514017768399678,-1.6175722733508846,0.18,0.19348464711819408
1778154714.4230247,tb3,1.0189116398272227,-1.2662147752876642,0.0991600415854296,0.0804836032291516
1778154714.4241042,tb7,0.3348679457507859,-0.8380051019970632,0.07210097182024586,0.0969170649464985
1778154714.4487588,tb2,0.14048387043911006,-1.6104368213805684,0.18,0.1971748653375314
1778154714.4489012,tb1,0.5169867553270323,-1.5608211298486123,0.18,0.19863342372478623
1778154714.4730396,tb3,1.018125709655044,-1.2625637174605526,0.09832630881522596,0.06798680123176931
1778154714.4741254,tb7,0.3319956180382515,-0.8374244371970383,0.07020475269413315,0.09956310635696151
1778154714.498691,tb2,0.1457569368122752,-1.6032519797243423,0.18,0.20696607109844908
1778154714.4988053,tb1,0.521135541692141,-1.5529352174785993,0.18,0.20893882653596313
1778154714.5229688,tb3,1.0171260688040575,-1.2580053398750684,0.08254043763142434,0.13836956415230614
1778154714.524078,tb7,0.32857664333788866,-0.8367531546847905,0.06594771165430086,0.11024631022964365
1778154714.548626,tb2,0.15095639209130965,-1.596017794726568,0.18,0.2160747272812215
1778154714.548803,tb1,0.5252038027740877,-1.5450103903031231,0.18,0.21719953712712706
1778154714.5729666,tb3,1.0160870503897512,-1.2533467325883767,0.07882324727864018,0.10500516463989115
1778154714.5740626,tb7,0.32519843176247215,-0.8361070267460735,0.05770669870766226,-0.03605525178834192
1778154714.598673,tb2,0.15607771798403283,-1.5887334398626343,0.18,0.21857242631992216
1778154714.5987928,tb1,0.5291867334575393,-1.5370470596438377,0.18,0.2166401246287629
1778154714.6229591,tb3,1.0151860662474868,-1.2494144506797598,0.07643647891249995,0.07548600811277129
1778154714.6240358,tb7,0.32204913558056825,-0.835521655939986,0.05449973372400964,-0.031397567398986095
1778154714.6486151,tb2,0.1611187436144278,-1.5813959976192142,0.18,0.2181185756500844
1778154714.6487942,tb1,0.5330826788368701,-1.5290421086576274,0.18,0.20868942835338614
1778154714.6729653,tb3,1.0143001131319178,-1.2456464951449338,0.07475859182015954,0.05540306960634886
1778154714.6740587,tb7,0.3192281924068075,-0.8349986020825971,0.05237382045529331,-0.020857643402623274
1778154714.6986308,tb2,0.1660792591660601,-1.574004133681338,0.18,0.21629475891134858
1778154714.6988034,tb1,0.5368938495184593,-1.520993359501136,0.18,0.19858092355763476
1778154714.723068,tb3,1.0134228572341843,-1.2419830763395385,0.07376988675827093,0.04452167434028476
1778154714.72409,tb7,0.316564202061302,-0.8345002171151861,0.055406354707997825,0.14016543278037003
1778154714.7486405,tb2,0.1709594576593319,-1.566558176617041,0.18,0.21397296066645768
1778154714.7488256,tb1,0.5406239105433608,-1.5129018592839594,0.18,0.1890186898652512
1778154714.7729778,tb3,1.0125506419766046,-1.2383876518314738,0.07324270910071096,0.03983856672872089
1778154714.7740524,tb7,0.3139622686274299,-0.8340117651912888,0.054825481441074284,0.14146396390577487
1778154714.7986119,tb2,0.17575970024134724,-1.559059195428022,0.18,0.21182982983093518
1778154714.7988076,tb1,0.5442765999651802,-1.5047701834976237,0.18,0.18227759911523966
1778154714.8230348,tb3,1.0116794791706138,-1.2348325611722346,0.0731609451200011,0.040639910122997544
1778154714.8240602,tb7,0.3113079753607282,-0.833528415690334,0.0,-0.0
1778154714.8488247,tb2,0.18048028370039548,-1.5515086178034472,0.18,0.20618647905300097
1778154714.8488884,tb1,0.5478546549942768,-1.4966017064609825,0.18,0.15894194039629528
1778154714.8730576,tb3,1.0108053192248865,-1.2312964370935278,0.07215426360470191,0.030111965430910416
1778154714.8740706,tb7,0.3096092535015918,-0.8332293097176305,0.0559258592530371,-0.03609284580178701
1778154714.898587,tb2,0.18512279720776678,-1.543906958554929,0.18,0.17297828026273035
1778154714.898772,tb1,0.5513660377600826,-1.4883936302031457,0.18,0.09588498053354282
1778154714.922973,tb3,1.0099297603479929,-1.227784180653201,0.06971970740814248,0.002007945169408623
1778154714.9240441,tb7,0.3093256798900957,-0.8331740141565186,0.07287230727046215,0.08386789797463894
1778154714.9488287,tb1,0.5513660377600826,-1.4883936302031457,0.18,0.09962624758386644
1778154714.9487658,tb2,0.18512279720776678,-1.543906958554929,0.18,0.1780500886924176
1778154714.9730005,tb3,1.0090689591556414,-1.2243508024287608,0.07028531087515993,0.011078564407221402
1778154714.9740918,tb7,0.3069967266265316,-0.8327659382550207,0.0739097378611915,0.08115874710104852
1778154714.9986742,tb2,0.18970023810715758,-1.5362490679126262,0.18,0.1813212823647544
1778154714.998926,tb1,0.5548351413621662,-1.4801376348116295,0.17999999999999997,0.10994269000299846
1778154715.0230117,tb3,1.0082169072960276,-1.2209569991549742,0.07258534346499433,0.04204148321029274
1778154715.0240924,tb7,0.3034134854796181,-0.8321507123716184,0.06803768787019344,0.09613344720880257
1778154715.048671,tb2,0.1942092999088245,-1.5285527269898629,0.18,0.1883071567725552
1778154715.048874,tb1,0.5582635772549271,-1.4718651002726122,0.18,0.14615814855944595
1778154715.072993,tb3,1.0073438313972563,-1.2174929214711832,0.07413258461749905,0.06306632629138831
1778154715.0741146,tb7,0.2999882562523767,-0.8315774374539093,0.06318245957218852,0.10795133297440901
1778154715.0989542,tb2,0.19864789737655267,-1.5208177088475425,0.18,0.19427726683553911
1778154715.099093,tb1,0.5616453366915996,-1.4635806837310856,0.17999999999999997,0.17694499600768995
1778154715.123071,tb3,1.0073438313972563,-1.2174929214711832,0.08487939478105815,0.16240456904840606
1778154715.1243696,tb7,0.2999882562523767,-0.8315774374539093,0.0741270649624729,0.07662854586443112
1778154715.1488404,tb2,0.20301215453034463,-1.5130449300830766,0.18,0.1987277421514463
1778154715.1489034,tb1,0.5649623518241137,-1.4552919863144447,0.18,0.1922578773436421
1778154715.173524,tb3,1.0064268353818433,-1.2138935570034506,0.08507375040619164,0.16428882021944033
1778154715.1741314,tb7,0.2967921059340282,-0.8310588394538353,0.07060448032173185,0.08415787805166428
1778154715.198814,tb2,0.20301215453034463,-1.5130449300830766,0.18,0.1820743174578784
1778154715.1989312,tb1,0.5649623518241137,-1.4552919863144447,0.18000000000000002,0.1808642951139233
1778154715.2230566,tb3,1.0053687554478044,-1.2098541211201808,0.08275184318837803,0.13304778534294337
1778154715.2241187,tb7,0.293260825449144,-0.830501215674239,0.06555780784581415,0.09678693833445216
1778154715.2487445,tb2,0.2072990320853082,-1.5052321693923898,0.18,0.19003879152805334
1778154715.2488499,tb1,0.5682004148519895,-1.4469857518603204,0.18,0.1977275703392631
1778154715.2730765,tb3,1.0042957035232696,-1.2058839795516545,0.08071665454959724,0.10620265392647332
1778154715.2741435,tb7,0.28997707492358576,-0.8299973432543432,0.05788043028623891,-0.05309409965793606
1778154715.2987971,tb2,0.21151468046100558,-1.4973740544148761,0.18,0.1996710372099548
1778154715.2989259,tb1,0.5713618994160579,-1.43864784421729,0.18,0.2106614246213635
1778154715.323093,tb3,1.0042957035232696,-1.2058839795516545,0.09121766051272728,0.20187157919810184
1778154715.3242998,tb7,0.28701891236038485,-0.829549904871866,0.05138912458417347,-0.03283335107845524
1778154715.3487508,tb2,0.21565401119838376,-1.489480477517778,0.18,0.20564613594878492
1778154715.3488777,tb1,0.5744396675266359,-1.4302871946876465,0.17999999999999997,0.21121903406789908
1778154715.3731096,tb3,1.00322689389824,-1.2020249272812487,0.0896208483749659,0.1814025930589348
1778154715.3741648,tb7,0.28701891236038485,-0.829549904871866,0.07004929798676879,0.08344756069333228
1778154715.3988066,tb2,0.21971270404416668,-1.4815498378583387,0.18,0.21111040946574844
1778154715.3989172,tb1,0.5774288973684896,-1.421898578221607,0.18,0.202738298060201
1778154715.423066,tb3,1.0020229907633122,-1.1978051858307246,0.08518463816694921,0.1229719528964757
1778154715.4241612,tb7,0.28440521713559197,-0.8291492350636088,0.06989853684109455,0.08549939170941565
1778154715.4488144,tb2,0.22368782000044124,-1.4735803818690438,0.18,0.21830430462009603
1778154715.4489224,tb1,0.5803313068195569,-1.4134766640644505,0.18,0.21198957782951053
1778154715.473095,tb3,1.0007950236795444,-1.1936448196512746,0.08219736508681229,0.08510365979014448
1778154715.474152,tb7,0.28103245993659326,-0.8286406924127219,0.06613142587333161,0.09392115119193549
1778154715.4992042,tb1,0.5803313068195569,-1.4134766640644505,0.18,0.2034388665821912
1778154715.5003831,tb2,0.22368782000044124,-1.4735803818690438,0.18,0.2027000112824776
1778154715.5230794,tb3,0.9995946479590508,-1.1896738259268584,0.08064354500628677,0.06739181089492413
1778154715.524155,tb7,0.27769221423286927,-0.8281515688610973,0.0625286668334422,0.10174909409705157
1778154715.5488632,tb1,0.5831456702528435,-1.4050277289187847,0.18,0.21002114246497794
1778154715.5488353,tb2,0.22757597462445978,-1.4655719540187957,0.18,0.20771561722525372
1778154715.5730448,tb3,0.9984105138024542,-1.185817512733306,0.07976676111620988,0.05912050130614743
1778154715.5741527,tb7,0.27455458285442935,-0.8277072766877533,0.0561904507543592,-0.0513608767301322
1778154715.5987873,tb2,0.23138217018864296,-1.4575173879458991,0.18,0.2136088661715692
1778154715.598948,tb1,0.5858730004719717,-1.396547137017415,0.18,0.21303269997602514
1778154715.6230726,tb3,0.9972303661945047,-1.1820195848725945,0.07910343793698911,0.053736266852068525
1778154715.6240978,tb7,0.2716456353866789,-0.8273053050625684,0.05460563469289957,-0.04622891366743184
1778154715.6488147,tb2,0.23510435247613395,-1.4494261996570086,0.18,0.2170244809187826
1778154715.648989,tb1,0.5885114319923597,-1.3880414708819953,0.18,0.20804474962560962
1778154715.6730072,tb3,0.9960506156746786,-1.1782613473660828,0.07856232516446288,0.049973076444556064
1778154715.6740963,tb7,0.26889870420889794,-0.8269197581096835,0.05742655896467828,0.11548841438064743
1778154715.698739,tb2,0.23873956459407147,-1.441298380550405,0.18,0.21817826555951594
1778154715.6989138,tb1,0.5910594562113516,-1.3795088360307228,0.17999999999999997,0.1979649125544162
1778154715.7230325,tb3,0.9948697158550024,-1.1745336663610548,0.07833057840126495,0.04991227177106119
1778154715.724135,tb7,0.26612386952717737,-0.826532293648872,0.053358670063173005,-0.0412105265629467
1778154715.748833,tb2,0.2422861731709679,-1.4331329394962096,0.18,0.21838674559152255
1778154715.7488523,tb1,0.5935191996038384,-1.370947009007389,0.18,0.18969230787461297
1778154715.7729604,tb3,0.9936839876826119,-1.170822988479331,0.07813110290932776,0.05017112215806956
1778154715.7740455,tb7,0.2634376885282543,-0.8261636937779252,0.056724304631547096,0.11663591022547966
1778154715.7987432,tb2,0.2457434379345488,-1.4249296825893254,0.18,0.21768724196254788
1778154715.798914,tb1,0.5958946592921408,-1.362356851168836,0.18,0.1814176248635945
1778154715.8229926,tb3,0.9924922503754545,-1.1671254451557365,0.07814175245297095,0.05278208924142769
1778154715.824021,tb7,0.2606939577558153,-0.8257917380419962,0.05310896511627247,-0.04203527391596573
1778154715.848756,tb2,0.2491109909031753,-1.4166891166478959,0.18,0.2168902294993856
1778154715.8488185,tb1,0.5981891968722285,-1.3537408033929057,0.18,0.17661239776136195
1778154715.8730028,tb3,0.9912914334820154,-1.163432321033698,0.07472597422532713,0.012562146639138912
1778154715.8740275,tb7,0.2580290499186417,-0.8254358588139802,0.05660925780945111,0.11607240022526943
1778154715.8986773,tb2,0.2523887681294448,-1.4084120593596883,0.18,0.21558472618206717
1778154715.8988063,tb1,0.600405904708857,-1.3451011223182763,0.18,0.1716324877857801
1778154715.9230096,tb3,0.9912914334820154,-1.163432321033698,0.08791579673980653,0.14022864403088736
1778154715.9241738,tb7,0.2552862924887488,-0.8250748424699955,0.0,-0.0
1778154715.9490283,tb1,0.602546721164834,-1.3364400199313913,0.18,0.1693764397417134
1778154715.9490378,tb2,0.25557677799832496,-1.4000995107158358,0.18,0.21326535352173714
1778154715.973206,tb3,0.9901303164935854,-1.1598805255906384,0.0890664333767897,0.1587155304810311
1778154715.9743397,tb7,0.2552862924887488,-0.8250748424699955,0.06610325804042609,0.08938329678600075
1778154715.9986415,tb2,0.25867533512680957,-1.3917523342430689,0.18,0.2021743688241126
1778154715.9988375,tb1,0.6046133623021569,-1.3277591783307436,0.18,0.09780041837875021
1778154716.0229805,tb3,0.9887920089706758,-1.1558431096132464,0.08370048770363733,0.09067278972705439
1778154716.0241184,tb7,0.25518516915406614,-0.8250581009770638,0.0813507526314698,0.05269212645066437
1778154716.0486703,tb2,0.26168649857942117,-1.383369696013557,0.18,0.19920081944572543
1778154716.048892,tb1,0.6066154278643118,-1.3190448480374357,0.18,0.0706412279991417
1778154716.0731273,tb3,0.9873878991938243,-1.1517106177062593,0.07914155238943,0.03319350876068796
1778154716.0741284,tb7,0.25388494470223855,-0.8249002955399557,0.09036687207900515,0.028696855021531527
1778154716.0986552,tb2,0.2646135968670214,-1.374954165461603,0.18,0.20743666111616588
1778154716.098856,tb1,0.6085791938274846,-1.310299184932227,0.18,0.12736223244286968
1778154716.122965,tb3,0.9860409700529762,-1.1478204758048933,0.07908015984631209,0.0347576898568935
1778154716.1240528,tb7,0.25026215747611197,-0.8244553525437672,0.08530318390989058,0.040875249282201154
1778154716.148647,tb2,0.2674553034870854,-1.3665113512617253,0.18,0.21737501264619644
1778154716.1488125,tb1,0.6105034991619127,-1.3015559468670477,0.18,0.20191912960468303
1778154716.1729655,tb3,0.9847416559199491,-1.144099205290145,0.08135417626008046,0.06710011214773118
1778154716.1740596,tb7,0.245828327015732,-0.823918512979852,0.07517553101227628,0.06587491675167452
1778154716.1986046,tb2,0.2702071046629734,-1.3580433984245446,0.18,0.2233961406573665
1778154716.198795,tb1,0.612359057521241,-1.2928303375775072,0.18,0.24522275009008568
1778154716.2230103,tb3,0.9834307451073232,-1.1403659715871626,0.08318025155058532,0.09359846931127444
1778154716.224181,tb7,0.2417038555570676,-0.8234269724506958,0.06697976707965901,0.08523890805502335
1778154716.248669,tb2,0.2728652356527071,-1.349549056577305,0.18,0.22563633817293394
1778154716.2488182,tb1,0.6141180573126682,-1.284110222510858,0.18,0.25501733053334696
1778154716.2731237,tb3,0.9820756233902157,-1.1365432154272748,0.0837222336924591,0.10251453256667445
1778154716.2741919,tb7,0.2380826743933328,-0.8230063770599424,0.062023878603756785,0.09588852234785346
1778154716.2986834,tb2,0.27542765345768644,-1.3410270198065926,0.18,0.22524797933554935
1778154716.298812,tb1,0.6157676194808105,-1.2753781758138387,0.18,0.244029087189346
1778154716.322987,tb3,0.9806805754881079,-1.1326619038119898,0.08327482843465356,0.09803394764660428
1778154716.32409,tb7,0.23486780888321523,-0.822646260956409,0.056252147575395366,-0.05896956090118379
1778154716.348647,tb2,0.2778938259194647,-1.3324767122724965,0.18,0.22331552029856566
1778154716.348779,tb1,0.6173081229401702,-1.2666230045559523,0.18,0.22577077268526802
1778154716.3731287,tb3,0.9792635031662444,-1.1287805287019206,0.08259147610370637,0.09005727413080183
1778154716.374277,tb7,0.23190078772600112,-0.8223259553084917,0.05532575343505934,-0.05782556379780027
1778154716.3987467,tb2,0.2778938259194647,-1.3324767122724965,0.18,0.21579035643042152
1778154716.3988767,tb1,0.6173081229401702,-1.2666230045559523,0.18,0.23178386043945146
1778154716.4229975,tb3,0.9778377847308035,-1.1249336024054193,0.08195622964947888,0.08306568861211124
1778154716.4240642,tb7,0.22910380087934176,-0.8220190413653718,0.05824582289467546,0.10521561180350092
1778154716.4488573,tb1,0.6187464870066608,-1.257842302925655,0.18,0.21381602722632329
1778154716.4487758,tb2,0.28026424609873535,-1.3238981586838954,0.18,0.21361382947387883
1778154716.473043,tb3,0.9764059213522518,-1.1211222774121017,0.08167885413543025,0.0806168354107694
1778154716.4740496,tb7,0.22628941982660897,-0.8217070532346852,0.05828335330176661,0.1049205600424703
1778154716.4986591,tb2,0.2825415626138214,-1.3152910806875369,0.18,0.21288328643222848
1778154716.4988306,tb1,0.6200839579981491,-1.2490464853381298,0.18,0.1934812703660818
1778154716.5229657,tb3,0.9749650489955094,-1.117334724423006,0.08162421115409134,0.0810937064932871
1778154716.5240865,tb7,0.22343905625902247,-0.8214049746374286,0.05530236745121301,-0.05712077571714208
1778154716.5486495,tb2,0.28472670718304544,-1.3066592002193878,0.18000000000000002,0.2125063614692903
1778154716.5488634,tb1,0.6213256961981151,-1.240228181057984,0.18,0.17933940681485738
1778154716.5730112,tb3,0.9735112424437748,-1.1135591893547703,0.08164560630129344,0.08232959260898023
1778154716.5740836,tb7,0.22063275254395048,-0.8211164798086481,0.05545328801559209,-0.05545321122990151
1778154716.5987139,tb2,0.28681982181784993,-1.2980042282714983,0.18,0.21174948266004778
1778154716.5988107,tb1,0.6224802152062109,-1.2313889608809254,0.18,0.17011386459095373
1778154716.622989,tb3,0.9720422849071222,-1.1097901482181436,0.08168513342844486,0.08368815067878105
1778154716.6241024,tb7,0.21785277995074412,-0.8208234939261269,0.05863404643958146,0.10523808944490884
1778154716.6486568,tb2,0.2888208621226623,-1.2893272940272844,0.18,0.21070785614498103
1778154716.6489336,tb1,0.6235542678858428,-1.2225335224417124,0.18,0.16476574206121847
1778154716.672976,tb3,0.9705573355297569,-1.1060261550126773,0.08183486270988191,0.08625169663098645
1778154716.674066,tb7,0.2150151250538616,-0.820523200781178,0.05889815862607991,0.10404701626035348
1778154716.6986525,tb2,0.2907299340845731,-1.2806292500073921,0.18,0.209985944873396
1778154716.6988363,tb1,0.6245522619274021,-1.21366522674403,0.18,0.16490882639392276
1778154716.722973,tb3,0.9690544551119529,-1.1022634143341796,0.0820382455129607,0.0892718219582099
1778154716.7240899,tb7,0.212134506299423,-0.8202330112434508,0.05613731440712748,-0.05712278121469483
1778154716.7486725,tb2,0.29254726073854465,-1.2719111320104453,0.18,0.20954131783551025
1778154716.7488685,tb1,0.6254767348250679,-1.2047871980150844,0.1770158345310579,0.16567223280889568
1778154716.7729425,tb3,0.9675318870047845,-1.0984992419662576,0.08216288619603394,0.09110652454560837
1778154716.774014,tb7,0.20929868811832308,-0.8199536828679025,0.059209469130114746,0.1028375195164128
1778154716.7986562,tb2,0.29427295197113285,-1.2631741171839883,0.18,0.20871639214327745
1778154716.798815,tb1,0.6263235232381095,-1.1959495426292925,0.17164728374590996,0.162973752511815
1778154716.8229258,tb3,0.9659900933088074,-1.0947363518785724,0.0823255314899617,0.09322525446552782
1778154716.8240051,tb7,0.2064158129298029,-0.8196710181344974,0.05631734161663894,-0.05659078370591765
1778154716.848836,tb2,0.2959070470383998,-1.2544192347993226,0.18,0.2078861452234749
1778154716.8489385,tb1,0.6270800602349558,-1.1873023369341258,0.1665377671707528,0.1646733899008547
1778154716.8731534,tb3,0.9659900933088074,-1.0947363518785724,0.0908665700650311,0.1618771045345933
1778154716.874169,tb7,0.2064158129298029,-0.8196710181344974,0.06699883216839471,0.08447242114798068
1778154716.8986974,tb2,0.29744971822514166,-1.2456473966227173,0.18,0.20642654927039417
1778154716.8989134,tb1,0.627744554782929,-1.1789167732447359,0.16168833359602855,0.16830090893166444
1778154716.9229958,tb3,0.9644282882346638,-1.0909740598499966,0.09085644412706492,0.1616032032091547
1778154716.9241781,tb7,0.20357339775448335,-0.8193973170957445,0.06664529620935437,0.0874013038085821
1778154716.9487693,tb2,0.2989012729526567,-1.2368594147859993,0.18,0.21168401229485795
1778154716.948923,tb1,0.6283188641975259,-1.1708208318185622,0.1575184976251408,0.19164786977337409
1778154716.9730356,tb3,0.962700019622268,-1.0868864938833642,0.0891019037385727,0.13741329394852125
1778154716.974238,tb7,0.20033927786282543,-0.8190892092378894,0.06480972913808089,0.08980126238235106
1778154716.9987476,tb2,0.3002611864125244,-1.228058166222051,0.18,0.21618692628365324
1778154716.9988506,tb1,0.6288063740740176,-1.162980371617317,0.1535630196716738,0.21135930768612538
1778154717.0230296,tb3,0.9609342385056949,-1.0828014785391424,0.08737988319265833,0.11448745070844313
1778154717.024095,tb7,0.19708009907879723,-0.8187928188257498,0.06279752839984813,0.09228113889153514
1778154717.0487428,tb2,0.30152699800903693,-1.21924520091229,0.18,0.21713204525857174
1778154717.0488591,tb1,0.6292046100660457,-1.1553620299699596,0.1496320000016337,0.21929501641318516
1778154717.0730252,tb3,0.9591729377874382,-1.0788046988075586,0.08619615309987576,0.09951170492360803
1778154717.0740995,tb7,0.19392421769085677,-0.8185200657225213,0.05843166251913307,-0.06426996963797332
1778154717.0987287,tb2,0.30152699800903693,-1.21924520091229,0.18,0.21980838538439196
1778154717.0989468,tb1,0.6292046100660457,-1.1553620299699596,0.15174360216899285,0.24343336496918827
1778154717.1230352,tb3,0.9574190741086751,-1.074886921557113,0.08548086316310491,0.09125610335337861
1778154717.1240935,tb7,0.1908973272617604,-0.8182693763463169,0.05731864820533099,-0.06168057321065333
1778154717.148768,tb2,0.30269720975532477,-1.210419884288637,0.18,0.21877671344145744
1778154717.1489933,tb1,0.6295113819707837,-1.14796921145126,0.1479073401988598,0.2437249077876893
1778154717.1730902,tb3,0.9556643940712164,-1.0710191293755826,0.08506536374289757,0.08708714429085929
1778154717.1741395,tb7,0.1879881173469068,-0.8180216604765215,0.05934874890630835,0.10055363642691381
1778154717.1988206,tb2,0.30377078648964645,-1.2015834813599644,0.18,0.2152877051942992
1778154717.1989498,tb1,0.6297341486864774,-1.1405150418697483,0.14371050594665374,0.22702657366288362
1778154717.2230542,tb3,0.9539037604557683,-1.0671845219782492,0.08487387928701232,0.08589015375190599
1778154717.2241101,tb7,0.1850863527363851,-0.8177727268790416,0.059087173374053115,0.10050294766857715
1778154717.2488394,tb1,0.6298623954615522,-1.1332868695941607,0.1397381307989265,0.21311684208756365
1778154717.248751,tb2,0.3047476297946355,-1.1927350020416438,0.18,0.2111394705852521
1778154717.2734456,tb3,0.9521320980064677,-1.0633695971298893,0.07768109047719703,-0.0011398228098755125
1778154717.273998,tb7,0.18218473698069684,-0.8175380052164632,0.05902480345800038,0.09864308360266506
1778154717.2987018,tb2,0.3056291254836582,-1.183874670942764,0.18,0.20720821405315756
1778154717.2988296,tb1,0.629906120230133,-1.1262764840030652,0.1360998291054177,0.20776174069430098
1778154717.3230436,tb3,0.9521320980064677,-1.0633695971298893,0.09278584261632668,0.14591281903726744
1778154717.324135,tb7,0.18218473698069684,-0.8175380052164632,0.0659832517073473,0.08443381929052513
1778154717.3488228,tb2,0.3064171269206629,-1.1750034901438573,0.18,0.1996440756731696
1778154717.348948,tb1,0.6298754042167377,-1.1194750563439517,0.13272580413710325,0.20706784323557006
1778154717.3731441,tb3,0.9504801057772321,-1.059832095678126,0.09485788373831805,0.17568236833323758
1778154717.3741813,tb7,0.1792795918753053,-0.8173175463261095,0.06549071090902586,0.08331161639387993
1778154717.3986366,tb2,0.3071139546201692,-1.1661216167074089,0.18,0.20517257787768015
1778154717.3987832,tb1,0.6297767251368058,-1.1128718203093189,0.13003377080657294,0.22630283681261218
1778154717.4230874,tb3,0.9485421532965522,-1.0557305018221061,0.0931175606012637,0.1528214647213362
1778154717.4240837,tb7,0.17603726880408305,-0.8170859339344297,0.06349267881796773,0.08561299904617503
1778154717.4486768,tb2,0.30772110921840073,-1.1572338276817231,0.18,0.21148444287941265
1778154717.448866,tb1,0.629611886234749,-1.1064394373877053,0.12743670762649698,0.24043282737512905
1778154717.472991,tb3,0.9465256654535632,-1.0515521378038903,0.09070060435879033,0.12162646670951599
1778154717.4741914,tb7,0.17283761078913443,-0.8168708013614415,0.059143061421334825,-0.07289810053446527
1778154717.498755,tb2,0.30772110921840073,-1.1572338276817231,0.18,0.2231963271100891
1778154717.4989069,tb1,0.629611886234749,-1.1064394373877053,0.12984286513090224,0.2691733090779834
1778154717.5230541,tb3,0.9445219459511528,-1.047480290545537,0.0889408739782665,0.09998312630925481
1778154717.5241365,tb7,0.16976509786207092,-0.8166744609394379,0.057893832903109024,-0.06993589192271829
1778154717.54865,tb2,0.3082357865038364,-1.1483434034377125,0.18,0.22591877001082364
1778154717.548829,tb1,0.6293780675953365,-1.100162781133524,0.1271830112143624,0.2722316817404285
1778154717.572985,tb3,0.9425411552495107,-1.043515643585676,0.08791038763827919,0.08868176119023054
1778154717.5740907,tb7,0.16682003151852362,-0.8164784539872154,0.059646223857180075,0.09490935713966922
1778154717.5989146,tb2,0.3086533423288768,-1.1394535380851012,0.17442441031929992,0.21476492403685854
1778154717.5989122,tb1,0.629060179645986,-1.0938159451026537,0.12402347377098244,0.25529949209834824
1778154717.62304,tb3,0.9405685893293786,-1.039615507408986,0.08737100067454572,0.08381900858824072
1778154717.6240916,tb7,0.16389265267699898,-0.8162795354856146,0.05927446319330433,0.09553392483780661
1778154717.6488035,tb2,0.3089690961846445,-1.1306208212145616,0.16815736203243123,0.20131759994140838
1778154717.6488671,tb1,0.6286660285075041,-1.0876246067076893,0.12095991056965481,0.2382003504220999
1778154717.6731403,tb3,0.9385955170245867,-1.035756220209233,0.0869935734372626,0.08106329595292394
1778154717.6740928,tb7,0.16097464319656202,-0.8160943464432939,0.056631359046789,-0.06483020047767676
1778154717.6988251,tb2,0.3091809480006039,-1.1221092691658703,0.16222317612487402,0.19367743221094677
1778154717.6989198,tb1,0.6282047542515601,-1.0816080621352715,0.11818553675770731,0.22861489058318674
1778154717.7232246,tb3,0.9385955170245867,-1.035756220209233,0.09451595428530862,0.13388126257654487
1778154717.7241304,tb7,0.16097464319656202,-0.8160943464432939,0.06557426799822232,0.08163485404735381
1778154717.7487512,tb2,0.3093013021584243,-1.1139392887506248,0.15665159744747698,0.19191085298620592
1778154717.74888,tb1,0.6276854164915101,-1.0757571908994459,0.11563748659065391,0.2239350908347041
1778154717.7730696,tb3,0.9366073905694635,-1.031907161734147,0.0938495766264331,0.12735650374546464
1778154717.774076,tb7,0.1581033334415854,-0.8159150049634954,0.06496096030537132,0.08501391407530928
1778154717.7986546,tb2,0.3093405068338406,-1.1061040505149158,0.1516061600350473,0.2025560062625028
1778154717.7989128,tb1,0.6271143767073922,-1.0700642954828754,0.1138263797579686,0.23875587805532617
1778154717.823071,tb3,0.9344463516536982,-1.027781588298828,0.09169954500586575,0.10235536306995002
1778154717.8241699,tb7,0.1548807714539819,-0.81571862156791,0.06302060873925494,0.0868366735342417
1778154717.8488007,tb2,0.3093405068338406,-1.1061040505149158,0.15269149623907607,0.22288098884315585
1778154717.8489232,tb1,0.6271143767073922,-1.0700642954828754,0.11650015403351052,0.2695991507502024
1778154717.8730764,tb3,0.9322896180399428,-1.0237264865454947,0.08981014077720506,0.08123394470151632
1778154717.874086,tb7,0.1517189868878684,-0.815539315772146,0.061311608287072224,0.08815388586771675
1778154717.8987586,tb2,0.30930428732748294,-1.098562512234465,0.14792033604050733,0.23226551104611667
1778154717.8989553,tb1,0.6264909833685965,-1.0644947468158847,0.11468548492495106,0.27803702244556294
1778154717.923048,tb3,0.9301629644050372,-1.0197762060937803,0.08863447794846527,0.06982683644504425
1778154717.9241529,tb7,0.1486627194330198,-0.8153793646980034,0.05796227541574681,-0.07011749836879742
1778154717.949166,tb2,0.30918809153688814,-1.0910628669105,0.1430613636160218,0.23177768755713643
1778154717.9494584,tb1,0.6257857697754956,-1.0588485234254736,0.1122845319959606,0.2657626109609603
1778154717.9734738,tb3,0.9280551193966067,-1.015897619767752,0.08786136774673227,0.06342855220046767
1778154717.97453,tb7,0.1457049470519681,-0.8152306143618312,0.05937022399491448,0.09139923565771227
1778154717.9987516,tb2,0.30899320707144967,-1.0838319831428898,0.13836308414522142,0.2277857610864278
1778154717.998992,tb1,0.6250179310209839,-1.0533195980845067,0.10971594048237288,0.24671427660569006
1778154718.0230243,tb3,0.9280551193966067,-1.015897619767752,0.09502017244568609,0.11166124987129239
1778154718.0240276,tb7,0.14278083092167082,-0.8150832992655692,0.0,-0.0
1778154718.0487108,tb2,0.3087252685704831,-1.0768813595625573,0.13392802401829995,0.22517619742497208
1778154718.0488286,tb1,0.6241966369576671,-1.0479348811821343,0.1073777021384465,0.2330673793939142
1778154718.0731618,tb3,0.9259556900545316,-1.0120653940288495,0.09434465083652258,0.10680137346541996
1778154718.074167,tb7,0.14278083092167082,-0.8150832992655692,0.06487052038175635,0.08064447001059995
1778154718.0987725,tb2,0.30839023256425424,-1.0701796941914858,0.12921911730905192,0.20319686761146222
1778154718.0988638,tb1,0.6233289879004109,-1.0426841975767873,0.10146794341426213,0.12153992264356116
1778154718.1230104,tb3,0.9236930247698055,-1.0079785084234287,0.08858566224898451,0.03979084295271683
1778154718.124072,tb7,0.14261862968485087,-0.8150732682787983,0.08043017041876006,0.05761872005503406
1778154718.1488228,tb2,0.3079951845396991,-1.0637182396059757,0.12502574969955915,0.1965309176932742
1778154718.1489232,tb1,0.6224365944256727,-1.0376249308823795,0.09783554278398843,0.0766577091002697
1778154718.1733313,tb3,0.9214213455490204,-1.0039270294058023,0.08423637025440014,-0.009764108639657987
1778154718.1741576,tb7,0.14140595332896838,-0.8150233272422057,0.09000279312032898,0.04150080200659468
1778154718.1988108,tb1,0.6215532014900976,-1.0327894542617828,0.09885115161992715,0.1584287807931289
1778154718.198752,tb2,0.30755100483118314,-1.0574965907220841,0.12161007883127802,0.21431624762931561
1778154718.2231746,tb3,0.9192748377603233,-1.0001266161936755,0.08465024856988497,0.0011367355238197513
1778154718.2242243,tb7,0.13779575222603588,-0.8148694892524394,0.08487947509646901,0.04899932809928863
1778154718.2486577,tb2,0.30706079199078345,-1.0514893392095566,0.11851406813133981,0.2351633536353503
1778154718.2488883,tb1,0.6206531802476005,-1.0280056046730328,0.10062761020751991,0.25380105520127233
1778154718.2730446,tb3,0.9171982620281851,-0.9964514506518244,0.08698873628194667,0.03678154774870039
1778154718.274147,tb7,0.13339569343660893,-0.8146913879122972,0.07482761963710323,0.06418376224282797
1778154718.298749,tb2,0.30706079199078345,-1.0514893392095566,0.11993855944218942,0.26222437465943815
1778154718.299304,tb1,0.6196976679581316,-1.0231884485116647,0.09327032207571338,0.09937054752600027
1778154718.3230655,tb3,0.9150947375156312,-0.9927300838077214,0.08834363300302649,0.05945593346855835
1778154718.3241565,tb7,0.129390549539054,-0.8145390813187972,0.06723718355053598,0.0749526626892707
1778154718.3487866,tb2,0.30652086293509806,-1.0456744967767853,0.1169145431046392,0.2749178839764715
1778154718.3489268,tb1,0.6196976679581316,-1.0231884485116647,0.10378124116407023,0.326480930328631
1778154718.3730495,tb3,0.9129393186025649,-0.9889332583871299,0.0883124275583883,0.06352111774779151
1778154718.374094,tb7,0.12590299598432433,-0.8144178105494023,0.06264461790131418,0.08059114430144548
1778154718.39876,tb2,0.3059071801213487,-1.0398542366279928,0.11359259936831823,0.2722390557149728
1778154718.3989048,tb1,0.6187495148991364,-1.0186265147785376,0.10464516057664226,0.38969142612203383
1778154718.4232187,tb3,0.9107617883234775,-0.9851238326442062,0.0877362860578519,0.05987625571468397
1778154718.4241216,tb7,0.12275271071838566,-0.8143204675579461,0.05841380892559571,-0.07685883834745433
1778154718.4487338,tb2,0.30523682290724596,-1.0342277640899658,0.11036420421286253,0.26589283804870806
1778154718.448973,tb1,0.6176606539882448,-1.0137001961119823,0.10236625205972909,0.35318783538544535
1778154718.4730957,tb3,0.9107617883234775,-0.9851238326442062,0.09455386912259675,0.1047778549351732
1778154718.4740386,tb7,0.12275271071838566,-0.8143204675579461,0.06626014811767021,0.07279701187296805
1778154718.4987383,tb2,0.30451343853186075,-1.0287879854298034,0.10729220179658447,0.2602644639877121
1778154718.4988694,tb1,0.6164874513310318,-1.00882496224439,0.09938604074934486,0.2981503683987347
1778154718.5232418,tb3,0.9085847824202917,-0.9813425317515054,0.09387700833867295,0.09976497469551891
1778154718.524283,tb7,0.1197753372738068,-0.8142302981021701,0.0646757022288862,0.07791835964731555
1778154718.5488038,tb2,0.30374285599626255,-1.0235298835479665,0.1046457187946704,0.26438465501969827
1778154718.5489204,tb1,0.6152605662621542,-1.0040906788931807,0.09744993782572134,0.2731890725056586
1778154718.573089,tb3,0.9062478842366275,-0.9773224757172808,0.09180958251073125,0.07709157593732849
1778154718.5740986,tb7,0.11654044782636266,-0.8141329082678321,0.062187165898041005,0.08035699582942536
1778154718.5985851,tb2,0.3029286713165521,-1.0184407258577375,0.10214065204419678,0.2681259887110863
1778154718.59883,tb1,0.6139942069336763,-0.9994860780487971,0.095939900280699,0.2608355879044401
1778154718.6230633,tb3,0.9039036327450788,-0.973335777322393,0.0898549356877931,0.0562261798220242
1778154718.6241777,tb7,0.11337284335584935,-0.8140496503330406,0.060101131520636945,0.08185798245976277
1778154718.6488166,tb1,0.6126876575018808,-0.9949747483652605,0.09444562711131674,0.24907715186551754
1778154718.648744,tb2,0.3020706808884416,-1.0135000556381462,0.09969743934420602,0.26889396860103065
1778154718.673158,tb3,0.901593790866595,-0.9694437495748706,0.0884518566165372,0.04293845744233138
1778154718.6741614,tb7,0.11033388677578197,-0.813981968126441,0.05865275311811272,0.08238905233749846
1778154718.6988657,tb1,0.6113455671923284,-0.9905537546606875,0.08598169661824849,0.08759306274215374
1778154718.6992328,tb2,0.3011708888517063,-1.008702366117932,0.09362396172164385,0.15853842387704026
1778154718.7230573,tb3,0.8993169610870578,-0.965632818009462,0.08750086495609832,0.03598273074225909
1778154718.724156,tb7,0.10739656089838806,-0.8139285953835187,0.0558130941156492,-0.07744604071389549
1778154718.7488267,tb2,0.3011708888517063,-1.008702366117932,0.09912544096343703,0.29857996002319176
1778154718.7489338,tb1,0.6113455671923284,-0.9905537546606875,0.09635228825475393,0.2707066739324701
1778154718.7732124,tb3,0.8970641267130895,-0.9618804890394462,0.08671553017529038,0.031036368752279594
1778154718.7741675,tb7,0.10453801155106744,-0.8138838138556173,0.05647377448428398,0.08472144120859282
1778154718.7987475,tb2,0.3002665838397436,-1.004153299090445,0.09755124471602339,0.3239121317415463
1778154718.7989712,tb1,0.6100619533969505,-0.9864532200713584,0.09689823426768587,0.31002378585188295
1778154718.8230214,tb3,0.8948272871749953,-0.9581695413184897,0.08637617334957343,0.03194503799451527
1778154718.8241577,tb7,0.1017385620222573,-0.8138369940080367,0.05617363984712691,0.08498971851811318
1778154718.8488326,tb2,0.2992725617462874,-0.9994585360620218,0.09501120467378374,0.3094173549540777
1778154718.8489528,tb1,0.6086148056437356,-0.9819910622431752,0.09469854905266618,0.27957897777876967
1778154718.8730402,tb3,0.8925977224849875,-0.9544838279101334,0.0861965982108368,0.034465913948770674
1778154718.874175,tb7,0.09896521223126142,-0.8138018742465778,0.05444839619306977,-0.07663109775337641
1778154718.898916,tb1,0.6071066634863407,-0.9775660638743624,0.09209673622113619,0.23956771148359676
1778154718.8988414,tb2,0.2982276749990879,-0.9948827014585542,0.09243590266889638,0.29040816826839
1778154718.9231436,tb3,0.8925977224849875,-0.9544838279101334,0.09278556264948892,0.07684304052714648
1778154718.9242256,tb7,0.09896521223126142,-0.8138018742465778,0.06175164172515535,0.07489749386825814
1778154718.9487095,tb2,0.2971439395345702,-0.9904546084931648,0.0900743364587903,0.2767185817420577
1778154718.9488657,tb1,0.6055750537925053,-0.9732708580041004,0.0760672882021215,0.28300004084533975
1778154718.9731739,tb3,0.8903672173133569,-0.9508103590359496,0.09253595764792032,0.0782053731322744
1778154718.9741893,tb7,0.09620602411942415,-0.8137687339237284,0.06136836984413519,0.07792848325080291
1778154718.998631,tb2,0.2960292500841869,-0.986170724185261,0.08816027507016885,0.2738392625408195
1778154718.9987888,tb1,0.6041772691488456,-0.9695004528289596,0.07647332417944534,0.2764167525115039
1778154719.023141,tb3,0.8879709241259263,-0.9468901242918929,0.09083827454080463,0.060906079509640415
1778154719.0242207,tb7,0.09317273716022767,-0.8137341011945194,0.059477480875261106,0.07886587517101792
1778154719.0488386,tb1,0.6028444450114865,-0.9660577352593227,0.07704678445004051,0.2720172907036907
1778154719.0487657,tb2,0.29488421871787396,-0.9820081258744133,0.08637797176172916,0.272326327163036
1778154719.0730937,tb3,0.8855699839159173,-0.9429960591937504,0.08913287901366355,0.043439137229648664
1778154719.0741665,tb7,0.09015836270530386,-0.8137112574957205,0.05737931855111756,0.07986138429431862
1778154719.0993965,tb2,0.29371040101426116,-0.9779586896487608,0.08038877796535213,0.16655232181893062
1778154719.0998287,tb1,0.6014525374981207,-0.9626041560012838,0.06953104172023232,0.11711164903767998
1778154719.1230526,tb3,0.8832047152177367,-0.9391870847322495,0.08793882939232338,0.03306275350379688
1778154719.1240938,tb7,0.08726203649474297,-0.8137007348994687,0.05596604091863769,0.07999723517438077
1778154719.1487162,tb2,0.29371040101426116,-0.9779586896487608,0.08682408673946768,0.3028658367927712
1778154719.1489742,tb1,0.6014525374981207,-0.9626041560012838,0.079617099474484,0.30058854505773624
1778154719.1730745,tb3,0.8808707434371486,-0.9354470709497881,0.0869348043051404,0.02537742172926155
1778154719.1740391,tb7,0.08446426716193059,-0.8137017796985854,0.05310075849748924,-0.08020650178938481
1778154719.1990178,tb1,0.6001299464907247,-0.9594140393405078,0.08197455729936284,0.33653216573274747
1778154719.1989512,tb2,0.2925656403055886,-0.9741663994813982,0.08608390351595087,0.32761474855756234
1778154719.2231324,tb3,0.8785606621151583,-0.9317585706416919,0.08658875705249305,0.02626201216422458
1778154719.2241938,tb7,0.08174207187324632,-0.8137086444105522,0.05416244178367148,0.08147391245210722
1778154719.2488346,tb2,0.2913045027328173,-0.9701682749633382,0.08405575082863198,0.3118857178036613
1778154719.2490191,tb1,0.5986186949471182,-0.955882881364977,0.08113314744840765,0.30319095800504586
1778154719.2730138,tb3,0.8762618849929148,-0.9280987258920568,0.08524879401921842,0.014047086370746198
1778154719.2740438,tb7,0.07906441822763,-0.8137126060264874,0.054140217804446694,0.08115921550520723
1778154719.2988348,tb2,0.29000102321876364,-0.9662545551079459,0.08194667121257093,0.29184791240641345
1778154719.2989771,tb1,0.5970110704486553,-0.9522874481195699,0.07957864387235995,0.25785690909053516
1778154719.3230271,tb3,0.8762618849929148,-0.9280987258920568,0.09280239021935252,0.0702633888103027
1778154719.3241599,tb7,0.07906441822763,-0.8137126060264874,0.059531649322312065,0.07377670461435873
1778154719.3487113,tb2,0.28867182399140606,-0.9624623163843902,0.08004251831541645,0.27690010629458855
1778154719.3489592,tb1,0.5953678570342419,-0.9487569233553739,0.07851959099993122,0.22523287698221028
1778154719.3731127,tb3,0.8739903129528064,-0.924490414116478,0.0929675525377536,0.07792824951130331
1778154719.3741462,tb7,0.07639067234681216,-0.8137271559197818,0.05957126014318567,0.07215655952910101
1778154719.3986251,tb2,0.28732500768778,-0.9587919015407071,0.07874078763041982,0.27508591709761726
1778154719.3988225,tb1,0.5937037523199648,-0.9452976840497185,0.07878512082066191,0.21831526598724155
1778154719.423079,tb3,0.8715294654111946,-0.9206022917912259,0.09149091704618839,0.06330774039205726
1778154719.4240797,tb7,0.07345094454006369,-0.8137542843203986,0.05830155130395426,0.07224158181534057
1778154719.4486353,tb2,0.2859566756538505,-0.9552171102082723,0.07760666359406264,0.27554896918613153
1778154719.4488077,tb1,0.5920013733148112,-0.9418582496397686,0.0792205384215805,0.21513835663081038
1778154719.4731028,tb3,0.8690592454247483,-0.9167314480584995,0.0900179999813233,0.0483902522264041
1778154719.4741588,tb7,0.07052404920608746,-0.8137918877734459,0.055726194871647095,-0.08757342222788914
1778154719.4987478,tb2,0.2859566756538505,-0.9552171102082723,0.08010474896567302,0.30946488805452566
1778154719.4988806,tb1,0.5920013733148112,-0.9418582496397686,0.08174088461807012,0.25293219522167154
1778154719.5231419,tb3,0.866618730180183,-0.9129340654944919,0.08902098117454108,0.04018085249301785
1778154719.5240679,tb7,0.06766451824762225,-0.8138359279266764,0.05616646082417138,0.07395919695245755
1778154719.548892,tb2,0.2845625417154099,-0.9517201272222026,0.07904475011377249,0.308824252199659
1778154719.548906,tb1,0.5902513108518314,-0.938416907790095,0.08199950657409458,0.2464655644824097
1778154719.5731313,tb3,0.8642024494060487,-0.9091943392802866,0.08856726983018562,0.03948297848206432
1778154719.5742755,tb7,0.0648645369924295,-0.8138735544568103,0.05575492732470223,0.07517105122592921
1778154719.5989146,tb1,0.5884084092392805,-0.9348963800720038,0.08127532612294568,0.22240452404344258
1778154719.598844,tb2,0.2830816592103239,-0.9481587722155385,0.0774717964912269,0.2958570447159691
1778154719.623035,tb3,0.8617981590032626,-0.9054896729964679,0.08828535474796947,0.04102378777287606
1778154719.6242003,tb7,0.06210540522595654,-0.8139194496710451,0.05572708227997432,0.07389446690155572
1778154719.6487646,tb2,0.2815726359135745,-0.9446817814629314,0.0759620993763323,0.2836137404102396
1778154719.6488414,tb1,0.5865186905823342,-0.9313922098938051,0.0805221188931589,0.199263614438293
1778154719.6731458,tb3,0.8617981590032626,-0.9054896729964679,0.0945444539700601,0.08110988604998995
1778154719.6742146,tb7,0.06210540522595654,-0.8139194496710451,0.06100695733263103,0.06737545043615989
1778154719.6989195,tb1,0.5846036938810621,-0.92793459926827,0.08013030744235912,0.18358843604284666
1778154719.6988287,tb2,0.28004458688408124,-0.9412995233295247,0.07465268011361315,0.2752245205970012
1778154719.7231731,tb3,0.8593968672194398,-0.9018058714647774,0.0943141854724564,0.08303899275543834
1778154719.7241628,tb7,0.059352676648228346,-0.8139755140206025,0.060953050733894905,0.06614965610295225
1778154719.7487192,tb2,0.2785016368232543,-0.9380095681889369,0.07385001099494144,0.27605222295134696
1778154719.748879,tb1,0.5826658886645706,-0.9245165373287679,0.08074858375939797,0.1849596513336884
1778154719.772978,tb3,0.8568330841520484,-0.8978998006041252,0.09284417213353703,0.06810483709454307
1778154719.7740602,tb7,0.05634510994242786,-0.8140472272570591,0.059620850997972895,0.06640093400724342
1778154719.7986825,tb2,0.2769365372494295,-0.9347889563448962,0.07315389003076286,0.27772354783882863
1778154719.7988255,tb1,0.5806884342758333,-0.9211025398333595,0.08135332241131103,0.18628807067804679
1778154719.823345,tb3,0.8542603505041689,-0.8940146646048036,0.09152731494184121,0.054754087356303355
1778154719.8241634,tb7,0.05334558526730034,-0.8141286964088938,0.05719049823737462,-0.093976461546313
1778154719.8486595,tb2,0.2753455398489531,-0.9316272340583444,0.07099154709302274,0.25224077604191425
1778154719.8489594,tb1,0.5786624332772754,-0.9176782666314562,0.07475795693437187,0.07804529459672316
1778154719.8731408,tb3,0.8517133006468242,-0.8901975188109926,0.09057836248951849,0.04730311140231376
1778154719.8741071,tb7,0.05041135419358815,-0.8142159455887465,0.05627212384498584,-0.09166496527761847
1778154719.8987684,tb2,0.2753455398489531,-0.9316272340583444,0.07529164335355479,0.3115301991630704
1778154719.8989532,tb1,0.5786624332772754,-0.9176782666314562,0.08437190322492023,0.22023862375924505
1778154719.923131,tb3,0.8491895929520358,-0.8864380615658649,0.08986594094517675,0.04309350476485764
1778154719.9241893,tb7,0.04753602023617244,-0.8142914793120489,0.056199069960005156,0.07255229934788344
1778154719.9493968,tb2,0.27375669759038473,-0.9285714533659734,0.07486643339592364,0.315568321724912
1778154719.949479,tb1,0.5767465742179885,-0.9144884245495939,0.08664933734432897,0.25112557692246884
1778154719.9735348,tb3,0.8466808764038504,-0.8827198057717258,0.08976115262384571,0.04678288584348503
1778154719.9744987,tb7,0.044728616339875245,-0.8143582696593747,0.05618884326966967,0.07307180409850537
1778154719.9987574,tb2,0.27204074683062973,-0.92538415474686,0.07353676459794597,0.3014428100660795
1778154719.9989355,tb1,0.5745976904694492,-0.9109761126243918,0.08567970113995199,0.22587159978650573
1778154720.0231464,tb3,0.8441734630914948,-0.8790213396267529,0.08281194704029045,-0.04371923683109867
1778154720.0241003,tb7,0.04195283316989954,-0.8144336719049907,0.056522122915726315,0.07168481883554612
1778154720.0487685,tb2,0.27029453706101697,-0.9222588586938817,0.07228489045108447,0.2881442295068456
1778154720.0488913,tb1,0.5723597728590867,-0.907414442116181,0.08407549113064901,0.191176403632414
1778154720.0730078,tb3,0.8441734630914948,-0.8790213396267529,0.09575400125081243,0.08967986523231913
1778154720.0740502,tb7,0.04195283316989954,-0.8144336719049907,0.0617028381129229,0.06640617185150885
1778154720.0986528,tb2,0.2685342029342774,-0.9192171397922616,0.07102625733751049,0.2753239552604231
1778154720.0989037,tb1,0.5701108112032927,-0.9039232168398325,0.08294388257979313,0.16577727006792511
1778154720.1231008,tb3,0.8418301598732258,-0.8755654344176026,0.09790614142224838,0.12878287026831586
1778154720.1247902,tb7,0.039160202696468194,-0.8145196369571333,0.061710955375082734,0.06523868127357188
1778154720.1488192,tb2,0.26676189705880987,-0.9162537750715105,0.07050941353222227,0.27459735577247724
1778154720.1489675,tb1,0.5678612070111251,-0.9005031686953449,0.08320537964025945,0.16242440283597276
1778154720.1731067,tb3,0.8391834598538503,-0.8716762298853217,0.09669093357318263,0.11570480102152329
1778154720.174176,tb7,0.03611326076133185,-0.8146237884887746,0.060474116121636536,0.06526778931716355
1778154720.1986635,tb2,0.26497110156910064,-0.9133513786973467,0.07019561622931458,0.2766470640764883
1778154720.1988423,tb1,0.5655891398902833,-0.8971110754974244,0.083703582748852,0.16310298647034505
1778154720.2231102,tb3,0.8364470750729769,-0.8677043345625287,0.09461327428744096,0.08933568299161178
1778154720.2242184,tb7,0.03307395526849614,-0.8147376375708988,0.05945877906437924,0.06515771145573201
1778154720.2488685,tb2,0.2631521610544774,-0.910492324351202,0.0,-0.0
1778154720.2492876,tb1,0.5632755558017454,-0.8937170547511624,0.07553984012530017,0.04071338285817759
1778154720.2734065,tb3,0.8337319702238233,-0.8638119169944171,0.09305675789403922,0.07081987263044473
1778154720.2742372,tb7,0.030101267560997475,-0.8148587234280047,0.058824370403972856,0.06475922375925926
1778154720.2989028,tb1,0.5632755558017454,-0.8937170547511624,0.08683852651126832,0.19752056464851725
1778154720.2988565,tb2,0.2631521610544774,-0.910492324351202,0.0730276625080203,0.3099565322917156
1778154720.3231552,tb3,0.8310527399460057,-0.8600076422416826,0.08833163136595884,0.009482742166296507
1778154720.3241413,tb7,0.027177423106789524,-0.814987375227716,0.056225291002053875,0.06530854399874077
1778154720.3487763,tb2,0.26303872557976254,-0.9102840281809874,0.08160813970771397,0.4249460812100397
1778154720.3489697,tb1,0.5611194399777758,-0.8905897934482192,0.08833438777563064,0.21661275368235233
1778154720.3729818,tb3,0.8284679612280761,-0.856358626193934,0.08648313908434628,-0.010110069879511047
1778154720.3741665,tb7,0.024362147272055757,-0.815120417551299,0.054598215482790584,-0.0957635742165054
1778154720.398762,tb2,0.26225374833354975,-0.9091358485491707,0.08486204594385988,0.441630165005661
1778154720.398924,tb1,0.5586749324434815,-0.8870979096024462,0.08644426999799715,0.18107856376060405
1778154720.4232647,tb3,0.8284679612280761,-0.856358626193934,0.0926399821680831,0.028986573625423492
1778154720.4241807,tb7,0.024362147272055757,-0.815120417551299,0.06051356695046633,0.05992156271215596
1778154720.448708,tb2,0.2601806280713794,-0.9061375585016985,0.08212059671393285,0.3895606135308005
1778154720.4488215,tb1,0.5561832192545157,-0.8836157793162811,0.08504603258617505,0.15346785280222952
1778154720.473122,tb3,0.8259603128942812,-0.8528192482383867,0.09443765503708128,0.06228656854430539
1778154720.4741843,tb7,0.021590743910829633,-0.8152501250761881,0.0609882231122999,0.06303949906616506
1778154720.498893,tb1,0.5537040539089059,-0.8802161334296602,0.085127589966462,0.14832597417412996
1778154720.4988246,tb2,0.25785087191542855,-0.9029116578297429,0.07894305890595943,0.3399830750839544
1778154720.5231605,tb3,0.8232857082460193,-0.8490496365273271,0.09550025883647695,0.08549397870797178
1778154720.5242717,tb7,0.018603630144385038,-0.81538917895737,0.060723446537172106,0.06264137336287555
1778154720.5488076,tb1,0.5512104891824844,-0.876851509278645,0.08554634872619,0.14853180062637805
1778154720.548782,tb2,0.2555448026363756,-0.8998432103163362,0.07655057846157642,0.306564509311383
1778154720.5730777,tb3,0.8205530598611135,-0.8452195570939361,0.09572079753987747,0.09488183009042223
1778154720.5742638,tb7,0.015589346748698971,-0.8155388571086091,0.06029544492446195,0.0622114994596416
1778154720.5988283,tb1,0.5486808250353441,-0.8734906421961359,0.08586078035623976,0.1473582311874918
1778154720.5990958,tb2,0.25326663036633323,-0.896913968212051,0.07484991920375336,0.28546707607178223
1778154720.6230803,tb3,0.8177848567671825,-0.8413726392884116,0.09542836085255195,0.09538098124302917
1778154720.6241305,tb7,0.012593508010819836,-0.8156970352155976,0.05997655136085652,0.061734917630221285
1778154720.6489289,tb1,0.5486808250353441,-0.8734906421961359,0.08888557827808943,0.18511363134877543
1778154720.648858,tb2,0.25326663036633323,-0.896913968212051,0.07825837509501067,0.316239860346349
1778154720.6730418,tb3,0.8150006605795777,-0.8375414037395954,0.09497786694139017,0.09301912875156179
1778154720.6741648,tb7,0.009618844093045876,-0.8158633813544165,0.0598041194504014,0.061185355807418865
1778154720.6988828,tb1,0.5461129476930531,-0.8701310320292394,0.08906136128459241,0.18177791997970377
1778154720.6988277,tb2,0.2510011418766282,-0.8940887530990497,0.0769947580452641,0.3015297270205306
1778154720.7230146,tb3,0.8122111198942832,-0.8337408073333176,0.09487833536570447,0.09544152025446256
1778154720.724051,tb7,0.006658391890486652,-0.8160380925126358,0.05999257947365864,0.0605206651389112
1778154720.7488651,tb2,0.24860605325452728,-0.8911927017707899,0.07509966412297084,0.2782701930166329
1778154720.7489042,tb1,0.543433927806286,-0.8666868289219525,0.08826659774099434,0.1637800730631161
1778154720.7736986,tb3,0.8094111023719981,-0.8299633367903919,0.08540119088182838,-0.03745231977346844
1778154720.7745073,tb7,0.003693372546722636,-0.816222143058652,0.057366835011580006,-0.0998436640292702
1778154720.7987123,tb2,0.24621652212155531,-0.8883909151639151,0.061650811681377087,0.35641638765123707
1778154720.7989554,tb1,0.54072635826544,-0.8632701059942754,0.08757798789330788,0.14795503607949867
1778154720.8231099,tb3,0.8094111023719981,-0.8299633367903919,0.100758307101174,0.13543426984228524
1778154720.8242822,tb7,0.003693372546722636,-0.816222143058652,0.06518178242038487,0.05612626675844799
1778154720.8486707,tb2,0.24406200433231526,-0.8859376680636374,0.06098631456120074,0.33478229672030757
1778154720.8488545,tb1,0.5380117027788626,-0.8599016648392747,0.08683202207266726,0.13244337733265693
1778154720.8731604,tb3,0.8068380782431772,-0.826503154253705,0.10312253146175206,0.17919284445780082
1778154720.874114,tb7,0.0007797552643284809,-0.8163997189382813,0.0649226505250567,0.06041427343399247
1778154720.898789,tb2,0.24210370456221386,-0.8837866117084591,0.06140402587096076,0.3251174576537502
1778154720.8990002,tb1,0.5352922487225013,-0.8565773864635379,0.0873043835649007,0.13389510490988804
1778154720.9231381,tb3,0.8038889798666273,-0.8225638436264326,0.1010416910168416,0.15055466294070724
1778154720.924187,tb7,-0.002430969187898359,-0.8165943116699165,0.06329737912947261,0.06062913598764601
1778154720.9490066,tb1,0.532547853954498,-0.8532681390507877,0.07945957436917145,0.026365037539216873
1778154720.9491081,tb2,0.24010382460257979,-0.881662069480478,0.06207081363071225,0.31912994745254164
1778154720.9731307,tb3,0.800833111111819,-0.8185500179621698,0.09813373659905823,0.10934903382245037
1778154720.9742088,tb7,-0.005615909636980648,-0.8167967730392887,0.06198392392032925,0.060600146543347916
1778154720.9986923,tb2,0.24010382460257979,-0.881662069480478,0.06516933465795333,0.3517152065720977
1778154720.9988463,tb1,0.532547853954498,-0.8532681390507877,0.09097591338743244,0.1742007882731187
1778154721.0230975,tb3,0.7978261582635237,-0.8146608958571655,0.09610785765915858,0.08317677426061973
1778154721.0241418,tb7,-0.008711262064438815,-0.8170029828558893,0.06071383034757915,0.06043226441398444
1778154721.0488172,tb2,0.23803232103365027,-0.8795313655443954,0.06545331258193451,0.3408291951740064
1778154721.0489633,tb1,0.5299820563250783,-0.850200486980737,0.09357462744824366,0.20769821340877626
1778154721.0731194,tb3,0.7948708689264056,-0.8108804133889683,0.09533335201748022,0.07648903141939174
1778154721.074181,tb7,-0.011735345855361652,-0.8172136661809932,0.060552059066880805,0.05997313329938615
1778154721.098733,tb2,0.2358311303234195,-0.8773427767204216,0.06505317438914923,0.3216318425321135
1778154721.0988572,tb1,0.5270890866492136,-0.8467843375794385,0.09248078851108821,0.18612732335294124
1778154721.1230564,tb3,0.7919357142859877,-0.8071573493061619,0.09503849359144811,0.07713012148715247
1778154721.1241767,tb7,-0.014730185478152764,-0.8174314129193818,0.06070136318834649,0.05944375813937372
1778154721.148875,tb1,0.5240998137117668,-0.8433237183458204,0.09060110014146525,0.15381551216624206
1778154721.1488323,tb2,0.23358383655853726,-0.875183530676177,0.06469593560660347,0.3041188467840045
1778154721.1730733,tb3,0.7889996375660829,-0.8034624352012439,0.09486994918266378,0.07925613690556423
1778154721.1741555,tb7,-0.017728768600325708,-0.8176584427956021,0.06075561570127148,0.05895533032255469
1778154721.1989286,tb1,0.5211195308638052,-0.8399383336284145,0.08930521055558957,0.13088850955345968
1778154721.1988666,tb2,0.23131066869753472,-0.8730691209205254,0.06450196286218844,0.28965892888834655
1778154721.2230756,tb3,0.7889996375660829,-0.8034624352012439,0.10084669817421293,0.11640586593635448
1778154721.2240667,tb7,-0.017728768600325708,-0.8176584427956021,0.06567980014138046,0.05617098691314762
1778154721.24877,tb2,0.22901144947210417,-0.8709947963884654,0.06445523283027105,0.27780230252649396
1778154721.248847,tb1,0.5181647553799921,-0.836634087168413,0.08876508481850866,0.11930302812344161
1778154721.2730746,tb3,0.7860503771497444,-0.7997806835737665,0.1006350736734683,0.11734537977178529
1778154721.2741706,tb7,-0.02073663880351885,-0.8178951337775651,0.06558273850691304,0.05578200976520852
1778154721.2987747,tb2,0.2266823995705765,-0.868953640415211,0.0649461064191807,0.2721238206466445
1778154721.2989326,tb1,0.515214805058147,-0.8333783016741743,0.08939139685771136,0.12339049581393827
1778154721.323188,tb3,0.7829126366701269,-0.7959043169404096,0.09935316097350214,0.10304155398700908
1778154721.3241751,tb7,-0.02398288911439868,-0.8181598476174184,0.0642846414149552,0.05587069968335533
1778154721.3487194,tb2,0.22430878661309656,-0.8669307319184666,0.06541807569081626,0.26664512174476407
1778154721.348855,tb1,0.5122358894805906,-0.8301304053555876,0.0899463503158475,0.12662181021576083
1778154721.3730824,tb3,0.779768506691703,-0.7920658447156493,0.09820905374502985,0.09090484764773012
1778154721.3744862,tb7,-0.02720736617679219,-0.8184318459284072,0.06306965179162213,-0.10415598470655843
1778154721.3989015,tb2,0.22430878661309656,-0.8669307319184666,0.06879799649528955,0.29714306235531496
1778154721.3989727,tb1,0.5122358894805906,-0.8301304053555876,0.0932501438455792,0.1652123449879911
1778154721.4232304,tb3,0.7766439093619494,-0.7882917505247127,0.09756075957673652,0.0860970390798925
1778154721.4243226,tb7,-0.030388820955580726,-0.8187063789717519,0.06232130881637848,0.057804913673591
1778154721.4488428,tb1,0.5092169604958375,-0.8268797505765577,0.09355657442178253,0.16496530665428283
1778154721.4487982,tb2,0.22188626940747083,-0.8649218774010694,0.06917347101536388,0.2904100038856239
1778154721.4730332,tb3,0.7735325309105189,-0.7845685354660109,0.09746434432926353,0.08968062422752013
1778154721.4742167,tb7,-0.03352015989422442,-0.8189686222782395,0.06209901509818444,0.05980531912472941
1778154721.4988325,tb2,0.2193122215948695,-0.8628481425540035,0.06869082820766255,0.27451548284557364
1778154721.4989297,tb1,0.5060709957155787,-0.8235420848496304,0.09266619115512312,0.14786614295820288
1778154721.5229688,tb3,0.7704160591461255,-0.7808722307199917,0.09745069363208808,0.0939714471216057
1778154721.5242617,tb7,-0.03659050293214458,-0.8192332238367814,0.06227169664779515,0.05944766372646548
1778154721.5489244,tb2,0.21669344860597,-0.8608005145015618,0.06815579201336958,0.25894304575933125
1778154721.548942,tb1,0.5028919841996776,-0.8202243247951068,0.09161951522367531,0.1292871378996316
1778154721.5732262,tb3,0.767285294185473,-0.7771931267169673,0.0974184260298975,0.09716526521382794
1778154721.5740688,tb7,-0.03966328539357251,-0.8195072733415265,0.062353114422062164,0.059094976898327774
1778154721.5989058,tb2,0.214062534608231,-0.8588014500529536,0.06781172140314048,0.2461798549007765
1778154721.5989745,tb1,0.49971864661518245,-0.816962025096748,0.0910169314287032,0.11731427320262125
1778154721.6232705,tb3,0.767285294185473,-0.7771931267169673,0.10338481587424159,0.13352624159591167
1778154721.6242244,tb7,-0.03966328539357251,-0.8195072733415265,0.06722673895621337,0.057280234654541844
1778154721.648687,tb2,0.2114204899129528,-0.8568475010634579,0.06767115828729839,0.23612478367101855
1778154721.6488934,tb1,0.4965521277177386,-0.813749086023353,0.09088014306737999,0.11196386551832041
1778154721.6731708,tb3,0.7641266709384413,-0.7735172062622143,0.10314986998945423,0.13340889554503632
1778154721.6741984,tb7,-0.04275584812875436,-0.8197923384670229,0.06715035672220623,0.05700596743968449
1778154721.6988063,tb1,0.49337797059270116,-0.810565970274615,0.09168329620828913,0.1186368325987023
1778154721.698744,tb2,0.20876091158228247,-0.8549304997592775,0.06812973961780157,0.23201819267929535
1778154721.7231762,tb3,0.7607752259187814,-0.7696640590611481,0.10185795104071853,0.11833364114199149
1778154721.7242446,tb7,-0.04607578072445978,-0.8201079679180108,0.06597018400670578,0.056945518914838754
1778154721.7487767,tb1,0.49016557798179444,-0.807381231394573,0.09228344281105244,0.12263055830152643
1778154721.7486804,tb2,0.2060634880914281,-0.8530339622352245,0.06854613491175232,0.22780969582482496
1778154721.7731354,tb3,0.7574197805372157,-0.7658572881590484,0.10076409655843602,0.10627786748118588
1778154721.7741418,tb7,-0.049369550836029404,-0.8204305838660899,0.06497633073936347,0.05686421264864335
1778154721.798851,tb2,0.2060634880914281,-0.8530339622352245,0.07210450043713518,0.25628780691631736
1778154721.7989695,tb1,0.49016557798179444,-0.807381231394573,0.09573787919901333,0.1619341705201935
1778154721.823335,tb3,0.7540805752305383,-0.7621141085790349,0.10011622636130721,0.10086033537774874
1778154721.8241603,tb7,-0.05260327518473355,-0.8207566331593182,0.06438177933272068,0.05673779667460092
1778154721.8487964,tb2,0.2033225245303569,-0.8511534972294906,0.07239753419856124,0.25075197851126557
1778154721.84906,tb1,0.4869097519057758,-0.8041920704299996,0.09600021806658465,0.16135573166694722
1778154721.8729608,tb3,0.7507510805436484,-0.7584215971707784,0.10000417773694967,0.10378331921651329
1778154721.874152,tb7,-0.055791087220385074,-0.8210872271758445,0.06439525898476312,0.05663380536207656
1778154721.8989167,tb1,0.4835180319619489,-0.8009175682093699,0.0950213355930371,0.143863027180812
1778154721.898863,tb2,0.20042015106253014,-0.8492138594636509,0.07180961069569576,0.23683792216700142
1778154721.9230506,tb3,0.7474137163707482,-0.7547581161828842,0.10004232371282554,0.10806412505069765
1778154721.9241047,tb7,-0.0589672224248115,-0.8214257294615201,0.06474767041916227,-0.10377927213509462
1778154721.9492986,tb2,0.1974840503171521,-0.8473046393571584,0.07123841034226572,0.22366034254191464
1778154721.9495296,tb1,0.480097132032564,-0.7976676024090307,0.09408780569449275,0.1273346229487487
1778154721.9738486,tb3,0.7474137163707482,-0.7547581161828842,0.10609468397591852,0.14395637842140985
1778154721.9747853,tb7,-0.0589672224248115,-0.8214257294615201,0.06935990051015958,0.055316922943879965
1778154721.9987636,tb2,0.1945474684342649,-0.8454446961259313,0.07085830477176973,0.21294719203135096
1778154721.9989154,tb1,0.47668612497485535,-0.7944744641471226,0.09369389517752064,0.11845515626071897
1778154722.0230036,tb3,0.7440585331225955,-0.7511137820106258,0.10599776024795218,0.1465468059635492
1778154722.0241313,tb7,-0.06220810058661734,-0.8217713190187477,0.06907839660097558,0.05948739634432308
1778154722.048762,tb2,0.1916088438416345,-0.8436292665379039,0.07112428797206204,0.20814002488211852
1778154722.048909,tb1,0.4732790655707152,-0.7913259687720416,0.09425838664186892,0.1217712561179423
1778154722.073184,tb3,0.7404996011362918,-0.7472969849095324,0.10475557366249913,0.13180073187299413
1778154722.0741634,tb7,-0.06561528924457605,-0.8221310733268421,0.0679893053095208,0.059788933455853635
1778154722.0987113,tb2,0.1886484340578325,-0.8418436165085592,0.07146493449299907,0.2042675988350018
1778154722.0988963,tb1,0.4698460832444894,-0.7881915469025069,0.09480977214880347,0.1250035038656605
1778154722.1231108,tb3,0.7369116591172906,-0.743504423937159,0.10345724716418711,0.11661405225378743
1778154722.1241722,tb7,-0.06901057485606504,-0.8224995719238252,0.06699524300493143,0.059596065533682914
1778154722.1487958,tb1,0.4663712696307076,-0.7850578071207983,0.09501430068120924,0.12393538484615205
1778154722.148692,tb2,0.18565199254570922,-0.8400782159329986,0.07168721848409788,0.19966315201793416
1778154722.1731143,tb3,0.7333419798983468,-0.739781595566751,0.10260462995417508,0.10830784808240825
1778154722.1741683,tb7,-0.07234467309467642,-0.8228715141075142,0.0663837942474522,0.059421076669938684
1778154722.19875,tb2,0.18565199254570922,-0.8400782159329986,0.07537063601155747,0.226446595455932
1778154722.198846,tb1,0.4663712696307076,-0.7850578071207983,0.0986058452189251,0.16377371074626773
1778154722.2231412,tb3,0.7297898038002797,-0.7361205730328263,0.1021477590398219,0.10596409830743697
1778154722.2241585,tb7,-0.0756315549398424,-0.8232481267646015,0.06605081913399292,0.05927228462996057
1778154722.2487774,tb2,0.18262323465400093,-0.8383347136402344,0.07550373998545526,0.22100250590393405
1778154722.2489123,tb1,0.4628651289482929,-0.7819351503846171,0.09864702110406676,0.16055960633542338
1778154722.273037,tb3,0.7262405488375743,-0.7325021416950224,0.10222252635461598,0.11109706085178313
1778154722.274042,tb7,-0.07889200117176454,-0.8236315376365596,0.06622891947081395,0.059261151860902875
1778154722.2988746,tb2,0.1794269224160947,-0.8365401354279118,0.07475960750215416,0.20794639361194575
1778154722.298981,tb1,0.4592160352016311,-0.7787327289116807,0.0974911936140549,0.14141089238499258
1778154722.3230157,tb3,0.7226773082885638,-0.7289083341809297,0.10231633712726881,0.11595759257710982
1778154722.3241613,tb7,-0.0821505727080181,-0.8240245322982326,0.06645852027326175,0.05926314980226919
1778154722.3488324,tb1,0.4555455165364968,-0.7755633884850758,0.09641267385038921,0.12379890488528361
1778154722.3487854,tb2,0.17620783801578596,-0.8347794769092667,0.07403731082625066,0.19562238218591493
1778154722.3730175,tb3,0.7190920514338427,-0.7253328952632428,0.10225669644766106,0.11808456963064276
1778154722.374205,tb7,-0.08541996028940498,-0.8244286601890556,0.06653395518915425,0.059235410940173344
1778154722.3986845,tb2,0.17300171293225042,-0.8330694424743957,0.0735690058539158,0.18596448045704794
1778154722.398808,tb1,0.4518939410874249,-0.7724563706365283,0.0958844798447668,0.11377180444152431
1778154722.423015,tb3,0.7190920514338427,-0.7253328952632428,0.10822967940210312,0.15200674238810302
1778154722.4245682,tb7,-0.08869356508890365,-0.824843155991624,0.05212204144847279,0.054091614175965405
1778154722.4486852,tb2,0.16980374309113602,-0.831403920068778,0.07331087295973081,0.1784462651522541
1778154722.4488623,tb1,0.448252828768243,-0.7693975283037405,0.09575929471393992,0.10920347408321325
1778154722.4730387,tb3,0.715488247709957,-0.7217807373267889,0.10809032723097653,0.15238203053858687
1778154722.4742587,tb7,-0.08869356508890365,-0.824843155991624,0.07119388584533853,0.05898176891520678
1778154722.498673,tb2,0.16660454425607513,-0.8297753693091703,0.07294415553806431,0.17056037311473898
1778154722.498788,tb1,0.44460547512843557,-0.766368843715388,0.08174401449401635,0.1915338634398003
1778154722.5230162,tb3,0.7116727725101798,-0.7180706675634033,0.10578923264033142,0.12312736538744713
1778154722.524265,tb7,-0.09129223715984065,-0.8251797965364138,0.07531154655592491,0.060003308365017216
1778154722.548735,tb2,0.1634034555813276,-0.8281813808018655,0.0731539326523656,0.16728008056956034
1778154722.548893,tb1,0.44130318763151105,-0.7636618016076163,0.08264734370425145,0.2026764860314441
1778154722.5731344,tb3,0.7078338340647734,-0.7143937465987724,0.10425512700011749,0.10474470953732079
1778154722.5741322,tb7,-0.09471996830633655,-0.8256337643329325,0.07387273460600774,0.059651623074695403
1778154722.598664,tb2,0.16018556081126545,-0.8266129887374692,0.07338193601184985,0.16434828094560885
1778154722.5988579,tb1,0.43816032040859426,-0.7611364083437189,0.0844616895537449,0.21799136410950037
1778154722.6233819,tb3,0.7040451481652533,-0.7108120924457848,0.10372677936808697,0.10127747424085551
1778154722.624149,tb7,-0.09840490245837961,-0.8261327270757364,0.07054642058345077,0.058748020621234034
1778154722.6487057,tb1,0.4349289976915353,-0.7585949266915948,0.08533693692989866,0.22155663336648648
1778154722.64878,tb2,0.156942524527807,-0.8250655307658179,0.0734974400867881,0.16073923603657098
1778154722.6731622,tb3,0.7002797198770058,-0.707290899207075,0.10350830959113415,0.10296129390855599
1778154722.6741428,tb7,-0.10197140149704864,-0.8266264745429985,0.06803388129957091,0.05801262013200099
1778154722.6988006,tb2,0.156942524527807,-0.8250655307658179,0.07731114319053904,0.18586791987650397
1778154722.6989443,tb1,0.4349289976915353,-0.7585949266915948,0.10172600630641479,0.14928188997586023
1778154722.7230139,tb3,0.6965112377781065,-0.7038027306285002,0.10327276507489191,0.10412851213067342
1778154722.7242432,tb7,-0.10537831239401552,-0.8271083830943091,0.06658690254728955,0.05753509978774442
1778154722.7487323,tb2,0.1536764352505482,-0.823539530147114,0.07729722954317945,0.18124531687612355
1778154722.7488894,tb1,0.43162453425814623,-0.756054039229892,0.10188045460497493,0.14193635364169385
1778154722.7729754,tb3,0.6927345822180772,-0.7003429547654997,0.10360243604524533,0.11238356881956027
1778154722.774319,tb7,-0.10867791098238747,-0.8275849189562917,0.06781614596186997,-0.10214803928349268
1778154722.7986736,tb2,0.15023654525571647,-0.821968879963036,0.0766722562657847,0.17157939441754533
1778154722.798804,tb1,0.4276943057009869,-0.7530873906050418,0.10056241251359052,0.12293708893683475
1778154722.823113,tb3,0.6889368024872757,-0.6969007647910012,0.10394159129077316,0.11995930943770168
1778154722.8241057,tb7,-0.11202743667112201,-0.8280716805476046,0.06760982057705647,0.06160920973400395
1778154722.8488688,tb2,0.1467855446866736,-0.8204310206418909,0.07622811003271959,0.16353879883883707
1778154722.8489063,tb1,0.4236670872085402,-0.7500923095321345,0.0867974342353102,0.21797422398271737
1778154722.8729563,tb3,0.6851086568616981,-0.6934707712168653,0.1038996641958429,0.12199328203403692
1778154722.8741734,tb7,-0.11537292316827705,-0.8285501284534299,0.06771897835609109,0.06322378448885416
1778154722.8988216,tb2,0.14334617118957527,-0.8189340179949819,0.07583822677206774,0.15634857977653502
1778154722.8990054,tb1,0.4198304465280117,-0.7472780444785343,0.08564501065435107,0.2102858967774254
1778154722.9230893,tb3,0.6851086568616981,-0.6934707712168653,0.10991453898987696,0.154589145502931
1778154722.9242275,tb7,-0.11537292316827705,-0.8285501284534299,0.07233553138497077,0.06396775356117007
1778154722.9487298,tb2,0.13991318265339012,-0.817473219508437,0.07531074034156121,0.14860673863742416
1778154722.9488928,tb1,0.41640436547506526,-0.7448172801619095,0.08536693716581426,0.2011615857616142
1778154722.9730556,tb3,0.6812576058748182,-0.6900619529275624,0.10952456630438535,0.15107652023843982
1778154722.9741995,tb7,-0.11869550154676922,-0.8290353515809391,0.07166258895023635,0.06351894211801609
1778154722.9987648,tb2,0.1364904613373067,-0.8160481062714033,0.07547221830789178,0.1459622636866501
1778154722.998918,tb1,0.4129823137901213,-0.7424133908191931,0.08609720943689063,0.2030398159387271
1778154723.023009,tb3,0.6771759503272857,-0.6864998416929976,0.10788652549568181,0.13118225252994836
1778154723.0240977,tb7,-0.12223483457668212,-0.8295636770744759,0.06994058244029397,0.06265440277541592
1778154723.0486755,tb2,0.13305915014393535,-0.8146491805007039,0.07565475059095121,0.14365239176672875
1778154723.0488105,tb1,0.40951876936028625,-0.7400323292347457,0.08658162958858938,0.20241983670750813
1778154723.073025,tb3,0.6730887119889384,-0.6829868990159388,0.10639756182059909,0.11373879164080399
1778154723.0744262,tb7,-0.12572849607701372,-0.8300965365268228,0.0685826709855764,0.061937515723024805
1778154723.0985892,tb2,0.12960763425716004,-0.8132711286764537,0.075697386781144,0.1405125924368859
1778154723.0987966,tb1,0.40600574008824153,-0.7376692818974473,0.08660931673980372,0.1969631442459097
1778154723.1230762,tb3,0.6690384304380724,-0.6795528272415167,0.10544457634068503,0.10439234647370482
1778154723.1242065,tb7,-0.12913205982073678,-0.8306266169465557,0.06773163269933144,0.06146050213227283
1778154723.148753,tb2,0.12960763425716004,-0.8132711286764537,0.0796156724580805,0.16480803072142675
1778154723.1490033,tb1,0.40600574008824153,-0.7376692818974473,0.09183461741900296,0.22291030428392203
1778154723.1729891,tb3,0.6650167157783713,-0.676182664094462,0.10489112904036357,0.10105382443386532
1778154723.1741076,tb7,-0.13247117744499928,-0.8311572887524354,0.06727172794271585,0.06115949878582655
1778154723.198792,tb2,0.12613927928924834,-0.8119148687317157,0.07956725012456385,0.16098126410739863
1778154723.1989307,tb1,0.40246057871138796,-0.7353357590226115,0.09162659605632588,0.2147918687917334
1778154723.223125,tb3,0.6610070402477581,-0.6728581540785261,0.10503942770934431,0.10676496035274985
1778154723.2241883,tb7,-0.13577292208893227,-0.831692442246988,0.0675863166639326,0.06131404871349404
1778154723.2488046,tb2,0.12249083952087902,-0.8105205721649944,0.07864831890409872,0.15064966096179616
1778154723.2490242,tb1,0.398686935941829,-0.7329086085111325,0.09001126477223695,0.19228144415076906
1778154723.273039,tb3,0.6610070402477581,-0.6728581540785261,0.11104634332632957,0.1381120887583183
1778154723.2739754,tb7,-0.13907710941331627,-0.8322383901382229,0.05990114896035719,0.0562534540357878
1778154723.298671,tb2,0.11884568988339139,-0.8091610396915649,0.07783436519140079,0.1414167332634313
1778154723.298901,tb1,0.3949117731340352,-0.7305373843641982,0.08864558242192408,0.17368737308770557
1778154723.323122,tb3,0.6569844363986549,-0.6695578750637003,0.11113097366419097,0.14243467008239127
1778154723.324212,tb7,-0.13907710941331627,-0.8322383901382229,0.07242854439752328,0.0626440027209538
1778154723.348797,tb2,0.11523231640851182,-0.8078443111102478,0.07732100191685713,0.1346450044480214
1778154723.3489206,tb1,0.39117777023074685,-0.728241983010574,0.08692565570610286,0.15294963900448239
1778154723.3730927,tb3,0.6527344041946517,-0.6661145447671216,0.10926504910557899,0.12129055950050253
1778154723.3742316,tb7,-0.1420353284836063,-0.8327361792309337,0.07483474081216338,0.06408389421230053
1778154723.3987017,tb2,0.11164166960866498,-0.8065643260822116,0.07748920760901465,0.1327297209160291
1778154723.3988924,tb1,0.3874963830130616,-0.7260216596478576,0.08772014866833029,0.15849308195765216
1778154723.42325,tb3,0.6484610100599436,-0.6627013510447662,0.10797500951551187,0.1076696354635559
1778154723.424172,tb7,-0.1455815712329449,-0.8333438642396388,0.07366639898755648,0.0635160045427981
1778154723.448689,tb2,0.10804115144529909,-0.8053079678350964,0.07769588731550064,0.13119804768229237
1778154723.4488206,tb1,0.38378935188330315,-0.7238251200593914,0.08871694428566006,0.16595609500779776
1778154723.4731412,tb3,0.6442320964976196,-0.6593667479128903,0.10737476854253153,0.10417506877110197
1778154723.474141,tb7,-0.14921745017445479,-0.8339787184032404,0.07194190608676232,0.06260616480454817
1778154723.498911,tb1,0.38378935188330315,-0.7238251200593914,0.1047446267228758,0.08146162162694613
1778154723.4988496,tb2,0.10804115144529909,-0.8053079678350964,0.08167873088776101,0.15510947890564358
1778154723.5229728,tb3,0.6400243067459946,-0.6560859522212279,0.10709587265462775,0.10516758827491583
1778154723.5240474,tb7,-0.1527735468009957,-0.834611282371784,0.07079119202842667,0.062024184480204914
1778154723.5489028,tb1,0.3800020414733903,-0.7216220436519817,0.10530074264905849,0.08196167477551405
1778154723.5488334,tb2,0.10440919398911166,-0.8040675489542611,0.0817184201762678,0.15234160528448654
1778154723.5729945,tb3,0.6358181638982157,-0.6528417499327083,0.10754465914864805,0.11506515800895512
1778154723.5741978,tb7,-0.15624709729429428,-0.8352404066889029,0.07153338455148918,0.06274687965209262
1778154723.5987656,tb2,0.10060031862827837,-0.802797679579049,0.0812057115678468,0.14534715314157107
1778154723.5988867,tb1,0.375526795320696,-0.7190515734652152,0.09271857819062883,0.18705094412784837
1778154723.623034,tb3,0.6315867478808195,-0.6496145258576912,0.10777242088170806,0.12134653844675505
1778154723.624171,tb7,-0.15972813515672118,-0.8358821186602351,0.07200241840466448,0.06328341699123916
1778154723.6487355,tb2,0.09678583289702809,-0.8015581889139723,0.08068836531975816,0.138564681151033
1778154723.6488614,tb1,0.37115301117205424,-0.7165642781093554,0.09108062612493939,0.17869879401147468
1778154723.6730647,tb3,0.6273272511984909,-0.6464053090789962,0.09343627923560435,-0.05862374032572913
1778154723.6740055,tb7,-0.16323543367376464,-0.8365400825821094,0.06418197818623268,0.05756375317080266
1778154723.698717,tb2,0.09298654931716721,-0.8003542372086377,0.08009003343934958,0.13161428606450548
1778154723.6989307,tb1,0.36720630405300103,-0.7143628092712975,0.09046856460883684,0.16932291216227363
1778154723.7229896,tb3,0.6273272511984909,-0.6464053090789962,0.11360119077058306,0.15182718661423728
1778154723.724112,tb7,-0.16323543367376464,-0.8365400825821094,0.07601970954206122,0.06487124049982267
1778154723.748619,tb2,0.08920550511294337,-0.7991847677469354,0.0786440921196054,0.11962699432341592
1778154723.7487586,tb1,0.3632923871217054,-0.7122252330202106,0.08879757349784788,0.15018956481831405
1778154723.7730875,tb3,0.6235212484756618,-0.643549819610646,0.11741302363938153,0.2119710286559267
1778154723.774128,tb7,-0.16639478871851765,-0.8371427242326601,0.07691156351496363,0.06558208708534272
1778154723.7989101,tb1,0.35941122683090493,-0.710147168044994,0.08959982440452818,0.15536707187201015
1778154723.7988145,tb2,0.08546720095387608,-0.7980549904740697,0.07885332299518596,0.11853327649611457
1778154723.8230798,tb3,0.6190929814625717,-0.6402518174722187,0.11604006621669978,0.19462427928680465
1778154723.8241835,tb7,-0.1700765096422692,-0.837856812649108,0.07531265013404242,0.06466811544157076
1778154723.8486917,tb2,0.08174069421410671,-0.7969532000772798,0.07953488800490818,0.12061224345348959
1778154723.8488111,tb1,0.3555180624455188,-0.7081008815417699,0.09067700893378892,0.1633374026270204
1778154723.8730643,tb3,0.6144423485347539,-0.6368559615568131,0.11299618917646542,0.154019260619142
1778154723.874409,tb7,-0.17379862854944966,-0.8385912671414133,0.07372712263887421,0.06377368928883959
1778154723.8986638,tb2,0.07797820283634374,-0.7958651413802563,0.07998542311721575,0.12119183478987469
1778154723.8988218,tb1,0.3515615174406586,-0.7060610334831249,0.09109104681776084,0.16447310691436368
1778154723.923087,tb3,0.6098358845601888,-0.6335607138785725,0.11061812395771627,0.12403853424913826
1778154723.9246342,tb7,-0.17743435935980414,-0.8393209359155372,0.07271861076508292,0.06326785140398147
1778154723.9489818,tb2,0.07797820283634374,-0.7958651413802563,0.08405473298453704,0.14473347289015648
1778154723.94919,tb1,0.3515615174406586,-0.7060610334831249,0.10746671619025705,0.07131092113120886
1778154723.9734988,tb3,0.6053165597208283,-0.6303809523254502,0.1093794007071909,0.11056633233763623
1778154723.9746842,tb7,-0.18099368259298343,-0.8400471242690231,0.07212392162271808,0.06303876837377925
1778154723.9988947,tb2,0.07418083897844789,-0.7947918265159226,0.08419185151040433,0.1431892716590062
1778154723.998896,tb1,0.3475607956634952,-0.7040396293432403,0.09642821724692341,0.18434203002620944
1778154724.02297,tb3,0.6008476097552925,-0.6272779565137028,0.1093489138925558,0.1142300428726252
1778154724.0241165,tb7,-0.18450870015333443,-0.8407758818709918,0.07295093105309441,0.06399132643623054
1778154724.0489304,tb1,0.34293504673982744,-0.701734609968071,0.0946312872726435,0.1773908728879478
1778154724.0488741,tb2,0.07019162520049974,-0.7936932585964006,0.08362978931411671,0.1365483629226705
1778154724.073017,tb3,0.596380621092093,-0.6242134137437249,0.10932696579895798,0.11734196312615963
1778154724.074111,tb7,-0.18803701987409754,-0.8415190772591479,0.07299712074474429,0.06426742147778727
1778154724.0987844,tb2,0.06619309821528617,-0.7926228827408739,0.0827923673835295,0.1283906983251107
1778154724.0989301,tb1,0.33869870039581845,-0.6996620616251378,0.09322077969838774,0.1614213636792059
1778154724.1230288,tb3,0.5918985247319468,-0.6211763486180637,0.10915496822458948,0.1181443917593012
1778154724.124069,tb7,-0.19157741647834914,-0.8422766504362165,0.0728199044817198,0.06435135501786143
1778154724.1488962,tb1,0.3345225593239847,-0.6976648196690474,0.09232713648327653,0.15049497500238093
1778154724.1488762,tb2,0.06221909937519608,-0.791588292521165,0.0821491912639162,0.12179292693284617
1778154724.1730146,tb3,0.5918985247319468,-0.6211763486180637,0.1152024212831721,0.14711744005782054
1778154724.1744545,tb7,-0.19510817587712573,-0.84304404135099,0.056563471275847946,0.05036874666399431
1778154724.198897,tb1,0.3303828476097175,-0.6957263147362912,0.09183974844194577,0.14404654354251606
1778154724.198799,tb2,0.05827466707068955,-0.7905885303833776,0.08168621298123117,0.11664782229478537
1778154724.22312,tb3,0.5874058592661874,-0.6181705450990403,0.1149342653501901,0.14612761021228304
1778154724.2242022,tb7,-0.19510817587712573,-0.84304404135099,0.077063313505752,0.06665255416061816
1778154724.2487984,tb2,0.05435102020064144,-0.7896194228615901,0.08108634668229886,0.11092741149839623
1778154724.2489314,tb1,0.3262594120798973,-0.6938332342122201,0.08923717952971937,0.11890721175918567
1778154724.2730982,tb3,0.5826658487800469,-0.6150449150440312,0.1122198255947273,0.1151050292712541
1778154724.2743013,tb7,-0.19788494131819442,-0.8436559892840935,0.08146673786274387,0.07053882046118551
1778154724.2988737,tb1,0.32220132530322226,-0.6920040525901667,0.0900828949630264,0.12591103104436344
1778154724.2988262,tb2,0.05044821792666915,-0.7886793836343469,0.08134421597987757,0.11066530508503522
1778154724.323088,tb3,0.5779208837222719,-0.6119652279446124,0.11054126066153651,0.09748031608835771
1778154724.3242404,tb7,-0.20150601595324102,-0.8444655641564535,0.08070995880005641,0.07011793042963799
1778154724.3486474,tb2,0.0465402344101177,-0.7877610556480723,0.08173735979626381,0.11131461453595752
1778154724.3488588,tb1,0.31814399413433136,-0.6902051201719405,0.09202340637897903,0.14274961898337635
1778154724.373021,tb3,0.5732608991243581,-0.608981253271131,0.1101558892913819,0.09732011988295514
1778154724.3741536,tb7,-0.2054355796578136,-0.8453580778372171,0.07800673445937337,0.06812358134076146
1778154724.3988097,tb2,0.0465402344101177,-0.7877610556480723,0.08586422071342788,0.13446671768022034
1778154724.3989565,tb1,0.31814399413433136,-0.6902051201719405,0.09744907715251916,0.1645190790538906
1778154724.4231145,tb3,0.568635754569442,-0.6060524140049369,0.11018816614372053,0.102507779807696
1778154724.4241314,tb7,-0.20927949233002074,-0.846245263906483,0.07592735878416443,0.06663189442707368
1778154724.448928,tb1,0.31399318407197535,-0.6883977485525762,0.09840817955432302,0.17143825409856822
1778154724.4488635,tb2,0.0426071852052585,-0.7868598243006952,0.08611641017621138,0.134167876752483
1778154724.4730315,tb3,0.564005399158663,-0.6031521321008821,0.11057014717764783,0.11163761478702489
1778154724.4740891,tb7,-0.21298680388489918,-0.8471142653237308,0.07526393138323033,0.06637289859103314
1778154724.4987721,tb2,0.03847957222745322,-0.7859408982955228,0.0853824750749055,0.12711955517283197
1778154724.4988964,tb1,0.3095825918975065,-0.6865176745672741,0.09741364292966431,0.16066552565334635
1778154724.5229323,tb3,0.5593501183208145,-0.6002702550605445,0.1107153770887371,0.11706299328532642
1778154724.5240338,tb7,-0.21662655122959532,-0.8479802794258652,0.07509299155524711,0.0665267843352936
1778154724.5487607,tb2,0.03433851727122736,-0.7850479729941727,0.08463427782419596,0.1201485675551732
1778154724.5489776,tb1,0.3051227957524139,-0.6846608117937139,0.09596401116854134,0.14585643402003534
1778154724.573126,tb3,0.5546721755195458,-0.5974109983091862,0.094964956745497,-0.07084789038580709
1778154724.5740047,tb7,-0.220248651380227,-0.8488548306866116,0.06976861247432316,0.0616902772135498
1778154724.59883,tb2,0.03022821710341296,-0.7841891826923679,0.08409352667875733,0.1147555458266941
1778154724.5989578,tb1,0.3007012424583461,-0.6828616878561409,0.09485849712569797,0.13488305868092132
1778154724.623111,tb3,0.5546721755195458,-0.5974109983091862,0.11668498515700435,0.14662096193670607
1778154724.6242034,tb7,-0.220248651380227,-0.8488548306866116,0.07937712856931786,0.06941853095546825
1778154724.6486757,tb2,0.0261466830738261,-0.7833620097040223,0.08267448039753435,0.10442937826393558
1778154724.6489122,tb1,0.29632980625420824,-0.6811201767576122,0.09312947710981646,0.11926294562089851
1778154724.6729963,tb3,0.550546414929083,-0.594897560084152,0.12123357830839283,0.21463729014720984
1778154724.6741698,tb7,-0.22363493185758238,-0.8496840006216432,0.07982201030889947,0.07005917011197169
1778154724.6986506,tb2,0.022114618147210455,-0.7825684515428053,0.08294287877845419,0.10451045526093973
1778154724.6987715,tb1,0.29201738670920835,-0.6794350524807088,0.09377661732925686,0.12505333768928842
1778154724.7229939,tb3,0.5456968665893743,-0.5919641533967989,0.11982868365995225,0.19743616893377997
1778154724.7241282,tb7,-0.22744771123701796,-0.8506309934164573,0.07834417312388939,0.06900410382903063
1778154724.7486675,tb2,0.01809112067553348,-0.7817985179422224,0.08370901200977672,0.10765903985289144
1778154724.7488172,tb1,0.2876999862678121,-0.6777782513495629,0.09465749296130085,0.1326739755965008
1778154724.7729976,tb3,0.5405772861875586,-0.588934004694145,0.11645372727829542,0.15431667236520522
1778154724.7741668,tb7,-0.23127019500255677,-0.851594522810626,0.07708436165616757,0.06815970059483592
1778154724.7986417,tb2,0.014031636815624896,-0.7810438947113351,0.08421156082978203,0.10916247544755095
1778154724.7987726,tb1,0.28333465957978,-0.6761349040721673,0.0949464060879925,0.13474693496963366
1778154724.8231,tb3,0.5355092765600425,-0.5860019962432942,0.11374317588438496,0.12136745314055356
1778154724.824111,tb7,-0.2350170608095121,-0.8525528117467402,0.07629918207351222,0.06774398362324241
1778154724.8488555,tb2,0.014031636815624896,-0.7810438947113351,0.08840832507291732,0.1322208064188568
1778154724.8489563,tb1,0.28333465957978,-0.6761349040721673,0.11080018411796541,0.03532601762160435
1778154724.8730767,tb3,0.5305525464308858,-0.5831869586741216,0.11225648013417884,0.10600347732578459
1778154724.8741739,tb7,-0.23870231733130934,-0.8535087823334201,0.07581974467822618,0.06758825785106636
1778154724.8989484,tb1,0.278939185792694,-0.6745135774045337,0.10029512875167543,0.15330919362901765
1778154724.8988445,tb2,0.009939447645096298,-0.7803060639534404,0.08858129911913677,0.13164153949785237
1778154724.9230502,tb3,0.5256729094212729,-0.5804552445183806,0.11231531117162144,0.1104912342917392
1778154724.924222,tb7,-0.24234852186112368,-0.8544678364648857,0.07672254581293557,0.06883479107753408
1778154724.9487672,tb2,0.005648387232112829,-0.7795593061245223,0.08796843564386381,0.1256180692490427
1778154724.9489229,tb1,0.273929493946818,-0.6726890982970674,0.09852703633734647,0.15004435612736589
1778154724.9730246,tb3,0.5208015552503631,-0.5777627602506226,0.11235531097197436,0.11466256443840701
1778154724.9741015,tb7,-0.24601235578664923,-0.8554448715714912,0.07678331678278355,0.06921091246935913
1778154724.9987922,tb2,0.00134598580132042,-0.7788396390320088,0.08707753710280383,0.11811094592342884
1778154724.9990735,tb1,0.26929558274103577,-0.6710309993307199,0.09707374153392744,0.13689926505849342
1778154725.02335,tb3,0.5159148688738812,-0.5750974342620444,0.09581408837765157,-0.077413125942934
1778154725.0243623,tb7,-0.2496880417275253,-0.8564386340941755,0.0713231509605686,0.063754674670527
1778154725.0489163,tb1,0.2647337023483629,-0.669437078067552,0.09610772259447688,0.12805873759007366
1778154725.0488453,tb2,-0.0029239297877026865,-0.7781530541795311,0.08638300508176099,0.11209323771998785
1778154725.0730383,tb3,0.5159148688738812,-0.5750974342620444,0.11827231670700063,0.14263352422135
1778154725.0741029,tb7,-0.2496880417275253,-0.8564386340941755,0.08100687798315229,0.07249732300194403
1778154725.0987306,tb2,-0.0071571345078321105,-0.7774980079146718,0.08480155982632444,0.1012333019637175
1778154725.098843,tb1,0.26022153180894364,-0.6678952613518676,0.0944741603094734,0.11410610760535925
1778154725.1230621,tb3,0.5116206874550858,-0.5727626297501424,0.12288484060543631,0.20948039159058068
1778154725.12419,tb7,-0.2531367878990843,-0.8573834444510069,0.08136895520982465,0.07309874622318024
1778154725.1487474,tb2,-0.011329391586749922,-0.7768757962312242,0.0850459900616496,0.10138500040841605
1778154725.1489196,tb1,0.2557677745303931,-0.6664044597199629,0.09525568513152796,0.12108958572071754
1778154725.173117,tb3,0.506539849163401,-0.5700216950679885,0.12132486779363,0.19133575822214463
1778154725.1743064,tb7,-0.2570092900880518,-0.858458736699519,0.07986225467393603,0.07187099305805686
1778154725.1988156,tb2,-0.015491127506884724,-0.7762768106481669,0.07470806538243037,0.04033971525153153
1778154725.198825,tb1,0.25130026235750696,-0.6649381834822679,0.07950407122937149,-0.010961863242388813
1778154725.2229884,tb3,0.5012143696694882,-0.5672126785781294,0.11792644103325886,0.14974989254966695
1778154725.2241127,tb7,-0.2608650813139443,-0.8595444826113671,0.07867835961349069,0.07098347000203016
1778154725.2487915,tb2,-0.015491127506884724,-0.7762768106481669,0.08997615849900607,0.12711993552124762
1778154725.248917,tb1,0.25130026235750696,-0.6649381834822679,0.11186746487519383,0.025845646945012665
1778154725.272997,tb3,0.4959742233549314,-0.5645108346342544,0.11402926529834809,0.10487002300520902
1778154725.2740738,tb7,-0.2646443899435917,-0.8606233966023691,0.07630979627455191,0.06872000697041421
1778154725.2988596,tb2,-0.019208675035171496,-0.7757553421789544,0.09238499492557757,0.14168230424666511
1778154725.2988842,tb1,0.24746645241250828,-0.6636918744489453,0.10676061590588623,0.19821578767397624
1778154725.3230014,tb3,0.4908803993806911,-0.5619299958072452,0.11351354296781199,0.10249389748738832
1778154725.3241467,tb7,-0.26831831866921524,-0.8616862487827295,0.07688587046127243,0.06966725751594269
1778154725.3487866,tb2,-0.023593054914186475,-0.7751621236904778,0.09170242198771353,0.13536756723217555
1778154725.3489451,tb1,0.24254812931244554,-0.662097601963948,0.10592344665120891,0.2010043805446069
1778154725.372942,tb3,0.485840192905319,-0.5594098756683205,0.11383043880195967,0.11056090809252413
1778154725.3740804,tb7,-0.2719709223020203,-0.862756687861843,0.07771970436586233,0.07089444781067278
1778154725.3987982,tb2,-0.02810048144780855,-0.774583448130438,0.09037411100661974,0.12507815281385143
1778154725.3989236,tb1,0.23755800136054347,-0.6605199601872616,0.10244659470904326,0.16812966404712443
1778154725.4229965,tb3,0.485840192905319,-0.5594098756683205,0.11990303130633624,0.13640182511412918
1778154725.4241052,tb7,-0.2719709223020203,-0.862756687861843,0.08211000294777059,0.0744064783185816
1778154725.4488554,tb1,0.2326520977082901,-0.6590215850111527,0.09969709012908154,0.14228565637207813
1778154725.4487607,tb2,-0.03256237896224624,-0.7740412000536729,0.08933047042249488,0.1168826473547501
1778154725.4730644,tb3,0.48077668014945235,-0.5569116978686,0.11994843306967716,0.14030094483175276
1778154725.4741375,tb7,-0.27566458769826213,-0.8638532502727172,0.08250707513603628,0.07518178220915081
1778154725.4987857,tb2,-0.03696769744865785,-0.7735336830789884,0.08911058230499175,0.1138531695851596
1778154725.498903,tb1,0.22788315401210057,-0.657608537073344,0.09898340780574484,0.1352202127585333
1778154725.5231028,tb3,0.47544159950755194,-0.554321090766569,0.11851668450861189,0.12739158088293367
1778154725.5242019,tb7,-0.2795642362758637,-0.8650264024691241,0.08164905088178347,0.07460580187512632
1778154725.5486798,tb2,-0.04134894628254121,-0.7730548339681751,0.08900629095517272,0.11171698353223589
1778154725.5487962,tb1,0.223176921988165,-0.6562504905924751,0.0988333386886274,0.1336757317462048
1778154725.5730677,tb3,0.4701032688363052,-0.5517742779895081,0.11701244746032402,0.11361883693157354
1778154725.5740745,tb7,-0.2834665467529375,-0.8662162797675463,0.08059685521522054,0.07378987395126761
1778154725.598754,tb2,-0.04134894628254121,-0.7730548339681751,0.0932951407201951,0.13467224230775193
1778154725.598991,tb1,0.223176921988165,-0.6562504905924751,0.11444460616026841,0.03175440042587765
1778154725.6230402,tb3,0.4648203872371449,-0.5492954358128842,0.11596530342238442,0.1058359115924009
1778154725.6241994,tb7,-0.28731209165707355,-0.8674045550849938,0.07980468102982476,0.07323245981757434
1778154725.6488407,tb2,-0.04572872240445302,-0.772601192860025,0.09311145741990196,0.13205993340422414
1778154725.6489825,tb1,0.21847464463979627,-0.6549278092583274,0.1143260574372627,0.02794521842058719
1778154725.673058,tb3,0.45958179111322894,-0.5468736596496395,0.11611034717879745,0.11212089124570716
1778154725.6741831,tb7,-0.2911045110357277,-0.868591776853884,0.08067026759568277,0.07459917671236213
1778154725.6987514,tb2,-0.05030874162669463,-0.772155692561584,0.09224411455833405,0.12480088745913998
1778154725.6988652,tb1,0.21305753328729282,-0.653425955018565,0.10198724209537181,0.14825392678486798
1778154725.7229345,tb3,0.4543458334716229,-0.5444874716650424,0.11618797227230282,0.11735853722437413
1778154725.724181,tb7,-0.29490604672837234,-0.8697972796706849,0.08121718445133057,0.07558076246603196
1778154725.7487428,tb2,-0.05487433274782003,-0.7717420793784259,0.09140190366705168,0.11793254659967188
1778154725.7489345,tb1,0.2077440060799811,-0.6519627168261989,0.09998402730514187,0.1428138465500455
1778154725.7730427,tb3,0.4543458334716229,-0.5444874716650424,0.12225193957693334,0.14231660653372377
1778154725.774791,tb7,-0.2987369575587796,-0.8710279062162027,0.06264927038224458,0.05387668034344824
1778154725.7987695,tb2,-0.05939733877039433,-0.7713609351890878,0.09052243590225902,0.11122455763233863
1778154725.7989156,tb1,0.2029252752374253,-0.6506671775220371,0.09914507232394423,0.13534995886368564
1778154725.8231473,tb3,0.4490940205632066,-0.5421302025147031,0.1219057150295328,0.14166818243129042
1778154725.8241487,tb7,-0.2987369575587796,-0.8710279062162027,0.08499459448315871,0.07908405507312932
1778154725.8486319,tb2,-0.06387784801647294,-0.7710098973758625,0.0894649501897108,0.10385744146860351
1778154725.848797,tb1,0.19817129901962363,-0.6494252972173203,0.09594006101980572,0.1084757883955005
1778154725.8731563,tb3,0.4435812626922412,-0.5396987980954435,0.11890121257475274,0.11096261820373689
1778154725.874385,tb7,-0.3017478351114424,-0.8720056391610601,0.08947343684513685,0.08467367097085221
1778154725.898735,tb2,-0.06830763182816187,-0.7706872736978932,0.08947239204429981,0.10278902381332122
1778154725.8988523,tb1,0.19352644533673416,-0.6482437112906799,0.09689419722430904,0.11677982003763387
1778154725.9230485,tb3,0.4380781262262911,-0.5373175429921663,0.11705368187952107,0.09420484404471074
1778154725.9241714,tb7,-0.3056749538965916,-0.8732968461852331,0.08810091187577863,0.08323949709663311
1778154725.9491482,tb2,-0.06830763182816187,-0.7706872736978932,0.09384291387121395,0.1257514159649083
1778154725.9492683,tb1,0.19352644533673416,-0.6482437112906799,0.10246739057673411,0.13602350268198946
1778154725.973564,tb3,0.43268842448162914,-0.5350226590328734,0.1166036265020189,0.09425512556585837
1778154725.974426,tb7,-0.30985466505323966,-0.8746899590084081,0.08507811222438727,0.07992683604097547
1778154725.9986725,tb2,-0.07272492397767742,-0.770388591655862,0.09396202794009813,0.1253849266486681
1778154725.9988563,tb1,0.18888141785982382,-0.6470900237357531,0.10424290276668646,0.1511864124943631
1778154726.0230494,tb3,0.4273435496314502,-0.5327773159645633,0.11686808762421456,0.10354252440972343
1778154726.024207,tb7,-0.31391311386496185,-0.876061339968215,0.08329990791184962,0.07813661163517796
1778154726.0487351,tb2,-0.07734091728511577,-0.7701030915559279,0.09308405247900003,0.1185901236210326
1778154726.0488846,tb1,0.18397124485011893,-0.6459035091962528,0.10413108462985278,0.15047757192106995
1778154726.0730252,tb3,0.4219909317185181,-0.5305591086625707,0.11701660394068324,0.11037857287294575
1778154726.0741208,tb7,-0.31784706413995956,-0.8774082107694997,0.08243965869162526,0.07743625693594738
1778154726.0987666,tb2,-0.08196663426984338,-0.7698460057037861,0.09213366181893715,0.11152062034293736
1778154726.098905,tb1,0.1789633434172188,-0.6447317893558749,0.10289967134257705,0.13996393855039713
1778154726.123006,tb3,0.41662076999634157,-0.5283667727860161,0.11679588923180963,0.11222375128545653
1778154726.1241453,tb7,-0.32171761720880565,-0.8787502944091176,0.08189017211216029,0.07708714023211588
1778154726.1488297,tb2,-0.08654603770740547,-0.7696190074802762,0.09141026746995501,0.10606750844011226
1778154726.1489513,tb1,0.17397079135676938,-0.6436030009022401,0.10157553114101718,0.12890114013637832
1778154726.1731339,tb3,0.41662076999634157,-0.5283667727860161,0.12285715668782621,0.13632845306536429
1778154726.1742463,tb7,-0.32171761720880565,-0.8787502944091176,0.08623798183206612,0.08120415145364442
1778154726.1986523,tb2,-0.09108211390255935,-0.7694196283001936,0.09084941678370502,0.10182591094021058
1778154726.1988351,tb1,0.1690347046496578,-0.6425233364208709,0.10055498290190065,0.12096888293204744
1778154726.223009,tb3,0.4112473125218964,-0.5262078699292895,0.12241370178094613,0.13510425816848567
1778154726.2241218,tb7,-0.3255507653287966,-0.8800960453990045,0.08572301242821963,0.08086052467812962
1778154726.248678,tb2,-0.0955859866163048,-0.769245538074592,0.09102123569704032,0.101847310226397
1778154726.2488086,tb1,0.16415079297747906,-0.6414879502409789,0.10080542612264604,0.12362976025347858
1778154726.2730196,tb3,0.4056023571826892,-0.5239809041258379,0.12061636828853244,0.11892254497533221
1778154726.2742567,tb7,-0.3295724865267489,-0.8815259167680641,0.08421761605747496,0.07932213079972966
1778154726.298741,tb2,-0.10008572934788255,-0.7690946266694225,0.09118355916811254,0.10188005044292162
1778154726.2988951,tb1,0.15927213980932495,-0.6404848040654298,0.10099632693550338,0.125700520930574
1778154726.322986,tb3,0.39996875587423075,-0.5218021466226586,0.11890150402100891,0.10398045351914836
1778154726.3241694,tb7,-0.3335555728013992,-0.8829602109835253,0.08286575271950013,0.07797172598519878
1778154726.3487456,tb2,-0.10459574869517482,-0.7689663566873581,0.09114316189512167,0.10080592473836268
1778154726.3489194,tb1,0.15437676234267667,-0.6395098588400143,0.10075978672870034,0.12416457786459084
1778154726.372985,tb3,0.3944042766805832,-0.5196891361707088,0.11773314619957985,0.09593312485049518
1778154726.3741136,tb7,-0.33745937699453593,-0.884383561140095,0.08192696289519878,0.07711990704473567
1778154726.3986418,tb2,-0.10910662700161615,-0.7688609468180183,0.09095274811861721,0.09895663495435884
1778154726.3987892,tb1,0.14948315116131766,-0.6385670215901583,0.10027398572951754,0.12069388752280738
1778154726.4230323,tb3,0.38889951762279146,-0.5176322427035651,0.11700618887209381,0.09328639289113444
1778154726.424149,tb7,-0.3412969917543502,-0.8857998201508404,0.08129450432364202,0.07662952722387514
1778154726.4486938,tb2,-0.10910662700161615,-0.7688609468180183,0.09535958855175698,0.12165283230210523
1778154726.448853,tb1,0.14948315116131766,-0.6385670215901583,0.10581699129191077,0.13864445874981907
1778154726.4729917,tb3,0.3834308897605868,-0.5156190050395505,0.11648114584094288,0.09303121988861678
1778154726.4740913,tb7,-0.3450891199537605,-0.8872159647549449,0.08081695135872878,0.0763170580480968
1778154726.4987726,tb2,-0.11360979670906342,-0.7687782290187102,0.09513679452748287,0.1196287944741526
1778154726.4989204,tb1,0.14460572808838812,-0.6376582679302697,0.10531854889828035,0.13489834684092933
1778154726.523014,tb3,0.37798303090677865,-0.513642321949717,0.11667377284688293,0.10047476778130918
1778154726.5242138,tb7,-0.34884823615550103,-0.8886362313185081,0.08111227498348654,0.07697039233043695
1778154726.5488124,tb2,-0.11831056825279908,-0.768717942680941,0.09397509654357389,0.11164662001634784
1778154726.548985,tb1,0.1394781558383886,-0.6367373484866548,0.10332360434990352,0.1195842007156661
1778154726.573023,tb3,0.3725345029157143,-0.5116945540317419,0.11679162774826596,0.10652895395615256
1778154726.5741286,tb7,-0.35259891134411725,-0.8900697445906738,0.08136963859120233,0.07756857627075942
1778154726.5987341,tb2,-0.12300272072580073,-0.7686859242558971,0.09284144368785677,0.10401800079741833
1778154726.598895,tb1,0.13436691476628046,-0.6358551079406132,0.10146177662691733,0.1058674065394849
1778154726.6229923,tb3,0.3670714451678796,-0.5097730072120366,0.11657017872113506,0.10811504181324355
1778154726.6240478,tb7,-0.3563585978637631,-0.8915233398798006,0.08132633504759451,0.07777009921250432
1778154726.648776,tb2,-0.12763433228278598,-0.7686805857516436,0.09201581096066118,0.09844960529211737
1778154726.648981,tb1,0.12935107721323902,-0.6350211017036363,0.1003761566585481,0.09890160831417238
1778154726.672978,tb3,0.3670714451678796,-0.5097730072120366,0.12261372257224518,0.13124239689369255
1778154726.6740813,tb7,-0.3563585978637631,-0.8915233398798006,0.08563120987010306,0.08202103643952946
1778154726.6987748,tb2,-0.13220952444498343,-0.768699267749656,0.0914591972108851,0.09467252490056809
1778154726.6989071,tb1,0.12441444011499248,-0.6342275729751564,0.0998673141056268,0.09702080669964488
1778154726.7230492,tb3,0.36159934617774425,-0.5078812487379766,0.12215129211048278,0.12943560941958202
1778154726.7241096,tb7,-0.3601187384692809,-0.892993929150481,0.08536316162110201,0.08190830507997467
1778154726.7487185,tb2,-0.13675027360702446,-0.7687401139744718,0.09162787564376453,0.0950282248167447
1778154726.7489576,tb1,0.11951377931303614,-0.6334647761066226,0.10047422261279217,0.10383605033524887
1778154726.7731187,tb3,0.3558536469106926,-0.5059340145993835,0.12034908337613118,0.11344206311040224
1778154726.7741542,tb7,-0.36406342242171147,-0.8945549222828103,0.08411414672566134,0.08057062168811663
1778154726.7991443,tb2,-0.14128677749517282,-0.7688024969088757,0.08014284478854644,0.032267989587959685
1778154726.799432,tb1,0.11459806484011334,-0.6327246781379137,0.10085329195894316,0.10828456847802224
1778154726.823074,tb3,0.35014180355982044,-0.5040390718432622,0.1187684667525668,0.10030993082916252
1778154726.8242269,tb7,-0.3679708942331273,-0.8961196923761362,0.08304072754608943,0.0794509873383063
1778154726.8488536,tb2,-0.14128677749517282,-0.7688024969088757,0.09623874029102364,0.1180534379951064
1778154726.8489738,tb1,0.11459806484011334,-0.6327246781379137,0.10634300055686363,0.12541901947755293
1778154726.8730495,tb3,0.34450429159577944,-0.502204462023915,0.1165694398992966,0.08117806528619123
1778154726.8741534,tb7,-0.3718106923559138,-0.8976753739921856,0.08188336858287983,0.0782037487026428
1778154726.898697,tb2,-0.14532362145117048,-0.7688712303518951,0.09882878859434764,0.13356221504492616
1778154726.898837,tb1,0.10964269278125403,-0.6320054803418359,0.10572699194449482,0.12190336859773213
1778154726.9229858,tb3,0.33895705579246327,-0.5004288559688226,0.11678421750341571,0.08934599612964281
1778154726.9241276,tb7,-0.37558469171130504,-0.8992218520262302,0.08204051834808088,0.07867592897445211
1778154726.9487169,tb2,-0.150050237357866,-0.7689724016764675,0.09777785392242684,0.12613371697437878
1778154726.9488554,tb1,0.10443834291745434,-0.6312816160096847,0.10385063614192996,0.10894398978882501
1778154726.972873,tb3,0.3334281556964678,-0.49868490218527106,0.11739229394307002,0.10156189933576182
1778154726.9740794,tb7,-0.3793398135727185,-0.9007778490154305,0.08228623208058061,0.07925267721764377
1778154726.9988456,tb2,-0.15491314556889524,-0.7691075502929414,0.09597918514786609,0.11440228476798489
1778154726.9989545,tb1,0.0992819391743708,-0.6305964048260853,0.1023628825497909,0.09925253634363237
1778154727.0230064,tb3,0.3334281556964678,-0.49868490218527106,0.12343862421732413,0.12412701007178249
1778154727.0240898,tb7,-0.3793398135727185,-0.9007778490154305,0.08658450122467723,0.08371070545062256
1778154727.0487177,tb2,-0.15969864322625835,-0.7692706358273843,0.09458837478809369,0.10542883376239248
1778154727.0488386,tb1,0.09421559203446861,-0.6299514958029251,0.10156983338484311,0.09557547292585103
1778154727.0730534,tb3,0.32785365046249754,-0.496955730687953,0.12343646594005254,0.12827756771080484
1778154727.074253,tb7,-0.3831098712593809,-0.9023575196954348,0.08652417789963106,0.0838606266256442
1778154727.0986693,tb2,-0.16440324723488073,-0.7694577673379362,0.0941697840552071,0.10217681394404333
1778154727.098876,tb1,0.08920210179507482,-0.6293386558389471,0.10198140885245344,0.10127952735905511
1778154727.1230543,tb3,0.3220020185059631,-0.49517756782192934,0.12195330176933307,0.11673455737488128
1778154727.1241932,tb7,-0.387060913132503,-0.9040320262970826,0.08540408440206637,0.08263372930698128
1778154727.148701,tb2,-0.16906739361646236,-0.7696678884700631,0.09395911717038075,0.10027724710101883
1778154727.14887,tb1,0.0841886133296521,-0.6287505889992406,0.10227585858562215,0.1058242453652933
1778154727.1731606,tb3,0.31615663743511796,-0.49344160084970234,0.12039277630306615,0.10403992377932131
1778154727.174246,tb7,-0.3909912615703045,-0.9057172001856872,0.08433536674318534,0.0814660930713354
1778154727.1985688,tb2,-0.17371645225764387,-0.7699010133465595,0.09368539804614996,0.09815284854864527
1778154727.1987998,tb1,0.07915635924988203,-0.6281864907343611,0.1021269088906755,0.10657600035178286
1778154727.223124,tb3,0.31037639665821987,-0.4917622747078728,0.11923193410481055,0.09639116625653008
1778154727.224247,tb7,-0.39485839979406956,-0.907394287207952,0.08356369873340112,0.08069077287764373
1778154727.2487507,tb2,-0.17371645225764387,-0.7699010133465595,0.09821422000113313,0.12106490262409798
1778154727.2489321,tb1,0.07915635924988203,-0.6281864907343611,0.11737840571906595,-0.0021204284473726014
1778154727.2730534,tb3,0.30465605942698337,-0.49013302109356943,0.11845264919991533,0.0933492659978287
1778154727.2740908,tb7,-0.3986719666816349,-0.909066679111523,0.08299516873370244,0.08018194648207563
1778154727.2988195,tb2,-0.17835350480678205,-0.7701566576725958,0.09789279382643755,0.11866176053377711
1778154727.2989936,tb1,0.07412378031469724,-0.6276493206780509,0.1073475442651693,0.12272669335550919
1778154727.32302,tb3,0.2989787564378248,-0.48854568337445625,0.11877930857574467,0.10229892208538222
1778154727.3241591,tb7,-0.40244300835667063,-0.9107386112248412,0.08392354074828066,0.08168989775886322
1778154727.3486753,tb2,-0.18319652300299447,-0.7704506876423944,0.09680824617911624,0.11138068512410923
1778154727.3488405,tb1,0.06844570643000651,-0.6270565890926514,0.10522354393895227,0.12131094015256808
1778154727.3730197,tb3,0.2932991114035761,-0.48698710202673,0.11877790742552628,0.10705219185491321
1778154727.3740752,tb7,-0.4062261931849037,-0.9124342427094755,0.08394657276805188,0.08195802040227435
1778154727.3988113,tb2,-0.18801397122768884,-0.7707719429459676,0.0955964149079063,0.10362748515280681
1778154727.39895,tb1,0.06318721089454471,-0.6265292751396645,0.103581791843339,0.11046292658819783
1778154727.422993,tb3,0.2876099076253597,-0.4854576179106823,0.11847241732196832,0.10787063148010162
1778154727.4240587,tb7,-0.41001567623053164,-0.9141513061922362,0.08367796758691491,0.08181701169328645
1778154727.4486723,tb2,-0.19277255285539566,-0.7711161892308711,0.09462907046223064,0.09755007738743718
1778154727.4488955,tb1,0.058027996907809645,-0.6260434543179986,0.10249035125005619,0.10361441033937172
1778154727.4729974,tb3,0.28192622844791365,-0.4839622883651864,0.11800088082529019,0.10654655538736169
1778154727.4740012,tb7,-0.4137878325635811,-0.9158791707343384,0.08329338978260603,0.08150906238766548
1778154727.4987652,tb2,-0.19747348590016917,-0.7714809789845396,0.0863961670152986,0.23476506797670554
1778154727.4988902,tb1,0.05293793936782454,-0.6255929316035458,0.10182099707863042,0.10034927012800601
1778154727.5231605,tb3,0.28192622844791365,-0.4839622883651864,0.12403410470447163,0.12822180429309166
1778154727.524131,tb7,-0.4137878325635811,-0.9158791707343384,0.08756682222274169,0.08610903716846072
1778154727.5487528,tb2,-0.20193966535294183,-0.7718530465682812,0.08591415676109923,0.23056927513842765
1778154727.548948,tb1,0.04789208990661173,-0.6251728603404033,0.10123108843965409,0.09781750495370008
1778154727.573043,tb3,0.27625735151776326,-0.4825033136312439,0.1230499120821372,0.12119122245360978
1778154727.57412,tb7,-0.4175352628147496,-0.9176142642045801,0.08699193391860441,0.08550400293017797
1778154727.598753,tb2,-0.20612220115501853,-0.7722477369802742,0.09381923621690746,0.08187642214047666
1778154727.5989537,tb1,0.042878391258040056,-0.6247807647699037,0.10149252181705797,0.1018409777322659
1778154727.62304,tb3,0.2703191510724134,-0.4810123071165002,0.12018923542302402,0.09443173930734333
1778154727.624119,tb7,-0.42145230856422744,-0.9194478585925066,0.08529103011849541,0.0833721855164294
1778154727.6487172,tb2,-0.21060809182508203,-0.7727129007133287,0.08653872018373023,0.22534083439033953
1778154727.6488478,tb1,0.03786558043707092,-0.6244137865261046,0.1017804626969273,0.10587660516203021
1778154727.6729934,tb3,0.2644338758138581,-0.4795726252751394,0.1185042968754489,0.08121381174832662
1778154727.6740777,tb7,-0.42532779651314556,-0.921282215003132,0.08402606114119238,0.08185741892155968
1778154727.698959,tb1,0.03786558043707092,-0.6244137865261046,0.10733979520641543,0.12258921851521759
1778154727.6988993,tb2,-0.21060809182508203,-0.7727129007133287,0.09856089129568624,0.10319677755484175
1778154727.72311,tb3,0.25866272465247137,-0.4781911382758185,0.1171865062013293,0.07295741160428959
1778154727.7241776,tb7,-0.4291183704063746,-0.9230958634022121,0.08299485381320981,0.08065566261758614
1778154727.7487,tb2,-0.21488912383895717,-0.7731865103226883,0.09844271204826903,0.0966825196614432
1778154727.748861,tb1,0.032837695263514655,-0.6240718112288772,0.10698039738530737,0.12125778197882195
1778154727.7730856,tb3,0.25296530857801136,-0.4768518756036678,0.11767374580554142,0.08455772494238158
1778154727.7741165,tb7,-0.432841040521924,-0.9248958055018871,0.08314231311981218,0.08108620367899257
1778154727.7987645,tb2,-0.21965319274454148,-0.7737528125548584,0.09728562176252697,0.08997840569780982
1778154727.798911,tb1,0.027556226592743573,-0.6237429394595715,0.10516797975619642,0.10898929993467432
1778154727.823044,tb3,0.2472755545920578,-0.47553741140748373,0.11828624276935867,0.09697068770553197
1778154727.824113,tb7,-0.4365413933422766,-0.926703484251567,0.08341632628943624,0.08167989700819091
1778154727.848945,tb1,0.022288650565461435,-0.6234469131263377,0.10344100176874095,0.09762757869469407
1778154727.8488753,tb2,-0.224483004802542,-0.774350841711508,0.0886470779985183,0.22586403841205208
1778154727.8729973,tb3,0.24155451577872247,-0.47424234357576855,0.11798875831066585,0.09855316920406076
1778154727.8740582,tb7,-0.4402459560016639,-0.9285319021623688,0.08327996319017794,0.08169404896525068
1778154727.8988097,tb2,-0.22909285695710488,-0.7749454717106274,0.08763206966754948,0.2208277168454251
1778154727.8989334,tb1,0.0171166510380624,-0.6231851389539166,0.1023020694308479,0.09133065306615036
1778154727.9231048,tb3,0.24155451577872247,-0.47424234357576855,0.12400432255300685,0.11976213857161441
1778154727.9241104,tb7,-0.4402459560016639,-0.9285319021623688,0.08754130489777637,0.08640951728764355
1778154727.948891,tb2,-0.23336028269155684,-0.7755403342211665,0.08728907712229111,0.20994852131888744
1778154727.9490561,tb1,0.012018614459169068,-0.6229523615688288,0.10145881952457997,0.0875547218018792
1778154727.9734647,tb3,0.23583633868635573,-0.47297719856326675,0.12288570960718788,0.11158294843892949
1778154727.9745688,tb7,-0.4439401710895848,-0.9303740077424382,0.0870342192509747,0.08586148372997225
1778154727.9987578,tb2,-0.23758799137038022,-0.7761770520641853,0.09456482854247533,0.060653098609885873
1778154727.9988756,tb1,0.006972219588738919,-0.622745059143549,0.10175255749409358,0.09265013945012951
1778154728.0230625,tb3,0.22985072871225506,-0.4716872655656468,0.12038476135177645,0.08984072552481567
1778154728.0241857,tb7,-0.4478016431660917,-0.9323198165526324,0.08550062679835775,0.08390889750700056
1778154728.0487623,tb2,-0.24208268731055121,-0.7768928923081886,0.08753268549663605,0.20431643932398624
1778154728.0488968,tb1,0.001933010725971603,-0.6225606166506381,0.10214214233746641,0.09810102391081676
1778154728.0729725,tb3,0.22391772164948354,-0.4704436793781846,0.11901962540105922,0.08073918282471518
1778154728.0740628,tb7,-0.451627520204064,-0.9342683079087438,0.08434959096952813,0.08250534933238379
1778154728.0989368,tb1,-0.003125126446904821,-0.6223994664710158,0.10187153541942175,0.09811102520783727
1778154728.0988932,tb2,-0.24638014610976192,-0.777603827861397,0.09439900209148439,0.05431180319030364
1778154728.123023,tb3,0.21808539502417665,-0.46924984376022083,0.11789251996259531,0.07489340480225745
1778154728.1240852,tb7,-0.4553760335088513,-0.9361973510667828,0.08341089928970505,0.08139462700965917
1778154728.1488743,tb2,-0.24638014610976192,-0.777603827861397,0.09901860487826951,0.07518162698216663
1778154728.149013,tb1,-0.003125126446904821,-0.6223994664710158,0.10742914080822881,0.11440688046243008
1778154728.1730902,tb3,0.21231446844726884,-0.4680929864583901,0.11786369355777253,0.08094751017033591
1778154728.1742313,tb7,-0.4590646280110765,-0.9381148808044864,0.08300813906341686,0.08103352499887105
1778154728.1988444,tb2,-0.25096256858139127,-0.7783935601995485,0.09861661524020628,0.074193688505966
1778154728.1990123,tb1,-0.008179219653389814,-0.6222632800141421,0.10711714712206226,0.11384339079499235
1778154728.2230742,tb3,0.20656623113445308,-0.466963725597481,0.11865242545582083,0.09540154693493777
1778154728.224053,tb7,-0.46271279152695005,-0.9400303223512915,0.08344928284096587,0.0818700078073234
1778154728.2488644,tb1,-0.013492005168232197,-0.6221487019950126,0.10528028800509436,0.10225047044100204
1778154728.2488253,tb2,-0.25579990468345404,-0.7792437038382289,0.09715911238639487,0.0680344281456238
1778154728.2731512,tb3,0.20656623113445308,-0.466963725597481,0.12465403914469955,0.11637026034139299
1778154728.2741597,tb7,-0.46271279152695005,-0.9400303223512915,0.08772238358549261,0.08673716095815118
1778154728.2988255,tb2,-0.26059276260989733,-0.7801042630329889,0.08877490977189739,0.21037935726856347
1778154728.2988758,tb1,-0.018761456978294858,-0.6220647601240559,0.10375878340044925,0.09313255860327874
1778154728.3229766,tb3,0.20078853699433133,-0.46585441256109916,0.12496871184963132,0.12482372730478894
1778154728.3240697,tb7,-0.46636280457255486,-0.9419657299351036,0.0880142560542702,0.08735621455674185
1778154728.34896,tb2,-0.26508653870096877,-0.7809325281151174,0.08859399409160905,0.20791519562000718
1778154728.3490157,tb1,-0.02393897797955961,-0.6220088270000907,0.10355861636808665,0.0943370428580255
1778154728.3730054,tb3,0.19472590104063128,-0.46472382593590494,0.12317549375515953,0.11064316765220808
1778154728.37407,tb7,-0.4701861489017517,-0.9440137342908135,0.08700234515189859,0.08609946027026041
1778154728.3987825,tb2,-0.2693453381048448,-0.7817617480854964,0.08883793662547625,0.20070133310978616
1778154728.3989115,tb1,-0.02907764865790422,-0.6219775576949296,0.1034666318149823,0.09646963509789523
1778154728.4230413,tb3,0.1886529740596356,-0.46362930945791586,0.12072402567350143,0.08915403022915268
1778154728.424131,tb7,-0.4740112901041482,-0.9460841308493912,0.08567719274561597,0.08439185762258959
1778154728.448592,tb2,-0.27360546583130735,-0.7826367059659814,0.08130426562865217,0.15752959013368772
1778154728.4490504,tb1,-0.03420868868347969,-0.6219707373406951,0.10314873164252791,0.09651409107142182
1778154728.4730375,tb3,0.18267699746043925,-0.46258687923139175,0.11896861983380452,0.07602433604696916
1778154728.4741654,tb7,-0.47777341419613956,-0.9481414547525404,0.08461243634613971,0.08306391317200353
1778154728.4988406,tb1,-0.03420868868347969,-0.6219707373406951,0.1182863522080479,-0.014720254539082081
1778154728.4987566,tb2,-0.27360546583130735,-0.7826367059659814,0.1003201810128398,0.06799328867222729
1778154728.5230443,tb3,0.17680735005459877,-0.4615904696232726,0.11714026774784657,0.06299694414377505
1778154728.5240963,tb7,-0.481467072711676,-0.9501816792108141,0.08350613593154065,0.08167526759623511
1778154728.548696,tb2,-0.27753465099451385,-0.783480565052126,0.10180081238990824,0.07078284716240554
1778154728.548986,tb1,-0.039325410738894326,-0.6219885791582407,0.10792612567784067,0.10936955649335817
1778154728.573121,tb3,0.17102683635636853,-0.4606312977771662,0.11834954970856412,0.08277288867430567
1778154728.5741298,tb7,-0.48509963535565265,-0.9522078673177734,0.08450750723256326,0.08333040170365819
1778154728.5986936,tb2,-0.282284110551609,-0.7845267084760745,0.10082144275517954,0.06742615455512069
1778154728.598913,tb1,-0.045072600791111125,-0.6220188386251407,0.10581454516697462,0.10886920853730066
1778154728.6229672,tb3,0.1652338725006328,-0.45969101195374545,0.11953691000439508,0.10160870552788097
1778154728.6240666,tb7,-0.48873922168183587,-0.9542577055736307,0.08478511258495937,0.08392729654759873
1778154728.6487393,tb2,-0.2872044688652463,-0.7856282310584697,0.09878693646391379,0.05926292666606027
1778154728.6489768,tb1,-0.05038592213674188,-0.6220654797485788,0.10443854963350895,0.10112023360521881
1778154728.6731305,tb3,0.1652338725006328,-0.45969101195374545,0.1255419260112933,0.12242633348620634
1778154728.6741405,tb7,-0.48873922168183587,-0.9542577055736307,0.08905075108988146,0.08894613313845494
1778154728.698717,tb2,-0.292050394269662,-0.7867301879941938,0.09024027153307634,0.20052304016130537
1778154728.6988716,tb1,-0.055599841766303726,-0.622139492448225,0.10363515764681147,0.09741082249881602
1778154728.723086,tb3,0.15938122873015076,-0.45876815076309,0.12592773701120416,0.1310632069888165
1778154728.7242296,tb7,-0.49238983239206924,-0.9563338673208344,0.08902391651140504,0.08907873697272826
1778154728.7486534,tb2,-0.29659027015155986,-0.787782120412163,0.08975337990276097,0.19762518384371444
1778154728.748796,tb1,-0.06075464675492952,-0.6222388917438229,0.10384309618170548,0.10148193433847341
1778154728.772958,tb3,0.15324843743821243,-0.4578363845109362,0.12418310546961667,0.1171837678172519
1778154728.7740421,tb7,-0.49620252099098083,-0.9585240493959772,0.08775562108461182,0.08739804505060726
1778154728.7988691,tb2,-0.3008732915042573,-0.7888173576287809,0.08988944170983659,0.19044376704946966
1778154728.798874,tb1,-0.0658970152334362,-0.6223634963330139,0.10394845284589158,0.10448018969090103
1778154728.8230968,tb3,0.1470934285366677,-0.4569412517897724,0.12166376437655281,0.09454751241189824
1778154728.8241599,tb7,-0.5000069329951461,-0.9607319852521544,0.0862970191405993,0.08544284775616251
1778154728.848904,tb2,-0.3008732915042573,-0.7888173576287809,0.10131974174879281,0.06353903821279032
1778154728.8495378,tb1,-0.07104447713264579,-0.6225145811406309,0.08188068269320417,-0.05988657167299809
1778154728.872996,tb3,0.1410393668376649,-0.4560975701066646,0.11979774179522143,0.08004556135805999
1778154728.8740926,tb7,-0.5037359990365705,-0.9629181171869872,0.08518421847667322,0.08400956677843782
1778154728.898923,tb1,-0.07104447713264579,-0.6225145811406309,0.1091862385058042,0.12016462406282603
1778154728.8988552,tb2,-0.3051464272834841,-0.7898944953081449,0.10107981470613935,0.057044852877616674
1778154728.922938,tb3,0.1351006587400177,-0.4552989979455157,0.11955093278433629,0.08369240192828357
1778154728.9241078,tb7,-0.5073904300915233,-0.9650815777146732,0.08316834271134405,0.08124678099034686
1778154728.9487948,tb2,-0.3099352394666181,-0.7911341437936252,0.09879830242529512,0.047855438078664714
1778154728.9489305,tb1,-0.07522953834171552,-0.6226430809706678,0.11592206125484603,0.17967246129451966
1778154728.972991,tb3,0.12920600773439647,-0.45453103425893204,0.1201808848166862,0.09645077010775949
1778154728.9741387,tb7,-0.5109576850870413,-0.9672135812823225,0.08351282577964741,0.08195287989501795
1778154728.9987094,tb2,-0.3147760994816848,-0.7924022908775621,0.09704626861769018,0.041835466772806966
1778154728.9989026,tb1,-0.0804638865526842,-0.6228188974812023,0.11455400347872945,0.16882927826935126
1778154729.0229824,tb3,0.12329201328391819,-0.45378701656736553,0.12047971034743962,0.10476921362157746
1778154729.0240993,tb7,-0.5144984908938018,-0.969349498935262,0.08471380262651318,0.08390934951580026
1778154729.048932,tb1,-0.08615539789996787,-0.6230555197580244,0.1100097862908304,0.13302482526060896
1778154729.0488994,tb2,-0.31950623990894345,-0.7936540878211937,0.08939116074130761,0.18937820057207785
1778154729.0729494,tb3,0.11735970063466518,-0.45307068745216855,0.11996543561072275,0.10365547440220749
1778154729.0741613,tb7,-0.5180758926253152,-0.9715277206080642,0.08523045504587953,0.08484377670665615
1778154729.0988593,tb1,-0.0917159537038959,-0.6233333444361892,0.10638230353610091,0.1057372994342769
1778154729.098812,tb2,-0.32401542205140627,-0.7948608376739126,0.08894936348885209,0.18954700382047054
1778154729.1230073,tb3,0.11735970063466518,-0.45307068745216855,0.1259581597446177,0.12400226798574171
1778154729.1241112,tb7,-0.5180758926253152,-0.9715277206080642,0.08947745689042616,0.08994017657821582
1778154729.148757,tb2,-0.32823104868229236,-0.7960269300162074,0.08891947688052658,0.18214412898416898
1778154729.1489067,tb1,-0.09706696781335264,-0.6236370222267981,0.10422153762828344,0.09126253925221953
1778154729.173161,tb3,0.11144360374811788,-0.4523875817400773,0.12474484372026139,0.11489489094674114
1778154729.1742477,tb7,-0.5216734863831315,-0.9737390684154202,0.08917012442185357,0.08962721493599148
1778154729.1987724,tb2,-0.3324254547815525,-0.7972297556718636,0.08942350783022665,0.17726910676019964
1778154729.1988711,tb1,-0.10226973090765419,-0.6239600648137659,0.10401400543180432,0.09243690871466674
1778154729.223148,tb3,0.10525121283372418,-0.451708625461749,0.12220428404362962,0.092692920916283
1778154729.224235,tb7,-0.525435605220723,-0.9760742810816271,0.08771005039099182,0.08761378236993557
1778154729.248714,tb2,-0.33662896409147763,-0.7984765006485164,0.08968427567789378,0.17180322779230756
1778154729.2489402,tb1,-0.107420333236071,-0.6243038903513697,0.10402689804567622,0.09529617067815421
1778154729.2731178,tb3,0.09913580937784683,-0.45107416422659086,0.12023717467045844,0.077371623151652
1778154729.2741394,tb7,-0.5291607288158151,-0.9784096818337442,0.08628738661272638,0.085673130227416
1778154729.2988443,tb2,-0.33662896409147763,-0.7984765006485164,0.1008453172291851,0.04493824168024244
1778154729.2989767,tb1,-0.107420333236071,-0.6243038903513697,0.119168471736559,-0.01687404088627652
1778154729.3230476,tb3,0.09314219075542414,-0.45048116817805195,0.11914964411682762,0.07240316884338265
1778154729.3240578,tb7,-0.5328032331836386,-0.9807156297297769,0.08525681173267781,0.08432792301445766
1778154729.3487866,tb2,-0.34084227814078194,-0.7997662532572216,0.10066258078446327,0.03993164429673273
1778154729.3490007,tb1,-0.11256745520357286,-0.6246716769099744,0.1092432978161719,0.11126530296738482
1778154729.3730896,tb3,0.0872229846027338,-0.44991887287230836,0.12033288523534481,0.09156158378234974
1778154729.374085,tb7,-0.5363804715610615,-0.9830017945493151,0.08619863366418848,0.08592074979211627
1778154729.3987114,tb2,-0.3456004604403803,-0.8012484305739409,0.09950847176811783,0.03739750796053012
1778154729.3989403,tb1,-0.11837070005199278,-0.6250959717106338,0.10728372880800043,0.11293373844261348
1778154729.4230416,tb3,0.08128733251614069,-0.44937838588515233,0.12106255766134724,0.10504685937527126
1778154729.4240823,tb7,-0.5399581167949173,-0.9853097088455968,0.08632330184180573,0.08628378111648294
1778154729.4489262,tb1,-0.12374553767062736,-0.6255069617627353,0.10576306409973069,0.10425196872558859
1778154729.4488628,tb2,-0.3503737799023845,-0.8027461420034278,0.09808249022460619,0.03384367692213085
1778154729.4730055,tb3,0.07530961461111882,-0.4488628576842921,0.12111856089324533,0.11012619859141096
1778154729.4741414,tb7,-0.5435414444202991,-0.9876431420803765,0.08615250891466063,0.08619552963306049
1778154729.4986644,tb2,-0.35508091180420315,-0.8042328770490738,0.09031161878983322,0.18053563658224872
1778154729.4988112,tb1,-0.12901822976618388,-0.6259398652018285,0.10477302912489082,0.09903715778873429
1778154729.523087,tb3,0.07530961461111882,-0.4488628576842921,0.12710994658879113,0.1302816635280234
1778154729.5242233,tb7,-0.5435414444202991,-0.9876431420803765,0.09040936120984339,0.09141129370036284
1778154729.5487838,tb2,-0.3595704915193965,-0.8056628172962812,0.08955622645608291,0.17952980687033165
1778154729.5490458,tb1,-0.13421996136874156,-0.6263945972707735,0.1041029022576599,0.09628077584035732
1778154729.5730512,tb3,0.06932270316005937,-0.44837877935436604,0.12638044679858754,0.12627558435950398
1778154729.5741646,tb7,-0.5471096853434184,-0.9899887212058275,0.0899446418868759,0.09085145543232108
1778154729.598903,tb2,-0.36376373110270904,-0.8070354066671444,0.0899644036069639,0.17461948170056774
1778154729.5989184,tb1,-0.13937349393848097,-0.6268709184194594,0.10431392419572369,0.10038067349113734
1778154729.6230762,tb3,0.06306364365520366,-0.4479106976761857,0.1236386202703245,0.10156547337292768
1778154729.624164,tb7,-0.550829830561648,-0.992457878117076,0.08831368221849425,0.08853549932253624
1778154729.6486175,tb2,-0.36794627840879557,-0.8084459033051367,0.09023400844188952,0.1693644560648363
1778154729.6488361,tb1,-0.14451756073115754,-0.6273717536223513,0.10439801539920242,0.10325383045185073
1778154729.673065,tb3,0.05685613601808388,-0.44748568958647605,0.12125095653782636,0.08134862044440797
1778154729.6741507,tb7,-0.5545115928587089,-0.9949256810678166,0.08682603149720367,0.08646178745879737
1778154729.6989079,tb2,-0.37213524108529644,-0.8098988794293209,0.09654380444728647,0.017016038758315977
1778154729.698995,tb1,-0.14966376704676163,-0.6278991615023998,0.08865344290513544,-0.012162105273194682
1778154729.7230408,tb3,0.050776033439217716,-0.4471014381877152,0.11979325416508904,0.07214779786051428
1778154729.7241278,tb7,-0.5581125551320235,-0.9973626009624383,0.08573149741280552,0.08499691789627763
1778154729.7488422,tb2,-0.37213524108529644,-0.8098988794293209,0.10122341195045491,0.035958101065803084
1778154729.7490764,tb1,-0.14966376704676163,-0.6278991615023998,0.10963358666160004,0.1184298098454101
1778154729.7730603,tb3,0.0447961464045005,-0.44674851202503274,0.11954703564600243,0.0762641650366492
1778154729.7741425,tb7,-0.5616429903202581,-0.9997741720807841,0.0840720605882276,0.08268772461958222
1778154729.799012,tb1,-0.15413218412165203,-0.6283680842035035,0.11414931106571033,0.158369629709489
1778154729.799419,tb2,-0.37666618114196154,-0.8114946125923765,0.1001804613019803,0.03448709715404643
1778154729.823018,tb3,0.03885811927489641,-0.446420199098968,0.12046405909509485,0.09235075942819973
1778154729.8240786,tb7,-0.5650937154228892,-1.002152753748596,0.08461961183460343,0.08370000802792703
1778154729.84884,tb2,-0.3814096612835709,-0.8131729847636705,0.09850890865559582,0.030172634902559774
1778154729.8489475,tb1,-0.15948852395873597,-0.6289508168792531,0.11215265805333749,0.1441130912640259
1778154729.8732977,tb3,0.03288878775892314,-0.4461149793521662,0.09991563503458256,-0.11734456279337976
1778154729.8740158,tb7,-0.5685333228803473,-1.0045448866655446,0.07948691493657933,0.07617937743088644
1778154729.8988194,tb2,-0.3860820470839786,-0.8148352420212664,0.09082109341795719,0.1783977403132449
1778154729.8989556,tb1,-0.1650482966461162,-0.6295967341232245,0.1086492559246675,0.11793527635404763
1778154729.922994,tb3,0.03288878775892314,-0.4461149793521662,0.12689781237968287,0.12216312101019937
1778154729.924079,tb7,-0.5685333228803473,-1.0045448866655446,0.08978322880482617,0.09049732512172282
1778154729.949031,tb2,-0.3905067156907245,-0.816421913341389,0.08865075188846165,0.17013246438598573
1778154729.9493787,tb1,-0.17046844897482974,-0.6302655632788561,0.10463443772993886,0.08900095443501957
1778154729.973509,tb3,0.027783968433592866,-0.4458526963868184,0.13328098841845493,0.20686385321585116
1778154729.974556,tb7,-0.5717680833579916,-1.0068138135585312,0.09073086006276207,0.09213398117062815
1778154729.9987807,tb2,-0.3946364983763412,-0.8179407036201662,0.0887022730809082,0.1640970156281191
1778154729.9993308,tb1,-0.1756993272313812,-0.6309417725816517,0.10385304466990394,0.08576949161750386
1778154730.0231428,tb3,0.021782213134437456,-0.4455488433708414,0.13176267355301474,0.1923432119397768
1778154730.0242813,tb7,-0.5753722617302783,-1.0093645894477807,0.08925055643930964,0.08997868306557737
1778154730.0487907,tb2,-0.3987156378987773,-0.8194802378330616,0.08977624098213852,0.16275444621294324
1778154730.04889,tb1,-0.18081835353407277,-0.6316271610508497,0.10433351474425927,0.09267322508514386
1778154730.073079,tb3,0.015236168137672009,-0.44527439191023516,0.12664206467461978,0.13698560787749586
1778154730.0741646,tb7,-0.5790154105428705,-1.0119678682938675,0.08778056099790703,0.08788631222352898
1778154730.0989425,tb1,-0.18081835353407277,-0.6316271610508497,0.10988676989153,0.10818534805574678
1778154730.0988057,tb2,-0.3987156378987773,-0.8194802378330616,0.10088510027557267,0.033506905806835255
1778154730.123067,tb3,0.008838909217535875,-0.4450668087557561,0.12263030713923628,0.09618670434376711
1778154730.1241245,tb7,-0.5825770212375158,-1.0145372669367174,0.08675182929150378,0.0864879753685012
1778154730.1487913,tb2,-0.4028258932937765,-0.8210700713269062,0.10136133690574292,0.031704435978051615
1778154730.1490095,tb1,-0.18594126874122074,-0.6323361950165881,0.10998168478183046,0.11155364944377237
1778154730.1731021,tb3,0.002676005682123513,-0.444909245785973,0.12200541936355411,0.09420797584255447
1778154730.1741936,tb7,-0.5860702591870764,-1.017080800204992,0.08689378078427554,0.08687978368773934
1778154730.198702,tb2,-0.4074541017880671,-0.8228850973117057,0.10043205378148858,0.030680349607372925
1778154730.1989741,tb1,-0.19131962250956872,-0.6331082706970171,0.1085075728148021,0.10353097966603926
1778154730.222973,tb3,-0.0033898196728924467,-0.44478422522628686,0.12223309151043381,0.10213831996317463
1778154730.2241135,tb7,-0.589538194156123,-1.0196290295101318,0.08709318012056083,0.08735523678079463
1778154730.24878,tb2,-0.41214586109168794,-0.8247336812021021,0.09913261150077007,0.02826041899916157
1778154730.248956,tb1,-0.1966937730133495,-0.6339099117696654,0.10693087608501509,0.094650970809739
1778154730.273047,tb3,-0.009453176176928993,-0.4446886659250611,0.12220235470110766,0.10658479466777016
1778154730.274142,tb7,-0.5930027445313519,-1.0221980584024097,0.08705440980738868,0.0874557172943459
1778154730.2991035,tb1,-0.20198591984772918,-0.6347277935318844,0.10589029156595828,0.08995436207590468
1778154730.2991211,tb2,-0.41678325075012645,-0.8265690936855068,0.09148016841679078,0.17740238804087233
1778154730.323163,tb3,-0.009453176176928993,-0.4446886659250611,0.12819862850692293,0.12621086219687666
1778154730.3242495,tb7,-0.5930027445313519,-1.0221980584024097,0.09132133222938386,0.09285590136565706
1778154730.3488605,tb2,-0.421214265331318,-0.8283337644717005,0.09066064797106402,0.17660383326679274
1778154730.3490908,tb1,-0.20720310710660594,-0.6355597663733145,0.10515920389854765,0.08785697193189959
1778154730.3731086,tb3,-0.015515557628742502,-0.44462461033769884,0.12744347994615554,0.12251668065903076
1778154730.3742585,tb7,-0.5964565476706823,-1.0247825780912345,0.09094617360763507,0.09240858346445634
1778154730.3990333,tb2,-0.4253540285648952,-0.8300200319536384,0.09104718534226586,0.17173019608871676
1778154730.3990974,tb1,-0.21236682629252568,-0.6364071303806125,0.10538151680423617,0.09279465446289642
1778154730.4230685,tb3,-0.021848036561411526,-0.44459471048218996,0.12466452493651006,0.09831269311573196
1778154730.4242249,tb7,-0.60005567147294,-1.0275012370072063,0.0893736675150501,0.09011273065762458
1778154730.4487054,tb2,-0.4294781390681012,-0.8317422643952826,0.09129285801180229,0.1665153189178736
1778154730.4488938,tb1,-0.21751897231675157,-0.637276295569997,0.10545756420049697,0.09644595387910654
1778154730.4730496,tb3,-0.02812424451105533,-0.4446033306070182,0.12225168128270757,0.07857346472637251
1778154730.4741263,tb7,-0.6036199970320513,-1.0302195087714094,0.08790272943628388,0.08800375984993627
1778154730.4988084,tb2,-0.4294781390681012,-0.8317422643952826,0.10241007185463795,0.03601465455067378
1778154730.4988868,tb1,-0.21751897231675157,-0.637276295569997,0.11099707266493097,0.11177111451822007
1778154730.523061,tb3,-0.03426404545752753,-0.4446428477188704,0.12081275349211747,0.07014056799651644
1778154730.5241935,tb7,-0.6071047880932878,-1.0329021389593689,0.08683052287968546,0.08652596466166354
1778154730.5488524,tb2,-0.43360515753524026,-0.8335069043760813,0.10222060601745048,0.03117491073880374
1778154730.5491343,tb1,-0.22267133770749925,-0.6381704950310729,0.11067159386431298,0.11176952871747772
1778154730.5729594,tb3,-0.04030151139767276,-0.44470580600047055,0.12156129375041921,0.08504121193273763
1778154730.5740445,tb7,-0.6105202172018805,-1.0355554276815677,0.08701063941105748,0.08698355860108031
1778154730.5988574,tb2,-0.4382310936338887,-0.8355113309797835,0.10084140826678856,0.028258004786311658
1778154730.5989647,tb1,-0.2280696674675903,-0.6391364917284635,0.10884154481672377,0.10115427903863053
1778154730.6230276,tb3,-0.04633281933101107,-0.44479143752658773,0.12227943940349122,0.09871458251757824
1778154730.6241217,tb7,-0.6139115665750818,-1.0382137261735807,0.08728043659206264,0.08756457298635972
1778154730.6487982,tb2,-0.4428873429704771,-0.837537775098981,0.09297306921550397,0.17240936230108833
1778154730.6489959,tb1,-0.2334380325336038,-0.6401279018009912,0.10714756265137354,0.09157489417016704
1778154730.673088,tb3,-0.04633281933101107,-0.44479143752658773,0.12826864338547264,0.11811861327947376
1778154730.674231,tb7,-0.6139115665750818,-1.0382137261735807,0.09155715411809234,0.09304185207247427
1778154730.6988292,tb1,-0.23870355642565716,-0.6411282452943937,0.10600119003341442,0.08656390680793549
1778154730.6987762,tb2,-0.4473133185316062,-0.8394758588534555,0.09190867239146902,0.17022530158940824
1778154730.7230465,tb3,-0.05239928540455473,-0.44490507391471906,0.1278530129453962,0.11876995179405883
1778154730.7241347,tb7,-0.6173021503478215,-1.0408953710931472,0.09136183645609793,0.0928802065132562
1778154730.7486825,tb2,-0.45145971055572603,-0.8413299012868253,0.09204524838063077,0.16486787038406933
1778154730.748854,tb1,-0.24389153709784386,-0.6421385985562202,0.10605423313876373,0.09049158488629937
1778154730.773095,tb3,-0.05874579805750435,-0.44505865112998133,0.12538625732248382,0.09859045972513295
1778154730.774156,tb7,-0.6208409183081296,-1.0437203009796725,0.08990993015425286,0.09075280824396972
1778154730.7988026,tb2,-0.4555747175231561,-0.8432119006292949,0.0984074682155163,0.013473964282722517
1778154730.798954,tb1,-0.24905181655113712,-0.6431671454177053,0.1061611990388253,0.09457632240442518
1778154730.8230715,tb3,-0.06505944129006573,-0.4452486393262072,0.1230132153363662,0.07958675444628402
1778154730.8241363,tb7,-0.6243552494771952,-1.0465525016713282,0.08846380520358786,0.08866023041649879
1778154730.8486876,tb2,-0.4599335382831949,-0.8452359863066009,0.09174503930274819,0.16336058586119673
1778154730.8489158,tb1,-0.2542103266079511,-0.6442199497275236,0.10601459325222229,0.09645617683286048
1778154730.8730245,tb3,-0.07124322983986275,-0.44546667072058443,0.12219465349046738,0.0777380760103852
1778154730.8740942,tb7,-0.6277933272962247,-1.0493492310614339,0.08761963836877659,0.08752461171516977
1778154730.898749,tb2,-0.4599335382831949,-0.8452359863066009,0.10278142655205746,0.0329383293295879
1778154730.8989751,tb1,-0.2542103266079511,-0.6442199497275236,0.12103869086264597,-0.01654025730130064
1778154730.923,tb3,-0.07733420039921785,-0.4457068047376925,0.12126848908524426,0.07523418594296861
1778154730.9240801,tb7,-0.631166580154212,-1.0521182801389248,0.08682772209714804,0.08648009133669018
1778154730.948778,tb2,-0.46405336414294335,-0.8471705625855029,0.10239103677377505,0.028109996502516388
1778154730.9489155,tb1,-0.25935699048231303,-0.6452959402307356,0.1109190105089068,0.10953785143105986
1778154730.973116,tb3,-0.08337808213102132,-0.4459685517971996,0.12222609890356533,0.09186947418018211
1778154730.9741461,tb7,-0.6344940667864803,-1.0548742265196962,0.08783543412616349,0.0882090848365389
1778154730.9990041,tb1,-0.2651337618908471,-0.6465149721103761,0.10886931208242752,0.11115283758948744
1778154730.9989247,tb2,-0.4686250927844204,-0.8493437267936371,0.1012567280472131,0.026445731448377224
1778154731.0229583,tb3,-0.08943087686379393,-0.44625511766620585,0.12274537594459053,0.10320263561473264
1778154731.0240996,tb7,-0.6378230903715927,-1.057656021861492,0.08796813181356297,0.0885769097429541
1778154731.048738,tb2,-0.4732190692159899,-0.8515357632280627,0.09342229905965509,0.17110983628699983
1778154731.0489612,tb1,-0.2704783451189233,-0.6476599066855585,0.10731722868576417,0.10263321715184653
1778154731.0731854,tb3,-0.08943087686379393,-0.44625511766620585,0.12875492862312365,0.122588405508759
1778154731.0744514,tb7,-0.6411546931343244,-1.0604650170124943,-0.0,0.0
1778154731.098766,tb2,-0.4776122552555455,-0.8536428721157727,0.0922824521104033,0.1693372391762144
1778154731.098902,tb1,-0.27571571967079694,-0.6488120521201812,0.10622827535013571,0.09706210978325147
1778154731.1230845,tb3,-0.09551106415111042,-0.4465722878826051,0.12829994091954933,0.12255471673339699
1778154731.1241872,tb7,-0.6411546931343244,-1.0604650170124943,0.0919143850726355,0.09372365982235169
1778154731.1488261,tb2,-0.4817114270446034,-0.8556469895312729,0.0885003983976796,0.1473581205689236
1778154731.1489637,tb1,-0.280876965930331,-0.6499753434243359,0.0910612017949148,-0.01238731070345063
1778154731.1732187,tb3,-0.10185912372771862,-0.4469394297678053,0.12042672345423906,0.046073882902563375
1778154731.1741664,tb7,-0.6413775390419427,-1.060642163719013,0.11463996777477614,0.12942069363825193
1778154731.1987767,tb2,-0.4856628970760441,-0.8576190806296794,0.09222075194036564,-0.014964881940930166
1778154731.1989362,tb1,-0.2855470878680746,-0.6510450960365716,0.08356145343942473,-0.06267058756296476
1778154731.222978,tb3,-0.10812217625920399,-0.44733913745709675,0.11391300343256133,-0.014721075442243247
1778154731.2241464,tb7,-0.6424717937794151,-1.0615858368116122,0.12938663076977625,0.149056144978918
1778154731.2487664,tb2,-0.489722571219274,-0.8596695396100303,0.08538149771607313,0.1354138795781734
1778154731.2489195,tb1,-0.28972404266576235,-0.6519964234279846,0.08915001185670476,-0.013183242013845298
1778154731.273103,tb3,-0.11400910815446996,-0.4477334184345746,0.11376711579043577,-0.006412804507874457
1778154731.274196,tb7,-0.6454913641136905,-1.0641918818183898,0.12847412748141418,0.14408914022237063
1778154731.298692,tb2,-0.489722571219274,-0.8596695396100303,0.09643767684945745,0.004195532805317398
1778154731.298878,tb1,-0.28972404266576235,-0.6519964234279846,0.094768410458509,0.002340162440363329
1778154731.3230774,tb3,-0.11969359085795354,-0.44811365586408686,0.1172210357533249,0.04124635070272668
1778154731.3241677,tb7,-0.6500997787583584,-1.06822111017646,0.11524094564344353,0.12205533962575552
1778154731.3488796,tb2,-0.4935226968385692,-0.86160142235981,0.09801592820523206,0.009226734570272274
1778154731.3490531,tb1,-0.29404019065663894,-0.6529703846396786,0.10633062616040251,0.09781052788785066
1778154731.3730578,tb3,-0.12545532132643133,-0.4484995589226422,0.12110464552060332,0.09187662711639176
1778154731.3743033,tb7,-0.6545851249034186,-1.0721973366929904,0.10385777424947465,0.10434185199637708
1778154731.3988328,tb2,-0.4977642856878773,-0.8637752284045188,0.09863070431046497,0.015882030522152216
1778154731.3989656,tb1,-0.2986590830936474,-0.6540117673613813,0.11564940673420121,0.17734965299539096
1778154731.4230027,tb3,-0.1314011359778968,-0.4489134438355235,0.12303311314445471,0.11849241639702106
1778154731.4241655,tb7,-0.6585323219317256,-1.0757390317238194,0.0977936412231177,0.09540456991019124
1778154731.4487312,tb2,-0.5021285409563987,-0.866014009872044,0.0922449610777518,0.16838218345774514
1778154731.4488816,tb1,-0.30386840623765715,-0.6552047236195667,0.11794967736176594,0.19656531078401646
1778154731.473044,tb3,-0.1314011359778968,-0.4489134438355235,0.1290170676762108,0.13848953464079608
1778154731.4740696,tb7,-0.6585323219317256,-1.0757390317238194,0.1020498819847196,0.1011501133379588
1778154731.4986768,tb2,-0.5063530590377201,-0.8681899473232673,0.09229873560651566,0.17116126496416098
1778154731.4988515,tb1,-0.30946508583687365,-0.6565339619642384,0.11563355104243131,0.17649345706505926
1778154731.523018,tb3,-0.13747581388748245,-0.4493675461276298,0.1290068555028666,0.14183344267202364
1778154731.524062,tb7,-0.6621454461662846,-1.079014456697732,0.09917201611484583,0.09706741683644361
1778154731.548786,tb2,-0.5103709826799097,-0.8702982434749604,0.09324725637278442,0.1692738378482811
1778154731.5488853,tb1,-0.31504814458818253,-0.6579161696312245,0.11383439606079586,0.16052849511697315
1778154731.5731585,tb3,-0.1438334741945371,-0.4498841724534061,0.12709691123964692,0.1254039587767675
1778154731.5742302,tb7,-0.6658639043131165,-1.0824189174478085,0.09551625604025023,0.09182421499418295
1778154731.5987532,tb2,-0.5143985927566199,-0.8724556384093204,0.1000624594027673,0.018470128044309475
1778154731.5989444,tb1,-0.3205199996816709,-0.6593217354630938,0.1122734792703212,0.14758945473938806
1778154731.6230028,tb3,-0.1501796155586665,-0.4504445808634376,0.12497913668169348,0.10705806113989179
1778154731.6241639,tb7,-0.669451459238548,-1.0857361668946415,0.09262447254772932,0.08784463005102716
1778154731.6487608,tb2,-0.5186629821261091,-0.8747748979186183,0.09357056476933427,0.16921491571200048
1778154731.6489837,tb1,-0.32590151212444257,-0.6607494486069316,0.11082823204497555,0.13643620793869182
1778154731.6730664,tb3,-0.1564267128708737,-0.45103713751931873,0.12402677875318575,0.10164997397704142
1778154731.6741593,tb7,-0.6728896940524723,-1.0889453030983873,0.0908423817045577,0.0855985114611172
1778154731.6986907,tb2,-0.5227859452179361,-0.8770361413219903,0.09319658962460678,0.16550188720387382
1778154731.6988676,tb1,-0.3312024581981343,-0.6621968177673211,0.1092437734342983,0.1250277107609366
1778154731.7230608,tb3,-0.16258306662100686,-0.45165580566814445,0.12308613277893443,0.09715469313102462
1778154731.72412,tb7,-0.6762145668607278,-1.0920764329728876,0.08950289227101996,0.08403960583852038
1778154731.7487874,tb2,-0.5267904062433485,-0.8792759392922065,0.09287961940233529,0.15843688472659198
1778154731.7488134,tb1,-0.3364195248421624,-0.6636584367618282,0.10779857963466195,0.1152375507001236
1778154731.773049,tb3,-0.1686876983267645,-0.4523008904870085,0.12201118419063406,0.09136109617335583
1778154731.774081,tb7,-0.6794626426619764,-1.0951617303396524,0.08839748554393044,0.0828319862697284
1778154731.7990868,tb2,-0.5267904062433485,-0.8792759392922065,0.10378119091847413,0.02860731800149209
1778154731.7991455,tb1,-0.3364195248421624,-0.6636584367618282,0.11337829341276785,0.13056534255317612
1778154731.8229878,tb3,-0.17473799500826853,-0.45296999235767327,0.12109428541183936,0.08730548594530173
1778154731.8240473,tb7,-0.6826496724415829,-1.0982146849122842,0.08749435433884477,0.08191909309796172
1778154731.848649,tb2,-0.5307640638070636,-0.8815410226751675,0.10319630082133252,0.022623772135488482
1778154731.8488755,tb1,-0.3415562559656514,-0.6651310445361142,0.11217106480177497,0.12296902780161739
1778154731.8730211,tb3,-0.18073411249707935,-0.4536608766290396,0.1219421065343904,0.1014408006596968
1778154731.8740492,tb7,-0.6857852370862707,-1.1012433692509107,0.08778474846748541,0.08277910334392756
1778154731.8989098,tb1,-0.34691993627210005,-0.6667045177284491,0.10966845752528354,0.10613882223132959
1778154731.8988338,tb2,-0.5351865495789264,-0.8840888997799932,0.1016045179122025,0.019285061832523195
1778154731.9231074,tb3,-0.18672769504152967,-0.4543789641084951,0.12272322297644747,0.11417915841728873
1778154731.924192,tb7,-0.6888985927448578,-1.104275470159213,0.0881253675375328,0.08369161439481416
1778154731.9494212,tb2,-0.5396400749468482,-0.8866620055672464,0.09998394474395225,0.01629132273285462
1778154731.9495625,tb1,-0.3522297984357494,-0.6682985603641511,0.10753942245546959,0.09227169393372169
1778154731.9734612,tb3,-0.19275433874969797,-0.4551326590404023,0.12281261937176621,0.11839560553524446
1778154731.974341,tb7,-0.6920116132865602,-1.1073324982036536,0.08809581703731154,0.084027457212719
1778154731.9987843,tb2,-0.5440136243609771,-0.8891948752340959,0.09228385937683775,0.1654021320384011
1778154731.99902,tb1,-0.3574061200543216,-0.6698842290784116,0.10622946336113344,0.08583291062311219
1778154732.0230525,tb3,-0.19878978349632528,-0.45592270660179934,0.12202985172561413,0.11359904829724134
1778154732.0240383,tb7,-0.6951149456476963,-1.1104056367801662,0.08766863205200212,0.08376141709761808
1778154732.0489366,tb1,-0.36248102315977965,-0.6714654451090514,0.10555320156490491,0.08427218308956413
1778154732.0488636,tb2,-0.5482175787320094,-0.8916366645824388,0.09137069355925256,0.16647401370702183
1778154732.0730052,tb3,-0.19878978349632528,-0.45592270660179934,0.12803470710183043,0.13289222303598408
1778154732.074133,tb7,-0.6951149456476963,-1.1104056367801662,0.0919151263972912,0.0890464447383011
1778154732.0987732,tb2,-0.5521088148997979,-0.8939320921110427,0.0910753474748531,0.15945413763343436
1778154732.0989523,tb1,-0.36749325331996047,-0.6730510914283916,0.10493925537466743,0.08317946215583907
1778154732.1229806,tb3,-0.2047882066513371,-0.45674337184862535,0.126540647299401,0.12027400258355189
1778154732.124066,tb7,-0.6981922264816381,-1.113478660224058,0.09116970437008912,0.08824295472333987
1778154732.1487434,tb2,-0.555954431277675,-0.8962436126208841,0.09148522289939733,0.15543955951155536
1778154732.1488826,tb1,-0.37246510657376,-0.6746470385730322,0.10536828124825093,0.08959601759994332
1778154732.1730192,tb3,-0.21104683684513634,-0.4576391714402636,0.12375170704956125,0.09517470357437462
1778154732.1740792,tb7,-0.70139617757849,-1.11670598646093,0.08949843614407454,0.08603880860835127
1778154732.1987398,tb2,-0.5597905300021565,-0.8985911021204285,0.09172075775656982,0.1510684635776137
1778154732.1988842,tb1,-0.37743065003716014,-0.6762642753139355,0.10554124749518315,0.09376146321419557
1778154732.2230265,tb3,-0.21721805360173624,-0.458561324256469,0.12155460661641503,0.07725661317300257
1778154732.224126,tb7,-0.7045517832316951,-1.119912821250546,0.08804992113606838,0.0841834752070246
1778154732.2486172,tb2,-0.5636235958815331,-0.9009774906728815,0.09765488992357255,-0.0016491459909501877
1778154732.2488203,tb1,-0.3823994675827096,-0.6779075497393482,0.10521137877885174,0.09389780331832343
1778154732.2729828,tb3,-0.22325862138347422,-0.4594949822663071,0.12027510690421564,0.06999830117551134
1778154732.2740433,tb7,-0.7076346566654207,-1.1230729906856285,0.08698808064595026,0.08292472133691338
1778154732.2989845,tb1,-0.3873484459842811,-0.6795700366891215,0.10486987859541652,0.09364040640167245
1778154732.2989082,tb2,-0.5676963149613748,-0.9035387877239844,0.09098882314015591,0.15051110722643965
1778154732.3230515,tb3,-0.22920302249861152,-0.460438257149135,0.12036445618824748,0.07722187969205405
1778154732.324168,tb7,-0.7106554197101498,-1.1261957998714094,0.086495999707696,0.08252259667265519
1778154732.348859,tb2,-0.5676963149613748,-0.9035387877239844,0.1018871258225702,0.017912574807308693
1778154732.34895,tb1,-0.3873484459842811,-0.6795700366891215,0.11042364095740548,0.10842888912873348
1778154732.3730216,tb3,-0.23510862102704516,-0.4613972719674149,0.11981694769607824,0.07780106792030062
1778154732.3740604,tb7,-0.7136325077284014,-1.1292991843341944,0.08591010553606158,0.08197411680935969
1778154732.3988566,tb2,-0.5715212587243864,-0.9059621274434265,0.10150537666654476,0.014129174761218638
1778154732.3991473,tb1,-0.39227519582668147,-0.6812508285486111,0.1097624771072197,0.10563212685197741
1778154732.42312,tb3,-0.24099420776333294,-0.4623761718466352,0.12075878697212475,0.09294942145358642
1778154732.4241383,tb7,-0.7165760045825672,-1.1323929912430846,0.08643172045020289,0.08308638600190682
