timestamp,robot_id,x,y,v_cmd,w_cmd
1777029822.3986254,tb3,0.1514486149422457,1.398960040622832,0.0383337777281914,1.5
1777029822.42691,tb1,-0.508413453562922,1.1823266577774463,0.18,1.0345607005309532
1777029822.4486263,tb3,0.15142854209057288,1.3988830046161347,0.04275928293183468,1.5
1777029822.4768674,tb1,-0.5084199308777658,1.1823353855196825,0.18,1.0375611379244
1777029822.4986403,tb3,0.1511246744415825,1.3975336541274415,0.055233294193013246,1.5
1777029822.5267754,tb1,-0.507676877693018,1.1814167676070908,0.18,0.926770336535583
1777029822.5491745,tb3,0.15084860415889934,1.395636852854807,0.06825170546767348,1.5
1777029822.5768976,tb1,-0.5051951281748099,1.178608335113831,0.18,0.8167869922851331
1777029822.598795,tb3,0.15084860415889934,1.395636852854807,0.06796046862404466,1.5
1777029822.6269617,tb1,-0.5008174336376666,1.174087412030582,0.18,0.7241358308746622
1777029822.648672,tb3,0.15066899505344322,1.3930541093014805,0.08171587457720915,1.5
1777029822.676889,tb1,-0.49482894759670115,1.1684497647746002,0.18,0.644905320790332
1777029822.698676,tb3,0.15072609229683206,1.3903806209886427,0.09652404684774853,1.5
1777029822.7268686,tb1,-0.48904670746355156,1.1635166448682603,0.18,0.5726143802621924
1777029822.7486966,tb3,0.15150352813188192,1.3880493001660552,0.11292707386317857,1.5
1777029822.7767742,tb1,-0.4833281288117726,1.1586395773542004,0.18,0.501486505979551
1777029822.7986953,tb3,0.15226192078647402,1.3859098480625291,0.1312797386221999,1.5
1777029822.8270085,tb1,-0.4776763454298525,1.1538147428352366,0.18,0.43135472867843927
1777029822.8487039,tb3,0.15298318185532314,1.3839594986992474,0.15218636084921566,1.5
1777029822.8768098,tb1,-0.4709215595703841,1.148738172106863,0.18,0.3661915843475729
1777029822.8987586,tb3,0.1544884231651547,1.3794454078614677,0.17633873083417761,1.5
1777029822.9270196,tb1,-0.4709215595703841,1.148738172106863,0.18,0.3734089809399676
1777029822.9486284,tb3,0.15724791493151033,1.3724911759260476,0.18,1.3158763567390175
1777029822.976896,tb1,-0.46380404243286305,1.1440814671039046,0.18,0.3153380742123459
1777029822.998588,tb3,0.16073515083937007,1.3652420349752687,0.18,1.1222107014496618
1777029823.026783,tb1,-0.45659548557148566,1.1396824945960309,0.18,0.26039953443755365
1777029823.0486298,tb3,0.1654032791162912,1.3571812332239428,0.18,0.9458575113655782
1777029823.0768585,tb1,-0.4483920098320183,1.1350701120431281,0.18,0.20907146648736363
1777029823.098575,tb3,0.16995656459395056,1.350541728913317,0.18,0.7836848741223851
1777029823.127005,tb1,-0.44035018754704014,1.130926472427605,0.18,0.15726857571419983
1777029823.1485698,tb3,0.17498177510401927,1.3441778462506118,0.18,0.6328913492072974
1777029823.1768653,tb1,-0.43242229898295503,1.127166031681087,0.18,0.10806462353411132
1777029823.1987205,tb3,0.17498177510401927,1.3441778462506118,0.18,0.6362743477552002
1777029823.2269533,tb1,-0.4240884548227703,1.1235368729251072,0.18,0.062211618917010554
1777029823.2486567,tb3,0.1808604914253478,1.3377155698650365,0.18,0.4949396849687195
1777029823.2768257,tb1,-0.4162211129470512,1.120399833844071,0.18,0.02125242234750198
1777029823.2985935,tb3,0.18749076078385463,1.3314104959374309,0.18,0.3613128498390538
1777029823.326936,tb1,-0.4075203604291699,1.1172039267235314,0.18,-0.0010046470631207536
1777029823.3486667,tb3,0.1941262534591661,1.3259131571428313,0.18,0.23567711279650003
1777029823.377221,tb1,-0.3990731964483487,1.1141681242970198,0.18,0.011677286741303715
1777029823.3986204,tb3,0.2009815356439524,1.3209066579667426,0.18,0.15920183322524467
1777029823.4269092,tb1,-0.39063238770185216,1.1111366112907406,0.18,0.024588275556253113
1777029823.4486158,tb3,0.20794067063594124,1.3158865246491933,0.18,0.1419309116216866
1777029823.4768505,tb1,-0.3822012347314943,1.1081161553349583,0.18000000000000002,0.03480104769316994
1777029823.4986298,tb3,0.21384644044660933,1.3110815398733582,0.18,0.12990890296292976
1777029823.5268288,tb1,-0.3822012347314943,1.1081161553349583,0.18,0.0430831404044404
1777029823.548675,tb3,0.21970794592997042,1.3063066832607784,0.18,0.11804995293043916
1777029823.5768878,tb1,-0.3740938769702182,1.104841648691635,0.18,0.052986747807176264
1777029823.5986788,tb3,0.22615117499034135,1.3014779260680116,0.18,0.10595816368585805
1777029823.6269069,tb1,-0.36623748447055915,1.1014043566985654,0.18,0.06430533072754603
1777029823.6485875,tb3,0.23364452974473454,1.2966051786685246,0.18,0.09338122062262322
1777029823.6770186,tb1,-0.35843001837292776,1.0979843452149889,0.18,0.07736997253700365
1777029823.6986005,tb3,0.2412239115760465,1.2917576531106716,0.18,0.08115793406842739
1777029823.7269807,tb1,-0.3504790453911341,1.0947057868999723,0.18,0.09050747084266789
1777029823.7486587,tb3,0.2488134029115508,1.2869655201450112,0.18,0.0748212148807661
1777029823.7769363,tb1,-0.3419442895728243,1.091731596995413,0.18,0.1028064618887103
1777029823.7985942,tb3,0.25641941502530013,1.2822050008186836,0.18,0.0691788411420862
1777029823.8269744,tb1,-0.3334649473041411,1.0887976084370312,0.18,0.11269958755651546
1777029823.8486454,tb3,0.25641941502530013,1.2822050008186836,0.18,0.07222408323173109
1777029823.8768,tb1,-0.3249723627986791,1.0859035106329162,0.18000000000000002,0.11921308013853407
1777029823.8985858,tb3,0.2640393012798745,1.2774742344279342,0.18,0.06706050860008263
1777029823.9282284,tb1,-0.3164739839850473,1.0830601411965834,0.18,0.12548663544236952
1777029823.9488237,tb3,0.271669428893365,1.2727744432666341,0.18,0.061636301399936956
1777029823.971518,tb2,-0.024536986023139654,-0.043375543905588794,0.18,-0.3445157702216476
1777029823.975844,tb7,-0.000975257707412272,-0.499999999958284,0.060010629477359655,-1.5
1777029823.9769125,tb1,-0.3079680007268863,1.0802703406946732,0.18,0.6570964680398471
1777029823.998706,tb3,0.2793121591077915,1.268103380915849,0.18,0.056588442320072777
1777029824.021476,tb2,-0.02386681406285139,-0.04315765954478039,0.18000000000000002,-0.31568724685426636
1777029824.0254474,tb7,-0.0007229204648017049,-0.5000051679226364,0.06523291358063646,-1.5
1777029824.0269275,tb1,-0.2995390835795627,1.077596148463694,0.18000000000000002,0.637062399113086
1777029824.0486805,tb3,0.2869662894406868,1.2634588585394828,0.18,0.05209341686705739
1777029824.0714211,tb2,-0.02084596640234502,-0.04221925187214229,0.18,-0.27748242108722154
1777029824.0753038,tb7,0.002662105737315813,-0.500227830402489,0.08296680809593192,-1.5
1777029824.07688,tb1,-0.2911679275017723,1.075209479156951,0.18,0.5956546074431311
1777029824.0985954,tb3,0.29463022545644557,1.258838852089013,0.18,0.04854251674807159
1777029824.1215272,tb2,-0.01543830099534911,-0.040625389469198254,0.18,-0.2491602716530238
1777029824.1253204,tb7,0.007099874668035775,-0.5008499010326299,0.10238770386832924,-1.5
1777029824.1268084,tb1,-0.2827160666155661,1.0730838874680915,0.18,0.5608255546220059
1777029824.1486502,tb3,0.30215818162771296,1.2542122622405036,0.18,0.0456983045105262
1777029824.171493,tb2,-0.01543830099534911,-0.040625389469198254,0.18,-0.24288958458983453
1777029824.1753082,tb7,0.012430380090071955,-0.5020106868193063,0.1243504736108322,-1.5
1777029824.1768188,tb1,-0.27419519125061925,1.0712049577158542,0.18,0.5324533080742685
1777029824.1987128,tb3,0.309539532498476,1.2495884382671296,0.18,0.04327483575966953
1777029824.221619,tb2,-0.007638940780595004,-0.03843720977323483,0.18,-0.2239605204732472
1777029824.2254868,tb7,0.012430380090071955,-0.5020106868193063,0.12497051073458856,-1.5
1777029824.2269359,tb1,-0.27419519125061925,1.0712049577158542,0.18,0.5421179979554512
1777029824.2486608,tb3,0.3168758548564909,1.2449913267765635,0.18,0.04089371925662738
1777029824.2715878,tb2,0.001131435079675787,-0.03609027014480805,0.18,-0.20719825541536777
1777029824.2755485,tb7,0.018722811577290353,-0.5038859261286253,0.15199348081108166,-1.5
1777029824.2777224,tb1,-0.2656183742593167,1.0695606992325954,0.18,0.5186825645893488
1777029824.2985947,tb3,0.324576525586652,1.2404209478145753,0.18,0.038191236542786444
1777029824.3214948,tb2,0.009913064153575707,-0.03384973812300511,0.18,-0.19204608082826743
1777029824.3253057,tb7,0.02518165947392921,-0.5063491260347436,0.18,-1.4441112181711244
1777029824.326782,tb1,-0.25700874863257206,1.0681507427915429,0.18,0.49527693172600695
1777029824.3485863,tb3,0.33234690678702666,1.2358702133751487,0.18,0.036082732354537565
1777029824.3715382,tb2,0.01799082884286996,-0.031928793510011995,0.18,-0.17575289963444796
1777029824.375377,tb7,0.03177864655987454,-0.5097960507009677,0.18,-1.1383085897224703
1777029824.376771,tb1,-0.2484400750457464,1.0668983334807067,0.18,0.4741880143518041
1777029824.3985848,tb3,0.34012089854083094,1.2313368661681052,0.18,0.03402323621347468
1777029824.4215028,tb2,0.02571404992036743,-0.03012834454299329,0.18,-0.15931778662322285
1777029824.4253135,tb7,0.03789818924470214,-0.5133758575828735,0.18,-0.8592365584126614
1777029824.426832,tb1,-0.2399591516907389,1.0656572277449232,0.18,0.4535351084049557
1777029824.4486487,tb3,0.34789791401278625,1.226820127947184,0.18,0.032125849935581
1777029824.4715805,tb2,0.03338389245934404,-0.02834004833605461,0.18,-0.142884638021145
1777029824.4755435,tb7,0.04385344408294699,-0.5168554006539103,0.18,-0.5977840978720873
1777029824.4769864,tb1,-0.23154675787449025,1.0644226858807995,0.17999999999999997,0.43357184336976884
1777029824.4986866,tb3,0.34789791401278625,1.226820127947184,0.18,0.03521196004285102
1777029824.5215478,tb2,0.04141827039261563,-0.02653814248776426,0.18,-0.12589117134225772
1777029824.5253835,tb7,0.050793592103063605,-0.5215321865219886,0.18,-0.3286151277732698
1777029824.5270174,tb1,-0.22291818513171485,1.0635886409597848,0.18,0.4148757950650645
1777029824.5486877,tb3,0.3556774245763865,1.2223192051173501,0.18,0.03319624125470282
1777029824.5715475,tb2,0.0503210837173954,-0.024750967417864877,0.18,-0.11674680556195698
1777029824.5754504,tb7,0.056139139251801716,-0.5263063156036327,0.18,-0.05446785322207084
1777029824.5769928,tb1,-0.21402265943823334,1.0633046217139386,0.18,0.39771150535776273
1777029824.5987198,tb3,0.3634576593568477,1.2178353055290623,0.18,0.030464252689819227
1777029824.6214905,tb2,0.059236581344805334,-0.023027433332652024,0.18,-0.11423065241550491
1777029824.6254103,tb7,0.061465402463370226,-0.5320297854618153,0.18,0.26036084519636593
1777029824.6268823,tb1,-0.20520085586753117,1.0632463256555875,0.18000000000000002,0.3813429944238457
1777029824.6485791,tb3,0.37124055210240164,1.213367506454231,0.18,0.027588726812959725
1777029824.6714191,tb2,0.06815310980923117,-0.02135722941115596,0.18,-0.10906360351812246
1777029824.6753035,tb7,0.06901479221896342,-0.5410305463993332,0.17999999999999997,0.6871844555193762
1777029824.6768548,tb1,-0.19638401859909693,1.0634093075107192,0.18,0.36592053862115276
1777029824.6986105,tb3,0.37902580388626667,1.208914621383231,0.18,0.024637644298282885
1777029824.7214925,tb2,0.07707013080733911,-0.019738623153042843,0.18,-0.11288402788703862
1777029824.7254689,tb7,0.07030392057140221,-0.5428675157834492,0.18,1.0949756855716342
1777029824.726981,tb1,-0.18757345498965333,1.0637945078776794,0.18,0.35190005813113395
1777029824.7486277,tb3,0.3868127468260441,1.2044754509168283,0.18,0.02186296129197698
1777029824.7718182,tb2,0.08599037920450867,-0.01817018778597467,0.18,-0.11168345062404028
1777029824.7754457,tb7,0.07934219849123679,-0.5574758523811273,0.1276620378983833,1.5
1777029824.7768285,tb1,-0.178762214566014,1.0643864050071867,0.18,0.34548061465547963
1777029824.798647,tb3,0.3945639509561451,1.2000381646521636,0.18,0.01851444481165352
1777029824.8214786,tb2,0.08599037920450867,-0.01817018778597467,0.18,-0.10013961894626361
1777029824.825325,tb7,0.07934219849123679,-0.5574758523811273,0.12189905910108387,1.5
1777029824.8266945,tb1,-0.16995348777193364,1.0651383504320215,0.18,0.3466515343077868
1777029824.8485634,tb3,0.40224204071275343,1.19561153337057,0.18,0.01578844907852332
1777029824.8714962,tb2,0.0949121012186792,-0.01665303532395052,0.18,-0.10625866109882395
1777029824.875401,tb7,0.07752553334680078,-0.5540288263854142,0.08543238091928551,1.5
1777029824.8769982,tb1,-0.16995348777193364,1.0651383504320215,0.18,0.35685028517841305
1777029824.8986714,tb3,0.4098746858594919,1.1912106098448607,0.18,0.012022245977504611
1777029824.9216278,tb2,0.10383053306122637,-0.015184772073261245,0.18,-0.10631676241591481
1777029824.9253933,tb7,0.08334992161208163,-0.5667944849555206,0.03171036824343895,1.5000000000000002
1777029824.9269972,tb1,-0.16116589434791742,1.0660421874428736,0.18,0.3567134720685672
1777029824.948594,tb3,0.4177037479773386,1.1867856339232017,0.18,0.009604218267096646
1777029824.971544,tb2,0.11275230416337165,-0.01376356850392823,0.18,-0.11112926081783624
1777029824.9754133,tb7,0.08245031799225745,-0.5646976358122773,0.004592867266088317,1.5
1777029824.977095,tb1,-0.1524068447497174,1.0670996307344573,0.18,0.35667244637311735
1777029824.9986699,tb3,0.4255608080720681,1.182362381892088,0.18,0.0070953360087940105
1777029825.0215302,tb2,0.12167557941962094,-0.012391010075706609,0.18,-0.11400894684306488
1777029825.0253432,tb7,0.08369550229827885,-0.5681638240382327,-0.026569817698860538,1.4999999999999998
1777029825.0269136,tb1,-0.14367476354327333,1.0683130847343802,0.18,0.35568058531412355
1777029825.0490525,tb3,0.43341502570441415,1.1779452575863032,0.18,0.002583907222936312
1777029825.0714593,tb2,0.13060169278339975,-0.011068593575363462,0.18,-0.11727953480321138
1777029825.0753117,tb7,0.08392292951820081,-0.5695864394058615,-0.05526943401432782,1.5
1777029825.0767844,tb1,-0.13497230238028987,1.0696821507064074,0.18000000000000002,0.3544152718531261
1777029825.0986993,tb3,0.43341502570441415,1.1779452575863032,0.18,0.00783717739392673
1777029825.121598,tb2,0.13953016208560637,-0.009798181234651789,0.18,-0.12020865023754604
1777029825.125486,tb7,0.08273264059444214,-0.5636757812114962,-0.07975798512791606,1.5000000000000002
1777029825.1269858,tb1,-0.12635933946534253,1.0709349241350514,0.18000000000000002,0.3532767372868465
1777029825.1486645,tb3,0.4412662882142181,1.1735323768211994,0.18,0.0065182740665402986
1777029825.1716783,tb2,0.14833356125299593,-0.008502138848439107,0.18,-0.12129117825588845
1777029825.1754413,tb7,0.08453334101466817,-0.5699080711877956,-0.11345210643743327,1.5
1777029825.1771185,tb1,-0.11783582251357892,1.0720424489849947,0.18,0.34964571137872086
1777029825.1987038,tb3,0.4491110699035063,1.1691259333580784,0.18,0.003976609939571913
1777029825.2215464,tb2,0.15703354143033882,-0.007183507413468999,0.18,-0.12188517920479114
1777029825.225462,tb7,0.08631908213037522,-0.5760363329948464,-0.1490539870377456,1.5
1777029825.2269423,tb1,-0.10937113465355738,1.0731379276627817,0.18,0.34501167348964684
1777029825.248623,tb3,0.4569521959913548,1.1647251239567784,0.18,0.0015545558274619614
1777029825.2714548,tb2,0.16568111485899656,-0.005871527814717904,0.18,-0.12314896109845393
1777029825.2754316,tb7,0.08707881559824851,-0.5800232491815364,-0.18,1.430224367303802
1777029825.2770495,tb1,-0.10081087582811618,1.0748240681276253,0.17999999999999997,0.34001907441277907
1777029825.298717,tb3,0.4647895558708065,1.1603288237892662,0.18,-0.0011494038510247507
1777029825.3215957,tb2,0.16568111485899656,-0.005871527814717904,0.18,-0.11512992573101521
1777029825.3255582,tb7,0.08711357561418953,-0.5742254987868275,-0.18,1.1426873093266352
1777029825.326905,tb1,-0.09218594535371495,1.0769810775745499,0.18,0.3354537328572935
1777029825.3486657,tb3,0.47262259372623566,1.155935934272564,0.18,-0.0032482662637132393
1777029825.3715885,tb2,0.17448450358557938,-0.004679298136469105,0.18,-0.11495571459399749
1777029825.3753746,tb7,0.08711357561418953,-0.5742254987868275,-0.18,1.1083698333173078
1777029825.3768792,tb1,-0.09218594535371495,1.0769810775745499,0.18,0.3453141224961128
1777029825.3987134,tb3,0.4804505913542345,1.1515453760878516,0.18,-0.00407306731920058
1777029825.4215376,tb2,0.18351133645926856,-0.0036642082193114474,0.18,-0.11242245865857396
1777029825.4253848,tb7,0.08763466680664998,-0.5566198012628876,-0.18,0.8424409749532404
1777029825.4268632,tb1,-0.08362599048669507,1.079283344242104,0.18000000000000002,0.34095468882073754
1777029825.4486175,tb3,0.48823197755024245,1.1471575469638078,0.18,-0.005162807621057332
1777029825.471546,tb2,0.19253517001624532,-0.0027018665431234,0.18,-0.1111293403370929
1777029825.4753737,tb7,0.08868710605194206,-0.5415467567655459,-0.18,0.5758747558571283
1777029825.476826,tb1,-0.07510271441676057,1.0817376911677794,0.18,0.3346811744559883
1777029825.498596,tb3,0.4959616148469283,1.142793116020193,0.18,-0.007773892884084254
1777029825.5215805,tb2,0.2015573642257173,-0.001791160410863725,0.18,-0.11404353459225652
1777029825.5253644,tb7,0.08889718000355634,-0.5396203398090557,-0.18000000000000002,0.37872903447489625
1777029825.526807,tb1,-0.06664574746530391,1.0843344704537916,0.18,0.32522360546840307
1777029825.5486012,tb3,0.5037037853845167,1.1384281668148641,0.18,-0.010257051598099465
1777029825.5715911,tb2,0.21057766078996282,-0.0009313032803964559,0.18,-0.11613473154725495
1777029825.575329,tb7,0.08950407659953014,-0.5360551400118309,-0.18,0.1941823237246106
1777029825.5768018,tb1,-0.05823055436917328,1.0870751072453535,0.18,0.31551309716706955
1777029825.5987024,tb3,0.5115745928590738,1.1340048397840963,0.18,-0.01123961933991159
1777029825.6216636,tb2,0.21959722945136592,-0.00012293733045697086,0.18,-0.11377192195163814
1777029825.625355,tb7,0.09235563061508302,-0.5222782686195219,-0.18,-0.04911273593116388
1777029825.6268437,tb1,-0.04986379661370106,1.0899529822766247,0.18,0.3062078576615985
1777029825.6487103,tb3,0.5194378026353891,1.1295803901723949,0.18,-0.0123619613051968
1777029825.6716144,tb2,0.22861500936576554,0.0006328340816208123,0.18,-0.11210939344764104
1777029825.675334,tb7,0.09537434608695416,-0.5100705588796822,-0.18,-0.2996292272865304
1777029825.6769164,tb1,-0.04154608667915609,1.0929634379690045,0.17999999999999997,0.2956484452571077
1777029825.698744,tb3,0.5272930714735424,1.1251544135888931,0.17999999999999997,-0.0118892470797041
1777029825.721502,tb2,0.23762922987580362,0.0013364210854315474,0.18,-0.11361510805954853
1777029825.7253823,tb7,0.09693597460516001,-0.5053570107937797,-0.18,-0.47931995523947857
1777029825.7269068,tb1,-0.033277716745724925,1.0961016924020384,0.18,0.2827775826380848
1777029825.7486367,tb3,0.5272930714735424,1.1251544135888931,0.18,-0.011330418381267878
1777029825.7715673,tb2,0.2466404930620681,0.0019886135115162315,0.18,-0.11472231141031838
1777029825.7754512,tb7,0.09892649105347648,-0.49952941236755677,-0.18,-0.67312694012401
1777029825.7769156,tb1,-0.02505818222952016,1.099362577924739,0.18,0.2693694757829228
1777029825.7986553,tb3,0.5351397095906546,1.1207270269092782,0.18000000000000002,-0.013377509870231123
1777029825.821653,tb2,0.255649280260202,0.002588964661765951,0.18,-0.11513126047362718
1777029825.825443,tb7,0.10151093881573552,-0.4926692145186037,-0.18,-0.8894307690514989
1777029825.8269799,tb1,-0.016881340001466513,1.1025996999514425,0.18,0.2558924698923627
1777029825.8486292,tb3,0.5429777902065417,1.1162984703567624,0.18,-0.015248566950341259
1777029825.8715785,tb2,0.26465501400432917,0.003136908019292214,0.18,-0.11486929990696056
1777029825.8754604,tb7,0.1047993398873046,-0.48490343024041005,-0.18,-1.1391191794716664
1777029825.8769581,tb1,-0.0087474829489117,1.105660595522047,0.18,0.24186627135203506
1777029825.8986256,tb3,0.5508081062506097,1.1118677865537756,0.18,-0.016532457649310536
1777029825.921616,tb2,0.27364096186026554,0.003658293734321127,0.18,-0.11444259575320263
1777029825.9254987,tb7,0.10837209903300223,-0.4774949392031023,-0.18,-1.4116184349515803
1777029825.9270618,tb1,-0.0006655597076595964,1.1086987951847023,0.18,0.22624043613556472
1777029825.9488802,tb3,0.558630059979664,1.1074342114608766,0.18,-0.017562449888328897
1777029825.9714959,tb2,0.2825463986191276,0.004232422440490901,0.18,-0.12503569615840723
1777029825.9754064,tb7,0.11170781024414084,-0.47127711798763794,-0.15986565258411767,-1.5
1777029825.9768112,tb1,0.007396114915538761,1.1121579081748136,0.18,0.20817164563706672
1777029825.998609,tb3,0.5664430399149568,1.102997266966055,0.17999999999999997,-0.019048924730041324
1777029826.0215154,tb2,0.2825463986191276,0.004232422440490901,0.18,-0.10658644829408931
1777029826.0253243,tb7,0.11685538157518902,-0.46263318068763165,-0.12882973976218792,-1.5
1777029826.02692,tb1,0.01546206863277676,1.116010178441178,0.18,0.19119563727394664
1777029826.0485814,tb3,0.5742326386446293,1.0985638949333771,0.18,-0.02030312957691755
1777029826.071524,tb2,0.2913990669593448,0.004804015315493911,0.18,-0.10362105534889889
1777029826.0753498,tb7,0.11685538157518902,-0.46263318068763165,-0.12874996689682686,-1.5
1777029826.0781276,tb1,0.01546206863277676,1.116010178441178,0.18,0.19971316634738395
1777029826.098719,tb3,0.5819702302281455,1.0941568225705824,0.18000000000000002,-0.0219604571024361
1777029826.1215844,tb2,0.3002510840725411,0.005334600377390686,0.18,-0.10259430253264747
1777029826.1254418,tb7,0.12087604570151601,-0.4564780695560233,-0.10837315393681728,-1.5
1777029826.126863,tb1,0.02348108745524427,1.1199449264674362,0.18,0.18610318378891255
1777029826.148672,tb3,0.5896625832218914,1.0897755845800574,0.17999999999999997,-0.02414163160075445
1777029826.1715002,tb2,0.309321237262357,0.00562492742275786,0.18,-0.10469733436190208
1777029826.1753058,tb7,0.12323947239685124,-0.45317647613338985,-0.09573585239841911,-1.5
1777029826.1767905,tb1,0.03145286339835502,1.1239531005722063,0.18,0.16980158695411576
1777029826.1986425,tb3,0.5975037409844877,1.0852847758683206,0.17999999999999997,-0.02533938049280724
1777029826.2215881,tb2,0.31838655810139427,0.005865355015998453,0.18,-0.10462479068153051
1777029826.2254121,tb7,0.12738270093579915,-0.4479178182445185,-0.08064434900417823,-1.5
1777029826.226964,tb1,0.039386068420061426,1.1280377306849243,0.18,0.1537463863395517
1777029826.2486684,tb3,0.6053342363611233,1.0807874360360334,0.18,-0.026667980415375842
1777029826.271563,tb2,0.3274498674575441,0.006058504156726947,0.18,-0.10630043724343387
1777029826.2754104,tb7,0.13056270521373783,-0.4442022532891549,-0.06933266575881888,-1.5
1777029826.277,tb1,0.04728427084462895,1.1321921497962553,0.18,0.13773869899290578
1777029826.298619,tb3,0.6131536907973754,1.0762830477906784,0.18,-0.02304931966773723
1777029826.3216038,tb2,0.33650766586490727,0.006204223458413586,0.18,-0.11149180163465384
1777029826.3253882,tb7,0.13147533825492796,-0.4432070336418416,-0.0628244142867644,-1.4999999999999998
1777029826.3268912,tb1,0.055150706749764265,1.1364092801041388,0.18,0.12149044270145955
1777029826.3486903,tb3,0.6131536907973754,1.0762830477906784,0.18,-0.025354126664555915
1777029826.3714757,tb2,0.3455610388712385,0.006301643621784956,0.18,-0.1122766441975597
1777029826.3753479,tb7,0.13503552205178335,-0.4393297699982485,-0.052215840914642535,-1.5
1777029826.3768744,tb1,0.06298828021213274,1.140681803018871,0.18,0.10685870783990081
1777029826.398627,tb3,0.6209604947260358,1.0717729776208573,0.18,-0.026661371967841543
1777029826.4215784,tb2,0.35460945303409774,0.006348788890723757,0.18,-0.11248895778557894
1777029826.4254067,tb7,0.13883240837465183,-0.4353572468656465,-0.042034891474710914,-1.5
1777029826.4269,tb1,0.07080046348668403,1.145002776269213,0.18,0.09305598781779804
1777029826.4486659,tb3,0.6287568437715216,1.0672562768322271,0.17999999999999997,-0.027630478182791986
1777029826.4715455,tb2,0.3636514795190092,0.006345079151751285,0.18,-0.11243054403028807
1777029826.475456,tb7,0.14244477915052092,-0.43227213291273464,-0.03311009014661222,-1.5
1777029826.4769392,tb1,0.0785895566264354,1.1493652863652033,0.18,0.07973845372549257
1777029826.4985878,tb3,0.6365419838452115,1.0627324361437473,0.18,-0.028514656098483103
1777029826.521524,tb2,0.37268664148894853,0.006290423506764442,0.18,-0.1132720044469443
1777029826.5254202,tb7,0.14557784994449796,-0.4297510260406672,-0.025154999723985178,-1.5
1777029826.5268588,tb1,0.08639245276977876,1.1535579361874286,0.18,0.06652270784403123
1777029826.548774,tb3,0.6443155144675071,1.0582010844902419,0.18,-0.029167414330628322
1777029826.5715206,tb2,0.3817149504457835,0.006184702920217833,0.18000000000000002,-0.12058801140183928
1777029826.5752683,tb7,0.1448691118142622,-0.4302209247439888,-0.021363375165258127,-1.5
1777029826.5767872,tb1,0.0941610692228464,1.157679381445232,0.18,0.05143332952355151
1777029826.5986514,tb3,0.6520771510198214,1.0536618847049561,0.18,-0.030560397084322434
1777029826.621699,tb2,0.3907387319529796,0.006026291431126749,0.17999999999999997,-0.12840848327197088
1777029826.625343,tb7,0.14519432078498606,-0.43002007767967365,-0.016321590656045607,-1.5
1777029826.6268642,tb1,0.10190109976474687,1.161815931812226,0.18,0.0359715040185331
1777029826.6486747,tb3,0.6598189076623289,1.0491231403769992,0.18,-0.03147705235317037
1777029826.6715245,tb2,0.3907387319529796,0.006026291431126749,0.18,-0.11691425823902848
1777029826.6753502,tb7,0.14759033515654987,-0.42871453142484284,-0.009402783496326271,-1.5
1777029826.6768312,tb1,0.10966800245345844,1.1663527871216548,0.18,0.023453046716827335
1777029826.6985743,tb3,0.6675124970773293,1.044614878071132,0.18,-0.03205729230515082
1777029826.721585,tb2,0.39974277275102815,0.005845416163303723,0.17999999999999997,-0.11632746647758094
1777029826.7254078,tb7,0.14759033515654987,-0.42871453142484284,-0.009457887683447241,-1.5
1777029826.7269812,tb1,0.10966800245345844,1.1663527871216548,0.18,0.03108287710483857
1777029826.7487228,tb3,0.6751611766069446,1.0401331209986082,0.17999999999999997,-0.03351741342734708
1777029826.7715912,tb2,0.40868032179789243,0.005707087279019301,0.18,-0.1233145958018684
1777029826.7753801,tb7,0.14581251179168628,-0.42957241725555717,-0.005793766225727224,-1.5
1777029826.7769644,tb1,0.11744023975498753,1.1709109893177438,0.18,0.020475493645023372
1777029826.798664,tb3,0.6829277114138972,1.0355302371065862,0.18,-0.03422610030952326
1777029826.8215227,tb2,0.41756472151142443,0.005570479782042823,0.18,-0.1268454602871063
1777029826.8253665,tb7,0.14567588949987012,-0.42963190934974793,-0.0006969535641274438,-1.5
1777029826.8268733,tb1,0.1251982708977081,1.1754749637201165,0.18,0.008607870501175159
1777029826.8486938,tb3,0.69069060169348,1.0309092027614688,0.18,-0.034105489973024754
1777029826.8715281,tb2,0.42649853342719546,0.005332048384435717,0.18,-0.1259114217089169
1777029826.8753114,tb7,0.1478411246749011,-0.4287630485027743,0.006174139857107998,-1.5
1777029826.8767912,tb1,0.13294917376694593,1.1800477590127982,0.18,-0.0019251348215589984
1777029826.8985887,tb3,0.6984399133082474,1.0262783608400043,0.18,-0.03445346835911093
1777029826.9215472,tb2,0.4355725979815196,0.00488248627034257,0.18,-0.13078490744922117
1777029826.9254944,tb7,0.14718692692885485,-0.42888706242735697,0.011322475334809321,-1.5
1777029826.9269137,tb1,0.14069610140546604,1.1846249845960526,0.18,-0.012330451468436013
1777029826.9485593,tb3,0.7061756415263623,1.021637688875222,0.18,-0.03490926928137734
1777029826.971635,tb2,0.4446385195940403,0.004376177917640845,0.18,-0.13801920994107586
1777029826.9753587,tb7,0.14523445673547083,-0.42940392987118214,0.015875020751155842,-1.5
1777029826.9768772,tb1,0.1484411695326064,1.189201809609854,0.18,-0.022333426254805624
1777029826.9987447,tb3,0.71389776538942,1.0169869947801082,0.18,-0.03530429746573636
1777029827.0216005,tb2,0.4536962528885781,0.003811388252835181,0.18,-0.1461755525856111
1777029827.0254233,tb7,0.14250789492607155,-0.4299794048067506,0.020253158073660776,-1.4999999999999998
1777029827.0269368,tb1,0.15618696892261055,1.1937740141174966,0.18,-0.031663105719102566
1777029827.0487754,tb3,0.71389776538942,1.0169869947801082,0.18000000000000002,-0.032093917131952934
1777029827.071492,tb2,0.4627468951094258,0.003184728690763014,0.18,-0.14578441130956452
1777029827.0752892,tb7,0.1433481493674025,-0.4298194402352782,0.026978285911799512,-1.5000000000000002
1777029827.076781,tb1,0.1639357026501258,1.1983371836250765,0.18,-0.03924157818880476
1777029827.0986357,tb3,0.7216061406839714,1.0123261254267433,0.17999999999999997,-0.031465067821996234
1777029827.12146,tb2,0.47178794547428693,0.0024929654808210485,0.18,-0.15301027911567494
1777029827.1253293,tb7,0.1404226002253185,-0.43015790221041733,0.03193695829487177,-1.5000000000000002
1777029827.1267912,tb1,0.17168947690908234,1.2028871719815075,0.18,-0.04698510491332863
1777029827.1487648,tb3,0.729299672314085,1.0076564853444638,0.18,-0.031779926209275514
1777029827.171633,tb2,0.48081896774251026,0.0017350083526108796,0.18,-0.15744887850183742
1777029827.1754327,tb7,0.13848769745793327,-0.4303013882532923,0.037758284832990284,-1.5
1777029827.1769526,tb1,0.1794510606347209,1.2073571042641789,0.18,-0.054050383288910035
1777029827.1986191,tb3,0.736979823873106,1.0029782160959662,0.18,-0.031712492538050606
1777029827.221474,tb2,0.48983983402463127,0.0009078836567577113,0.18,-0.16096824784836417
1777029827.2253284,tb7,0.13671908106996214,-0.4303158751892184,0.04402560051662986,-1.5
1777029827.226957,tb1,0.18718019343380293,1.2117570336909063,0.18,-0.06116870072394936
1777029827.248698,tb3,0.7446409032381678,0.9983047644401198,0.18,-0.03130894870342692
1777029827.2714128,tb2,0.49884899159528656,9.500727980490705e-06,0.18,-0.16864240131494385
1777029827.2753515,tb7,0.13295931715907838,-0.4302138597820092,0.049689678077565004,-1.5
1777029827.276919,tb1,0.19486420126784953,1.2161308049967878,0.18,-0.06890227198527173
1777029827.2987664,tb3,0.7522577660636944,0.9936681978103017,0.18,-0.031130536256967697
1777029827.3215551,tb2,0.49884899159528656,9.500727980490705e-06,0.18,-0.15877349533738702
1777029827.3253298,tb7,0.13295931715907838,-0.4302138597820092,0.04986094572823838,-1.5
1777029827.3269153,tb1,0.19486420126784953,1.2161308049967878,0.18,-0.061387856945312534
1777029827.348545,tb3,0.7598329865246065,0.9890560116470654,0.18,-0.03041879781689991
1777029827.371539,tb2,0.5078465230322513,-0.000962783675664716,0.18,-0.1585760427030594
1777029827.3753502,tb7,0.13204556296856923,-0.43016487732685016,0.05730281693702797,-1.5
1777029827.3768551,tb1,0.20270066990875849,1.2206359234930313,0.18,-0.06576159102197832
1777029827.3986628,tb3,0.7675220069482473,0.9843053426356628,0.18,-0.029646773638816563
1777029827.4216864,tb2,0.5168250699063234,-0.0020053982011579647,0.18,-0.16012090970285656
1777029827.425505,tb7,0.13064648703369994,-0.43006320500485523,0.06488103341318478,-1.5
1777029827.4269757,tb1,0.21055845635691395,1.2251249958934962,0.18,-0.07121226937892956
1777029827.4487035,tb3,0.7751978483472883,0.9795468242032002,0.18,-0.029504039076655504
1777029827.4715464,tb2,0.5257408135141406,-0.0029864082182605514,0.18,-0.17131776447465388
1777029827.4753497,tb7,0.12568386540182472,-0.42915635706531613,0.07133317741437571,-1.5
1777029827.4769397,tb1,0.2184267406296701,1.2295867367287032,0.18,-0.0770592558206275
1777029827.4987278,tb3,0.7751978483472883,0.9795468242032002,0.18,-0.02619321326095794
1777029827.5215628,tb2,0.5346034095425433,-0.003960763043757763,0.18,-0.17436799202942124
1777029827.5253534,tb7,0.12383513161012662,-0.4287103081298129,0.07978717084613782,-1.5
1777029827.526936,tb1,0.22630710135211357,1.234019045266196,0.18,-0.08151768790709148
1777029827.5487156,tb3,0.7828608321839369,0.9747805938281169,0.18,-0.02517613210992651
1777029827.5714865,tb2,0.5434373084372203,-0.004973031508824261,0.18,-0.18617999298390078
1777029827.57533,tb7,0.1189516980032948,-0.42729117329126876,0.08741436568937652,-1.5
1777029827.576805,tb1,0.23420074556539353,1.2384193297508692,0.18,-0.08610860278533691
1777029827.5987046,tb3,0.790510217228502,0.9700080352921282,0.18,-0.024939565526811446
1777029827.6214955,tb2,0.5524567614033601,-0.006316369105708503,0.18,-0.19905887084704488
1777029827.6253514,tb7,0.11314139767814695,-0.42545431596389766,0.09511694081190765,-1.5
1777029827.6268032,tb1,0.24210832060163953,1.2427851978263382,0.18,-0.09038128984625327
1777029827.648601,tb3,0.7981473950952335,0.965229493078327,0.18,-0.024847365669868077
1777029827.671524,tb2,0.5614549547200831,-0.0077428510508416575,0.18,-0.20674265988736856
1777029827.6753287,tb7,0.10858730869041965,-0.4237620522289258,0.10410270729818404,-1.5
1777029827.676774,tb1,0.25003076618647196,1.247114577645524,0.18,-0.09382191887669936
1777029827.698646,tb3,0.8057728179311392,0.9604450060482063,0.18,-0.02431132800472952
1777029827.7214684,tb2,0.570435939809106,-0.00925885808507082,0.18,-0.2171163450389273
1777029827.7253394,tb7,0.10317290040770213,-0.4212547331674609,0.11360996070194203,-1.5
1777029827.726808,tb1,0.25796851057147796,1.2514054041647302,0.18,-0.09701256226388699
1777029827.748634,tb3,0.8133865167975952,0.9556546458727065,0.18,-0.023807678898666283
1777029827.771554,tb2,0.5793984528951978,-0.010868443925412771,0.18,-0.22843518837831728
1777029827.7753456,tb7,0.09741795270810978,-0.4181851689493609,0.12399438613094604,-1.5
1777029827.7768488,tb1,0.2659219723483121,1.2556560337350562,0.18,-0.09987991759312613
1777029827.7987056,tb3,0.8209884517137807,0.9508586709471839,0.18,-0.023265642571220744
1777029827.821561,tb2,0.5793984528951978,-0.010868443925412771,0.18,-0.21680023433165838
1777029827.825287,tb7,0.0917195217896844,-0.41473140932938446,0.13560535232823132,-1.5
1777029827.826833,tb1,0.2738689035161037,1.2598620631847206,0.18,-0.10230542393532727
1777029827.8487585,tb3,0.8285673544226151,0.9460834287303153,0.18,-0.022592378365949874
1777029827.8715367,tb2,0.588341231128473,-0.012576793940016238,0.18,-0.22755086164840874
1777029827.8753784,tb7,0.0917195217896844,-0.41473140932938446,0.13606120885050427,-1.5
1777029827.8768497,tb1,0.2738689035161037,1.2598620631847206,0.18,-0.0946643477181273
1777029827.8987615,tb3,0.836101805968807,0.9413439152016354,0.18,-0.021760862116942732
1777029827.9220989,tb2,0.5972537546825994,-0.014382312130825909,0.18,-0.2406416597170633
1777029827.925873,tb7,0.08596245126651997,-0.4108099612511505,0.14917191380312067,-1.5000000000000002
1777029827.9273722,tb1,0.2817633795631074,1.2640365252470411,0.18,-0.09691156349623138
1777029827.9491565,tb3,0.8436395025800772,0.9365844584423545,0.18,-0.020681429641178334
1777029827.9715717,tb2,0.6061442284551478,-0.016287072746901787,0.18,-0.2524508897450531
1777029827.97533,tb7,0.08053715522586928,-0.4068203100159917,0.1643014756568138,-1.5
1777029827.9768333,tb1,0.289611125930194,1.2681868186465273,0.18,-0.09936720438295536
1777029827.9987023,tb3,0.8512553565228642,0.9317298265111374,0.18,-0.019761479546856836
1777029828.021544,tb2,0.615011080736957,-0.018297085820395364,0.18,-0.2607185635829039
1777029828.025387,tb7,0.0757201392629193,-0.4031907474165532,0.18,-1.4853195865262916
1777029828.0269854,tb1,0.2976695022758013,1.272303117765961,0.18,-0.10162229532716516
1777029828.0486495,tb3,0.8588602108819116,0.9268712993684783,0.18,-0.01916687992652161
1777029828.0716045,tb2,0.6238505732647652,-0.020417936770942308,0.18,-0.2782464395167488
1777029828.0753684,tb7,0.06938767792163533,-0.39709619810229907,0.18,-1.3423226210089751
1777029828.0768337,tb1,0.30576900120890044,1.2763766635268756,0.18,-0.10413241740141309
1777029828.0985637,tb3,0.8664543998044673,0.9220091398276256,0.18,-0.018629091143612164
1777029828.1215377,tb2,0.6326588930385671,-0.022648213978118184,0.18,-0.2988696517341852
1777029828.1254218,tb7,0.06278204108462833,-0.38997604595892627,0.17999999999999997,-1.2074889720705198
1777029828.1269562,tb1,0.3138839194887537,1.2804068795313504,0.18,-0.10634282334265756
1777029828.1487842,tb3,0.8664543998044673,0.9220091398276256,0.18,-0.015085665972997915
1777029828.17153,tb2,0.6413981216501294,-0.024829967398549237,0.18,-0.31977800869478507
1777029828.1754427,tb7,0.056701816585942234,-0.3825980062953482,0.18,-1.0769399335669851
1777029828.1767871,tb1,0.32201458529746735,1.2843925972052248,0.18,-0.10810522057087091
1777029828.1988251,tb3,0.8740381206741665,0.9171435565835157,0.18,-0.014316404872881244
1777029828.2215428,tb2,0.6500824919183155,-0.026996828343159068,0.18,-0.3407857313957727
1777029828.2253811,tb7,0.05126336880518304,-0.3754071525498221,0.18,-0.9507027471230763
1777029828.226761,tb1,0.33016112620664073,1.288332654426915,0.18,-0.10935014830740306
1777029828.2486525,tb3,0.8816107350110635,0.912276057318789,0.18,-0.01364065747443649
1777029828.271572,tb2,0.658731160097553,-0.02927587695457627,0.18,-0.36407335571763894
1777029828.2754853,tb7,0.046221233146781386,-0.36785891010251964,0.18,-0.8298363286073727
1777029828.2768538,tb1,0.33832343788815955,1.2922260236288332,0.18,-0.11023640213043952
1777029828.2987084,tb3,0.8891738089837753,0.907406860130976,0.18,-0.012875398609462841
1777029828.321488,tb2,0.6675176317631183,-0.03203487841436332,0.18,-0.38988214908651947
1777029828.3254468,tb7,0.041487103110394295,-0.35948617198176097,0.17999999999999997,-0.7147022717416065
1777029828.326917,tb1,0.34650136452345176,1.2960719430539966,0.18,-0.11090823431921551
1777029828.3486888,tb3,0.8967275810601949,0.902536234111354,0.18,-0.012143674256978857
1777029828.3714285,tb2,0.6762410374338256,-0.03493749316920231,0.18,-0.404851295168138
1777029828.375392,tb7,0.037307814395020095,-0.35118999880110696,0.18,-0.6033827258917339
1777029828.3768294,tb1,0.354694693417162,1.2998698359603331,0.18,-0.1113139347496279
1777029828.3987796,tb3,0.9042717112617056,0.8976660945928352,0.18,-0.011341199166157992
1777029828.4215307,tb2,0.6849068154645963,-0.03801165795923321,0.18,-0.3773162379240448
1777029828.425367,tb7,0.033767408374101575,-0.3428709446279308,0.18,-0.4959955220368828
1777029828.4268749,tb1,0.3629031901892673,1.3036192582387243,0.18,-0.11132846707347846
1777029828.4487798,tb3,0.9117803056865418,0.8928355261735476,0.18,-0.010487869838098119
1777029828.4715543,tb2,0.6849068154645963,-0.03801165795923321,0.18,-0.40526558876260005
1777029828.4753983,tb7,0.033767408374101575,-0.3428709446279308,0.18,-0.492162130610616
1777029828.4767623,tb1,0.37107274856560163,1.3073571704691287,0.18,-0.11127918430416137
1777029828.498596,tb3,0.9192451561512788,0.8880332585783788,0.18,-0.009536984660797852
1777029828.5215793,tb2,0.6934949389577192,-0.04124863187110638,0.18,-0.42445235362907047
1777029828.525308,tb7,0.03065784455522835,-0.3343881299529495,0.18,-0.39807853461175613
1777029828.5267816,tb1,0.37107274856560163,1.3073571704691287,0.18,-0.10335653697450196
1777029828.5485675,tb3,0.9267878445917528,0.8831518993663134,0.18,-0.00852999014725512
1777029828.5715454,tb2,0.7020227365379933,-0.04465552701209299,0.18,-0.44295446064086763
1777029828.5753953,tb7,0.027867332080754936,-0.32590448396955457,0.17999999999999997,-0.35031470989878283
1777029828.576832,tb1,0.3791833534343872,1.3110829683566951,0.18,-0.10348219736735649
1777029828.598608,tb3,0.9343563573199056,0.8782402860221881,0.18,-0.007659314325930121
1777029828.6214838,tb2,0.7104798513924905,-0.04824029892435071,0.18,-0.46364038511148264
1777029828.6254144,tb7,0.025236720134735408,-0.3171531192234229,0.18,-0.3266467591300341
1777029828.626896,tb1,0.3873013981125992,1.3147711207896817,0.18,-0.10363090224378853
1777029828.6485898,tb3,0.9419167967618067,0.8733293822733771,0.18,-0.007176837550583761
1777029828.6715422,tb2,0.7188585740156131,-0.05201016253068523,0.18,-0.48644538498672935
1777029828.67538,tb7,0.022859013291943724,-0.30831138697641636,0.18,-0.3077966467708595
1777029828.676851,tb1,0.39563375351720753,1.3183567355218089,0.18,-0.10412512940526794
1777029828.6985464,tb3,0.9494695018607975,0.8684194301032052,0.18,-0.006862817901663437
1777029828.7215226,tb2,0.7271517635433126,-0.05597333090556804,0.18,-0.5115322920096764
1777029828.7254746,tb7,0.02060447265016716,-0.2994569901578967,0.18,-0.2913582736758874
1777029828.7268631,tb1,0.4039787378615479,1.3218969898572106,0.18,-0.10455507685484688
1777029828.748541,tb3,0.957014699571018,0.8635105485331805,0.18,-0.0066995616832089275
1777029828.771638,tb2,0.7353502933648572,-0.06013865440112714,0.18000000000000002,-0.5397316763286906
1777029828.7754083,tb7,0.01850792951143589,-0.29056862813159434,0.18,-0.2765852031529759
1777029828.7768037,tb1,0.412335971706912,1.325391463820862,0.18,-0.10485902241202189
1777029828.7986636,tb3,0.9645525266968762,0.8586028073042897,0.18,-0.006626793447467379
1777029828.8215044,tb2,0.7434380705337678,-0.0643966831409943,0.18,-0.5747741429859966
1777029828.8253806,tb7,0.016547115599437272,-0.28165579914978933,0.18,-0.26312256311584314
1777029828.8269455,tb1,0.42070527197688445,1.328839844631276,0.18,-0.10498264238775949
1777029828.848738,tb3,0.9645525266968762,0.8586028073042897,0.18,-0.002735463720697671
1777029828.871541,tb2,0.7514489663725485,-0.06856622073411293,0.18,-0.6235417173572737
1777029828.8753443,tb7,0.014719823561914286,-0.27271918388998956,0.18,-0.2507479223679989
1777029828.8767931,tb1,0.42908641371831324,1.3322418667361693,0.18,-0.10496201290907908
1777029828.8986635,tb3,0.9720830614204956,0.8536962350638384,0.18,-0.0025979566326578144
1777029828.9215221,tb2,0.7594011326037257,-0.07270080324092346,0.18,-0.6904628161185583
1777029828.9254405,tb7,0.013011767174606158,-0.2637657584642151,0.18,-0.23948805916754246
1777029828.9268115,tb1,0.4374791154824196,1.3355973283379525,0.18,-0.10475171070895326
1777029828.9488063,tb3,0.9796053709449669,0.8487925481136434,0.18,-0.0028201754107059084
1777029828.9715579,tb2,0.7673905769739877,-0.0776745415711528,0.18,-0.7755280756022895
1777029828.9752846,tb7,0.011416523936506115,-0.25479720388618365,0.18,-0.22991665339409922
1777029828.9767916,tb1,0.4458830566055483,1.338906109663475,0.18,-0.10457874891222557
1777029828.9987476,tb3,0.9871040884912375,0.8439122240177358,0.17999999999999997,-0.003621083798524375
1777029829.0214746,tb2,0.774956310371656,-0.0828313385688306,0.18,-0.8848705434265439
1777029829.0253606,tb7,0.00992865145626467,-0.24581546239242658,0.18,-0.22088058766292237
1777029829.026892,tb1,0.4542979371840241,1.342168187065128,0.18,-0.1043491881056254
1777029829.0487587,tb3,0.9945575751656865,0.8390648536385026,0.17999999999999997,-0.004938674752398066
1777029829.0715823,tb2,0.774956310371656,-0.0828313385688306,0.18,-0.889636793169691
1777029829.0760028,tb7,0.008543402542583822,-0.2368218067520264,0.18,-0.21212699380256264
1777029829.0767636,tb1,0.46270416400467496,1.345402930120725,0.18,-0.10423891238895187
1777029829.0985987,tb3,1.0020447873172038,0.8341876638812218,0.18,-0.006258290107387393
1777029829.1215703,tb2,0.7827376700077134,-0.0884406442210821,0.18,-1.0565746325301937
1777029829.1255634,tb7,0.008543402542583822,-0.2368218067520264,0.18,-0.20888847815908435
1777029829.126859,tb1,0.46270416400467496,1.345402930120725,0.18,-0.09590237911650058
1777029829.148718,tb3,1.0095997991850891,0.8292556914348236,0.18,-0.0076161263585659104
1777029829.171552,tb2,0.7902104086169002,-0.0942415503394146,0.18,-1.215039742044064
1777029829.1754773,tb7,0.007256341031413872,-0.22781812376823174,0.18,-0.20175646159502172
1777029829.1769385,tb1,0.47104037943850763,1.3486505442259271,0.18,-0.09606254628048613
1777029829.198758,tb3,1.0171481699858793,0.8243245880710567,0.18,-0.009322613234101575
1777029829.2215161,tb2,0.7974081772980851,-0.10042575943067171,0.18,-1.4221747028171425
1777029829.2253854,tb7,0.0060642138907154915,-0.21880349633039767,0.18,-0.19488414871583898
1777029829.2268438,tb1,0.4793271403840892,1.3518797521400199,0.18,-0.09639617864191982
1777029829.248884,tb3,1.024689601930193,0.8193936874258226,0.18,-0.011842004311829808
1777029829.2716532,tb2,0.8042829586546336,-0.10707689753490336,0.14599651819336792,-1.4205642925020738
1777029829.2753649,tb7,0.004964393607700014,-0.20978065240186805,0.18,-0.1886156106605031
1777029829.276854,tb1,0.4878145602694422,1.354994706042559,0.18,-0.0965342572714612
1777029829.2986686,tb3,1.032223874498042,0.8144619430037153,0.18,-0.015080803627228207
1777029829.321517,tb2,0.8102336410593893,-0.11366387961980245,0.10068622044548844,-1.3239505046546491
1777029829.3253963,tb7,0.003953442532356407,-0.20075072636275335,0.18,-0.18201105610209461
1777029829.3268886,tb1,0.4963457874341767,1.3580503255095355,0.18,-0.0974500643201131
1777029829.3485868,tb3,1.032223874498042,0.8144619430037153,0.18,-0.010921800092668788
1777029829.3715887,tb2,0.8143539955650595,-0.11891928327311466,0.06122665131292384,-1.28292141777803
1777029829.3753326,tb7,0.003028175054635827,-0.19171473942856507,0.18,-0.1733140997406204
1777029829.3768008,tb1,0.5048864099007524,1.361063003069733,0.18,-0.09836914638289852
1777029829.3987827,tb3,1.0397504831227797,0.8095280677714332,0.18,-0.014584064891607648
1777029829.4215484,tb2,0.8168584407718665,-0.12259822719598741,0.028468374244585606,-1.2945549027803147
1777029829.425411,tb7,0.0021853413836377864,-0.18267433310965245,0.18,-0.16273144118003477
1777029829.4268184,tb1,0.5134356464169131,1.3640320863924587,0.18,-0.09904866364622698
1777029829.4487276,tb3,1.047266927235242,0.8045939214792641,0.18,-0.01914757897981921
1777029829.4715297,tb2,0.8182923255626379,-0.1249217856473662,0.0019157905175894024,-1.3444240197051893
1777029829.4754312,tb7,0.0014208687022335923,-0.17363150828003537,0.18,-0.15119912483781442
1777029829.476876,tb1,0.5219933819846768,1.3669570763293641,0.18,-0.09944039365431857
1777029829.4988792,tb3,1.0547760601037852,0.7996575335784812,0.18,-0.023487045165966853
1777029829.5215585,tb2,0.8195925797122033,-0.12689092897350068,-0.02180502228105321,-1.4333053159940738
1777029829.5254097,tb7,0.0007296911888177237,-0.16458819893017596,0.18,-0.14053919769287854
1777029829.5268292,tb1,0.5305593913342731,1.369837549553049,0.17999999999999997,-0.0996001292025269
1777029829.548709,tb3,1.0622599638247807,0.7947288723346813,0.18,-0.027591713021239233
1777029829.5714035,tb2,0.8207635940922006,-0.12861014582058403,-0.040950444284494354,-1.5
1777029829.5752738,tb7,0.00010610884048977319,-0.15554548490860373,0.18,-0.13087996232872293
1777029829.5767426,tb1,0.5391333996679393,1.3726732140206546,0.18,-0.09953775780226418
1777029829.598589,tb3,1.0696957089917518,0.7898302595528955,0.18,-0.03198097394547822
1777029829.6216016,tb2,0.8207635940922006,-0.12861014582058403,-0.05336622396305883,-1.5
1777029829.6254556,tb7,-0.0004551922352853547,-0.1465035734171552,0.18,-0.11879132652783861
1777029829.6268857,tb1,0.5477150913400267,1.3754639045054833,0.18,-0.09907970820968635
1777029829.6487448,tb3,1.0771510132395772,0.7849091168471736,0.18,-0.035597181612465674
1777029829.6715512,tb2,0.8203717677910578,-0.12756460380095758,-0.05660544378715478,-1.5
1777029829.675338,tb7,-0.0004551922352853547,-0.1465035734171552,0.18,-0.11422273596895098
1777029829.676784,tb1,0.5477150913400267,1.3754639045054833,0.18,-0.09034580341586182
1777029829.698803,tb3,1.084679078882247,0.7799131499794377,0.18,-0.037926703172005666
1777029829.721532,tb2,0.8197498608426611,-0.12540334492950783,-0.05424137025946997,-1.5
1777029829.725356,tb7,-0.0009594855853305239,-0.13746405485787075,0.18,-0.1023873699003199
1777029829.7267861,tb1,0.556289116982493,1.3782260680908645,0.18,-0.08979940590999844
1777029829.7487214,tb3,1.0921938681165906,0.774906776412864,0.18,-0.04007602650250105
1777029829.7715378,tb2,0.8192838151304405,-0.12320249155513222,-0.04989320058982806,-1.5
1777029829.7753422,tb7,-0.0014110878812388324,-0.12842461928923882,0.18,-0.09138128160365805
1777029829.7768362,tb1,0.5647952974745306,1.3810042055114724,0.17999999999999997,-0.08933926047642265
1777029829.7987287,tb3,1.0996944230955898,0.7698891921936805,0.18,-0.04233572131426775
1777029829.8215742,tb2,0.8190048419284449,-0.12125332624008343,-0.04455703181542752,-1.5000000000000002
1777029829.825399,tb7,-0.001814175524711467,-0.11938846318928681,0.18,-0.08209599564111814
1777029829.8268738,tb1,0.573251212533391,1.383766712665902,0.17999999999999997,-0.08893083621192828
1777029829.8486445,tb3,1.1071800841413224,0.7648595735835957,0.18,-0.04523895882960526
1777029829.87157,tb2,0.8188758528637834,-0.11964348246267234,-0.038568778494156186,-1.5
1777029829.8754153,tb7,-0.0021742431010054763,-0.11035564108115072,0.18,-0.07447495001030832
1777029829.8768945,tb1,0.5819011790239224,1.3864088156069045,0.18,-0.08841908631335216
1777029829.898668,tb3,1.1146503928747045,0.7598167946648718,0.18,-0.048308286050261016
1777029829.92187,tb2,0.8188505064601651,-0.11812591223396304,-0.031705637150448884,-1.5
1777029829.9256592,tb7,-0.002496113151953922,-0.10132557109422985,0.18,-0.06803867872950937
1777029829.927111,tb1,0.5905813436932981,1.3889987317463681,0.18,-0.0886915932385949
1777029829.9494178,tb3,1.1146503928747045,0.7598167946648718,0.18,-0.044221754260644695
1777029829.971483,tb2,0.8189025316576426,-0.1170023057213158,-0.023767477430327068,-1.4999999999999998
1777029829.9753125,tb7,-0.0027836851073107334,-0.0922978357965423,0.18,-0.06298428178414506
1777029829.9767613,tb1,0.5992662977061701,1.3915483981630206,0.18,-0.08914026181376869
1777029829.9988265,tb3,1.1221046291215309,0.754759560889553,0.18,-0.04775007112935549
1777029830.0215013,tb2,0.818979182906023,-0.11628076243348094,-0.015332920735934286,-1.5
1777029830.0254679,tb7,-0.0030402723764822426,-0.08327213710524209,0.18,-0.05907583800043467
1777029830.0268273,tb1,0.6079561786019562,1.394057789711365,0.18000000000000002,-0.08953538004434311
1777029830.0487099,tb3,1.1295402618371628,0.7496896850494575,0.18,-0.05245488254657106
1777029830.0715375,tb2,0.8190747806654948,-0.11560133479653044,-0.00621108112817714,-1.5
1777029830.075402,tb7,-0.0032684398652532472,-0.07424774621894085,0.18,-0.05582324446166664
1777029830.0768313,tb1,0.6166508904798285,1.3965266611633074,0.18,-0.08983828192397346
1777029830.0986323,tb3,1.1369444888864708,0.7446255659426565,0.18,-0.05742080036711865
1777029830.1214705,tb2,0.8192176730325041,-0.11472279471820691,0.003816415643978989,-1.5
1777029830.1253104,tb7,-0.0034700971760317453,-0.06522445896308639,0.18,-0.05290519197798509
1777029830.126775,tb1,0.625350285371995,1.3989547701039948,0.17999999999999997,-0.08994372391171607
1777029830.1487262,tb3,1.1443020348388002,0.7395939650504993,0.18,-0.06283780286250229
1777029830.1715443,tb2,0.8191528963787353,-0.11462828296853131,0.013487610567628055,-1.5
1777029830.175331,tb7,-0.00364682706901993,-0.05620208795845053,0.18,-0.05110331470830335
1777029830.176882,tb1,0.6340541397526047,1.4013419134214231,0.18,-0.09031381742690135
1777029830.1988065,tb3,1.1516835384203763,0.7345107022202612,0.18,-0.06909665077327559
1777029830.2216733,tb2,0.8185980918506148,-0.11576288537738057,0.022418039640677807,-1.5
1777029830.225286,tb7,-0.0037999157726608767,-0.04718031449936651,0.18,-0.050682217891690674
1777029830.2267349,tb1,0.6427623570657838,1.4036879609340536,0.18,-0.09128318578243806
1777029830.2486005,tb3,1.1591067371703576,0.7293375660792382,0.18,-0.07645325153965303
1777029830.2715795,tb2,0.8185980918506148,-0.11576288537738057,0.019071898394334732,-1.5
1777029830.275399,tb7,-0.003930014144231663,-0.03815849217996191,0.18,-0.05069748592280148
1777029830.2767591,tb1,0.6514418287341422,1.4060291327533978,0.18,-0.09243505752540965
1777029830.298693,tb3,1.1665092999027664,0.7241410664688018,0.18,-0.08439264934134623
1777029830.3215992,tb2,0.8177469755253314,-0.11724353947578621,0.028536800134157027,-1.5
1777029830.3255494,tb7,-0.003930014144231663,-0.03815849217996191,0.18,-0.04593529351526488
1777029830.3268192,tb1,0.6600592138136402,1.4083755415007004,0.18,-0.08321140278617656
1777029830.348725,tb3,1.1738894093346257,0.7189183074200081,0.18,-0.09208561882884411
1777029830.371565,tb2,0.8168435101503766,-0.11857875339530087,0.03892298986187646,-1.5
1777029830.3755226,tb7,-0.004037245635241667,-0.02913638566439558,0.18,-0.04594561471983139
1777029830.3768814,tb1,0.6600592138136402,1.4083755415007004,0.18,-0.08434587922059532
1777029830.3986871,tb3,1.1812450657841382,0.713666076194965,0.18,-0.10051633659860838
1777029830.421613,tb2,0.8155554036670702,-0.12021053059466337,0.04976398622765322,-1.5
1777029830.4254117,tb7,-0.004122663589862992,-0.02011613827482262,0.18,-0.04674607627215725
1777029830.4268782,tb1,0.6686966090236223,1.4106774371837232,0.18,-0.08597785346879314
1777029830.448593,tb3,1.188573933352863,0.7083811376804546,0.18,-0.11020286750269077
1777029830.4715748,tb2,0.8137519028993248,-0.1221755599427969,0.0611149529164432,-1.5
1777029830.47535,tb7,-0.00418735446911733,-0.011095692978065477,0.18,-0.047849929552326066
1777029830.4767926,tb1,0.6774852022419938,1.4128764487042558,0.18,-0.08827546280354823
1777029830.4986944,tb3,1.1958736764255928,0.7030597972950957,0.18,-0.120899475234606
1777029830.521511,tb2,0.8113710166070636,-0.12441002056596234,0.0731611770927404,-1.5
1777029830.5253077,tb7,-0.004231061686339346,-0.002074708319114525,0.18,-0.04913659722039604
1777029830.5267875,tb1,0.6862773887926913,1.4150366395698897,0.18,-0.09068153869565318
1777029830.5486686,tb3,1.2031415716376774,0.6976979837316247,0.18,-0.13140134559882238
1777029830.5715237,tb2,0.80885316158058,-0.12637479127514673,0.08669070052759699,-1.5
1777029830.5753736,tb7,-0.00425329682099838,0.006946892766481967,0.18,-0.05018104727269232
1777029830.5768292,tb1,0.695073447558656,1.417157042920366,0.18,-0.0928721854858429
1777029830.5986538,tb3,1.2103557877504214,0.6923438967244608,0.18,-0.1418216532294524
1777029830.621467,tb2,0.8067031224666518,-0.12791607354427337,0.1023303248793756,-1.5
1777029830.6254716,tb7,-0.004253481504109867,0.015969086808911563,0.18,-0.05094105606481694
1777029830.6268399,tb1,0.7038734968150957,1.4192365514574077,0.18,-0.0945647043431295
1777029830.6491327,tb3,1.2103557877504214,0.6923438967244608,0.18,-0.1390899105758163
1777029830.6715767,tb2,0.8031359137568757,-0.1300691606253026,0.11872638866505586,-1.5
1777029830.6753724,tb7,-0.004231099634372813,0.024991708090414438,0.18,-0.05208651549971971
1777029830.6768758,tb1,0.7126775040247865,1.4212740533056898,0.18,-0.09664439869603461
1777029830.6986928,tb3,1.217526265950984,0.6870230344158486,0.18,-0.1542686283348081
1777029830.721534,tb2,0.7976471622278362,-0.13276374230554572,0.13603738465417844,-1.5
1777029830.7253547,tb7,-0.004185726909622325,0.03401469418788113,0.18,-0.05354998227075357
1777029830.7268264,tb1,0.7214853923211783,1.4232685732722479,0.18,-0.09964686489017116
1777029830.7490532,tb3,1.22472324647164,0.6815334726070077,0.18,-0.17343309310331265
1777029830.7715814,tb2,0.7911505275403893,-0.13537617605177593,0.1557789379353482,-1.5
1777029830.7753768,tb7,-0.004116803380312781,0.04303816591766327,0.18,-0.05494286987032334
1777029830.7768834,tb1,0.7302974875028199,1.4252191010609647,0.18,-0.1028717626757642
1777029830.7987423,tb3,1.2318945285917422,0.675954119821972,0.18,-0.1931965671453082
1777029830.8215547,tb2,0.783509999319841,-0.13780571306092168,0.17883809186651903,-1.5
1777029830.8253741,tb7,-0.0040236245772455265,0.05206212103432831,0.18,-0.056206018213170006
1777029830.826914,tb1,0.7391035444439633,1.4271366653416604,0.18,-0.10629959235535008
1777029830.8486078,tb3,1.2390212543980272,0.6703134514987672,0.18,-0.21436424654253983
1777029830.8715658,tb2,0.7745928004936349,-0.13992287656966448,0.18,-1.3077161917864075
1777029830.8753402,tb7,-0.0039054964949586627,0.06108643849221851,0.18,-0.05729731789986007
1777029830.8767576,tb1,0.7478482506790812,1.4290654255552195,0.18,-0.11042407070563043
1777029830.8987303,tb3,1.2460969685966277,0.664603756212175,0.18,-0.23707190822324697
1777029830.921979,tb2,0.7651460984188647,-0.14147441470550715,0.18,-1.1541849929829004
1777029830.925359,tb7,-0.003761828012805374,0.07011092141038872,0.18,-0.0581096704245037
1777029830.9267974,tb1,0.7565457242042793,1.4309812479074846,0.18,-0.11488927754315532
1777029830.9487445,tb3,1.2531144881216225,0.6588173169931932,0.18,-0.2597554228761449
1777029830.9716048,tb2,0.7651460984188647,-0.14147441470550715,0.18,-1.1768130250111928
1777029830.975384,tb7,-0.003761828012805374,0.07011092141038872,0.18,-0.05315394743868501
1777029830.977021,tb1,0.7654441908410834,1.4327581810133385,0.18,-0.10342921035028911
1777029830.9987166,tb3,1.2600666396009725,0.6529455682738254,0.17999999999999997,-0.2796544053935479
1777029831.0215137,tb2,0.7566767191232594,-0.14269159795864125,0.18,-1.0427659535430773
1777029831.0254905,tb7,-0.0035921408963032354,0.0791353662715898,0.18,-0.05400041776915572
1777029831.0267997,tb1,0.7654441908410834,1.4327581810133385,0.18,-0.10760470136809304
1777029831.0486274,tb3,1.2669441840994735,0.6469814437720633,0.18,-0.29872550310286294
1777029831.071561,tb2,0.7482546785364702,-0.14370385804248983,0.18,-0.9148605472309906
1777029831.0754082,tb7,-0.0033974013437694313,0.08815716362375024,0.18,-0.05552672737330822
1777029831.0768297,tb1,0.7743410139106307,1.4344844352950625,0.18,-0.1116054011229044
1777029831.098782,tb3,1.2737350484077141,0.6409534737362151,0.18,-0.31878119598621524
1777029831.1215353,tb2,0.7389598477216582,-0.14356878258939276,0.18,-0.7873049713966155
1777029831.1253471,tb7,-0.0031784648398350207,0.0971788016098748,0.18,-0.05617024745118608
1777029831.1268327,tb1,0.7832419496627083,1.4361629128261377,0.18,-0.11550844371635544
1777029831.1487703,tb3,1.280469672021745,0.6349617915312932,0.18,-0.34097253755991386
1777029831.171548,tb2,0.7295002438455629,-0.14288524381148004,0.18,-0.6629471729018503
1777029831.17538,tb7,-0.0029347239913727298,0.10620047204305177,0.18,-0.05651161194731558
1777029831.1768596,tb1,0.7921473005755613,1.4377916505118804,0.18,-0.11897083380741419
1777029831.198784,tb3,1.2871392760759521,0.6288123232186984,0.18,-0.36293592065183333
1777029831.221668,tb2,0.7202889840892064,-0.1417364150220321,0.18,-0.5741738100129834
1777029831.2254243,tb7,-0.0026657250431967954,0.1152217013686217,0.18,-0.05670323097487262
1777029831.2269094,tb1,0.8010569908887073,1.4393686232806444,0.18,-0.12216995415445629
1777029831.249042,tb3,1.2936932268027364,0.6223872743922038,0.18,-0.3355221884267178
1777029831.2715373,tb2,0.7111320554823377,-0.14026772883770355,0.18,-0.514729159219952
1777029831.2753456,tb7,-0.0023712659369248775,0.12424227988472297,0.18,-0.0569204393570957
1777029831.276831,tb1,0.8099709186782121,1.4408919991240354,0.18,-0.12545887222636648
1777029831.2987225,tb3,1.2936932268027364,0.6223872743922038,0.18,-0.38480043157259947
1777029831.3215353,tb2,0.702066194841468,-0.1385426860644033,0.18,-0.46381290336758807
1777029831.325403,tb7,-0.0020512318837161542,0.13326209298095132,0.18,-0.05719063155813669
1777029831.326852,tb1,0.8188890076446655,1.442360009818752,0.18,-0.12854793608716783
1777029831.3486059,tb3,1.3001234388857692,0.6158597823873129,0.18,-0.40844123438651087
1777029831.3715575,tb2,0.693236338026611,-0.13731730071434148,0.18,-0.41746378911389426
1777029831.375402,tb7,-0.0017055093679621421,0.142281079963779,0.18,-0.05831431587527512
1777029831.3768587,tb1,0.8278058438923659,1.443777943098797,0.18,-0.13163233913206562
1777029831.3986018,tb3,1.306444083634959,0.6092053123989928,0.18,-0.42868645248638565
1777029831.4214785,tb2,0.6844457847267426,-0.13556032208092395,0.18,-0.3676035742958136
1777029831.425307,tb7,-0.001333858036476419,0.1512994347873495,0.18,-0.059151339153493805
1777029831.4268363,tb1,0.8366620898679489,1.445209364440378,0.18,-0.1350675200068259
1777029831.4487305,tb3,1.3126327176398211,0.6024222995939654,0.18,-0.4481777260194578
1777029831.4714832,tb2,0.6755478842679594,-0.13314301694632552,0.18,-0.31445118252650245
1777029831.4753318,tb7,-0.000935805013517871,0.16031709236299785,0.18,-0.05954725916505142
1777029831.4768102,tb1,0.8454658267041636,1.446633017571425,0.18,-0.13898763129928787
1777029831.4986238,tb3,1.3186778459519217,0.5955071539305956,0.18,-0.4675693324171774
1777029831.5215864,tb2,0.6755478842679594,-0.13314301694632552,0.18,-0.33262165946159217
1777029831.525362,tb7,-0.000511013392958128,0.16933378060895898,0.18,-0.06000972608189826
1777029831.5268776,tb1,0.8544522008201949,1.4478862616511412,0.18,-0.1419636930315872
1777029831.5486257,tb3,1.3245687074219725,0.5884564119028658,0.18,-0.48725149883644864
1777029831.571495,tb2,0.6667919011918786,-0.13056257477804917,0.18,-0.2968512070916148
1777029831.5753841,tb7,-0.000511013392958128,0.16933378060895898,0.18,-0.05498149009352162
1777029831.5767748,tb1,0.86345485560253,1.4490670158593841,0.18,-0.13865955145580308
1777029831.59875,tb3,1.3303234522557759,0.5813389747596466,0.18,-0.507597344607839
1777029831.6215992,tb2,0.6580646161123065,-0.12783599229698575,0.18,-0.2597008906772386
1777029831.6254275,tb7,-5.927198753573135e-05,0.17834937894993957,0.18,-0.05555689601764601
1777029831.6268616,tb1,0.86345485560253,1.4490670158593841,0.18,-0.13414299105115787
1777029831.648588,tb3,1.3360360707637637,0.574300511906489,0.18,-0.5310296868638681
1777029831.6715746,tb2,0.6494033922388011,-0.12498085505290145,0.18,-0.22495006784455415
1777029831.675496,tb7,0.000418267707760616,0.18736146272595217,0.18,-0.056799640497401674
1777029831.676874,tb1,0.8724575498479032,1.450183747379226,0.18,-0.13718268103740844
1777029831.6986163,tb3,1.3415480504869612,0.5670087834731923,0.18,-0.5574966229980446
1777029831.7214909,tb2,0.6407789488894964,-0.1223322784866202,0.18,-0.19361063968232017
1777029831.725355,tb7,0.000920749818387893,0.1963724542215487,0.18,-0.058543809696512995
1777029831.7267911,tb1,0.8814590762095201,1.451238192147894,0.18,-0.1413741393448763
1777029831.7486157,tb3,1.346767869819732,0.5593514804812204,0.18,-0.5777925953116216
1777029831.7715232,tb2,0.6322054768460287,-0.11944336043896629,0.18,-0.16033657409742752
1777029831.775316,tb7,0.001448671368344181,0.20538263922465402,0.18,-0.060168798202162976
1777029831.7767687,tb1,0.8904624550336606,1.4522308061943228,0.18,-0.14593981938323639
1777029831.7986515,tb3,1.3517699860330312,0.5515521876708388,0.18,-0.5973806711584847
1777029831.8216023,tb2,0.6236833476925691,-0.11627047005215799,0.18,-0.1326277071246771
1777029831.8254087,tb7,0.0020028008397693776,0.21439205277776874,0.18,-0.06159128737237017
1777029831.8268871,tb1,0.8994678852521463,1.453159722186637,0.18,-0.15042069794393
1777029831.8487236,tb3,1.356543951564544,0.5436083243773635,0.18,-0.6171375785710799
1777029831.871535,tb2,0.6152120289500991,-0.11303678368701932,0.18,-0.1077335880045911
1777029831.8753617,tb7,0.002583923520674334,0.22340053803926516,0.18,-0.06308048673459749
1777029831.8768086,tb1,0.9084753766672049,1.4540227457524253,0.18,-0.15488177026177932
1777029831.898595,tb3,1.356543951564544,0.5436083243773635,0.18,-0.6361700584096538
1777029831.9221873,tb2,0.6067808555376473,-0.10975378033531481,0.18,-0.08520051101664029
1777029831.9258482,tb7,0.0031927742062072524,0.23240790841220454,0.18,-0.06459251577070925
1777029831.9273245,tb1,0.9174760355408285,1.4548324130346306,0.18,-0.15923567765044117
1777029831.9494553,tb3,1.3610766988693492,0.5355207812217802,0.18,-0.6580048128078698
1777029831.9716449,tb2,0.5983761299689422,-0.10646208394647183,0.18,-0.06431398359166655
1777029831.9754565,tb7,0.0038300685473547733,0.24141401238658006,0.18,-0.06633097585248275
1777029831.9768424,tb1,0.9264146549823277,1.455664903577747,0.18,-0.16439601620993954
1777029831.9987843,tb3,1.3653547412605211,0.5272919844513501,0.18,-0.6788348922676494
1777029832.0214708,tb2,0.5899780484929927,-0.10330464857132456,0.18,-0.044899459127835495
1777029832.025328,tb7,0.004496583478827427,0.2504188393800817,0.18,-0.06829880436850176
1777029832.026779,tb1,0.9353129272133018,1.456481326208099,0.18,-0.17020646339650494
1777029832.0487177,tb3,1.3693640244144667,0.5189247981486349,0.18,-0.6994901349615096
1777029832.0715804,tb2,0.5816049455533637,-0.09992596538401405,0.18,-0.028022399477207017
1777029832.0753176,tb7,0.005193224111264485,0.2594223204335878,0.18,-0.07009330426660412
1777029832.0768096,tb1,0.944391312487264,1.4570672480932458,0.18,-0.17423341379029503
1777029832.098815,tb3,1.373270285006293,0.5106403427634518,0.18000000000000002,-0.7224945543160413
1777029832.1214437,tb2,0.5732516855856993,-0.09652735796115229,0.18,-0.013105392127872957
1777029832.1253731,tb7,0.0059209210105319356,0.268424238613224,0.18,-0.0719797318654738
1777029832.126761,tb1,0.9534698097001573,1.4575755039803793,0.18,-0.17792469923353874
1777029832.1486359,tb3,1.3771590116901602,0.5024556525793755,0.18,-0.7508482897314145
1777029832.1714191,tb2,0.5732516855856993,-0.09652735796115229,0.18,-0.027290447099435174
1777029832.1752546,tb7,0.006680536842357237,0.2774243943850956,0.18,-0.07389112062758471
1777029832.1767352,tb1,0.9625475241222841,1.4580040672944625,0.18,-0.18251307881748274
1777029832.1986566,tb3,1.3803118847143057,0.49369314207186193,0.18000000000000002,-0.7768649776887969
1777029832.2216058,tb2,0.5649149938003705,-0.09312499059564205,0.18,-0.01434941613234914
1777029832.225371,tb7,0.006680536842357237,0.2774243943850956,0.18,-0.06872772300930419
1777029832.2270117,tb1,0.9716240444630884,1.4583509955810774,0.18,-0.16605499281982744
1777029832.2486675,tb3,1.3831893254416228,0.48474860472091796,0.17999999999999997,-0.8048161584361524
1777029832.2717097,tb2,0.5565830030900155,-0.08971472288079922,0.18,-0.0007570788464008052
1777029832.2755063,tb7,0.0074729748866353045,0.2864226301313296,0.18,-0.07068325575701352
1777029832.2768433,tb1,0.9716240444630884,1.4583509955810774,0.18,-0.1765726292942234
1777029832.2986624,tb3,1.3857246005184443,0.4757520753417321,0.18,-0.8179193606043244
1777029832.3215303,tb2,0.5482638499744987,-0.0863476679187466,0.18000000000000002,0.010755464091331374
1777029832.3254213,tb7,0.0082972965168917,0.29541587906334515,0.18,-0.07339838557216137
1777029832.326872,tb1,0.9806900400332627,1.458618166246306,0.18,-0.18362605236925586
1777029832.3488004,tb3,1.3878995704615606,0.46664623793040005,0.18,-0.8274630240048007
1777029832.3714874,tb2,0.5399525271281556,-0.08296739314137974,0.18,0.020262246206361693
1777029832.375364,tb7,0.009153165762650886,0.3044071885498114,0.18,-0.07613136679093009
1777029832.3768194,tb1,0.989755932350433,1.4588070862389957,0.18,-0.19024364169447908
1777029832.3987033,tb3,1.3896985644020796,0.4574603895711215,0.18,-0.8351887087221179
1777029832.421557,tb2,0.5316268920993936,-0.07954748594554578,0.18,0.02691546309025156
1777029832.425477,tb7,0.010041851660910702,0.3133966623999152,0.18,-0.07877228474329848
1777029832.4268968,tb1,0.998819882105297,1.4589133953413598,0.18,-0.1966712553747283
1777029832.4486566,tb3,1.3896985644020796,0.4574603895711215,0.18,-0.8763582289321677
1777029832.4715223,tb2,0.523308035252227,-0.07613970308319543,0.18,0.03118186383194691
1777029832.475365,tb7,0.010964720833987975,0.3223840540270751,0.18,-0.08139906325721365
1777029832.4769602,tb1,1.0078606243093018,1.4589777716489987,0.18,-0.203426093847652
1777029832.498646,tb3,1.391113084316597,0.448210121178333,0.18,-0.8840352276927561
1777029832.5216048,tb2,0.5149932599999503,-0.07274660277342548,0.18,0.033320295619139184
1777029832.5253406,tb7,0.011923076046066232,0.3313689905846673,0.17999999999999997,-0.08404636893767566
1777029832.5268366,tb1,1.016837216277865,1.4590703335963553,0.18,-0.21108082943640005
1777029832.548788,tb3,1.3924015210311838,0.4390852697663172,0.18,-0.8866299075633256
1777029832.5716856,tb2,0.5066836811796761,-0.06938034338230803,0.18,0.033274329048859665
1777029832.5754085,tb7,0.01291820241429037,0.3403512381791847,0.18,-0.08671754797472857
1777029832.576856,tb1,1.0258451073923482,1.4590649009653522,0.18000000000000002,-0.21915109491537882
1777029832.5987873,tb3,1.3936651026100972,0.4300773665431346,0.18,-0.8919039568378512
1777029832.6215804,tb2,0.4983893541680237,-0.06603765149543285,0.18,0.031200785682146404
1777029832.6254175,tb7,0.013951396712743338,0.34933048451143484,0.18,-0.08922161835646505
1777029832.626921,tb1,1.0349498983485852,1.4588230645873348,0.18,-0.2261225280448234
1777029832.6486204,tb3,1.3938656690013373,0.4206723858306823,0.18,-0.8882702985577425
1777029832.6714709,tb2,0.4900455436692679,-0.06267979224339715,0.18,0.0279933452661216
1777029832.6753507,tb7,0.015023945001065693,0.3583063850313301,0.18,-0.09169574617963885
1777029832.6767468,tb1,1.0440560684805402,1.4584817086095003,0.17999999999999997,-0.232017225489905
1777029832.6985612,tb3,1.3936534165854557,0.41126440856612356,0.18,-0.8822778518730213
1777029832.721787,tb2,0.4817016096463467,-0.059336300487822013,0.18,0.0816866679082963
1777029832.7253525,tb7,0.01613707864971315,0.3672785760521827,0.18,-0.09410871463601685
1777029832.7267296,tb1,1.0531540338177097,1.4580369864752758,0.18,-0.23781078232069977
1777029832.7487075,tb3,1.3930272026241268,0.40188648475268024,0.18,-0.872847787024086
1777029832.7716236,tb2,0.4817016096463467,-0.059336300487822013,0.18,0.01402574451409221
1777029832.7754116,tb7,0.01613707864971315,0.3672785760521827,0.18,-0.08878795575552138
1777029832.7768748,tb1,1.0531540338177097,1.4580369864752758,0.18,-0.22764553706426058
1777029832.798638,tb3,1.3919891234570814,0.39255562740153777,0.18,-0.8618002430439919
1777029832.8215473,tb2,0.47337424668923533,-0.05602519475350159,0.18,0.0024151093698404134
1777029832.825403,tb7,0.01729193080413629,0.3762466314137628,0.18,-0.09114026528891878
1777029832.8268542,tb1,1.0622422318224003,1.4574860516140118,0.18,-0.2335633178291056
1777029832.8487163,tb3,1.3905463230956197,0.38329067861286426,0.18,-0.8499539735037611
1777029832.8715777,tb2,0.46502667881303444,-0.052721695422629014,0.18,-0.003811455638925591
1777029832.8754306,tb7,0.01848743685336411,0.3852071452826871,0.18,-0.09414686201909532
1777029832.8769271,tb1,1.0713127182600855,1.4568300167255954,0.18,-0.24129627397050468
1777029832.8985846,tb3,1.3888627665754134,0.3741520441092435,0.17999999999999997,-0.83849482731824
1777029832.9214795,tb2,0.4567101406773983,-0.04942374154685559,0.18,-0.011574426983505933
1777029832.925354,tb7,0.019723550140220692,0.3941634263122786,0.18,-0.09706564955386704
1777029832.9267921,tb1,1.0803713827038484,1.4560691801777246,0.18,-0.2489014445933517
1777029832.9486158,tb3,1.3873656590130738,0.3651909317004752,0.18,-0.8310286696899649
1777029832.9715252,tb2,0.44832697940871,-0.046118177950162965,0.18,-0.018773854128025062
1777029832.975459,tb7,0.021001693603899498,0.4031152651574606,0.18,-0.09998719782303239
1777029832.9768062,tb1,1.089414932175575,1.4552073384168451,0.18,-0.25604240310535736
1777029832.9991133,tb3,1.3849663971863202,0.356214421618988,0.18,-0.7574212382578969
1777029833.0215504,tb2,0.43994844179936227,-0.0428090808503594,0.18,-0.026517898421995242
1777029833.0254514,tb7,0.022323292783436074,0.4120622477828609,0.18,-0.10268782302699377
1777029833.026818,tb1,1.0983957265483966,1.4543834328926601,0.18,-0.26440499294145625
1777029833.0486257,tb3,1.3849663971863202,0.356214421618988,0.18,-0.864471693160183
1777029833.0714998,tb2,0.431575951509951,-0.03949309059536245,0.18,-0.03473383829798926
1777029833.075294,tb7,0.02368974329617941,0.42100387368061787,0.17999999999999997,-0.10520905204315358
1777029833.076824,tb1,1.107328847400307,1.4535397743143224,0.18,-0.2741218529319149
1777029833.0987656,tb3,1.3819920933702121,0.34736903650900475,0.18,-0.8500977239683798
1777029833.1215193,tb2,0.4232201559478305,-0.03616324917290012,0.18,-0.043634651344397965
1777029833.1253662,tb7,0.025102305697058194,0.4299395868681687,0.18,-0.10752504576891751
1777029833.1268694,tb1,1.1163944936519878,1.4523263190957822,0.18,-0.2835004654732236
1777029833.1487136,tb3,1.3786364729152096,0.3386002398310004,0.18,-0.8217092357106087
1777029833.171632,tb2,0.414887300941368,-0.03282522121963485,0.18,-0.05328906301826861
1777029833.1753376,tb7,0.0265621455049045,0.438868877678093,0.18,-0.1096849762826923
1777029833.176762,tb1,1.1254348713451132,1.450993943219739,0.18,-0.2902561438648268
1777029833.1986985,tb3,1.3749150564081114,0.3299967346674874,0.18,-0.7928650280194481
1777029833.2214103,tb2,0.40650948462471453,-0.029455186558603727,0.18,-0.06226317611988114
1777029833.2253134,tb7,0.028070385243185524,0.4477912677815886,0.18,-0.11172991774495386
1777029833.2267835,tb1,1.134452655712856,1.4495337520850686,0.18,-0.29675050728112545
1777029833.2486305,tb3,1.3708488935356833,0.3215740326066841,0.18,-0.766028508344763
1777029833.271531,tb2,0.40650948462471453,-0.029455186558603727,0.18000000000000002,-0.06726312338156144
1777029833.275294,tb7,0.029628040377378838,0.4567062004927745,0.18,-0.11237477531982562
1777029833.2767708,tb1,1.1434446652270103,1.44794263147506,0.18,-0.30311496090785756
1777029833.2986593,tb3,1.366706237314871,0.3133181465878804,0.17999999999999997,-0.741729910417665
1777029833.321489,tb2,0.3981433456653134,-0.02606207991868478,0.17999999999999997,-0.07599506980407122
1777029833.3253384,tb7,0.029628040377378838,0.4567062004927745,0.18,-0.10813665485733583
1777029833.3267872,tb1,1.1434446652270103,1.44794263147506,0.18,-0.2952639351205786
1777029833.348602,tb3,1.3626671288052363,0.30514746020519645,0.18,-0.7186386703371654
1777029833.3715177,tb2,0.38979173513220694,-0.022643184079527628,0.18000000000000002,-0.08535404855646463
1777029833.3754888,tb7,0.031235660504386756,0.4656125946080367,0.18,-0.11012517508347987
1777029833.3769536,tb1,1.1524082921452532,1.446217566011024,0.18,-0.3019408065781965
1777029833.3986776,tb3,1.3576558753123997,0.2972952105481086,0.18,-0.6939800146721573
1777029833.4214895,tb2,0.3814682257926122,-0.019201533580552953,0.18,-0.09455756248022901
1777029833.4253292,tb7,0.03289192759674531,0.4745082982797868,0.18,-0.11236228727062893
1777029833.4268224,tb1,1.1613354564831495,1.4443603649318335,0.18,-0.31048037983617244
1777029833.4485192,tb3,1.3523654604348947,0.28962237049906703,0.18,-0.672055749935201
1777029833.4715898,tb2,0.3731515006174686,-0.015733734916255494,0.18,-0.10394160816145111
1777029833.4753735,tb7,0.03459701920904488,0.4833958328745469,0.18,-0.11440560163854648
1777029833.4768126,tb1,1.1702264258628827,1.4423936778227318,0.18,-0.3193475096692684
1777029833.4985986,tb3,1.3468251209768465,0.28214998247230644,0.18,-0.65149901905933
1777029833.5215614,tb2,0.3648191238398281,-0.012204110438574566,0.18,-0.11236064404989562
1777029833.5253987,tb7,0.03635197099433379,0.49227471581073345,0.18,-0.11630640124762974
1777029833.52684,tb1,1.1790530096659761,1.440487114461282,0.18,-0.33036376293359415
1777029833.5486674,tb3,1.341049668309064,0.2748789799887581,0.18,-0.6316469396274816
1777029833.571715,tb2,0.3565070998548257,-0.008632579783265,0.18,-0.12049773280737118
1777029833.5754032,tb7,0.038157715724479443,0.5011443946569223,0.18,-0.11801634759013864
1777029833.5768561,tb1,1.187862302041751,1.4384724934168847,0.18,-0.3427366960428195
1777029833.5987759,tb3,1.341049668309064,0.2748789799887581,0.17999999999999997,-0.6734321140758786
1777029833.621553,tb2,0.3482177640472754,-0.005015455244949168,0.18,-0.12841126992284096
1777029833.6253994,tb7,0.04001511978673534,0.5100043173461459,0.18,-0.11950383054994082
1777029833.6268327,tb1,1.1967027686358414,1.4360641724596686,0.18,-0.35125643454220695
1777029833.648695,tb3,1.3351105830261043,0.2677883134411278,0.18,-0.6535122996442002
1777029833.6716526,tb2,0.3399726402848153,-0.0013852781485419689,0.18,-0.1371497866537269
1777029833.6754158,tb7,0.04192494675769358,0.5188538937339786,0.18,-0.12092488718778191
1777029833.676843,tb1,1.205504094262712,1.4335049340181527,0.18,-0.358654805566127
1777029833.6986432,tb3,1.3294100237841349,0.2606990673225159,0.18,-0.6360618014898209
1777029833.7216332,tb2,0.3317113821806356,0.0023354675521692135,0.18,-0.14435168840451645
1777029833.725344,tb7,0.04388788247920459,0.5276925993617065,0.18,-0.12207693550134929
1777029833.726793,tb1,1.2142564847609907,1.430792179262651,0.18,-0.3658483867958189
1777029833.7486556,tb3,1.3230822761281165,0.2539505750153677,0.18,-0.6116278674940514
1777029833.77158,tb2,0.3234729617939384,0.00612134705570821,0.18,-0.10894480028743075
1777029833.7753499,tb7,0.04590451458554329,0.5365198391944599,0.18000000000000002,-0.12299795865247613
1777029833.7768328,tb1,1.222955610681757,1.4279230058104797,0.18,-0.37289831689496666
1777029833.7986772,tb3,1.3164313619262018,0.24746882669745593,0.18,-0.5843103631875983
1777029833.821544,tb2,0.3234729617939384,0.00612134705570821,0.18,-0.15253346313956392
1777029833.8252985,tb7,0.04590451458554329,0.5365198391944599,0.18,-0.11722372729791472
1777029833.8268387,tb1,1.222955610681757,1.4279230058104797,0.18,-0.36986109831164804
1777029833.848771,tb3,1.3095997608792336,0.24120671660841983,0.18,-0.5590292899831386
1777029833.8716767,tb2,0.3152763728785192,0.009951642826755097,0.18,-0.1627255975115728
1777029833.8753638,tb7,0.047975232173214366,0.5453349198550265,0.18,-0.1179500358608345
1777029833.876821,tb1,1.2315971526289706,1.4248949394330461,0.18,-0.3776241682111568
1777029833.8986237,tb3,1.302602951593049,0.23515900673896817,0.17999999999999997,-0.5354990466309196
1777029833.9221635,tb2,0.30710033385439317,0.013826337776021286,0.18,-0.16910710836923917
1777029833.92577,tb7,0.05009813976170443,0.5541351091684509,0.18,-0.1190683665925478
1777029833.927202,tb1,1.2401739632242863,1.4217089903253994,0.18,-0.3866295392102831
1777029833.9489086,tb3,1.2955282997783752,0.22927242642494472,0.17999999999999997,-0.5152053000858656
1777029833.9715693,tb2,0.2989498795900004,0.017742298417840363,0.18,-0.17528956368487408
1777029833.9753091,tb7,0.052272909454156524,0.5629230382023553,0.18,-0.12018307625304415
1777029833.976771,tb1,1.2486857974367325,1.4185030145669617,0.18,-0.3968734872542471
1777029833.9986587,tb3,1.2885998239606555,0.2233744314750778,0.18,-0.4966844118932214
1777029834.0216992,tb2,0.2908123315838259,0.021774140058510087,0.18,-0.18037744454967464
1777029834.0254686,tb7,0.054499985633881386,0.571698415688192,0.18,-0.12118582660738902
1777029834.02697,tb1,1.2571389752492828,1.4153523976905376,0.18,-0.41028712560020536
1777029834.0486536,tb3,1.2885998239606555,0.2233744314750778,0.18,-0.5297496917268313
1777029834.0716457,tb2,0.28271374422064965,0.02587525252642238,0.18,-0.18473168027959525
1777029834.0753682,tb7,0.056779842450793,0.580460803242744,0.17999999999999997,-0.12180573394541484
1777029834.0769238,tb1,1.2655638939682143,1.4117222162632859,0.18,-0.42033037256419387
1777029834.0987282,tb3,1.2811571659148022,0.21792796585162577,0.18,-0.5073376700520562
1777029834.121506,tb2,0.274656591987532,0.03004257841152722,0.18,-0.18878151234912463
1777029834.1253135,tb7,0.059112846493801954,0.5892095991610531,0.18,-0.12221052395515315
1777029834.1268523,tb1,1.2739143084937543,1.4078648901520965,0.18,-0.427921675251934
1777029834.148868,tb3,1.273562195884477,0.2126659246340159,0.17999999999999997,-0.4813448076697454
1777029834.1715977,tb2,0.2666386761571404,0.03423008244774373,0.18,-0.19309663421490833
1777029834.1753516,tb7,0.06149916746208799,0.5979442444834158,0.18,-0.12243382302592813
1777029834.176845,tb1,1.282179560902023,1.4038342674460305,0.18,-0.4352037779699116
1777029834.198687,tb3,1.2658490691404733,0.20761046522143786,0.18,-0.4568855095893255
1777029834.2214973,tb2,0.2586446861682187,0.03856054099524987,0.17999999999999997,-0.19638992644719871
1777029834.225288,tb7,0.06393887183398546,0.6066642746007908,0.18,-0.12252044158868919
1777029834.2267609,tb1,1.2903537590643792,1.3996286311796884,0.18,-0.442259983040401
1777029834.2486935,tb3,1.2580313347573078,0.20275524819858975,0.18,-0.4346623744560796
1777029834.2716916,tb2,0.2586446861682187,0.03856054099524987,0.18,-0.19621199958131436
1777029834.2755563,tb7,0.06643193823812565,0.6153692596988184,0.18,-0.12249325102755095
1777029834.2767625,tb1,1.2984310618109565,1.3952466503034011,0.18,-0.44946199099393275
1777029834.298716,tb3,1.250291036004625,0.19792271338881268,0.18,-0.4150498786605326
1777029834.3214931,tb2,0.2506975580728934,0.04296602874512542,0.18,-0.1992081688994105
1777029834.3253586,tb7,0.06643193823812565,0.6153692596988184,0.18,-0.11645752195703395
1777029834.3268118,tb1,1.2984310618109565,1.3952466503034011,0.18,-0.4556969047031757
1777029834.348605,tb3,1.2423806107296171,0.1933281610969638,0.18,-0.39589825974479453
1777029834.3715913,tb2,0.2427987329004702,0.04743861116498382,0.18,-0.2022835880388353
1777029834.3753803,tb7,0.06897824164563891,0.6240587037925478,0.18,-0.11627350906903833
1777029834.376863,tb1,1.306405812339919,1.3906869972525198,0.18,-0.46386458344587583
1777029834.3985872,tb3,1.2342717203948208,0.18901069340461787,0.18,-0.37875287312996236
1777029834.4217017,tb2,0.23493803743301858,0.051933807096182595,0.18,-0.2054485657319272
1777029834.4253807,tb7,0.07157550284539015,0.6327303305348917,0.18,-0.11646972039838935
1777029834.4268494,tb1,1.3142933162873747,1.3860784751180444,0.18,-0.4729708537353939
1777029834.4485934,tb3,1.226093474012982,0.18486027839260813,0.18,-0.36298595670612177
1777029834.4715443,tb2,0.22711712843086837,0.05657791028248576,0.18,-0.20773355441396754
1777029834.4754245,tb7,0.0742231505596712,0.6413866486612932,0.18,-0.11659752259231448
1777029834.4768991,tb1,1.322128601048186,1.3815536220726174,0.17999999999999997,-0.4857283129933352
1777029834.498671,tb3,1.2178523193116397,0.18087010007024223,0.18,-0.3481562725026577
1777029834.5215662,tb2,0.21934871569736797,0.06129909755241696,0.18,-0.20970137385809542
1777029834.525356,tb7,0.07692116728699748,0.6500274913973424,0.18,-0.11650342211304777
1777029834.526797,tb1,1.3298278031789217,1.3765067694410484,0.18,-0.4964863885049176
1777029834.5486996,tb3,1.2178523193116397,0.18087010007024223,0.18,-0.373110264432066
1777029834.5715349,tb2,0.21163149564820347,0.06608246923592563,0.18,-0.2115794966224314
1777029834.5754547,tb7,0.07966950167574796,0.6586524824275327,0.18,-0.11626850429292125
1777029834.5769887,tb1,1.3373855247385087,1.3712144989949953,0.18,-0.503792421609964
1777029834.5985777,tb3,1.2096472407116858,0.1769141576681252,0.18,-0.3594930134336293
1777029834.6215358,tb2,0.2039551440260686,0.07090905596595734,0.17999999999999997,-0.2134262611744401
1777029834.6253414,tb7,0.08246799378039123,0.6672612439051632,0.18,-0.11593111607127307
1777029834.6268053,tb1,1.3448117544303466,1.3657363938517986,0.18,-0.5087655934353019
1777029834.6486166,tb3,1.201368959210017,0.17309538887766757,0.18,-0.3436485988065274
1777029834.6716151,tb2,0.19633201843303585,0.07587685944947993,0.18,-0.21459935660110366
1777029834.675348,tb7,0.08531641916571765,0.675853465292241,0.18,-0.11539947414002057
1777029834.6769118,tb1,1.3520945978110934,1.3600753511780237,0.18,-0.5130150244557617
1777029834.6986606,tb3,1.1929173212391084,0.16954791109444203,0.18,-0.325841211304683
1777029834.721482,tb2,0.18876742552085954,0.08092252560838521,0.18,-0.21554022826177938
1777029834.7252636,tb7,0.08821446457741705,0.6844288257858532,0.18,-0.11475870306671673
1777029834.726754,tb1,1.359227232632647,1.3542331615999965,0.18,-0.5167143171627979
1777029834.7485938,tb3,1.1844191615104234,0.16615307672366433,0.18,-0.30927316759768725
1777029834.7714453,tb2,0.181253855265709,0.08601073330347449,0.18,-0.21643196796532355
1777029834.7753363,tb7,0.09116174716791123,0.6929870729620651,0.18,-0.11399072198906414
1777029834.7767375,tb1,1.3662031819024147,1.3482122046322873,0.18,-0.5200901747661146
1777029834.7986302,tb3,1.1758803333723256,0.16290369775923064,0.18,-0.2942452572388869
1777029834.8215532,tb2,0.181253855265709,0.08601073330347449,0.18,-0.21470057691241656
1777029834.8253973,tb7,0.09415784921965173,0.7015279890738484,0.18,-0.11325619688887967
1777029834.8267806,tb1,1.3731275001154446,1.3423009959756107,0.18,-0.5274036377055594
1777029834.8486714,tb3,1.1673590062041421,0.15970928284079247,0.18,-0.28057471666079203
1777029834.8715572,tb2,0.17378880504349875,0.09118680616492086,0.18,-0.21538242880941277
1777029834.8754165,tb7,0.09415784921965173,0.7015279890738484,0.18,-0.10684764373421791
1777029834.8770149,tb1,1.3731275001154446,1.3423009959756107,0.18,-0.5504834155084848
1777029834.898572,tb3,1.15880850499418,0.1566272487583557,0.18,-0.2671924531111525
1777029834.9216201,tb2,0.16638754665025063,0.0964768192155217,0.18,-0.21597712974285285
1777029834.9253614,tb7,0.09720232669076119,0.7100514082079263,0.18,-0.10602417896504782
1777029834.926829,tb1,1.3799227629543662,1.3362185989299786,0.18,-0.5603815387978055
1777029834.9485939,tb3,1.1501393873218089,0.15376997076320206,0.18,-0.2554504304198214
1777029834.9716995,tb2,0.15904881475267416,0.10184239881964235,0.17999999999999997,-0.21627310599363256
1777029834.9753277,tb7,0.10029259169920982,0.7185552010090732,0.18,-0.1055161469408877
1777029834.9767919,tb1,1.3864352725790376,1.3296456464256885,0.18,-0.561881756021663
1777029834.9985483,tb3,1.1414452791002982,0.15103156233858078,0.18,-0.24482919513674475
1777029835.0216136,tb2,0.15175162564902994,0.1072252809546247,0.18,-0.2166349504572683
1777029835.0253181,tb7,0.10342788543821105,0.7270420947137601,0.18,-0.10492164739514057
1777029835.0267887,tb1,1.3927664798706922,1.3228915891083324,0.18,-0.5598324125536948
1777029835.0485797,tb3,1.1327287477588068,0.1484067243496628,0.18,-0.2348680243328445
1777029835.071591,tb2,0.14452289471151927,0.11275393846829106,0.18,-0.2165641986223314
1777029835.0754242,tb7,0.10660787197345885,0.7355120741339513,0.18,-0.10422369365872657
1777029835.0768766,tb1,1.398901536439766,1.3159674446346292,0.18,-0.5572013493049097
1777029835.098628,tb3,1.1240547992534258,0.14578106530345608,0.18,-0.22636456824769977
1777029835.1216266,tb2,0.1373596623029545,0.11835645894649675,0.18,-0.21640844338744564
1777029835.125407,tb7,0.10983218411983249,0.7439649599316979,0.18,-0.10349196708502384
1777029835.126807,tb1,1.4048350694117302,1.3088799932325226,0.18,-0.5547064167011766
1777029835.148729,tb3,1.11530497536166,0.14331862282734575,0.18,-0.21376350413522074
1777029835.1716797,tb2,0.130245025192289,0.12397812197493369,0.18000000000000002,-0.2162616492786705
1777029835.17548,tb7,0.11310041208615322,0.7524006010156641,0.18,-0.10262820907399575
1777029835.1769483,tb1,1.4105632697524921,1.3016357222121573,0.18,-0.5520697564283643
1777029835.1986954,tb3,1.11530497536166,0.14331862282734575,0.18,-0.234903466800038
1777029835.2217023,tb2,0.12319874293616628,0.12973940213854235,0.18,-0.21575811270358122
1777029835.2254894,tb7,0.11641210599029422,0.7608188533506439,0.18,-0.10178297736425172
1777029835.2268019,tb1,1.4162171546914804,1.2944511621875614,0.18,-0.552124597685086
1777029835.2485938,tb3,1.1065055387286713,0.14099916695401937,0.18,-0.22675360833548328
1777029835.271463,tb2,0.11622040773742791,0.13557205639180336,0.18,-0.21516390505123217
1777029835.275352,tb7,0.1197667773167154,0.7692196263649287,0.18,-0.10094014233786223
1777029835.2767668,tb1,1.4217620079339344,1.287226289124902,0.18,-0.553778103856416
1777029835.298688,tb3,1.0976791394742005,0.1387788664504994,0.18,-0.21618560380725246
1777029835.3216453,tb2,0.10929554196028593,0.14143555013063458,0.18,-0.214548859354182
1777029835.3253794,tb7,0.12316395017901931,0.7776028614142062,0.18,-0.09989809238883443
1777029835.32682,tb1,1.4268819756603794,1.279509594323412,0.18,-0.5491306726459804
1777029835.348743,tb3,1.0888471333488214,0.13664439988082303,0.18,-0.20587172843836257
1777029835.3716514,tb2,0.10243820078331776,0.14741186787382787,0.18,-0.21375489131890266
1777029835.3752766,tb7,0.12660309051356491,0.7859684443381618,0.18,-0.0988846911816695
1777029835.3767629,tb1,1.431783279912424,1.271661516881414,0.18,-0.5442399490029065
1777029835.3985975,tb3,1.0800391609108846,0.13454038043540895,0.18,-0.19612481167695514
1777029835.4216688,tb2,0.10243820078331776,0.14741186787382787,0.18,-0.21086079377801278
1777029835.4253714,tb7,0.13008364691688248,0.7943163554785294,0.18,-0.09777310224375733
1777029835.42682,tb1,1.4364634262831055,1.2636900841137901,0.18,-0.5390068268974735
1777029835.4486423,tb3,1.0711479188582143,0.13261617612644505,0.18,-0.18770155005740458
1777029835.471655,tb2,0.09565222011824213,0.15346584129087626,0.18,-0.20979057358762138
1777029835.4755533,tb7,0.13008364691688248,0.7943163554785294,0.18,-0.09092201326735513
1777029835.47684,tb1,1.4364634262831055,1.2636900841137901,0.18,-0.5825266933128921
1777029835.4985583,tb3,1.0622492655299718,0.13078175822554106,0.18,-0.18028277295733455
1777029835.5215335,tb2,0.08891900555285992,0.15954446382303764,0.18,-0.20900046330844113
1777029835.52535,tb7,0.13360498586596298,0.802646481976043,0.18,-0.08979469273097172
1777029835.5268745,tb1,1.4409211104325583,1.2556027344283498,0.18,-0.5786374053584061
1777029835.5486727,tb3,1.0533442817654894,0.12903282918974648,0.18,-0.17360457326398301
1777029835.5715327,tb2,0.0822598885469738,0.16574293193833348,0.18,-0.20799200501944184
1777029835.575313,tb7,0.13716423989569318,0.8109571039951005,0.18,-0.08919224225486264
1777029835.5767803,tb1,1.4451550744714141,1.2473821448621791,0.18,-0.5650274177112823
1777029835.598501,tb3,1.0444739474792348,0.12728366983363393,0.18,-0.16773363226285826
1777029835.621596,tb2,0.07567108074090612,0.17200586868044937,0.18,-0.20698080664924376
1777029835.6255405,tb7,0.1407607441901876,0.8192511414374374,0.18,-0.0886697608497888
1777029835.62689,tb1,1.4493738341441533,1.2392846609210453,0.18,-0.556182538234271
1777029835.6485865,tb3,1.0355420408591167,0.12567723924887614,0.18,-0.1623094332530003
1777029835.6716094,tb2,0.06913289867513979,0.17830077510465975,0.18,-0.20596012894361285
1777029835.6754546,tb7,0.14439416875821323,0.8275287724715964,0.18,-0.08808541422193622
1777029835.6768994,tb1,1.453327479363997,1.2310077638409314,0.18,-0.5443966054775781
1777029835.6985738,tb3,1.0265945060454942,0.12416256415321134,0.18,-0.1572140691917635
1777029835.7214801,tb2,0.06267321913606479,0.1847015316624047,0.18,-0.20469649289598282
1777029835.725388,tb7,0.14806420097152198,0.8357899469031775,0.18,-0.08736326848863597
1777029835.726786,tb1,1.4568321766371082,1.222451680537119,0.18,-0.5281136766511293
1777029835.748498,tb3,1.017644254135553,0.12272113209580919,0.18,-0.15267234384897727
1777029835.7715158,tb2,0.056278000025404486,0.1911499334687475,0.18,-0.20339990847291198
1777029835.7754123,tb7,0.15177048749229133,0.8440345838530359,0.18,-0.08658313850533751
1777029835.776779,tb1,1.4600999413661322,1.2138041242579367,0.18,-0.5159033436838456
1777029835.7986343,tb3,1.017644254135553,0.12272113209580919,0.18,-0.16449058834454888
1777029835.8216155,tb2,0.04994409458001289,0.19766177035305765,0.18,-0.2020914989045844
1777029835.8253825,tb7,0.15551261853220907,0.8522626160713037,0.18,-0.08581996912142378
1777029835.8268378,tb1,1.4631328434011557,1.2050859129635447,0.18,-0.50535235874339
1777029835.8486495,tb3,1.00871699812145,0.12130131089731967,0.18,-0.16033798339937527
1777029835.8718479,tb2,0.04368727541640349,0.20425428496442907,0.18,-0.2006523987609373
1777029835.875387,tb7,0.15929016568343482,0.8604740298097409,0.18,-0.08504623958243554
1777029835.8768458,tb1,1.4659355687187212,1.1963040734887562,0.18,-0.4955244371404162
1777029835.898641,tb3,0.9997503760950485,0.11997574719011717,0.18,-0.15494051641067408
1777029835.922214,tb2,0.03748524592087389,0.21088058556886272,0.18,-0.1992014878309706
1777029835.9257123,tb7,0.16310269928974427,0.8686688316676002,0.18,-0.08428424331697697
1777029835.9271164,tb1,1.4686781285623172,1.1875743341734377,0.18,-0.4899582825783684
1777029835.9491796,tb3,0.9907613041695326,0.11874523944666114,0.18,-0.14994246916616918
1777029835.9716654,tb2,0.03748524592087389,0.21088058556886272,0.18,-0.1955797798748152
1777029835.975338,tb7,0.1669497983332774,0.8768470462189982,0.18,-0.08369898573359043
1777029835.976819,tb1,1.471317042279347,1.1788506506550434,0.18,-0.4851996690102431
1777029835.9986906,tb3,0.9817721813247541,0.11758613993588936,0.18,-0.14542642055195068
1777029836.0215056,tb2,0.031361690845287546,0.21759847006985195,0.18,-0.1940731889260573
1777029836.0253117,tb7,0.1669497983332774,0.8768470462189982,0.18,-0.07645524983162066
1777029836.0267036,tb1,1.4734580309171101,1.169873186720158,0.18,-0.4744302796907202
1777029836.0485926,tb3,0.972810024148844,0.11644954577682268,0.18,-0.1413521553880739
1777029836.0715277,tb2,0.0252971695854742,0.2243476710771565,0.18,-0.19281850467235978
1777029836.075429,tb7,0.17083109200761376,0.8850087371381776,0.18,-0.07563453214372946
1777029836.0768204,tb1,1.4734580309171101,1.169873186720158,0.18,-0.5302275408339868
1777029836.0986648,tb3,0.9638022808045958,0.11541883509340865,0.18,-0.13769613823808965
1777029836.121695,tb2,0.01930731371587824,0.231183399391642,0.18,-0.19143098253194565
1777029836.1254597,tb7,0.17474363459568804,0.8931519227946981,0.18,-0.07545526669900023
1777029836.126812,tb1,1.4753801121478454,1.1608600260096749,0.18,-0.5213485498861846
1777029836.148527,tb3,0.9547912574029727,0.11445761437680227,0.18,-0.13455763605637125
1777029836.1715233,tb2,0.013379318625540718,0.23805484679582356,0.18,-0.19004153602483287
1777029836.1754768,tb7,0.17868690364025946,0.901279799174884,0.18,-0.0753035526889051
1777029836.1768422,tb1,1.477078049153633,1.1517844188311546,0.18,-0.500376978460209
1777029836.1986463,tb3,0.9457840037164837,0.11355423730022582,0.18,-0.1318666056606923
1777029836.2217455,tb2,0.007522226606026356,0.2450009206246651,0.18,-0.1885626067779648
1777029836.2254083,tb7,0.18266079940239405,0.9093926528051564,0.18,-0.07514677927635151
1777029836.2268608,tb1,1.4785351543637402,1.1426784055445536,0.18,-0.47959609363161215
1777029836.2485518,tb3,0.9367923917835875,0.11267518536732656,0.18,-0.12979324853442503
1777029836.271676,tb2,0.001727685692764997,0.25198546133166083,0.18,-0.18714187044222785
1777029836.2753465,tb7,0.18666519775551751,0.9174904100836175,0.18,-0.07505816944432182
1777029836.2767913,tb1,1.4799649185891466,1.133653792079934,0.18,-0.46451502529774463
1777029836.29858,tb3,0.9277641492557197,0.11189594701452957,0.18,-0.1278534881760135
1777029836.3217003,tb2,-0.003993977188764657,0.25904218203526247,0.18,-0.18565751171985836
1777029836.3253534,tb7,0.19069997714806933,0.925572997644282,0.18,-0.07492506347780686
1777029836.3269398,tb1,1.4811251463220807,1.124568792035906,0.18,-0.449740117004563
1777029836.348752,tb3,0.9277641492557197,0.11189594701452957,0.18,-0.13606583916147696
1777029836.3717117,tb2,-0.009654632748546941,0.2661375237390559,0.18,-0.1841356040424795
1777029836.375371,tb7,0.19476503993685515,0.9336403412652392,0.18,-0.07469703700633085
1777029836.3768954,tb1,1.4819072142834882,1.1153892713917437,0.18,-0.4351293156767253
1777029836.3986194,tb3,0.9187387258272589,0.11117553454114847,0.18,-0.13398027136481847
1777029836.4215193,tb2,-0.015243823275419373,0.2732929675572439,0.18,-0.18263468614619807
1777029836.42533,tb7,0.19886024748363623,0.9416923213626209,0.18,-0.07449603182472898
1777029836.4268963,tb1,1.4824817951736915,1.106208550202791,0.18,-0.4223648732380655
1777029836.4485974,tb3,0.9097284603517938,0.11048732875322956,0.18,-0.1311957668174167
1777029836.471553,tb2,-0.020768370614455686,0.28049783786692983,0.18,-0.18109549944468528
1777029836.475372,tb7,0.2029854464192092,0.9497288661642872,0.18,-0.07429711368053515
1777029836.4767647,tb1,1.4828560852848292,1.0970305568427157,0.18,-0.41072277886108205
1777029836.4986637,tb3,0.9006915408343403,0.10987771772727425,0.18,-0.12862652164772545
1777029836.5215194,tb2,-0.026226527434530786,0.2877510734043987,0.18,-0.17952168296557366
1777029836.525321,tb7,0.20714049465793485,0.9577499120641814,0.18,-0.07415927555028837
1777029836.5267756,tb1,1.48309659848926,1.0878753420563498,0.18,-0.40141251053124477
1777029836.5487063,tb3,0.891649277943205,0.1093374365356052,0.18,-0.12649855112245753
1777029836.5716422,tb2,-0.03161707105320274,0.29505534760688523,0.18,-0.1780149601297515
1777029836.5753589,tb7,0.21132526526538045,0.9657554067895933,0.18,-0.0741458767774101
1777029836.5769184,tb1,1.4833813090927057,1.078790088417627,0.18,-0.39599105135015217
1777029836.5987694,tb3,0.8826144764778696,0.10884889916359865,0.18,-0.12499823312888732
1777029836.621516,tb2,-0.03694140589784488,0.30240764646599183,0.18,-0.1764716763584306
1777029836.625341,tb7,0.2155396808601112,0.973745310069135,0.18,-0.07403828126570454
1777029836.6268158,tb1,1.4831871341968346,1.069604350272132,0.18,-0.38651808094369966
1777029836.6486933,tb3,0.873587749435944,0.10839588429104936,0.18,-0.12361292413958112
1777029836.6716523,tb2,-0.04219807247651971,0.3098102305464575,0.18,-0.15960865771094548
1777029836.6753018,tb7,0.21978365275134695,0.9817195059359518,0.18,-0.07396803439260773
1777029836.6769183,tb1,1.4828132964947838,1.060435008032793,0.18,-0.3778087383009438
1777029836.6987207,tb3,0.8645377503736553,0.10802820504280085,0.18,-0.12234994797198533
1777029836.7216206,tb2,-0.04219807247651971,0.3098102305464575,0.18,-0.17042130784882972
1777029836.7257674,tb7,0.22405708665523918,0.989677910821007,0.18,-0.07385073740640705
1777029836.7268388,tb1,1.482264432799202,1.051285333351215,0.18,-0.3696097755182525
1777029836.748662,tb3,0.855493162437092,0.10771626546141758,0.18,-0.1213341173212439
1777029836.7716618,tb2,-0.04738800732254886,0.31725091935464306,0.18,-0.17034072873141065
1777029836.7754252,tb7,0.22405708665523918,0.989677910821007,0.18,-0.0659853298883356
1777029836.7768793,tb1,1.482264432799202,1.051285333351215,0.18,-0.42424039107994865
1777029836.7985926,tb3,0.8464636141419623,0.107430876389228,0.18,-0.12066753987405299
1777029836.8216548,tb2,-0.0525188549627971,0.3247379782741001,0.18,-0.1690809603134922
1777029836.8254602,tb7,0.22835976752485979,0.9976202416730275,0.18,-0.06599571060268321
1777029836.8268273,tb1,1.4815475176017043,1.0421586244068102,0.18,-0.4159472370762027
1777029836.8485477,tb3,0.8374093513047093,0.1072296208133145,0.18,-0.12025928058504325
1777029836.871587,tb2,-0.05758566588477851,0.33226833407370515,0.18,-0.16772836162598986
1777029836.8754623,tb7,0.232688352331326,1.0055447022644661,0.18,-0.06687087613519839
1777029836.8768213,tb1,1.4808758929779284,1.0330983873392667,0.18,-0.40218176799185434
1777029836.8986108,tb3,0.8283609849658506,0.10708309055000403,0.18,-0.1198419161251307
1777029836.9216435,tb2,-0.06258818756919259,0.3398408335616425,0.18,-0.1663119436192884
1777029836.9253786,tb7,0.2370431093039454,1.013454904761548,0.18,-0.06770164914382187
1777029836.9267838,tb1,1.4798154318164793,1.0239801727419298,0.18,-0.3846830473256523
1777029836.948537,tb3,0.8193266117114198,0.10696530510359137,0.18,-0.11958568373270782
1777029836.9715226,tb2,-0.06752656533213668,0.3474545121369282,0.18,-0.1649223690842193
1777029836.9753413,tb7,0.24142440880804678,1.021350923873305,0.18,-0.06847972657507778
1777029836.9768689,tb1,1.4785378382410392,1.0148878890778532,0.18,-0.3688219399628273
1777029836.9987168,tb3,0.8193266117114198,0.10696530510359137,0.18,-0.124576621692331
1777029837.0219648,tb2,-0.07240104460437441,0.3551084212005751,0.18,-0.16347996004515797
1777029837.025414,tb7,0.24583255912579183,1.0292324432155193,0.18,-0.06921905278820188
1777029837.0268693,tb1,1.4770866152224287,1.0058369489384071,0.18,-0.35515148253123663
1777029837.0485857,tb3,0.8102713617286479,0.10692737231037754,0.18,-0.12410053711421486
1777029837.0715344,tb2,-0.07721190666587041,0.362801651453108,0.18,-0.16213833705110184
1777029837.075363,tb7,0.2502678486244368,1.0370991604630162,0.18,-0.06997547474479232
1777029837.0768123,tb1,1.4754796183202874,0.9968288626348236,0.18,-0.34367726679646315
1777029837.0986316,tb3,0.8012220669037313,0.1069415654118134,0.18,-0.12321166838657945
1777029837.121581,tb2,-0.08195944998333088,0.3705333319730958,0.18,-0.16081390858135133
1777029837.1253762,tb7,0.2547305368557528,1.044950776659243,0.18,-0.07084764461477376
1777029837.1268013,tb1,1.4739396027582115,0.9878772212862311,0.18,-0.3361232933569549
1777029837.148613,tb3,0.7921797759315142,0.10699711168238026,0.18,-0.12266864070068723
1777029837.1716037,tb2,-0.08664394732234466,0.3783026205287971,0.18,-0.1594500273229326
1777029837.1753213,tb7,0.2592209322927768,1.0527870507257782,0.18,-0.07161939437149728
1777029837.1767888,tb1,1.4720050713995243,0.9789229056609685,0.18,-0.3268382823588603
1777029837.1986074,tb3,0.7831256353946204,0.10712675940842044,0.18,-0.12203793817429422
1777029837.2215626,tb2,-0.09126566224065175,0.38610865704852815,0.18,-0.1581158172243452
1777029837.2253804,tb7,0.2637393378744287,1.0606076640183917,0.18,-0.07238776901202797
1777029837.2269108,tb1,1.4699239326633478,0.970013437347982,0.18,-0.31901123351082744
1777029837.2486005,tb3,0.7740881247411622,0.10729476575160309,0.18,-0.12159170920832456
1777029837.271886,tb2,-0.09126566224065175,0.38610865704852815,0.18,-0.1531186398744825
1777029837.2759244,tb7,0.2682860265705405,1.0684123073653078,0.18,-0.0682765780085206
1777029837.2768052,tb1,1.4677012755415735,0.9611493633858227,0.18,-0.3119554333993383
1777029837.2985883,tb3,0.7650359570794025,0.10753245794316704,0.18,-0.12122463319647296
1777029837.3215246,tb2,-0.09582488964219482,0.3939505901434169,0.18,-0.1517865581716806
1777029837.3253117,tb7,0.2682860265705405,1.0684123073653078,0.18,-0.06472606454939021
1777029837.3268073,tb1,1.4677012755415735,0.9611493633858227,0.18,-0.3587886664067373
1777029837.3487208,tb3,0.7559895132409539,0.10782800074673553,0.18,-0.12103922528477823
1777029837.3716412,tb2,-0.10032183800421077,0.4018256847519031,0.18,-0.15082919582577212
1777029837.3753467,tb7,0.27285925125959365,1.0761993532015808,0.18,-0.06601339682101715
1777029837.3768632,tb1,1.4654186044153183,0.9523300679394945,0.18,-0.3528252901432223
1777029837.3985884,tb3,0.7469530878631676,0.10816087911283909,0.18,-0.12100738265829877
1777029837.421534,tb2,-0.10475840851307504,0.40973425975557376,0.18,-0.14992379956388946
1777029837.4253366,tb7,0.27745747706724044,1.0839698661555612,0.18,-0.06778991712499233
1777029837.4267886,tb1,1.463012305131018,0.9435315893343991,0.18,-0.3431922537362662
1777029837.44855,tb3,0.7379086008563973,0.10856609834153849,0.18,-0.12088904874992168
1777029837.4717534,tb2,-0.1091348848462495,0.41767573444073164,0.18,-0.14894039949249258
1777029837.475368,tb7,0.282081475778068,1.091725823598842,0.18,-0.06950173007001169
1777029837.4768598,tb1,1.4603504838133436,0.9347657339876576,0.18,-0.32882275213404016
1777029837.4985342,tb3,0.728876402213484,0.1090121258195579,0.18,-0.12085945975600555
1777029837.521776,tb2,-0.11345141940363121,0.42564944754066875,0.18,-0.14796428260655214
1777029837.525401,tb7,0.28673196859082356,1.0994669200582161,0.18,-0.0711645255216788
1777029837.5268426,tb1,1.457540915712501,0.9260584193044283,0.18,-0.3157597822999173
1777029837.5485537,tb3,0.7198369258180619,0.10952675456371695,0.18,-0.12085107356945761
1777029837.5717542,tb2,-0.11770817172506443,0.4336546969220763,0.18,-0.14698879186816016
1777029837.5754318,tb7,0.2914096172158941,1.1071925988575881,0.18000000000000002,-0.07282174143204656
1777029837.5768635,tb1,1.4546349828840235,0.917409142992906,0.18,-0.3046828008313554
1777029837.5985801,tb3,0.7108089531964404,0.11008448643864906,0.18,-0.12094282293660442
1777029837.621611,tb2,-0.12190533971274935,0.4416908233829103,0.18,-0.14603277474210477
1777029837.6253655,tb7,0.29611504970054353,1.1149023121218604,0.18,-0.07450163392753481
1777029837.6268377,tb1,1.451625395477887,0.9088060997512863,0.18000000000000002,-0.29524054346022516
1777029837.6486115,tb3,0.7108089531964404,0.11008448643864906,0.18,-0.12353170497176912
1777029837.671628,tb2,-0.1260431189893322,0.44975717339910837,0.18,-0.1450374684518416
1777029837.6753242,tb7,0.3008488787570404,1.1225955350361891,0.17999999999999997,-0.07613470753520606
1777029837.676808,tb1,1.4484020546078795,0.9002556622946474,0.18,-0.2872022741533521
1777029837.6986527,tb3,0.7017769244008133,0.11070830822674217,0.18,-0.12337076431155121
1777029837.7214818,tb2,-0.13012170597122294,0.45785308402934827,0.18,-0.14406762019555763
1777029837.7252932,tb7,0.3056117552389491,1.1302717711624461,0.18,-0.07776559272343996
1777029837.7267907,tb1,1.4450566111148964,0.8917640591977911,0.17999999999999997,-0.28044152925450333
1777029837.7486336,tb3,0.6927532178656001,0.11137828406649437,0.18,-0.12298766987411004
1777029837.771831,tb2,-0.1341413273391459,0.4659778835563611,0.18,-0.1430698255620946
1777029837.775361,tb7,0.31040430826135446,1.1379304640223415,0.18,-0.0794358654741673
1777029837.776834,tb1,1.4416700440820374,0.8833184098310152,0.18,-0.2750665183267713
1777029837.798642,tb3,0.6837325285599897,0.11210772743502775,0.18,-0.12268917534946558
1777029837.821626,tb2,-0.13810222400930464,0.4741309399721607,0.18,-0.1421353750696504
1777029837.825444,tb7,0.31522717562004776,1.1455710700966102,0.18,-0.08110283357316497
1777029837.8268275,tb1,1.4381202029113542,0.8749218501576274,0.18,-0.27029201810035736
1777029837.8486326,tb3,0.6747129269646981,0.11289639942814618,0.18,-0.12240724556890901
1777029837.8718781,tb2,-0.14200464239426452,0.4823116302242918,0.18,-0.12771618175130378
1777029837.875383,tb7,0.3200809972249637,1.1531930250573272,0.18,-0.08280324685435536
1777029837.8767867,tb1,1.4344207412429242,0.8665835769631389,0.18,-0.26592704254813637
1777029837.8986268,tb3,0.6657007849531502,0.1137367042037632,0.18,-0.12215898215323305
1777029837.922082,tb2,-0.14200464239426452,0.4823116302242918,0.18,-0.13564314304010297
1777029837.9255285,tb7,0.32496641729341924,1.1607957591870086,0.18,-0.06870758438681224
1777029837.9271,tb1,1.4306162068682509,0.8583031825420311,0.18000000000000002,-0.2624384117607812
1777029837.9492252,tb3,0.6566938605870447,0.11463345331708383,0.18,-0.12196572901051697
1777029837.9715858,tb2,-0.14584910415706878,0.490512741737703,0.18,-0.13603645877370998
1777029837.9753323,tb7,0.32496641729341924,1.1607957591870086,0.18,-0.07523472022496941
1777029837.9767954,tb1,1.4306162068682509,0.8583031825420311,0.18,-0.29778737409936495
1777029837.9985468,tb3,0.6476917210125386,0.11558689431072702,0.18,-0.12182541550270315
1777029838.0216596,tb2,-0.1496407658350737,0.49874211393393536,0.18,-0.13554003908727535
1777029838.0254948,tb7,0.32987753410514986,1.1683749708096625,0.18,-0.07840664000278723
1777029838.0269048,tb1,1.4267872232865524,0.85006146205216,0.18,-0.2941420047879749
1777029838.0486658,tb3,0.6386944571080091,0.11659647075470875,0.18,-0.1216662560126434
1777029838.0716934,tb2,-0.15337647558067583,0.5069971575700034,0.18,-0.13492447166270605
1777029838.0753748,tb7,0.33481759683209983,1.175938603679694,0.18000000000000002,-0.08123686182908597
1777029838.0768044,tb1,1.4227438182294323,0.8418680251168583,0.18,-0.2846001215318766
1777029838.0985684,tb3,0.6297027892182891,0.11766209009078425,0.18,-0.12150057119887235
1777029838.1216378,tb2,-0.15705599891674474,0.5152771004402894,0.18,-0.13429586698522245
1777029838.12535,tb7,0.3397877539519988,1.183484321681441,0.18,-0.08395848497617475
1777029838.1268094,tb1,1.4185841348318349,0.8337432786400164,0.18,-0.27576114668860413
1777029838.1485977,tb3,0.6207178468773007,0.11878234984500433,0.18,-0.12138774508482203
1777029838.1716719,tb2,-0.1606794331067689,0.5235814140226747,0.18,-0.13365711169428734
1777029838.1754456,tb7,0.34478906108091806,1.1910110558700515,0.18,-0.08664998988231923
1777029838.1768534,tb1,1.4143791995133852,0.8256776894325086,0.18,-0.2685304716151147
1777029838.1986244,tb3,0.6207178468773007,0.11878234984500433,0.18,-0.12243510999973643
1777029838.2215414,tb2,-0.16424689822436253,0.5319095912061844,0.18,-0.13301762339694354
1777029838.2253387,tb7,0.349822564477641,1.19851790657988,0.18,-0.08932209807594615
1777029838.2267985,tb1,1.4099940626891656,0.817674403524124,0.18,-0.2620242142358371
1777029838.2485945,tb3,0.6117399292719538,0.11995714179931724,0.18,-0.12214359545938384
1777029838.2715816,tb2,-0.1677585262514657,0.5402611239156374,0.18,-0.1323548832339894
1777029838.2755399,tb7,0.3548892726049254,1.206003954927516,0.18,-0.09192399212223627
1777029838.276998,tb1,1.4055037263234553,0.8097398864142737,0.18,-0.2567066765174247
1777029838.2986894,tb3,0.6027688976614414,0.12118669637605174,0.18,-0.12172936144086298
1777029838.3214977,tb2,-0.17121445953259107,0.5486355143586358,0.18,-0.13171925730145517
1777029838.3253655,tb7,0.35999021692683414,1.2134683184236301,0.18,-0.09463246236526272
1777029838.3267639,tb1,1.4009730652989312,0.8018576734166275,0.18,-0.25253219598072485
1777029838.3485928,tb3,0.593805699092902,0.12247104015270968,0.18,-0.1213717334772499
1777029838.3714285,tb2,-0.17461485359739976,0.5570322611058259,0.18,-0.13107675476356506
1777029838.375278,tb7,0.36512637172563417,1.2209100710288072,0.18,-0.09731410881235038
1777029838.3768778,tb1,1.396284202082839,0.794040643920988,0.18,-0.24861634485702003
1777029838.3985524,tb3,0.5848506780436518,0.12380993101181238,0.18,-0.12100129364198758
1777029838.4215953,tb2,-0.17795985863686792,0.5654509046848396,0.18,-0.1304073793787213
1777029838.4254408,tb7,0.37029866770467496,1.228328278694017,0.18,-0.09997885316221417
1777029838.426871,tb1,1.391495940369587,0.7862911821364227,0.18,-0.24509074881450946
1777029838.448738,tb3,0.5759041149239617,0.12520314523745332,0.18,-0.12064327217031835
1777029838.471543,tb2,-0.17795985863686792,0.5654509046848396,0.18,-0.12449868315288343
1777029838.475373,tb7,0.37550808315569967,1.2357220477804332,0.18,-0.1027597320952849
1777029838.4767308,tb1,1.386662271787096,0.778592327545723,0.18,-0.24240818645553114
1777029838.4986384,tb3,0.5669663264058019,0.12665045499147656,0.18,-0.12033547779265125
1777029838.521628,tb2,-0.1812496021984851,0.5738909002370249,0.18,-0.1238265899042513
1777029838.5254395,tb7,0.37550808315569967,1.2357220477804332,0.18,-0.09260605908000871
1777029838.5268714,tb1,1.386662271787096,0.778592327545723,0.18,-0.26969265000367365
1777029838.548605,tb3,0.5580375975735883,0.12815163008689823,0.18,-0.12000775934353505
1777029838.5717475,tb2,-0.18448464543907767,0.5823491616055226,0.18,-0.12367505470828223
1777029838.5754883,tb7,0.3807554789569778,1.2430902501544325,0.18,-0.09534199886104844
1777029838.5769162,tb1,1.3816841247444058,0.7709615561215921,0.18,-0.266152443534571
1777029838.5985408,tb3,0.5491182172263814,0.1297064538362222,0.18,-0.1196935044103467
1777029838.62171,tb2,-0.18766705684416252,0.5908270665680695,0.18,-0.12354746472649968
1777029838.6254897,tb7,0.38603618180916893,1.2504296785687243,0.18,-0.09933764346934401
1777029838.6268373,tb1,1.3766173639833887,0.7633888456729986,0.18,-0.25906583887462
1777029838.6485543,tb3,0.5402084780265487,0.13131470532982661,0.18,-0.11938943486583826
1777029838.6716638,tb2,-0.19079694180738954,0.5993244263541311,0.18,-0.12338413843178156
1777029838.6753683,tb7,0.39135244459089663,1.2577452849908946,0.18,-0.10339668373069047
1777029838.6768076,tb1,1.3714583100996371,0.755880031058234,0.18,-0.25256213182589765
1777029838.698654,tb3,0.5313086601103948,0.132976174635663,0.18,-0.11906740652859647
1777029838.7216723,tb2,-0.19387424769745162,0.6078408973352862,0.18,-0.12317182027338062
1777029838.7254775,tb7,0.3967058486877832,1.2650361249525612,0.18,-0.10735485183488103
1777029838.7268457,tb1,1.3661824847250368,0.7484490797823778,0.18,-0.24693528831147818
1777029838.7486084,tb3,0.5313086601103948,0.132976174635663,0.18,-0.11888474888983577
1777029838.7716403,tb2,-0.19689892490674227,0.6163761043950489,0.18,-0.12294324348432607
1777029838.7754197,tb7,0.4020979075406889,1.272300892911469,0.18,-0.11132947828423127
1777029838.7768714,tb1,1.3608508912555919,0.7410762238024192,0.18,-0.2423986910499358
1777029838.7985876,tb3,0.5224190585186975,0.13469064895992122,0.18,-0.11848447649717671
1777029838.821744,tb2,-0.1998709533887027,0.6249296667438802,0.18,-0.12266852747629196
1777029838.8253517,tb7,0.4075301535242008,1.2795381958496035,0.18,-0.11525112360305216
1777029838.826771,tb1,1.3553928806864801,0.7337828100869683,0.18,-0.23822247099628413
1777029838.8486013,tb3,0.5135399289943487,0.1364579472950405,0.18,-0.11805153657407473
1777029838.8714595,tb2,-0.20279033147503614,0.6335012091685138,0.18,-0.12243216087674844
1777029838.8752708,tb7,0.41300393000538443,1.286746492843711,0.18,-0.11920797608417263
1777029838.8767755,tb1,1.349878483357457,0.7265495533373566,0.18,-0.2346449933369254
1777029838.898757,tb3,0.5046716265713043,0.1382778343134605,0.18,-0.11764798987196394
1777029838.9215453,tb2,-0.20565707289101007,0.6420903755807894,0.18,-0.12212786180448008
1777029838.925364,tb7,0.4185205848990395,1.293924392479219,0.18,-0.12314496019663557
1777029838.9268374,tb1,1.3442485429089615,0.7193921932100739,0.18,-0.2315301756402438
1777029838.9487183,tb3,0.4958144295458027,0.14015004361131314,0.18,-0.11723823204653624
1777029838.971595,tb2,-0.20847118439308873,0.6506967839201763,0.18,-0.12182458748972559
1777029838.9753323,tb7,0.42408149381287924,1.3010704818066559,0.18,-0.12716613468502372
1777029838.9767976,tb1,1.33856175406058,0.7122960894286796,0.18,-0.22893137967734872
1777029838.998598,tb3,0.48696859816565935,0.1420743135911048,0.18,-0.11685726195439393
1777029839.0218863,tb2,-0.20847118439308873,0.6506967839201763,0.18,-0.115445575805801
1777029839.0257173,tb7,0.429688025136256,1.3081833033315011,0.18,-0.11400969694467557
1777029839.026923,tb1,1.332769269390142,0.7052741229554069,0.18,-0.22651688686748442
1777029839.0487018,tb3,0.47813438851121093,0.14405038361427663,0.18,-0.11646651211004291
1777029839.0716345,tb2,-0.21123270075247044,0.6593200579112396,0.18,-0.11512675656900545
1777029839.0753782,tb7,0.429688025136256,1.3081833033315011,0.18,-0.12000604777136635
1777029839.076864,tb1,1.332769269390142,0.7052741229554069,0.18,-0.24699923502010837
1777029839.0986643,tb3,0.4693120707130353,0.14607799011983982,0.18,-0.11609684565863596
1777029839.121494,tb2,-0.21394221107384664,0.6679567776849316,0.18,-0.11539630676091342
1777029839.1253436,tb7,0.43533426446428974,1.315258136894938,0.18,-0.12562735606621464
1777029839.1267843,tb1,1.3269164598609704,0.6983131783302363,0.18,-0.24414668903173953
1777029839.1485646,tb3,0.4605018939195605,0.14815686181459428,0.18,-0.11573168027798317
1777029839.1717143,tb2,-0.21660188616872675,0.6766088862680609,0.18,-0.11560342581419841
1777029839.1755419,tb7,0.4410237786962241,1.3223016019299736,0.18,-0.13115114856204294
1777029839.1768641,tb1,1.320961412947548,0.6914227284239197,0.18,-0.23886886903054685
1777029839.1985676,tb3,0.45170409352219926,0.15028674881441367,0.18,-0.11537210972173179
1777029839.2216556,tb2,-0.21921165221653102,0.6852763055777691,0.18,-0.115790556370131
1777029839.2254505,tb7,0.4467587178290192,1.3293117608381337,0.18,-0.13668274783768306
1777029839.226828,tb1,1.3149280386897926,0.6846041451860557,0.18,-0.2339790071254896
1777029839.2486153,tb3,0.45170409352219926,0.15028674881441367,0.18000000000000002,-0.11427586142786432
1777029839.2714982,tb2,-0.22177131025959737,0.6939587587572017,0.18,-0.11594115139637573
1777029839.2753143,tb7,0.45254101298586225,1.336286451432479,0.18,-0.1422085869737298
1777029839.2768784,tb1,1.308818421649323,0.6778589672336794,0.18,-0.22972795663086315
1777029839.2986867,tb3,0.4429189192391165,0.15246740485101895,0.18,-0.11383115844144434
1777029839.321574,tb2,-0.22428067965998288,0.702655962807007,0.18,-0.11601683215550801
1777029839.3254411,tb7,0.45837247121036795,1.3432235234332162,0.18,-0.14770320638631843
1777029839.3268147,tb1,1.302627963867422,0.6711885563695934,0.18,-0.22593274779321115
1777029839.3486507,tb3,0.43414690557762625,0.15469832504615283,0.18,-0.11347054079713313
1777029839.3715167,tb2,-0.22673960194710885,0.7113676181396298,0.18,-0.11607437814334558
1777029839.375341,tb7,0.46425486803061333,1.3501208965368314,0.18,-0.15331526860191064
1777029839.3768265,tb1,1.296358751176345,0.6645925532954177,0.18,-0.2225764321236983
1777029839.3986583,tb3,0.4253879591338385,0.1569791696602943,0.18000000000000002,-0.11312214941718042
1777029839.4216123,tb2,-0.22914795081722963,0.7200934231298561,0.18,-0.1160830966620788
1777029839.4254649,tb7,0.47019019539920726,1.3569765376921503,0.18,-0.15892017530482597
1777029839.4268205,tb1,1.2900142560594983,0.6580700500611515,0.18,-0.21955692600189294
1777029839.4487238,tb3,0.41664228556168187,0.15930967938907922,0.18,-0.11278082869288816
1777029839.4715147,tb2,-0.23150561847142978,0.7288330684362686,0.18,-0.11609653243180794
1777029839.4753506,tb7,0.47618025477579884,1.3637880924252366,0.18,-0.16468442815776316
1777029839.4767966,tb1,1.283596464374917,0.6516202181660343,0.18,-0.21685529827674252
1777029839.4986162,tb3,0.4079101039988804,0.16168960622960518,0.18,-0.11245119901901411
1777029839.5215526,tb2,-0.23381251876294115,0.7375862575138971,0.18,-0.10838229887405208
1777029839.5253468,tb7,0.4822267495011269,1.3705532541938241,0.18,-0.17057449217025591
1777029839.5267637,tb1,1.2771094928602773,0.6452418897360963,0.18,-0.21440414824537468
1777029839.5487342,tb3,0.3991916441993555,0.1641187113076454,0.17999999999999997,-0.11212262963237775
1777029839.5719335,tb2,-0.23381251876294115,0.7375862575138971,0.18,-0.10923059317630934
1777029839.5754366,tb7,0.4822267495011269,1.3705532541938241,0.18,-0.15811047326624292
1777029839.5768037,tb1,1.2771094928602773,0.6452418897360963,0.18,-0.23018585746875492
1777029839.5986664,tb3,0.39048712992892654,0.16659676406627905,0.17999999999999997,-0.11180521800869206
1777029839.6215703,tb2,-0.2360693715835537,0.7463490711455519,0.18,-0.10992629522340658
1777029839.6253493,tb7,0.4883314412960949,1.3772697186204643,0.18,-0.16405338909683606
1777029839.6269772,tb1,1.2705549033412604,0.6389347792301424,0.18,-0.22757141872154568
1777029839.6487215,tb3,0.3817968017864678,0.16912352549442564,0.18000000000000002,-0.11149202103541167
1777029839.6714988,tb2,-0.2382785579271332,0.7551243078458033,0.18,-0.11050700141038125
1777029839.6754003,tb7,0.4944877238372522,1.3839321230443922,0.18,-0.17199530690447837
1777029839.6767936,tb1,1.2639257119570424,0.6326963025169681,0.18,-0.222914416537648
1777029839.6985838,tb3,0.37312087237686137,0.17169876656976482,0.18,-0.1111908935428478
1777029839.7215865,tb2,-0.24043965015487603,0.7639118413547792,0.18,-0.11098403872278587
1777029839.72534,tb7,0.5006996309563937,1.3905465874430476,0.18,-0.1802637301332052
1777029839.7267754,tb1,1.2572265341975988,0.6265348339620305,0.18,-0.21850145848919764
1777029839.7486062,tb3,0.364459570410689,0.17432225535373877,0.18000000000000002,-0.11089134665808463
1777029839.771532,tb2,-0.24255227933138496,0.7727114310594277,0.18,-0.11141222408673003
1777029839.7753208,tb7,0.5069700970927562,1.397111031342599,0.18,-0.18862319822143592
1777029839.7767644,tb1,1.2504603073283969,0.6204504701690037,0.17999999999999997,-0.2145626933123725
1777029839.798805,tb3,0.3558131123765349,0.1769937680122021,0.18,-0.11059185151399487
1777029839.8215137,tb2,-0.24461612266931632,0.781522826803537,0.18,-0.11177873325184344
1777029839.8253155,tb7,0.5133018429916104,1.4036222009559354,0.18,-0.19709692641959087
1777029839.8267915,tb1,1.2436293192136527,0.6144421506742221,0.18,-0.2110661392240669
1777029839.848767,tb3,0.3558131123765349,0.1769937680122021,0.18000000000000002,-0.10857462110462145
1777029839.871601,tb2,-0.24663089523955772,0.7903457701720648,0.18,-0.11208418761975676
1777029839.8754268,tb7,0.5196974328549125,1.410076509036441,0.18,-0.20573555135853341
1777029839.8769128,tb1,1.2367355127908262,0.6085088081409324,0.18,-0.20793488585686376
1777029839.8985963,tb3,0.3471817557272066,0.1797130645951279,0.17999999999999997,-0.10823296480243831
1777029839.9216354,tb2,-0.24859634859409863,0.7991800016954582,0.18,-0.112359268187551
1777029839.9255195,tb7,0.5261595951525271,1.4164703844088622,0.18,-0.21460243899187115
1777029839.9269726,tb1,1.2297807993197287,0.6026496499156707,0.18,-0.2050947847582595
1777029839.9488137,tb3,0.3385662687369145,0.1824792826830137,0.18,-0.1080587787854336
1777029839.9715538,tb2,-0.25051226386398995,0.8080252528258901,0.18,-0.11262182642435407
1777029839.9754882,tb7,0.5326906372848226,1.4227998828008237,0.18,-0.22386752614121316
1777029839.9769506,tb1,1.222766738188385,0.596863876104365,0.18,-0.20245315240696585
1777029839.9986422,tb3,0.3299660301160374,0.1852920861671184,0.18,-0.10791554198804945
1777029840.0216084,tb2,-0.25237844628243605,0.8168812591526408,0.18,-0.11284159913441323
1777029840.0253737,tb7,0.5392932321088943,1.429061257945812,0.17999999999999997,-0.2335460391327128
1777029840.026835,tb1,1.2156949260837677,0.5911509577814799,0.17999999999999997,-0.1999845702270738
1777029840.0486085,tb3,0.3213811993477119,0.18815130738362928,0.17999999999999997,-0.10776808921270882
1777029840.0714905,tb2,-0.25237844628243605,0.8168812591526408,0.18,-0.10563006232135105
1777029840.0753572,tb7,0.545970292111949,1.4352503750116947,0.18000000000000002,-0.24361091525913056
1777029840.0767767,tb1,1.2085668846470772,0.5855103827950271,0.18,-0.19770111542415322
1777029840.0985758,tb3,0.31281199220688444,0.1910567914261469,0.18,-0.10762152146006333
1777029840.121493,tb2,-0.254194709683157,0.8257477565371851,0.18,-0.10578712543755966
1777029840.1254117,tb7,0.545970292111949,1.4352503750116947,0.18,-0.22953318792982477
1777029840.126702,tb1,1.2013839151868109,0.5799416804237076,0.18,-0.19553081661236593
1777029840.14862,tb3,0.304258631464991,0.19400838488327407,0.18,-0.10747046127009317
1777029840.1716735,tb2,-0.2559619566973611,0.8346208669171784,0.18,-0.1066320162944842
1777029840.1754107,tb7,0.5527240433668843,1.4413626809292799,0.18,-0.24004625601081078
1777029840.1769302,tb1,1.2013839151868109,0.5799416804237076,0.18,-0.20697292343327642
1777029840.1985981,tb3,0.29572134253298094,0.19700593413135883,0.18,-0.10732253427254128
1777029840.2216005,tb2,-0.25768229233532575,0.843503312527857,0.18,-0.10749511522158038
1777029840.2254398,tb7,0.5595454838079158,1.4473909963095009,0.18,-0.253786939275431
1777029840.226969,tb1,1.1941471923326539,0.5744443873616456,0.18,-0.20454955232155134
1777029840.2486088,tb3,0.28720035011051226,0.20004928111449896,0.18,-0.10717958516235945
1777029840.2715552,tb2,-0.25935544091818463,0.8523952013900581,0.18,-0.10827569458778322
1777029840.2754555,tb7,0.5664417418881895,1.4533419064737119,0.18,-0.26836170571250323
1777029840.2768486,tb1,1.186851588169904,0.5690176200972663,0.18,-0.20073125447142603
1777029840.2985399,tb3,0.27869587510033467,0.20313826449035566,0.17999999999999997,-0.10704575738375344
1777029840.3215551,tb2,-0.26098091786733096,0.8612963617849699,0.18,-0.1089731215852182
1777029840.3254569,tb7,0.5734174836514188,1.459210552279806,0.18,-0.28354670701223
1777029840.326895,tb1,1.179501880984356,0.563666797129052,0.18,-0.1971444909661399
1777029840.3487132,tb3,0.2702081286704817,0.20627273222166714,0.18,-0.10206764044123927
1777029840.371518,tb2,-0.26255826527873966,0.870206536461662,0.18,-0.10961845070333454
1777029840.375339,tb7,0.5804763129122209,1.464990101202268,0.18,-0.29962569969136055
1777029840.3768446,tb1,1.1721001090454979,0.5583912282727225,0.18,-0.19380488653652359
1777029840.398608,tb3,0.2702081286704817,0.20627273222166714,0.18,-0.10417517255087975
1777029840.4214478,tb2,-0.2640870892373981,0.8791255008273509,0.18,-0.11021885226836112
1777029840.4253442,tb7,0.5876221213838372,1.470673879536646,0.18,-0.31666095042057657
1777029840.4267948,tb1,1.1646480225433995,0.5531899691226658,0.18,-0.1907233646088602
1777029840.4487429,tb3,0.2617388593863498,0.2094508363653021,0.18,-0.10443367238247342
1777029840.4715183,tb2,-0.26556701832391705,0.8880530178031374,0.18,-0.11075942510546417
1777029840.475399,tb7,0.5948590470966261,1.4762545738341877,0.18,-0.3348194652402811
1777029840.4768105,tb1,1.1571472074157254,0.5480620312047296,0.18,-0.18787650225042254
1777029840.4986749,tb3,0.25328535445965417,0.21267292733710746,0.18,-0.10451569488399233
1777029840.5214438,tb2,-0.2669977116725571,0.8969888317190837,0.18,-0.11129426851967544
1777029840.5253348,tb7,0.6021912726936414,1.4817240798925932,0.18,-0.35435132522045165
1777029840.5268044,tb1,1.149599104321286,0.5430065141697432,0.18,-0.1852015598438833
1777029840.5486288,tb3,0.24484867424878606,0.21593911700067467,0.18,-0.10456912040655846
1777029840.5715055,tb2,-0.2683788612054836,0.9059326951978137,0.18,-0.11178712991425414
1777029840.5754004,tb7,0.6096224724945748,1.4870735911926636,0.18,-0.3755399941853506
1777029840.5767741,tb1,1.142005061428016,0.5380226353498672,0.18,-0.18266204059862262
1777029840.5986273,tb3,0.23642914097763457,0.219249353888885,0.18,-0.10460997262981046
1777029840.6216557,tb2,-0.2697101780469888,0.9148843437861931,0.18,-0.11225458460601331
1777029840.625474,tb7,0.6171567374312225,1.4922939283250394,0.18,-0.3986907094233057
1777029840.6268544,tb1,1.134366358752339,0.5331096999060337,0.18,-0.18025375379212588
1777029840.6487014,tb3,0.22802700675230067,0.22260357030034794,0.18,-0.10464038012902502
1777029840.6715024,tb2,-0.2697101780469888,0.9148843437861931,0.18,-0.10445395882358505
1777029840.6754606,tb7,0.6247988865908504,1.4973748921241699,0.18,-0.3672220576925478
1777029840.6767435,tb1,1.1266842918574778,0.5282670644179154,0.18,-0.17791556219082533
1777029840.6986578,tb3,0.21964251341330351,0.22600169228137684,0.18,-0.1046747287089471
1777029840.7216575,tb2,-0.27099137209342034,0.923843393741766,0.18,-0.10488543209714932
1777029840.725395,tb7,0.6247988865908504,1.4973748921241699,0.18,-0.4097966795317977
1777029840.7269008,tb1,1.1266842918574778,0.5282670644179154,0.18,-0.1862833835996378
1777029840.748641,tb3,0.2112758990528584,0.2294436416051037,0.18,-0.10469261603213614
1777029840.7715583,tb2,-0.2722237641941527,0.9328059367554056,0.18,-0.10610964815969755
1777029840.7755575,tb7,0.632527999655029,1.5023026417140768,0.18,-0.4442688506544112
1777029840.7769048,tb1,1.1189600145371479,0.5234940034672441,0.18,-0.18376022778531484
1777029840.7986603,tb3,0.2029274022395956,0.23292933678153485,0.18,-0.10471407853099707
1777029840.8215718,tb2,-0.2734092349188197,0.9417750930350859,0.18,-0.10730931694611211
1777029840.8255012,tb7,0.6403689360598053,1.5070880262264272,0.18,-0.4805293355384968
1777029840.826849,tb1,1.1111895763184596,0.5187898899682672,0.18,-0.18021190487529076
1777029840.8485987,tb3,0.1945972574569859,0.23645869112360685,0.18,-0.10474420880699153
1777029840.8715498,tb2,-0.2745473145303222,0.9507510021366145,0.18,-0.10843952223415301
1777029840.8754547,tb7,0.6483265685164649,1.5117110231578026,0.17999999999999997,-0.5199772822311767
1777029840.87689,tb1,1.1033772109138869,0.5141583783415086,0.18,-0.1768199685408001
1777029840.8985946,tb3,0.18628569461293235,0.24003162035662245,0.18,-0.10477484677782237
1777029840.9215057,tb2,-0.27563735084761903,0.9597334654575298,0.18,-0.109509583613445
1777029840.925311,tb7,0.6564081729139305,1.5161533978204969,0.18,-0.5631034458432831
1777029840.9267867,tb1,1.0955248001295894,0.5095986506471396,0.18,-0.17365210735634248
1777029840.9485188,tb3,0.17799294615449493,0.24364804139830967,0.18,-0.08694468665271382
1777029840.9715056,tb2,-0.27667874013174387,0.9687222162702616,0.18,-0.11053045009261926
1777029840.975642,tb7,0.6646188496475283,1.5203941149107423,0.18,-0.6109421020265721
1777029840.9770973,tb1,1.0876336104114583,0.5051094279713781,0.18,-0.17071523911554456
1777029840.9986725,tb3,0.17799294615449493,0.24364804139830967,0.18,-0.10138382150332391
1777029841.021502,tb2,-0.2776709373167222,0.9777170296954558,0.18,-0.11151664500745519
1777029841.0254366,tb7,0.6729643711775897,1.5244116478857301,0.18,-0.6644105062161647
1777029841.0268295,tb1,1.0797049879572702,0.5006897044950934,0.18,-0.16786056058388735
1777029841.0486395,tb3,0.16972432948729863,0.24730123193808695,0.18,-0.10302445476505885
1777029841.0714447,tb2,-0.27861339153374065,0.9867177140662148,0.18,-0.11249027755377038
1777029841.0753038,tb7,0.6814532381453122,1.5281810596336576,0.18,-0.7231240975719848
1777029841.076764,tb1,1.0717402604540225,0.49633846591357705,0.18,-0.16520259674936458
1777029841.098653,tb3,0.16146782965946865,0.25099633858014736,0.18,-0.10334400958181393
1777029841.121542,tb2,-0.2795055672348714,0.9957239967616363,0.18,-0.1134281756620692
1777029841.1254249,tb7,0.6900900554450174,1.531671734206047,0.18,-0.7880803309556583
1777029841.1268647,tb1,1.0637405552509904,0.49205467360691696,0.18,-0.16267833264951356
1777029841.1486697,tb3,0.15322982859718925,0.25473399203706565,0.18,-0.10354107340194377
1777029841.1720657,tb2,-0.2803469592888393,1.004735625436484,0.18,-0.09909777711773188
1777029841.1754005,tb7,0.6988796557471386,1.5348500900965034,0.18,-0.8593128303865587
1777029841.1769083,tb1,1.055707003363323,0.4878374159742719,0.18,-0.16023568158656779
1777029841.1985953,tb3,0.1450111145095921,0.25851419422541294,0.18,-0.10373042317766586
1777029841.22168,tb2,-0.2803469592888393,1.004735625436484,0.18,-0.10592611872558044
1777029841.2254975,tb7,0.6988796557471386,1.5348500900965034,0.18,-0.8649025819111043
1777029841.2272997,tb1,1.055707003363323,0.4878374159742719,0.18,-0.1664353745754572
1777029841.2486467,tb3,0.13681199182376233,0.262336929751133,0.18,-0.1039006906466572
1777029841.2715163,tb2,-0.2811398112953252,1.0137457051560388,0.18,-0.10824475767463801
1777029841.2753508,tb7,0.7078252684259027,1.5376770091456964,0.18,-0.9486344672164827
1777029841.2768495,tb1,1.0476407169423256,0.48368580948335654,0.18,-0.16380362766592685
1777029841.298632,tb3,0.12863272731595232,0.2662021791454111,0.18,-0.10406572733048283
1777029841.3216228,tb2,-0.2818864423383439,1.0227625290312936,0.18,-0.110010352779259
1777029841.325352,tb7,0.7168920864800168,1.540117763488087,0.18,-1.052082438959523
1777029841.3268986,tb1,1.039538522275806,0.47959907372994937,0.18,-0.16036770393383684
1777029841.3485723,tb3,0.12047358494046904,0.2701099126157104,0.18,-0.10423167935958333
1777029841.3715901,tb2,-0.2825846658895371,1.0317842972926135,0.18,-0.11168629389888196
1777029841.3754923,tb7,0.7261011471062462,1.5421498563759723,0.17999999999999997,-1.1623837270672575
1777029841.3768878,tb1,1.0314040514759772,0.4755798291852134,0.18,-0.15699697341916297
1777029841.3985596,tb3,0.1123348215271479,0.2740600983540357,0.18,-0.10439120171531649
1777029841.4216719,tb2,-0.2832334914600627,1.0408105820513773,0.18,-0.11328896396630565
1777029841.4254198,tb7,0.7354513282254095,1.5437183088587478,0.18,-1.2723036523988012
1777029841.4268897,tb1,1.0232388867509619,0.4716271146358154,0.18,-0.15377827044209597
1777029841.4484599,tb3,0.1042166940075826,0.27805270483262073,0.18,-0.0870259720532724
1777029841.471605,tb2,-0.2838320536315152,1.049841183443217,0.18,-0.11486507112682943
1777029841.4754593,tb7,0.7449313543172107,1.5447579765133974,0.18,-1.3725149458513504
1777029841.4769046,tb1,1.0150443368275157,0.467739646775174,0.18,-0.15069701128482452
1777029841.4985685,tb3,0.1042166940075826,0.27805270483262073,0.18,-0.10061778491915112
1777029841.521518,tb2,-0.28437949258579787,1.0588758136755234,0.18,-0.11639502199762931
1777029841.525444,tb7,0.7545106288771618,1.5451995178444107,0.18,-1.4548107519396858
1777029841.5268743,tb1,1.0068214723205517,0.463916065493554,0.18,-0.1476735225253957
1777029841.548676,tb3,0.09612437156585453,0.28208082690894876,0.18,-0.10236969832471356
1777029841.5714264,tb2,-0.28487500927991677,1.0679141782363597,0.18,-0.11788245676039624
1777029841.575295,tb7,0.7641411664708134,1.544982583323932,0.17852676226064798,-1.5
1777029841.5767605,tb1,0.9985713756853055,0.46015516611825774,0.18,-0.14466260887897095
1777029841.5986419,tb3,0.08804599221631242,0.2861498324849723,0.18,-0.10282583469728461
1777029841.6216195,tb2,-0.28531778883730874,1.076956075432015,0.18,-0.11919949937941866
1777029841.625432,tb7,0.7737095330876038,1.544067031788609,0.1752827818940384,-1.5
1777029841.6268616,tb1,0.990295244845754,0.45645575114365083,0.18,-0.1416297245841226
1777029841.648608,tb3,0.07998780996328884,0.29026023552020547,0.18,-0.10308429610598184
1777029841.6714933,tb2,-0.2857070664156555,1.0860011010966784,0.18,-0.12037817092211259
1777029841.6754308,tb7,0.7830367548888444,1.5424630779519424,0.17483331946904557,-1.5
1777029841.6767411,tb1,0.9819941257231495,0.45281653725942766,0.18,-0.13842261790270216
1777029841.698589,tb3,0.07195067797669236,0.2944120648050162,0.18,-0.10320366281754655
1777029841.7215645,tb2,-0.2857070664156555,1.0860011010966784,0.18,-0.11135633311977744
1777029841.725975,tb7,0.792169866303035,1.5401757548888437,0.18,-1.4258332547736952
1777029841.7268035,tb1,0.9736690438460468,0.44923629707030865,0.18,-0.12891456344083652
1777029841.7486022,tb3,0.06393495960378957,0.29860529541092695,0.18,-0.10323491535562218
1777029841.771616,tb2,-0.28604219614541665,1.0950487938118216,0.17999999999999997,-0.11233676710395757
1777029841.775492,tb7,0.792169866303035,1.5401757548888437,0.16172217686978163,-1.5
1777029841.7768748,tb1,0.9736690438460468,0.44923629707030865,0.18,-0.13938451358770856
1777029841.7986562,tb3,0.05594095099484078,0.30283984504928174,0.18,-0.10324733577511866
1777029841.8216345,tb2,-0.28632494147929977,1.1040943893027504,0.17999999999999997,-0.11429018836363647
1777029841.8253033,tb7,0.8012387482388527,1.5371858632278543,0.16230089223579133,-1.5
1777029841.826784,tb1,0.9653238753513838,0.44571343600514224,0.18,-0.1366005516409365
1777029841.8486087,tb3,0.04796889728876175,0.3071156059692247,0.18,-0.10295471216153317
1777029841.8716197,tb2,-0.2865570060995723,1.1131420503374556,0.17999999999999997,-0.11560755924238553
1777029841.8755343,tb7,0.8093363392402604,1.53383523560144,0.17044563996967718,-1.5
1777029841.876838,tb1,0.956951420674293,0.4422454097827815,0.18,-0.13204714114156296
1777029841.8985698,tb3,0.04001909202076583,0.3114323755252281,0.18,-0.1026657126485061
1777029841.92218,tb2,-0.28673755316803273,1.1221917296555393,0.17999999999999997,-0.116723875839469
1777029841.9261773,tb7,0.8172622989865437,1.529833264579761,0.18,-1.4834150644072315
1777029841.9276,tb1,0.9485568791806289,0.43883553816248316,0.18,-0.12761989758968284
1777029841.9489968,tb3,0.04001909202076583,0.3114323755252281,0.18,-0.09831244842522832
1777029841.9714854,tb2,-0.28686585085358146,1.131242908917172,0.18,-0.11824360638270004
1777029841.9754355,tb7,0.8252615744216872,1.5250112376610516,0.18,-1.3678619204308455
1777029841.9768379,tb1,0.940141962883879,0.4354822640036591,0.18,-0.1234550881246136
1777029841.9986446,tb3,0.03209177834699134,0.3157898583343328,0.18,-0.09813297289931316
1777029842.021562,tb2,-0.286941245408046,1.1402953898180428,0.18,-0.11964986156847332
1777029842.025491,tb7,0.833130346716599,1.519448640279479,0.18,-1.2640206677163557
1777029842.0268974,tb1,0.9317078550719781,0.43218359132191925,0.18,-0.11963614293696453
1777029842.0486085,tb3,0.0241880618811898,0.32018609005044313,0.18,-0.09837221404738666
1777029842.0714507,tb2,-0.28696298526784636,1.1493488579408386,0.18,-0.1209042950278842
1777029842.0753496,tb7,0.8405626487114148,1.5133994541231597,0.18,-1.178986526966343
1777029842.076857,tb1,0.9232554818395307,0.42893755180063703,0.18,-0.1159348903105752
1777029842.0986242,tb3,0.016306065357427648,0.3246210581153375,0.18,-0.09854400804461247
1777029842.1214979,tb2,-0.28693038090203044,1.1584029312651223,0.18,-0.12197285156476836
1777029842.1253707,tb7,0.8475708624603339,1.5069304709491187,0.18,-1.1086658398615274
1777029842.12687,tb1,0.9147856369410063,0.42574241011215613,0.18,-0.11236817989562276
1777029842.1486201,tb3,0.008445876930436481,0.32909477067106574,0.18,-0.09863504784919634
1777029842.1719532,tb2,-0.2868428494239056,1.167457163088573,0.18,-0.1062075045213541
1777029842.1754117,tb7,0.8541690198872368,1.5000922574061197,0.18,-1.0467637135928707
1777029842.1769137,tb1,0.906299179010715,0.42259658199798195,0.18,-0.10896442621189793
1777029842.1987848,tb3,0.0006077591347940103,0.3336071794106943,0.18,-0.09864695523714777
1777029842.22158,tb2,-0.2868428494239056,1.167457163088573,0.17999999999999997,-0.11337299982679472
1777029842.2254527,tb7,0.8541690198872368,1.5000922574061197,0.18,-1.1941799494566852
1777029842.2269583,tb1,0.8977969762825084,0.41949850711644254,0.17999999999999997,-0.09191375334509663
1777029842.2486424,tb3,-0.007208036892145129,0.3381581969092175,0.18,-0.09863401939701213
1777029842.2716079,tb2,-0.28670363396198617,1.176504146903137,0.18,-0.11573369811792328
1777029842.2754233,tb7,0.8603670363884872,1.4929298024923938,0.18,-1.1352119645232963
1777029842.276911,tb1,0.8977969762825084,0.41949850711644254,0.18,-0.10865761167874446
1777029842.2986422,tb3,-0.015001291178187928,0.34274770723671766,0.18,-0.09858850807735722
1777029842.32159,tb2,-0.28651448473568525,1.1855531949622826,0.18,-0.11752804576570645
1777029842.3253582,tb7,0.8661897097350737,1.4853880722739456,0.18,-1.0220631975151269
1777029842.326813,tb1,0.8892857756342138,0.41644568564883766,0.18000000000000002,-0.10674753054634738
1777029842.3485622,tb3,-0.022771805149258702,0.347375583215232,0.18,-0.09850794448147526
1777029842.371707,tb2,-0.2862732766543857,1.1946020878710408,0.18,-0.11907677019989123
1777029842.3757482,tb7,0.8715517553803278,1.4775449586730878,0.18,-0.9181836927961065
1777029842.3769615,tb1,0.8807530215761158,0.41343409966974465,0.18,-0.10312713776980618
1777029842.3986576,tb3,-0.030519388919912994,0.3520416823114571,0.18,-0.09837192210329822
1777029842.4215293,tb2,-0.2859790620268425,1.2036502189012548,0.18,-0.12052422252011576
1777029842.4255447,tb7,0.8764647020402585,1.469474792631534,0.18,-0.8362152336420582
1777029842.4268064,tb1,0.8722052643965349,0.41046869985293183,0.18,-0.0995549894874936
1777029842.4485798,tb3,-0.03824385631307767,0.3567458371746523,0.18,-0.09823361774838228
1777029842.4715466,tb2,-0.28563107188214154,1.2126971885535502,0.18,-0.12181461506311216
1777029842.4755647,tb7,0.8809687834728838,1.4612240132753087,0.18,-0.7749242426941656
1777029842.4769044,tb1,0.8636438583971596,0.4075483462496306,0.18,-0.09626375449748731
1777029842.4984355,tb3,-0.045945048055674516,0.36148787101088464,0.18,-0.09620177607987916
1777029842.5216055,tb2,-0.2852285960849895,1.2217425557396187,0.18,-0.12302601392538054
1777029842.5254457,tb7,0.8851026212804958,1.4528211995679645,0.18,-0.7263744702147332
1777029842.5269022,tb1,0.8550695046138546,0.404671421711166,0.18,-0.09325821776855578
1777029842.5486388,tb3,-0.045945048055674516,0.36148787101088464,0.18,-0.09330523307638765
1777029842.571476,tb2,-0.28477100966134994,1.2307859097647758,0.18,-0.1242367918217431
1777029842.5754733,tb7,0.88889430011228,1.4442890435181999,0.18,-0.6868867296424912
1777029842.5768428,tb1,0.8464828487713311,0.40183641247066887,0.18,-0.09055275835421965
1777029842.5986462,tb3,-0.05362229296107576,0.36626677801998053,0.18,-0.09332076765397623
1777029842.6214948,tb2,-0.2842577081094337,1.239826881696675,0.18,-0.12539901878007373
1777029842.625482,tb7,0.8923659725321876,1.4356446062467056,0.18,-0.6527441619873404
1777029842.6269784,tb1,0.837884385219523,0.39904189143419383,0.18,-0.08814238741320331
1777029842.6486537,tb3,-0.06127578174317615,0.3710812637668446,0.18,-0.09361944376635926
1777029842.671527,tb2,-0.2836881161407637,1.2488650432142054,0.18,-0.1265669741609005
1777029842.675497,tb7,0.895534492948756,1.426903171210252,0.18,-0.6223299092650212
1777029842.6769469,tb1,0.8292745594778722,0.3962866033559347,0.18,-0.08599585449223084
1777029842.6987033,tb3,-0.06890675397690643,0.37593143065321516,0.18,-0.09391491639230884
1777029842.7214246,tb2,-0.2830616610557386,1.2579000287119593,0.18,-0.12777899857549777
1777029842.7253735,tb7,0.8984143557885549,1.4180790975787938,0.18,-0.5947377276304434
1777029842.726858,tb1,0.820653809026823,0.39356942343821577,0.18,-0.0841092336493598
1777029842.748623,tb3,-0.07651507805001104,0.3808173203148438,0.18,-0.09420406748284625
1777029842.7716074,tb2,-0.2830616610557386,1.2579000287119593,0.18,-0.11756686851781575
1777029842.7755468,tb7,0.901018946821387,1.4091846146941795,0.18,-0.5490070081756306
1777029842.7767532,tb1,0.8120224788265696,0.39088933682052107,0.18,-0.07836953430163524
1777029842.7986963,tb3,-0.08410050695741765,0.38573895511026746,0.18,-0.09446160492026724
1777029842.82156,tb2,-0.28237777340625175,1.266931272979257,0.18000000000000002,-0.11876639769719662
1777029842.8253624,tb7,0.901018946821387,1.4091846146941795,0.18,-0.6816442109795717
1777029842.8267806,tb1,0.8120224788265696,0.39088933682052107,0.18,-0.08424523836513821
1777029842.8486202,tb3,-0.09166277856927457,0.3906963393381399,0.18,-0.0947197381064564
1777029842.8715355,tb2,-0.2816391224908217,1.2759538990154442,0.18,-0.12107300180333842
1777029842.8754394,tb7,0.9033625295193437,1.400238392033371,0.18,-0.6591345194011283
1777029842.8769052,tb1,0.8033826280193527,0.3882451493740804,0.18,-0.0831021567172909
1777029842.8985927,tb3,-0.09920164754356078,0.39568946706238295,0.18,-0.09497170057966307
1777029842.9216573,tb2,-0.2808469988852925,1.2849727013614163,0.18,-0.12340889002706339
1777029842.9254377,tb7,0.9054388441411815,1.3911694565841846,0.18,-0.6033197122164525
1777029842.9268594,tb1,0.7947298590571936,0.3856355912073609,0.18000000000000002,-0.08144456433727106
1777029842.9487739,tb3,-0.10671687602808946,0.4007183396273549,0.18,-0.08041682597276074
1777029842.9715774,tb2,-0.2800003824412464,1.2939877410302134,0.17999999999999997,-0.12569697391423396
1777029842.9753356,tb7,0.9072103973289297,1.382052175043758,0.18,-0.5517039955768045
1777029842.976832,tb1,0.7860669100206481,0.38306232406069285,0.18,-0.07992489585992829
1777029842.9986298,tb3,-0.10671687602808946,0.4007183396273549,0.18,-0.09010963779720989
1777029843.0215695,tb2,-0.27909806299957596,1.3029985853841801,0.18,-0.12788150018635241
1777029843.0254343,tb7,0.908698769453046,1.3729125476416717,0.18,-0.5109280872866941
1777029843.0269413,tb1,0.7773943131408704,0.3805246819390401,0.17999999999999997,-0.07860316653675008
1777029843.048689,tb3,-0.11420481314223713,0.4057767723894741,0.18,-0.09165857201792668
1777029843.071532,tb2,-0.2781389136838565,1.3120046433036292,0.18,-0.13004347192356028
1777029843.075356,tb7,0.9099313210609564,1.3637581161558112,0.18,-0.47789564546798746
1777029843.0767994,tb1,0.7687123172111093,0.378021918072698,0.18,-0.07747411739367162
1777029843.0986197,tb3,-0.12167438577714632,0.4108695342687255,0.18,-0.09234243601463069
1777029843.121572,tb2,-0.2771218591868854,1.321005442515973,0.18,-0.1321735880275283
1777029843.1258593,tb7,0.9109295390390931,1.3545930757667362,0.18,-0.4517405203271521
1777029843.1269505,tb1,0.7600211407900623,0.3755534066556888,0.18,-0.07653851630997835
1777029843.148658,tb3,-0.12912124494387972,0.4159966596886312,0.18,-0.09288770357837647
1777029843.1715438,tb2,-0.2760458870195165,1.330000412308752,0.18,-0.13433596023903593
1777029843.1754436,tb7,0.9117100103102116,1.3454206763152061,0.18,-0.4278322835609984
1777029843.176898,tb1,0.7513209571184465,0.3731186281904717,0.18,-0.07576899139443279
1777029843.1986005,tb3,-0.13654464789031698,0.42115823369030525,0.18,-0.09340097187808101
1777029843.2217991,tb2,-0.2749099648212816,1.3389890803246378,0.18,-0.11789815372524967
1777029843.2254398,tb7,0.9122860718069058,1.3362452376531435,0.18,-0.4079949279108383
1777029843.2269173,tb1,0.7426119343430826,0.3707171645050314,0.18,-0.07516162169396776
1777029843.2487185,tb3,-0.14394422892823772,0.42635435062371985,0.18,-0.09386782851970893
1777029843.2715542,tb2,-0.2749099648212816,1.3389890803246378,0.18,-0.1256673873279291
1777029843.2753909,tb7,0.9122860718069058,1.3362452376531435,0.18,-0.4948033999229661
1777029843.277041,tb1,0.7426119343430826,0.3707171645050314,0.18,-0.07617340234223763
1777029843.2986624,tb3,-0.1513196672153858,0.4315850993300518,0.18,-0.09432358298398058
1777029843.3216016,tb2,-0.2737182795175633,1.3479636184910904,0.18,-0.12954365556031341
1777029843.325532,tb7,0.9126693389884908,1.3270659495245938,0.18,-0.4746665249492643
1777029843.3268945,tb1,0.7338942020602559,0.36834868466136983,0.18,-0.0756230234301137
1777029843.348546,tb3,-0.15867065374168174,0.43685056021127805,0.18,-0.09476756569213875
1777029843.3715353,tb2,-0.2724711122435407,1.3569340868610036,0.18,-0.13299783130484813
1777029843.3754747,tb7,0.9128449414363663,1.317847292956498,0.18,-0.43634857024666934
1777029843.376894,tb1,0.7251671906083262,0.3660131105019535,0.18,-0.075047873152023
1777029843.3985806,tb3,-0.165996876158309,0.44215079323783557,0.18,-0.09516578741619106
1777029843.4215682,tb2,-0.27116601221710707,1.3658981810898339,0.18,-0.13630460003456507
1777029843.4254656,tb7,0.9127992788080851,1.3086387636607568,0.18,-0.4015167614078012
1777029843.4269485,tb1,0.7164316500037381,0.36371069740447554,0.18,-0.07457821299894946
1777029843.4486375,tb3,-0.1732980337060828,0.44748585556230247,0.18,-0.09553542898273046
1777029843.4715185,tb2,-0.2698012884643503,1.374855057355872,0.18,-0.13956238410203356
1777029843.4753082,tb7,0.9125494494487805,1.2994518635741004,0.18,-0.3727805607852623
1777029843.4767637,tb1,0.7076877755731944,0.3614412080501825,0.18,-0.07422086925575956
1777029843.4989634,tb3,-0.18057382257840757,0.4528557623374658,0.18,-0.08146439695474755
1777029843.5215652,tb2,-0.26837534957113546,1.3838040328182752,0.18,-0.1427576440714874
1777029843.5254962,tb7,0.9121139955380761,1.2902876105647665,0.17999999999999997,-0.34980610142923624
1777029843.5268738,tb1,0.6989356921426977,0.3592044221258208,0.18000000000000002,-0.07398182450864153
1777029843.548645,tb3,-0.18057382257840757,0.4528557623374658,0.18,-0.09042333149909523
1777029843.5716136,tb2,-0.266886694886564,1.3927443143333829,0.18,-0.14595122578944092
1777029843.5753543,tb7,0.9115078871605042,1.2811454947872651,0.18,-0.3302602504020373
1777029843.5770018,tb1,0.690175505577884,0.3570001810332977,0.18,-0.07385035903013494
1777029843.598624,tb3,-0.18782095876849098,0.4582542204706348,0.18,-0.09209647745363062
1777029843.6214845,tb2,-0.2653338208822233,1.401675264510746,0.18,-0.1491981161594021
1777029843.6254654,tb7,0.9107431503656883,1.2720257476646433,0.18,-0.31424226264874333
1777029843.6269765,tb1,0.6814073123335173,0.3548283864683409,0.18000000000000002,-0.07382954845275926
1777029843.6486201,tb3,-0.19504775629754545,0.4636862869106088,0.18,-0.09295877004158871
1777029843.6715326,tb2,-0.26371522066447695,1.410596126315712,0.18,-0.15243468291751405
1777029843.6753912,tb7,0.9098296355024927,1.2629280134924223,0.18,-0.3002918323903343
1777029843.6769588,tb1,0.6726311894141271,0.35268899462541836,0.18,-0.07390711504062364
1777029843.6986413,tb3,-0.20225017992792182,0.46915181348430635,0.18,-0.09369540688346387
1777029843.721505,tb2,-0.2620294180455851,1.4195061000744142,0.18,-0.15574189776748104
1777029843.7253885,tb7,0.9087754295109982,1.2538526391290739,0.18,-0.28832889422780955
1777029843.7268527,tb1,0.6638472061562881,0.3505820193341162,0.17999999999999997,-0.07407299197888208
1777029843.7486637,tb3,-0.20942749835211727,0.47465092571735734,0.18,-0.09437840969966842
1777029843.7715776,tb2,-0.2620294180455851,1.4195061000744142,0.18,-0.1440616412245639
1777029843.775448,tb7,0.9075876905739086,1.244800080669266,0.18,-0.2780399299590157
1777029843.7772353,tb1,0.655055421367974,0.3485075269622081,0.18,-0.07432044894284619
1777029843.798629,tb3,-0.21657928925273237,0.48018378497169245,0.18,-0.0950237835411823
1777029843.821548,tb2,-0.2602748414032369,1.4284044719675106,0.18,-0.14731850594510115
1777029843.8254356,tb7,0.9075876905739086,1.244800080669266,0.18,-0.34008500939813135
1777029843.8268807,tb1,0.655055421367974,0.3485075269622081,0.18,-0.07449737560545913
1777029843.8487318,tb3,-0.2237051508182682,0.48575052299324584,0.18,-0.09561198186978954
1777029843.8715158,tb2,-0.2584546012395295,1.4372846768741478,0.18,-0.1520976499326561
1777029843.8754182,tb7,0.9062721961096563,1.2357702423478785,0.18,-0.32871570634068564
1777029843.876957,tb1,0.6462558952954215,0.3464656292248762,0.17999999999999997,-0.07473882841171609
1777029843.8986108,tb3,-0.2308047143066028,0.49135126799723355,0.18,-0.09619146534107739
1777029843.921973,tb2,-0.25656914760901045,1.4461530556466107,0.18,-0.1568502331927439
1777029843.925909,tb7,0.9048121728189248,1.2267357955631584,0.18,-0.3076572186799029
1777029843.927576,tb1,0.6374487275299121,0.3444564628413036,0.18,-0.07503851884190837
1777029843.9490309,tb3,-0.23787760875897657,0.49698611551802707,0.18,-0.0966699508354259
1777029843.9715822,tb2,-0.2546163097467891,1.4550091191247574,0.18,-0.16177951418080594
1777029843.9754128,tb7,0.9032035464806727,1.2177330746391064,0.18,-0.28713020226927505
1777029843.97696,tb1,0.6286340035329601,0.34248016245357055,0.18,-0.07538067235999024
1777029843.9986815,tb3,-0.2449234656540977,0.5026551163652295,0.18,-0.0972102697571183
1777029844.0215642,tb2,-0.25259388778642533,1.4638519870626612,0.18,-0.16658021277577628
1777029844.0254486,tb7,0.9014564125510197,1.2087667018697337,0.18,-0.27031771766845397
1777029844.026938,tb1,0.6198117836476462,0.3405368834095315,0.18,-0.07576227042340444
1777029844.0486476,tb3,-0.2449234656540977,0.5026551163652295,0.18,-0.09137968318849041
1777029844.0715666,tb2,-0.250499541530219,1.4726806114995146,0.18,-0.17134647067001044
1777029844.07545,tb7,0.8995814084304711,1.1998358186417935,0.18,-0.2562643793935872
1777029844.0768569,tb1,0.6109821343920269,0.338626812958859,0.18,-0.07618373636944617
1777029844.0986087,tb3,-0.25194194040510104,0.5083583218771346,0.18,-0.09182152563474433
1777029844.1215606,tb2,-0.24833097335095922,1.4814937714066247,0.18,-0.1761199261642748
1777029844.1253095,tb7,0.8975873827131791,1.1909387174832051,0.18,-0.24429117319676535
1777029844.1268725,tb1,0.6021451163958169,0.33675016180490497,0.18,-0.07664171021903483
1777029844.148711,tb3,-0.25893157207076356,0.5140928801323139,0.18,-0.092825542737004
1777029844.171552,tb2,-0.24608582976992585,1.490290296517743,0.18,-0.18091308510512738
1777029844.1753397,tb7,0.8954818379926026,1.1820741847437743,0.18,-0.23434414688751815
1777029844.1768467,tb1,0.593300786613841,0.3349071679252933,0.18,-0.07713779267434344
1777029844.1986918,tb3,-0.2658950465478098,0.5198596033437544,0.18,-0.09381705043273808
1777029844.2215452,tb2,-0.24608582976992585,1.490290296517743,0.18,-0.16836973860511986
1777029844.2252247,tb7,0.8932706148477815,1.1732406651886822,0.18,-0.23340212245643696
1777029844.2270305,tb1,0.5844492134371323,0.33309808925717327,0.18,-0.07766863423926137
1777029844.248664,tb3,-0.27283213405969836,0.5256588529594618,0.18,-0.09472947658039453
1777029844.2715058,tb2,-0.24376197743179862,1.4990686404649312,0.18,-0.17317013831724987
1777029844.2753305,tb7,0.8932706148477815,1.1732406651886822,0.18,-0.272812898109132
1777029844.2768233,tb1,0.5844492134371323,0.33309808925717327,0.18,-0.07724706009297504
1777029844.2986834,tb3,-0.2797423211925166,0.531490886491411,0.18,-0.09555701706829538
1777029844.321721,tb2,-0.24136308761970457,1.507821640374578,0.18,-0.17967615777147075
1777029844.3254201,tb7,0.8909562937120076,1.164434301504586,0.18,-0.26263511380871385
1777029844.3269,tb1,0.5755904396815382,0.3313232136752462,0.18,-0.07773648683562505
1777029844.3485641,tb3,-0.28662510441664646,0.537355892659431,0.18,-0.09634020029440665
1777029844.3715026,tb2,-0.23888846957130377,1.516556229026762,0.18,-0.1864144348704033
1777029844.3753686,tb7,0.8885255341472014,1.1556427290149451,0.18,-0.24670917359116526
1777029844.376782,tb1,0.5667249881449209,0.3295826830655311,0.18,-0.07833546988783477
1777029844.3985872,tb3,-0.29348003895987657,0.5432540704064086,0.18,-0.09703978581440213
1777029844.4214845,tb2,-0.23633503291365784,1.5252716715033423,0.18,-0.19304677974700427
1777029844.4253726,tb7,0.8859802529743772,1.146889804537827,0.18,-0.23240742403906733
1777029844.4268913,tb1,0.5578525930428176,0.32787651996545725,0.18,-0.07894397600457786
1777029844.4486828,tb3,-0.29348003895987657,0.5432540704064086,0.18,-0.09090080327974262
1777029844.4715538,tb2,-0.23369966388124672,1.5339660756674411,0.18,-0.19968141407694537
1777029844.4754455,tb7,0.8833284921706264,1.1381764359387665,0.18,-0.22025757421332604
1777029844.4768996,tb1,0.548973303908733,0.3262050282905317,0.18,-0.07956125175174317
1777029844.4985678,tb3,-0.3003066582623755,0.54918552456125,0.18,-0.09152312097748806
1777029844.521614,tb2,-0.23097940942797723,1.5426376624761957,0.18,-0.20639065334761883
1777029844.525409,tb7,0.8805772652262309,1.1295006033772812,0.18,-0.2097217566220813
1777029844.5268757,tb1,0.5400871975121442,0.3245685282037766,0.18,-0.0801866620209771
1777029844.548688,tb3,-0.30710334348112805,0.5551472383178937,0.18,-0.09272223726360683
1777029844.5715337,tb2,-0.2281713345903339,1.5512846101315731,0.18,-0.21325687951371713
1777029844.5753357,tb7,0.8777324882483302,1.1208607597070053,0.18,-0.2005980839943847
1777029844.5769744,tb1,0.5311943537426922,0.3229673447553868,0.18,-0.08082268599173893
1777029844.5986416,tb3,-0.3138729681591711,0.561140103864597,0.18,-0.09390998684097153
1777029844.6214185,tb2,-0.22527221914508894,1.5599052012502352,0.18,-0.22023239256634902
1777029844.6253214,tb7,0.8747996559102547,1.112255801255535,0.17999999999999997,-0.19284163466817428
1777029844.6267703,tb1,0.5222948233079141,0.3214018222300607,0.18,-0.08147051874244535
1777029844.6485646,tb3,-0.3206153061063768,0.567164602172303,0.18,-0.09499635613522187
1777029844.6714406,tb2,-0.22227900051653027,1.5684972036965033,0.18,-0.22735258992679555
1777029844.6753354,tb7,0.8717830291546482,1.1036840095568188,0.17999999999999997,-0.186051319470038
1777029844.6768649,tb1,0.5133887160218703,0.31987231228576507,0.18,-0.08212478138199947
1777029844.6987383,tb3,-0.3273297271970591,0.5732210002290904,0.18,-0.09596662136626227
1777029844.7216182,tb2,-0.22227900051653027,1.5684972036965033,0.18,-0.21363962521140067
1777029844.725482,tb7,0.868686083821325,1.0951443589503815,0.18,-0.15575360881083516
1777029844.7267287,tb1,0.5044761342286498,0.31837914815672297,0.18,-0.08279632469028701
1777029844.7486293,tb3,-0.3340156986156361,0.5793095239559554,0.18,-0.09689735588050366
1777029844.7715209,tb2,-0.21918892651856117,1.5770581116824054,0.18,-0.22100709323645146
1777029844.775388,tb7,0.868686083821325,1.0951443589503815,0.18,-0.21502393881403573
1777029844.7769265,tb1,0.5044761342286498,0.31837914815672297,0.18,-0.081758585384741
1777029844.7986722,tb3,-0.3406727247989378,0.5854303876877455,0.18,-0.09772951395673427
1777029844.8215415,tb2,-0.21600683564528364,1.5855795724842485,0.18,-0.2306955408363518
1777029844.8253453,tb7,0.8655204843088702,1.086643696224379,0.18,-0.21143039189906251
1777029844.8269553,tb1,0.49555715971927394,0.31692268383231226,0.18,-0.08237620990751207
1777029844.8487375,tb3,-0.3473002989494147,0.591583761451712,0.18,-0.0985008470587977
1777029844.8714828,tb2,-0.21273041822637423,1.59406935195943,0.18,-0.24076414324081497
1777029844.8753123,tb7,0.8622658267099574,1.0781497217767002,0.18,-0.20023131863629576
1777029844.87679,tb1,0.486632663984058,0.31550296224140717,0.18,-0.0831639559970037
1777029844.8985415,tb3,-0.3538979528279258,0.5977697950959704,0.18,-0.0992452169683636
1777029844.9215672,tb2,-0.20935523814461957,1.6025258474079276,0.18,-0.2509033294183447
1777029844.9256277,tb7,0.8589224162987351,1.0696934708938124,0.18,-0.1898819129178339
1777029844.9268858,tb1,0.477702075586399,0.3141198791390339,0.18,-0.08393490243454671
1777029844.9486527,tb3,-0.3538979528279258,0.5977697950959704,0.18,-0.09269893659392238
1777029844.971665,tb2,-0.2058769045692496,1.610945728438006,0.18,-0.2612835954354977
1777029844.975398,tb7,0.8554958642998686,1.0612762562565272,0.18,-0.1804946085049631
1777029844.976901,tb1,0.46876544042209745,0.31277382825145833,0.18,-0.08468658780388853
1777029844.9986174,tb3,-0.36046523433033123,0.6039886011991963,0.18,-0.09332034101185302
1777029845.0214713,tb2,-0.20229070553978087,1.6193261439527495,0.18,-0.2719559714390241
1777029845.025369,tb7,0.8519915536239265,1.052896779464804,0.18000000000000002,-0.17252830439951108
1777029845.026981,tb1,0.45982283661105383,0.31146523136176113,0.18,-0.08541127509374782
1777029845.0485978,tb3,-0.3670005789065676,0.6102369199822787,0.18,-0.09457555705654157
1777029845.0715654,tb2,-0.19859218114657642,1.6276633012747201,0.17999999999999997,-0.282918840587377
1777029845.0753534,tb7,0.8484139226894699,1.0445529093031325,0.18,-0.1655715382649937
1777029845.0768445,tb1,0.4508744131188246,0.3101945041685617,0.18,-0.086132286063993
1777029845.0986311,tb3,-0.37350697164810276,0.6165158352960518,0.18,-0.09578767164647985
1777029845.1215312,tb2,-0.19859218114657642,1.6276633012747201,0.18,-0.26846088407703317
1777029845.1252584,tb7,0.8447668094986497,1.0362432163387163,0.17999999999999997,-0.15942729985746673
1777029845.1268592,tb1,0.4419202668918481,0.3089620387499846,0.18,-0.08683742555823508
1777029845.1485777,tb3,-0.3799841225600266,0.6228258200410777,0.18,-0.0969068636513366
1777029845.1715033,tb2,-0.19477659442745104,1.6359536666033003,0.18,-0.2798122817444301
1777029845.1753561,tb7,0.8447668094986497,1.0362432163387163,0.17999999999999997,-0.18722338696661892
1777029845.1770344,tb1,0.4419202668918481,0.3089620387499846,0.18,-0.08535728067678021
1777029845.198549,tb3,-0.386431402368038,0.629167131548458,0.18,-0.09792432676360181
1777029845.2215593,tb2,-0.19084952467527963,1.6441858489111736,0.18,-0.29436700869308785
1777029845.2253778,tb7,0.841053277330885,1.0279661146977295,0.17999999999999997,-0.1809592004130972
1777029845.227413,tb1,0.4329605261533744,0.3077682282024382,0.18,-0.08598082865889578
1777029845.2485683,tb3,-0.3928482419680051,0.6355400030894232,0.18,-0.09885242731897952
1777029845.2714894,tb2,-0.1868068743469049,1.6523681621338195,0.18,-0.30975049578741787
1777029845.2753732,tb7,0.837262817925721,1.0197110659996251,0.18,-0.1712097493207955
1777029845.27685,tb1,0.42399634118556667,0.30661306436991864,0.18,-0.08683434628771695
1777029845.2985935,tb3,-0.39923407712362063,0.6419445758496911,0.18,-0.099711587375662
1777029845.3215182,tb2,-0.1826428475532779,1.6604972390816533,0.18,-0.32571010055739663
1777029845.325404,tb7,0.8333982181865383,1.0114939341815872,0.18,-0.16216612202936145
1777029845.3268385,tb1,0.4150269808510256,0.30549629707561254,0.18,-0.08766048072831834
1777029845.34863,tb3,-0.40558842032755676,0.6483809952466187,0.18,-0.10050642157734999
1777029845.3716445,tb2,-0.17835134939158595,1.6685682687103636,0.18,-0.3422990921530168
1777029845.375368,tb7,0.8294641393410641,1.0033150004173426,0.17999999999999997,-0.1541983420292499
1777029845.3769283,tb1,0.4060524640709892,0.30441830240393664,0.18,-0.08845063095649168
1777029845.3986077,tb3,-0.41191079189709057,0.6548493622558651,0.18,-0.10125663352437016
1777029845.4216888,tb2,-0.17392626082739238,1.6765756126764741,0.18,-0.3597348587029227
1777029845.425439,tb7,0.8254647954983976,0.9951724190897454,0.18,-0.14725709306078053
1777029845.4269755,tb1,0.3970729339157874,0.3033795113289075,0.18,-0.0892154701612052
1777029845.4485788,tb3,-0.41820074460109663,0.661349779502614,0.18,-0.09275684081378777
1777029845.4714806,tb2,-0.16936136403706334,1.684513358690128,0.18,-0.37820338339288634
1777029845.4754143,tb7,0.8214038619284583,0.9870645084881632,0.18,-0.141117122560113
1777029845.4769614,tb1,0.3880885285415066,0.3023803323384905,0.18,-0.08995866046745564
1777029845.4986598,tb3,-0.41820074460109663,0.661349779502614,0.18,-0.09492511499708958
1777029845.5214987,tb2,-0.1646495768741633,1.692375485931455,0.18,-0.3975186978088209
1777029845.5254445,tb7,0.8172846221448528,0.9789897838931811,0.18,-0.1357475272232875
1777029845.5269437,tb1,0.3790993811262717,0.3014211697586023,0.18,-0.09067604945856078
1777029845.548727,tb3,-0.42445660206091895,0.6678781393724323,0.18,-0.09635930517677241
1777029845.5714915,tb2,-0.1597833088131874,1.7001545881944973,0.18,-0.417842144089721
1777029845.5754483,tb7,0.8131100965745144,0.9709469054311674,0.18,-0.13104203855275964
1777029845.5769136,tb1,0.3701056237856383,0.30050243658308345,0.18,-0.09137201478071678
1777029845.598779,tb3,-0.4306822589322666,0.6744364966458357,0.18,-0.09764765375494289
1777029845.6214583,tb2,-0.1597833088131874,1.7001545881944973,0.18,-0.4039466486199981
1777029845.6254215,tb7,0.8088827231913485,0.9629344643450123,0.18,-0.12684927331568463
1777029845.6268249,tb1,0.3611074345413967,0.29962453227462976,0.18,-0.09205472044558126
1777029845.6486216,tb3,-0.43687685011226485,0.6810252262498087,0.18,-0.09884385727593005
1777029845.6715548,tb2,-0.15475524904519214,1.707842142602909,0.18,-0.4258879486382461
1777029845.675367,tb7,0.8088827231913485,0.9629344643450123,0.18,-0.14773008652866063
1777029845.6768763,tb1,0.35210497453753536,0.2987878324268812,0.18,-0.09145071456692483
1777029845.6986778,tb3,-0.44303961945131365,0.6876445398217669,0.18,-0.09990953841170316
1777029845.7215717,tb2,-0.14957278962729154,1.7154213241782807,0.18,-0.45343425687496774
1777029845.725539,tb7,0.8046046829045027,0.9549514498186592,0.18,-0.14346894133370824
1777029845.72697,tb1,0.35210497453753536,0.2987878324268812,0.18,-0.09066108646235341
1777029845.748578,tb3,-0.4491699573056053,0.6942946308832678,0.18,-0.1009216446221295
1777029845.7714968,tb2,-0.14422735710711737,1.72289972471697,0.18,-0.4831095035614499
1777029845.7753727,tb7,0.8002676554038927,0.9469901369705486,0.18,-0.13657264740631636
1777029845.7767885,tb1,0.3430990066821819,0.2979924659856994,0.18,-0.09138551796765562
1777029845.7986212,tb3,-0.45526730574405094,0.700975697893315,0.18,-0.10183634818180927
1777029845.8216097,tb2,-0.13870870908678795,1.730268786296636,0.18,-0.5143343949817448
1777029845.8254235,tb7,0.7958739674641496,0.9390623996616411,0.18,-0.13020704838356906
1777029845.8268874,tb1,0.33408981710347807,0.29723811944871364,0.18,-0.09221681498845503
1777029845.848666,tb3,-0.46133108958531127,0.7076878370085997,0.18,-0.10269370230404742
1777029845.8715734,tb2,-0.13300719962698573,1.737515489646828,0.18,-0.5475187852250646
1777029845.8755515,tb7,0.7914270314624362,0.9311681755832043,0.18,-0.12461971041964282
1777029845.8769417,tb1,0.32507692255962556,0.2965248146144887,0.18,-0.09302169794930698
1777029845.8986096,tb3,-0.46133108958531127,0.7076878370085997,0.18,-0.09531186982818562
1777029845.9218385,tb2,-0.1271124203895112,1.7446266960670158,0.17999999999999997,-0.5824750538485393
1777029845.926004,tb7,0.7869297978555624,0.9233060350239274,0.18,-0.1198460415119906
1777029845.9273727,tb1,0.31606042870054346,0.2958529602383518,0.18,-0.0937697416263802
1777029845.9492104,tb3,-0.46736081298607146,0.7144311880112325,0.18,-0.09597354783281219
1777029845.9715617,tb2,-0.1210135073070272,1.7515867407177788,0.17999999999999997,-0.6193101929579438
1777029845.975418,tb7,0.7823848402877426,0.9154744774851978,0.18,-0.11529938366624949
1777029845.976835,tb1,0.3070405113826581,0.29522299085488685,0.18,-0.09452211600771752
1777029845.9986713,tb3,-0.47335498144691346,0.7212020234710849,0.18,-0.09751793190103675
1777029846.0214567,tb2,-0.1146993706234156,1.758377766189362,0.18,-0.6577759734309793
1777029846.0253687,tb7,0.7777944144275936,0.9076722397829161,0.18,-0.11147433574167633
1777029846.026885,tb1,0.2980173549085409,0.2946353217328265,0.18,-0.0952144936351392
1777029846.0486686,tb3,-0.479316851186502,0.7280016862379858,0.18,-0.0989683520440732
1777029846.071499,tb2,-0.10816032068025383,1.7649793759665746,0.18,-0.6980007329085809
1777029846.0753086,tb7,0.7731604810587884,0.8998981356867097,0.18,-0.10808830981553043
1777029846.0767927,tb1,0.2889911602835595,0.2940903513150625,0.18,-0.09588437623351224
1777029846.0987284,tb3,-0.48524612633836084,0.7348307995955721,0.18,-0.10028972744727925
1777029846.1216311,tb2,-0.10816032068025383,1.7649793759665746,0.18,-0.6953187472935951
1777029846.125385,tb7,0.7684845741650499,0.8921511402277217,0.18,-0.10508897966889645
1777029846.1268988,tb1,0.2799621539861185,0.2935884296109127,0.18,-0.09652196372611861
1777029846.148713,tb3,-0.49114204216287277,0.7416896147500449,0.18,-0.10152150301613014
1777029846.1715207,tb2,-0.10138913893508529,1.771369785214929,0.18,-0.7406907338736831
1777029846.1753755,tb7,0.7684845741650499,0.8921511402277217,0.18,-0.12080345556570687
1777029846.1769514,tb1,0.2799621539861185,0.2935884296109127,0.18,-0.09404481362545529
1777029846.1986518,tb3,-0.49700393147884814,0.7485783785366423,0.18,-0.1026519405376294
1777029846.2216175,tb2,-0.09439754734947091,1.7775222294991946,0.18,-0.7945194049946355
1777029846.2254333,tb7,0.7637681518408453,0.8844305144072512,0.18,-0.11763192480185213
1777029846.226974,tb1,0.2709305161761628,0.2931299010658452,0.18,-0.09460543686757554
1777029846.248679,tb3,-0.5028311229078536,0.7554972635685306,0.18,-0.10368832369088443
1777029846.2715182,tb2,-0.08717147697774683,1.783431600800141,0.18,-0.8502874188777597
1777029846.2753763,tb7,0.7590044888323486,0.8767309197059825,0.18,-0.11260553736384352
1777029846.2768126,tb1,0.26189784008526723,0.2927144533001992,0.18,-0.09544486456167157
1777029846.298547,tb3,-0.5086230050256549,0.7624463977604599,0.18,-0.10467967499986934
1777029846.3215723,tb2,-0.0797004422050819,1.7890716026802527,0.18,-0.9057750819889828
1777029846.3253813,tb7,0.7541960187645873,0.8690611429013372,0.18,-0.10794157050753125
1777029846.326866,tb1,0.2528630454332786,0.2923416237857289,0.18,-0.09625122996116688
1777029846.348606,tb3,-0.5143790173613247,0.7694258923799493,0.18,-0.10557414202852561
1777029846.3716989,tb2,-0.07197889725924925,1.7944091297118892,0.18,-0.9598225924693838
1777029846.3755324,tb7,0.7493450739213496,0.8614209513176967,0.18,-0.10384440180126783
1777029846.3769145,tb1,0.24382619041331713,0.29201176720803307,0.18,-0.09700305636509785
1777029846.3985536,tb3,-0.5200986153351184,0.7764358351418079,0.18,-0.10642359805822227
1777029846.421458,tb2,-0.06400179073234177,1.799410438361293,0.18,-1.0092500021967754
1777029846.425353,tb7,0.7444537714000514,0.8538092654510636,0.18,-0.10016661804429006
1777029846.4267735,tb1,0.23478744437462162,0.29172528997387526,0.18,-0.09770204954920347
1777029846.4486158,tb3,-0.5200986153351184,0.7764358351418079,0.18,-0.09845588132267732
1777029846.4715247,tb2,-0.0557712198452536,1.8040365458233836,0.18,-1.0529301645596267
1777029846.475325,tb7,0.7395239325907718,0.8462248327228739,0.18,-0.09694893103729255
1777029846.4769278,tb1,0.22574704923084393,0.29148260583187996,0.18,-0.09832612933663282
1777029846.4986637,tb3,-0.5257811932277896,0.7834762219508293,0.18,-0.09918953175690315
1777029846.5216188,tb2,-0.047295496139838585,1.8082496284186842,0.18,-1.0890476236950848
1777029846.5254269,tb7,0.7345571828136312,0.838666621889279,0.18,-0.09411755383938868
1777029846.5269384,tb1,0.21670524422176915,0.2912840826674856,0.18,-0.09889870691173057
1777029846.5487423,tb3,-0.5314257034053422,0.7905428699258943,0.18,-0.100665436281267
1777029846.5714037,tb2,-0.03859075832368611,1.812014219985994,0.18,-1.1165388264501468
1777029846.5752575,tb7,0.7295548847309667,0.831133681508632,0.18,-0.09150328119119111
1777029846.576785,tb1,0.20766226894379403,0.2911300518631792,0.18,-0.09942603203999617
1777029846.5986612,tb3,-0.5370354483616717,0.7976377612147854,0.18,-0.10207786917408052
1777029846.6214314,tb2,-0.029678876594878983,1.8152998573136374,0.18,-1.1352735527356037
1777029846.625361,tb7,0.7245182385178494,0.8236252492663043,0.18,-0.08919276960191161
1777029846.626858,tb1,0.1986183803148086,0.2910208033721292,0.18,-0.0998892998085185
1777029846.6486073,tb3,-0.5426099071154911,0.8047612715249489,0.18,-0.10334480396962328
1777029846.6715465,tb2,-0.029678876594878983,1.8152998573136374,0.18000000000000002,-1.1925927596489188
1777029846.6753101,tb7,0.7194482615662644,0.8161406391889541,0.18,-0.05498137186196033
1777029846.6767957,tb1,0.1895738291381474,0.2909565912355681,0.18,-0.10031076325983913
1777029846.6985724,tb3,-0.5481483880558198,0.8119136335393167,0.18,-0.10446075940330868
1777029846.7216904,tb2,-0.02058724104374013,1.8180818958376441,0.18,-1.2090319654496777
1777029846.725438,tb7,0.7194482615662644,0.8161406391889541,0.18,-0.09837798794296086
1777029846.7270393,tb1,0.1895738291381474,0.2909565912355681,0.18,-0.097333488399192
1777029846.7486246,tb3,-0.5536501861289354,0.8190949783319886,0.18,-0.10543386823883952
1777029846.771591,tb2,-0.011323033786751835,1.820335728794133,0.18,-1.2034153283498727
1777029846.7754242,tb7,0.7143594349398199,0.8086862435353993,0.18,-0.09942842267221148
1777029846.7769716,tb1,0.1805288631716158,0.29093763877834716,0.18,-0.09766544764960655
1777029846.7985735,tb3,-0.5591146715052521,0.8263054173105013,0.18,-0.1062950906096224
1777029846.8214924,tb2,-0.0019343422570855502,1.8220299349976503,0.18000000000000002,-1.1851059314798393
1777029846.8253653,tb7,0.7092306115908055,0.8012368578157354,0.18,-0.09575475438490154
1777029846.8267949,tb1,0.17148521066286446,0.2909633494010797,0.18,-0.0982828697806074
1777029846.8488135,tb3,-0.5645412494500988,0.8335449891992809,0.18,-0.10697674515101145
1777029846.8715389,tb2,0.00753435682709891,1.8231559714768009,0.18,-1.1594023314842408
1777029846.875371,tb7,0.7040650730663665,0.7938130379491554,0.18,-0.09201955682485317
1777029846.8768642,tb1,0.16244159220591786,0.2910331886533899,0.18,-0.09882155743208726
1777029846.8986123,tb3,-0.5645412494500988,0.8335449891992809,0.18,-0.0985920221605098
1777029846.921662,tb2,0.017042099427030236,1.8237188429823168,0.18,-1.1294292016681513
1777029846.925432,tb7,0.6988649720157546,0.7864156973967353,0.18,-0.0886776898365549
1777029846.92683,tb1,0.15339812481506762,0.2911474279438025,0.18,-0.09927861153158585
1777029846.9486473,tb3,-0.5699293001323944,0.8408135327712142,0.18,-0.09916783692153258
1777029846.9716282,tb2,0.026552140247710937,1.8237318627418204,0.18,-1.0967662252884103
1777029846.975422,tb7,0.6936319603705605,0.7790438181988445,0.18,-0.08570664649385044
1777029846.9768362,tb1,0.14435507740168438,0.2913063514703072,0.18,-0.09965350350444445
1777029846.9987674,tb3,-0.5752780160790448,0.8481066949602862,0.18,-0.10045796254997538
1777029847.0215137,tb2,0.036031525281456374,1.8232136880691705,0.18,-1.0630778570043142
1777029847.0252864,tb7,0.6883674739234087,0.7716963705742815,0.17999999999999997,-0.08308428077201903
1777029847.026813,tb1,0.1353127197750534,0.29151019500271086,0.18,-0.0999661052907086
1777029847.0486815,tb3,-0.580590770248186,0.8554265792818483,0.18,-0.10167064230830963
1777029847.0716207,tb2,0.036031525281456374,1.8232136880691705,0.18,-1.1558298450983477
1777029847.0754051,tb7,0.6830726266085874,0.76437238952184,0.18000000000000002,-0.0808338525312545
1777029847.076843,tb1,0.1262713348406025,0.29175913477541976,0.18,-0.1002254603077423
1777029847.0986836,tb3,-0.5858671073192177,0.8627734961531848,0.18,-0.10271636426254059
1777029847.1216874,tb2,0.045453165823265126,1.8221846445826115,0.18,-1.122754109347282
1777029847.1254804,tb7,0.6830726266085874,0.76437238952184,0.17999999999999997,-0.08964882297142508
1777029847.1269147,tb1,0.1262713348406025,0.29175913477541976,0.18,-0.09694619007274592
1777029847.1485868,tb3,-0.5911063852834673,0.8701475764904162,0.18,-0.10366001059068031
1777029847.171571,tb2,0.05483929229198662,1.8206293179192448,0.18,-1.0560371991839388
1777029847.1754324,tb7,0.6777483251177073,0.75707100912604,0.18,-0.08736058384351934
1777029847.1768441,tb1,0.11723123143340958,0.2920533094957286,0.18,-0.09714050218012363
1777029847.1986718,tb3,-0.5963079901538967,0.8775489290895669,0.18,-0.10442292322430667
1777029847.221472,tb2,0.0641045034039948,1.8185489793391438,0.18,-0.9901487233856608
1777029847.2253575,tb7,0.6723906847841205,0.7497896729608513,0.17999999999999997,-0.08418750522904433
1777029847.226836,tb1,0.10819407237669061,0.29239190215916466,0.18,-0.09760415149411061
1777029847.248583,tb3,-0.6014713188110579,0.8849775161991894,0.18,-0.10509977220734085
1777029847.2716398,tb2,0.07321423395292705,1.8159844188727856,0.18,-0.9338417236340392
1777029847.2754211,tb7,0.6670017706008999,0.7425329256795072,0.18,-0.08135125030011478
1777029847.2770426,tb1,0.09915854289672145,0.2927743644186604,0.18,-0.09800157855154189
1777029847.2984815,tb3,-0.6065958971079313,0.8924332822052033,0.18,-0.09865050150645449
1777029847.3215432,tb2,0.08215624031091881,1.8129770325760048,0.18,-0.8852611379779178
1777029847.325357,tb7,0.6615830197919335,0.7353003226805455,0.18,-0.07893401355380222
1777029847.3268282,tb1,0.090124766112505,0.29320087737465633,0.18,-0.09836140600053958
1777029847.3486714,tb3,-0.6065958971079313,0.8924332822052033,0.18,-0.09677780383882893
1777029847.371553,tb2,0.09092212627498812,1.8095640315823553,0.18,-0.8440822532180096
1777029847.3753653,tb7,0.6561355728749693,0.7280909585246323,0.18,-0.07695384120537929
1777029847.3768353,tb1,0.08109299778665073,0.293671637561888,0.18,-0.09865035611368725
1777029847.3987195,tb3,-0.6116808403925588,0.8999129025134689,0.18,-0.0978657807959375
1777029847.4217184,tb2,0.09950901208420934,1.8057766811684903,0.18,-0.8080408749929201
1777029847.4254537,tb7,0.6506603788491451,0.7209040329181687,0.18,-0.07539437787339014
1777029847.4268906,tb1,0.0720634903249003,0.29418681478916653,0.18,-0.09889305690540019
1777029847.4486084,tb3,-0.6167286826763703,0.9074164916350713,0.18000000000000002,-0.09920504299561224
1777029847.471516,tb2,0.10791289251992034,1.801642347131773,0.18,-0.7751861600688973
1777029847.475335,tb7,0.6451581752903301,0.7137388567838823,0.18,-0.07418309969986267
1777029847.4767752,tb1,0.06303650341022703,0.29474654426767305,0.18,-0.09911708809346494
1777029847.4986873,tb3,-0.6217401902722185,0.9149450883632837,0.18,-0.10042079712209567
1777029847.5214703,tb2,0.11613118310515867,1.7971842858825073,0.18,-0.7452219620816926
1777029847.5253344,tb7,0.6396294971132566,0.7065948938675652,0.18,-0.07332935483495877
1777029847.5268326,tb1,0.05401228497313408,0.2953509326638274,0.18,-0.09930516813576762
1777029847.548731,tb3,-0.6267147367001993,0.9224988994641548,0.18,-0.10155558761975092
1777029847.5715556,tb2,0.11613118310515867,1.7971842858825073,0.18,-0.8379748351317269
1777029847.5757048,tb7,0.6340747394374788,0.699471763366071,0.18,-0.06402765682696246
1777029847.57683,tb1,0.04499107948896918,0.29600006956832353,0.18,-0.0994790963504287
1777029847.5986538,tb3,-0.6316516710997704,0.9300780558503036,0.18,-0.10264064968600299
1777029847.6216633,tb2,0.12416109311050233,1.7924234144620286,0.17999999999999997,-0.808967521650304
1777029847.6254232,tb7,0.6340747394374788,0.699471763366071,0.18,-0.07911107106271675
1777029847.6270278,tb1,0.04499107948896918,0.29600006956832353,0.18,-0.09581993798052128
1777029847.648555,tb3,-0.6365503500297567,0.93768263420783,0.18000000000000002,-0.1036906243071366
1777029847.6716678,tb2,0.13202821996621453,1.7873273797485,0.18,-0.7534701532016885
1777029847.6753836,tb7,0.6284977716123508,0.6923709659487653,0.18,-0.07950485890846257
1777029847.6768935,tb1,0.035973124198761225,0.2966940306372191,0.18,-0.09594494853226332
1777029847.6987793,tb3,-0.6414101809495207,0.9453127206570033,0.18,-0.1046153185511784
1777029847.7216258,tb2,0.1396676428519993,1.7819220758066994,0.18,-0.7009525808404472
1777029847.7253337,tb7,0.6228913053906352,0.6852852077711703,0.18,-0.0784890457141762
1777029847.7267988,tb1,0.02696025513892089,0.2974318808958794,0.18,-0.0964026701677568
1777029847.748603,tb3,-0.6462305718941652,0.9529683393287856,0.18,-0.10556698031287647
1777029847.7715728,tb2,0.1470716616622694,1.776244351130196,0.18,-0.6579099626059921
1777029847.7753797,tb7,0.617256757602621,0.6782217104072635,0.18,-0.07765962608959401
1777029847.7768288,tb1,0.017950966011498377,0.2982129482394369,0.18,-0.09682836808075919
1777029847.7986186,tb3,-0.6462305718941652,0.9529683393287856,0.18,-0.09617830413282734
1777029847.8214974,tb2,0.15425077877763071,1.770324342369681,0.18000000000000002,-0.6230201136999821
1777029847.825286,tb7,0.6115947640103968,0.6711808081392654,0.18,-0.07714115394045525
1777029847.8267832,tb1,0.008945314213348383,0.2990374071913204,0.18,-0.09720605080551034
1777029847.8485763,tb3,-0.6510109816863074,0.9606495759236822,0.18,-0.09700051892243108
1777029847.871456,tb2,0.16121705837082304,1.7641837265325575,0.18,-0.5936072315341745
1777029847.875325,tb7,0.6059056550080173,0.6641622318302841,0.18,-0.07694450605953664
1777029847.8767745,tb1,-5.6434968372294524e-05,0.29990545422376014,0.17999999999999997,-0.09753554929055491
1777029847.8986056,tb3,-0.655750432456371,0.9683514673812446,0.18,-0.09876632222107344
1777029847.9217877,tb2,0.16797849650174612,1.7578398918610598,0.18000000000000002,-0.5685018474302747
1777029847.9255905,tb7,0.6001896096467865,0.6571657946267934,0.18,-0.07705203782337697
1777029847.9270256,tb1,-0.00905402805641997,0.3008172505485448,0.18,-0.09781074841299993
1777029847.9493442,tb3,-0.6604527510250562,0.9760763745719997,0.18,-0.10045191772829064
1777029847.9714682,tb2,0.17454069214972204,1.7513081853326893,0.18000000000000002,-0.5452157713115255
1777029847.975289,tb7,0.594446686409747,0.6501914249738682,0.18,-0.07735481413352618
1777029847.9767983,tb1,-0.018047210191160637,0.3017729306625814,0.18,-0.09809588952551157
1777029847.9986343,tb3,-0.665117576960356,0.9838249549961992,0.18,-0.10235476543268342
1777029848.0214539,tb2,0.18090823981414142,1.7446030749327024,0.18,-0.5251355098288206
1777029848.02539,tb7,0.5886768412304658,0.6432391636304589,0.18,-0.07792016590001567
1777029848.0268028,tb1,-0.02703574940987035,0.30277261341867506,0.18,-0.09833681193506262
1777029848.0487194,tb3,-0.6697440870687472,0.9915974863657315,0.18,-0.10404627286755455
1777029848.0721128,tb2,0.1870862834520802,1.737736721167834,0.18,-0.48814424097874787
1777029848.0753555,tb7,0.5828799367082083,0.6363091341906193,0.18,-0.07866692042892762
1777029848.0767796,tb1,-0.03601939905793753,0.3038164112211629,0.18,-0.09855719354018234
1777029848.0986788,tb3,-0.6743313829681943,0.9993943130245596,0.18,-0.10569848276068357
1777029848.1215394,tb2,0.1870862834520802,1.737736721167834,0.18,-0.5846898089642548
1777029848.1253831,tb7,0.5828799367082083,0.6363091341906193,0.18,-0.08301390309490007
1777029848.1272225,tb1,-0.04499791732095196,0.30490441990112566,0.18000000000000002,-0.08528735761354744
1777029848.1487234,tb3,-0.678878508465816,1.0072156078650272,0.18,-0.10729857486417416
1777029848.1715307,tb2,0.19307796693541515,1.7307274958312377,0.18,-0.5693329078717285
1777029848.1753616,tb7,0.5770557317930715,0.6294015569411159,0.18,-0.08374683975886547
1777029848.1768167,tb1,-0.04499791732095196,0.30490441990112566,0.18,-0.09471395224108872
1777029848.1986766,tb3,-0.6833845879875359,1.015061529488661,0.18000000000000002,-0.1089122482634562
1777029848.2215588,tb2,0.1989023034075874,1.7235273858376154,0.18,-0.5338762705170533
1777029848.2253387,tb7,0.5712023794595531,0.6225160838887958,0.18,-0.08423824868589978
1777029848.226917,tb1,-0.05396591767594173,0.3060331264732322,0.18,-0.09602940302980092
1777029848.2485867,tb3,-0.687848793255452,1.0229322811547616,0.18,-0.11050206311967609
1777029848.2715344,tb2,0.2045117480186468,1.7161718699998838,0.18,-0.500717266981926
1777029848.2753558,tb7,0.5653200889427642,0.6156548022811574,0.18,-0.0848633214915904
1777029848.2768362,tb1,-0.06293252434222178,0.3072030203861863,0.18,-0.09652966661261211
1777029848.2986372,tb3,-0.6922702722760564,1.030828000138032,0.18,-0.11204389132790436
1777029848.3214798,tb2,0.2099111513536811,1.7086807233234447,0.18,-0.47249121874920935
1777029848.3254032,tb7,0.5594088312910718,0.6088181375248305,0.18,-0.08564614266145991
1777029848.3267944,tb1,-0.07189395494234083,0.30841585232299373,0.18,-0.0969048791579019
1777029848.3485215,tb3,-0.6966482019054393,1.038748791725889,0.18,-0.11362046285668384
1777029848.371531,tb2,0.21511131315775942,1.7010679003558533,0.18,-0.44891930666149304
1777029848.3753355,tb7,0.5534684470506543,0.6020063413300393,0.18,-0.08656154525520669
1777029848.3768115,tb1,-0.08084965382196273,0.30967189971843573,0.18,-0.09721963220960914
1777029848.3993769,tb3,-0.7009817867090937,1.046694782604478,0.18,-0.09753746827694408
1777029848.4215145,tb2,0.2201226309145426,1.6933442830333048,0.18,-0.4288225430433024
1777029848.425314,tb7,0.547498710986542,0.5952197171239267,0.18,-0.08760300856342128
1777029848.4267504,tb1,-0.08979933285970036,0.31097131983646975,0.18,-0.0974976200052399
1777029848.448609,tb3,-0.7009817867090937,1.046694782604478,0.18,-0.1048663414483437
1777029848.4714582,tb2,0.2249537654447646,1.6855195298317174,0.18,-0.4116871304265852
1777029848.4753017,tb7,0.5414993432748761,0.588458631474859,0.18,-0.08874410750726541
1777029848.4767659,tb1,-0.09874274006825877,0.31231423895570726,0.18,-0.09772496164034836
1777029848.4986207,tb3,-0.7052701076366515,1.0546578086986815,0.17999999999999997,-0.10796904968304741
1777029848.521528,tb2,0.22961246230775584,1.677600982976171,0.18,-0.3969207181784652
1777029848.5253153,tb7,0.5354700468795924,0.5817235233948472,0.18,-0.08998079217577429
1777029848.5268035,tb1,-0.10767961112807334,0.3137007568308538,0.18,-0.09792065324564979
1777029848.548738,tb3,-0.7095191481601227,1.06264515041746,0.18,-0.11062461163738485
1777029848.5715823,tb2,0.23410468325879863,1.6695951453018147,0.18,-0.383807866991632
1777029848.5754306,tb7,0.5294104916051611,0.5750148592509086,0.17999999999999997,-0.09129948785356597
1777029848.576889,tb1,-0.11660969854783833,0.31513094599768654,0.18,-0.09808433451978538
1777029848.5986261,tb3,-0.7137261193452361,1.0706563823856377,0.18000000000000002,-0.11322418287028141
1777029848.6214013,tb2,0.2384354720349019,1.6615087052759305,0.18,-0.37200933329339925
1777029848.6253371,tb7,0.5233202475999175,0.5683331330812627,0.18,-0.09265219532966881
1777029848.6267664,tb1,-0.1255327657132688,0.3166048696346182,0.18000000000000002,-0.09823901123095283
1777029848.648765,tb3,-0.7178895927581233,1.078691852110876,0.18,-0.1156946469233586
1777029848.6716166,tb2,0.2384354720349019,1.6615087052759305,0.18,-0.43241278939296074
1777029848.675277,tb7,0.517198957785874,0.5616789513160892,0.18,-0.06582758597359467
1777029848.6767755,tb1,-0.1344485668742006,0.31812257053821413,0.18,-0.09835778331577974
1777029848.6987607,tb3,-0.7220081636180931,1.0867517893637142,0.18,-0.1181631796088166
1777029848.7215683,tb2,0.2426096491056501,1.653346948615261,0.18,-0.4202765265548201
1777029848.7253501,tb7,0.517198957785874,0.5616789513160892,0.18,-0.09652269033562945
1777029848.726853,tb1,-0.1344485668742006,0.31812257053821413,0.18,-0.09392181967106684
1777029848.7485993,tb3,-0.7260805942230514,1.0948365763472674,0.18,-0.12062952360018443
1777029848.7715504,tb2,0.24662929296059344,1.6450793538917519,0.18,-0.3973799596774241
1777029848.775317,tb7,0.5110579760311504,0.5550566909073826,0.18,-0.10042749622654368
1777029848.776861,tb1,-0.1433567472482248,0.31968405377070785,0.18,-0.09399564795120938
1777029848.7987342,tb3,-0.7301055697366184,1.102946402439696,0.18,-0.12301010377801656
1777029848.8215559,tb2,0.25047009814633786,1.636734458179648,0.18,-0.37602280360392054
1777029848.825396,tb7,0.5048806919818838,0.5484516286233387,0.18,-0.10157263279100957
1777029848.826899,tb1,-0.15225551193645767,0.32128785510870445,0.18,-0.09445428906764283
1777029848.8487341,tb3,-0.7340818616986835,1.111081507814942,0.18,-0.12540440780884296
1777029848.8715773,tb2,0.2541374582280759,1.628323976750029,0.18,-0.35790733622773396
1777029848.8753436,tb7,0.49866964789399076,0.5418760747815292,0.18,-0.1024816381826716
1777029848.8768575,tb1,-0.1611467083135134,0.3229334639007112,0.18,-0.09488644939558953
1777029848.8986375,tb3,-0.7380082550333865,1.1192420748598981,0.18,-0.12782438188442413
1777029848.921504,tb2,0.2576408380498033,1.6198546377265564,0.18,-0.34252973051987606
1777029848.9255867,tb7,0.49242501305675695,0.5353316787170754,0.18,-0.1034316648099968
1777029848.9269843,tb1,-0.1700302672411448,0.32462103148351606,0.18,-0.09523523499751219
1777029848.948714,tb3,-0.7380082550333865,1.1192420748598981,0.18,-0.11662213896395215
1777029848.971528,tb2,0.26098867001387954,1.6113316953200525,0.18,-0.3295756018600125
1777029848.975354,tb7,0.48614663502627464,0.5288190018377097,0.18,-0.10440595319959871
1777029848.9768233,tb1,-0.17890592050468865,0.32635073330514835,0.18,-0.09554886133647747
1777029848.998657,tb3,-0.7418834246636749,1.127428259041547,0.18000000000000002,-0.11895770220401913
1777029849.0216854,tb2,0.2641880746781434,1.6027593022950883,0.18,-0.3185332710543335
1777029849.0253778,tb7,0.4798343142818844,0.5223385433875719,0.18,-0.10541977683348279
1777029849.0268853,tb1,-0.18777340176283625,0.32812270573939745,0.18,-0.09578321333141367
1777029849.0487003,tb3,-0.7457068026139991,1.1356336495055228,0.18,-0.12256731103174817
1777029849.0714831,tb2,0.26724480105744053,1.5941411228045141,0.18,-0.3085553237262036
1777029849.0754051,tb7,0.47348786678202187,0.515890824193032,0.18,-0.10646166270522577
1777029849.0768528,tb1,-0.1966324433427038,0.32993705272201723,0.18,-0.09597971804441234
1777029849.0986893,tb3,-0.7494821515597829,1.1438626548459494,0.18,-0.1262101188214448
1777029849.1215048,tb2,0.2701635928435584,1.585480492213793,0.18,-0.2999485645090971
1777029849.125307,tb7,0.46710708424465347,0.5094763631142415,0.18,-0.10751551683565456
1777029849.126866,tb1,-0.20548279262849198,0.3317938420248763,0.18,-0.09613091327050854
1777029849.148612,tb3,-0.7532080711533345,1.15211608159275,0.18000000000000002,-0.1297969222267243
1777029849.1716034,tb2,0.2729486107589755,1.5767805056057,0.18,-0.2923651674232503
1777029849.1752787,tb7,0.46069177707670883,0.5030957093636638,0.18,-0.10858043585268431
1777029849.1767619,tb1,-0.21432420423760223,0.33369311803882795,0.18,-0.09625669777153927
1777029849.1985903,tb3,-0.7568827726394022,1.1603943593526027,0.18,-0.13331052630078558
1777029849.2215939,tb2,0.2729486107589755,1.5767805056057,0.18,-0.33765226751375016
1777029849.2256029,tb7,0.4542417684886017,0.4967494157171224,0.18,-0.1096559579372537
1777029849.2268355,tb1,-0.22315644016121716,0.33563490067787327,0.18,-0.09633233195287
1777029849.248797,tb3,-0.7605044599385931,1.168697777337405,0.18,-0.1367423288454892
1777029849.2715304,tb2,0.2756033167948499,1.5680436164734695,0.18,-0.3293893376160116
1777029849.2753484,tb7,0.4542417684886017,0.4967494157171224,0.18,-0.1107624636906739
1777029849.2767813,tb1,-0.22315644016121716,0.33563490067787327,0.17999999999999997,-0.0915136819405909
1777029849.298594,tb3,-0.7640714138191024,1.1770267189158485,0.18,-0.14025358286068887
1777029849.3215244,tb2,0.2781251240037325,1.5592470112474892,0.18,-0.31396518633874865
1777029849.3253605,tb7,0.4477568438237389,0.49043801641065715,0.17999999999999997,-0.11169136829507267
1777029849.32681,tb1,-0.23197922368430696,0.3376191812583451,0.18,-0.09152971424138924
1777029849.3485491,tb3,-0.7675818518665805,1.185381497826493,0.18,-0.14369605622736834
1777029849.371494,tb2,0.28049933721164977,1.5504142280506557,0.18,-0.29953014345967904
1777029849.3753188,tb7,0.4412368160262384,0.4841621024929108,0.18000000000000002,-0.1125793195547052
1777029849.376775,tb1,-0.24079054940489233,0.33964431219442415,0.18,-0.09197267612391337
1777029849.3987,tb3,-0.7710339731882575,1.1937623567549673,0.18,-0.14708334147618504
1777029849.4214664,tb2,0.2827310167925066,1.5415517960021703,0.18,-0.28698664504940696
1777029849.4253268,tb7,0.4346816265972009,0.4779223003029679,0.18,-0.11345707993260262
1777029849.426808,tb1,-0.24959255219432996,0.3417097554423125,0.18,-0.0923739013137062
1777029849.4485972,tb3,-0.774426028153613,1.202169417737481,0.18,-0.1505642315545816
1777029849.4715748,tb2,0.2848268603509538,1.5326629117760053,0.18,-0.27620621164167053
1777029849.4753673,tb7,0.4280911965203867,0.47171912776589864,0.18,-0.11432430685382669
1777029849.476921,tb1,-0.258385175754737,0.34381563975161195,0.18,-0.09269781222813658
1777029849.498687,tb3,-0.777756338019579,1.2106028285575805,0.18,-0.15404874449687098
1777029849.5215166,tb2,0.2867927608989567,1.5237500998467757,0.18,-0.26666463230196064
1777029849.5253854,tb7,0.4214654513712472,0.4655530911244024,0.18,-0.11517662579404848
1777029849.5269048,tb1,-0.26716816488134276,0.34596210533707616,0.18,-0.09297091736138273
1777029849.5485866,tb3,-0.7810231473009639,1.2190628819167548,0.18,-0.15762191850212645
1777029849.5715492,tb2,0.28863383150596317,1.5148158445474846,0.18,-0.2584051043453691
1777029849.5753374,tb7,0.4148043047250229,0.45942468736421804,0.18000000000000002,-0.11600461930485131
1777029849.576822,tb1,-0.2759412664995742,0.3481492612993853,0.18,-0.09319346318813841
1777029849.598795,tb3,-0.7810231473009639,1.2190628819167548,0.18,-0.14479800620999733
1777029849.62165,tb2,0.290354671561657,1.5058619023881084,0.18,-0.25112224481067685
1777029849.625394,tb7,0.40810770496104565,0.45333444842562226,0.18000000000000002,-0.11681034422577333
1777029849.6269135,tb1,-0.28470422572420545,0.35037718789983086,0.18,-0.09334849417837947
1777029849.648781,tb3,-0.7842246332821595,1.2275496798639638,0.18,-0.14825913988264078
1777029849.6714807,tb2,0.29195916506821656,1.4968903266020317,0.17999999999999997,-0.24447467905331752
1777029849.6752965,tb7,0.40137559661493916,0.4472828803181219,0.18,-0.11758244993079728
1777029849.6768022,tb1,-0.2934568042733097,0.3526459382497578,0.18,-0.09347457596838388
1777029849.6986744,tb3,-0.7873600726491157,1.2360552416557633,0.18,-0.1534301767244408
1777029849.7214882,tb2,0.29345086938686743,1.4879027470773216,0.18,-0.23865657591341458
1777029849.7252965,tb7,0.3946079464965114,0.4412705015785803,0.18,-0.11832406327211506
1777029849.7268186,tb1,-0.3021987640945912,0.3549555357098736,0.18,-0.09354938410280758
1777029849.7485933,tb3,-0.790433550308667,1.2445853491992347,0.18,-0.15868776129266035
1777029849.7715256,tb2,0.2948328456557774,1.478900551986267,0.18,-0.23339829419499483
1777029849.7753003,tb7,0.3878047574611751,0.4352978235986345,0.18,-0.11903627732144537
1777029849.7767775,tb1,-0.31092987590022003,0.35730597955621735,0.18,-0.09359788028717508
1777029849.7987099,tb3,-0.7934429457661825,1.253140890366113,0.18,-0.16387163905938412
1777029849.8214462,tb2,0.2961076857348532,1.469885097653,0.18,-0.22848666124680367
1777029849.8253033,tb7,0.38096604168313175,0.4293653337179881,0.18,-0.11971683652719191
1777029849.8267484,tb1,-0.3196499235769592,0.3596972474634119,0.18,-0.09361669785104113
1777029849.848738,tb3,-0.7963856713409867,1.261722222768019,0.18,-0.1690785413829329
1777029849.8715494,tb2,0.29727774717116057,1.4608578316238419,0.18000000000000002,-0.22406872915171894
1777029849.8753462,tb7,0.3740918358867964,0.423473510731499,0.18,-0.12036510916062984
1777029849.8768475,tb1,-0.32835869705292653,0.3621293026688214,0.18,-0.09359674071229143
1777029849.8986478,tb3,-0.7992591184764702,1.270329602016966,0.18,-0.1743503729432264
1777029849.921904,tb2,0.29727774717116057,1.4608578316238419,0.18,-0.2555286787894839
1777029849.9257731,tb7,0.3671821583707938,0.41762281899271825,0.18,-0.09822196212545563
1777029849.9274237,tb1,-0.3370559868105314,0.3646020898780381,0.18,-0.09350472525725859
1777029849.9487557,tb3,-0.8020606601577317,1.2789633669105531,0.18,-0.17960556202893707
1777029849.971497,tb2,0.2983452920978933,1.4518194892040384,0.18,-0.250114320708135
1777029849.9753516,tb7,0.3671821583707938,0.41762281899271825,0.18,-0.1207189242845422
1777029849.976825,tb1,-0.3370559868105314,0.3646020898780381,0.18,-0.08821317615789187
1777029849.9987342,tb3,-0.8047875329903648,1.2876237264327084,0.18,-0.1849678501945103
1777029850.0216448,tb2,0.2993049577153982,1.4427558523502535,0.17999999999999997,-0.24077826817695572
1777029850.0254126,tb7,0.36024745882417325,0.41181597257535896,0.18,-0.12343303013509445
1777029850.0268853,tb1,-0.34574153145458353,0.3671155072063177,0.18,-0.08812249685262344
1777029850.0486739,tb3,-0.8074369661319157,1.2963107822313846,0.18,-0.19044367391170497
1777029850.0715,tb2,0.30015013649985856,1.4336838929893712,0.18,-0.23182222085713314
1777029850.0753078,tb7,0.35327337498063816,0.40604160548319623,0.18,-0.12393060704792146
1777029850.0767787,tb1,-0.35441335626922454,0.369667603092171,0.18,-0.08852927279307944
1777029850.0986433,tb3,-0.8100061240819594,1.3050247641085517,0.18,-0.1960158760418179
1777029850.121533,tb2,0.3008847322493953,1.4246070350517313,0.18000000000000002,-0.22400478878290347
1777029850.1253817,tb7,0.34626320096816243,0.4003093920612016,0.18,-0.12418568021295871
1777029850.1269221,tb1,-0.36307385791955465,0.37225790724457336,0.18,-0.08888305127672473
1777029850.149103,tb3,-0.812492080006097,1.3137656403203088,0.18,-0.20160417641235298
1777029850.1715968,tb2,0.3015133278650334,1.4155262015685948,0.17999999999999997,-0.21702459064607008
1777029850.1753917,tb7,0.3392175186439844,0.39462056584042465,0.18,-0.12440657017642735
1777029850.1769524,tb1,-0.37172299517678564,0.374886536523497,0.18,-0.08918774277289863
1777029850.1987112,tb3,-0.812492080006097,1.3137656403203088,0.18,-0.18685460469013374
1777029850.2215962,tb2,0.3020398287101976,1.406442613091625,0.18,-0.21076054720945442
1777029850.2253668,tb7,0.3321365606276735,0.38897551041826733,0.18,-0.12460727135517329
1777029850.2267797,tb1,-0.38036053305071044,0.3775536047974493,0.18,-0.08945761267044228
1777029850.2487595,tb3,-0.8148918201482533,1.3225329724593489,0.18,-0.19264045615784056
1777029850.2716322,tb2,0.3024678276289709,1.397357097523669,0.18,-0.20511613540612475
1777029850.2753282,tb7,0.3250205448189238,0.3833745475364761,0.18,-0.12478634979558491
1777029850.2768278,tb1,-0.38898622847991926,0.38025920331300034,0.18,-0.08964723803310026
1777029850.2987347,tb3,-0.8172053328670347,1.3313175520586666,0.18,-0.20062939095866794
1777029850.3214648,tb2,0.30280047365741425,1.3882704824308103,0.18,-0.1998944828859906
1777029850.3254366,tb7,0.3178696904350416,0.3778179786685839,0.18,-0.12494314502040973
1777029850.3267994,tb1,-0.397599841416884,0.3830033957845021,0.18,-0.0898031316715923
1777029850.3487194,tb3,-0.8194357145288099,1.3401268470109131,0.17999999999999997,-0.20887371039962968
1777029850.3714814,tb2,0.30280047365741425,1.3882704824308103,0.18,-0.22457095657990483
1777029850.375352,tb7,0.3106842277496998,0.37230609919197216,0.18,-0.12508313028526463
1777029850.376853,tb1,-0.4062011431430958,0.385786212605867,0.18,-0.08991510190299648
1777029850.398647,tb3,-0.8215792560186942,1.3489619204447378,0.18,-0.21723970174974086
1777029850.4216182,tb2,0.30304071448004677,1.3791837246331624,0.18,-0.21935573586332938
1777029850.4254038,tb7,0.3106842277496998,0.37230609919197216,0.18,-0.12413105732443531
1777029850.4268792,tb1,-0.4062011431430958,0.385786212605867,0.18,-0.08421668027554002
1777029850.44868,tb3,-0.8236315017833641,1.3578229224680607,0.18,-0.22575323853934035
1777029850.471476,tb2,0.30318467783394715,1.3700846082651428,0.18,-0.21079559734752332
1777029850.4754138,tb7,0.3034644122184331,0.3668392036879105,0.18,-0.12417095861858188
1777029850.4768178,tb1,-0.4147898661307572,0.3886076414507195,0.18,-0.08427869091708833
1777029850.4988194,tb3,-0.8255879073681726,1.3667099976337884,0.18000000000000002,-0.2344378577468523
1777029850.5215714,tb2,0.3032280204970222,1.3609871795523283,0.18,-0.20279732255483326
1777029850.5253496,tb7,0.2962110138249863,0.36141761671300887,0.18,-0.12428893203352372
1777029850.5268958,tb1,-0.42336389058688834,0.39146554369193265,0.18,-0.08483656477426611
1777029850.5486953,tb3,-0.827443840296857,1.375622942768617,0.18,-0.24352735012437354
1777029850.5715375,tb2,0.3031745915855506,1.3518939454404493,0.18,-0.1955960745407297
1777029850.575365,tb7,0.2889240751733114,0.356041146941096,0.18,-0.12438480964838085
1777029850.5767767,tb1,-0.4319258723430689,0.394359573203809,0.18,-0.08538553646681521
1777029850.5987058,tb3,-0.8291946292688875,1.3845616552280873,0.18,-0.2529585333052057
1777029850.621553,tb2,0.30302858269726,1.3428055861104098,0.18,-0.18919752438164666
1777029850.6253858,tb7,0.2816038271919056,0.3507100232184555,0.18,-0.12445242062144778
1777029850.62687,tb1,-0.4404757833449283,0.39728993189278383,0.18,-0.08583774191187774
1777029850.6487021,tb3,-0.8291946292688875,1.3845616552280873,0.18,-0.23599819048047102
1777029850.67152,tb2,0.302793768317897,1.3337224458647494,0.18,-0.1834221409926137
1777029850.6754518,tb7,0.27425053372078656,0.3454245007529611,0.18,-0.12449191688232492
1777029850.6768084,tb1,-0.4490133566033991,0.4002568239743839,0.18,-0.08624240413913077
1777029850.698796,tb3,-0.8308353803564897,1.3935253730022192,0.18,-0.24571614101724257
1777029850.7214625,tb2,0.3024734379581914,1.3246448980538807,0.18,-0.17816334065127917
1777029850.725289,tb7,0.266864472354366,0.3401848218308858,0.18,-0.12450913646571311
1777029850.7267706,tb1,-0.4575383131234069,0.4032604008523905,0.18,-0.08658384292460072
1777029850.748812,tb3,-0.8323659346505622,1.4025021862000262,0.18,-0.2586463585407392
1777029850.7715347,tb2,0.30207041946270613,1.3155731834842739,0.18,-0.1733919156137121
1777029850.7753787,tb7,0.2594459290892529,0.33499121245094715,0.18,-0.12449584890727372
1777029850.7768219,tb1,-0.4660503975637746,0.4063007777121965,0.18,-0.08687043349554271
1777029850.7986794,tb3,-0.8337883413518589,1.4115017065790583,0.18,-0.2724018563839761
1777029850.8216832,tb2,0.30207041946270613,1.3155731834842739,0.18,-0.19297969000336862
1777029850.8253593,tb7,0.2519951995627566,0.32984388635185236,0.18,-0.12446421875118457
1777029850.8267941,tb1,-0.4745493795787616,0.4093780514694236,0.18,-0.08712826553175841
1777029850.848566,tb3,-0.8350966822986708,1.4205254359797859,0.18,-0.28664137403117984
1777029850.8716285,tb2,0.30158739753348285,1.3065078891741628,0.18,-0.18809271491068572
1777029850.8754475,tb7,0.2519951995627566,0.32984388635185236,0.18,-0.1229124739422929
1777029850.8769913,tb1,-0.4745493795787616,0.4093780514694236,0.18,-0.08105257780600034
1777029850.8986545,tb3,-0.8362833879917121,1.4295731584829725,0.18,-0.3014423183720465
1777029850.9214833,tb2,0.3010210269649004,1.297439537847722,0.18,-0.18080863150315415
1777029850.9253223,tb7,0.2445125888239957,0.32474304223812794,0.18,-0.1227931916096933
1777029850.9268255,tb1,-0.48303503133032816,0.41249230192167957,0.18,-0.08124638606609233
1777029850.9486513,tb3,-0.8373406574494511,1.4386442648447284,0.18,-0.317075385946089
1777029850.9715881,tb2,0.3003687350772688,1.2883792167259327,0.18,-0.17395926108627413
1777029850.9753294,tb7,0.2369991666710731,0.3196889504847672,0.18,-0.12279785504778594
1777029850.9768522,tb1,-0.4915050300337961,0.41564127556096503,0.18,-0.08197546588712899
1777029850.9986243,tb3,-0.8382605753459297,1.4477377818395394,0.18,-0.33375746947787494
1777029851.021624,tb2,0.29963389265520046,1.2793286433272846,0.18,-0.16774763576918678
1777029851.0253646,tb7,0.22945488412670711,0.31468112776117674,0.18,-0.12278264595150142
1777029851.0269396,tb1,-0.4999622441046686,0.4188246260904443,0.18,-0.08268075057480749
1777029851.0486472,tb3,-0.8390349943002451,1.4568526441413667,0.18,-0.3516818897930328
1777029851.0715256,tb2,0.2988199657112637,1.2702880773011371,0.18,-0.16210697147707587
1777029851.0754693,tb7,0.22187999666266633,0.3097197197114444,0.18,-0.12273464852819238
1777029851.0769184,tb1,-0.5084067052580952,0.4220426391580844,0.18,-0.08332572823906755
1777029851.0985625,tb3,-0.8396551101492981,1.4659878503677455,0.18,-0.371075227973541
1777029851.1215038,tb2,0.29793014443220234,1.2612575850339436,0.18,-0.15703019774179894
1777029851.1252992,tb7,0.2142748025660595,0.3048049153569008,0.18,-0.12266863440899778
1777029851.1268313,tb1,-0.5168381250408208,0.42529557890515163,0.18,-0.08391233512878536
1777029851.1486504,tb3,-0.8401116137263798,1.4751416203581613,0.18,-0.3921386940355696
1777029851.1716187,tb2,0.2969672177850572,1.2522370828530034,0.18,-0.1524242276021893
1777029851.1754332,tb7,0.20663961099480638,0.2999368908242606,0.18,-0.12256558549083905
1777029851.1768103,tb1,-0.5252562118597552,0.42858367236158185,0.18,-0.08443334347529588
1777029851.1988556,tb3,-0.8401116137263798,1.4751416203581613,0.18,-0.37239185964831134
1777029851.2214608,tb2,0.29593371737237156,1.2432268036476561,0.18,-0.14814042480281703
1777029851.2253273,tb7,0.1989747381779184,0.2951158093570246,0.18,-0.12244871607458198
1777029851.2267723,tb1,-0.5336606995040124,0.4319071253642861,0.18,-0.08490441949853633
1777029851.2487473,tb3,-0.8403943151021165,1.4843123062317383,0.18,-0.3954156045109054
1777029851.2715573,tb2,0.2948319934762389,1.234226771546007,0.18,-0.14425945681339017
1777029851.2754679,tb7,0.1912805112039713,0.2903418181699408,0.18,-0.12229638587757723
1777029851.2769392,tb1,-0.5420513086933276,0.4352661117585591,0.18,-0.08529549999975679
1777029851.2987866,tb3,-0.8405017552824836,1.4934794561558424,0.18,-0.42553250747907345
1777029851.3215034,tb2,0.2936641235003963,1.2252369814364978,0.18,-0.1406293401171504
1777029851.3254137,tb7,0.18355725816867913,0.2856150508825319,0.18,-0.12213366511770989
1777029851.3268206,tb1,-0.5504277671845669,0.4386607660016255,0.18,-0.08569186711987462
1777029851.3486984,tb3,-0.840431773394852,1.5026591513211283,0.18,-0.4586436458095336
1777029851.3714452,tb2,0.29243218517364944,1.2162577264672654,0.18,-0.13732175047993786
1777029851.3752964,tb7,0.17580532515565944,0.2809356274711805,0.18,-0.12196013742871922
1777029851.3767445,tb1,-0.5587898530535773,0.44209122175785154,0.18,-0.08605284818966107
1777029851.3986113,tb3,-0.8401693749424833,1.511850903496596,0.18,-0.49458361810134316
1777029851.4217598,tb2,0.29113798263609214,1.2072888789268283,0.18,-0.11741426649749026
1777029851.425384,tb7,0.16802504517280192,0.27630365024257825,0.18,-0.12176335177229063
1777029851.4267707,tb1,-0.5671373109795196,0.445557587874438,0.18,-0.08637795739830705
1777029851.4487607,tb3,-0.8396974287239095,1.521050499333712,0.18,-0.5339559698771661
1777029851.47152,tb2,0.29113798263609214,1.2072888789268283,0.18,-0.14823346773048995
1777029851.475323,tb7,0.16802504517280192,0.27630365024257825,0.18,-0.11951958367624062
1777029851.4769506,tb1,-0.5671373109795196,0.445557587874438,0.18,-0.0797736210104348
1777029851.4987025,tb3,-0.8389972435702975,1.5302543856318491,0.18,-0.5771810737537194
1777029851.5215235,tb2,0.28978758368125285,1.1983360204087221,0.18,-0.1465994249048507
1777029851.5254595,tb7,0.16021676319012307,0.27171921896999923,0.18,-0.11925398345984477
1777029851.5269172,tb1,-0.575469903279151,0.4490599525861559,0.18,-0.08003899912374356
1777029851.5485485,tb3,-0.8380477837882262,1.5394564331345197,0.18,-0.6248496492311456
1777029851.5716107,tb2,0.288374543070725,1.1893804567266129,0.18,-0.14169483246357348
1777029851.5754197,tb7,0.15238186933724426,0.267182466603368,0.18,-0.11919363317216011
1777029851.576888,tb1,-0.5837852310153778,0.45259577001249884,0.18,-0.08093894489328764
1777029851.5986822,tb3,-0.8368259787871924,1.5486491625267003,0.18,-0.6772763674393621
1777029851.6215196,tb2,0.2868959844648958,1.180436754006034,0.18,-0.13688314164007778
1777029851.625337,tb7,0.1445201397799389,0.2626926080786047,0.18,-0.11912420968990893
1777029851.6269388,tb1,-0.5920864839583703,0.45616485702969767,0.18,-0.0818191769808768
1777029851.6491036,tb3,-0.835304459851367,1.5578241062287845,0.18,-0.6572796433770679
1777029851.6715713,tb2,0.2853542756639993,1.171506289868791,0.18,-0.13257317855259615
1777029851.6753979,tb7,0.1366318181153798,0.25824970305900447,0.18,-0.11901860265780416
1777029851.6768925,tb1,-0.6003736793743304,0.4597676107642144,0.18,-0.08263694487760564
1777029851.6987274,tb3,-0.835304459851367,1.5578241062287845,0.18,-0.7216962946365386
1777029851.721472,tb2,0.28375194551525457,1.1625888258947041,0.18,-0.12859114807928587
1777029851.7253962,tb7,0.12871721214739232,0.25385388096051764,0.18,-0.11888090190944413
1777029851.7267745,tb1,-0.6086464764982251,0.46340438847600496,0.18,-0.08337571127520856
1777029851.748695,tb3,-0.8334779099725789,1.566940675105727,0.18,-0.7985142595953834
1777029851.7714918,tb2,0.2820911955660984,1.1536841177326715,0.18,-0.12499142976504371
1777029851.7753634,tb7,0.12077664282961549,0.24950525865452108,0.18,-0.11872126862791442
1777029851.7768295,tb1,-0.6169045124414879,0.46707548585261977,0.18,-0.0840338992898164
1777029851.7986288,tb3,-0.8313272908356939,1.5760167992013283,0.18,-0.8838933410357627
1777029851.8215811,tb2,0.2803739170940842,1.1447919038826904,0.18,-0.12168776610232332
1777029851.8254309,tb7,0.11281043275059995,0.24520393593168702,0.18,-0.11853536296580226
1777029851.8268936,tb1,-0.6251474524192332,0.47078114074271044,0.18,-0.08464656564252315
1777029851.8487175,tb3,-0.8288176873143394,1.5850388029024336,0.18,-0.976013575184978
1777029851.871749,tb2,0.27860192296498903,1.1359121615525087,0.18,-0.1052805354994699
1777029851.875336,tb7,0.10481891880169684,0.24094999992601399,0.18,-0.11834066165973117
1777029851.8768427,tb1,-0.6333750116981419,0.47452158316693455,0.18,-0.0852323109455565
1777029851.8986168,tb3,-0.8259068937958088,1.5939871066375475,0.18,-1.0710124034437953
1777029851.9218607,tb2,0.27860192296498903,1.1359121615525087,0.18,-0.1296111206170949
1777029851.9256368,tb7,0.10481891880169684,0.24094999992601399,0.18,-0.11563490674639175
1777029851.927654,tb1,-0.6415868972114975,0.4782970239863323,0.18,-0.08564985619725293
1777029851.9489944,tb3,-0.8225508958356768,1.60282626047153,0.17999999999999997,-1.1665755443525503
1777029851.9715817,tb2,0.2767807854869919,1.1270493761956941,0.18,-0.12773089547750222
1777029851.9753907,tb7,0.09680243676277582,0.23674351711583494,0.18,-0.11538054151487727
1777029851.9769492,tb1,-0.6415868972114975,0.4782970239863323,0.18,-0.07870845331679578
1777029851.9985836,tb3,-0.8187076675324746,1.6115158942178882,0.18000000000000002,-1.256438886628208
1777029852.021531,tb2,0.27490491520021565,1.1181877099850208,0.18,-0.123206568832929
1777029852.025378,tb7,0.08876255697703675,0.23258455006162645,0.18,-0.11534252419716004
1777029852.0268116,tb1,-0.6497827208068448,0.4821075653057778,0.18,-0.0791854193789778
1777029852.048692,tb3,-0.8143389413067553,1.6200054789456086,0.18,-1.3337771859517453
1777029852.0715806,tb2,0.27297249443012017,1.1093394194946795,0.18,-0.1187643809228129
1777029852.0754066,tb7,0.08069891570647095,0.2284721386066597,0.18,-0.11527516790412698
1777029852.076855,tb1,-0.6579601427597498,0.4859503544613625,0.18,-0.08027718020738545
1777029852.0986733,tb3,-0.809418844902539,1.628233651791198,0.18,-1.3924478972527539
1777029852.1216383,tb2,0.27098565185075035,1.1005055063237335,0.18,-0.11462147388162604
1777029852.125324,tb7,0.07261171000010878,0.22440631389454774,0.18,-0.11515848634478304
1777029852.1267893,tb1,-0.6661225891435134,0.4898255645795887,0.18,-0.081300036469483
1777029852.148628,tb3,-0.8039362262994003,1.6361360933287292,0.18,-1.427463023101651
1777029852.1715558,tb2,0.2689466625681124,1.0916856719052022,0.18000000000000002,-0.11068664741057357
1777029852.1753557,tb7,0.06450123884306408,0.22038719083544236,0.18,-0.11497600927336993
1777029852.176798,tb1,-0.6742699367077484,0.4937336405340503,0.18,-0.08216170481144516
1777029852.1985643,tb3,-0.8039362262994003,1.6361360933287292,0.17888308301324443,-1.5
1777029852.2216094,tb2,0.2668575750003569,1.0828795455003584,0.18,-0.10693134688802468
1777029852.2254686,tb7,0.05636782030726526,0.21641486569280546,0.18,-0.11472733121504873
1777029852.226828,tb1,-0.6824017684172089,0.4976749487579722,0.18,-0.08286531164272344
1777029852.248699,tb3,-0.7978997217044922,1.643648485838233,0.17604024055137568,-1.5
1777029852.2715166,tb2,0.26472026924548014,1.074086841482505,0.18,-0.10319515146342395
1777029852.2756035,tb7,0.04821179152145083,0.21248940644665554,0.18,-0.11440588289875435
1777029852.2768633,tb1,-0.6905176915087019,0.5016497701425502,0.18,-0.08338707441895446
1777029852.2986655,tb3,-0.7913548482659154,1.6506738767372493,0.17874658300086632,-1.5
1777029852.3215683,tb2,0.26253669060822243,1.065307486847046,0.18,-0.09948750978556054
1777029852.3253293,tb7,0.04003351553971484,0.20861084714159034,0.18,-0.11403069258917324
1777029852.3267927,tb1,-0.6986173537014677,0.5056583239287478,0.18,-0.08371277879786666
1777029852.3486838,tb3,-0.7843734123942172,1.6571209208410378,0.18,-1.4581581480290169
1777029852.3716166,tb2,0.2603088480354441,1.0565412544514552,0.18,-0.09601471408104939
1777029852.3752878,tb7,0.03183337655042359,0.2047791737086928,0.18,-0.11361435397659905
1777029852.3767753,tb1,-0.7067004014624095,0.5097007262344033,0.18,-0.08394948154240499
1777029852.3986483,tb3,-0.7768358637220633,1.6631029005138787,0.18,-1.3881677374132015
1777029852.4215643,tb2,0.2603088480354441,1.0565412544514552,0.18000000000000002,-0.1041858478343704
1777029852.4258208,tb7,0.023611737783176153,0.20099433390282279,0.18,-0.10018279949654003
1777029852.4268541,tb1,-0.7147665570679844,0.5137770172518809,0.18,-0.0840533263299626
1777029852.448614,tb3,-0.7688692603848476,1.6685290059944122,0.18,-1.3139344762411231
1777029852.4715195,tb2,0.2580385274629778,1.0477876394805774,0.18,-0.10054360533980583
1777029852.475363,tb7,0.023611737783176153,0.20099433390282279,0.18,-0.10997793449193224
1777029852.4768283,tb1,-0.7147665570679844,0.5137770172518809,0.18,-0.07656530445576304
1777029852.4985585,tb3,-0.7605761811751435,1.6733720453494596,0.18,-1.2432388240026444
1777029852.521676,tb2,0.25572344863226076,1.0390423387416816,0.18,-0.0958227859061041
1777029852.5253975,tb7,0.015374979667762882,0.19725589968124876,0.18,-0.1106213503691149
1777029852.5268588,tb1,-0.7228155165208711,0.517887143850189,0.18,-0.07651776272237035
1777029852.548634,tb3,-0.7520163375639035,1.6776475523891408,0.18,-1.1783762560245559
1777029852.5715554,tb2,0.25336440596634163,1.0303107660517477,0.18,-0.09124427027088988
1777029852.5753858,tb7,0.0071149587661360585,0.19355950692758842,0.18,-0.11029253850371855
1777029852.5768602,tb1,-0.7308450433904478,0.5220279252601455,0.18,-0.07709075278478576
1777029852.5986106,tb3,-0.7432409520069715,1.6813765586913918,0.18,-1.1189323178977713
1777029852.6215367,tb2,0.2509637445761987,1.021593023895179,0.18000000000000002,-0.08703045503874379
1777029852.6253188,tb7,-0.0011655229006781102,0.1899086810237767,0.18,-0.10983747932543621
1777029852.6267798,tb1,-0.738858704219349,0.5261994344558533,0.18,-0.07759057788584263
1777029852.6487348,tb3,-0.7342926365815102,1.6845816875529602,0.18,-1.0643519159632466
1777029852.6715345,tb2,0.24852378522444454,1.012888505877801,0.18,-0.08317053078633813
1777029852.6754062,tb7,-0.009465846658347286,0.18630366599758214,0.18,-0.10933681643777181
1777029852.676808,tb1,-0.7468564896576039,0.5304018828499915,0.18,-0.07795622013105916
1777029852.6987367,tb3,-0.7342926365815102,1.6845816875529602,0.18,-1.195272532636675
1777029852.721622,tb2,0.24604653377253605,1.0041965214526558,0.17999999999999997,-0.07963845174662801
1777029852.7254064,tb7,-0.0177856393746932,0.18274438629464776,0.18,-0.10882168732769398
1777029852.7269185,tb1,-0.7548381118499906,0.534635402642766,0.18,-0.07821903859492543
1777029852.7487388,tb3,-0.7252079564057229,1.6872849148239628,0.18,-1.1421766500845585
1777029852.7715206,tb2,0.243533807017921,0.995516577602545,0.18,-0.07639600935062686
1777029852.7753992,tb7,-0.02612453153457118,0.17923073214853222,0.18,-0.1083005709509691
1777029852.776864,tb1,-0.7628033139149796,0.5389000674023675,0.18,-0.07845442803301514
1777029852.7986574,tb3,-0.7159333942411907,1.6894820685734575,0.18,-1.0332268522628194
1777029852.8215656,tb2,0.24098726155654737,0.9868481837874752,0.17999999999999997,-0.07338616504931515
1777029852.8254552,tb7,-0.03448217999935375,0.17576257151258134,0.18,-0.10775461538066561
1777029852.8268518,tb1,-0.7707518780086446,0.5431959149950468,0.18,-0.07859923095635939
1777029852.8486226,tb3,-0.7065737191644145,1.6911332596052187,0.18,-0.9315917287034176
1777029852.871533,tb2,0.238408384266395,0.9781908795938528,0.18,-0.07057768233590003
1777029852.875357,tb7,-0.042858232673199,0.17233977332549605,0.18,-0.10720721380634508
1777029852.8768017,tb1,-0.7786836007496251,0.5475229567494385,0.18,-0.07868583398298068
1777029852.898609,tb3,-0.6971902046715033,1.69227713699064,0.18,-0.8535318016114719
1777029852.9214327,tb2,0.23579857712666588,0.9695442928986346,0.18,-0.06801307910377725
1777029852.925384,tb7,-0.05125233514056588,0.1689621920590684,0.18,-0.10665303686230411
1777029852.9268017,tb1,-0.7865982979017453,0.5518811678144411,0.18,-0.07873644802044792
1777029852.9486272,tb3,-0.687809691640002,1.692968063615639,0.18,-0.7964755473554981
1777029852.9715655,tb2,0.23579857712666588,0.9695442928986346,0.18,-0.07391285742157487
1777029852.9753208,tb7,-0.05966413502946749,0.1656296705069707,0.18,-0.10612010792899242
1777029852.976827,tb1,-0.7944958093532419,0.5562705043104033,0.18,-0.07878768735256886
1777029852.9987288,tb3,-0.6784425063335059,1.693252129043261,0.18,-0.7529789539699158
1777029853.02152,tb2,0.23315914884130412,0.9609080436678915,0.18,-0.07145508610646012
1777029853.0253315,tb7,-0.05966413502946749,0.1656296705069707,0.18,-0.10254826329321332
1777029853.0268261,tb1,-0.7944958093532419,0.5562705043104033,0.18,-0.07080842764106876
1777029853.0486069,tb3,-0.6690963124246975,1.6931622380358677,0.18,-0.7164351587254657
1777029853.0715892,tb2,0.23048831806224385,0.9522788721416076,0.18,-0.06843899632969837
1777029853.0754144,tb7,-0.06809324463733714,0.16234206659717992,0.18,-0.1020005102969067
1777029853.0768285,tb1,-0.8023759963710294,0.5606909185926016,0.18,-0.070839494411757
1777029853.0986745,tb3,-0.6597791962926338,1.6927226155424913,0.18,-0.6849554153777627
1777029853.1215782,tb2,0.2277866755394906,0.9436606203150957,0.18,-0.06574071020708686
1777029853.125408,tb7,-0.07653787304586905,0.15909895616343964,0.18,-0.10177481736807052
1777029853.1267884,tb1,-0.8102365230084502,0.5651389451755301,0.18,-0.0716941440866609
1777029853.148733,tb3,-0.650501241356475,1.6919547109646496,0.18,-0.6577965564956623
1777029853.1715717,tb2,0.2250557588157231,0.9350532687670281,0.18,-0.06347171340337825
1777029853.1754284,tb7,-0.08499872817404666,0.1558991182542555,0.18,-0.10157503410561862
1777029853.176888,tb1,-0.8180813589230942,0.5696148733270329,0.18,-0.0725601049888251
1777029853.1986983,tb3,-0.650501241356475,1.6919547109646496,0.18,-0.7694646470897031
1777029853.2216053,tb2,0.2222969547830053,0.9264561722040544,0.18,-0.0615796385395356
1777029853.2253852,tb7,-0.0934756548859033,0.1527424220112567,0.18,-0.10138288874210802
1777029853.226794,tb1,-0.8259104952949762,0.5741190876154824,0.18,-0.07344056989685298
1777029853.24875,tb3,-0.6412665225705231,1.6908762790696295,0.18,-0.7399760663211803
1777029853.2714334,tb2,0.2195113476287452,0.9178688147012827,0.18,-0.059971362658012166
1777029853.2752836,tb7,-0.10196840910637277,0.1496288439327639,0.18,-0.10119601484821875
1777029853.2767408,tb1,-0.8337236088059138,0.578651929225065,0.18,-0.07430645228625796
1777029853.2986732,tb3,-0.6320334594209667,1.689458860543006,0.18,-0.67854430343572
1777029853.3220158,tb2,0.2166998051598073,0.9092908013345823,0.18,-0.046262392793789554
1777029853.3253977,tb7,-0.11047673933789413,0.1465583691361156,0.18,-0.1009861114192051
1777029853.3268123,tb1,-0.8415203582740809,0.5832137268042457,0.18,-0.07511895092748591
1777029853.3486717,tb3,-0.6228777207310359,1.687702710060902,0.18,-0.6234335067783588
1777029853.3715901,tb2,0.2166998051598073,0.9092908013345823,0.18,-0.06317001795865147
1777029853.3754146,tb7,-0.11047673933789413,0.1465583691361156,0.18,-0.09719366820422276
1777029853.3771908,tb1,-0.849300395643082,0.5878047839625891,0.18,-0.06430006009159672
1777029853.3985643,tb3,-0.6138167100764338,1.6856409498549114,0.18,-0.5809633654994806
1777029853.4215837,tb2,0.21386694727322722,0.9007255347503677,0.18,-0.06295544562191747
1777029853.4253662,tb7,-0.1190003866645985,0.14353098263815048,0.18,-0.09696152676286506
1777029853.4268026,tb1,-0.849300395643082,0.5878047839625891,0.18,-0.06757697814460105
1777029853.4487078,tb3,-0.6048478035196923,1.6833041906557138,0.18,-0.5485056593873092
1777029853.4715283,tb2,0.2110079618336183,0.8921618402540706,0.18,-0.06123102165846826
1777029853.4753265,tb7,-0.1275373400266593,0.14054641730182466,0.18,-0.09708200947357502
1777029853.4767864,tb1,-0.8570604284091755,0.5924206829409999,0.18,-0.06941133863799526
1777029853.4986737,tb3,-0.5959666693880492,1.6807143699128775,0.18,-0.5217183307049401
1777029853.521517,tb2,0.20812212198327704,0.8836074573724249,0.18,-0.05966289471492865
1777029853.525344,tb7,-0.13608856249587897,0.1376033576253692,0.18,-0.09721496316408483
1777029853.5269077,tb1,-0.8648063045052523,0.5970629214162818,0.18,-0.07104759904659325
1777029853.5486128,tb3,-0.5871731682842001,1.6778899053583867,0.18,-0.4998911120694113
1777029853.5715451,tb2,0.20521026131224368,0.8750628136333095,0.18,-0.058395205330427885
1777029853.5754356,tb7,-0.14465402644775693,0.1347018092404862,0.18,-0.09732190452135989
1777029853.5767982,tb1,-0.8725369266525773,0.6017322808608245,0.18,-0.07265348125218647
1777029853.5987973,tb3,-0.5871731682842001,1.6778899053583867,0.18,-0.592428160787315
1777029853.621621,tb2,0.20227310914155192,0.8665275507345935,0.18,-0.057391130788974454
1777029853.62535,tb7,-0.15323354608080997,0.13184190404453242,0.18,-0.09742720832662734
1777029853.6268198,tb1,-0.8802516434795414,0.6064293870216934,0.18,-0.07420515903013349
1777029853.6487715,tb3,-0.5784653150799762,1.674844525311622,0.18,-0.5706127186082844
1777029853.6714678,tb2,0.1993112418281678,0.8580014224563723,0.18,-0.05659131893303054
1777029853.6753047,tb7,-0.16182693013007163,0.1290237640305959,0.18,-0.09751533868973561
1777029853.6768334,tb1,-0.8879499336366109,0.6111548599047625,0.18,-0.07573996474401351
1777029853.6986184,tb3,-0.5698081888102321,1.671549365406191,0.17999999999999997,-0.5262715166630545
1777029853.7215276,tb2,0.19632511386545212,0.8494842197008826,0.18,-0.05596293371879597
1777029853.7253454,tb7,-0.17043398634675205,0.12624750695528533,0.18,-0.09757698993260772
1777029853.7268443,tb1,-0.8956312578820191,0.6159092817268205,0.18,-0.07723831914792638
1777029853.7487292,tb3,-0.561259713914598,1.668009190798418,0.18,-0.48571049039460845
1777029853.7716422,tb2,0.19331506829589423,0.8409757832437633,0.18,-0.05547702061099541
1777029853.7753222,tb7,-0.17905451098474912,0.12351324266476742,0.18,-0.09763049310475526
1777029853.7768567,tb1,-0.903295104343413,0.6206932355211792,0.18,-0.07870778275192378
1777029853.7986696,tb3,-0.5528296712513411,1.66424866944924,0.18,-0.45366474482155567
1777029853.8216999,tb2,0.1902813922860589,0.8324760250090992,0.18,-0.05119943423900977
1777029853.8252692,tb7,-0.1876883026436158,0.12082106810212355,0.18,-0.09767967051315739
1777029853.826757,tb1,-0.9109409516967755,0.6255072975841933,0.18,-0.08018508690144963
1777029853.848634,tb3,-0.5445114143078328,1.6602892057071676,0.18,-0.4287815579635056
1777029853.8716729,tb2,0.1902813922860589,0.8324760250090992,0.18,-0.058293878842568966
1777029853.87546,tb7,-0.1876883026436158,0.12082106810212355,0.18,-0.09355640014517617
1777029853.8775775,tb1,-0.9185682710338182,0.6303520197672859,0.18,-0.06451620400676156
1777029853.8986297,tb3,-0.5362985631400956,1.6561471776165784,0.17999999999999997,-0.4092401776662116
1777029853.9217255,tb2,0.18722558315030827,0.8239859817901629,0.18,-0.05829595192136794
1777029853.9255493,tb7,-0.19633515928085893,0.11817107379173591,0.18,-0.09355746341319521
1777029853.92698,tb1,-0.9185682710338182,0.6303520197672859,0.18,-0.07270053767030465
1777029853.948908,tb3,-0.5281863621850351,1.6518356646349572,0.18,-0.39411075962086184
1777029853.9716763,tb2,0.18414531514610502,0.8155016804939026,0.18,-0.057715661827116654
1777029853.9754026,tb7,-0.20499285311948826,0.11556296986176094,0.18,-0.0939755043325682
1777029853.9768426,tb1,-0.9261725680769977,0.6352209892118826,0.18,-0.07567985312708878
1777029853.9986453,tb3,-0.5201705295941479,1.64736406742802,0.18,-0.38073365639597023
1777029854.021515,tb2,0.18104037002374057,0.8070264612753814,0.18,-0.057258226679047355
1777029854.0253675,tb7,-0.2136626621154213,0.11299539799392684,0.18,-0.09439366214536692
1777029854.0269024,tb1,-0.9337627324246547,0.6401181661253178,0.18,-0.07808621124087024
1777029854.048492,tb3,-0.5122494079415674,1.6427405277306057,0.18,-0.36960202687662647
1777029854.0714748,tb2,0.17791103580986073,0.7985605031552391,0.18,-0.056978883023977425
1777029854.0753028,tb7,-0.22234462716294917,0.11046849716527289,0.18,-0.0947808388167036
1777029854.0767787,tb1,-0.9413356851781783,0.6450445116810013,0.17999999999999997,-0.08041510084743382
1777029854.0985737,tb3,-0.5044214040787489,1.6379717160685332,0.18,-0.3367482383420115
1777029854.1215858,tb2,0.17475752463104982,0.7901037122376023,0.18,-0.05685731184660964
1777029854.1253834,tb7,-0.2310386013029829,0.10798252584708255,0.18,-0.09512628696966098
1777029854.1269257,tb1,-0.948890374694139,0.6500008809037521,0.18,-0.08265129164889765
1777029854.148605,tb3,-0.5044214040787489,1.6379717160685332,0.18,-0.4260695673156679
1777029854.1714637,tb2,0.17157996326078553,0.7816560331334184,0.18,-0.056857860543045584
1777029854.1753333,tb7,-0.23974443867652395,0.10553772874291803,0.18,-0.0954566907438283
1777029854.1767597,tb1,-0.9564260721931163,0.6549881970966712,0.18000000000000002,-0.08489902465193636
1777029854.1986089,tb3,-0.4966881518328375,1.6330705199419508,0.18,-0.417990540371868
1777029854.2215908,tb2,0.16837840327455653,0.7732174431229635,0.18,-0.05697326749636943
1777029854.225321,tb7,-0.2484619674168725,0.10313433927160913,0.18,-0.0957612555076089
1777029854.2267559,tb1,-0.9639419485505746,0.660007290330239,0.18,-0.08710183136589028
1777029854.2487922,tb3,-0.4890234992110059,1.6279994744386406,0.18,-0.39496565656318444
1777029854.27163,tb2,0.16515283862580055,0.7647879583754438,0.18,-0.057147612209678365
1777029854.2753947,tb7,-0.2571910183793143,0.10077256946042948,0.18,-0.09603326228126667
1777029854.2768655,tb1,-0.9714372292519802,0.6650589416835481,0.18,-0.08925459119146786
1777029854.2986424,tb3,-0.4814714336656168,1.6227717869521439,0.18,-0.37306792317441456
1777029854.3218772,tb2,0.16190321832740995,0.7563676314617468,0.18,-0.03919922985889937
1777029854.3253865,tb7,-0.26593142050189117,0.09845261908551019,0.18,-0.09629125717799764
1777029854.3267581,tb1,-0.9789112044324619,0.6701439987853919,0.18000000000000002,-0.09141283729662159
1777029854.3486073,tb3,-0.4740345535046381,1.6174008918806144,0.18,-0.35528970955066397
1777029854.371598,tb2,0.16190321832740995,0.7563676314617468,0.18,-0.05937710365264242
1777029854.3753831,tb7,-0.26593142050189117,0.09845261908551019,0.18,-0.09187422161391993
1777029854.3769536,tb1,-0.9789112044324619,0.6701439987853919,0.18,-0.08186237301244793
1777029854.3985994,tb3,-0.4667077686418564,1.6118975550325376,0.18,-0.34103991837392555
1777029854.4214764,tb2,0.15863567833322248,0.7479617461042272,0.18,-0.061183135073330765
1777029854.4253538,tb7,-0.2746830002438424,0.09617467701493983,0.18,-0.09208319728071489
1777029854.4268498,tb1,-0.9863630879047176,0.6752632550680364,0.18000000000000002,-0.0839117304135745
1777029854.4486177,tb3,-0.4594859358906539,1.6062697432429829,0.18,-0.32936516807363525
1777029854.471478,tb2,0.15534365286843005,0.7395567172677553,0.18,-0.061233388024449505
1777029854.4752986,tb7,-0.2834432840763021,0.09393837396054358,0.18,-0.09273550113431522
1777029854.4767907,tb1,-0.9937893947079616,0.6804124196474732,0.18,-0.08706213425884451
1777029854.4986215,tb3,-0.45236549722660574,1.6005238140692066,0.18,-0.3195822079299097
1777029854.5214915,tb2,0.15202594607654427,0.7311610213274266,0.18,-0.06121604977163501
1777029854.5253346,tb7,-0.29221387719091885,0.09174236180053782,0.18,-0.09336884090492309
1777029854.526828,tb1,-1.001195035881747,0.6855928621857197,0.18,-0.09022944199615625
1777029854.5485694,tb3,-0.44534400551428,1.5946652726278354,0.18,-0.31127248008125763
1777029854.571613,tb2,0.14868255113023052,0.7227755042917213,0.18,-0.061296068170745704
1777029854.5754626,tb7,-0.3009948440307318,0.08958686107819833,0.18,-0.09394043007686338
1777029854.576849,tb1,-1.0085796596626218,0.6908059190355829,0.18,-0.09330262801415408
1777029854.5985672,tb3,-0.4384195537552278,1.5886989244175782,0.18,-0.30425610968090283
1777029854.621488,tb2,0.14531349813846228,0.7144002544472701,0.18,-0.06146562785791306
1777029854.6253264,tb7,-0.30978605677639814,0.08747223533085309,0.18,-0.09448711826389487
1777029854.6268196,tb1,-1.0159422175696808,0.6960528157033565,0.18,-0.0962887905609481
1777029854.6487122,tb3,-0.4384195537552278,1.5886989244175782,0.18,-0.3524021681224993
1777029854.6715138,tb2,0.14191876767419512,0.7060353160748898,0.18,-0.06172579781422019
1777029854.675501,tb7,-0.31858737194302134,0.08539882677164383,0.18,-0.09496161918266267
1777029854.6767762,tb1,-1.0232815710625627,0.701334692593247,0.18,-0.09920304087121043
1777029854.698726,tb3,-0.4315906056700765,1.5826288764909142,0.18,-0.3447952230942124
1777029854.7215343,tb2,0.13849828969383113,0.6976807520716881,0.18,-0.06205239149392474
1777029854.725437,tb7,-0.327398634044017,0.08336696005952304,0.18,-0.0954185604603792
1777029854.7267842,tb1,-1.0305966603756762,0.7066526914475222,0.18,-0.1020415951485322
1777029854.7485826,tb3,-0.42484711868205743,1.5764330719449668,0.18,-0.3292030946669109
1777029854.7715201,tb2,0.13505196211437803,0.6893366622588504,0.18,-0.06242266133894954
1777029854.7753897,tb7,-0.3362196641170278,0.08137692360238218,0.18,-0.0958383125075306
1777029854.7768655,tb1,-1.0378863270912635,0.7120077925788675,0.17999999999999997,-0.10481411430430922
1777029854.7986336,tb3,-0.4182153167452587,1.5701239311766444,0.17999999999999997,-0.3149592907613245
1777029854.8214839,tb2,0.131579658843223,0.6810031645442645,0.17999999999999997,-0.06283442207797377
1777029854.825308,tb7,-0.3450502959526352,0.07942897903101434,0.18,-0.09622969338024465
1777029854.8268356,tb1,-1.0451495322160673,0.717400919768262,0.18,-0.10757692276502516
1777029854.8487737,tb3,-0.41169498924923914,1.5637100165251991,0.18,-0.3030486731953696
1777029854.8717303,tb2,0.12808123533505314,0.6726803912800511,0.18,-0.06329377472809321
1777029854.8754225,tb7,-0.3538903552364941,0.07752337108326193,0.18,-0.09657557026720327
1777029854.8768175,tb1,-1.0523852895697796,0.7228330078124469,0.18,-0.1103116875121115
1777029854.8986595,tb3,-0.40528217653586535,1.5571976860093528,0.18,-0.292899296396311
1777029854.9215157,tb2,0.12808123533505314,0.6726803912800511,0.18,-0.0642025022494135
1777029854.9253273,tb7,-0.3627396710709176,0.07566033564783879,0.18,-0.08665695638102161
1777029854.926729,tb1,-1.0595926167247338,0.7283051207643756,0.18,-0.11301958136256741
1777029854.9485726,tb3,-0.3989734477013778,1.550592679355459,0.18,-0.28455689529468586
1777029854.9715908,tb2,0.12455649897383446,0.6643684593197364,0.18,-0.0645986286730296
1777029854.9754906,tb7,-0.3627396710709176,0.07566033564783879,0.18,-0.09210199501164953
1777029854.9769392,tb1,-1.0595926167247338,0.7283051207643756,0.18,-0.10237870651453222
1777029854.9986594,tb3,-0.3927651652466396,1.543899171714515,0.18,-0.2776043450765431
1777029855.021506,tb2,0.12100509597001653,0.656067423721039,0.18,-0.06499034856621654
1777029855.0253215,tb7,-0.37159327500920947,0.07383870992434194,0.18,-0.0933464694248075
1777029855.0267882,tb1,-1.0667703030200402,0.7338180968902891,0.18,-0.10498600177603626
1777029855.048558,tb3,-0.3866550739757082,1.5371210963584503,0.18,-0.2715665527467145
1777029855.0715013,tb2,0.11742687841040376,0.6477776990016134,0.18,-0.06544100556528908
1777029855.0754187,tb7,-0.38045726044701283,0.07205635956615694,0.18,-0.09407579038159129
1777029855.0769703,tb1,-1.073914785455163,0.7393667601528982,0.18,-0.10878923136972345
1777029855.0986311,tb3,-0.38064119493733584,1.5302616559495792,0.18,-0.2664798963159574
1777029855.121665,tb2,0.113821697561898,0.6394994449023496,0.18,-0.06595169196469387
1777029855.125351,tb7,-0.3893299713666778,0.0703151210359044,0.18,-0.0947205863173005
1777029855.126906,tb1,-1.0810314063601443,0.7449534430598237,0.18,-0.11263378752820724
1777029855.148627,tb3,-0.38064119493733584,1.5302616559495792,0.18,-0.30181415703769876
1777029855.1715696,tb2,0.11018936759512919,0.631232802048883,0.18000000000000002,-0.06650948931792214
1777029855.1754587,tb7,-0.39821111433559925,0.0686155051720436,0.18,-0.09528855395254185
1777029855.1767857,tb1,-1.0881192481518087,0.7505796772093025,0.18,-0.11638178905531986
1777029855.1986272,tb3,-0.37472206818053383,1.5233237175069048,0.18,-0.296225576727933
1777029855.221487,tb2,0.10652967054574923,0.6229779387858145,0.18,-0.06710605919432287
1777029855.2253475,tb7,-0.4071005166520092,0.06695790074476901,0.18,-0.0958261791204691
1777029855.2268002,tb1,-1.0951768723101267,0.7562468757447832,0.18,-0.11999973385277035
1777029855.248663,tb3,-0.3688925752330496,1.5162908739057144,0.18,-0.28566369681060333
1777029855.2715147,tb2,0.10284238343415386,0.6147350535255158,0.18,-0.06772984995857319
1777029855.2753475,tb7,-0.4159979773610538,0.06534264382336695,0.18,-0.09630915925178031
1777029855.276861,tb1,-1.102202717673365,0.7619562494318373,0.18,-0.1235315984642969
1777029855.2986324,tb3,-0.36317032113011316,1.5091740772395077,0.18,-0.2757160456840721
1777029855.321662,tb2,0.09912726977909538,0.6065043450940906,0.18,-0.068379110355594
1777029855.3253224,tb7,-0.42490332640891654,0.06377003226182308,0.18,-0.09675421958812927
1777029855.3267863,tb1,-1.1091953611595817,0.7677089581089479,0.18,-0.12703926017308217
1777029855.3486333,tb3,-0.35755450554887735,1.5019794997745135,0.18,-0.26717984885691914
1777029855.3715763,tb2,0.09912726977909538,0.6065043450940906,0.18,-0.06853001966112063
1777029855.3752553,tb7,-0.43381638567417297,0.06224034881738077,0.18,-0.09716715688795909
1777029855.3767765,tb1,-1.1161534292855495,0.7735062465070629,0.18,-0.13047358935196332
1777029855.3986452,tb3,-0.3520418776391555,1.4947115039072603,0.18,-0.2599087143908177
1777029855.4214947,tb2,0.09538406084390241,0.5982860141091949,0.18,-0.06911703957572374
1777029855.4253583,tb7,-0.43381638567417297,0.06224034881738077,0.18,-0.09207213135204069
1777029855.4267902,tb1,-1.1161534292855495,0.7735062465070629,0.18,-0.11880262061453944
1777029855.4486477,tb3,-0.3466293365020952,1.4873736259254287,0.18,-0.2536472343920552
1777029855.4715889,tb2,0.091612690207815,0.5900804284798891,0.18000000000000002,-0.06977609910020585
1777029855.4753523,tb7,-0.4427368635002623,0.060753860210333986,0.17999999999999997,-0.09243166214559917
1777029855.4768336,tb1,-1.123075346664873,0.779349127024918,0.18,-0.12206840473715465
1777029855.498645,tb3,-0.3413143407606684,1.4799687859964188,0.18,-0.24815406893043568
1777029855.5216596,tb2,0.08781294404344511,0.581887621947988,0.18,-0.07046694531380938
1777029855.525396,tb7,-0.451662123177241,0.059309802392241026,0.18,-0.09325810246990189
1777029855.5268555,tb1,-1.129957181789059,0.7852317339873559,0.18,-0.12676464702280504
1777029855.5485399,tb3,-0.3360949455401093,1.4724997848981465,0.18,-0.24328125413841872
1777029855.571506,tb2,0.08398456552945231,0.5737077919666129,0.18,-0.07119334142297712
1777029855.5753694,tb7,-0.4605941719115647,0.057906929749420195,0.18,-0.09405942714076118
1777029855.5767708,tb1,-1.1368046392588447,0.7911569801719674,0.18,-0.13148971690421443
1777029855.5986586,tb3,-0.33096945124134247,1.4649689304758924,0.18,-0.23904315243892976
1777029855.6215024,tb2,0.08012729621904031,0.5655411835379753,0.18,-0.07195608201331351
1777029855.6253786,tb7,-0.4695330367492184,0.05654557371586266,0.18,-0.09478856462147847
1777029855.6268163,tb1,-1.1436164300999963,0.7971265237263742,0.18,-0.13610111922283352
1777029855.648568,tb3,-0.32593652857911876,1.4573783885372433,0.18,-0.23509670159532298
1777029855.671597,tb2,0.07624086248680573,0.5573880240797896,0.18,-0.07274971672500394
1777029855.6753905,tb7,-0.4784785615441662,0.0552261525707138,0.18,-0.09545303534623704
1777029855.676833,tb1,-1.1503908330910266,0.80314188518482,0.18,-0.14063532339256618
1777029855.698721,tb3,-0.32593652857911876,1.4573783885372433,0.18,-0.260748888867569
1777029855.7216208,tb2,0.07232496892133317,0.549248555498921,0.18,-0.07356971906999743
1777029855.725362,tb7,-0.4874305653096972,0.05394905620984123,0.18,-0.09606452560122337
1777029855.726805,tb1,-1.1571259565158054,0.8092044510598666,0.18,-0.14513408405178974
1777029855.748593,tb3,-0.3209951002792168,1.4497301837536156,0.18,-0.25636849242710386
1777029855.7715058,tb2,0.06837930005841802,0.5411230360506415,0.18,-0.07440835657029204
1777029855.7754214,tb7,-0.496388873615557,0.052714644229305926,0.18,-0.09661226811441015
1777029855.7768626,tb1,-1.1638200048251228,0.8153156465181727,0.18,-0.14958027978109067
1777029855.7986042,tb3,-0.31614304812207356,1.4420120485440069,0.18,-0.24864501200531144
1777029855.8216639,tb2,0.06440354658026105,0.5330117541919364,0.18,-0.07525442964722577
1777029855.825354,tb7,-0.5053532867301215,0.05152325219474352,0.18,-0.09712376155340322
1777029855.826801,tb1,-1.170471059701408,0.8214767926510185,0.18,-0.15404497655917063
1777029855.848576,tb3,-0.311392150746417,1.4342338595418647,0.18,-0.24130000584808173
1777029855.87161,tb2,0.060397352745002596,0.5249149738788635,0.18000000000000002,-0.07610417269572538
1777029855.875411,tb7,-0.5143236222541795,0.050375187890551794,0.18,-0.09757452862317807
1777029855.8768728,tb1,-1.1770772701452787,0.8276893248875624,0.18,-0.1584599408577197
1777029855.8987586,tb3,-0.30674107414012036,1.4263999459250716,0.18,-0.2348796323390993
1777029855.9222953,tb2,0.060397352745002596,0.5249149738788635,0.18000000000000002,-0.07542076062919542
1777029855.92577,tb7,-0.5232996634781434,0.049270735357955175,0.18,-0.09795317073851982
1777029855.927267,tb1,-1.1836366024842915,0.8339544947500651,0.18,-0.16282051194956365
1777029855.948802,tb3,-0.3021870871910829,1.4185131966256468,0.18,-0.2291294684314919
1777029855.9716594,tb2,0.05636039409022719,0.5168330202464774,0.18,-0.0762123231729942
1777029855.9753454,tb7,-0.5232996634781434,0.049270735357955175,0.18,-0.09254014297748717
1777029855.9772031,tb1,-1.1901470725382954,0.8402734641997949,0.18,-0.13999496408068487
1777029855.998647,tb3,-0.29772768773415503,1.4105761060337352,0.18,-0.22391180749538214
1777029856.0215633,tb2,0.0522929497889508,0.5087666291762996,0.18,-0.07715537664430742
1777029856.0253742,tb7,-0.5322811861940017,0.04821013859003485,0.18,-0.0928842105562086
1777029856.026914,tb1,-1.1901470725382954,0.8402734641997949,0.18,-0.15368178358847617
1777029856.0487142,tb3,-0.2933606697466976,1.4025907758483944,0.18,-0.21925169136129388
1777029856.0716414,tb2,0.048194748946589865,0.5007153840620693,0.18,-0.07810522634944157
1777029856.0753818,tb7,-0.5412652692980392,0.04719254664050087,0.18,-0.09374469925945532
1777029856.0769649,tb1,-1.1966028078665782,0.8466352118399876,0.18,-0.16063093282107785
1777029856.0985713,tb3,-0.2890841862606973,1.3945594664740448,0.18,-0.21498116810663237
1777029856.1215312,tb2,0.04406539890190342,0.4926795175925444,0.18,-0.07905911572182735
1777029856.1253686,tb7,-0.5502542059514335,0.04621661910930862,0.18,-0.09457067429711304
1777029856.1268437,tb1,-1.203015527176631,0.8530488673063211,0.18,-0.16691981916815732
1777029856.1490524,tb3,-0.2848964245786402,1.3864840535747878,0.18,-0.18901352650205408
1777029856.17169,tb2,0.0399045201562279,0.484659392500573,0.18000000000000002,-0.08000970790697436
1777029856.1753662,tb7,-0.5592480346289984,0.045282713758502256,0.18,-0.09531580697713125
1777029856.1769342,tb1,-1.2093794194938572,0.8595157297213556,0.18,-0.17306803121289063
1777029856.1987092,tb3,-0.2848964245786402,1.3864840535747878,0.18,-0.23049938787109145
1777029856.2214649,tb2,0.03571174004654629,0.4766553586797666,0.18,-0.08097183599943865
1777029856.2253327,tb7,-0.5682465785372198,0.04439128185631514,0.18,-0.0959899423970304
1777029856.226768,tb1,-1.2156914805349313,0.8660375477299993,0.18,-0.17930685078356376
1777029856.2487385,tb3,-0.2807953657484421,1.3783758386317233,0.18,-0.2287331705383032
1777029856.271591,tb2,0.0314866968674686,0.46866777393311443,0.18000000000000002,-0.08192844745828104
1777029856.2753656,tb7,-0.5772496112713605,0.04354273032071404,0.18,-0.09659534009904604
1777029856.276831,tb1,-1.2219489010365092,0.872616026027605,0.18,-0.18559003285914802
1777029856.298741,tb3,-0.27677340036185405,1.370209234050522,0.18,-0.22208262451600325
1777029856.3216286,tb2,0.027229020329913135,0.4606969903662507,0.18,-0.08287527048134373
1777029856.3253655,tb7,-0.5862569387279272,0.04273742139753525,0.18,-0.09714294658331955
1777029856.3269148,tb1,-1.2281489096222686,0.879252947146347,0.18,-0.19198709403996428
1777029856.3486688,tb3,-0.272845888210982,1.3619984183406737,0.18,-0.2155260607645923
1777029856.371554,tb2,0.027229020329913135,0.4606969903662507,0.17999999999999997,-0.08160979052159952
1777029856.3753371,tb7,-0.595268338929565,0.04197568449719658,0.18,-0.09764078913884347
1777029856.376837,tb1,-1.234288600182707,0.8859501205282633,0.18,-0.19859398387584534
1777029856.398646,tb3,-0.2690116868130429,1.3537474105130884,0.18,-0.20963627524057118
1777029856.4216225,tb2,0.02293834412543455,0.4527433834716828,0.18,-0.08247761722711887
1777029856.4253776,tb7,-0.595268338929565,0.04197568449719658,0.18,-0.0918582577203845
1777029856.4267712,tb1,-1.234288600182707,0.8859501205282633,0.18,-0.18281816571615864
1777029856.4486253,tb3,-0.2652679612578137,1.3454582780588245,0.18,-0.20428166403937803
1777029856.471628,tb2,0.018615252526447662,0.4448079083579711,0.18,-0.08355725621769687
1777029856.4753747,tb7,-0.6042835381348541,0.04125781084947984,0.18,-0.09227575320675911
1777029856.4768527,tb1,-1.24036492683211,0.8927091955479548,0.18,-0.18927921542347925
1777029856.4985814,tb3,-0.2616122874614981,1.3371329527463192,0.18,-0.19936760280638832
1777029856.5216393,tb2,0.014259381824695326,0.43688985939837655,0.18,-0.08462516895342678
1777029856.5253763,tb7,-0.6132995334201968,0.04058273863766941,0.18,-0.09322667143670019
1777029856.5268598,tb1,-1.2463723180559925,0.8995211548891265,0.18,-0.19827371404582056
1777029856.5486667,tb3,-0.25804242317849563,1.328773289951142,0.18,-0.19491840527296156
1777029856.571488,tb2,0.009870318338843685,0.42898955370782776,0.18,-0.08567838491310711
1777029856.575381,tb7,-0.6223188065134753,0.039949202272650586,0.18,-0.09412943262844542
1777029856.5768392,tb1,-1.2523178561427397,0.9063915225588239,0.18,-0.20771556238555858
1777029856.599099,tb3,-0.2545562978850352,1.32038079603459,0.18,-0.18771723534141796
1777029856.6214833,tb2,0.005447653044468389,0.4211073866522106,0.18,-0.08670416081603341
1777029856.6253376,tb7,-0.6313413979863777,0.03935759718818151,0.18,-0.09494714028394936
1777029856.626908,tb1,-1.2581986411798127,0.9133234104462783,0.18,-0.21738343447408223
1777029856.6487339,tb3,-0.2545562978850352,1.32038079603459,0.18,-0.20587423972428523
1777029856.6716554,tb2,0.0009909964227212255,0.4132437884383609,0.18,-0.08770421334451213
1777029856.6754699,tb7,-0.6403671063965045,0.038808405866049236,0.18000000000000002,-0.09566085202264919
1777029856.676818,tb1,-1.2640104581749143,0.920319448016208,0.18,-0.22744368678103238
1777029856.6986914,tb3,-0.2511518132400735,1.3119580148633345,0.18,-0.20180735555458867
1777029856.7218852,tb2,-0.003500011876833501,0.4053991838643271,0.18,-0.08868287730032062
1777029856.7253742,tb7,-0.6493957034527023,0.038302064455694985,0.18,-0.09632969089854064
1777029856.7268767,tb1,-1.2697488200531966,0.9273821309753588,0.18,-0.23793172903958784
1777029856.7486606,tb3,-0.24782830859245958,1.3034952611703952,0.18,-0.1956038706934403
1777029856.7715409,tb2,-0.008025749178698286,0.3975739718649986,0.18,-0.08965293396001264
1777029856.7753246,tb7,-0.6584269781796093,0.037838964394695106,0.18,-0.09692497063237036
1777029856.7767627,tb1,-1.2754091233728275,0.9345145014003561,0.18,-0.24897862392513265
1777029856.7986858,tb3,-0.2445915708952554,1.2950014566374939,0.18,-0.1897444787498188
1777029856.821638,tb2,-0.008025749178698286,0.3975739718649986,0.18,-0.0878425144961247
1777029856.8254766,tb7,-0.6674606788871248,0.037419447995345065,0.18,-0.0963684583716401
1777029856.8268006,tb1,-1.280986113016283,0.9417188857995041,0.18,-0.2607085494303929
1777029856.8485863,tb3,-0.24143943191991046,1.2864790312943888,0.18,-0.18433129314456054
1777029856.8715932,tb2,-0.012586533135261348,0.3897685891685759,0.18,-0.08871945602843058
1777029856.8753738,tb7,-0.6674606788871248,0.037419447995345065,0.18,-0.09133320755435999
1777029856.8768184,tb1,-1.280986113016283,0.9417188857995041,0.18,-0.2415395479742582
1777029856.8986163,tb3,-0.23836932917514903,1.2779297264230676,0.18,-0.1794077155328525
1777029856.9216404,tb2,-0.017181545644310767,0.3819841352374677,0.18,-0.08984118376320986
1777029856.9253771,tb7,-0.6764960656364665,0.03704360618212277,0.18,-0.09187994552625026
1777029856.9268644,tb1,-1.2864745983275137,0.9489980963370362,0.18,-0.25363998439560764
1777029856.9486043,tb3,-0.23537882049882647,1.2693548454145338,0.18000000000000002,-0.17480980628838744
1777029856.9716022,tb2,-0.021811127474353802,0.3742197156538169,0.18,-0.09095232808640323
1777029856.9754605,tb7,-0.6855309050676434,0.03671015855230244,0.18,-0.09288751422408296
1777029856.9768653,tb1,-1.2918667508791635,0.9563392209818509,0.18,-0.2701705231825614
1777029856.9985442,tb3,-0.2324657822451174,1.260755796596502,0.18,-0.1705368283615119
1777029857.021483,tb2,-0.02647569510056947,0.3664756073100087,0.18,-0.09202655584855242
1777029857.0253646,tb7,-0.6945674848512089,0.036418120540293544,0.18,-0.09386293423190278
1777029857.026775,tb1,-1.2971708170889658,0.9637519659397807,0.18,-0.28819801393543554
1777029857.0485425,tb3,-0.2296281864308765,1.2521338261744566,0.18,-0.16657091281418585
1777029857.0715868,tb2,-0.031175624712623848,0.3587522856743877,0.18,-0.0930568004502471
1777029857.075301,tb7,-0.7036058128979548,0.036167916525022034,0.18,-0.09474243642471741
1777029857.0767765,tb1,-1.30238077074887,0.9712411018817947,0.18,-0.30761551860388486
1777029857.0985565,tb3,-0.22686421487741282,1.2434899458776938,0.18,-0.16282914971969425
1777029857.1214757,tb2,-0.035911256126671266,0.3510502130409826,0.18,-0.0940659259134764
1777029857.1253319,tb7,-0.712645654835402,0.03596003919856992,0.18,-0.09553025139082941
1777029857.1268184,tb1,-1.3074886456527897,0.9788107866780968,0.18,-0.3288025794361026
1777029857.1485562,tb3,-0.2241722270289872,1.2348252587083344,0.18,-0.15928220058030151
1777029857.1716871,tb2,-0.04068289899429311,0.3433698376012594,0.18,-0.09503445156063997
1777029857.175406,tb7,-0.7216867743448838,0.03579491972204284,0.18,-0.09624375086621252
1777029857.1768658,tb1,-1.3124857699797685,0.9864651672185779,0.18,-0.35224897477979583
1777029857.1986537,tb3,-0.2241722270289872,1.2348252587083344,0.18,-0.17048772022274994
1777029857.2218099,tb2,-0.045490848132529134,0.3357115922445064,0.18,-0.09598139740953364
1777029857.2254581,tb7,-0.7307289393788107,0.0356729457355098,0.18,-0.09690027801100548
1777029857.2268977,tb1,-1.3173627949342028,0.9942087486333178,0.18,-0.37848897776852514
1777029857.2487097,tb3,-0.22155067875918674,1.2261407388597865,0.18,-0.1668126985529357
1777029857.2715385,tb2,-0.050335404984128626,0.3280758928404931,0.18,-0.09691593421437697
1777029857.2753787,tb7,-0.7397719193408555,0.035594472992577446,0.18,-0.0975222596008172
1777029857.276983,tb1,-1.3221093391947234,1.0020472022169447,0.18,-0.4079572510167688
1777029857.2988281,tb3,-0.21899957559652972,1.2174303004937435,0.18,-0.16170634082703947
1777029857.321578,tb2,-0.05521685903711743,0.32046317822794784,0.18,-0.09780229984705122
1777029857.3254607,tb7,-0.7488154935460128,0.03555983719271619,0.18,-0.09807496517526074
1777029857.3268352,tb1,-1.3267127963927046,1.009986454336786,0.18,-0.4415127731861128
1777029857.3487668,tb3,-0.21652234552100927,1.2087006638973414,0.18,-0.15681056910746044
1777029857.3719614,tb2,-0.06013550867128306,0.3128738851657584,0.18,-0.07925098208851221
1777029857.3754015,tb7,-0.7578594283542995,0.03556936171636489,0.18,-0.09860618364013161
1777029857.3768318,tb1,-1.3311584079867116,1.018034543050654,0.18000000000000002,-0.4795696625214772
1777029857.3986154,tb3,-0.21411695324171504,1.199953586567499,0.18,-0.15227966624223793
1777029857.4214916,tb2,-0.06013550867128306,0.3128738851657584,0.18,-0.09618572762118857
1777029857.4253705,tb7,-0.7578594283542995,0.03556936171636489,0.18,-0.09201897049149435
1777029857.4267063,tb1,-1.3354278385388978,1.0261988483979412,0.18,-0.4944674480048066
1777029857.448548,tb3,-0.21178101994169163,1.191190255065279,0.18,-0.14814710911249374
1777029857.471561,tb2,-0.06508376083892757,0.30531278350582863,0.18,-0.09874660685680638
1777029857.475414,tb7,-0.7669034855094363,0.0356233428985888,0.18,-0.09244969795054742
1777029857.476804,tb1,-1.3354278385388978,1.0261988483979412,0.18,-0.49870672584800946
1777029857.4985676,tb3,-0.2095123257420224,1.1824113588916776,0.17999999999999997,-0.1442932721605067
1777029857.5216084,tb2,-0.07006943513170323,0.2977680348967176,0.18,-0.09981902215737494
1777029857.5254295,tb7,-0.7759443066347647,0.03572039003673242,0.18,-0.09352438835634955
1777029857.526936,tb1,-1.339500978446935,1.034471876007894,0.18,-0.5542487366907315
1777029857.5487063,tb3,-0.20730905393389404,1.1736176918312926,0.18,-0.1406643744160384
1777029857.5717068,tb2,-0.07509253362574217,0.29024681026524574,0.18,-0.10070079060924553
1777029857.5753577,tb7,-0.7849847322573636,0.035859140216100954,0.18,-0.09460256571406538
1777029857.5769088,tb1,-1.3433683574560933,1.042845429518398,0.18,-0.6274307003785298
1777029857.598604,tb3,-0.2051695339127413,1.164810083986685,0.18000000000000002,-0.13721191434970922
1777029857.6216373,tb2,-0.08015324262231761,0.2827502438966576,0.18,-0.10154961207417962
1777029857.6254358,tb7,-0.794024925437334,0.03603996352924106,0.18,-0.09558921600004988
1777029857.6267793,tb1,-1.3470235904836807,1.0513429961473195,0.18,-0.716237346141825
1777029857.64859,tb3,-0.2030921443847008,1.155989365484938,0.18,-0.13399714852752415
1777029857.6715152,tb2,-0.08525177888002021,0.2752788405540025,0.18,-0.10237697425597723
1777029857.675354,tb7,-0.8030646812752157,0.03626337949629903,0.18,-0.09653368480569627
1777029857.6768982,tb1,-1.350436190945387,1.0599799731189241,0.17999999999999997,-0.8239263664059092
1777029857.698564,tb3,-0.20107530887135275,1.1471562367494101,0.17999999999999997,-0.13097622078868848
1777029857.7216196,tb2,-0.09038835524683482,0.26783304294873433,0.18,-0.10317097863540252
1777029857.725454,tb7,-0.8121037425524986,0.03652988635937875,0.18,-0.09740525411622847
1777029857.726894,tb1,-1.353563837558534,1.0687696758263965,0.18,-0.9564717780646074
1777029857.7485979,tb3,-0.19911757622596246,1.1383113130896907,0.18000000000000002,-0.12813353488526294
1777029857.7716794,tb2,-0.09556316315196015,0.26041329297338056,0.18,-0.10395265746708864
1777029857.7754836,tb7,-0.8211418534628155,0.036839946154317425,0.18,-0.09825555611288904
1777029857.7767956,tb1,-1.3563547282182056,1.0777295292436522,0.18,-1.1201287317850837
1777029857.7985835,tb3,-0.19911757622596246,1.1383113130896907,0.18,-0.13611289422841175
1777029857.8216326,tb2,-0.10077638440840686,0.2530200148846482,0.18,-0.10472797089629651
1777029857.8253732,tb7,-0.8301787671051336,0.03719398482106233,0.18,-0.09910814953217213
1777029857.8268168,tb1,-1.358740415247885,1.0868751481664718,0.18,-1.3208323806164852
1777029857.8486223,tb3,-0.1972175722217858,1.1294551594663746,0.18,-0.1331695805923329
1777029857.871618,tb2,-0.10602820880870577,0.24565362839934754,0.18,-0.10548815858562921
1777029857.8754113,tb7,-0.8392142599154261,0.037592425975095864,0.18,-0.09993301809338852
1777029857.8767939,tb1,-1.3606315225216659,1.096225719067391,0.17338602380131793,-1.5
1777029857.8985813,tb3,-0.19537559057405038,1.1205834119810154,0.17999999999999997,-0.12922972164043164
1777029857.922048,tb2,-0.11131879941784745,0.238314577247338,0.18,-0.10614856613201751
1777029857.9257617,tb7,-0.8482480779704371,0.038035692502182084,0.18,-0.10061164897918524
1777029857.9270878,tb1,-1.361891803856923,1.1055993047643058,0.1486435057710704,-1.5
1777029857.9487588,tb3,-0.19359351640840478,1.1117009997819562,0.18,-0.12525112865365906
1777029857.971589,tb2,-0.1166482907995838,0.2310033053340838,0.18,-0.10651412657650262
1777029857.975313,tb7,-0.8572799185106036,0.03852416649139537,0.18,-0.1008288389396215
1777029857.9768062,tb1,-1.3624040159639603,1.1140850616435618,0.1309572986007669,-1.5
1777029857.998668,tb3,-0.191869726485012,1.1028090409754885,0.18,-0.12021868256159851
1777029858.021514,tb2,-0.12201667173813865,0.22372029264287102,0.18,-0.10651836263469582
1777029858.0252907,tb7,-0.866309349660894,0.039058095130184864,0.18,-0.10039644986119009
1777029858.026794,tb1,-1.3622884497172074,1.1215508935113003,0.11894216172187358,-1.5
1777029858.0486925,tb3,-0.1902023528238449,1.0939084546474593,0.18,-0.11422655727202502
1777029858.0717013,tb2,-0.12742378116064346,0.21646594766210345,0.18,-0.08897780700982508
1777029858.075249,tb7,-0.8753358456200914,0.039637457165214725,0.18,-0.09959780315760121
1777029858.0767376,tb1,-1.3616750765314007,1.128261617875963,0.11178315195809989,-1.5
1777029858.0985696,tb3,-0.18858918810628197,1.085000489901167,0.18,-0.10778564244995978
1777029858.1217055,tb2,-0.12742378116064346,0.21646594766210345,0.18,-0.1031319641756896
1777029858.125327,tb7,-0.8843589736616253,0.0402619474804494,0.18,-0.09860538104736245
1777029858.1267562,tb1,-1.3606292555291648,1.1344779295936978,0.10849404497260409,-1.5
1777029858.1486833,tb3,-0.18702754906236707,1.076086333847566,0.18,-0.10142244026601767
1777029858.1716285,tb2,-0.13286163653938948,0.20924426797960505,0.18,-0.1045233907615406
1777029858.1753826,tb7,-0.8843589736616253,0.0402619474804494,0.18,-0.09128317691588017
1777029858.1768937,tb1,-1.3606292555291648,1.1344779295936978,0.0953795642673304,-1.5
1777029858.1985493,tb3,-0.18551445428265903,1.06716689692833,0.18,-0.09535383267296238
1777029858.2216103,tb2,-0.13833803566671266,0.20204387126442303,0.18,-0.10446260751175658
1777029858.2253964,tb7,-0.8933781823633229,0.04093108811217694,0.18,-0.09026357424575551
1777029858.226814,tb1,-1.3591761702783318,1.1403716067131755,0.09454850782195774,-1.5
1777029858.2487679,tb3,-0.1840467955713203,1.0582430799251679,0.18,-0.0893307687489303
1777029858.2717044,tb2,-0.1438521394248489,0.1948716521038967,0.18,-0.10411802248974472
1777029858.2754242,tb7,-0.9023910349828255,0.04164246847818324,0.18,-0.08954244411123825
1777029858.2767766,tb1,-1.3574793267347571,1.1455366235710895,0.09861326092924501,-1.5
1777029858.2986195,tb3,-0.18262161206591512,1.0493151783143144,0.18,-0.08378458355883832
1777029858.3214982,tb2,-0.1494035928797949,0.1877283817598752,0.18,-0.10382662297360308
1777029858.3253565,tb7,-0.9114001160683196,0.04239463300083537,0.18,-0.0888977450778911
1777029858.32678,tb1,-1.3554035426945736,1.1505492965377528,0.10551417552973127,-1.5
1777029858.3485792,tb3,-0.18123607520992302,1.040383876404541,0.18,-0.07900419925054718
1777029858.3716362,tb2,-0.15499208249783236,0.18061425426776884,0.18,-0.10363029961994022
1777029858.3754978,tb7,-0.9204053935282784,0.043187179519295175,0.18,-0.08838457394542866
1777029858.3768196,tb1,-1.352846844092966,1.1556120478927294,0.11316952743395811,-1.4799589231388655
1777029858.3985696,tb3,-0.17988757369072575,1.0314492827436321,0.18,-0.07494329570736952
1777029858.4217086,tb2,-0.16061736811791008,0.17352933809217572,0.18,-0.1035662123476162
1777029858.425546,tb7,-0.929406773321969,0.04401977637266652,0.18,-0.08808468270192696
1777029858.4269586,tb1,-1.3497321763304306,1.160779918524205,0.11960622355893454,-1.4235986698769625
1777029858.448938,tb3,-0.17857394315408717,1.0225114625055385,0.18,-0.05440248545486567
1777029858.4714954,tb2,-0.166279256343111,0.16647372311589195,0.18,-0.10363098568775857
1777029858.4753013,tb7,-0.9384041728361207,0.04489216137311851,0.18,-0.0880127262731012
1777029858.476835,tb1,-1.3460247170886483,1.1660158441302693,0.1261812701724637,-1.3620469192635454
1777029858.498667,tb3,-0.17857394315408717,1.0225114625055385,0.18,-0.07693816844858976
1777029858.5215993,tb2,-0.17197761139775883,0.15944752688239647,0.18,-0.10374224102403683
1777029858.5254214,tb7,-0.94739754596477,0.04580417307237112,0.18,-0.08800137756013157
1777029858.5268493,tb1,-1.3417577004106043,1.1712140429279088,0.13253280948483623,-1.3011526808267395
1777029858.5486846,tb3,-0.17729053457580116,1.013578594159207,0.18,-0.0756246755553465
1777029858.5715456,tb2,-0.1777123302940595,0.15245092167290755,0.18,-0.10392393197281546
1777029858.5752993,tb7,-0.9563867981871381,0.046755753140230866,0.18,-0.0881391352789817
1777029858.5767643,tb1,-1.3369195581052067,1.1763529435172235,0.1385740049952772,-1.2437671885541115
1777029858.5987236,tb3,-0.17603530402610776,1.004631776520246,0.18,-0.07207443537199852
1777029858.6216826,tb2,-0.18348332848746196,0.14548410966164424,0.18,-0.10412484639684264
1777029858.6254077,tb7,-0.9653718119709505,0.04774689467614112,0.18,-0.08832268470676347
1777029858.626828,tb1,-1.3315355919809557,1.1813781567971502,0.14433253162375653,-1.1893035706863897
1777029858.6486685,tb3,-0.17481420601848682,0.995681046355058,0.18,-0.06877353667299473
1777029858.6716735,tb2,-0.18929052508618904,0.1385473253436408,0.18,-0.10435682104829802
1777029858.675312,tb7,-0.9743524479594847,0.04877764941421859,0.18,-0.08860118197586102
1777029858.676778,tb1,-1.3256321728527476,1.1862444494003712,0.1499394182825431,-1.1364550034810899
1777029858.6985817,tb3,-0.1736260432967093,0.9867275903391656,0.18,-0.06593073715950416
1777029858.7215202,tb2,-0.1951338594658808,0.1316408070396331,0.18,-0.10461008432465116
1777029858.7253895,tb7,-0.9833285636695663,0.04984810675364847,0.18,-0.08890660657003659
1777029858.7268283,tb1,-1.3192273370298087,1.190921692722889,0.15534992932845515,-1.0858065383667368
1777029858.748768,tb3,-0.17246917074248597,0.977771579561691,0.18,-0.06353963677000235
1777029858.7716563,tb2,-0.1951338594658808,0.1316408070396331,0.18,-0.10089985602328769
1777029858.7755926,tb7,-0.9833285636695663,0.04984810675364847,0.18,-0.08100034300848327
1777029858.7770555,tb1,-1.312348081509523,1.195378607430788,0.1406197985245515,-0.8968118116220486
1777029858.798632,tb3,-0.17134215210757528,0.968813043718243,0.18,-0.0614842944430538
1777029858.821569,tb2,-0.20101324436769674,0.1247648385576864,0.18,-0.1011175676876047
1777029858.825359,tb7,-0.9922999821700256,0.050958383570594075,0.18,-0.08135270085898907
1777029858.8268266,tb1,-1.312348081509523,1.195378607430788,0.1508076295166743,-1.1419327087283428
1777029858.8485863,tb3,-0.1702437656830681,0.9598521208154183,0.18,-0.05941307570744751
1777029858.871621,tb2,-0.20692677472374707,0.11792034188515078,0.18,-0.10154794548171903
1777029858.8755305,tb7,-1.0012631923113255,0.05210631579619852,0.18,-0.08206940709668102
1777029858.876854,tb1,-1.3058661959459341,1.1991332258610936,0.15706733654465183,-1.1368170997192604
1777029858.8986132,tb3,-0.16917292916335427,0.9508888713242484,0.18,-0.05779085250120612
1777029858.9215813,tb2,-0.2128748957151083,0.11110571384581282,0.18,-0.10203663267971683
1777029858.925435,tb7,-1.0102217969452327,0.05329065630483083,0.18,-0.08300784966683553
1777029858.9269598,tb1,-1.2987064970011675,1.2028015553182023,0.16461380392512012,-1.0493411871370353
1777029858.9486167,tb3,-0.16812863866609756,0.9419234131089375,0.18,-0.056466044458631945
1777029858.9714954,tb2,-0.21885767080738155,0.1043211718016341,0.18,-0.10251045440865221
1777029858.9753194,tb7,-1.0191758795684982,0.05451172766599218,0.18,-0.08398449658161182
1777029858.9768555,tb1,-1.2909906404800837,1.2062186553575982,0.17166285533117137,-0.9514126219549478
1777029858.998636,tb3,-0.16812863866609756,0.9419234131089375,0.18,-0.06044242808448683
1777029859.0217438,tb2,-0.2248751338193897,0.09756705829489142,0.18,-0.102933179928818
1777029859.0253184,tb7,-1.0281252887754917,0.055769977173600875,0.18,-0.08496162358705997
1777029859.0267756,tb1,-1.282764738254251,1.2093515735192095,0.17785447428354909,-0.8677198563749606
1777029859.0487344,tb3,-0.16711008568876531,0.9329556911862374,0.18,-0.05923201286053654
1777029859.0715318,tb2,-0.23092729240925355,0.0908437207946985,0.18,-0.10336845666495705
1777029859.0753663,tb7,-1.0370698037286326,0.057065863972015005,0.18,-0.08595560054654676
1777029859.076778,tb1,-1.274088266220836,1.212189493355796,0.18,-0.786104235625616
1777029859.0986786,tb3,-0.16611756587760268,0.9239833839113005,0.18,-0.05771724442432857
1777029859.1215332,tb2,-0.23701414417660727,0.08415148868054494,0.18,-0.10375086206612762
1777029859.1253521,tb7,-1.0460092157118543,0.05839985974949244,0.18,-0.08695176706907141
1777029859.1267762,tb1,-1.2651116869605705,1.214704320210536,0.18,-0.715549339472215
1777029859.1486392,tb3,-0.16515189182835885,0.9150087366415411,0.18,-0.056430611543757975
1777029859.171632,tb2,-0.24313566389135197,0.07749069672406327,0.18,-0.1040766901069937
1777029859.1754382,tb7,-1.0549432580789404,0.0597724165986937,0.18,-0.08788446576964448
1777029859.1767828,tb1,-1.2560349836011189,1.216871688010218,0.18,-0.6620329595963882
1777029859.1987765,tb3,-0.16421239311092023,0.9060319994274425,0.18,-0.05539278353292725
1777029859.2215238,tb2,-0.24929179901415016,0.07086166464082545,0.18,-0.10437765452174705
1777029859.2253199,tb7,-1.0638716798586576,0.06118397277896559,0.18,-0.08881117212221647
1777029859.2268012,tb1,-1.2469151058646275,1.2187123128213093,0.18,-0.620596091993202
1777029859.248592,tb3,-0.16329842649281015,0.8970532290075038,0.18,-0.05456884915451395
1777029859.2714844,tb2,-0.25548248531208406,0.06426468848957224,0.18,-0.10168181433755087
1777029859.2753296,tb7,-1.0727942347611903,0.06263495468450701,0.18,-0.0896943797770348
1777029859.2768004,tb1,-1.237761903234307,1.2202519533600964,0.18,-0.5871114009476033
1777029859.298753,tb3,-0.1624094481211471,0.8880724093882479,0.18,-0.05399079731876964
1777029859.3217726,tb2,-0.25548248531208406,0.06426468848957224,0.18,-0.10051584438597849
1777029859.3253276,tb7,-1.0727942347611903,0.06263495468450701,0.18,-0.08129948130070815
1777029859.3267767,tb1,-1.2285825513910615,1.2215102458650628,0.18,-0.5290824963247992
1777029859.3486774,tb3,-0.16154504474529047,0.879089546407389,0.18,-0.05361112689794681
1777029859.3714983,tb2,-0.2617063133411033,0.0577005567542387,0.18,-0.10101609769371503
1777029859.3753264,tb7,-1.0817106570230792,0.06412577568537073,0.18,-0.08212390665654457
1777029859.3767862,tb1,-1.2285825513910615,1.2215102458650628,0.18,-0.6892022263726265
1777029859.3986573,tb3,-0.16070492268621603,0.8701046043693924,0.18,-0.053432683572119645
1777029859.4215012,tb2,-0.26796284013219424,0.051168334576396676,0.18,-0.10161571590725677
1777029859.4253337,tb7,-1.090617043316761,0.06565407910322768,0.18,-0.08382468667437742
1777029859.4268088,tb1,-1.2193979746024939,1.2225083170900375,0.18,-0.668098067943999
1777029859.4486237,tb3,-0.159888902969491,0.8611175716277923,0.18,-0.053421834825679027
1777029859.4715512,tb2,-0.2742523953398266,0.04466755934331472,0.18,-0.10216484928737132
1777029859.4753299,tb7,-1.0995174710270148,0.06721884979084494,0.18,-0.08557669727370093
1777029859.4768078,tb1,-1.2101223346977075,1.2232315805471867,0.18,-0.6004013523597019
1777029859.4985316,tb3,-0.15909690422925657,0.8521284258234165,0.18,-0.05350549197026659
1777029859.5215478,tb2,-0.2805750514656894,0.038198561819617734,0.18,-0.10264367906071263
1777029859.5253263,tb7,-1.1084121541076688,0.06882081023955942,0.18,-0.08723194650627421
1777029859.526797,tb1,-1.200837521269158,1.2236410626000325,0.18,-0.536692823730363
1777029859.5485728,tb3,-0.15832893058180114,0.843137166098488,0.18,-0.05369344188329737
1777029859.5716624,tb2,-0.2869308204190736,0.03176173761601786,0.18,-0.10304831729036876
1777029859.5754123,tb7,-1.117300739898982,0.07046078866008114,0.18,-0.08879087427296037
1777029859.576871,tb1,-1.1915767351898772,1.2237628196266117,0.18,-0.4887835927588862
1777029859.5986729,tb3,-0.15832893058180114,0.843137166098488,0.18,-0.05617990391088617
1777029859.6214921,tb2,-0.2933196888135064,0.025357448740074427,0.18,-0.10342637542297964
1777029859.6253033,tb7,-1.1261829068264342,0.07213956850991933,0.18,-0.09032467554909099
1777029859.626802,tb1,-1.1823461586828048,1.2236312829615648,0.18,-0.4545561885812486
1777029859.648614,tb3,-0.15758504249866875,0.834143752576263,0.18,-0.05634665786380025
1777029859.6716082,tb2,-0.2997416269260053,0.018986033469095644,0.18,-0.10373870569372849
1777029859.6754425,tb7,-1.1350583202813942,0.07385793194613076,0.18,-0.09177816906277915
1777029859.6769211,tb1,-1.1731425932282238,1.2232742037259707,0.18,-0.42985648428330503
1777029859.6987574,tb3,-0.15686584195330638,0.8251472393217294,0.18,-0.056416957154296475
1777029859.7215288,tb2,-0.30619656192525746,0.012647823648879371,0.18,-0.10403923117809462
1777029859.7253845,tb7,-1.1439265803531693,0.0756166074587923,0.18,-0.0932594115161621
1777029859.7269266,tb1,-1.1639634631178954,1.222710142959224,0.18,-0.41027362754166213
1777029859.7486129,tb3,-0.15617196007357373,0.8161486657860837,0.18,-0.05661400175743628
1777029859.7716365,tb2,-0.3126844270656883,0.00634310687364618,0.18,-0.09104046794329414
1777029859.7754676,tb7,-1.152787362960745,0.07741629923681981,0.18,-0.09471823651071845
1777029859.7768822,tb1,-1.1548089520708755,1.2219521021871687,0.18,-0.39420371686369227
1777029859.7986434,tb3,-0.15550345987724237,0.8071481116004126,0.18,-0.05696576421716644
1777029859.821663,tb2,-0.3126844270656883,0.00634310687364618,0.18,-0.09985110178501468
1777029859.825552,tb7,-1.152787362960745,0.07741629923681981,0.18,-0.08577206347074517
1777029859.826931,tb1,-1.1548089520708755,1.2219521021871687,0.18,-0.4904262997485658
1777029859.848639,tb3,-0.15486043656993193,0.7981455723354504,0.18,-0.057448626023121965
1777029859.871674,tb2,-0.31919913968078983,7.394512579012545e-05,0.18,-0.10128132500405808
1777029859.8753304,tb7,-1.1616403092979517,0.07925769877073566,0.18,-0.08723058600123555
1777029859.8768103,tb1,-1.1456799777436775,1.2210102282164421,0.18,-0.473030656681012
1777029859.8986232,tb3,-0.15424306356654593,0.7891410295266686,0.18000000000000002,-0.05803587060102601
1777029859.9220655,tb2,-0.32574650812189965,-0.006166394988182386,0.18,-0.10188215522506043
1777029859.9260614,tb7,-1.1704811272455249,0.08113822892013493,0.18000000000000002,-0.08952827610880439
1777029859.9275515,tb1,-1.13653413862207,1.2198621091085662,0.18,-0.43553209212085664
1777029859.9490209,tb3,-0.15365158523550396,0.7801344833374767,0.18,-0.05869702840335742
1777029859.971526,tb2,-0.3323256878373115,-0.012374077823591073,0.18,-0.10242972669885422
1777029859.9755464,tb7,-1.1793143822029672,0.08305720159164572,0.18,-0.09207000858145542
1777029859.976915,tb1,-1.1274263387175014,1.2184961081458945,0.18,-0.3984203616799823
1777029859.9986308,tb3,-0.15308629848767114,0.771125945711902,0.18,-0.059386776675974515
1777029860.0216143,tb2,-0.338936586821709,-0.018548414819962833,0.18,-0.1028515793156398
1777029860.0253568,tb7,-1.1881402002122003,0.08501567573474668,0.18000000000000002,-0.0944659928654194
1777029860.0270138,tb1,-1.1183704701801005,1.2169302989780604,0.18,-0.37075970201731323
1777029860.0486174,tb3,-0.15308629848767114,0.771125945711902,0.18,-0.060925199776919965
1777029860.0716546,tb2,-0.3455791854846094,-0.024688993254583184,0.18,-0.10322566071965736
1777029860.075475,tb7,-1.1969581626230186,0.0870148792967565,0.17999999999999997,-0.09672423246373903
1777029860.0768712,tb1,-1.109364413661043,1.2151847952996564,0.18,-0.3494918268819884
1777029860.0987616,tb3,-0.1525475608772592,0.7621154189927952,0.18,-0.06158402958020602
1777029860.121515,tb2,-0.35225342756021255,-0.03079545822348501,0.18,-0.10357651936805837
1777029860.1252887,tb7,-1.2057677429668832,0.08905598185816692,0.18,-0.0989841170256214
1777029860.1267922,tb1,-1.1004046889600843,1.213274677967099,0.18,-0.33324235391547063
1777029860.148678,tb3,-0.15203590478001894,0.7531025448195572,0.18,-0.06220288172829463
1777029860.1714602,tb2,-0.35895926465887645,-0.03686749291844148,0.18,-0.10388289331554543
1777029860.175304,tb7,-1.2145684326287367,0.09114010256649356,0.18,-0.10117044404776772
1777029860.1767714,tb1,-1.0914886030813982,1.2112112544331615,0.18,-0.3205192870529493
1777029860.1986322,tb3,-0.15155190346208122,0.7440878281004639,0.18,-0.06289681067259377
1777029860.2215462,tb2,-0.36569660540929316,-0.042904782096183765,0.18,-0.10414804266503684
1777029860.2254083,tb7,-1.2233596735013943,0.09326827482129546,0.17999999999999997,-0.10333200746953498
1777029860.2269025,tb1,-1.08261416262963,1.2090024530825678,0.18,-0.3102159991467271
1777029860.2486641,tb3,-0.15109587664239985,0.7350713350857659,0.18,-0.06366608083211796
1777029860.2715333,tb2,-0.36569660540929316,-0.042904782096183765,0.18,-0.09940330067987654
1777029860.275638,tb7,-1.2321409981072466,0.09544153486853242,0.18,-0.10546555149033002
1777029860.2767913,tb1,-1.073781169819816,1.2066548265506813,0.18,-0.30134923056470797
1777029860.298599,tb3,-0.1506681683165175,0.7260531029694908,0.18,-0.06449772183943044
1777029860.3217618,tb2,-0.3724653154179274,-0.04890701445626781,0.18,-0.0996024195565302
1777029860.3254979,tb7,-1.2321409981072466,0.09544153486853242,0.18000000000000002,-0.09590863653482394
1777029860.3268316,tb1,-1.073781169819816,1.2066548265506813,0.18,-0.3685044835899299
1777029860.3486335,tb3,-0.1502691541681518,0.7170331756259146,0.18,-0.06538632155476139
1777029860.371551,tb2,-0.37926286609968857,-0.054873422369871964,0.18,-0.10030318576291897
1777029860.375478,tb7,-1.2409117531187424,0.0976607847955444,0.18000000000000002,-0.09804962875199216
1777029860.3768368,tb1,-1.0649892071743527,1.2041733017859522,0.18,-0.3583317561579494
1777029860.3985488,tb3,-0.14989925237863772,0.708011573537275,0.18,-0.06630010361851743
1777029860.4216027,tb2,-0.38609014263716906,-0.06080602573824605,0.18,-0.10094615951018754
1777029860.4254372,tb7,-1.2496674011739062,0.09992300754997856,0.18,-0.10131371107369129
1777029860.427029,tb1,-1.0562123561333803,1.201535526289173,0.18,-0.336206498660568
1777029860.4486077,tb3,-0.14955891230097393,0.6989883692028577,0.18,-0.06722774811945245
1777029860.4715555,tb2,-0.39294728805532164,-0.06670458866699915,0.18,-0.10152364806690434
1777029860.475418,tb7,-1.2584130431568261,0.10222815727645738,0.18,-0.10456490868509405
1777029860.4769568,tb1,-1.047490497429238,1.198741469585086,0.18,-0.31584203524220683
1777029860.4985816,tb3,-0.14924861634802117,0.6899636006579412,0.18,-0.06815706004501135
1777029860.5214732,tb2,-0.3998343275865181,-0.07256869934310155,0.18,-0.10203508843791344
1777029860.525397,tb7,-1.2671485541116219,0.10457771930606083,0.18,-0.1077118985161386
1777029860.5267682,tb1,-1.0388276882900458,1.1958023676216978,0.18,-0.2992021833519406
1777029860.5488677,tb3,-0.14896882732733804,0.6809373928669721,0.18,-0.05080462827868489
1777029860.571489,tb2,-0.4067512371970689,-0.07839795131021873,0.18,-0.10247962912338686
1777029860.575364,tb7,-1.275873147156626,0.10697316696081838,0.18,-0.11079868319777343
1777029860.5768821,tb1,-1.030221359268922,1.1927285410690185,0.18,-0.286107215344041
1777029860.5986745,tb3,-0.14896882732733804,0.6809373928669721,0.18,-0.06963344479621511
1777029860.6215737,tb2,-0.41369797687257864,-0.08419198297014631,0.18,-0.10286635198465392
1777029860.6254292,tb7,-1.284586185149348,0.10941591372874523,0.17999999999999997,-0.11380825458990448
1777029860.626884,tb1,-1.0216690707488716,1.1895282450340574,0.18,-0.27543196781340484
1777029860.648583,tb3,-0.1487162505279058,0.6719173178824307,0.18,-0.07220554235424587
1777029860.6715748,tb2,-0.42067449719005434,-0.08995045549467347,0.18,-0.10322240440215204
1777029860.6753743,tb7,-1.2932870662093452,0.11190747209057234,0.17999999999999997,-0.11678121244375553
1777029860.6768,tb1,-1.0131691471659248,1.1862084421933696,0.18,-0.26676189402775435
1777029860.6987271,tb3,-0.14849134664045632,0.662888580214026,0.17999999999999997,-0.07308624329339815
1777029860.7216167,tb2,-0.4276807100747279,-0.09567304341110315,0.18,-0.10353763730513606
1777029860.725469,tb7,-1.3019749259728073,0.11444921451976713,0.18,-0.11970459680979233
1777029860.7269258,tb1,-1.0047195813592658,1.1827742641242316,0.18,-0.2596984295555531
1777029860.7487621,tb3,-0.14829874050185624,0.6538581231209748,0.18,-0.0738583856807919
1777029860.771553,tb2,-0.4276807100747279,-0.09567304341110315,0.18,-0.09845390169487957
1777029860.7754483,tb7,-1.3019749259728073,0.11444921451976713,0.18,-0.10940312505224536
1777029860.7768764,tb1,-1.0047195813592658,1.1827742641242316,0.18,-0.30872646208728544
1777029860.7986302,tb3,-0.14813907388794476,0.6448265946122911,0.18,-0.07464445732253008
1777029860.821669,tb2,-0.4347164140602453,-0.10135937023069205,0.18,-0.09871839350573304
1777029860.8254104,tb7,-1.3106490541803206,0.11704248975686211,0.18,-0.1122440763326226
1777029860.8269248,tb1,-0.9963196546090288,1.1792300616946412,0.18,-0.30099258286455416
1777029860.8486366,tb3,-0.14801276117854656,0.6357941537210412,0.18,-0.07544073521488906
1777029860.8716366,tb2,-0.4417789815715292,-0.10700891529809038,0.18,-0.09945303245072487
1777029860.875491,tb7,-1.319304121447388,0.11968405627862903,0.18,-0.11631432493828586
1777029860.876891,tb1,-0.9879523036207866,1.1755591161403067,0.18,-0.28580620214332536
1777029860.8986416,tb3,-0.14792021569337216,0.6267608915757852,0.18,-0.07623395657462613
1777029860.921515,tb2,-0.4488694973753096,-0.11262367775572754,0.18,-0.1001479553159543
1777029860.925323,tb7,-1.3279459004308694,0.12237423241795822,0.18,-0.1204035818510223
1777029860.9268231,tb1,-0.9796451526803435,1.1717632067009982,0.18,-0.2717733496412105
1777029860.9487693,tb3,-0.14792021569337216,0.6267608915757852,0.18,-0.07621170345423237
1777029860.9714956,tb2,-0.4559881198077353,-0.11820336822673735,0.18,-0.10074807342730553
1777029860.9754167,tb7,-1.336573999064928,0.12511498122112885,0.18,-0.1243050439031425
1777029860.9768877,tb1,-0.9714005152506405,1.1678509734226215,0.18,-0.26029159871411534
1777029860.998616,tb3,-0.1478618735102594,0.6177269235573697,0.18,-0.07692018738244413
1777029861.0215416,tb2,-0.4631348628959963,-0.12374753136067031,0.18,-0.1012677719590542
1777029861.0254166,tb7,-1.345187382680491,0.12790826162365515,0.18,-0.1281242770231989
1777029861.026936,tb1,-0.9632159367715608,1.1638297225162397,0.18,-0.25090452235122485
1777029861.048629,tb3,-0.14783796373349764,0.6086927213954835,0.18,-0.07770467206319945
1777029861.071458,tb2,-0.4703097101795285,-0.1292557499410347,0.18,-0.10173761698704824
1777029861.075368,tb7,-1.3537850643827207,0.13075599052495565,0.18,-0.13186759429699912
1777029861.0768673,tb1,-0.9550888948247218,1.1597053334180232,0.18,-0.2430800612554827
1777029861.0986328,tb3,-0.14784871349922232,0.5996580942766644,0.18000000000000002,-0.07849215295073564
1777029861.1215308,tb2,-0.4703097101795285,-0.1292557499410347,0.18,-0.09640755482834584
1777029861.1255481,tb7,-1.3623659431385975,0.13365996002348313,0.18000000000000002,-0.1135273763933771
1777029861.1267455,tb1,-0.9470173414336533,1.1554822694855247,0.18,-0.2450887614396451
1777029861.1487417,tb3,-0.14789454011975472,0.5906231893502891,0.18000000000000002,-0.07928353629736062
1777029861.171515,tb2,-0.47751256900849764,-0.13472761434628402,0.18,-0.09678635876909153
1777029861.175352,tb7,-1.3623659431385975,0.13365996002348313,0.18,-0.12446388073500694
1777029861.1768014,tb1,-0.9470173414336533,1.1554822694855247,0.18,-0.2741568189719938
1777029861.1986773,tb3,-0.14797584079102255,0.5815881445290494,0.18000000000000002,-0.08007118819236045
1777029861.2215414,tb2,-0.4847405498209705,-0.14016242478103486,0.18,-0.09765124222222482
1777029861.2254303,tb7,-1.3709219769989014,0.13661433908835557,0.18,-0.12998148365612747
1777029861.226889,tb1,-0.938996794758316,1.1511603238260961,0.18000000000000002,-0.2658299807678265
1777029861.2486048,tb3,-0.14809301346516646,0.5725531043936265,0.18000000000000002,-0.08085490258921245
1777029861.2715623,tb2,-0.4919949161468494,-0.14556236776354417,0.18,-0.09846575048122677
1777029861.2754738,tb7,-1.3794643929036916,0.13962168271064793,0.17999999999999997,-0.13492372675765854
1777029861.2769318,tb1,-0.9310236628941445,1.146728069443622,0.18,-0.2536720567518584
1777029861.2986376,tb3,-0.14824647141896613,0.5635181993306396,0.18,-0.08162001054227953
1777029861.3216395,tb2,-0.4992758698549856,-0.15092713833486282,0.18,-0.09917673601996815
1777029861.3254495,tb7,-1.3879898625251808,0.14268482882246125,0.18,-0.13970039418807517
1777029861.3269575,tb1,-0.9231147528806642,1.1421918554845045,0.18,-0.24288294407665276
1777029861.348668,tb3,-0.14824647141896613,0.5635181993306396,0.18,-0.08102207559199845
1777029861.3715563,tb2,-0.5065834501890984,-0.15625623622629878,0.18,-0.09981892387557074
1777029861.375469,tb7,-1.3964968430778204,0.1458060686309741,0.18,-0.14436558408825043
1777029861.3769028,tb1,-0.9152693820159509,1.1375580751403944,0.18,-0.2337319655022744
1777029861.3986475,tb3,-0.14843661668408575,0.5544836112643082,0.18,-0.08170308841341672
1777029861.4214754,tb2,-0.5139176441212309,-0.16154920413418658,0.18,-0.10038809349929682
1777029861.4253252,tb7,-1.404983940720515,0.14898749432239503,0.18,-0.14902343925260886
1777029861.426764,tb1,-0.9074850541900741,1.1328317858391062,0.18,-0.22589434876513456
1777029861.4486768,tb3,-0.14866348300975213,0.5454500703673896,0.18,-0.0825052821773843
1777029861.4716039,tb2,-0.5212784423792977,-0.166805634499102,0.18,-0.10086709385179195
1777029861.4754367,tb7,-1.4134499651859829,0.15223124519304876,0.18,-0.15357647867775673
1777029861.4768503,tb1,-0.8997598905005971,1.1280173674783844,0.18,-0.2193549271721321
1777029861.4986677,tb3,-0.1489271671251329,0.5364171728521901,0.18,-0.08330357340945735
1777029861.5215175,tb2,-0.5212784423792977,-0.166805634499102,0.18,-0.09527383737210093
1777029861.5254788,tb7,-1.4218935345006658,0.1555394329728089,0.18,-0.15813272347009794
1777029861.5272653,tb1,-0.8920922092096529,1.1231186189546216,0.18000000000000002,-0.21395900639255078
1777029861.548707,tb3,-0.14922806380273315,0.5273850286940439,0.18,-0.08408351053556973
1777029861.5715783,tb2,-0.5286657814927743,-0.17202513399537525,0.18,-0.09566343525443977
1777029861.5755994,tb7,-1.4218935345006658,0.1555394329728089,0.18,-0.14602592646331733
1777029861.577,tb1,-0.8920922092096529,1.1231186189546216,0.18,-0.24310072865809138
1777029861.5986147,tb3,-0.14956658403900672,0.5183538194357232,0.18,-0.0848477021976537
1777029861.6215534,tb2,-0.5360767151569849,-0.17720695416331841,0.18,-0.09657375077003222
1777029861.6255915,tb7,-1.4303131091842332,0.1589139758390995,0.18,-0.15049478459786603
1777029861.6269243,tb1,-0.8844804852703457,1.1181384128201668,0.18,-0.23718536734798032
1777029861.6485853,tb3,-0.14994311933885654,0.5093237345312238,0.18,-0.08559012608989726
1777029861.671653,tb2,-0.5435124236828633,-0.1823533946125619,0.18,-0.0974373189060295
1777029861.6754367,tb7,-1.4387023084711952,0.16235038833601087,0.18,-0.15665812469991613
1777029861.6768842,tb1,-0.8769158854987394,1.1130643449361353,0.18,-0.2273760735073036
1777029861.698643,tb3,-0.15035804668280692,0.5002949619073495,0.18,-0.08630766320553368
1777029861.7215211,tb2,-0.5509732054577241,-0.18746421675254032,0.18,-0.09822717831665102
1777029861.7254915,tb7,-1.4470678568973647,0.16585013093794176,0.18,-0.16283824767629768
1777029861.7268674,tb1,-0.8694152060693624,1.107902009784939,0.18,-0.2183840643723812
1777029861.7485757,tb3,-0.15081171837323573,0.4912677084783098,0.18,-0.08701024136489498
1777029861.7716296,tb2,-0.5584590847794002,-0.19253890507752724,0.18,-0.09890280416587983
1777029861.7755568,tb7,-1.4554086977487088,0.16941582147947964,0.18,-0.16899183590118594
1777029861.7768812,tb1,-0.8619781183536152,1.1026563926952722,0.18,-0.21058463309550268
1777029861.7985933,tb3,-0.15081171837323573,0.4912677084783098,0.18,-0.08582632366089166
1777029861.8215199,tb2,-0.5659701207787142,-0.19757700865855343,0.18,-0.09951598668440277
1777029861.8255582,tb7,-1.4637234452872623,0.17305037541325183,0.18,-0.17507526895934306
1777029861.8268216,tb1,-0.8546028878968577,1.0973321148431716,0.18,-0.203939437769015
1777029861.8486736,tb3,-0.15130448816308303,0.48224219663480716,0.18,-0.08644998875927681
1777029861.8715575,tb2,-0.5735062689250812,-0.20257805006062587,0.18,-0.10004275420902405
1777029861.8753865,tb7,-1.4720098525608245,0.17675647975815972,0.18,-0.1812373192063722
1777029861.876929,tb1,-0.8472869433586968,1.0919327318795822,0.18,-0.19825033951918852
1777029861.8986278,tb3,-0.15183617184975842,0.47321929677065244,0.18,-0.08722945364200381
1777029861.9217112,tb2,-0.5810674768751835,-0.2075416263272299,0.18,-0.10049741944359487
1777029861.9257977,tb7,-1.4802661290920787,0.18053690139958498,0.18,-0.18728446752537126
1777029861.9270287,tb1,-0.840028557151766,1.0864612460702263,0.18,-0.193250901956802
1777029861.9492385,tb3,-0.15240680375272753,0.4641984344710095,0.18,-0.08797493940908543
1777029861.9716656,tb2,-0.5886536523174893,-0.2124673748253103,0.18,-0.10092875365482921
1777029861.975417,tb7,-1.4884900091776065,0.18439396327543497,0.18,-0.19371015016036935
1777029861.9770668,tb1,-0.83282632312462,1.080920091404613,0.18,-0.18874253391229975
1777029861.9987574,tb3,-0.15301674319209466,0.45517979246292434,0.18,-0.08873101744312249
1777029862.0215387,tb2,-0.5886536523174893,-0.2124673748253103,0.18,-0.09495911394672021
1777029862.025405,tb7,-1.4884900091776065,0.18439396327543497,0.18,-0.18019574158041637
1777029862.0269012,tb1,-0.83282632312462,1.080920091404613,0.18,-0.2110139969196669
1777029862.048689,tb3,-0.1536663525660737,0.4461635298365635,0.18,-0.08944589092153554
1777029862.071503,tb2,-0.5962645230694504,-0.21735487295476177,0.18,-0.09534789976446457
1777029862.0754828,tb7,-1.4966796418904669,0.18833031603829006,0.18,-0.18646989460302738
1777029862.0768962,tb1,-0.8256792770624297,1.0753116793975568,0.18,-0.2062992377736765
1777029862.0987551,tb3,-0.15435600664618576,0.437149878823318,0.18,-0.09012181338544749
1777029862.1215274,tb2,-0.6038970536366448,-0.22220395664469855,0.18,-0.09624833380450415
1777029862.1255486,tb7,-1.5048273549310922,0.19234044471028852,0.18,-0.19490470800375276
1777029862.1269724,tb1,-0.8185812655710236,1.0696259499547978,0.18,-0.19873308204033574
1777029862.148596,tb3,-0.15508604834781037,0.4281390674389152,0.18,-0.09077654971630404
1777029862.1715767,tb2,-0.6115528200877256,-0.2270167679745459,0.18,-0.09709018317214758
1777029862.175561,tb7,-1.5129408332713938,0.1964270455120502,0.18,-0.20358769066196677
1777029862.176898,tb1,-0.8115448015722103,1.063868364246823,0.18,-0.19164251213579267
1777029862.1985574,tb3,-0.15508604834781037,0.4281390674389152,0.18,-0.08912829133145836
1777029862.2216341,tb2,-0.6192320289403155,-0.23179296469115698,0.18,-0.09783395142596431
1777029862.2254913,tb7,-1.5210183587904387,0.20059393215567212,0.18,-0.2123784996980598
1777029862.2269216,tb1,-0.8045694389398556,1.058043118401233,0.18,-0.18550069634847532
1777029862.2487338,tb3,-0.15585681728506484,0.419131303654988,0.18,-0.0896820830015195
1777029862.271591,tb2,-0.6269346648384163,-0.2365320189172612,0.18,-0.09851124284117942
1777029862.2754714,tb7,-1.5290569122755049,0.20484473341418416,0.18,-0.221352548242926
1777029862.2769556,tb1,-0.797652818981136,1.0521533083304861,0.18,-0.18007207725655144
1777029862.2986765,tb3,-0.1566680320837092,0.41012774816236236,0.18,-0.09044052996795249
1777029862.321519,tb2,-0.6346607388846666,-0.24123347989784488,0.18,-0.09911823831533562
1777029862.3253949,tb7,-1.5370537946336413,0.2091834650062899,0.18000000000000002,-0.23052714562674206
1777029862.326951,tb1,-0.7907932269732444,1.0462018028511775,0.18,-0.17526344896463095
1777029862.3486187,tb3,-0.15751956526354818,0.401127609437374,0.18,-0.09118030041429934
1777029862.3716836,tb2,-0.6346607388846666,-0.24123347989784488,0.18,-0.09284622674275854
1777029862.3754601,tb7,-1.5370537946336413,0.2091834650062899,0.18,-0.21560570432580134
1777029862.3772845,tb1,-0.7907932269732444,1.0462018028511775,0.18,-0.19361401384282897
1777029862.3986163,tb3,-0.15841178253252866,0.392131026805369,0.18,-0.09188035289111326
1777029862.4216714,tb2,-0.6424100172050189,-0.2458967982323976,0.18,-0.0933825538257092
1777029862.4254837,tb7,-1.5450054893711316,0.21361394963638736,0.18,-0.2248494262665345
1777029862.4269938,tb1,-0.7839889759438302,1.0401910162971773,0.18,-0.18868813778137833
1777029862.448588,tb3,-0.15934506570092552,0.3831382226711297,0.18,-0.09253222917125391
1777029862.4715211,tb2,-0.6501792850477347,-0.25052181467302626,0.18,-0.09447860139458285
1777029862.475368,tb7,-1.5529027764472225,0.21813000215946182,0.18,-0.2369039975795655
1777029862.476988,tb1,-0.777234928765705,1.034112547968875,0.18,-0.18162182790288006
1777029862.4985948,tb3,-0.160319763987639,0.3741494700108484,0.18,-0.093146861941419
1777029862.5215003,tb2,-0.6579703521078824,-0.2551107226724243,0.18,-0.09548785912914169
1777029862.5254982,tb7,-1.5607536877262715,0.22273607949074684,0.18,-0.24943487896565564
1777029862.526804,tb1,-0.7705409792723288,1.0279719843304533,0.18,-0.17502684218647768
1777029862.5486186,tb3,-0.160319763987639,0.3741494700108484,0.18,-0.09112667732701453
1777029862.571437,tb2,-0.6657834973557053,-0.2596630864849918,0.18,-0.09638742927107716
1777029862.575333,tb7,-1.5685554522010545,0.2274376929323882,0.18,-0.26240301054849374
1777029862.5768821,tb1,-0.7639061041978185,1.0217730628349808,0.18,-0.16930796310152998
1777029862.5986128,tb3,-0.16133619087849949,0.36516505097331103,0.18,-0.0916615247275758
1777029862.6214635,tb2,-0.6736186995344,-0.26417828177102803,0.18,-0.09718862835118822
1777029862.6254056,tb7,-1.5763030723166305,0.23223973618254684,0.18,-0.27592063217771784
1777029862.6267772,tb1,-0.7573278710194973,1.0155183173175388,0.18,-0.16411048102559442
1777029862.6486795,tb3,-0.16239384759603276,0.3561862226585381,0.18,-0.09242079545764084
1777029862.6715631,tb2,-0.6814759566676574,-0.2686558050330125,0.18,-0.0979054638620555
1777029862.6754432,tb7,-1.5839919443066646,0.23714703857566502,0.18,-0.29025825772048075
1777029862.6768823,tb1,-0.7508045856851704,1.0092100670671809,0.18,-0.1594757080657796
1777029862.6987655,tb3,-0.16349259924511203,0.34721204237005415,0.18,-0.09315750736289627
1777029862.7215788,tb2,-0.6893552606418408,-0.2730951865083256,0.18,-0.09856637089058813
1777029862.7254581,tb7,-1.5916175620432165,0.24216538457754724,0.18,-0.3054218862713232
1777029862.7269182,tb1,-0.7443347424944666,1.0028505995877597,0.18,-0.15528199684235153
1777029862.7486193,tb3,-0.16463277959917846,0.3382426505054915,0.18,-0.09386192925835084
1777029862.771928,tb2,-0.6893552606418408,-0.2730951865083256,0.18,-0.09193637631333099
1777029862.7752345,tb7,-1.599174116794154,0.2473000584455091,0.18,-0.2959321271743056
1777029862.777058,tb1,-0.737916817881676,0.9964416278390358,0.18,-0.15145255574383534
1777029862.798608,tb3,-0.1658147342553591,0.32927831404259145,0.18,-0.09452293219140531
1777029862.8214872,tb2,-0.6972564959168464,-0.2774959611724033,0.18,-0.09256541802556675
1777029862.8253846,tb7,-1.599174116794154,0.2473000584455091,0.18,-0.30481326113555457
1777029862.8268123,tb1,-0.737916817881676,0.9964416278390358,0.18,-0.16548931587371213
1777029862.8486345,tb3,-0.16703879352369258,0.32031927725607945,0.18,-0.09513722933390163
1777029862.871581,tb2,-0.705176040207231,-0.28185778203078526,0.18,-0.09374730504120996
1777029862.8754668,tb7,-1.6066502159264073,0.2525460078250544,0.18,-0.32486157163272894
1777029862.877003,tb1,-0.731549579079374,0.9899848644253252,0.18,-0.16153807784859697
1777029862.898665,tb3,-0.16830525706398763,0.311365826559093,0.18,-0.0957200252462616
1777029862.921536,tb2,-0.7131159652449139,-0.2861831550421173,0.18,-0.09488748131572433
1777029862.92539,tb7,-1.614050536094746,0.2579070101228146,0.18,-0.3475105822729789
1777029862.9269955,tb1,-0.7252297961121906,0.9834734850281138,0.18,-0.15583511104840558
1777029862.9487126,tb3,-0.16961440745953263,0.302418211473926,0.18,-0.09626878144371175
1777029862.9716034,tb2,-0.7210765597073624,-0.29047165002552827,0.18,-0.09590219404040239
1777029862.9753373,tb7,-1.621372800527047,0.2633918246962741,0.18,-0.37183343549685116
1777029862.9768069,tb1,-0.7189647742301345,0.976912544656741,0.18,-0.1504788522088644
1777029862.9986906,tb3,-0.16961440745953263,0.302418211473926,0.18,-0.09380012580338931
1777029863.0216212,tb2,-0.7290578774744377,-0.2947226110251629,0.18,-0.09682935318259564
1777029863.0254784,tb7,-1.6286086890477263,0.269009164130656,0.18,-0.39805712647414204
1777029863.026915,tb1,-0.7127532854853346,0.9703047448073402,0.18,-0.1457252598380247
1777029863.0486608,tb3,-0.17096649668736683,0.29347672909543737,0.18,-0.09427808204984717
1777029863.071479,tb2,-0.737059942513848,-0.29893544706504943,0.18,-0.0976978002101635
1777029863.0753527,tb7,-1.6357488509611189,0.27476862832939486,0.18,-0.4266279067859468
1777029863.076851,tb1,-0.706593499610982,0.9636522533735299,0.18,-0.14140398546036884
1777029863.098692,tb3,-0.17236085582154195,0.28454277903256514,0.18,-0.09501831340814677
1777029863.121532,tb2,-0.7450827304522898,-0.30310961595946967,0.18,-0.09847581883600345
1777029863.1253064,tb7,-1.6427818001420351,0.28067894982515523,0.17999999999999997,-0.4582089075751136
1777029863.1268795,tb1,-0.7004836676040482,0.9569567548103161,0.18,-0.13746669099707423
1777029863.1485903,tb3,-0.1737972828757836,0.2756152489616787,0.18,-0.0957475969930949
1777029863.1714416,tb2,-0.7531261803736835,-0.3072446333567108,0.18,-0.09922654044956952
1777029863.1754067,tb7,-1.6496959219759195,0.2867494294661704,0.18,-0.493427547630948
1777029863.1769276,tb1,-0.694422421201263,0.9502198513338775,0.18,-0.13384316981466607
1777029863.198563,tb3,-0.1752760700048746,0.26669428221258445,0.18,-0.09643093717805909
1777029863.2214282,tb2,-0.7611902612119177,-0.3113400660749681,0.18,-0.09992432947180292
1777029863.2253878,tb7,-1.6564783515929704,0.29299064074762404,0.18,-0.5329524220163041
1777029863.2267551,tb1,-0.6884085246912408,0.9434429690790265,0.18,-0.13042952484038872
1777029863.2486534,tb3,-0.17679752882075817,0.2577801546474661,0.18,-0.09706905865129514
1777029863.2714622,tb2,-0.7692749069035008,-0.31539548793674754,0.18,-0.10058252693687922
1777029863.2753778,tb7,-1.6631138291203917,0.29941312356653493,0.18,-0.5776733748513014
1777029863.2769175,tb1,-0.6824408929703862,0.9366274648319255,0.18,-0.12731976569775896
1777029863.2986047,tb3,-0.17836194528927793,0.2488731486565865,0.18,-0.09768012941506068
1777029863.3215313,tb2,-0.7692749069035008,-0.31539548793674754,0.18,-0.09346550139266425
1777029863.3253667,tb7,-1.6695854397529224,0.3060307468168926,0.18,-0.627979899615072
1777029863.3269029,tb1,-0.6765184997008508,0.929774687857323,0.18,-0.12439088227354286
1777029863.348736,tb3,-0.17996959560706244,0.23997352416579873,0.18,-0.09824590835866398
1777029863.371579,tb2,-0.7773800589714623,-0.31941049369495533,0.18,-0.09403936013817434
1777029863.3754926,tb7,-1.6695854397529224,0.3060307468168926,0.18000000000000002,-0.614296732973131
1777029863.3774784,tb1,-0.670640345410779,0.9228857733501925,0.17999999999999997,-0.09879786959587253
1777029863.3985755,tb3,-0.18162073767546372,0.23108158081889743,0.18,-0.09879649740874656
1777029863.421636,tb2,-0.7855018127730792,-0.32338477592323195,0.18,-0.09532244989898955
1777029863.425566,tb7,-1.6758716049877829,0.3128565174242011,0.18,-0.6734999967659016
1777029863.4269316,tb1,-0.670640345410779,0.9228857733501925,0.18,-0.13164857064480573
1777029863.4486163,tb3,-0.18331560486854853,0.2221975931173195,0.18,-0.09930438046909117
1777029863.4715147,tb2,-0.7936423653535782,-0.3273210400811995,0.18,-0.09660614614991767
1777029863.4754372,tb7,-1.681941744835045,0.31987332932496426,0.18,-0.7505754300711525
1777029863.4769135,tb1,-0.664807212846771,0.9159713517175306,0.18,-0.13082077959389077
1777029863.4985604,tb3,-0.18505443409970204,0.21332182777464112,0.18,-0.09979495487944727
1777029863.5215006,tb2,-0.8018021075798977,-0.33121889149806993,0.18,-0.0977926374291464
1777029863.525473,tb7,-1.687798633761115,0.3271085266894892,0.18,-0.838735561178622
1777029863.5269947,tb1,-0.6590071578313813,0.909012584980937,0.18,-0.1267190246900922
1777029863.5485764,tb3,-0.18683742009123658,0.2044545917707576,0.18,-0.10025948113291525
1777029863.5715907,tb2,-0.8099810799509857,-0.33507762242899614,0.18,-0.09889569608759344
1777029863.5755239,tb7,-1.693409682068947,0.33458335355801894,0.18,-0.938100928092728
1777029863.5770202,tb1,-0.6532532671380021,0.9020166022541989,0.18,-0.12263782668446799
1777029863.5986645,tb3,-0.18683742009123658,0.2044545917707576,0.18,-0.09722258223746545
1777029863.6215632,tb2,-0.818179329539894,-0.3388965951328787,0.18,-0.09995849716985516
1777029863.6255486,tb7,-1.698733978440172,0.3423228004217453,0.18,-1.0467396883053723
1777029863.6269114,tb1,-0.6475453930333485,0.894985768331184,0.18,-0.11889752567723962
1777029863.6486552,tb3,-0.18866475262945084,0.19559617488733688,0.18,-0.09762321638031442
1777029863.6715238,tb2,-0.8263968583241653,-0.3426751826919468,0.18,-0.10097527541397869
1777029863.6754498,tb7,-1.703715566091334,0.35034530074157333,0.18,-1.1638526998014986
1777029863.676921,tb1,-0.6418819726442633,0.8879215126249892,0.18,-0.11547407981480166
1777029863.6986427,tb3,-0.19053547696083345,0.1867481374520825,0.18,-0.09833740466111875
1777029863.7215252,tb2,-0.8346336985614872,-0.3464127878589885,0.18,-0.10194215981298552
1777029863.7252877,tb7,-1.7082926350860108,0.35867228028471054,0.18,-1.2827141696645652
1777029863.7268097,tb1,-0.6362616685281107,0.8808252679440566,0.18,-0.1123063370713703
1777029863.7486305,tb3,-0.19244936445766894,0.1779090992578761,0.18,-0.09902624795393958
1777029863.7717407,tb2,-0.8428898168323764,-0.3501088171179564,0.18,-0.08660662678306533
1777029863.7753859,tb7,-1.7123891176024715,0.3673113595553579,0.18,-1.3961156730616124
1777029863.7768764,tb1,-0.6306831344454968,0.8736981739377723,0.18000000000000002,-0.10935336069385601
1777029863.7986693,tb3,-0.1944067013288337,0.16907921765362577,0.18,-0.09965187862742472
1777029863.8216891,tb2,-0.8428898168323764,-0.3501088171179564,0.18,-0.09522858706396907
1777029863.8254945,tb7,-1.7123891176024715,0.3673113595553579,0.18,-1.4555862873859802
1777029863.8268921,tb1,-0.6306831344454968,0.8736981739377723,0.18,-0.11721174707651955
1777029863.8488445,tb3,-0.19640778708330603,0.16025880116021185,0.18,-0.10019559126825583
1777029863.8714974,tb2,-0.8511575503393511,-0.3537632105861986,0.18,-0.09753877621929116
1777029863.8756373,tb7,-1.71592415335901,0.37625649105290787,0.1716085829507266,-1.5
1777029863.8768334,tb1,-0.6251452261372802,0.866541405256948,0.18,-0.11412462395474227
1777029863.898582,tb3,-0.19845288788324414,0.15144817669345606,0.18,-0.10067788157977278
1777029863.9218423,tb2,-0.8594452751480938,-0.3573811160996358,0.18,-0.09897579920573416
1777029863.9259255,tb7,-1.7188021653734378,0.3853929804078719,0.16139281599267827,-1.5
1777029863.927545,tb1,-0.6196460630071587,0.8593508316608691,0.18,-0.11001675373011104
1777029863.9490776,tb3,-0.20054221561321323,0.14264767655743468,0.18,-0.10090085033278244
1777029863.9714699,tb2,-0.8677513614377123,-0.36095915842775406,0.18,-0.1000098637593663
1777029863.9753633,tb7,-1.7208871287644307,0.39425946931038347,0.15589640512373884,-1.5
1777029863.976861,tb1,-0.6141893246172472,0.8521300673379198,0.18,-0.10527118191039804
1777029863.9986117,tb3,-0.20054221561321323,0.14264767655743468,0.18,-0.0975740624371246
1777029864.0215573,tb2,-0.876075641617654,-0.3644963711879735,0.18,-0.10050876304042425
1777029864.0253649,tb7,-1.7222237285221025,0.40277496820185704,0.15409406162341316,-1.5
1777029864.026998,tb1,-0.6087739566751935,0.8448810419002432,0.18,-0.10038692081022234
1777029864.0487237,tb3,-0.20267588339501602,0.13385770597366237,0.18,-0.09759859211427885
1777029864.0714967,tb2,-0.8844178274304401,-0.3679920579624773,0.18,-0.10080582646390264
1777029864.075364,tb7,-1.7229001859014546,0.4111667898447342,0.15544834775609123,-1.5
1777029864.0769842,tb1,-0.6033982318303851,0.8376054657877406,0.17999999999999997,-0.09557169128070957
1777029864.0986574,tb3,-0.20485272913766947,0.1250798285273248,0.18,-0.09787848690139891
1777029864.1214328,tb2,-0.8927776581347309,-0.37144583216761057,0.18,-0.10102929120886978
1777029864.1253264,tb7,-1.7229445021121979,0.4195854358945354,0.15967281848605971,-1.5
1777029864.1268597,tb1,-0.5980603729641496,0.8303050785735365,0.18,-0.0910668524901351
1777029864.1486394,tb3,-0.2070723910108713,0.11631264380203073,0.18,-0.09811832581149116
1777029864.171461,tb2,-0.901154905821851,-0.3748574446144877,0.18,-0.10126735407954679
1777029864.1753376,tb7,-1.7223458520885007,0.4281447099483572,0.16667265981179555,-1.5
1777029864.1769016,tb1,-0.5927584543527372,0.8229812072695593,0.17999999999999997,-0.08698327543145906
1777029864.1985922,tb3,-0.20933492957502475,0.10755629582305662,0.18,-0.09833689633684474
1777029864.2214818,tb2,-0.9095493946076885,-0.3782267051642351,0.18,-0.10161292558089242
1777029864.2255535,tb7,-1.721062281941133,0.43694418458277196,0.17649792173032813,-1.5
1777029864.2268353,tb1,-0.5874907800949549,0.8156350901446351,0.18000000000000002,-0.08335007228063228
1777029864.248599,tb3,-0.21164040280659635,0.09881103909229932,0.18,-0.09855796142323993
1777029864.2714615,tb2,-0.9179610012078152,-0.38155341984283503,0.18,-0.10212635973196886
1777029864.2753646,tb7,-1.7190246874191268,0.446063575206201,0.18,-1.4229633953181777
1777029864.2768903,tb1,-0.582255790736929,0.8082678387243651,0.18,-0.08022899137348778
1777029864.2986906,tb3,-0.21398885745698992,0.09007712049793017,0.18,-0.09880033904245428
1777029864.321566,tb2,-0.9179610012078152,-0.38155341984283503,0.18,-0.09399669850915725
1777029864.3255565,tb7,-1.7190246874191268,0.446063575206201,0.16985880633114644,-1.5
1777029864.3269796,tb1,-0.582255790736929,0.8082678387243651,0.18,-0.0860057764768121
1777029864.348674,tb3,-0.21638034916622756,0.081354763730414,0.18,-0.09902771488837629
1777029864.371568,tb2,-0.9263894482361372,-0.3848372766501335,0.18,-0.09452981727660134
1777029864.3754878,tb7,-1.7162490638940684,0.45526302218368214,0.18,-1.4822698763500544
1777029864.3769908,tb1,-0.5770520603086241,0.8008803574232335,0.18,-0.08298157465119477
1777029864.3986413,tb3,-0.218814939536459,0.0726442162775982,0.18,-0.09909469245883312
1777029864.4216096,tb2,-0.9348306507174649,-0.3880788253837655,0.18,-0.09548490430471646
1777029864.4254029,tb7,-1.7129591074561632,0.4638434915897564,0.18,-1.3178294464434712
1777029864.4270308,tb1,-0.5718778281826896,0.7934695917948986,0.18,-0.07893564678999872
1777029864.4485805,tb3,-0.2212926468484289,0.06394577237284876,0.18,-0.09917033740953397
1777029864.4716036,tb2,-0.9432873645058277,-0.39128060615208665,0.18,-0.09653602098227503
1777029864.47538,tb7,-1.7088515348392017,0.4725629505844756,0.18,-1.1616190741616195
1777029864.4769032,tb1,-0.5667356761408103,0.786038406972332,0.18,-0.07524038584312961
1777029864.4987292,tb3,-0.22381344307584988,0.055259679229445954,0.18,-0.09915942152748981
1777029864.5215445,tb2,-0.9517597057987419,-0.39444219999393687,0.18,-0.09739632025430525
1777029864.5253415,tb7,-1.7041959906951774,0.4809237166308972,0.18,-1.0487112914106325
1777029864.5268939,tb1,-0.5616243477868531,0.7785883470926768,0.18,-0.07178256536314906
1777029864.5486336,tb3,-0.22381344307584988,0.055259679229445954,0.18,-0.09540384161512118
1777029864.5714614,tb2,-0.960247637686431,-0.3975630526739506,0.18,-0.09809747720099476
1777029864.5753303,tb7,-1.6990901072672941,0.4889356054740423,0.18,-0.96972482296656
1777029864.5768914,tb1,-0.5565422507178466,0.7711204299995014,0.18,-0.0685924931499795
1777029864.598665,tb3,-0.2263772756625175,0.046586190469944874,0.18,-0.09531862920518476
1777029864.6215198,tb2,-0.9687510302803088,-0.40064265534441174,0.18,-0.09866526242180537
1777029864.6257758,tb7,-1.6935959214987188,0.496627368986454,0.18,-0.9113712594937706
1777029864.6269658,tb1,-0.5514879614994437,0.7636356161418358,0.18,-0.06572427114428739
1777029864.6487436,tb3,-0.22898274475343858,0.037926880261667587,0.18,-0.09557222283481925
1777029864.6714807,tb2,-0.9772697260423912,-0.4036805793431589,0.18,-0.09918459537572656
1777029864.675484,tb7,-1.6877566752514077,0.5040179727555743,0.18,-0.8615945651917244
1777029864.6769423,tb1,-0.5464601561696472,0.7561347805378777,0.18,-0.06318751861814532
1777029864.6987016,tb3,-0.2316294671938241,0.02928010330374813,0.18,-0.0958227431441607
1777029864.721586,tb2,-0.9858035974622136,-0.4066764591644131,0.18,-0.09963806789666432
1777029864.7253294,tb7,-1.68160929071344,0.5111171799615114,0.18,-0.8198008154177308
1777029864.726844,tb1,-0.5414576006354533,0.7486187693540028,0.18,-0.06100159818583553
1777029864.7486281,tb3,-0.23431749072660915,0.020645941044061537,0.18,-0.09603980323807959
1777029864.7718844,tb2,-0.9943524581467186,-0.4096299677792033,0.18,-0.08410116780594422
1777029864.7754378,tb7,-1.675180994803168,0.5179345900453135,0.18,-0.7822191342391877
1777029864.7769732,tb1,-0.5364791415444726,0.7410880667309043,0.18,-0.05914289315472829
1777029864.7986622,tb3,-0.23704687071947847,0.012024644195506739,0.18,-0.09622172179789533
1777029864.8217108,tb2,-0.9943524581467186,-0.4096299677792033,0.18,-0.09148393091738674
1777029864.8256052,tb7,-1.675180994803168,0.5179345900453135,0.18,-0.9113420612388742
1777029864.8269284,tb1,-0.5364791415444726,0.7410880667309043,0.18,-0.06327194670042882
1777029864.8485992,tb3,-0.23981764479144602,0.0034164556806887333,0.18,-0.09638475880821597
1777029864.8716464,tb2,-1.0029087767509655,-0.41254197182918856,0.18,-0.09333054069624384
1777029864.8755243,tb7,-1.6684971760689913,0.524475336048198,0.18,-0.8720260134454955
1777029864.8769956,tb1,-0.5315238773592571,0.7335431464049799,0.18,-0.06154119165472491
1777029864.8986306,tb3,-0.24262983619817732,-0.0051783834285721265,0.18,-0.09652720883664315
1777029864.9215171,tb2,-1.0114807017187661,-0.4154169980796489,0.18,-0.09463407805583457
1777029864.9254136,tb7,-1.661503156218244,0.5307614114020968,0.18,-0.7904736348261086
1777029864.926961,tb1,-0.5265909032646441,0.725981713837623,0.18,-0.05950164744927294
1777029864.9485457,tb3,-0.24548345741978478,-0.013759637599168156,0.18,-0.08656473868036318
1777029864.9715142,tb2,-1.0200667392718277,-0.4182524446137003,0.18,-0.09575976775050205
1777029864.9753354,tb7,-1.6542588915036505,0.536718147141063,0.18,-0.718183745481682
1777029864.9768965,tb1,-0.5216819079390156,0.7184058178070227,0.18,-0.05771579015057721
1777029864.9986603,tb3,-0.24548345741978478,-0.013759637599168156,0.18,-0.09258629460384427
1777029865.0216308,tb2,-1.0286666984063477,-0.42104742767017056,0.18,-0.09677420541072976
1777029865.0253491,tb7,-1.6468148538983702,0.5423567721547713,0.18,-0.664119507012239
1777029865.026919,tb1,-0.516796098846298,0.7108161260607526,0.18,-0.05623716576674994
1777029865.0488024,tb3,-0.24837511961524653,-0.022323861067815143,0.18,-0.09353644309485967
1777029865.071558,tb2,-1.0372804390451988,-0.4238012980018603,0.18,-0.09779083082233453
1777029865.0755382,tb7,-1.6391982728991183,0.5477074279642237,0.18,-0.6226161059004943
1777029865.0770237,tb1,-0.5119326419883579,0.7032130461390328,0.18,-0.05506782981506468
1777029865.0986004,tb3,-0.25130613815914893,-0.03087721339594525,0.18,-0.09400253591353835
1777029865.1214375,tb2,-1.0459079251866952,-0.4265135005748497,0.18,-0.09880082076471898
1777029865.125284,tb7,-1.6314291395110019,0.5527917600799261,0.18,-0.5881746540905949
1777029865.1269689,tb1,-0.5070908709667982,0.6955969064263552,0.18,-0.054174700896970934
1777029865.148618,tb3,-0.254277140394603,-0.03941719176144402,0.18,-0.09437308293329869
1777029865.1715763,tb2,-1.0545490846421135,-0.4291834791359846,0.18,-0.09976877407504749
1777029865.1754158,tb7,-1.6235226504324525,0.5576259838984163,0.18,-0.5599128812450086
1777029865.1771212,tb1,-0.502270257783471,0.6879679066060839,0.18,-0.05355532316948159
1777029865.1986065,tb3,-0.2572882768458897,-0.047943317843452654,0.18,-0.09471688170039935
1777029865.221459,tb2,-1.0632038245337898,-0.4318106979908104,0.18000000000000002,-0.08435835819926799
1777029865.2252688,tb7,-1.6154917384477099,0.5622222989660164,0.18,-0.5347172325841948
1777029865.2268996,tb1,-0.497470430835737,0.68032619742681,0.18,-0.05315273354841699
1777029865.248596,tb3,-0.2603396488677347,-0.05645531273770304,0.18,-0.09504039652848971
1777029865.2715535,tb2,-1.0632038245337898,-0.4318106979908104,0.18,-0.09171837207094513
1777029865.2755017,tb7,-1.6073485097625204,0.5665903235778739,0.18,-0.4918455150237085
1777029865.2769074,tb1,-0.4926911395401038,0.6726718766476495,0.18,-0.04531699947376196
1777029865.2985792,tb3,-0.2634313435935887,-0.06495291432581732,0.18,-0.09534271608987767
1777029865.321491,tb2,-1.0718641791743995,-0.4343961500928151,0.18,-0.09425659772338506
1777029865.3254275,tb7,-1.6073485097625204,0.5665903235778739,0.18000000000000002,-0.6097506000324873
1777029865.3271065,tb1,-0.4926911395401038,0.6726718766476495,0.18,-0.05580332837702162
1777029865.3485637,tb3,-0.26656343794437504,-0.07343586990198561,0.18,-0.09563581422650605
1777029865.3715198,tb2,-1.0805389509886054,-0.43694422235444236,0.18,-0.09623358675117903
1777029865.375329,tb7,-1.5991131197252522,0.5707387571493987,0.18,-0.5911067467515492
1777029865.376826,tb1,-0.48793257684613,0.6650085702645135,0.18,-0.0564606305049198
1777029865.3986547,tb3,-0.26973599930819875,-0.08190392793339779,0.18,-0.09591156177566519
1777029865.4215655,tb2,-1.0892266553470031,-0.4394521195645047,0.18000000000000002,-0.09812606921940806
1777029865.4253585,tb7,-1.5907208640293402,0.5746789497767084,0.18,-0.5440774068930415
1777029865.4269972,tb1,-0.4831911197108235,0.657329361287597,0.18,-0.056260506745517615
1777029865.448593,tb3,-0.27294908984476896,-0.09035683959929289,0.18,-0.09617705999404853
1777029865.4716537,tb2,-1.0979272053792488,-0.4419186841903239,0.18,-0.09993339947400674
1777029865.4754813,tb7,-1.5822253045852928,0.5783626790024724,0.18,-0.5007132226085068
1777029865.4769022,tb1,-0.478471123382195,0.6496366446471351,0.18,-0.056121292248925383
1777029865.4985166,tb3,-0.2762027628931471,-0.0987943552607618,0.18,-0.09642386277336577
1777029865.5216138,tb2,-1.1066406040085361,-0.4443428971525403,0.18000000000000002,-0.10170892782918767
1777029865.5253105,tb7,-1.5736515129294775,0.5818012363563094,0.18,-0.4653817140494844
1777029865.5267727,tb1,-0.47377285338662156,0.6419307456638613,0.18,-0.05614728404994925
1777029865.5487013,tb3,-0.2762027628931471,-0.0987943552607618,0.18,-0.09199923333397099
1777029865.5715442,tb2,-1.1153668180681684,-0.44672380805566003,0.18,-0.10346488582133272
1777029865.575418,tb7,-1.5650116112135506,0.585014534194891,0.17999999999999997,-0.4377958669323554
1777029865.5768678,tb1,-0.4690962588024614,0.6342117189172451,0.18,-0.05635365781434446
1777029865.5986032,tb3,-0.2794970621578623,-0.10721622446328047,0.18,-0.09219811540540306
1777029865.6214402,tb2,-1.1241058932934982,-0.4490605056482165,0.18,-0.10520805437847869
1777029865.6253035,tb7,-1.556314034269613,0.5880198939213718,0.18000000000000002,-0.4154750963742187
1777029865.6267645,tb1,-0.4644413343520657,0.626479542318834,0.18,-0.05671151509289271
1777029865.6485612,tb3,-0.2828302851351507,-0.11562069369022508,0.18,-0.09282588995024456
1777029865.6715214,tb2,-1.1328578253658113,-0.4513520471441404,0.18,-0.10691323590325537
1777029865.6753898,tb7,-1.54756453526805,0.5908311663961426,0.18,-0.3974123992030372
1777029865.6769402,tb1,-0.45980815974672573,0.6187341473285193,0.18,-0.05723278192483962
1777029865.698642,tb3,-0.28620222359986563,-0.12400980093615903,0.18,-0.09344384762660507
1777029865.7215028,tb2,-1.1416225498314139,-0.4535975137801098,0.18,-0.10865630719009042
1777029865.7253819,tb7,-1.5387680170563909,0.5934587948207173,0.18,-0.38200775617962224
1777029865.726848,tb1,-0.4551968923221131,0.6109754301504371,0.18,-0.057880714896788726
1777029865.748608,tb3,-0.28961310238666593,-0.13238347835905162,0.18,-0.09402808386511519
1777029865.7716687,tb2,-1.150400038726442,-0.45579601653571417,0.18,-0.09710212485683531
1777029865.775302,tb7,-1.52992906765048,0.5959108981551537,0.18,-0.36863682989190255
1777029865.776794,tb1,-0.4506077640534495,0.6032032541786836,0.18,-0.05865190691791661
1777029865.7986324,tb3,-0.2930631323184262,-0.14074142526363764,0.18,-0.09456406404400179
1777029865.821677,tb2,-1.150400038726442,-0.45579601653571417,0.18000000000000002,-0.10059423762488788
1777029865.825348,tb7,-1.52992906765048,0.5959108981551537,0.18,-0.4387429317805073
1777029865.826922,tb1,-0.4460410747070683,0.5954174388178453,0.18,-0.03815327103161563
1777029865.848616,tb3,-0.29655250851976916,-0.14908332891864992,0.18,-0.09505932320855888
1777029865.8714774,tb2,-1.1591841101975815,-0.4579481092770113,0.18,-0.10357303970131852
1777029865.8753195,tb7,-1.5210521978987472,0.59819438640567,0.18,-0.4248173542308672
1777029865.876889,tb1,-0.4460410747070683,0.5954174388178453,0.18,-0.06110882320361062
1777029865.898721,tb3,-0.3000813961172041,-0.15740887069663712,0.18,-0.09550615692448915
1777029865.9221609,tb2,-1.1679801820625082,-0.4600569633273668,0.18,-0.10629340919873839
1777029865.9260023,tb7,-1.512102930197488,0.600305093830199,0.18,-0.3985659322679459
1777029865.9274414,tb1,-0.4414975317377743,0.5876275483816283,0.18,-0.0639839361894366
1777029865.948765,tb3,-0.3036499302080312,-0.16571774171129278,0.18,-0.09592742021493843
1777029865.9715047,tb2,-1.176788291376274,-0.4621209585577279,0.18,-0.10920851082857375
1777029865.9753995,tb7,-1.5031162536313973,0.6022217276316577,0.18,-0.37236975148896573
1777029865.9768326,tb1,-0.43696929799313394,0.579817803846735,0.18,-0.06478727714473757
1777029865.9985504,tb3,-0.30725822479937837,-0.17400965007271535,0.18,-0.09633855598224873
1777029866.0215156,tb2,-1.1856085392358615,-0.4641387113476742,0.18,-0.11191354918482369
1777029866.0253675,tb7,-1.4941053824967079,0.603952713234631,0.18,-0.3513974501962801
1777029866.0269008,tb1,-0.4324650593735364,0.5719927861265106,0.18,-0.06548211653114908
1777029866.0486717,tb3,-0.31090638459063824,-0.18228431546624474,0.18,-0.08366185414629398
1777029866.0715888,tb2,-1.1944410022396161,-0.4661087384374873,0.18,-0.11453996953117883
1777029866.075384,tb7,-1.485075127543599,0.6055111640764406,0.18,-0.3344564163743247
1777029866.0768676,tb1,-0.42798593858334966,0.5641529405662944,0.17999999999999997,-0.06625014026403067
1777029866.0985749,tb3,-0.31090638459063824,-0.18228431546624474,0.18,-0.09193032143036473
1777029866.121512,tb2,-1.2032856849687321,-0.4680295901954316,0.18,-0.11714615995575307
1777029866.1254103,tb7,-1.476028623973547,0.606908287638325,0.18,-0.320768061026351
1777029866.1268167,tb1,-0.4235322968244438,0.5562981599768366,0.18,-0.0670925045392118
1777029866.1486905,tb3,-0.3145897657961888,-0.19053774753155278,0.18,-0.09336176871715512
1777029866.171646,tb2,-1.2121425203418934,-0.4698998569524722,0.18,-0.1196939138996953
1777029866.1754024,tb7,-1.4669673377894261,0.6081531682005875,0.18,-0.30927211055903153
1777029866.1769629,tb1,-0.4191045190977367,0.5484283144686212,0.18,-0.06802426540425183
1777029866.19858,tb3,-0.318311032760431,-0.19877777363732005,0.18,-0.09412461381826948
1777029866.2214973,tb2,-1.2210114832967816,-0.47171816876159495,0.17999999999999997,-0.12229385561190009
1777029866.2254293,tb7,-1.4578934918714135,0.6092526749882494,0.18,-0.2996008662612601
1777029866.22687,tb1,-0.41470300853503894,0.5405432320960062,0.18000000000000002,-0.06901649363594853
1777029866.2486677,tb3,-0.32207080518458986,-0.20700100022366466,0.18,-0.09474714112940828
1777029866.271571,tb2,-1.2210114832967816,-0.47171816876159495,0.18,-0.11175593940348744
1777029866.2753012,tb7,-1.4488089417056331,0.6102125479280653,0.18,-0.29115628484771333
1777029866.27682,tb1,-0.41032822095803934,0.5326427321545728,0.18000000000000002,-0.07006295031524555
1777029866.298708,tb3,-0.3258693372758096,-0.2152067953688755,0.18,-0.0953110153104414
1777029866.32167,tb2,-1.2298925112084294,-0.47348317198846207,0.18000000000000002,-0.1142081658329685
1777029866.325362,tb7,-1.4488089417056331,0.6102125479280653,0.18,-0.3418479505454066
1777029866.3270283,tb1,-0.41032822095803934,0.5326427321545728,0.18000000000000002,-0.07078329703944715
1777029866.3486805,tb3,-0.3297068282442705,-0.22339477886124184,0.18,-0.0958260283321539
1777029866.3714664,tb2,-1.2387793683190829,-0.4751954323088267,0.18,-0.1179832982286028
1777029866.37532,tb7,-1.43971388619692,0.6110375776562492,0.18,-0.3322830617296158
1777029866.3767798,tb1,-0.4059806409212961,0.5247266112308714,0.18,-0.07176855697604091
1777029866.3986192,tb3,-0.333583447075072,-0.23156461202131198,0.18,-0.09629617609546108
1777029866.4216347,tb2,-1.2476771774596527,-0.4768574617990802,0.17999999999999997,-0.12169264433824041
1777029866.425483,tb7,-1.430586800067669,0.6117179883358389,0.18,-0.3153491652537591
1777029866.426855,tb1,-0.4016607929365269,0.5167948536056741,0.18,-0.07281325345945162
1777029866.4485993,tb3,-0.33749931491289875,-0.23971596026663872,0.18,-0.09671804436744841
1777029866.4714937,tb2,-1.2565862684904698,-0.47846760264698374,0.18,-0.12540075817916146
1777029866.4753408,tb7,-1.4214548486012317,0.6122453072542887,0.18,-0.299572620971655
1777029866.4768093,tb1,-0.39736909106146623,0.5088472924162912,0.18,-0.073884146093028
1777029866.498921,tb3,-0.34145453952200594,-0.24784852172808916,0.18,-0.0892695565854648
1777029866.5215213,tb2,-1.2655068240257734,-0.4800240351889717,0.18000000000000002,-0.1289752521727633
1777029866.5253637,tb7,-1.4123239561498562,0.6126266371683844,0.18,-0.28647188126807394
1777029866.5269103,tb1,-0.39310601082322855,0.5008837420747198,0.18,-0.07497066895909067
1777029866.5486467,tb3,-0.34145453952200594,-0.24784852172808916,0.18,-0.09203496474589129
1777029866.5715353,tb2,-1.274438806562452,-0.4815247643071779,0.18000000000000002,-0.13247389948735153
1777029866.5753896,tb7,-1.4031959376728038,0.6128704469455825,0.18,-0.2756377896811727
1777029866.5769265,tb1,-0.3888720880290819,0.4929040278798254,0.18,-0.07606394669096914
1777029866.5988069,tb3,-0.34544624873497987,-0.25595983169777486,0.18,-0.09302364269779127
1777029866.621411,tb2,-1.2833820753490972,-0.48296786379336326,0.18,-0.1359635351054533
1777029866.6253228,tb7,-1.394071196584248,0.6129837974865785,0.18,-0.2663887631146584
1777029866.6268115,tb1,-0.38466788292296983,0.4849079979507678,0.18,-0.0771728864110248
1777029866.6486871,tb3,-0.349475308632511,-0.2640538697266757,0.18,-0.09381662124407864
1777029866.6714678,tb2,-1.2923364810422127,-0.4843514907436998,0.18,-0.13939660203135826
1777029866.675328,tb7,-1.3849506717272204,0.61297228943386,0.18,-0.2585442066017441
1777029866.6768131,tb1,-0.3804939516036329,0.47689550972760203,0.18,-0.07829528778563039
1777029866.6987138,tb3,-0.35354207871537446,-0.27212952329898116,0.18,-0.09450821762105396
1777029866.7213748,tb2,-1.3013018244184633,-0.48567385507928756,0.18,-0.12636230976805354
1777029866.7253063,tb7,-1.3758350534976118,0.6128405038743874,0.18,-0.2516954553376672
1777029866.7267818,tb1,-0.37635084777301425,0.4688664280326478,0.18,-0.0794280760175248
1777029866.7486484,tb3,-0.35764680069905835,-0.2801863645633343,0.18,-0.09513902734040378
1777029866.7715707,tb2,-1.3013018244184633,-0.48567385507928756,0.18,-0.13125888215758186
1777029866.7753365,tb7,-1.3667252005393242,0.612592203242787,0.18,-0.24567767431805693
1777029866.776937,tb1,-0.37223912664996206,0.4608206148700193,0.18,-0.08056223983781971
1777029866.7986755,tb3,-0.3617896707655646,-0.28822401292113914,0.18,-0.09569443768183938
1777029866.8215332,tb2,-1.3102703980795056,-0.4869357661557084,0.18,-0.13618251682364638
1777029866.8253632,tb7,-1.3667252005393242,0.612592203242787,0.18,-0.2826778333728556
1777029866.82684,tb1,-0.37223912664996206,0.4608206148700193,0.17999999999999997,-0.08043710882626795
1777029866.8486757,tb3,-0.3659708621962543,-0.29624212367190605,0.18,-0.09619678452513253
1777029866.8716042,tb2,-1.3192490828228236,-0.48814011426765275,0.18,-0.1410233670083707
1777029866.8753726,tb7,-1.3576214407967893,0.6122306412119536,0.18,-0.27597303677129414
1777029866.8768816,tb1,-0.3681593472315239,0.4527579538160868,0.18,-0.08149304097228414
1777029866.8986425,tb3,-0.3701905179826052,-0.30424035650966014,0.18,-0.09665081839609396
1777029866.9215467,tb2,-1.3282381941940111,-0.48928438640510236,0.18,-0.14577898003352802
1777029866.9254518,tb7,-1.3485080460792875,0.6117471280211658,0.18,-0.2641625904316707
1777029866.9269166,tb1,-0.3641120312981067,0.4446788803450596,0.18,-0.08265379576830578
1777029866.948543,tb3,-0.3744487489007522,-0.3122183811767965,0.18,-0.09706260197652974
1777029866.971613,tb2,-1.337237414660191,-0.4903659465005811,0.18,-0.1504353782014652
1777029866.9754562,tb7,-1.3394062796274273,0.6111374896372956,0.18,-0.2532979528410756
1777029866.9769008,tb1,-0.36009730714919985,0.436582966509152,0.18,-0.08379943774326687
1777029866.9986863,tb3,-0.3744487489007522,-0.3122183811767965,0.18,-0.09168591305626082
1777029867.0214643,tb2,-1.3462466983789618,-0.49138230899484814,0.18,-0.15506749135822417
1777029867.0253267,tb7,-1.3303192453467425,0.6104074461454325,0.18,-0.24390561125751495
1777029867.026769,tb1,-0.35611573399264324,0.428470016624281,0.18,-0.0849109437838859
1777029867.0487514,tb3,-0.378745597200604,-0.3201758047210338,0.18,-0.09201580862294227
1777029867.0714803,tb2,-1.3552657108427142,-0.49233093160461056,0.18,-0.15962994912938003
1777029867.0753353,tb7,-1.3212471685849327,0.6095627952119693,0.18,-0.23589366858215433
1777029867.0768075,tb1,-0.35216794876060065,0.4203399637588787,0.18,-0.08599713339571942
1777029867.0986052,tb3,-0.38307872537512666,-0.32811093139427483,0.18,-0.09285861746656097
1777029867.1214974,tb2,-1.364294013540407,-0.4932094369325285,0.18,-0.16422413265927632
1777029867.1253412,tb7,-1.3121901052059584,0.6086082915603553,0.18,-0.22888292665207166
1777029867.1268992,tb1,-0.34825452227929204,0.41219273758957403,0.18000000000000002,-0.08706786643090696
1777029867.1485987,tb3,-0.3874483631135158,-0.33602623658262426,0.18,-0.09364779964528579
1777029867.1715398,tb2,-1.3733312562285838,-0.494015538830169,0.18,-0.16887177310864873
1777029867.175359,tb7,-1.3031483605404772,0.6075479154935266,0.18,-0.22269562096270812
1777029867.1768143,tb1,-0.3443760047780039,0.40402826835220357,0.18,-0.08812585193156534
1777029867.1987073,tb3,-0.3918547940366216,-0.3439215710955848,0.17999999999999997,-0.09434320693642302
1777029867.2214832,tb2,-1.3823771500909103,-0.4947468710197118,0.18,-0.17361040118906457
1777029867.2252967,tb7,-1.2941224040087567,0.6063852327084746,0.18000000000000002,-0.21716846314210958
1777029867.22678,tb1,-0.34053294490090014,0.39584647022659664,0.18000000000000002,-0.08916238998208846
1777029867.2486725,tb3,-0.3962982567235851,-0.35179655540184046,0.18,-0.09497742757330378
1777029867.2714987,tb2,-1.391431155327674,-0.4954011053699845,0.18,-0.1784468810549549
1777029867.2752705,tb7,-1.2851125100243999,0.6051233105867698,0.18,-0.2122169315646758
1777029867.2767572,tb1,-0.3367258933479198,0.38764731934966146,0.18,-0.09018314859640703
1777029867.2986865,tb3,-0.4007789320102395,-0.35965078836839676,0.18,-0.09554213042003813
1777029867.3215702,tb2,-1.391431155327674,-0.4954011053699845,0.18,-0.16528113633466893
1777029867.325308,tb7,-1.2761190518004453,0.6037648170271954,0.18,-0.2077437356325985
1777029867.3268578,tb1,-0.33295537672735825,0.3794307675430945,0.18,-0.09118227763599278
1777029867.3487022,tb3,-0.4052969689313675,-0.36748391632683247,0.18,-0.09604904741787501
1777029867.3715718,tb2,-1.4004928507144911,-0.4959758654929211,0.18,-0.17007096827902235
1777029867.37545,tb7,-1.2761190518004453,0.6037648170271954,0.18,-0.23440230811934623
1777029867.3767102,tb1,-0.3292219183340435,0.3711967975227486,0.18,-0.07220499434733604
1777029867.3985639,tb3,-0.4098524889773936,-0.37529560169388426,0.18,-0.09651542575076177
1777029867.421625,tb2,-1.4095535912857178,-0.49647243323033863,0.18,-0.17677703854058194
1777029867.425497,tb7,-1.2671425007242558,0.6023121918999821,0.18,-0.22951731984328821
1777029867.4270172,tb1,-0.3292219183340435,0.3711967975227486,0.18,-0.09115012990429808
1777029867.4487376,tb3,-0.4144455974566899,-0.38308552367325155,0.18,-0.09689199347153901
1777029867.4715796,tb2,-1.4186204838026464,-0.4968929676345966,0.18,-0.18374463830718057
1777029867.4753644,tb7,-1.2581712637150197,0.6007584693908977,0.18,-0.22099392610081606
1777029867.4768982,tb1,-0.32552546414587774,0.36295467240196394,0.18,-0.09393831088069234
1777029867.498618,tb3,-0.4190763705920799,-0.39085335554495204,0.18,-0.09726313995829047
1777029867.5216236,tb2,-1.4276941574132127,-0.4972344705638637,0.18,-0.1907039229773553
1777029867.525427,tb7,-1.2492211881723179,0.5991015088867279,0.18,-0.21307493712000536
1777029867.5269606,tb1,-0.3218599364649857,0.3546899759074095,0.18,-0.09496164104216255
1777029867.548718,tb3,-0.4237448517330898,-0.398598794291805,0.18,-0.09756889787493254
1777029867.571505,tb2,-1.43677406520599,-0.49749325961269625,0.18,-0.1977609322308758
1777029867.5753644,tb7,-1.2402942675321362,0.5973456176199835,0.18,-0.20603441331843894
1777029867.5768197,tb1,-0.3182324263808343,0.3464072251541205,0.18,-0.09578705151962899
1777029867.5986402,tb3,-0.4237448517330898,-0.398598794291805,0.18,-0.09177079171423314
1777029867.6215894,tb2,-1.445859668434909,-0.49766559016626444,0.18,-0.2048369649085886
1777029867.6253781,tb7,-1.2313904282588373,0.5954951071805971,0.18,-0.19986944914569443
1777029867.6269534,tb1,-0.31464403100408994,0.3381069341644168,0.18,-0.09656390702648035
1777029867.6487014,tb3,-0.42845099549273113,-0.40632142263654564,0.18,-0.09203382467214101
1777029867.6714442,tb2,-1.4549500838541474,-0.4977476702413321,0.18,-0.2121380776439749
1777029867.6753705,tb7,-1.2225093392911086,0.5935537517992863,0.18,-0.19437219890683624
1777029867.6768246,tb1,-0.31109527026276707,0.32978917477095926,0.18,-0.09731680817372276
1777029867.698569,tb3,-0.43319220551722953,-0.41401974109359424,0.18,-0.0928346456628947
1777029867.721472,tb2,-1.4640444930545087,-0.49773573989546854,0.18,-0.21960510835797178
1777029867.725297,tb7,-1.2136508519285856,0.5915248486354746,0.18,-0.1894185658860562
1777029867.7267866,tb1,-0.3075866111255951,0.321454004634268,0.18,-0.09804594257278419
1777029867.7487233,tb3,-0.4379688771267763,-0.42169633344284024,0.18,-0.09356331979069209
1777029867.7715423,tb2,-1.473141780946876,-0.4976261140978637,0.18000000000000002,-0.22737953574856987
1777029867.7753394,tb7,-1.2048146728833569,0.589411090435273,0.18,-0.184924953125816
1777029867.7767854,tb1,-0.30411849137229574,0.3131015063703615,0.18,-0.09875767349835324
1777029867.7986667,tb3,-0.4427812755349903,-0.4293510240177996,0.18,-0.09423969257814724
1777029867.8216572,tb2,-1.4822410217328001,-0.4974149888601842,0.18,-0.2028439658354469
1777029867.8252828,tb7,-1.196000928792568,0.5872150058355109,0.18,-0.18076452252175204
1777029867.826749,tb1,-0.3006913252810215,0.3047317460834964,0.18,-0.09945207312712878
1777029867.8485858,tb3,-0.4476295779189841,-0.4369834159973553,0.18,-0.09485208571135396
1777029867.8715572,tb2,-1.4822410217328001,-0.4974149888601842,0.18,-0.22019811319759347
1777029867.875312,tb7,-1.1872095673660532,0.5849387761422417,0.18,-0.1712764394681795
1777029867.876821,tb1,-0.2973055205543445,0.2963448111444193,0.18,-0.10011950051015178
1777029867.8987596,tb3,-0.4525139404797818,-0.4445931481089794,0.18,-0.09536171541603473
1777029867.9217727,tb2,-1.491327341893036,-0.4971061435609952,0.17999999999999997,-0.23172600530724563
1777029867.925505,tb7,-1.1872095673660532,0.5849387761422417,0.18,-0.19635490222968527
1777029867.926988,tb1,-0.2973055205543445,0.2963448111444193,0.18,-0.09847369477466317
1777029867.9487486,tb3,-0.4574344896249462,-0.4521798610975834,0.18,-0.095840458952332
1777029867.9715784,tb2,-1.5004180740311859,-0.49670040496045936,0.18,-0.24299216120407366
1777029867.9753096,tb7,-1.1784414540997128,0.5825858245824699,0.18,-0.19243293415778534
1777029867.9768217,tb1,-0.2939614953190707,0.28794086682845166,0.18,-0.09908679432456452
1777029867.9985366,tb3,-0.4623913195074044,-0.4597432145091273,0.18,-0.09629512063738353
1777029868.0215292,tb2,-1.5095090113349645,-0.4961904506428239,0.18,-0.2545960359803966
1777029868.0253332,tb7,-1.1696866933353707,0.580148481458501,0.18,-0.1858098927357802
1777029868.0268273,tb1,-0.2906593808215254,0.2795210137383734,0.18,-0.09988289956931108
1777029868.0485585,tb3,-0.46738450379656415,-0.4672828851612418,0.18,-0.09667527313442371
1777029868.0715408,tb2,-1.5185985399332165,-0.49557073535991875,0.18,-0.26670616846030426
1777029868.0753515,tb7,-1.1609579456351677,0.5776271861107369,0.18,-0.17950025442455447
1777029868.076859,tb1,-0.2873988345554955,0.27108465231425327,0.18,-0.10065372511392993
1777029868.0986564,tb3,-0.47241407885222525,-0.47479855212481237,0.18,-0.09700914566106651
1777029868.121615,tb2,-1.5276850809305755,-0.4948356175832671,0.18,-0.27944686648718675
1777029868.1254237,tb7,-1.1522561662225224,0.5750251514705522,0.18,-0.1737877171103634
1777029868.1268492,tb1,-0.2841802384088402,0.2626317881114238,0.18,-0.10138156468191038
1777029868.1486635,tb3,-0.47241407885222525,-0.47479855212481237,0.18,-0.09076198635441918
1777029868.171465,tb2,-1.536767222416397,-0.49397901614046424,0.18,-0.29296576679898434
1777029868.1752758,tb7,-1.1435811301477812,0.5723456368877918,0.18,-0.16856602792709408
1777029868.1767788,tb1,-0.2810040384189017,0.2541624969278692,0.18,-0.10206652317090194
1777029868.1985872,tb3,-0.47748000268632446,-0.48228983551552684,0.18,-0.09106276262273827
1777029868.2214882,tb2,-1.5458431283326315,-0.49299420475996686,0.18,-0.307228802153278
1777029868.225352,tb7,-1.1349323705598418,0.5695916879954728,0.18,-0.16391652484218575
1777029868.2267828,tb1,-0.2778706798390791,0.2456768768558478,0.18,-0.10270295852568093
1777029868.2487288,tb3,-0.482579398427656,-0.48975515432368927,0.18,-0.09191005975889532
1777029868.271544,tb2,-1.5549100763025203,-0.49187441837216883,0.18,-0.32256712701423
1777029868.2753694,tb7,-1.1263092656925608,0.5667658814897137,0.18,-0.1596218095124972
1777029868.2768261,tb1,-0.2747805833429911,0.23717508060012432,0.18,-0.10330800042238007
1777029868.2985804,tb3,-0.4877128031950477,-0.49719735564607564,0.18,-0.09276405994439342
1777029868.3215523,tb2,-1.5639656876324886,-0.4906125145362132,0.18,-0.33916115594204016
1777029868.3253577,tb7,-1.1177115471370704,0.5638705710854731,0.18,-0.15565468876806357
1777029868.3269024,tb1,-0.27173412521426527,0.2286572266455045,0.18,-0.10388089259227386
1777029868.3487306,tb3,-0.49288050788546534,-0.5046162914042168,0.18,-0.09350186056040997
1777029868.3715487,tb2,-1.5639656876324886,-0.4906125145362132,0.18,-0.3214751261833854
1777029868.3752434,tb7,-1.109138911396978,0.5609079270539671,0.18,-0.1519464799075121
1777029868.3767438,tb1,-0.26873168005667003,0.22012344926830588,0.18,-0.1044341431746376
1777029868.39862,tb3,-0.4980827555419074,-0.5120115533621566,0.18,-0.09419723505113224
1777029868.421488,tb2,-1.5730071221759458,-0.4892006200683521,0.18,-0.3393580204121224
1777029868.4252918,tb7,-1.109138911396978,0.5609079270539671,0.18,-0.16659836554748103
1777029868.4268396,tb1,-0.26577360995031185,0.21157389285486783,0.18,-0.10494219770591223
1777029868.4486947,tb3,-0.5033197073865695,-0.5193826994032681,0.18,-0.09479924652886924
1777029868.4715295,tb2,-1.5820177635320107,-0.487641021389619,0.18,-0.3626977561827311
1777029868.4753454,tb7,-1.1005911157879404,0.5578799943862651,0.18,-0.1627734224135906
1777029868.4768136,tb1,-0.26577360995031185,0.21157389285486783,0.18,-0.10268438193467692
1777029868.4987373,tb3,-0.5085915006982862,-0.5267293465087466,0.18,-0.09535289523976978
1777029868.521596,tb2,-1.5910097041212758,-0.4859304768516785,0.18,-0.3884338164212618
1777029868.525395,tb7,-1.092061781966559,0.5547819293191827,0.18,-0.15709749422926056
1777029868.5268254,tb1,-0.2628602513201062,0.20300874531045707,0.18,-0.1031150056732897
1777029868.5486624,tb3,-0.5138982411696176,-0.5340511334875669,0.18,-0.09587537963887934
1777029868.571472,tb2,-1.5999816164264344,-0.4840584166562091,0.18,-0.41637666196840845
1777029868.57535,tb7,-1.0835599955426172,0.5516144991755453,0.18,-0.1516653834618202
1777029868.5768304,tb1,-0.25999168309834797,0.19442952656500828,0.18,-0.10379532987895658
1777029868.598675,tb3,-0.51924002925632,-0.5413477218582906,0.18,-0.09634495467914166
1777029868.6214828,tb2,-1.6089285176721064,-0.48201229869925355,0.18,-0.4468882458080924
1777029868.6254141,tb7,-1.075086193510073,0.5483805798544279,0.18,-0.14674548376672605
1777029868.6267893,tb1,-0.2571672526432432,0.18583543292345697,0.18,-0.10445269821745634
1777029868.6487148,tb3,-0.5246169225267644,-0.5486187651005956,0.18,-0.09677994185002423
1777029868.671599,tb2,-1.6178446277917478,-0.4797789344406549,0.18,-0.4805483066090197
1777029868.6753948,tb7,-1.066639724659172,0.5450828447144753,0.18,-0.14223580140462416
1777029868.6768315,tb1,-0.2543872858370457,0.17722651655567323,0.18,-0.10505960273983017
1777029868.6986217,tb3,-0.5246169225267644,-0.5486187651005956,0.18,-0.09006464038184213
1777029868.7215474,tb2,-1.6267242209645183,-0.4773434148812635,0.18,-0.517784899014286
1777029868.7253463,tb7,-1.058220071286461,0.5417238076094606,0.18,-0.13813449456865246
1777029868.726797,tb1,-0.25165216924894096,0.16860290867595895,0.18,-0.10562318201261954
1777029868.7486765,tb3,-0.530028968884555,-0.5558639477831454,0.18,-0.09042147968674161
1777029868.7715845,tb2,-1.6355589089727431,-0.4746894097690731,0.18,-0.5592657271232322
1777029868.7753534,tb7,-1.0498264553719299,0.5383056733570593,0.18,-0.13436645549385914
1777029868.7768347,tb1,-0.24896228693276315,0.15996478583065635,0.18,-0.10613944216311821
1777029868.7987776,tb3,-0.5354730386197797,-0.563081444011293,0.18,-0.0914185213432562
1777029868.8214836,tb2,-1.644339900068186,-0.47179833801129883,0.18,-0.6055432973347104
1777029868.8253236,tb7,-1.0414584292091285,0.5348304952159407,0.18,-0.13089578421071718
1777029868.8267505,tb1,-0.24631799028462517,0.1513123163385335,0.18,-0.10662596595179671
1777029868.8486753,tb3,-0.5409497324230745,-0.5702744187888047,0.18,-0.09243859429107062
1777029868.8714774,tb2,-1.6530551016977075,-0.4686502106217932,0.18,-0.6574544867579482
1777029868.875303,tb7,-1.033115433134168,0.5313000959871654,0.18,-0.12767468305206264
1777029868.8768241,tb1,-0.24371961157344812,0.14264569491007748,0.18,-0.10707376083656374
1777029868.8985887,tb3,-0.5464594286815169,-0.5774427464209426,0.18,-0.0933868462786692
1777029868.9215553,tb2,-1.661690110324863,-0.46522357930110597,0.18,-0.715884377568537
1777029868.9253173,tb7,-1.0247970207233026,0.5277161135375388,0.18,-0.12466641340317527
1777029868.926795,tb1,-0.24116745382297441,0.13396512601793084,0.18,-0.10750110965904577
1777029868.9487665,tb3,-0.5520024071713929,-0.5845859826584623,0.18,-0.0942284424916043
1777029868.9715996,tb2,-1.661690110324863,-0.46522357930110597,0.18,-0.7046057456489806
1777029868.975354,tb7,-1.0165028054945746,0.5240800378006243,0.18,-0.12183276110959249
1777029868.9768083,tb1,-0.23866180014530564,0.12527080139912428,0.18,-0.10789964448612041
1777029868.9986389,tb3,-0.5575788978473198,-0.591703648307477,0.18,-0.09505369467047854
1777029869.0216095,tb2,-1.6702280513493497,-0.46149514148143456,0.18,-0.773917058026883
1777029869.0254326,tb7,-1.0165028054945746,0.5240800378006243,0.18,-0.13226894080212684
1777029869.0268395,tb1,-0.23866180014530564,0.12527080139912428,0.18,-0.10508863528606593
1777029869.0486507,tb3,-0.5631891226786657,-0.5987953079577167,0.18,-0.09578628940312174
1777029869.0715191,tb2,-1.678630323225867,-0.4574648420492328,0.18,-0.8626631223562076
1777029869.0754583,tb7,-1.0082323809324654,0.5203933728710709,0.18,-0.12923903400630024
1777029869.0768135,tb1,-0.23620293857291882,0.11656293896149957,0.18,-0.10540850185794806
1777029869.0987163,tb3,-0.5688332544995517,-0.6058604985177888,0.18,-0.09646815608736053
1777029869.1215892,tb2,-1.6869071168334122,-0.45310555010207854,0.18,-0.9621551746710221
1777029869.12549,tb7,-0.9999818016425919,0.5166522586514376,0.18,-0.12499296843512604
1777029869.1269827,tb1,-0.23379075152371276,0.10784328123410526,0.18,-0.10600641313421162
1777029869.1486616,tb3,-0.574511429992009,-0.6128988006671073,0.18,-0.09713544421084715
1777029869.171559,tb2,-1.6950330239432008,-0.44837784337945485,0.18000000000000002,-1.069088439785491
1777029869.175342,tb7,-0.9917572797503167,0.5128582624917933,0.18,-0.12096436195736811
1777029869.1767967,tb1,-0.2314244624335457,0.09911085322979572,0.18,-0.10659729956085227
1777029869.1986952,tb3,-0.574511429992009,-0.6128988006671073,0.18,-0.08993300011594085
1777029869.2215533,tb2,-1.702966515078595,-0.44324010429503524,0.18,-1.1803568476524775
1777029869.2253003,tb7,-0.9835586814000635,0.5090135808078883,0.18,-0.11730004479032352
1777029869.226776,tb1,-0.229104368366216,0.09036572890229674,0.18,-0.10712419511092235
1777029869.2486544,tb3,-0.5802237585342422,-0.6199097797866719,0.18,-0.09052366120075946
1777029869.2715185,tb2,-1.7106573735491897,-0.43764913891834006,0.18,-1.289052148099654
1777029869.2753298,tb7,-0.9753852861885055,0.5051202571509139,0.18,-0.11394242402304867
1777029869.2768452,tb1,-0.22683083472712204,0.08160808291519932,0.18,-0.10758462072347016
1777029869.2986736,tb3,-0.585966739497435,-0.6268916527896953,0.18,-0.0918079631258767
1777029869.321559,tb2,-1.7180393642072016,-0.43157281647804147,0.18,-1.3889764162907332
1777029869.3254526,tb7,-0.9672362856503378,0.5011799957020168,0.18,-0.11078807032324754
1777029869.326914,tb1,-0.22460420302643164,0.07283815053041778,0.18,-0.10799292224950664
1777029869.3487022,tb3,-0.5917414299951883,-0.6338477894246615,0.18,-0.09304432511286168
1777029869.3714998,tb2,-1.7250421407490062,-0.4249860496834435,0.18,-1.4686283830584062
1777029869.3752868,tb7,-0.9591111478112038,0.49719442613855697,0.18,-0.10772312524116358
1777029869.3767862,tb1,-0.2224247688320747,0.06405614573904281,0.18,-0.10835716950589382
1777029869.3988068,tb3,-0.5975483214522473,-0.6407779289558457,0.18,-0.09414548160743826
1777029869.4216099,tb2,-1.7250421407490062,-0.4249860496834435,0.17449661832812677,-1.5
1777029869.4257932,tb7,-0.9510093356097289,0.4931650658633653,0.18,-0.0835962098792929
1777029869.4267726,tb1,-0.22029279907996088,0.05526231122523626,0.18,-0.09687914394684634
1777029869.44866,tb3,-0.6033877168659347,-0.6476814375363701,0.18,-0.09515500214252229
1777029869.4717162,tb2,-1.7315824816594632,-0.41789230088093077,0.16675414361447127,-1.5
1777029869.475479,tb7,-0.9510093356097289,0.4931650658633653,0.18,-0.11273007939801148
1777029869.4768403,tb1,-0.22029279907996088,0.05526231122523626,0.18,-0.10544118737219622
1777029869.4985585,tb3,-0.6092598823632911,-0.6545577785421807,0.18,-0.09582360291730245
1777029869.521657,tb2,-1.7373929200165208,-0.4105678892730044,0.16318846481340196,-1.5
1777029869.5255265,tb7,-0.9429359531563539,0.4891013030900614,0.18,-0.11129414115585444
1777029869.5268872,tb1,-0.218207263486902,0.0464622156912335,0.18,-0.10663623270800397
1777029869.548613,tb3,-0.6151649684317205,-0.6614063901881873,0.18,-0.09612620310906306
1777029869.571593,tb2,-1.7424280128413936,-0.40313643174173963,0.16325576106379164,-1.5
1777029869.5753539,tb7,-0.934872244614497,0.48499180602868425,0.18,-0.10619799089456186
1777029869.5768619,tb1,-0.21616563511878786,0.03764822965799469,0.18,-0.10692702502313559
1777029869.598709,tb3,-0.621102948923024,-0.6682267780342683,0.18,-0.09623433436850418
1777029869.621539,tb2,-1.7468187584931103,-0.39547384903999727,0.16659951375176538,-1.5
1777029869.625317,tb7,-0.9268325929698212,0.4808378702575415,0.18,-0.10092795035983619
1777029869.6267736,tb1,-0.2141707183427556,0.028823032434686546,0.18,-0.10702755867717288
1777029869.6485324,tb3,-0.6270737037517065,-0.675018599963519,0.18,-0.09633202650110906
1777029869.6715255,tb2,-1.7506499220648055,-0.38744443016275987,0.17299060223916898,-1.5
1777029869.6753564,tb7,-0.9188175476720936,0.47664202590068533,0.18000000000000002,-0.09602024873058307
1777029869.6768153,tb1,-0.2122229512415564,0.0199871886406873,0.18,-0.10705705128567804
1777029869.6988473,tb3,-0.6270737037517065,-0.675018599963519,0.18,-0.08861356157555206
1777029869.7215738,tb2,-1.7539548485925567,-0.37892616678807256,0.18,-1.479769577926064
1777029869.725407,tb7,-0.9108261260762845,0.4724066703097741,0.17999999999999997,-0.09161503032820013
1777029869.7268538,tb1,-0.21032247969800857,0.01114101418207008,0.18,-0.10707524789193024
1777029869.7487512,tb3,-0.633077114035449,-0.6817816376292386,0.18,-0.08868688138178617
1777029869.7715642,tb2,-1.7567193744935257,-0.3698400854418047,0.18,-1.385380261277896
1777029869.7754447,tb7,-0.9028572126486418,0.46813399880499657,0.18,-0.08774624875985972
1777029869.7768743,tb1,-0.20846938446581847,0.002284781788387985,0.18,-0.10710186719033958
1777029869.7987447,tb3,-0.6391094694926147,-0.6885143287243973,0.18,-0.08957304482240024
1777029869.8214614,tb2,-1.7588486185983256,-0.3604452345882353,0.18,-1.2952052415391293
1777029869.8253438,tb7,-0.89490970639638,0.463825967757423,0.18000000000000002,-0.08416797147269897
1777029869.8267682,tb1,-0.20666372959583973,-0.006581256292077353,0.18,-0.10709943111613274
1777029869.8486912,tb3,-0.6451716376916059,-0.6952202299510893,0.18,-0.0904463249570278
1777029869.8715773,tb2,-1.7603265185380084,-0.35096989921787447,0.18,-1.216031152788188
1777029869.875326,tb7,-0.8869825756454299,0.45948420136671886,0.18,-0.08074256947637636
1777029869.8767498,tb1,-0.20490557784022528,-0.015456840598869325,0.18,-0.10702467177890966
1777029869.8986998,tb3,-0.6512639770819874,-0.7018993008581359,0.18,-0.09112671547529698
1777029869.9216065,tb2,-1.7611969330646438,-0.3414591686623365,0.18,-1.1459423749122568
1777029869.9257216,tb7,-0.8790750792730453,0.4551103134213247,0.18,-0.07755370380405804
1777029869.9270496,tb1,-0.20319497564201172,-0.024341686075661065,0.18,-0.10687502776547246
1777029869.9494367,tb3,-0.6573866664416185,-0.7085511067158909,0.18,-0.09152886722327218
1777029869.9715307,tb2,-1.7611969330646438,-0.3414591686623365,0.18,-1.2915712147279186
1777029869.9754288,tb7,-0.8711864036473396,0.45070572816222676,0.18,-0.06870924381742732
1777029869.9768457,tb1,-0.20153193261033164,-0.03323549142642644,0.18,-0.10672506096386845
1777029869.9986954,tb3,-0.6635397557276909,-0.7151751802991446,0.18,-0.09204470104663925
1777029870.0214846,tb2,-1.761500610305368,-0.33195021470116387,0.18,-1.2254968821061123
1777029870.025347,tb7,-0.8711864036473396,0.45070572816222676,0.18,-0.08010741758982859
1777029870.0271595,tb1,-0.19991642478244964,-0.042137978837737185,0.18,-0.10651701581931863
1777029870.0487735,tb3,-0.669723248322134,-0.7217711837188538,0.18,-0.09236506083311743
1777029870.071629,tb2,-1.7612234187121403,-0.32236679352795183,0.18,-1.0970315618995226
1777029870.0754347,tb7,-0.8633174159325259,0.44627412470664485,0.18,-0.07771993409109255
1777029870.0768626,tb1,-0.19991642478244964,-0.042137978837737185,0.18,-0.1028661368763972
1777029870.0987098,tb3,-0.6759371713827218,-0.7283388052761227,0.18,-0.09258527591921413
1777029870.121497,tb2,-1.7603521152757537,-0.31286881602832983,0.18,-0.9807934923723974
1777029870.1253402,tb7,-0.8554609494202392,0.44181099815705266,0.18,-0.07401664028022364
1777029870.1268156,tb1,-0.19834843621351086,-0.05104866299254793,0.18,-0.10264922045963633
1777029870.1487048,tb3,-0.6821814625806741,-0.7348777410654266,0.18,-0.09270446478210163
1777029870.171727,tb2,-1.7589555002418227,-0.30349701306891175,0.18,-0.896794403380288
1777029870.1754937,tb7,-0.8476231498512503,0.4373177495230096,0.18,-0.07049936895510903
1777029870.1768432,tb1,-0.19682714341967705,-0.05996594847637124,0.18,-0.10269872007509719
1777029870.1986136,tb3,-0.6884560172067203,-0.7413877391675467,0.18,-0.09279485067697844
1777029870.2215533,tb2,-1.7571026554642935,-0.2942561289490371,0.18,-0.8341491912022017
1777029870.2254417,tb7,-0.8398036847081695,0.4327961291139933,0.18,-0.06730487905556458
1777029870.2268474,tb1,-0.19535167763175973,-0.0688908632497448,0.18,-0.10272738735565998
1777029870.248697,tb3,-0.6884560172067203,-0.7413877391675467,0.18,-0.08461028647446274
1777029870.271529,tb2,-1.7548437805274306,-0.2851444054233485,0.18,-0.786376942252831
1777029870.275358,tb7,-0.83200173661933,0.42824766841251266,0.18,-0.06449263729251008
1777029870.2768548,tb1,-0.1939220540987584,-0.07782325657781303,0.18,-0.10272552207711094
1777029870.298776,tb3,-0.6947607259991603,-0.7478686049463196,0.18,-0.08461124055866844
1777029870.3214877,tb2,-1.752215115503512,-0.2761598490610018,0.18,-0.746232747610795
1777029870.3253741,tb7,-0.8242164084423375,0.42367369694995566,0.18,-0.06206136319251729
1777029870.3267891,tb1,-0.19253832704221688,-0.08676288192958471,0.18,-0.10270634158393628
1777029870.3485887,tb3,-0.7010914904595708,-0.7543188825679866,0.18,-0.08546784889694899
1777029870.3714972,tb2,-1.749243966799919,-0.2673042408309729,0.18,-0.7109837483603256
1777029870.375468,tb7,-0.8164468901949231,0.41907530877106686,0.18,-0.05998197310125282
1777029870.3768258,tb1,-0.19120053486178115,-0.09570949150689706,0.18,-0.10266864177583002
1777029870.3986545,tb3,-0.7074495214300144,-0.7607423497438678,0.18,-0.08631680387287315
1777029870.421583,tb2,-1.7459540074588489,-0.25858109687127484,0.18,-0.6795824956582587
1777029870.425358,tb7,-0.8086925474876651,0.41445347855561293,0.18,-0.05821650340553302
1777029870.426905,tb1,-0.1899087043272442,-0.10466283891103605,0.18,-0.10262342320032897
1777029870.4487977,tb3,-0.7138351427482518,-0.7671389752478153,0.18,-0.08712065474771487
1777029870.4715414,tb2,-1.7423661307944251,-0.249993162067916,0.18,-0.6507428164851806
1777029870.4753997,tb7,-0.800952800175777,0.40980903940506763,0.18,-0.05677489585020831
1777029870.4767983,tb1,-0.1886628517998773,-0.11362267865661672,0.18,-0.10259372173143123
1777029870.49872,tb3,-0.7202485493251329,-0.7735083485604238,0.18,-0.08793831228832026
1777029870.5219603,tb2,-1.738499499575504,-0.24154293219312822,0.18,-0.600907697290443
1777029870.525391,tb7,-0.7932271275340085,0.40514264929005894,0.18,-0.055608791307513554
1777029870.5267587,tb1,-0.18746298942896777,-0.12258877614908771,0.18,-0.10256162692265183
1777029870.5487165,tb3,-0.7266898854386609,-0.7798500237293373,0.18,-0.08874007771948764
1777029870.5715935,tb2,-1.738499499575504,-0.24154293219312822,0.18,-0.7348672910915275
1777029870.5752718,tb7,-0.7855151226191149,0.4004548357259131,0.18,-0.042747338440086546
1777029870.5768533,tb1,-0.18630913320021011,-0.13156089476429028,0.18,-0.10252396715567985
1777029870.5987222,tb3,-0.7331593127008157,-0.7861636015146647,0.18,-0.08954390517146474
1777029870.6215513,tb2,-1.7343798703599225,-0.23323822990719714,0.18000000000000002,-0.712301090221077
1777029870.6253417,tb7,-0.7855151226191149,0.4004548357259131,0.18,-0.05844024496550703
1777029870.6268237,tb1,-0.18630913320021011,-0.13156089476429028,0.18,-0.09848095675890148
1777029870.648567,tb3,-0.7396569724553449,-0.7924486688884474,0.18,-0.09040314613556608
1777029870.6715279,tb2,-1.7299560664595162,-0.225026428396814,0.18,-0.6523440857974838
1777029870.6753645,tb7,-0.777818921608109,0.39575048543716057,0.18,-0.05866095596202255
1777029870.6768858,tb1,-0.18520130451901443,-0.1405386858920831,0.18,-0.09844095986690087
1777029870.6987276,tb3,-0.7461830573393582,-0.7987048343894608,0.18,-0.09119125077665387
1777029870.7216163,tb2,-1.725247731915588,-0.21699109140663972,0.18000000000000002,-0.5965609402538784
1777029870.7253957,tb7,-0.7701298557856514,0.39102278508677707,0.18,-0.057524439948942616
1777029870.7268512,tb1,-0.18413866386992617,-0.14952021759428805,0.18,-0.09877746348722623
1777029870.7487376,tb3,-0.7527376926140287,-0.8049316398796718,0.18,-0.09200506086678842
1777029870.7716131,tb2,-1.7202905872432526,-0.20914157186075322,0.18,-0.5527791290926546
1777029870.77543,tb7,-0.7624547102291708,0.38627263225570946,0.18,-0.05649075856353915
1777029870.7768686,tb1,-0.18312025439766,-0.15850689566127774,0.18,-0.09909869541323867
1777029870.7988045,tb3,-0.7527376926140287,-0.8049316398796718,0.18,-0.08326666126092387
1777029870.8215563,tb2,-1.7151143123893255,-0.20146641676842028,0.18,-0.5192307030596731
1777029870.8253329,tb7,-0.7547937834898719,0.38150066163331764,0.18,-0.05569685528701159
1777029870.8267803,tb1,-0.182146197692014,-0.1674986595210187,0.18,-0.09939183329817809
1777029870.8487172,tb3,-0.7593210573891402,-0.8111286762957508,0.18,-0.08404779190360488
1777029870.871644,tb2,-1.7097390338012055,-0.19395203903971447,0.18,-0.4925427914018309
1777029870.875559,tb7,-0.7471467508509189,0.3767072949871674,0.18,-0.05515831566966544
1777029870.8768883,tb1,-0.18121668430447227,-0.17649528743482068,0.18,-0.09963676328576057
1777029870.8987925,tb3,-0.7659287495688937,-0.817294233366181,0.18,-0.08573634766947073
1777029870.9216142,tb2,-1.7041806097058485,-0.18659018199180222,0.18,-0.47030063255217575
1777029870.9254231,tb7,-0.739513358811342,0.37189282755305747,0.18,-0.05481987689184312
1777029870.9268906,tb1,-0.18033188330492644,-0.18549655541966706,0.18,-0.09986969534871681
1777029870.9487798,tb3,-0.7725624853533078,-0.8234323193454266,0.18,-0.08749828883013905
1777029870.971541,tb2,-1.698451428739742,-0.17937470447409642,0.18,-0.4511621526438585
1777029870.975352,tb7,-0.7318934316471098,0.367057450345009,0.18,-0.05468841957452303
1777029870.9767709,tb1,-0.17949194177050373,-0.19450223575829687,0.18,-0.10009855207085977
1777029870.998843,tb3,-0.779222939004177,-0.8295426260570157,0.18,-0.08921934258914885
1777029871.0216038,tb2,-1.698451428739742,-0.17937470447409642,0.18000000000000002,-0.5359808113362862
1777029871.0257354,tb7,-0.7242868608959578,0.3622012693175636,0.18,-0.04443579844450724
1777029871.0267248,tb1,-0.17869699876296855,-0.2035121157051796,0.18,-0.10030809730415599
1777029871.0486217,tb3,-0.7859106303066857,-0.835624437532524,0.18,-0.09095903156511213
1777029871.071551,tb2,-1.692563144501852,-0.17230162340537253,0.18,-0.5165124650195191
1777029871.0754192,tb7,-0.7242868608959578,0.3622012693175636,0.18,-0.05733409591260838
1777029871.0768688,tb1,-0.17869699876296855,-0.2035121157051796,0.18,-0.09596464889684315
1777029871.098832,tb3,-0.7926260386369604,-0.8416769517501201,0.18000000000000002,-0.0926022004288498
1777029871.121638,tb2,-1.6864776033015558,-0.16534977031968667,0.18,-0.4784916910917602
1777029871.1253295,tb7,-0.7166958367680589,0.3573283686657226,0.18,-0.05836742451749606
1777029871.1268725,tb1,-0.1779471956066575,-0.21252589809691982,0.18,-0.0961369253832234
1777029871.1488032,tb3,-0.7993695989921891,-0.8476993529533724,0.18,-0.09425662087035858
1777029871.1715653,tb2,-1.6802205554365877,-0.15856785280992713,0.18,-0.44401349753848685
1777029871.1753561,tb7,-0.7091130022471537,0.35243288405222595,0.18,-0.05829191847139205
1777029871.176791,tb1,-0.17724166025253635,-0.22154139346262758,0.18,-0.09672703960251228
1777029871.1986225,tb3,-0.8061417266759693,-0.8536908641676515,0.18000000000000002,-0.09591870151126378
1777029871.2215636,tb2,-1.6738133056949553,-0.15195338154451268,0.18,-0.4165937256925263
1777029871.225337,tb7,-0.7015440941302437,0.3475152148290757,0.18,-0.05826236488680627
1777029871.2268722,tb1,-0.17657944318455418,-0.23056030975791614,0.18,-0.0972791574193267
1777029871.248605,tb3,-0.8129428036329716,-0.8596507147253771,0.18,-0.09755019075384545
1777029871.271608,tb2,-1.6672704702506167,-0.1454947348092114,0.18,-0.39475873496909575
1777029871.2754288,tb7,-0.6939895795604909,0.3425755160626746,0.18,-0.058389994837353715
1777029871.276971,tb1,-0.1759607801089956,-0.2395825940571569,0.18,-0.09777843719685074
1777029871.2986348,tb3,-0.8129428036329716,-0.8596507147253771,0.18,-0.08821487223840047
1777029871.321541,tb2,-1.6606031770016252,-0.13918231741431047,0.18,-0.37693254212282196
1777029871.3253062,tb7,-0.6864494771019437,0.3376138136027767,0.18,-0.05865808695602355
1777029871.3267748,tb1,-0.1753859601930704,-0.2486080406956335,0.18,-0.09825797684196425
1777029871.348717,tb3,-0.8197730728084707,-0.8655780413228545,0.18000000000000002,-0.08980391843864387
1777029871.3715494,tb2,-1.6538202473954087,-0.13300858939975724,0.18,-0.36230992989041183
1777029871.375364,tb7,-0.6789238175292556,0.3326300541707753,0.18,-0.059065637648056044
1777029871.3768485,tb1,-0.17485525479237124,-0.25763643082442345,0.18,-0.09866877236456344
1777029871.3986487,tb3,-0.8266276976666718,-0.87147124024444,0.18,-0.09246005164668898
1777029871.421542,tb2,-1.6469291117787552,-0.1269677860060437,0.18,-0.35007581672689997
1777029871.4253545,tb7,-0.6714126789238403,0.3276241170730675,0.18,-0.05959163023340846
1777029871.4267888,tb1,-0.17436892007597576,-0.2666675449010945,0.18,-0.0990557188423269
1777029871.4487448,tb3,-0.8335092621964874,-0.8773343449089811,0.17999999999999997,-0.09510381211454352
1777029871.4714525,tb2,-1.6399357761376903,-0.12105532965802968,0.18,-0.3395269782282205
1777029871.4754238,tb7,-0.6639161916831015,0.3225958219258148,0.18,-0.060225829907787604
1777029871.4767911,tb1,-0.17392718323286854,-0.2757011484203876,0.18,-0.09940775085518393
1777029871.498761,tb3,-0.8404186974947311,-0.883166608016653,0.18,-0.09770100472178522
1777029871.521445,tb2,-1.6399357761376903,-0.12105532965802968,0.18,-0.40088417017760647
1777029871.5252526,tb7,-0.6564345400336024,0.31754496776899355,0.18,-0.06094812714954577
1777029871.526777,tb1,-0.1735302392524329,-0.28473699876000513,0.18,-0.0997387434921747
1777029871.5487556,tb3,-0.8473566810647877,-0.8889668644529535,0.18,-0.1002557496808284
1777029871.571504,tb2,-1.6328453130937928,-0.11526779582204279,0.18,-0.38974189819402405
1777029871.575282,tb7,-0.6489679273043241,0.3124712968196809,0.18000000000000002,-0.041114577763221395
1777029871.57671,tb1,-0.1731782648248318,-0.2937748716471446,0.18,-0.10005161702330985
1777029871.5987523,tb3,-0.8543238362594082,-0.8947339700727336,0.18,-0.10278658830052041
1777029871.621571,tb2,-1.6256286956207417,-0.10959645672118169,0.18,-0.3675175898228933
1777029871.6254492,tb7,-0.6489679273043241,0.3124712968196809,0.18,-0.0631291766553569
1777029871.6268783,tb1,-0.1731782648248318,-0.2937748716471446,0.18,-0.09534829399018677
1777029871.6487904,tb3,-0.8613207458877818,-0.9004668114259943,0.18,-0.10527166925261758
1777029871.6715825,tb2,-1.618305560806051,-0.10407148140775942,0.18,-0.34671180008832847
1777029871.6753893,tb7,-0.6415211393378277,0.30738326838104135,0.18,-0.0658831095707785
1777029871.6768498,tb1,-0.172871425955402,-0.30281449768170526,0.18,-0.09560175943403607
1777029871.6986058,tb3,-0.8683480557366396,-0.9061643099413382,0.18,-0.1077666272220486
1777029871.7215798,tb2,-1.610888493948549,-0.0986910208634029,0.18,-0.32936856295300004
1777029871.7254157,tb7,-0.6340801895449776,0.3022699998559692,0.17999999999999997,-0.0665945268770941
1777029871.726866,tb1,-0.17260872348673323,-0.31185346260714547,0.18,-0.09630808883674
1777029871.7487276,tb3,-0.8754063372947657,-0.9118253231483202,0.18,-0.11018005420357115
1777029871.7715917,tb2,-1.6033856277838272,-0.09344771758115406,0.18,-0.31520159675541704
1777029871.7754865,tb7,-0.6266549257275913,0.2971319674896243,0.18,-0.06718163580541162
1777029871.7769718,tb1,-0.17238918659187163,-0.3208937341387606,0.18,-0.0969810374586221
1777029871.798802,tb3,-0.8824961909441281,-0.9174487137150025,0.18,-0.0932753751248418
1777029871.821506,tb2,-1.5958037523485584,-0.0883345897015134,0.18,-0.30367360699416257
1777029871.8253267,tb7,-0.6192464681501861,0.29196909920932523,0.18,-0.0678225567375735
1777029871.826817,tb1,-0.17221309287991532,-0.32993533102536593,0.18,-0.09760727501618738
1777029871.848652,tb3,-0.8824961909441281,-0.9174487137150025,0.18,-0.10244366985076545
1777029871.8716078,tb2,-1.5881477293301052,-0.08334515507839368,0.18,-0.29432549936601626
1777029871.8754182,tb7,-0.6118551388470269,0.2867812047844035,0.18,-0.06853544765234973
1777029871.8769317,tb1,-0.1720808170977794,-0.3389780030770711,0.18,-0.09813929016930154
1777029871.8987234,tb3,-0.8896091223868537,-0.9230317076248683,0.18,-0.10653012674727447
1777029871.9218314,tb2,-1.5804215151085415,-0.07847467858573387,0.18,-0.2865864649991621
1777029871.926015,tb7,-0.604481181842313,0.28156804376369376,0.18,-0.06932154354734038
1777029871.9272532,tb1,-0.17199268286855157,-0.34802150225383377,0.18,-0.09859961090296002
1777029871.9490464,tb3,-0.89675271455398,-0.9285819334886295,0.18,-0.10997772515333559
1777029871.9714215,tb2,-1.5726284374982005,-0.07371965513632571,0.18,-0.2793676031982049
1777029871.975374,tb7,-0.5971248777587862,0.27632936607800906,0.18,-0.070147418800676
1777029871.9768448,tb1,-0.17194895860901588,-0.3570655609640116,0.18,-0.09909047935832896
1777029871.9986806,tb3,-0.9039270068226276,-0.9340955866720347,0.18,-0.11343814065131284
1777029872.0216484,tb2,-1.5726284374982005,-0.07371965513632571,0.18,-0.324073006073209
1777029872.0253222,tb7,-0.5897865161317961,0.2710648807150203,0.18,-0.07102892819232907
1777029872.0267658,tb1,-0.17194988742406406,-0.3661099674365681,0.18,-0.09950629711742066
1777029872.0486207,tb3,-0.9111327324533155,-0.9395709115103242,0.18,-0.1167625388821018
1777029872.0714774,tb2,-1.5647718967938014,-0.06907744886653205,0.18,-0.31659807512788873
1777029872.0753393,tb7,-0.5897865161317961,0.2710648807150203,0.18,-0.07156070702963604
1777029872.0768855,tb1,-0.1719957041135935,-0.37515446973389127,0.17999999999999997,-0.08743421542059847
1777029872.0986028,tb3,-0.9183707036836002,-0.9450063310167075,0.18,-0.1200270342324423
1777029872.1215267,tb2,-1.5568296283109306,-0.06454482479876406,0.18,-0.30241684184684825
1777029872.12548,tb7,-0.5824664224384131,0.2657743016018037,0.18000000000000002,-0.0723856123636977
1777029872.1268375,tb1,-0.1719957041135935,-0.37515446973389127,0.18,-0.09485442708398516
1777029872.1487188,tb3,-0.9256415873327422,-0.9504002722893614,0.17999999999999997,-0.12321775477474305
1777029872.171557,tb2,-1.5488191070944741,-0.06014134388790156,0.18,-0.28912810328411376
1777029872.1753967,tb7,-0.575164996198267,0.2604574803293178,0.18,-0.07325489693171114
1777029872.1768079,tb1,-0.17208374469467402,-0.3841935721928165,0.18,-0.09628982780339676
1777029872.1987853,tb3,-0.9329461487823589,-0.9557512550739595,0.18,-0.126379718460539
1777029872.221503,tb2,-1.5407481606610416,-0.05586457571420829,0.18,-0.277855158035369
1777029872.225317,tb7,-0.5678824454828983,0.2551141399145826,0.18,-0.07415866993947616
1777029872.2268686,tb1,-0.17221329343024194,-0.3932352974898749,0.18,-0.09705020449271398
1777029872.248733,tb3,-0.9402850370733002,-0.9610577300949495,0.18,-0.12955085347981773
1777029872.2716088,tb2,-1.5326211229738724,-0.05170881624103331,0.18,-0.26847795116112044
1777029872.2753873,tb7,-0.5606191082187302,0.24974399617632997,0.18,-0.07508856460731282
1777029872.2769516,tb1,-0.1723861778264384,-0.40227692078997623,0.18,-0.09767927363687719
1777029872.2987587,tb3,-0.9476588671845471,-0.9663181856008591,0.18,-0.11105474276495723
1777029872.3215635,tb2,-1.5244417058607074,-0.04766919382480321,0.18,-0.2604946199590072
1777029872.3254323,tb7,-0.5533753179882365,0.24434673311185948,0.18,-0.07603344841236735
1777029872.3268442,tb1,-0.17260286992314156,-0.41131796110190655,0.18,-0.09825549116619182
1777029872.3486044,tb3,-0.9476588671845471,-0.9663181856008591,0.18,-0.12156577015053743
1777029872.3714707,tb2,-1.5162125317802713,-0.04374147164111056,0.18,-0.2535650051945249
1777029872.375349,tb7,-0.5461514696433246,0.23892205274349687,0.18,-0.07699011822798622
1777029872.3767793,tb1,-0.17286369948190333,-0.4203581352493392,0.18,-0.09876082900044729
1777029872.398652,tb3,-0.9550581835566598,-0.9715297522023834,0.18,-0.12659205884448752
1777029872.4216497,tb2,-1.5079363397781724,-0.03992247931270225,0.18000000000000002,-0.24778033894756246
1777029872.42535,tb7,-0.538947941048409,0.2334696549695775,0.18,-0.07796347481109332
1777029872.426803,tb1,-0.1731689474907889,-0.42939718063471644,0.18,-0.09920651355883953
1777029872.448662,tb3,-0.9624914945091254,-0.9767003704217962,0.18,-0.13104863440734515
1777029872.4714305,tb2,-1.4996154050648673,-0.036209427624120286,0.18000000000000002,-0.24246900993403253
1777029872.4753282,tb7,-0.5317651113120393,0.2279892171548052,0.18,-0.07894444460925693
1777029872.4767401,tb1,-0.1735188574130042,-0.4384348396191251,0.18,-0.09961601855801515
1777029872.4986508,tb3,-0.9699589799437403,-0.9818258637436064,0.18,-0.135360634228519
1777029872.521586,tb2,-1.4912518284941656,-0.03260007281210878,0.18,-0.23800638616307235
1777029872.5253422,tb7,-0.5246033973227485,0.22248045116759835,0.18,-0.07993494586804263
1777029872.5268075,tb1,-0.1739136403133294,-0.44747085401873093,0.18,-0.09997202622048018
1777029872.548769,tb3,-0.9774613756856853,-0.9869038659008232,0.18,-0.13958689468673977
1777029872.571527,tb2,-1.4912518284941656,-0.03260007281210878,0.17999999999999997,-0.26961287304851
1777029872.575328,tb7,-0.5174631920739345,0.21694303929550565,0.18,-0.06678200206598199
1777029872.5768135,tb1,-0.17435348096056902,-0.4565049666033013,0.18,-0.10030000650562418
1777029872.5986404,tb3,-0.9849996096448811,-0.9919323872593205,0.18,-0.14382028560700355
1777029872.6215944,tb2,-1.4828472224311673,-0.029092371115762072,0.18,-0.26449874040871935
1777029872.6253912,tb7,-0.5174631920739345,0.21694303929550565,0.18,-0.080552719812725
1777029872.6269472,tb1,-0.17435348096056902,-0.4565049666033013,0.18,-0.0949320437617139
1777029872.648758,tb3,-0.9925745327974896,-0.9969093380483903,0.18,-0.14797029222718003
1777029872.6716561,tb2,-1.4743860844297434,-0.02568711081691594,0.18,-0.25502303492193207
1777029872.675393,tb7,-0.5103477228608139,0.2113827557554403,0.17999999999999997,-0.08283467891561538
1777029872.676858,tb1,-0.17483854826662004,-0.4655369341659315,0.18,-0.09519467826992989
1777029872.698733,tb3,-1.0001869504434722,-1.0018326188595847,0.18,-0.15213920738945522
1777029872.7215538,tb2,-1.4658832558854713,-0.02239585736932003,0.18,-0.2461524969708995
1777029872.725328,tb7,-0.5032482371490983,0.20579237258517494,0.18,-0.08384037312105307
1777029872.72684,tb1,-0.17536750299750686,-0.47456405215943465,0.18,-0.09596492177048874
1777029872.7485738,tb3,-1.0078377190389465,-1.006700123888925,0.18,-0.15633123071420493
1777029872.771474,tb2,-1.4573433805585585,-0.019215741400760777,0.18,-0.23851110597417305
1777029872.77539,tb7,-0.4961710027206094,0.20017225007665124,0.17999999999999997,-0.08471598248514052
1777029872.7768939,tb1,-0.1759394069240196,-0.48358875545223495,0.18,-0.09668498293144046
1777029872.7988873,tb3,-1.0155274274372579,-1.011509701530767,0.18,-0.15419465224364287
1777029872.8215575,tb2,-1.4487686486221254,-0.01614256676347351,0.18,-0.23190736096308553
1777029872.8253863,tb7,-0.4891169991419599,0.1945222697091692,0.18,-0.08558609499702748
1777029872.8268685,tb1,-0.17655457418154172,-0.49261097187207753,0.18,-0.09733815317968836
1777029872.8486853,tb3,-1.0155274274372579,-1.011509701530767,0.18,-0.1479835400423211
1777029872.8715556,tb2,-1.4401612727166784,-0.013172961941672504,0.18,-0.22607292569070683
1777029872.8753524,tb7,-0.4820866478719927,0.18884219998694285,0.18,-0.08645291357945185
1777029872.876792,tb1,-0.17721334922914456,-0.5016304572623328,0.18,-0.09792157769550044
1777029872.8986583,tb3,-1.023253376928603,-1.0162589172555447,0.18,-0.15276369023853423
1777029872.9216058,tb2,-1.4315231628911644,-0.010303883435308641,0.18,-0.22094750859330722
1777029872.9254155,tb7,-0.4750803491974844,0.18313178536209457,0.18,-0.08730905672095239
1777029872.926865,tb1,-0.17791605450732087,-0.5106469419344587,0.18,-0.09841843190649685
1777029872.94864,tb3,-1.0310130337409638,-1.0209487651651366,0.18,-0.15856911111200062
1777029872.9716825,tb2,-1.4315231628911644,-0.010303883435308641,0.18,-0.24596833916016106
1777029872.9753628,tb7,-0.46809852516975076,0.1773907807045938,0.18,-0.08815956097321705
1777029872.976826,tb1,-0.17866296947789997,-0.5196601417131264,0.18,-0.09887063288799254
1777029872.9986064,tb3,-1.0388103284075474,-1.025580960923749,0.18,-0.16438427610705397
1777029873.0215573,tb2,-1.4228559456316183,-0.007532703117186087,0.18,-0.24057394556078848
1777029873.0253713,tb7,-0.46809852516975076,0.1773907807045938,0.18,-0.08721550892893642
1777029873.026852,tb1,-0.17866296947789997,-0.5196601417131264,0.18,-0.09323989637350764
1777029873.048755,tb3,-1.0466465956582265,-1.0301528130275444,0.18,-0.17012731894896477
1777029873.071554,tb2,-1.414146996362271,-0.004859842115060694,0.18,-0.2320023477344168
1777029873.0754867,tb7,-0.4611416046403481,0.17161895439617575,0.18,-0.08797881481168243
1777029873.0768182,tb1,-0.17945432944255382,-0.5286697849121198,0.18,-0.09359942745822006
1777029873.098654,tb3,-1.0545228692947135,-1.0346613377369909,0.18,-0.17593064558537583
1777029873.1215565,tb2,-1.4054090860094453,-0.0022935775181240296,0.18,-0.22402561731431006
1777029873.125398,tb7,-0.4542103017409633,0.16581690297263268,0.18000000000000002,-0.08889884963695777
1777029873.126788,tb1,-0.1802886699956388,-0.537673060335835,0.18,-0.09448583265473001
1777029873.1486156,tb3,-1.0624399964367044,-1.0391035624682394,0.18,-0.18177743997271992
1777029873.171617,tb2,-1.3966456008993466,0.00016922802664051702,0.18,-0.2169722239290503
1777029873.1753972,tb7,-0.4473042279674295,0.1599842453314563,0.18,-0.08981091616128907
1777029873.1769042,tb1,-0.1811651119723653,-0.5466725500630526,0.17999999999999997,-0.09530948643227538
1777029873.1987362,tb3,-1.0703987185866806,-1.0434765901141603,0.18,-0.18770426337270227
1777029873.2216501,tb2,-1.3878584384666903,0.002532188050124651,0.18,-0.21069688425604022
1777029873.2254183,tb7,-0.440423756328679,0.15412073537323784,0.18,-0.09070387357945456
1777029873.2268584,tb1,-0.1820839953814398,-0.5556682217126788,0.18,-0.09606352004580472
1777029873.2486222,tb3,-1.0703987185866806,-1.0434765901141603,0.18,-0.17381448684359507
1777029873.2715454,tb2,-1.3790494234904855,0.004798605605911928,0.18,-0.20508829389667982
1777029873.2754679,tb7,-0.4335692997792664,0.1482261253037925,0.18,-0.09156980773217276
1777029873.2768407,tb1,-0.183045714035599,-0.5646598257224569,0.18,-0.09672767930773031
1777029873.2987485,tb3,-1.0783998351178083,-1.0477774603775851,0.18,-0.17968890462106313
1777029873.3215911,tb2,-1.3702200039830716,0.006971597604248607,0.18,-0.20013295616478902
1777029873.3253784,tb7,-0.42674131819428773,0.14230019433853383,0.18,-0.09241201485756816
1777029873.3268418,tb1,-0.18405063962350415,-0.5736470694078416,0.18,-0.097306565662681
1777029873.3488135,tb3,-1.0864345486683686,-1.0520034975663208,0.18,-0.18767613562079075
1777029873.3714614,tb2,-1.3613713118820103,0.009053819800165482,0.18,-0.19557172946377427
1777029873.375321,tb7,-0.41994025946232355,0.13634274617337322,0.18,-0.09323290311128477
1777029873.3767953,tb1,-0.18509907756682395,-0.582629641003776,0.18,-0.09782719928300311
1777029873.3987026,tb3,-1.0945093124368943,-1.0561593300379313,0.18,-0.19595578011932416
1777029873.4214861,tb2,-1.3525045661160093,0.011047503869764917,0.18,-0.19146044594435427
1777029873.425331,tb7,-0.4131665583467173,0.1303536050784622,0.18,-0.09403364650572485
1777029873.4268434,tb1,-0.1861912810232547,-0.5916072602435362,0.18,-0.09828114838687262
1777029873.4486413,tb3,-1.1026257098526986,-1.060241629651977,0.18,-0.2043911217533681
1777029873.471629,tb2,-1.3525045661160093,0.011047503869764917,0.18,-0.21026875909039708
1777029873.475382,tb7,-0.4064206384936118,0.1243326142793674,0.18,-0.09481667141302576
1777029873.47681,tb1,-0.187327468260752,-0.6005796497683119,0.18,-0.09869702745656309
1777029873.4986272,tb3,-1.1107850543309958,-1.0642465628527347,0.18,-0.21299975171973845
1777029873.5216162,tb2,-1.343620886577713,0.012954670132426148,0.18,-0.20593141341304583
1777029873.5254054,tb7,-0.4064206384936118,0.1243326142793674,0.18,-0.09322682258706236
1777029873.5268672,tb1,-0.187327468260752,-0.6005796497683119,0.18,-0.09268603162935836
1777029873.548625,tb3,-1.11898900217223,-1.0681699453216245,0.18,-0.2217642337300999
1777029873.571534,tb2,-1.3347108915068604,0.014774082099173079,0.18,-0.19922575586772356
1777029873.5753253,tb7,-0.39970294944926543,0.1182796372052017,0.18,-0.09393726853503209
1777029873.5767899,tb1,-0.1885078087400246,-0.6095463934090393,0.18,-0.09305230144727082
1777029873.5986245,tb3,-1.1272385932108744,-1.0720069828488008,0.18,-0.23079649453341997
1777029873.6215057,tb2,-1.3257847676947083,0.016500658523838384,0.18,-0.19290450201334025
1777029873.6253016,tb7,-0.3930141697653841,0.11219557743141552,0.18,-0.09483386413833461
1777029873.6268027,tb1,-0.18973049172612005,-0.6185049447642681,0.18,-0.09393949644972165
1777029873.648587,tb3,-1.135534452987138,-1.0757530876597312,0.18,-0.2402909343977067
1777029873.6715155,tb2,-1.3168447971120947,0.018137050198402616,0.18,-0.18717489956452
1777029873.6753254,tb7,-0.3863537209035014,0.1060799987261304,0.18,-0.09571128716747533
1777029873.6767762,tb1,-0.19099482371258283,-0.6274579247561002,0.18,-0.09478952808929382
1777029873.6985924,tb3,-1.1438773979082106,-1.0794038303909175,0.18,-0.2503304731801112
1777029873.7214808,tb2,-1.307892136514016,0.01968615533434442,0.18,-0.18193429926284044
1777029873.7253125,tb7,-0.3797219713609784,0.099932698257104,0.18,-0.0965560130562864
1777029873.7268095,tb1,-0.19230113653981928,-0.636405290348747,0.18,-0.09554833139578023
1777029873.7485645,tb3,-1.152268417800541,-1.0829545524487751,0.18,-0.2610145448835086
1777029873.7714646,tb2,-1.298927865606821,0.02115060103299105,0.18,-0.17714370696331175
1777029873.7753122,tb7,-0.3731193677692181,0.09375352222887783,0.18,-0.09736867712889678
1777029873.7767835,tb1,-0.19364980124759534,-0.6453467603708034,0.18,-0.09623660684078598
1777029873.798723,tb3,-1.1607083137060668,-1.0864002707192464,0.18000000000000002,-0.2723966959322516
1777029873.8215945,tb2,-1.289952893913273,0.02253280902376986,0.18,-0.17276642308258447
1777029873.825435,tb7,-0.36654634053387636,0.08754232694292444,0.18,-0.09814467580620623
1777029873.826863,tb1,-0.195041145286241,-0.6542820310912693,0.18,-0.09684477996029665
1777029873.8487582,tb3,-1.1607083137060668,-1.0864002707192464,0.18,-0.25546733657347614
1777029873.8716109,tb2,-1.2809683452279021,0.023835033312280353,0.18,-0.1687273820708847
1777029873.875346,tb7,-0.3600033078351967,0.08129895159878579,0.18,-0.09889093273777311
1777029873.8769317,tb1,-0.19647547555968994,-0.6632108489636825,0.18,-0.09738713759340521
1777029873.8986282,tb3,-1.1691976075757216,-1.0897354232407046,0.18,-0.26763263763603434
1777029873.921972,tb2,-1.2719751475431282,0.02505958469134131,0.18,-0.16511827410667793
1777029873.9259112,tb7,-0.35349071716828595,0.07502322921704131,0.18,-0.09956401223422526
1777029873.927483,tb1,-0.19795308753358798,-0.672132918966978,0.18,-0.09780168115464945
1777029873.9493325,tb3,-1.1777253510548369,-1.0929570137228026,0.18,-0.2830598766986416
1777029873.9715466,tb2,-1.2719751475431282,0.02505958469134131,0.18,-0.1791657184096142
1777029873.9753144,tb7,-0.3470090488062008,0.06871508366939594,0.18,-0.10025900565596256
1777029873.976849,tb1,-0.19947420685703804,-0.6810479066997056,0.18,-0.09832547396549954
1777029873.9986627,tb3,-1.1863015579694658,-1.096067279601826,0.18,-0.3000555071115621
1777029874.0214853,tb2,-1.2629738951023424,0.02620855022345778,0.18,-0.17530599551290607
1777029874.0253255,tb7,-0.3470090488062008,0.06871508366939594,0.18,-0.09809413864623306
1777029874.0270321,tb1,-0.20103904616987595,-0.6899555890324187,0.18,-0.0844685811955037
1777029874.0486672,tb3,-1.1949285709400972,-1.099058555774526,0.18,-0.31791475259936275
1777029874.0716627,tb2,-1.2539571799334128,0.027280561820189436,0.18,-0.16974540952229564
1777029874.0754223,tb7,-0.34055870513031294,0.062374398114417196,0.18,-0.09866628291120023
1777029874.0768507,tb1,-0.20103904616987595,-0.6899555890324187,0.18,-0.09226170791648858
1777029874.0989058,tb3,-1.2036073914920065,-1.1019220891461492,0.18,-0.3371244630823462
1777029874.1216576,tb2,-1.2449332686520667,0.02827261451711239,0.18,-0.1643966462168694
1777029874.125371,tb7,-0.33414053015141004,0.05600247477611442,0.18,-0.0994922585937822
1777029874.126859,tb1,-0.20264352075174624,-0.6988501905083844,0.18,-0.09388167926136776
1777029874.148591,tb3,-1.2123398077932748,-1.104648794308364,0.18,-0.3581751489899166
1777029874.1715543,tb2,-1.2359039363838125,0.029186975689343902,0.18,-0.1595076238308961
1777029874.1753533,tb7,-0.3277535816010076,0.04959881394135881,0.18,-0.10029717723283788
1777029874.176953,tb1,-0.20428810351241802,-0.7077408670209759,0.18,-0.09479208383236577
1777029874.1987376,tb3,-1.2211273289391857,-1.107228380636648,0.18,-0.3809831051408989
1777029874.221644,tb2,-1.2268698578099162,0.030026371838762167,0.17999999999999997,-0.15508431206299703
1777029874.225376,tb7,-0.32139821970427807,0.04316324492757803,0.18,-0.10105452291860005
1777029874.2269452,tb1,-0.20597430578279216,-0.7166244650548037,0.18,-0.09557988024384478
1777029874.2488384,tb3,-1.2211273289391857,-1.107228380636648,0.18,-0.36189708831764866
1777029874.2715194,tb2,-1.2178317040751796,0.030793270960659994,0.18,-0.15098551361747437
1777029874.275357,tb7,-0.3150748954068215,0.03669565030343072,0.18,-0.10176825501678644
1777029874.2769098,tb1,-0.207702591919446,-0.7255004175135864,0.18,-0.09629498864629417
1777029874.2985852,tb3,-1.2299710571570037,-1.109649546349051,0.18,-0.38709420047270454
1777029874.3215997,tb2,-1.2087900878461557,0.03149000381502178,0.18,-0.14725247236683564
1777029874.3253455,tb7,-0.30878405471899856,0.030195912883778906,0.18,-0.10242811585564962
1777029874.3268902,tb1,-0.2094733322099157,-0.7343683986814135,0.18,-0.09693158966310213
1777029874.3486526,tb3,-1.2388530241095748,-1.111904872696539,0.18,-0.41964281515330926
1777029874.371483,tb2,-1.1997453572485082,0.03211864790170934,0.17999999999999997,-0.14373821664048353
1777029874.3753366,tb7,-0.30252616826310674,0.023663992188307906,0.18,-0.10305360906912496
1777029874.3767753,tb1,-0.21128683461906672,-0.7432280659173144,0.18,-0.09753037445788586
1777029874.3985872,tb3,-1.247788425375418,-1.11399435224379,0.18,-0.4562070150173048
1777029874.4214847,tb2,-1.1906980319738405,0.032681041748572316,0.18,-0.1404913007044075
1777029874.4253757,tb7,-0.29630164254898445,0.01709983960726088,0.18,-0.10364415990987329
1777029874.4267535,tb1,-0.2131433647767627,-0.7520791255302767,0.18,-0.09807496204265105
1777029874.448594,tb3,-1.2567808109731113,-1.1159029613250446,0.18,-0.496923093358381
1777029874.4719622,tb2,-1.1816484933966764,0.03317885656267051,0.18,-0.137535660808423
1777029874.4753969,tb7,-0.29011088288215503,0.010503441112948557,0.18,-0.10420865105999783
1777029874.476844,tb1,-0.21504315354109188,-0.7609212733567298,0.18,-0.09857325387498303
1777029874.4985895,tb3,-1.265831530240272,-1.1176121460303932,0.18,-0.5427464676987476
1777029874.5216146,tb2,-1.1816484933966764,0.03317885656267051,0.18,-0.14785863257492782
1777029874.525381,tb7,-0.28395427101995685,0.0038747765303102583,0.18,-0.10045172893482338
1777029874.5268254,tb1,-0.2169864119207263,-0.7697542263964623,0.18,-0.09906278830998562
1777029874.5487037,tb3,-1.2749424440526778,-1.1191009115617567,0.18,-0.5944423459679565
1777029874.571567,tb2,-1.1725971584017252,0.033613626949350064,0.18,-0.14465941558722742
1777029874.5754035,tb7,-0.28395427101995685,0.0038747765303102583,0.18,-0.10201031324923378
1777029874.5768816,tb1,-0.2169864119207263,-0.7697542263964623,0.18,-0.09214521830085415
1777029874.598771,tb3,-1.2841129813594505,-1.1203448285440205,0.18,-0.6534989093212576
1777029874.6215801,tb2,-1.1635385182312008,0.03398389471918924,0.18,-0.14017227993116055
1777029874.625344,tb7,-0.27783273508607226,-0.0027842224049880334,0.18,-0.10287865899780567
1777029874.6267796,tb1,-0.2189733259284601,-0.7785777010627447,0.18,-0.09257519010864608
1777029874.6486137,tb3,-1.2933448607083062,-1.1213155074615904,0.18,-0.7205979713800285
1777029874.671542,tb2,-1.1544791792367508,0.03428804654385005,0.18,-0.13591589138074103
1777029874.675327,tb7,-0.27174459374223975,-0.009474621325399531,0.18,-0.10363246265554439
1777029874.6767976,tb1,-0.22100164422544957,-0.7873886086838776,0.18,-0.09367917168511154
1777029874.6986752,tb3,-1.302634976964625,-1.121979515382104,0.18,-0.7973492810021255
1777029874.721604,tb2,-1.1454200211651873,0.034528143443741936,0.18,-0.13200681415363427
1777029874.725479,tb7,-0.26569058875706514,-0.01619646562997041,0.18,-0.10432015468617041
1777029874.7270205,tb1,-0.2230707229095029,-0.7961902988420692,0.18,-0.09474290911868143
1777029874.7489347,tb3,-1.3119791004405834,-1.122298985910171,0.18,-0.8435322639156446
1777029874.7715485,tb2,-1.1363614742855328,0.034706301786217454,0.18,-0.1283890862984535
1777029874.7754726,tb7,-0.2596711942345243,-0.022949806559220246,0.18,-0.10496874154613985
1777029874.7773845,tb1,-0.22518099742436673,-0.804982757916645,0.18,-0.09571892109653224
1777029874.7987292,tb3,-1.3119791004405834,-1.122298985910171,0.17999999999999997,-0.8807626592743341
1777029874.8216562,tb2,-1.1273039435370373,0.034824599559966585,0.18,-0.12508450839445526
1777029874.8253396,tb7,-0.2536868530035977,-0.029734694562664563,0.18,-0.10557425149287587
1777029874.8268137,tb1,-0.227332964088768,-0.8137656668043851,0.18,-0.09675507344571094
1777029874.8487058,tb3,-1.3213560872105765,-1.1222363410721787,0.18,-0.9934192539653798
1777029874.8716443,tb2,-1.1182475333302762,0.034884942302842885,0.18,-0.12196261520054834
1777029874.8753152,tb7,-0.24773800995388515,-0.036551145018941064,0.18,-0.10612596453381343
1777029874.876807,tb1,-0.22952707966836075,-0.8225386530674892,0.18,-0.09764364161443508
1777029874.8989644,tb3,-1.330744829148809,-1.1217667182623379,0.18,-1.131967319128645
1777029874.9216037,tb2,-1.1091925189643386,0.0348890195775732,0.18,-0.11904819556815521
1777029874.925417,tb7,-0.24182508141777118,-0.0433991517344826,0.18,-0.1066350151259064
1777029874.9269423,tb1,-0.23176378393532346,-0.8313013687048996,0.18,-0.09846735877583924
1777029874.948589,tb3,-1.3401578811077393,-1.1208419165246282,0.18,-1.284551719205408
1777029874.9714408,tb2,-1.1001390514632075,0.03483834714795452,0.18,-0.11626478537158683
1777029874.975316,tb7,-0.23594846270408507,-0.05027867433545925,0.18,-0.10712659874545893
1777029874.9768322,tb1,-0.2340434451455601,-0.8400534367534152,0.18,-0.09929779629478738
1777029874.998652,tb3,-1.349574019214983,-1.1193886408082325,0.18,-1.4415747922960742
1777029875.0215693,tb2,-1.1001390514632075,0.03483834714795452,0.18000000000000002,-0.1240179472904712
1777029875.025312,tb7,-0.23010851866829551,-0.05718966484830529,0.18,-0.10757849453658418
1777029875.0268664,tb1,-0.23636639640773927,-0.8487945223389702,0.18,-0.1000766351811392
1777029875.0485916,tb3,-1.3589513161676328,-1.1173258402034258,0.17005714836640165,-1.5
1777029875.0715299,tb2,-1.0910873534921512,0.034734367476266736,0.18,-0.12110837774178984
1777029875.0753334,tb7,-0.23010851866829551,-0.05718966484830529,0.18,-0.10437382543649033
1777029875.0769184,tb1,-0.23636639640773927,-0.8487945223389702,0.18,-0.0926769914764136
1777029875.0986755,tb3,-1.3679665751082735,-1.1146619943619618,0.15831666453339818,-1.5
1777029875.121527,tb2,-1.0820332170352887,0.03457582314175312,0.18,-0.11684404802332697
1777029875.1253703,tb7,-0.22430560562332577,-0.06413207192892227,0.18,-0.10465240317796791
1777029875.1268258,tb1,-0.2387329636290042,-0.857524295010685,0.18,-0.09321676921357556
1777029875.1485698,tb3,-1.376216412276857,-1.1115378515634806,0.15110361853250504,-1.5
1777029875.17154,tb2,-1.0729818004579847,0.03436200854316094,0.18,-0.11197983941648379
1777029875.1754525,tb7,-0.21854043864373007,-0.07110402150356558,0.18,-0.10505653645865821
1777029875.1768131,tb1,-0.24114071549475274,-0.8662394791028756,0.18,-0.09407023012844373
1777029875.1985455,tb3,-1.3837662053645259,-1.1080074786865184,0.14755931158937668,-1.5
1777029875.2215416,tb2,-1.0639338983950262,0.03409488168758875,0.18,-0.10679712148210002
1777029875.2253704,tb7,-0.21281170896716506,-0.07810612563804192,0.18,-0.10528536759488046
1777029875.2269309,tb1,-0.24358903298116,-0.874943574641267,0.18,-0.09455338994714454
1777029875.2485776,tb3,-1.3908206795268416,-1.1040368076202942,0.14713342492842174,-1.5
1777029875.2715895,tb2,-1.054889959689608,0.03377673420469822,0.18,-0.10165235312424174
1777029875.27538,tb7,-0.20711968756193147,-0.08513832540626166,0.18,-0.10538312203246289
1777029875.2768323,tb1,-0.24607824608020154,-0.8836364472296966,0.18,-0.09482252814268087
1777029875.298482,tb3,-1.3975031300140248,-1.099583501955729,0.1496097006198639,-1.5
1777029875.3215356,tb2,-1.0458505911274105,0.03341016166595946,0.18,-0.09681955382224879
1777029875.3254168,tb7,-0.2014646856926623,-0.09220045143279926,0.18,-0.10541464826969821
1777029875.3268206,tb1,-0.24860853699268137,-0.892317675860824,0.18,-0.09495684277031262
1777029875.3486233,tb3,-1.3975031300140248,-1.099583501955729,0.13528087554329093,-1.5
1777029875.3715413,tb2,-1.0368155256231824,0.03299778729546431,0.18,-0.09237992933292126
1777029875.375405,tb7,-0.1958469488560726,-0.09929229865647392,0.18,-0.10543630503930908
1777029875.3768504,tb1,-0.2511799709067058,-0.9009869112191572,0.18,-0.09507134191229565
1777029875.3986242,tb3,-1.4039122340425034,-1.0945808231816245,0.13922485920029265,-1.5
1777029875.421562,tb2,-1.027784825122098,0.03254197670922119,0.18,-0.08767179138773379
1777029875.4253297,tb7,-0.1902666609866469,-0.10641366709361062,0.18,-0.10526408351346372
1777029875.426817,tb1,-0.253792551413439,-0.9096438998518998,0.18,-0.09476012697426162
1777029875.4486141,tb3,-1.4094255429079852,-1.0895655615663453,0.148775822351497,-1.5
1777029875.471609,tb2,-1.0187584938432668,0.03204497273454713,0.18,-0.08343340225225601
1777029875.475342,tb7,-0.1847240063672776,-0.11356431181864987,0.18,-0.10510954052811552
1777029875.4768252,tb1,-0.25644620730220863,-0.9182883270838563,0.18,-0.09450841289294888
1777029875.4987154,tb3,-1.414695579258731,-1.0839948891399807,0.161730061183436,-1.5
1777029875.5216184,tb2,-1.009736515691113,0.03150902062843005,0.18,-0.07985781684312408
1777029875.525411,tb7,-0.179219102086846,-0.12074396065177948,0.18,-0.1050445559838394
1777029875.5268319,tb1,-0.25914073598785914,-0.9269199618939669,0.18,-0.09449685950437116
1777029875.5486083,tb3,-1.4198767957081193,-1.0776220971241937,0.174981706853311,-1.4734955679228223
1777029875.5716367,tb2,-1.009736515691113,0.03150902062843005,0.18,-0.08541739530235945
1777029875.5752392,tb7,-0.17375202826485828,-0.12795239859119958,0.18,-0.1051104044586944
1777029875.5766938,tb1,-0.2618760130148849,-0.9355387258912008,0.18,-0.09481280384645002
1777029875.5986905,tb3,-1.4249949980523056,-1.070264764785155,0.18,-1.3645557929465486
1777029875.6215818,tb2,-1.0007187071331005,0.03093619559806746,0.18,-0.08236226778739336
1777029875.6253703,tb7,-0.17375202826485828,-0.12795239859119958,0.18,-0.1014549477778548
1777029875.62706,tb1,-0.2646520812862046,-0.9441445738247807,0.18,-0.08761548032200167
1777029875.6487193,tb3,-1.4298362834660865,-1.0620977680476726,0.18,-1.228082040870033
1777029875.6715665,tb2,-0.991701073605038,0.030325905782022402,0.18,-0.0788389739112288
1777029875.675382,tb7,-0.1683228871829184,-0.1351894787518184,0.18,-0.10150654582987195
1777029875.6769133,tb1,-0.2646520812862046,-0.9441445738247807,0.18,-0.08725669579888799
1777029875.6985934,tb3,-1.4341527492206165,-1.053546908362841,0.18,-1.120292144153555
1777029875.7216184,tb2,-0.9826876660466803,0.029678026442054153,0.18,-0.07552830425653481
1777029875.7253742,tb7,-0.1629321452222768,-0.14245321151277943,0.18,-0.10187235626047927
1777029875.7268107,tb1,-0.2674665403791607,-0.9527347490558132,0.18,-0.08828344196836313
1777029875.7486587,tb3,-1.4379177532756149,-1.044804575821277,0.18,-1.0410066932733377
1777029875.7716858,tb2,-0.9736785644509413,0.028994291991920208,0.18,-0.07243227036729552
1777029875.775388,tb7,-0.1575783249961631,-0.14974421790133605,0.18,-0.10217997390213868
1777029875.7769485,tb1,-0.27031843185862287,-0.9613122765941896,0.18,-0.08926115530685583
1777029875.7986698,tb3,-1.441180458381871,-1.0359088479084069,0.18,-0.977120601440865
1777029875.8215163,tb2,-0.9646737299244382,0.02827635236666343,0.18,-0.06958269910512258
1777029875.8254573,tb7,-0.15226156749639025,-0.15706251668817814,0.18,-0.10240400603092831
1777029875.8269968,tb1,-0.27320818286407317,-0.9698776618691922,0.18,-0.09010410889820965
1777029875.8486464,tb3,-1.441180458381871,-1.0359088479084069,0.18,-1.1307266005170122
1777029875.8714914,tb2,-0.9556731382296423,0.02752584102079292,0.18,-0.06705895177031534
1777029875.875467,tb7,-0.14698216913800807,-0.16440798524132083,0.18,-0.10257065214678139
1777029875.87694,tb1,-0.2761362161661547,-0.9784305470845057,0.18,-0.09084250716025992
1777029875.89868,tb3,-1.4439770854887555,-1.026892305267743,0.18,-1.0725378131619865
1777029875.9219787,tb2,-0.9466765352311847,0.026744249587074366,0.18,-0.06485479163746324
1777029875.9259548,tb7,-0.14174039181853562,-0.1717804679433167,0.18,-0.10265586420545394
1777029875.927415,tb1,-0.2791028702955878,-0.9869705275702827,0.18,-0.09142476519644244
1777029875.948854,tb3,-1.4463078464026795,-1.017680031980151,0.18,-0.9540153980499024
1777029875.9715528,tb2,-0.9376836995319153,0.02593280568648849,0.18,-0.06274039508941655
1777029875.975334,tb7,-0.13653646195148048,-0.17917978615271976,0.18,-0.1027719266738711
1777029875.9768062,tb1,-0.2821084125777986,-0.995497245329787,0.18,-0.09208241069927732
1777029875.998591,tb3,-1.448126946202541,-1.008389199403283,0.18,-0.849418558121302
1777029876.0215242,tb2,-0.9286946159928405,0.0250926612987088,0.18,-0.05106045218702311
1777029876.025266,tb7,-0.13137056220415066,-0.1866057709725537,0.18,-0.1027991215466977
1777029876.0267746,tb1,-0.2851530854288947,-1.004010413224445,0.18,-0.09256004987355569
1777029876.048703,tb3,-1.4494820011920984,-0.999075275357588,0.18,-0.7741629809743322
1777029876.0716186,tb2,-0.9286946159928405,0.0250926612987088,0.18,-0.06486019239504867
1777029876.0758345,tb7,-0.12624288131637523,-0.19405822336639342,0.18,-0.10274999762115777
1777029876.0769575,tb1,-0.28823707946401694,-1.0125096806438538,0.18,-0.09296283249143589
1777029876.0985749,tb3,-1.4504294554773203,-0.9897570674718383,0.18,-0.719555661933094
1777029876.1217039,tb2,-0.919712966456003,0.024227321692113717,0.18,-0.0640582649396122
1777029876.1254065,tb7,-0.12624288131637523,-0.19405822336639342,0.18,-0.09878799262456438
1777029876.1269522,tb1,-0.28823707946401694,-1.0125096806438538,0.18,-0.08459472624163658
1777029876.1487234,tb3,-1.4510119003274138,-0.9804416357221274,0.18,-0.6783587979477701
1777029876.1716275,tb2,-0.9107280943053864,0.023335132199067608,0.18,-0.061936736767440985
1777029876.1754975,tb7,-0.12115359462953217,-0.20153688109272774,0.18,-0.09874250527173001
1777029876.1768339,tb1,-0.29136052117519784,-1.0209947434663416,0.18,-0.08499586076899424
1777029876.1985307,tb3,-1.4512596798666226,-0.9711343687850451,0.18,-0.6441333492015752
1777029876.221564,tb2,-0.9017467225247733,0.02241413454728835,0.18,-0.06003284354510242
1777029876.225364,tb7,-0.11610296799695875,-0.20903959606850747,0.18,-0.0990909900181284
1777029876.226869,tb1,-0.29452022713015474,-1.0294624098291105,0.18,-0.0862289162368268
1777029876.2485843,tb3,-1.4511955183001415,-0.9618423002998764,0.18,-0.6154827692858187
1777029876.2715325,tb2,-0.8927692183924206,0.02146524606361474,0.18,-0.058461505066020936
1777029876.2754288,tb7,-0.11108944280120629,-0.21656717931686884,0.18,-0.09941923964383417
1777029876.276959,tb1,-0.29771594609754237,-1.0379168375689425,0.18,-0.08747625697329313
1777029876.2985582,tb3,-1.4508367825034407,-0.9525708824318262,0.18,-0.5893456706899582
1777029876.3216474,tb2,-0.8837954604761281,0.020489378291752677,0.18,-0.057217490035261935
1777029876.3255234,tb7,-0.10611315582964494,-0.22411962664715174,0.18,-0.0997128798708613
1777029876.3269367,tb1,-0.3009481631990629,-1.0463579967944006,0.18,-0.08871256737248404
1777029876.348639,tb3,-1.4508367825034407,-0.9525708824318262,0.18,-0.7068343169989212
1777029876.3715665,tb2,-0.8748253210519673,0.019487320372870827,0.18,-0.056259017113640265
1777029876.3753803,tb7,-0.10117436864042939,-0.231696841588737,0.18,-0.09999671032041839
1777029876.3768456,tb1,-0.3042174181015865,-1.054785574364844,0.18,-0.08992550158490528
1777029876.398706,tb3,-1.450198496954569,-0.943327397817293,0.18,-0.6793175701993486
1777029876.4216318,tb2,-0.8658586125638915,0.018459695102453707,0.18,-0.055551340097758216
1777029876.4254985,tb7,-0.09627334380311377,-0.23929870572782488,0.18,-0.10023263925421047
1777029876.4268637,tb1,-0.30752423681286634,-1.0631991331225243,0.18,-0.09110969283887092
1777029876.4487383,tb3,-1.4492559987111064,-0.9340618546940614,0.18,-0.6181881969735195
1777029876.4714458,tb2,-0.8568952181797711,0.017406962151852202,0.18,-0.05500180907788677
1777029876.47534,tb7,-0.09141032989633718,-0.2469250967421879,0.18,-0.10045568157841492
1777029876.476885,tb1,-0.3108691289139636,-1.071598275056009,0.18,-0.09225153183558756
1777029876.4987638,tb3,-1.4479975253146407,-0.9248491204228639,0.18,-0.5625255258347637
1777029876.5226758,tb2,-0.8568952181797711,0.017406962151852202,0.18,-0.05788908664555665
1777029876.5254018,tb7,-0.08658556147886387,-0.25457587305589247,0.18,-0.10063143895752276
1777029876.5268064,tb1,-0.3142525828713656,-1.0799825831959293,0.18,-0.09338389434494414
1777029876.5486782,tb3,-1.446454241436369,-0.9157105200832591,0.18,-0.5198931682364993
1777029876.5715292,tb2,-0.8479350643432613,0.0163294589984824,0.18,-0.057332898999924865
1777029876.5753095,tb7,-0.08658556147886387,-0.25457587305589247,0.18,-0.09635060573222089
1777029876.5768404,tb1,-0.3142525828713656,-1.0799825831959293,0.18,-0.08455245204191959
1777029876.5986292,tb3,-1.4446572473244872,-0.9066439576746684,0.18,-0.4875377262963887
1777029876.6216667,tb2,-0.8389768045435939,0.015226550905823233,0.18,-0.05669329291630374
1777029876.625438,tb7,-0.08179926080518998,-0.26225088661127166,0.18,-0.09646522737955976
1777029876.6269639,tb1,-0.31767508282250484,-1.0883516551857555,0.18,-0.08558077276522273
1777029876.6486497,tb3,-1.4426294408303189,-0.8976449949218472,0.18,-0.46220004438253764
1777029876.6714935,tb2,-0.8300219655920685,0.014097896446500467,0.18,-0.056222888759096805
1777029876.6753948,tb7,-0.07705178283752487,-0.26994772869842626,0.18,-0.09701636859469903
1777029876.6769602,tb1,-0.32113330993082306,-1.096701891839963,0.18,-0.08758989067704416
1777029876.698588,tb3,-1.440387859551594,-0.8887111123332522,0.18,-0.441373210547844
1777029876.721617,tb2,-0.8210706792805087,0.012943805146820786,0.18,-0.05599335399568634
1777029876.7253737,tb7,-0.07234142160213569,-0.277667449849999,0.18,-0.09755663466652238
1777029876.7268791,tb1,-0.32462724200533544,-1.105037791927468,0.18,-0.08966052805689294
1777029876.7485762,tb3,-1.4379461747866311,-0.8798415306107645,0.18,-0.42413988488429694
1777029876.7715206,tb2,-0.8121228742601128,0.011764536048405773,0.18,-0.055961194369848324
1777029876.7753487,tb7,-0.06766836120690198,-0.2854101406287137,0.18,-0.09804852739820151
1777029876.7768202,tb1,-0.3281578095137081,-1.113359386254436,0.18000000000000002,-0.09166630798881646
1777029876.798618,tb3,-1.4379461747866311,-0.8798415306107645,0.17999999999999997,-0.5123249051191301
1777029876.8216107,tb2,-0.8031784761798652,0.010560215091649968,0.18,-0.05611780668311168
1777029876.825405,tb7,-0.0630329698693187,-0.29317574107385946,0.18,-0.09849157853128519
1777029876.8268318,tb1,-0.3317259217256799,-1.121666050722972,0.18,-0.09361687936035708
1777029876.8486242,tb3,-1.4353151079986242,-0.8710354346847871,0.18,-0.4942373397642258
1777029876.871477,tb2,-0.7942374528547617,0.009330854454957377,0.18,-0.056407088032113764
1777029876.8754306,tb7,-0.058435586980656845,-0.3009641623299899,0.18,-0.09890097159164014
1777029876.8769672,tb1,-0.33533241341928505,-1.1299571707109628,0.18,-0.09552710776537046
1777029876.8986464,tb3,-1.432467730188448,-0.8622585107856519,0.18,-0.4567986042926715
1777029876.921913,tb2,-0.7852997951215481,0.008076364883738396,0.18,-0.05681124357348973
1777029876.9254384,tb7,-0.053876520467363416,-0.30877532552629633,0.18,-0.09926730646418618
1777029876.9269617,tb1,-0.3389781344248611,-1.138232193608985,0.18,-0.09741441628766037
1777029876.9486387,tb3,-1.4294049372995725,-0.8535643912241291,0.18,-0.4224135061408023
1777029876.971664,tb2,-0.7852997951215481,0.008076364883738396,0.18,-0.05862490699820977
1777029876.975394,tb7,-0.04935607615957195,-0.31660912761917903,0.18,-0.09960045945477526
1777029876.9768538,tb1,-0.3426639198219207,-1.1464905102910283,0.18,-0.09928372307587553
1777029876.9986222,tb3,-1.4261478561716265,-0.8449617392145019,0.18,-0.39552819918352766
1777029877.0214932,tb2,-0.7763655332466148,0.006796583984231279,0.18,-0.058986301992069605
1777029877.0253808,tb7,-0.04935607615957195,-0.31660912761917903,0.18,-0.09502519943169017
1777029877.0269442,tb1,-0.3426639198219207,-1.1464905102910283,0.18,-0.08990196248411411
1777029877.0486698,tb3,-1.4227146070865182,-0.8364443161686229,0.18000000000000002,-0.3744424194102185
1777029877.0714865,tb2,-0.7674341715908082,0.005490903991270841,0.18,-0.05930093879906363
1777029877.0753345,tb7,-0.04487453976616372,-0.324465456171552,0.18,-0.09529139173909935
1777029877.0768871,tb1,-0.34639060903197705,-1.1547315188661025,0.17999999999999997,-0.09166515359757814
1777029877.098659,tb3,-1.419118580482726,-0.8280070324846034,0.18,-0.357395132508204
1777029877.1215215,tb2,-0.7585065013759983,0.004158922635976228,0.18,-0.05971694764234627
1777029877.1253426,tb7,-0.04043224157475379,-0.3323417094239969,0.18,-0.09600078790912872
1777029877.126835,tb1,-0.3501545687625803,-1.162951180503013,0.18,-0.09449168588595863
1777029877.1486278,tb3,-1.4153701729852994,-0.8196463312811635,0.18,-0.3433796129554161
1777029877.1716018,tb2,-0.7495826446212025,0.0028004859362906255,0.18,-0.06025138904046181
1777029877.175336,tb7,-0.036027405295616176,-0.34023917451549895,0.18,-0.0966866981127646
1777029877.1769257,tb1,-0.3539562585938301,-1.1711544194501426,0.18,-0.09732113659381189
1777029877.1986153,tb3,-1.411477462627117,-0.811359636992651,0.18,-0.3315901047112822
1777029877.2216527,tb2,-0.7406626698328721,0.0014154050534218852,0.18,-0.06089405703234948
1777029877.2253706,tb7,-0.03166029812362304,-0.3481579471065015,0.18,-0.09731015322074021
1777029877.2268608,tb1,-0.3577969041830756,-1.1793409769594685,0.18,-0.1001175810731727
1777029877.2484965,tb3,-1.4074474602352498,-0.80314557378304,0.18,-0.32146034561485176
1777029877.2715185,tb2,-0.7317466184284229,3.4287324355772037e-06,0.18,-0.0616225470024342
1777029877.2753534,tb7,-0.0273313207300773,-0.35609800173224304,0.18,-0.09788163020355392
1777029877.2767816,tb1,-0.36167771575299607,-1.1875101381443993,0.18000000000000002,-0.10284661571049182
1777029877.2986321,tb3,-1.4074474602352498,-0.80314557378304,0.18,-0.3843217496083908
1777029877.3216472,tb2,-0.7228345932636311,-0.0014357438111821607,0.18,-0.06243920459904381
1777029877.3253422,tb7,-0.02304087149576799,-0.36405926049364523,0.18,-0.09840566774366752
1777029877.3268616,tb1,-0.3655998131673972,-1.1956609921797174,0.18,-0.10550847345641311
1777029877.3486686,tb3,-1.4032859785645306,-0.7950029549512624,0.18,-0.37352924473409727
1777029877.371674,tb2,-0.7139266784604855,-0.0029024578401941783,0.18,-0.06330815196706423
1777029877.3754168,tb7,-0.018789304567314927,-0.37204165825442154,0.18,-0.09887434090079104
1777029877.3768291,tb1,-0.36956429591646633,-1.2037927693189912,0.18,-0.10816702856809415
1777029877.398647,tb3,-1.3989692297719722,-0.7869117560167179,0.18,-0.3514861706808023
1777029877.4215634,tb2,-0.7050229705160707,-0.004397123765821371,0.18,-0.06419609637801076
1777029877.4254096,tb7,-0.014576969223912712,-0.3800451122907509,0.18,-0.09930082419845694
1777029877.4268732,tb1,-0.3735723361600676,-1.211904709674881,0.18,-0.11074970737991684
1777029877.4487534,tb3,-1.394503364428809,-0.778908095191623,0.18,-0.33132025537438703
1777029877.471572,tb2,-0.6961236238595898,-0.005920174065807254,0.18,-0.06510750484065403
1777029877.4753842,tb7,-0.010404194954537076,-0.3880695077814247,0.18,-0.09968711652032097
1777029877.4769032,tb1,-0.3776250066394084,-1.2199958841675118,0.18,-0.11330303354159821
1777029877.4986959,tb3,-1.3899008099683026,-0.7709945019799647,0.18,-0.31456397186094076
1777029877.5215456,tb2,-0.6961236238595898,-0.005920174065807254,0.18,-0.06587055680034222
1777029877.5254297,tb7,-0.010404194954537076,-0.3880695077814247,0.18,-0.09477921269646371
1777029877.5269608,tb1,-0.3776250066394084,-1.2199958841675118,0.17999999999999997,-0.10317842808985403
1777029877.5486367,tb3,-1.3851720854294856,-0.7631672089258343,0.18,-0.3011276237798952
1777029877.57154,tb2,-0.6872287625439935,-0.007472052116725375,0.18,-0.06670381500755589
1777029877.5753136,tb7,-0.006271335905282215,-0.39611460879393245,0.18,-0.09512902679349693
1777029877.5767741,tb1,-0.38172332820807325,-1.22806537293701,0.18,-0.10568206944557192
1777029877.5986178,tb3,-1.3803255330018216,-0.755421577330702,0.18,-0.29027577346151934
1777029877.6218138,tb2,-0.6783386244324908,-0.009053180275214068,0.18,-0.06756997038090765
1777029877.625469,tb7,-0.0021784004247479066,-0.4041778282569767,0.18,-0.09589396098819539
1777029877.6269193,tb1,-0.38586321052777356,-1.236108970688841,0.18,-0.10928893429032056
1777029877.64855,tb3,-1.3753670017609623,-0.7477538442988231,0.18,-0.28111405156083247
1777029877.6716607,tb2,-0.669453379925234,-0.010663960594086957,0.18,-0.06846994036528861
1777029877.6753643,tb7,0.0018762691363508658,-0.4122606168623048,0.18,-0.09664498104784175
1777029877.6768208,tb1,-0.390045906556863,-1.2441319883342383,0.18,-0.11292851975848944
1777029877.6988413,tb3,-1.3703015647263435,-0.7401619585823037,0.18,-0.2513506251738883
1777029877.7216148,tb2,-0.6605732116514085,-0.012304799708283189,0.17999999999999997,-0.06941023409723705
1777029877.7253654,tb7,0.005892347709373311,-0.42036306024339687,0.18,-0.09731643921493967
1777029877.7268121,tb1,-0.39427292736076036,-1.2521336865943058,0.18,-0.11647655111987093
1777029877.7485986,tb3,-1.3703015647263435,-0.7401619585823037,0.18,-0.3199479311134367
1777029877.771676,tb2,-0.6516982682315065,-0.013976121766059372,0.18,-0.07038336865710215
1777029877.775506,tb7,0.009869401994649614,-0.428485116507787,0.18,-0.09790967813267669
1777029877.776962,tb1,-0.398545754990551,-1.260113034728595,0.18,-0.11991172525798013
1777029877.7986681,tb3,-1.3651428302920152,-0.7326493559582828,0.18,-0.31505889194408665
1777029877.8215241,tb2,-0.6428287240822812,-0.01567837735249152,0.18,-0.07137226278732282
1777029877.8254097,tb7,0.01380701962358666,-0.43662671702218714,0.18,-0.09846894876445769
1777029877.8268712,tb1,-0.4028658127161606,-1.2680688719995081,0.18,-0.12335931115256357
1777029877.8487022,tb3,-1.3598592391937603,-0.7251874504720578,0.18,-0.2995993428741235
1777029877.8715694,tb2,-0.6339647469043214,-0.01741205666676488,0.18,-0.07235030792457861
1777029877.875352,tb7,0.0177048153343763,-0.44478778118308554,0.18,-0.09896384075901238
1777029877.8768585,tb1,-0.40723458065627194,-1.2760001102963958,0.18000000000000002,-0.12671571140149746
1777029877.898672,tb3,-1.3544606517894886,-0.7178129975519765,0.18,-0.28510166595483577
1777029877.9219875,tb2,-0.6251065809583226,-0.019177618298030177,0.18,-0.07332486341994984
1777029877.9254773,tb7,0.021562426653629244,-0.45296819544206274,0.18,-0.09938794573108302
1777029877.9270124,tb1,-0.41165335647609924,-1.2839054729277368,0.18,-0.1300043725803086
1777029877.9489655,tb3,-1.3489556270849643,-0.7105268367464435,0.18,-0.2730943560606606
1777029877.9715786,tb2,-0.6251065809583226,-0.019177618298030177,0.18,-0.07333912846304938
1777029877.9752374,tb7,0.025379533213623268,-0.4611678126349108,0.18,-0.09980972490438467
1777029877.976719,tb1,-0.41612332209456143,-1.2917837754105563,0.18,-0.13339578321080953
1777029877.9986255,tb3,-1.3433506599124017,-0.703325406291761,0.18,-0.2624889711804387
1777029878.0220098,tb2,-0.6162544524840299,-0.020975491941302948,0.17999999999999997,-0.07423234948993267
1777029878.0254242,tb7,0.025379533213623268,-0.4611678126349108,0.18,-0.09455076499439852
1777029878.0269177,tb1,-0.41612332209456143,-1.2917837754105563,0.18,-0.1222764617392774
1777029878.0486367,tb3,-1.3376509687731226,-0.6962055088924685,0.18,-0.2536943129901103
1777029878.0716093,tb2,-0.6074089116630531,-0.022805823998588125,0.17999999999999997,-0.07522013097716329
1777029878.0754519,tb7,0.029155855142543527,-0.4693865095426945,0.18,-0.09486723999234947
1777029878.0768385,tb1,-0.4206457281202142,-1.2996339437718427,0.18,-0.12550535411372152
1777029878.098716,tb3,-1.3318614631139063,-0.6891647313116551,0.18,-0.2463116953863799
1777029878.121609,tb2,-0.5985697536079813,-0.02466890721463024,0.17999999999999997,-0.07620797934299697
1777029878.125502,tb7,0.03289128365923887,-0.4776213231964465,0.18,-0.09568272343112472
1777029878.1269636,tb1,-0.4252158977589007,-1.3074510883970287,0.18,-0.13006515866975987
1777029878.1486528,tb3,-1.3259861793831125,-0.6822006544228135,0.17999999999999997,-0.23993794492803816
1777029878.171533,tb2,-0.5897371366212824,-0.0265652080946661,0.18,-0.07719031994008725
1777029878.1754308,tb7,0.03658773369347603,-0.4858739476123322,0.18,-0.09647075160961802
1777029878.1767926,tb1,-0.4298354933424023,-1.31524117636132,0.18,-0.134703602665816
1777029878.1985588,tb3,-1.3200286313381808,-0.6753113685335893,0.18,-0.23445280028398935
1777029878.2216632,tb2,-0.5809113072874647,-0.02849521386495462,0.17999999999999997,-0.07816598858730288
1777029878.225429,tb7,0.040244884080662985,-0.4941445055296502,0.18,-0.09717143776791509
1777029878.22684,tb1,-0.4345064921157013,-1.3230031917076361,0.18,-0.13921018398523013
1777029878.2487001,tb3,-1.3200286313381808,-0.6753113685335893,0.18,-0.2683341858806421
1777029878.2716649,tb2,-0.5720925391610164,-0.030459374168908968,0.18,-0.07914335292925392
1777029878.275462,tb7,0.04386226868229717,-0.5024329302248137,0.18,-0.09779710310401814
1777029878.276846,tb1,-0.43923062599072493,-1.330735537609084,0.18,-0.14367900165310254
1777029878.2986267,tb3,-1.3139911213180324,-0.6684948518090695,0.18000000000000002,-0.2622702107197601
1777029878.3219514,tb2,-0.5632810329924008,-0.03245815842995862,0.18,-0.08009878384347945
1777029878.325421,tb7,0.04743946208205961,-0.5107391543372516,0.18,-0.09836229829297635
1777029878.3268373,tb1,-0.44400977903397815,-1.3384367936912214,0.18,-0.14808530312539872
1777029878.3486316,tb3,-1.3078583674564692,-0.6617449782496904,0.18,-0.25168650185473407
1777029878.3715334,tb2,-0.5544770764279728,-0.03449200918268632,0.18,-0.08104269422255181
1777029878.3754234,tb7,0.050976062879508004,-0.5190630515596384,0.18,-0.09886281708535258
1777029878.3769164,tb1,-0.44884557004507586,-1.3461051483727033,0.18,-0.1524555596097921
1777029878.398607,tb3,-1.3016394858674325,-0.6550791065549372,0.18000000000000002,-0.2419343559504046
1777029878.4216542,tb2,-0.5544770764279728,-0.03449200918268632,0.18,-0.08039131788766521
1777029878.4253411,tb7,0.05447172033550698,-0.5274045030772518,0.18,-0.09931914655547093
1777029878.4268444,tb1,-0.4537395850277801,-1.3537389958495272,0.18,-0.15687305659740228
1777029878.448604,tb3,-1.2953402326735999,-0.6484964101904243,0.18,-0.23358982325723204
1777029878.4715443,tb2,-0.5456809168475655,-0.03656136048762823,0.18,-0.08123738977532431
1777029878.4753807,tb7,0.05447172033550698,-0.5274045030772518,0.18,-0.09376537182693523
1777029878.4768271,tb1,-0.4537395850277801,-1.3537389958495272,0.18,-0.14468147380419313
1777029878.4986823,tb3,-1.2889648753958127,-0.6419937882752667,0.18,-0.2264674835920657
1777029878.5215905,tb2,-0.536893371191821,-0.038666147216815536,0.18000000000000002,-0.08221362870352678
1777029878.5255241,tb7,0.057926088310814895,-0.5357633456962335,0.18,-0.09411653255275558
1777029878.5268884,tb1,-0.4586936031812209,-1.361336778326385,0.18,-0.14890780996147165
1777029878.548609,tb3,-1.282516867839516,-0.6355685462575688,0.18000000000000002,-0.2201774425963001
1777029878.571683,tb2,-0.5281139787669038,-0.04080658084043338,0.18,-0.0831686425849568
1777029878.575392,tb7,0.06133925047325622,-0.5441365012074308,0.18,-0.09501362041585015
1777029878.5769622,tb1,-0.4637019469824302,-1.3688929032558783,0.18,-0.1547632015452084
1777029878.5986054,tb3,-1.282516867839516,-0.6355685462575688,0.18,-0.24750741196248768
1777029878.621599,tb2,-0.5193429278789428,-0.04298314454896234,0.18000000000000002,-0.08409610531909452
1777029878.6254034,tb7,0.06471309361643253,-0.5525258895791929,0.18,-0.09583753026114585
1777029878.6268501,tb1,-0.46876750576445203,-1.3764138670503214,0.18,-0.16067612346313612
1777029878.648654,tb3,-1.2759994975888935,-0.6292184554996013,0.18,-0.24127083806559327
1777029878.6716523,tb2,-0.5105805296240468,-0.04519631715267698,0.18,-0.08499056790441314
1777029878.6754045,tb7,0.06804721163277291,-0.5609316349042301,0.18,-0.09656950271342905
1777029878.6768563,tb1,-0.4738928503161077,-1.3838979889868253,0.18,-0.1664843339891319
1777029878.6986046,tb3,-1.269399902160046,-0.6229376580279696,0.18,-0.2315089371115521
1777029878.7214694,tb2,-0.5018270929065214,-0.04744653141159057,0.18,-0.0858584686146418
1777029878.7254043,tb7,0.07134109731033213,-0.5693536475392212,0.18,-0.09721860164418991
1777029878.7268353,tb1,-0.4790802325367957,-1.391342889744315,0.18,-0.17226656067056637
1777029878.748699,tb3,-1.262727137288495,-0.6167399832491504,0.18,-0.22266764233433756
1777029878.771637,tb2,-0.5018270929065214,-0.04744653141159057,0.18,-0.08474812672565728
1777029878.77539,tb7,0.07134109731033213,-0.5693536475392212,0.18,-0.09147245694063805
1777029878.7768407,tb1,-0.4790802325367957,-1.391342889744315,0.18,-0.15917271059378432
1777029878.798664,tb3,-1.2559863465291088,-0.6106237635761695,0.18,-0.2149922092219058
1777029878.8214808,tb2,-0.49308292642679735,-0.049734190259790804,0.18,-0.0855233638390374
1777029878.8253415,tb7,0.0745943031893907,-0.5777918302691352,0.18,-0.09201159727209605
1777029878.826811,tb1,-0.48433182839760097,-1.3987462626853346,0.18,-0.16478034715478973
1777029878.8486474,tb3,-1.2491810323689017,-0.6045856484965172,0.18,-0.20829824774851194
1777029878.8715909,tb2,-0.4843489620949246,-0.05205900154726768,0.18,-0.08644785712650467
1777029878.8753984,tb7,0.07780682429130907,-0.5862428925703645,0.18,-0.09307517210981153
1777029878.876939,tb1,-0.4896415323165318,-1.4061016760069711,0.18,-0.1722196940432016
1777029878.8986049,tb3,-1.242313999690288,-0.59862295049176,0.18,-0.20236430318453222
1777029878.9217446,tb2,-0.47562462202999306,-0.05442114545830578,0.18,-0.0873607923421076
1777029878.9254823,tb7,0.0809806165466908,-0.5947088991546137,0.18,-0.09407504220158432
1777029878.9268827,tb1,-0.49501248073696424,-1.4134159357661844,0.18,-0.17986926776261755
1777029878.9486861,tb3,-1.2353880896918779,-0.5927336130886314,0.18,-0.19718788041261653
1777029878.9716954,tb2,-0.4669101122803338,-0.05682101357515554,0.18,-0.08825208536712024
1777029878.9754953,tb7,0.08411527948252429,-0.6031900323352688,0.18,-0.09497610839578567
1777029878.9768763,tb1,-0.5004476852193778,-1.4206872718874592,0.18,-0.18749785588430815
1777029878.9986727,tb3,-1.2353880896918779,-0.5927336130886314,0.18,-0.21879524782505944
1777029879.02159,tb2,-0.458205707608669,-0.0592590221190699,0.18,-0.08911265602770937
1777029879.0255046,tb7,0.08721023961414055,-0.6116862577730571,0.18,-0.09577831097057672
1777029879.0268817,tb1,-0.5059500237598161,-1.4279128498763258,0.18,-0.19513924389609552
1777029879.0487347,tb3,-1.2284056035604582,-0.5869156409743855,0.18,-0.21353950722883586
1777029879.07175,tb2,-0.4495117384932654,-0.06173556152962614,0.18,-0.08993522087496014
1777029879.0755253,tb7,0.09026496152409129,-0.6201974801402125,0.18,-0.09649475183823428
1777029879.07698,tb1,-0.5115221415078863,-1.4350895213086994,0.18,-0.2028735358134592
1777029879.098661,tb3,-1.2213557249941471,-0.5811649234094239,0.18,-0.20546250364449808
1777029879.1215904,tb2,-0.4408284962890963,-0.06425101613317662,0.18,-0.09072886445135671
1777029879.1254108,tb7,0.09327897213952238,-0.628723618405306,0.18,-0.0971467265014028
1777029879.1269107,tb1,-0.5171668905682433,-1.4422143129547733,0.18,-0.21077433848265686
1777029879.1486888,tb3,-1.2142468976354066,-0.5754923748123063,0.18,-0.1980930515517356
1777029879.1715977,tb2,-0.4408284962890963,-0.06425101613317662,0.18,-0.08913938656146507
1777029879.1758857,tb7,0.096251829104704,-0.6372645613979195,0.18,-0.08395937198373862
1777029879.1769264,tb1,-0.522887100523635,-1.4492839183817308,0.18,-0.218828434051162
1777029879.1987069,tb3,-1.2070829417084543,-0.5698959792444551,0.18,-0.19157753760018664
1777029879.2219298,tb2,-0.4321563097786927,-0.06680574822563393,0.18,-0.08982238999514294
1777029879.2254276,tb7,0.096251829104704,-0.6372645613979195,0.18,-0.09162450967336588
1777029879.2268744,tb1,-0.522887100523635,-1.4492839183817308,0.18,-0.20397435316869994
1777029879.248656,tb3,-1.199866646656503,-0.5643729828946056,0.18,-0.18577537313050427
1777029879.2716606,tb2,-0.4234962979269905,-0.0693992428762531,0.18,-0.09072346724646137
1777029879.2755291,tb7,0.09918412574778658,-0.6458138463936409,0.18,-0.09328863012040829
1777029879.2768672,tb1,-0.5286851168622809,-1.4562946496672367,0.17999999999999997,-0.2121426181366189
1777029879.2985785,tb3,-1.1926004224671998,-0.5589209396789753,0.18,-0.18057692520728344
1777029879.3216069,tb2,-0.41484761314695867,-0.07203163409933426,0.18,-0.09159108711928278
1777029879.3253815,tb7,0.10207952036608897,-0.6543789927189706,0.18,-0.0943190214144989
1777029879.3268878,tb1,-0.5345532835135905,-1.4632398348489573,0.17999999999999997,-0.22284437942951243
1777029879.3485782,tb3,-1.1852865971550608,-0.5535377141204058,0.18,-0.17597318115316782
1777029879.3715053,tb2,-0.4062105246716785,-0.0747033112956171,0.18,-0.0924229903538593
1777029879.3753486,tb7,0.10493531113793965,-0.6629581728314454,0.18,-0.09519133532718445
1777029879.3768213,tb1,-0.5404970566459294,-1.470126131239729,0.18,-0.23405103701916338
1777029879.3986742,tb3,-1.1852865971550608,-0.5535377141204058,0.18,-0.19320720245551834
1777029879.4217744,tb2,-0.3975853594611119,-0.07741463404665766,0.18,-0.09320582093654803
1777029879.4254189,tb7,0.10775080863478881,-0.6715511709787839,0.18,-0.09595601444778025
1777029879.426914,tb1,-0.5465203228176149,-1.4769501727581977,0.18,-0.24557757716736925
1777029879.4486864,tb3,-1.1779266347433655,-0.5482211651258005,0.18,-0.18845918798968977
1777029879.4718041,tb2,-0.3889724320265734,-0.08016595787405692,0.18,-0.09395729051287757
1777029879.475499,tb7,0.11052548780516934,-0.6801578814906508,0.18,-0.09663833791539231
1777029879.4769785,tb1,-0.5526272245373817,-1.4837075781756333,0.17999999999999997,-0.25749158739413186
1777029879.498695,tb3,-1.1705121552846232,-0.5429691683044382,0.18,-0.18169708108099994
1777029879.5219986,tb2,-0.3803720778232474,-0.08295761696471461,0.18,-0.08060286720154557
1777029879.525419,tb7,0.11325887972829472,-0.6887781804217469,0.18,-0.09726976464756508
1777029879.5269244,tb1,-0.5588217357996983,-1.4903931157190504,0.18,-0.2699507952024643
1777029879.548693,tb3,-1.1630505335293466,-0.5377891148011802,0.18,-0.1754288364435728
1777029879.5715337,tb2,-0.3803720778232474,-0.08295761696471461,0.18,-0.0926493980898934
1777029879.5753284,tb7,0.11325887972829472,-0.6887781804217469,0.18,-0.09092453648134466
1777029879.5768335,tb1,-0.5588217357996983,-1.4903931157190504,0.17999999999999997,-0.25342227428753566
1777029879.5986934,tb3,-1.155544939424976,-0.5326791240986117,0.18,-0.16986568374316152
1777029879.621527,tb2,-0.37178863923927896,-0.08578545811835982,0.18,-0.0944471190576357
1777029879.6255262,tb7,0.11595051576881917,-0.697411713994871,0.18,-0.09145751884394657
1777029879.6268237,tb1,-0.5651074755090261,-1.4970010488310506,0.18,-0.2663623436559575
1777029879.648624,tb3,-1.147997428972261,-0.5276365384451052,0.18,-0.16483055726395845
1777029879.6716623,tb2,-0.3632135764082787,-0.08865274314874698,0.18,-0.09527394185075301
1777029879.675393,tb7,0.11860101289938313,-0.7060552904601638,0.18,-0.09258678740684079
1777029879.6769474,tb1,-0.5714748525487019,-1.5035225378567332,0.18,-0.2830174216114377
1777029879.6985593,tb3,-1.1404097047086421,-0.5226591771664698,0.18,-0.16024475605513747
1777029879.7219198,tb2,-0.35465137314809325,-0.09156052978651809,0.18,-0.09597653319761416
1777029879.7254,tb7,0.1212121098288022,-0.7147112084956636,0.18,-0.09363835576680778
1777029879.7269435,tb1,-0.5779320347733986,-1.509964721422884,0.18,-0.3008701969972966
1777029879.7488818,tb3,-1.1327835765427408,-0.5177452134747,0.18,-0.1345629247530107
1777029879.7715008,tb2,-0.3461027337977963,-0.09450915343629503,0.18,-0.09667033970644177
1777029879.7753913,tb7,0.12378334346852303,-0.7233796286646842,0.18,-0.09458912663348619
1777029879.77678,tb1,-0.5844848376622896,-1.516321906377641,0.18,-0.3198333734105456
1777029879.79869,tb3,-1.1327835765427408,-0.5177452134747,0.18,-0.16986289029940127
1777029879.8214562,tb2,-0.3375680139259704,-0.09749888857273703,0.18,-0.09731933193659854
1777029879.8253548,tb7,0.1263141228630312,-0.7320604627344277,0.18,-0.09545473945067494
1777029879.8267493,tb1,-0.5911389021545189,-1.5225864489577166,0.18,-0.34000875383037427
1777029879.8486667,tb3,-1.1251300966468605,-0.5128934221491488,0.18,-0.16782900882822163
1777029879.8716168,tb2,-0.3290475481226689,-0.10052998954552238,0.18,-0.09793216530112979
1777029879.8754604,tb7,0.12880391791570014,-0.7407535964603387,0.18,-0.09622928532438643
1777029879.8768358,tb1,-0.5978996187835078,-1.5287498203814809,0.18,-0.3618117188426909
1777029879.8987794,tb3,-1.1174271137547733,-0.5080935023477117,0.18,-0.1619596712244171
1777029879.9220734,tb2,-0.32054167388170973,-0.10360267290215117,0.18,-0.09850148881786508
1777029879.9258342,tb7,0.13125225204645533,-0.7494589057224796,0.18,-0.09690153404031138
1777029879.9271321,tb1,-0.6047727122639914,-1.534803106535027,0.18,-0.3855047759808262
1777029879.9493022,tb3,-1.1096852176822423,-0.5033593504214596,0.18,-0.1563447912901721
1777029879.9716825,tb2,-0.32054167388170973,-0.10360267290215117,0.18,-0.09608310747743698
1777029879.9755747,tb7,0.13365868920456256,-0.7581762562054856,0.18,-0.09760299096009188
1777029879.9768224,tb1,-0.6117647794127672,-1.5407364844280864,0.18,-0.4116501949792053
1777029879.9986918,tb3,-1.1019073987331323,-0.4986899978108838,0.18,-0.15096710571975064
1777029880.0216558,tb2,-0.3120507032116063,-0.10671715015800179,0.18,-0.09659340746446314
1777029880.0253344,tb7,0.13365868920456256,-0.7581762562054856,0.18,-0.09089054361744835
1777029880.0267851,tb1,-0.6117647794127672,-1.5407364844280864,0.18,-0.39327360052778537
1777029880.0486512,tb3,-1.0940958000391336,-0.49408321103962055,0.18000000000000002,-0.14628223353795064
1777029880.0714972,tb2,-0.30357591898460495,-0.10987254487313904,0.18,-0.09737387560008333
1777029880.0753057,tb7,0.1360227942311351,-0.7669054330099917,0.18,-0.09148009366020188
1777029880.0767667,tb1,-0.6188832825454006,-1.5465384148076347,0.18,-0.42193045765992604
1777029880.0986614,tb3,-1.0862518378336672,-0.48953655523774553,0.18,-0.14199858089925702
1777029880.1214745,tb2,-0.2951162128591458,-0.1130688433126656,0.18,-0.09812168068649131
1777029880.1253762,tb7,0.1383451805742589,-0.77564286272914,0.18,-0.09267620717656312
1777029880.126775,tb1,-0.6261121048213413,-1.5521924016364428,0.18,-0.45934438733426713
1777029880.1486678,tb3,-1.0783767809587113,-0.4850481432362508,0.18,-0.13805629462557326
1777029880.1717024,tb2,-0.2866717949446136,-0.1163063244336172,0.18,-0.09881562964105657
1777029880.1755242,tb7,0.14062774300759465,-0.7843910985824968,0.18,-0.09382424935068369
1777029880.17691,tb1,-0.6334665643684737,-1.5577050427841075,0.18,-0.5015887984286812
1777029880.1986735,tb3,-1.0704719267012548,-0.4806163567178421,0.18,-0.13442697957560956
1777029880.2216222,tb2,-0.27824299655756984,-0.11958525250103719,0.18,-0.09948599563776782
1777029880.2254112,tb7,0.14287005461281133,-0.793150352263779,0.18,-0.0949152484082268
1777029880.2268403,tb1,-0.6409584397630034,-1.5630633012511856,0.18,-0.5485754219865602
1777029880.2487416,tb3,-1.0704719267012548,-0.4806163567178421,0.18,-0.14508613207447377
1777029880.2714748,tb2,-0.269830150366451,-0.12290589807610788,0.18,-0.10011860190608786
1777029880.275299,tb7,0.14507146926489306,-0.8019206087276659,0.18,-0.09591342005827244
1777029880.276782,tb1,-0.6486000383676384,-1.5682473095438019,0.18,-0.6007701313953208
1777029880.2987556,tb3,-1.0625385218153793,-0.47623954576157324,0.18,-0.14143014928750502
1777029880.321546,tb2,-0.2614336387007633,-0.12626849419515418,0.18,-0.10070464955303293
1777029880.3254073,tb7,0.1472313432218407,-0.8107017080823385,0.18,-0.09681420333259244
1777029880.3268843,tb1,-0.6564015205010687,-1.5732322216440109,0.18,-0.6596306467904317
1777029880.3486388,tb3,-1.0545708767861308,-0.4719165039659514,0.18,-0.13652044686803363
1777029880.3715353,tb2,-0.2530538035347449,-0.1296732537314014,0.18,-0.10125985466259572
1777029880.375471,tb7,0.1493491321197752,-0.8194935374261422,0.18,-0.0976637607775204
1777029880.3769026,tb1,-0.664375207639113,-1.5779915735822205,0.18,-0.7261807002777666
1777029880.3986363,tb3,-1.046574437662205,-0.4676513319569726,0.18,-0.13196707315784886
1777029880.4216535,tb2,-0.2530538035347449,-0.1296732537314014,0.18,-0.09838802166963745
1777029880.425502,tb7,0.1493491321197752,-0.8194935374261422,0.18,-0.09054904206620398
1777029880.4274507,tb1,-0.6725366969668081,-1.5824929982165346,0.18,-0.7075413735498307
1777029880.4485517,tb3,-1.0385511196806678,-0.4634422835074498,0.18,-0.1278395817602616
1777029880.4716184,tb2,-0.24469103449739013,-0.13312035071140865,0.18,-0.09887411476917897
1777029880.4753547,tb7,0.15142430947248964,-0.8282959993055397,0.18,-0.09132369648272151
1777029880.4768322,tb1,-0.6725366969668081,-1.5824929982165346,0.18,-0.7929229695799737
1777029880.4985917,tb3,-1.030502278184419,-0.4592872430189286,0.18,-0.12408633581582164
1777029880.5215487,tb2,-0.2363466291521508,-0.1366086252614518,0.18,-0.09964375702764529
1777029880.5254016,tb7,0.1534573635119498,-0.8371051664330724,0.18,-0.09274800043318242
1777029880.5269186,tb1,-0.6808534447713277,-1.586698588950841,0.18,-0.8963022654835775
1777029880.5486498,tb3,-1.022428865169992,-0.45518430134507654,0.18,-0.12065334139472411
1777029880.5716116,tb2,-0.22801930116906077,-0.1401381680880386,0.18,-0.10038212637170361
1777029880.5754108,tb7,0.15545036386694414,-0.8459238599730561,0.18,-0.09415749389862207
1777029880.5769901,tb1,-0.6893623394922584,-1.5906029928286813,0.18000000000000002,-1.0137883566315176
1777029880.5985167,tb3,-1.014331909386863,-0.45113189657880826,0.18,-0.11746697872545472
1777029880.6215274,tb2,-0.21970928933183081,-0.14370925465144715,0.18,-0.1010816836207955
1777029880.625398,tb7,0.1574027530480936,-0.8547523769261363,0.18,-0.09548139921068145
1777029880.6268086,tb1,-0.6980828831588971,-1.5941547328487937,0.18,-1.1427168934855767
1777029880.6489317,tb3,-1.014331909386863,-0.45113189657880826,0.18,-0.12595895702383653
1777029880.6715288,tb2,-0.2114169789708007,-0.14732212937461286,0.18,-0.1017309776740725
1777029880.6754205,tb7,0.15931376736855912,-0.86359062423074,0.18,-0.09672389175439602
1777029880.6769104,tb1,-0.7070236123647284,-1.597286723014555,0.17999999999999997,-1.2812514502873937
1777029880.698632,tb3,-1.0062123807623384,-0.4471285789820152,0.18,-0.12272355237061712
1777029880.7214663,tb2,-0.2031427359232377,-0.150977014319832,0.18,-0.1023372210333542
1777029880.725391,tb7,0.16118271036980808,-0.8724385003472283,0.18,-0.09790738823161615
1777029880.726876,tb1,-0.7161901019000866,-1.5999249692633988,0.18,-1.4201555630088283
1777029880.7486517,tb3,-0.9980657935803162,-0.44317311741149584,0.18,-0.11855676919914805
1777029880.7714903,tb2,-0.1948869247804777,-0.15467411047306387,0.18,-0.1028842354736533
1777029880.7753608,tb7,0.16300891885138186,-0.8812959161295327,0.18,-0.09901855723313921
1777029880.7770305,tb1,-0.7255749722550108,-1.6019829147929603,0.17475564784310904,-1.5
1777029880.7986383,tb3,-0.9898960848850199,-0.43926880125958356,0.18,-0.11449233491306333
1777029880.8215632,tb2,-0.18664991895834931,-0.15841357709650908,0.18,-0.10331618337856094
1777029880.8255475,tb7,0.1647917534371879,-0.8901627358216082,0.18,-0.09989964394385177
1777029880.82691,tb1,-0.734954833368413,-1.6033488960885216,0.16444646559853815,-1.5
1777029880.8486032,tb3,-0.981705079263264,-0.43541433060144813,0.18,-0.11045511165494609
1777029880.8716908,tb2,-0.18664991895834931,-0.15841357709650908,0.18,-0.10004953831787404
1777029880.8754506,tb7,0.16653062874896454,-0.8990387615421737,0.18,-0.10041220921047139
1777029880.876956,tb1,-0.7439189739752479,-1.6039754305360994,0.15812499823491066,-1.5
1777029880.8986087,tb3,-0.9734938243480402,-0.4316078544988928,0.18,-0.10602655325482398
1777029880.9217145,tb2,-0.17843208371737915,-0.16219553305108883,0.18,-0.10023050822571808
1777029880.9253762,tb7,0.16653062874896454,-0.8990387615421737,0.18,-0.09281929690805972
1777029880.9268472,tb1,-0.7439189739752479,-1.6039754305360994,0.1469004158263785,-1.5
1777029880.9486542,tb3,-0.9652636399610112,-0.4278476735886133,0.18,-0.10139720258265611
1777029880.9715564,tb2,-0.1702348421781404,-0.16601866346401215,0.18,-0.10059931908294317
1777029880.9753923,tb7,0.16822506977475965,-0.9079234539771387,0.18,-0.0929785694414029
1777029880.976855,tb1,-0.7524989546425396,-1.6039286189420474,0.1428516270521264,-1.5
1777029880.9986355,tb3,-0.957015839899593,-0.42413184751397026,0.17999999999999997,-0.09645639926333471
1777029881.0216587,tb2,-0.16205680814188306,-0.16988282428213813,0.18,-0.10076241265056278
1777029881.0254376,tb7,0.16987625287179764,-0.9168130562849295,0.18,-0.09343842383683111
1777029881.0270364,tb1,-0.7604647998758403,-1.6032840919441957,0.1431890279311297,-1.5
1777029881.0486324,tb3,-0.9487516161287283,-0.4204583555656206,0.18,-0.09166848408326202
1777029881.0716035,tb2,-0.15389815759985503,-0.17378809748048216,0.18,-0.10083827524144937
1777029881.0754664,tb7,0.17148612572014013,-0.9257103521659067,0.18,-0.0937429662072915
1777029881.0769324,tb1,-0.7681878000356845,-1.6020701527060448,0.1468970304845103,-1.5
1777029881.0986557,tb3,-0.9487516161287283,-0.4204583555656206,0.18,-0.09809043587088666
1777029881.1214888,tb2,-0.1457592206362177,-0.177734443943824,0.18,-0.1009005639243187
1777029881.1255295,tb7,0.1730544845974855,-0.9346152714792436,0.18,-0.0940065426271237
1777029881.1268854,tb1,-0.7758811077741516,-1.600260104886227,0.1534187879540543,-1.5
1777029881.1485639,tb3,-0.9404723404439381,-0.4168250146509687,0.18,-0.09353954185611806
1777029881.1715653,tb2,-0.1376402544241072,-0.18172179195676902,0.18,-0.10097157701944964
1777029881.175482,tb7,0.1745811126761483,-0.9435275798133621,0.18,-0.09435384111458603
1777029881.176866,tb1,-0.7836625282993339,-1.59780053447026,0.16272493690405096,-1.5
1777029881.1986291,tb3,-0.9321736699669709,-0.4132301452717122,0.18,-0.08841065406319437
1777029881.2215703,tb2,-0.12954148121832104,-0.18575006850263354,0.18,-0.10109176702741567
1777029881.2253544,tb7,0.176065839562724,-0.9524471165465908,0.18,-0.09484704888199418
1777029881.2268684,tb1,-0.7916203785140098,-1.5946114202585588,0.17502792545099446,-1.5
1777029881.2486663,tb3,-0.9238600763117721,-0.40967574964536374,0.18,-0.08389570322734878
1777029881.271486,tb2,-0.12146310915776858,-0.18981921610066582,0.18,-0.10127673920973983
1777029881.2754157,tb7,0.17750846050906707,-0.9613737755713955,0.18,-0.0954915816403583
1777029881.2768695,tb1,-0.7998181071497498,-1.590589464618963,0.18,-1.4146393542074904
1777029881.2986026,tb3,-0.9155328181277054,-0.4061596847804673,0.18,-0.08008349189635797
1777029881.321614,tb2,-0.12146310915776858,-0.18981921610066582,0.18,-0.09766638442543242
1777029881.3253653,tb7,0.1789086906843591,-0.9703074878488203,0.18,-0.08521371745896214
1777029881.326838,tb1,-0.8080843948193203,-1.585754910940272,0.18,-1.2974499634494312
1777029881.3486414,tb3,-0.9071927541937461,-0.40267976768352776,0.18,-0.076840387269217
1777029881.3715973,tb2,-0.11340534519767155,-0.1939292126488839,0.18,-0.09782310087102784
1777029881.3753746,tb7,0.1789086906843591,-0.9703074878488203,0.18,-0.08821963434943153
1777029881.376937,tb1,-0.8080843948193203,-1.585754910940272,0.17682330888281023,-1.441608393426541
1777029881.3986068,tb3,-0.8988404753894931,-0.39923401786716656,0.18,-0.07381422210142859
1777029881.4215486,tb2,-0.10536952841874231,-0.198078468921413,0.18,-0.09828666696011752
1777029881.4255278,tb7,0.18026781685310037,-0.9792432105482572,0.18,-0.08974986846336658
1777029881.4268942,tb1,-0.8160104484497582,-1.5803643151792017,0.18,-1.367797811927642
1777029881.4485638,tb3,-0.8904765029815012,-0.39582081817449155,0.18,-0.07090124220621626
1777029881.471538,tb2,-0.097353997933631,-0.20226701167389066,0.18,-0.09866122882985724
1777029881.475413,tb7,0.1815882434064185,-0.9881859385385433,0.18,-0.09096294468834015
1777029881.4768236,tb1,-0.8234796818372416,-1.5744945771822447,0.18,-1.1979797973239132
1777029881.4986308,tb3,-0.8821014851411211,-0.392438766161889,0.18,-0.06819358827152777
1777029881.521538,tb2,-0.08935893350120555,-0.20649495089563505,0.18,-0.09895131877694868
1777029881.5255437,tb7,0.1828688365567275,-0.9971351718789795,0.18,-0.09196206947468215
1777029881.5268183,tb1,-0.8305985886212787,-1.568052752092157,0.18,-1.0475562977026465
1777029881.5486343,tb3,-0.8821014851411211,-0.392438766161889,0.18,-0.07302604942568608
1777029881.571697,tb2,-0.08138465748312469,-0.2107623440405668,0.18,-0.09913621987985043
1777029881.57552,tb7,0.18410890042729558,-1.006090718679947,0.18,-0.09277298068840724
1777029881.5769072,tb1,-0.8372429492416119,-1.561243731309839,0.18,-0.9476745038077824
1777029881.5987895,tb3,-0.8737159558379176,-0.38908651805706795,0.18,-0.07031061113220467
1777029881.621563,tb2,-0.07343149069694102,-0.2150691903243682,0.18,-0.09928478847698484
1777029881.6254873,tb7,0.18530785103658035,-1.0150523080090497,0.18,-0.09345362366161254
1777029881.6268847,tb1,-0.8434725680092776,-1.554139487825799,0.18,-0.8802196967486238
1777029881.6486394,tb3,-0.8653169390905268,-0.3857632243255319,0.18,-0.06705616908960943
1777029881.671526,tb2,-0.06549970163539631,-0.21941545459670012,0.18,-0.09938714200793372
1777029881.675472,tb7,0.1864652415992959,-1.0240197399041742,0.18,-0.09404751623525535
1777029881.6768785,tb1,-0.8493322685560972,-1.5467814602545928,0.18,-0.8303508148203491
1777029881.6986747,tb3,-0.8569074129633719,-0.38247038032600356,0.18,-0.06412860636529416
1777029881.721692,tb2,-0.057589542299635484,-0.22380108031370097,0.18,-0.09944973100784553
1777029881.7253928,tb7,0.18758069160766877,-1.032992800005794,0.18,-0.0946063595164596
1777029881.7268524,tb1,-0.8548495365378259,-1.5391977829625103,0.18,-0.7885427085872972
1777029881.748586,tb3,-0.8484882222447604,-0.37920663643832353,0.18,-0.061586794005428845
1777029881.771641,tb2,-0.057589542299635484,-0.22380108031370097,0.18,-0.09554492821297102
1777029881.7754772,tb7,0.18758069160766877,-1.032992800005794,0.18,-0.08620950477042566
1777029881.776961,tb1,-0.8600404131650419,-1.531414067209366,0.18,-0.7322883315002414
1777029881.7986586,tb3,-0.8400598527795264,-0.37597055858349604,0.18,-0.05944384898814335
1777029881.8216612,tb2,-0.04970127998451945,-0.2282259690797674,0.18,-0.09557654566541288
1777029881.8254116,tb7,0.18865387213801693,-1.0419713001639057,0.18,-0.08668868763590099
1777029881.8268638,tb1,-0.8600404131650419,-1.531414067209366,0.18,-0.8863486370644938
1777029881.8486998,tb3,-0.8316226570245213,-0.37276087133551605,0.18,-0.05765418101965786
1777029881.8716626,tb2,-0.04183613607018576,-0.23268835186087836,0.18,-0.09598232648505801
1777029881.875482,tb7,0.18968597699962028,-1.0509510239675715,0.18,-0.08796122746541489
1777029881.8770294,tb1,-0.8649172273405108,-1.523460631792635,0.18,-0.8542899284204245
1777029881.898583,tb3,-0.8231768864130156,-0.3695765155029651,0.18,-0.05616473730865063
1777029881.9219918,tb2,-0.03399235893395433,-0.23718829851778264,0.18,-0.09635453324261418
1777029881.9260767,tb7,0.1906792409407475,-1.0599352766159975,0.18,-0.089196113824025
1777029881.9270456,tb1,-0.8694975232226259,-1.515259249190988,0.18,-0.7711842073065772
1777029881.9489882,tb3,-0.8147228090075422,-0.3664166228294,0.18,-0.05494536597368426
1777029881.971675,tb2,-0.026170074903234558,-0.2417259060032608,0.18,-0.0967226086832243
1777029881.975572,tb7,0.19163320188546065,-1.068924425255649,0.18,-0.09052139342615084
1777029881.976897,tb1,-0.8737111218970972,-1.5068868730874239,0.18,-0.6948268000511119
1777029881.9986093,tb3,-0.8147228090075422,-0.3664166228294,0.18,-0.05845396784634585
1777029882.021485,tb2,-0.018369576178130693,-0.24630123704680193,0.18,-0.09703238149147107
1777029882.0254319,tb7,0.19254718841878063,-1.0779183908361536,0.18,-0.09169214553174443
1777029882.0268867,tb1,-0.8775759470728148,-1.4983945737655238,0.18,-0.6390069804470135
1777029882.0486388,tb3,-0.8062604977923675,-0.3632804606887494,0.18,-0.05727321575515642
1777029882.0715842,tb2,-0.010591158930219287,-0.2509143326510479,0.18,-0.09728459985325422
1777029882.0754073,tb7,0.19342051321941245,-1.0869170031293678,0.18,-0.09278969137832799
1777029882.0769277,tb1,-0.8811302160951588,-1.4898018818236334,0.18,-0.5968548526961095
1777029882.0986526,tb3,-0.7977879700932202,-0.3601679001898872,0.18,-0.0558650875909329
1777029882.1215513,tb2,-0.0028351104006968243,-0.255565199823668,0.18,-0.09752533659537968
1777029882.1254292,tb7,0.1942525612536106,-1.0959200947302443,0.18,-0.09385251401229003
1777029882.1268365,tb1,-0.8844008805193485,-1.4811234884659714,0.18,-0.5636729933601876
1777029882.1485965,tb3,-0.7893071042091472,-0.3570800039640649,0.18,-0.05473095093633728
1777029882.1715117,tb2,0.004898309328581707,-0.26025383364355753,0.18,-0.09775145593693071
1777029882.1753893,tb7,0.19504274855540335,-1.1049274981585855,0.18,-0.09492167265241336
1777029882.1768327,tb1,-0.8874085925790175,-1.4723696072038253,0.18,-0.5366887400605278
1777029882.1986468,tb3,-0.7808182040713891,-0.35401614953198957,0.18,-0.053899676127918704
1777029882.2219646,tb2,0.012608844657036242,-0.26498021453990617,0.18,-0.08472677213999012
1777029882.2254806,tb7,0.195790538294615,-1.1139390202507862,0.18,-0.09598476555134619
1777029882.2268996,tb1,-0.8901681142223075,-1.4635482069697214,0.18,-0.5133529202016612
1777029882.248636,tb3,-0.7723213758574935,-0.35097576778223466,0.18,-0.05333405080004818
1777029882.27157,tb2,0.012608844657036242,-0.26498021453990617,0.18,-0.09372565640755097
1777029882.2755463,tb7,0.1964953924488613,-1.1229545192603667,0.18,-0.08065828543297862
1777029882.276742,tb1,-0.892690648340986,-1.4546679893740495,0.18,-0.49230930300715847
1777029882.2986023,tb3,-0.7638166999105775,-0.34795844794961023,0.18,-0.053014690421617314
1777029882.3215344,tb2,0.020293055402378447,-0.26973895791972924,0.18,-0.09511220173910782
1777029882.3254182,tb7,0.1964953924488613,-1.1229545192603667,0.18,-0.08813231935398216
1777029882.3269086,tb1,-0.892690648340986,-1.4546679893740495,0.18,-0.5924980985755329
1777029882.3487282,tb3,-0.7553042094280933,-0.34496390006284694,0.18,-0.05293346375277807
1777029882.3717606,tb2,0.027958986814614017,-0.27453412497756147,0.18,-0.09567823438346845
1777029882.375561,tb7,0.1971599471665859,-1.1319665738417444,0.18,-0.09069137225781979
1777029882.3770018,tb1,-0.8949862014318107,-1.4457365057064657,0.18,-0.5700929941668224
1777029882.398712,tb3,-0.7467838893700856,-0.3419919605433288,0.18,-0.053026832886372825
1777029882.421853,tb2,0.035602633546703864,-0.27936582206761945,0.18,-0.09614799643779647
1777029882.4254224,tb7,0.19778640963098393,-1.1409845371620428,0.18,-0.09278464595121419
1777029882.4269462,tb1,-0.8970461275859621,-1.4367041161944003,0.18,-0.5229440183824543
1777029882.44852,tb3,-0.7382557088399891,-0.33904259234030953,0.18,-0.05323836199267827
1777029882.4715958,tb2,0.04322335876180623,-0.2842341347895746,0.18,-0.09659083138856771
1777029882.4755216,tb7,0.19837240128471167,-1.1500065298434106,0.18,-0.09468809998458638
1777029882.4769197,tb1,-0.8988422739193387,-1.427631472696668,0.18,-0.48138046720383443
1777029882.49874,tb3,-0.7382557088399891,-0.33904259234030953,0.18,-0.055572314693178214
1777029882.5215719,tb2,0.05082078628617245,-0.2891391423507161,0.18,-0.0969732388052577
1777029882.5254884,tb7,0.19891669211768964,-1.1590321314214287,0.18,-0.0965470078600727
1777029882.5268598,tb1,-0.9003940236600233,-1.4185363337334935,0.18,-0.4486561547900227
1777029882.5486414,tb3,-0.7297195543780469,-0.3361158325451763,0.18,-0.055776199317111176
1777029882.571565,tb2,0.05839460655879062,-0.2940809189908962,0.18,-0.09731993979761236
1777029882.5753806,tb7,0.19941825280604522,-1.168061204852843,0.18000000000000002,-0.09836726964307575
1777029882.5768778,tb1,-0.9017233454465867,-1.4094255282521946,0.18,-0.42355477270993674
1777029882.5986254,tb3,-0.7211744978655577,-0.33321208418304077,0.18,-0.05591126807027647
1777029882.6215541,tb2,0.06594450175979871,-0.2990594966269988,0.18,-0.08463747331902716
1777029882.6254475,tb7,0.19987607134161475,-1.177093540335841,0.18000000000000002,-0.10012904033737258
1777029882.6269171,tb1,-0.9028482954709642,-1.4003018205560573,0.18,-0.40369796850795
1777029882.648581,tb3,-0.7126212952345017,-0.33033212734742345,0.18,-0.056191034186005316
1777029882.6716216,tb2,0.06594450175979871,-0.2990594966269988,0.18,-0.09315385007033963
1777029882.675531,tb7,0.19987607134161475,-1.177093540335841,0.18,-0.09074138721604122
1777029882.6770358,tb1,-0.9037820274164906,-1.391167371672399,0.18,-0.37047862668950704
1777029882.6986475,tb3,-0.7040599823411857,-0.3274760653809253,0.18,-0.056625335660337804
1777029882.7215626,tb2,0.07346721860723122,-0.3040695340181142,0.18,-0.09461147966416895
1777029882.7254932,tb7,0.20028918312131733,-1.1861289389646792,0.18,-0.09243650790494803
1777029882.726925,tb1,-0.9037820274164906,-1.391167371672399,0.18,-0.4644049829332999
1777029882.7487032,tb3,-0.6954905058860186,-0.3246440283004521,0.18,-0.05720545453003226
1777029882.771563,tb2,0.08097039899907381,-0.30911513568621435,0.18,-0.0953125635353289
1777029882.7754452,tb7,0.20065901388409363,-1.1951622393220835,0.18,-0.0951958564299709
1777029882.7770114,tb1,-0.9045371825177775,-1.3820284382273207,0.18,-0.44932030987344684
1777029882.7987256,tb3,-0.6869127749939712,-0.32183623045863136,0.18,-0.05788812316183823
1777029882.8216424,tb2,0.08845026596548264,-0.31419635738796936,0.18,-0.09588621389541363
1777029882.8254526,tb7,0.20098738641404054,-1.2041979883559826,0.18000000000000002,-0.0979844912400055
1777029882.8269753,tb1,-0.9050993605875473,-1.3728386660850378,0.18000000000000002,-0.41680058630022093
1777029882.848733,tb3,-0.6783267191678891,-0.31905296579418346,0.18,-0.0586395180601154
1777029882.871637,tb2,0.09590613985709599,-0.3193133042309252,0.18,-0.09640399884043299
1777029882.8754358,tb7,0.20127309503813612,-1.213236578004797,0.18000000000000002,-0.10067349701105163
1777029882.8768823,tb1,-0.9054532282050748,-1.3636487234531045,0.18,-0.3876404888903531
1777029882.8987675,tb3,-0.6783267191678891,-0.31905296579418346,0.18,-0.060126695044135245
1777029882.9214768,tb2,0.10333763322303237,-0.32446608757836837,0.18,-0.09688507354628961
1777029882.9253116,tb7,0.2015146767689071,-1.2222778845333744,0.18,-0.10327934744164236
1777029882.9267914,tb1,-0.9056136508657243,-1.3544695450442277,0.18,-0.3645010006108556
1777029882.9486263,tb3,-0.6697321797136649,-0.3162945775734547,0.18,-0.060818660394621984
1777029882.9714518,tb2,0.11074439962271487,-0.32965480896209237,0.18,-0.09730868244661882
1777029882.9754827,tb7,0.20171068256583322,-1.2313216458764842,0.18,-0.10575388409946017
1777029882.9769034,tb1,-0.9055965301514114,-1.3453019934030073,0.18,-0.3462932221070087
1777029882.9986246,tb3,-0.6611288088983561,-0.3135615790071155,0.18,-0.06151137896938588
1777029883.0215924,tb2,0.11812608556269474,-0.33487951118661646,0.18,-0.097684360373628
1777029883.0254462,tb7,0.20185978892799294,-1.2403675231006386,0.18,-0.10823583472283976
1777029883.0270329,tb1,-0.9054138112171217,-1.3361459435246519,0.18,-0.33138584949292366
1777029883.0487444,tb3,-0.6525168666931352,-0.31085457185916116,0.18,-0.06228791084642346
1777029883.0716448,tb2,0.11812608556269474,-0.33487951118661646,0.18,-0.09294603759684433
1777029883.0755682,tb7,0.20185978892799294,-1.2403675231006386,0.18000000000000002,-0.09827701341497823
1777029883.0769882,tb1,-0.9054138112171217,-1.3361459435246519,0.18,-0.39258701097764936
1777029883.0987444,tb3,-0.643896283468121,-0.30817391644681674,0.18,-0.06313410488132808
1777029883.1215465,tb2,0.1254822514234564,-0.34014011967747854,0.18,-0.09331674148989144
1777029883.1255238,tb7,0.20196072166966242,-1.2494153117860454,0.18,-0.10064436510546965
1777029883.1269388,tb1,-0.9050748048640109,-1.3270023077492092,0.18,-0.37789513444288364
1777029883.1485813,tb3,-0.6352669706349063,-0.3055200304127654,0.18,-0.06402382548012564
1777029883.1715007,tb2,0.13281184517106834,-0.3454344519691582,0.18,-0.09410076363897424
1777029883.1753087,tb7,0.20201500845792492,-1.258459405673903,0.18,-0.10419535636520483
1777029883.1768205,tb1,-0.9045690362342024,-1.3178405836539702,0.18,-0.35298023611963275
1777029883.1985488,tb3,-0.6266288823540166,-0.3028933629182142,0.18,-0.06495419674884714
1777029883.2215478,tb2,0.1401168728822769,-0.35076305186784895,0.18,-0.09482870859701445
1777029883.2254865,tb7,0.2020240791237367,-1.2675049622088712,0.18,-0.10763184529728559
1777029883.2269084,tb1,-0.9038888281465566,-1.3086991172981355,0.18,-0.3308526384831348
1777029883.2492857,tb3,-0.6179819531465748,-0.30029436891207395,0.18,-0.06593241783623878
1777029883.2715812,tb2,0.14739706969262745,-0.3561261496878307,0.18,-0.09548615160211213
1777029883.2754896,tb7,0.20198631912756698,-1.276552177814707,0.18,-0.11098528728577546
1777029883.2769718,tb1,-0.9030460372829527,-1.2995831085047276,0.18,-0.31279623184661864
1777029883.29864,tb3,-0.6179819531465748,-0.30029436891207395,0.18,-0.0666650552302118
1777029883.3215637,tb2,0.1546520356084164,-0.3615239039763347,0.18,-0.09608388497802825
1777029883.325438,tb7,0.2018999774097091,-1.2856007384050643,0.18,-0.11425641292533595
1777029883.3269522,tb1,-0.9020523842795442,-1.2904923085881148,0.18,-0.298013837456463
1777029883.3486784,tb3,-0.6093260995949906,-0.29772352382659045,0.17999999999999997,-0.06757052837809904
1777029883.3714757,tb2,0.16188138204377298,-0.36695644439873715,0.18,-0.0966313656040819
1777029883.3754377,tb7,0.20176331766613775,-1.2946503713532422,0.18,-0.11743206110313543
1777029883.3770308,tb1,-0.9009176671803916,-1.2814266375164653,0.18,-0.2861539323262486
1777029883.3986523,tb3,-0.6006613569750632,-0.2951812960656012,0.18,-0.06852451446974739
1777029883.4215283,tb2,0.16908474123856113,-0.3724238969821565,0.18,-0.09152257169768116
1777029883.4254258,tb7,0.2015745716640078,-1.3037007657143174,0.18,-0.12053581587656008
1777029883.4269302,tb1,-0.8996500427510917,-1.2723854812750386,0.18,-0.27630301643945576
1777029883.4486032,tb3,-0.5919876220329465,-0.2926681369959619,0.18,-0.06951145558745446
1777029883.4716856,tb2,0.16908474123856113,-0.3724238969821565,0.18,-0.09210751383008714
1777029883.475452,tb7,0.2015745716640078,-1.3037007657143174,0.18,-0.10991359659035813
1777029883.477012,tb1,-0.8982555637041494,-1.2633681526891032,0.18,-0.2506541361534435
1777029883.4986446,tb3,-0.5833048902126792,-0.2901845649915703,0.18,-0.0705378333971755
1777029883.521592,tb2,0.17626056780079663,-0.37792389399677384,0.18,-0.09304014065192327
1777029883.525566,tb7,0.2013320801807805,-1.3127514460694993,0.18,-0.11284658302501982
1777029883.5269299,tb1,-0.8982555637041494,-1.2633681526891032,0.18,-0.31369810303589146
1777029883.5485373,tb3,-0.5746130957211305,-0.2877310686154714,0.18000000000000002,-0.0715963065475118
1777029883.5715604,tb2,0.1834112365222024,-0.3834569251451016,0.18,-0.09392744026746046
1777029883.5754418,tb7,0.20103749849404456,-1.321796251270743,0.18,-0.11709201331669031
1777029883.5767648,tb1,-0.896743955478278,-1.2543809397383479,0.18,-0.3073406312673082
1777029883.5986311,tb3,-0.5659121751823921,-0.28530817613561943,0.18000000000000002,-0.0726739485101423
1777029883.6216688,tb2,0.1905365298259014,-0.3890233355530826,0.18,-0.094713819198255
1777029883.6255696,tb7,0.20069234155899965,-1.3308405910493661,0.18,-0.12134666065653105
1777029883.6269777,tb1,-0.8950993773414362,-1.2453898530132455,0.18,-0.29198248283786316
1777029883.6487422,tb3,-0.5572021023126451,-0.2829164325044908,0.18,-0.054283446093478
1777029883.6714685,tb2,0.19763599544992352,-0.39462335441718227,0.18,-0.09544244528441125
1777029883.6754155,tb7,0.20029465906136307,-1.3398850236881819,0.18,-0.1255066222606724
1777029883.6768355,tb1,-0.8933170726269286,-1.236429653617212,0.18,-0.27762870130053147
1777029883.6987166,tb3,-0.5572021023126451,-0.2829164325044908,0.18,-0.07383162136861204
1777029883.7215154,tb2,0.20470917520907975,-0.4002571612973552,0.18,-0.09606454425106276
1777029883.7254713,tb7,0.19984219767360337,-1.348928964125652,0.18,-0.12950677012183207
1777029883.7269769,tb1,-0.8914047687766148,-1.2275039853728125,0.18,-0.26584938852774803
1777029883.7487345,tb3,-0.54849160418029,-0.28055459822676343,0.18,-0.07667697405910817
1777029883.7715385,tb2,0.2117556296949629,-0.4059248765278847,0.18,-0.0966315363525706
1777029883.7754662,tb7,0.19933286761301353,-1.3579718966281538,0.18,-0.13344556507401154
1777029883.776883,tb1,-0.8893699640133936,-1.2186120876507398,0.18,-0.25584606942600296
1777029883.79868,tb3,-0.5397655173866929,-0.2782189063227226,0.18,-0.07775433641785666
1777029883.821472,tb2,0.2187749810906764,-0.4116266156152444,0.18,-0.0971472419346288
1777029883.8254015,tb7,0.19876454725366927,-1.367013414403655,0.17999999999999997,-0.137315299352263
1777029883.8267574,tb1,-0.8872190857599467,-1.2097533884313687,0.18,-0.24748805195853263
1777029883.8486295,tb3,-0.5310294176724999,-0.2759159303046376,0.18,-0.07865873330230586
1777029883.8717346,tb2,0.2257668460341559,-0.4173624364487112,0.18,-0.08436913334661464
1777029883.8754187,tb7,0.19813522152226293,-1.3760528129405531,0.18,-0.1411385137897579
1777029883.8770113,tb1,-0.884957211639254,-1.2009268596774876,0.18000000000000002,-0.2406204376529986
1777029883.898655,tb3,-0.5222839727776585,-0.27364674531702005,0.18,-0.07956858071552686
1777029883.921785,tb2,0.2257668460341559,-0.4173624364487112,0.18,-0.09228412875213804
1777029883.9257967,tb7,0.19813522152226293,-1.3760528129405531,0.18,-0.12945619115773604
1777029883.9274418,tb1,-0.884957211639254,-1.2009268596774876,0.18000000000000002,-0.27637741699582413
1777029883.9492881,tb3,-0.5135292313944093,-0.2714118530703694,0.18,-0.0804814338667707
1777029883.9716623,tb2,0.23272848327515927,-0.4231266622390596,0.18,-0.09385389058576625
1777029883.9754772,tb7,0.19744299766698353,-1.3850894732042172,0.18,-0.1332169880215238
1777029883.9769077,tb1,-0.8825884272128381,-1.192132064924943,0.18,-0.2687800936460206
1777029883.9986331,tb3,-0.5047652490026022,-0.2692117312812749,0.18,-0.08141896937062834
1777029884.0216832,tb2,0.2396668613110428,-0.42892384328506195,0.17999999999999997,-0.09472583158425824
1777029884.0256548,tb7,0.19669017736202152,-1.3941163392750648,0.18,-0.1383871896576521
1777029884.0269842,tb1,-0.880102418636915,-1.1833542293233594,0.18,-0.25671952645434665
1777029884.048627,tb3,-0.4959920151998714,-0.2670468491014225,0.18,-0.08234436648314285
1777029884.071563,tb2,0.24657867307533712,-0.43475380400940067,0.18,-0.09545703855554455
1777029884.0754323,tb7,0.1958776805428651,-1.4031400980517958,0.18,-0.14364666019570926
1777029884.0767882,tb1,-0.8774983917240821,-1.1746143602748225,0.17999999999999997,-0.2453915131551876
1777029884.0985959,tb3,-0.487209548876971,-0.26491771429430117,0.18000000000000002,-0.08325864784433486
1777029884.12158,tb2,0.2534631493627472,-0.44061664601358874,0.18,-0.09608713071650243
1777029884.1253867,tb7,0.1950030718439725,-1.4121605763561114,0.18,-0.1487766991182696
1777029884.1268952,tb1,-0.8747826911544156,-1.1659146763630626,0.18,-0.23588275906882672
1777029884.148927,tb3,-0.4784179196287276,-0.2628248200498213,0.18,-0.07882590645179684
1777029884.171608,tb2,0.260319834714245,-0.4465124771764958,0.18,-0.09664587244434031
1777029884.1755059,tb7,0.19406379762891326,-1.4211770893714812,0.18,-0.15379971273606016
1777029884.176959,tb1,-0.8719611639601551,-1.15725419474484,0.18,-0.22774991297919564
1777029884.198707,tb3,-0.4784179196287276,-0.2628248200498213,0.18,-0.08349569423126167
1777029884.2215593,tb2,0.2671483336895424,-0.45244137752324476,0.18,-0.09715150161308532
1777029884.2253354,tb7,0.19305730255591197,-1.4301889144542936,0.18,-0.15884518922937918
1777029884.2267966,tb1,-0.8690387842497372,-1.1486319496966562,0.18,-0.2206644628804184
1777029884.2486477,tb3,-0.4696194426573487,-0.2607679916568172,0.18,-0.08480049765655068
1777029884.2715826,tb2,0.2739482792311592,-0.45840340584149114,0.18,-0.09759652152254268
1777029884.2753396,tb7,0.19198103084042176,-1.4391952193941935,0.18,-0.1638324621014382
1777029884.2769594,tb1,-0.8660197648615184,-1.140047027277691,0.18000000000000002,-0.2147103120123465
1777029884.2987015,tb3,-0.4608107930807145,-0.258746749130864,0.18000000000000002,-0.08577019741740696
1777029884.3217041,tb2,0.2807193192997835,-0.46439859209692,0.18,-0.08449994455818698
1777029884.3253973,tb7,0.19083244306660022,-1.4481951224358016,0.18,-0.1688220062866689
1777029884.3268232,tb1,-0.8629077826974835,-1.1314988289716508,0.18,-0.20936864685158105
1777029884.3486032,tb3,-0.4519930750894437,-0.2567625938442338,0.18,-0.08669337443843239
1777029884.3715973,tb2,0.2807193192997835,-0.46439859209692,0.18,-0.09239253443981464
1777029884.3755374,tb7,0.19083244306660022,-1.4481951224358016,0.18,-0.15591576512981015
1777029884.3769112,tb1,-0.8629077826974835,-1.1314988289716508,0.18,-0.23643604640549543
1777029884.398623,tb3,-0.44316646984361163,-0.2548161388449436,0.18,-0.08759146457355103
1777029884.4215612,tb2,0.2874589015007129,-0.47042103997132445,0.18,-0.0939154257097745
1777029884.4253771,tb7,0.18960893586303526,-1.4571877656182894,0.18,-0.1608054623384089
1777029884.4270217,tb1,-0.8597060545779017,-1.1229868881950942,0.18,-0.23108141102330576
1777029884.4486659,tb3,-0.4343310489018549,-0.25290789584584517,0.18,-0.08847145931604522
1777029884.4715044,tb2,0.29417397621608304,-0.4764756039870544,0.18,-0.09475286353429414
1777029884.4753637,tb7,0.1883133290053995,-1.466164951114381,0.18,-0.16749499934278173
1777029884.4768434,tb1,-0.8564055163230451,-1.1145005295628536,0.18,-0.22204604174130807
1777029884.4987376,tb3,-0.42548689231976033,-0.2510383666325554,0.18,-0.08932446349541039
1777029884.521623,tb2,0.300861182200675,-0.4825619455502065,0.18,-0.09542430345022518
1777029884.525362,tb7,0.1869458932144157,-1.4751341547396863,0.18,-0.1742812003309151
1777029884.5270844,tb1,-0.8530074125822782,-1.1060558411702346,0.18,-0.21384558479724575
1777029884.5485947,tb3,-0.41663411761466446,-0.24920802556331217,0.18,-0.09016261673877493
1777029884.5714526,tb2,0.30751979763755666,-0.48868012612482487,0.18,-0.09604601800086184
1777029884.5753112,tb7,0.1855034527474213,-1.484095020259511,0.18,-0.18105921640665154
1777029884.5768132,tb1,-0.8495165880909342,-1.0976538313884678,0.18,-0.20646239548739137
1777029884.5984917,tb3,-0.4077728160973941,-0.24741732762979246,0.18,-0.07194192105410169
1777029884.6214569,tb2,0.31414937388410025,-0.49483020601943345,0.18,-0.09658383092512783
1777029884.6253219,tb7,0.1839827300968459,-1.4930462031360552,0.18,-0.18788030171458145
1777029884.627143,tb1,-0.8459371264459151,-1.0892932059550267,0.18,-0.20021115145539117
1777029884.6486323,tb3,-0.4077728160973941,-0.24741732762979246,0.18,-0.08971300120129834
1777029884.6715512,tb2,0.3207495361600015,-0.5010122375273304,0.18,-0.0970510526808166
1777029884.6754138,tb7,0.18238059863434183,-1.5019863936996323,0.18,-0.19479731686819582
1777029884.6769786,tb1,-0.8422725988081177,-1.0809731039426644,0.18,-0.19447875474027926
1777029884.6986446,tb3,-0.3989118515988987,-0.24566404855970703,0.18,-0.09229254762874524
1777029884.7215693,tb2,0.3273199358210756,-0.507226261950923,0.18,-0.09748208378111332
1777029884.7254288,tb7,0.1806937679111263,-1.5109145017663725,0.18,-0.20186143090541186
1777029884.7269437,tb1,-0.8385261840305035,-1.0726927972324232,0.18,-0.18944394252538513
1777029884.7486298,tb3,-0.39003624544749677,-0.2439456236892211,0.18,-0.09320119429749713
1777029884.7714386,tb2,0.33386022692368855,-0.5134722726668111,0.18,-0.09788892534409156
1777029884.77532,tb7,0.1789189144059987,-1.5198289881042857,0.18,-0.20915996593817082
1777029884.7768648,tb1,-0.8347007620897673,-1.0644515890870645,0.18,-0.18491312491681797
1777029884.798702,tb3,-0.3811518307812847,-0.24226760615969697,0.18,-0.09393478598246627
1777029884.8214688,tb2,0.34037010270453916,-0.5197502707883817,0.18,-0.09823637143091907
1777029884.8253255,tb7,0.1770526185278853,-1.5287284207058307,0.18,-0.2166582104273746
1777029884.8268354,tb1,-0.8307988195453369,-1.0562488534312322,0.18,-0.1808190140057161
1777029884.8486154,tb3,-0.3722593013911196,-0.24063083462075535,0.18,-0.09464506815550931
1777029884.8714883,tb2,0.34684925184378457,-0.5260602143591598,0.18,-0.09855296180390716
1777029884.8753517,tb7,0.1750915645707635,-1.5376110117434436,0.18000000000000002,-0.22448486002633383
1777029884.8769042,tb1,-0.8268225554361349,-1.0480841113710804,0.18,-0.17709494976249684
1777029884.898735,tb3,-0.36335885223814846,-0.2390357346837632,0.18,-0.0953349456566936
1777029884.9214869,tb2,0.34684925184378457,-0.5260602143591598,0.18,-0.09252821784740055
1777029884.9254894,tb7,0.17303227797013768,-1.546475132187497,0.18,-0.19967234751137636
1777029884.9275665,tb1,-0.8227739714552358,-1.0399570053856046,0.18,-0.17386894443073211
1777029884.9487348,tb3,-0.35445061085548296,-0.23748269006131148,0.18,-0.09601042513939335
1777029884.9715621,tb2,0.3532973212120224,-0.5324019786077515,0.18,-0.09278771687325789
1777029884.9753187,tb7,0.17303227797013768,-1.546475132187497,0.17999999999999997,-0.21742987372174072
1777029884.9768407,tb1,-0.8227739714552358,-1.0399570053856046,0.18,-0.19267445662777452
1777029884.9986017,tb3,-0.34553472636337196,-0.2359720897810416,0.18,-0.09666409006135648
1777029885.021513,tb2,0.3597133156258937,-0.5387725520608279,0.18,-0.09360627875786352
1777029885.0253537,tb7,0.17088109706291296,-1.5553077380979503,0.18,-0.2288878327572063
1777029885.027055,tb1,-0.818654655653366,-1.0318667801079209,0.18,-0.18879177209325557
1777029885.048601,tb3,-0.33661136827248533,-0.23450430660971797,0.18,-0.09729763641537764
1777029885.071623,tb2,0.36609983559342135,-0.5451729359680527,0.18,-0.09437358777745604
1777029885.075479,tb7,0.1686350531117968,-1.5641245853359773,0.18000000000000002,-0.24007018607971814
1777029885.076913,tb1,-0.814457322083184,-1.02380822882037,0.18,-0.18252418548919802
1777029885.0986264,tb3,-0.3276806962579503,-0.2330796978279435,0.18,-0.09790868955788824
1777029885.1216514,tb2,0.37245666696019225,-0.5516033740097602,0.18,-0.09506938292016233
1777029885.1253657,tb7,0.16628819226320438,-1.572920946142177,0.18,-0.25166004383513707
1777029885.126934,tb1,-0.8101847171900246,-1.0157918166263482,0.18,-0.17667570440618094
1777029885.1486754,tb3,-0.3276806962579503,-0.2330796978279435,0.18,-0.09605032317162374
1777029885.1716714,tb2,0.3787833603468155,-0.5580639752689618,0.18,-0.0956937928817329
1777029885.1754286,tb7,0.16383520185222952,-1.5816941006645817,0.18,-0.2636844674710484
1777029885.1771667,tb1,-0.8058401021414515,-1.007817644649148,0.18,-0.17147582149650106
1777029885.1987188,tb3,-0.31874289916661325,-0.23169861419666662,0.18,-0.09658349854754228
1777029885.2214868,tb2,0.38507950024005194,-0.564554840386782,0.18,-0.09627607764763033
1777029885.2253041,tb7,0.16127019107946128,-1.590441773587932,0.18,-0.27625694864147854
1777029885.2268422,tb1,-0.801426570058222,-0.999884823356742,0.18,-0.1666569698786144
1777029885.2486742,tb3,-0.30979925262687685,-0.23036096588571936,0.18,-0.09733857230969828
1777029885.2715325,tb2,0.39134467097460696,-0.5710760034456566,0.18,-0.09677617389132552
1777029885.275438,tb7,0.15858746513748773,-1.5991603253121978,0.18,-0.28951766970203
1777029885.2769063,tb1,-0.7969465651283768,-0.991992071300706,0.18,-0.16236798620335435
1777029885.2986276,tb3,-0.30084898117493014,-0.2290664156292582,0.18,-0.09807835549261586
1777029885.3214736,tb2,0.3975785034833044,-0.5776274914142547,0.18,-0.09724357936986931
1777029885.3253586,tb7,0.15578099212149527,-1.6078467185849188,0.18,-0.3037230997192961
1777029885.3268971,tb1,-0.7924024822461976,-0.9841386730472862,0.18,-0.15843152545256528
1777029885.3486705,tb3,-0.2918921444783716,-0.22781532324516793,0.18,-0.09877457843152024
1777029885.3714998,tb2,0.3975785034833044,-0.5776274914142547,0.18,-0.09085277718390965
1777029885.375279,tb7,0.1528444798560866,-1.6164973142163588,0.18,-0.3189856456837274
1777029885.3768384,tb1,-0.787796354733812,-0.9763238009799314,0.18,-0.15477428862820664
1777029885.3987086,tb3,-0.2829289370319296,-0.22660810038996376,0.18,-0.09943698125887176
1777029885.421531,tb2,0.40378061440016066,-0.584209259264627,0.18,-0.09123380143280511
1777029885.4253948,tb7,0.1528444798560866,-1.6164973142163588,0.18,-0.3014314885932439
1777029885.4269109,tb1,-0.787796354733812,-0.9763238009799314,0.18,-0.16960303909826732
1777029885.4486394,tb3,-0.2739595560229137,-0.2254451198859302,0.18,-0.10007096309699387
1777029885.471658,tb2,0.4099498967664371,-0.5908180104529572,0.18,-0.0922082440521874
1777029885.475406,tb7,0.14977164750567717,-1.6251077351309793,0.18,-0.31781036354428777
1777029885.4768388,tb1,-0.7831299606152858,-0.968546696928442,0.18,-0.1657398333875655
1777029885.4986048,tb3,-0.2649841654184962,-0.22432674610370051,0.18,-0.10066321300230158
1777029885.5216725,tb2,0.41608917672374807,-0.5974549897753932,0.18,-0.09314948947508553
1777029885.5254092,tb7,0.14656798146355793,-1.6336641237227068,0.18,-0.33914005238326167
1777029885.5268927,tb1,-0.7783972420991164,-0.9608025767763398,0.18,-0.1600824089842189
1777029885.5486152,tb3,-0.25600299225763806,-0.22325332962857228,0.18,-0.10122269059326909
1777029885.5715597,tb2,0.42219817824783956,-0.6041204832314372,0.18,-0.09402091541880603
1777029885.5753596,tb7,0.1432276368917459,-1.6421770146544645,0.18,-0.36249720020065607
1777029885.5769398,tb1,-0.7736011783337079,-0.9530999578193612,0.18,-0.15473728888696586
1777029885.5986538,tb3,-0.25600299225763806,-0.22325332962857228,0.18,-0.09888782098810615
1777029885.6214943,tb2,0.4282764150277619,-0.6108146629213712,0.18,-0.09480456225028525
1777029885.6253176,tb7,0.13974081306015002,-1.650643121209542,0.18,-0.387665703638504
1777029885.6269603,tb1,-0.7687446677575881,-0.9454386109466433,0.18,-0.14988999475492293
1777029885.6486073,tb3,-0.2470162419048784,-0.22222519070607155,0.18,-0.09936660035579299
1777029885.6715279,tb2,0.4343233926021755,-0.6175376616239333,0.18,-0.0955028482867312
1777029885.6753757,tb7,0.1360964294778506,-1.6590560675887596,0.18,-0.4149410613851799
1777029885.6769435,tb1,-0.7638302669539667,-0.937817334925037,0.18,-0.14548656143250716
1777029885.6986072,tb3,-0.23802542412212124,-0.22124212806032117,0.18,-0.10009821716630028
1777029885.7214897,tb2,0.44033863745578394,-0.6242895586452929,0.18,-0.09615392893630847
1777029885.7253358,tb7,0.13228280207515836,-1.6674082053200279,0.18,-0.4448935519170302
1777029885.7269247,tb1,-0.7588602921495585,-0.9302349976504034,0.18,-0.14148168070086847
1777029885.7487843,tb3,-0.2290295911748042,-0.22030364968002672,0.18,-0.10080083443088236
1777029885.7714384,tb2,0.4463217239685526,-0.6310704055201715,0.18,-0.09676095306180447
1777029885.7754161,tb7,0.12828757406522803,-1.6756909191014833,0.18,-0.4780143594801004
1777029885.7767837,tb1,-0.7538367333063696,-0.9226905096498681,0.18,-0.1377676300047079
1777029885.7987256,tb3,-0.22002882590599115,-0.21941010282504408,0.18,-0.1014701194764809
1777029885.8217928,tb2,0.45227225659630915,-0.6378802409062952,0.18,-0.08210779424552046
1777029885.8254297,tb7,0.124097552708789,-1.6838943922467147,0.18,-0.5150331740620546
1777029885.8267915,tb1,-0.7487613777406157,-0.9151829838749589,0.18,-0.13435778187959113
1777029885.8486443,tb3,-0.21102334832555833,-0.2185618638193929,0.18,-0.10210102386651798
1777029885.8716764,tb2,0.45227225659630915,-0.6378802409062952,0.18,-0.09045810279316414
1777029885.8754053,tb7,0.124097552708789,-1.6838943922467147,0.18,-0.4973094621165293
1777029885.8769882,tb1,-0.7487613777406157,-0.9151829838749589,0.18,-0.1458951937042792
1777029885.8986678,tb3,-0.20201336970929984,-0.21775928307339365,0.18,-0.10268122812065617
1777029885.9219322,tb2,0.4581882115302487,-0.6447121265798975,0.18,-0.09225676334958607
1777029885.9257443,tb7,0.11969777318475275,-1.692007512524722,0.18,-0.5394842972451191
1777029885.9277067,tb1,-0.7436358729233992,-0.9077116416020492,0.18000000000000002,-0.1425462395962116
1777029885.9490268,tb3,-0.1929990968357962,-0.21700270554358572,0.18,-0.10320137221814012
1777029885.971597,tb2,0.4640766325265494,-0.6515722849175355,0.18,-0.09342559888491471
1777029885.975377,tb7,0.11509606919794076,-1.7000034430886384,0.18,-0.5947181876589057
1777029885.9768856,tb1,-0.7384554398289316,-0.900272508432645,0.18,-0.13745960739965912
1777029885.9986732,tb3,-0.1839807788734013,-0.2162924571990115,0.18,-0.10372601920163338
1777029886.0214813,tb2,0.4699340249648425,-0.6584600291321162,0.18,-0.0944237204913415
1777029886.0253322,tb7,0.11027341375985983,-1.7078946818405643,0.18,-0.6571615650403022
1777029886.026876,tb1,-0.7332227761048952,-0.8928722745316884,0.18,-0.13283277466520382
1777029886.0487409,tb3,-0.1839807788734013,-0.2162924571990115,0.18,-0.10095360478433511
1777029886.071562,tb2,0.47575956970414657,-0.6653754618917602,0.18,-0.09531450677083986
1777029886.0754209,tb7,0.10520513311316682,-1.7156656581840082,0.18,-0.7270920783195555
1777029886.0768037,tb1,-0.7279404718755703,-0.8855104397170566,0.18,-0.12863848222388816
1777029886.0986469,tb3,-0.17495864658223148,-0.2156288306716819,0.18,-0.10138202416081915
1777029886.1215193,tb2,0.4815526746726719,-0.6723186752252547,0.18,-0.0961685780774242
1777029886.1253772,tb7,0.09986633106906513,-1.7232921471835323,0.18,-0.8061113593590015
1777029886.1268249,tb1,-0.7226105298774985,-0.8781856815508827,0.18,-0.12482737602258474
1777029886.1487172,tb3,-0.16593441701976674,-0.2150114590649659,0.18,-0.10209538780934409
1777029886.1716201,tb2,0.4873128563235021,-0.6792897923858177,0.18,-0.09695632659954281
1777029886.1753442,tb7,0.09422846612760279,-1.7307473102244428,0.18,-0.8945245668364309
1777029886.1768467,tb1,-0.7172348226752334,-0.870896938182904,0.18,-0.12134676721257782
1777029886.1986282,tb3,-0.15690695322649748,-0.21443975419603117,0.18,-0.10279668676660828
1777029886.221592,tb2,0.4930396281468153,-0.6862889143647932,0.18,-0.08187372954323005
1777029886.2254841,tb7,0.08825968485764851,-1.7379965332772334,0.18,-0.9919336216218165
1777029886.2268488,tb1,-0.7118151054112151,-0.8636431976109499,0.18000000000000002,-0.11815556935387848
1777029886.2486372,tb3,-0.14787633050998042,-0.21391404984745122,0.18,-0.10343906163856728
1777029886.271658,tb2,0.4930396281468153,-0.6862889143647932,0.18,-0.09051321309003288
1777029886.2755294,tb7,0.08825968485764851,-1.7379965332772334,0.17999999999999997,-0.997920342677798
1777029886.2769158,tb1,-0.7118151054112151,-0.8636431976109499,0.18,-0.12728344716211606
1777029886.2986174,tb3,-0.13884277539130643,-0.21343473226639303,0.18,-0.10402264790589198
1777029886.321607,tb2,0.49873120901663737,-0.6933091051876435,0.18,-0.09254291213857649
1777029886.325438,tb7,0.08192698201500176,-1.744995785963329,0.18,-1.1131899527556794
1777029886.3268511,tb1,-0.7063528477903792,-0.8564233562288077,0.18,-0.12400885297901984
1777029886.3487058,tb3,-0.12980653914097465,-0.2130021654610322,0.18,-0.10454224718882409
1777029886.3714924,tb2,0.5043940678800977,-0.7003567162489208,0.18,-0.09391187880549878
1777029886.3753352,tb7,0.07524269973499557,-1.7516814658770337,0.18,-1.2545797193755295
1777029886.376889,tb1,-0.7008440525899502,-0.8492344845702926,0.18,-0.11965954878923865
1777029886.3986602,tb3,-0.1207679124597377,-0.21261665773996158,0.18,-0.1050276866887233
1777029886.4214995,tb2,0.5100249631663114,-0.7074310353262923,0.18,-0.09512357143591875
1777029886.4253776,tb7,0.06816290470029475,-1.7580360780530742,0.18,-1.3999475323022046
1777029886.4267776,tb1,-0.6952915259891037,-0.8420815395106622,0.18000000000000002,-0.11552460502042063
1777029886.4485993,tb3,-0.1207679124597377,-0.21261665773996158,0.18,-0.10191098548219692
1777029886.4715948,tb2,0.5156230283926078,-0.7145322360258416,0.18,-0.09622667887791679
1777029886.475408,tb7,0.06064614188426582,-1.763988830556718,0.17663245517667944,-1.5
1777029886.476908,tb1,-0.6896974560886433,-0.8349639102565921,0.17999999999999997,-0.11177694518089851
1777029886.4987614,tb3,-0.11172717132508905,-0.2122784809847763,0.18,-0.102298506628378
1777029886.5215743,tb2,0.5211875565988628,-0.7216604281527566,0.18,-0.09720975048099846
1777029886.5254009,tb7,0.052752193721633645,-1.7693938403301221,0.1657450701273623,-1.5
1777029886.52684,tb1,-0.6840634694343968,-0.8278801927856879,0.18,-0.10809169728138182
1777029886.548837,tb3,-0.10268613054602685,-0.21198706792637645,0.18,-0.10296441138747002
1777029886.5714667,tb2,0.5267179802447749,-0.7288157766265033,0.18,-0.09782420003334015
1777029886.575407,tb7,0.04483684126763144,-1.7739921591009666,0.1595501614526779,-1.5
1777029886.5768368,tb1,-0.6783912740590367,-0.820829469915637,0.18,-0.10407313257271406
1777029886.5986416,tb3,-0.0936434884422508,-0.2117418444560915,0.18,-0.10346201027586027
1777029886.6214943,tb2,0.5267179802447749,-0.7288157766265033,0.18,-0.09029501055524145
1777029886.6253283,tb7,0.03700233259589027,-1.7777848355776442,0.15697793996709797,-1.5
1777029886.626878,tb1,-0.6726827537589576,-0.8138107924246437,0.18,-0.09976012288804202
1777029886.648656,tb3,-0.08459939481801781,-0.2115431134602978,0.18,-0.10373291838896875
1777029886.6715534,tb2,0.5322137047179777,-0.735998271310163,0.18,-0.09045422828461673
1777029886.6753495,tb7,0.03700233259589027,-1.7777848355776442,0.14464766274537136,-1.5
1777029886.676793,tb1,-0.6726827537589576,-0.8138107924246437,0.18,-0.10690130395048512
1777029886.6985962,tb3,-0.07555419746435835,-0.21139114830682762,0.18,-0.10387947925034131
1777029886.7215688,tb2,0.5376736198392855,-0.7432039260145394,0.18,-0.09115917706458325
1777029886.725355,tb7,0.02909936989675762,-1.7809028843587482,0.14405811495007056,-1.5
1777029886.7268312,tb1,-0.6669396453564982,-0.806822976237377,0.18,-0.1023554890933389
1777029886.748616,tb3,-0.06650823323634596,-0.21128610004117096,0.18,-0.10382239073800974
1777029886.7715504,tb2,0.5431009401579904,-0.7504342354149734,0.18,-0.09147402240567228
1777029886.7753758,tb7,0.02155313881088272,-1.783240600679836,0.14829043318329396,-1.5
1777029886.7768574,tb1,-0.6611586869839783,-0.799862926079781,0.18000000000000002,-0.09632142732746672
1777029886.7986014,tb3,-0.05746184028916008,-0.21122802686437633,0.18,-0.10373560955225306
1777029886.82154,tb2,0.548495496466659,-0.7576893910282675,0.18,-0.09168343983756881
1777029886.8254821,tb7,0.013835184501650525,-1.785008972651048,0.1556661420808668,-1.5
1777029886.8268905,tb1,-0.6553431556490766,-0.7929348395669198,0.18,-0.09062755655392228
1777029886.848597,tb3,-0.04841530693703252,-0.2112169024610689,0.18,-0.10367382506776891
1777029886.8715122,tb2,0.5538569134258697,-0.7649692373121091,0.18,-0.09194665188231589
1777029886.875307,tb7,0.005754531000402096,-1.7862317467296727,0.1661083166432136,-1.5
1777029886.8768008,tb1,-0.6494956464470708,-0.786037497417927,0.18,-0.08557982737451751
1777029886.8984787,tb3,-0.03936887010477613,-0.21125268856675325,0.18,-0.08928873255359125
1777029886.9215236,tb2,0.5591849712676618,-0.7722736764719954,0.18,-0.09235113042678605
1777029886.9253623,tb7,-0.0028453179111551565,-1.786879067644788,0.17959842896634373,-1.5
1777029886.9267771,tb1,-0.6436183600467712,-0.7791690629339271,0.18,-0.08129231014000732
1777029886.948638,tb3,-0.03936887010477613,-0.21125268856675325,0.18,-0.10014789855634526
1777029886.97148,tb2,0.5644794737499929,-0.7796026707345216,0.18,-0.09294644089467793
1777029886.9754086,tb7,-0.012047484467576688,-1.786880715023548,0.18,-1.3711171725655429
1777029886.9768279,tb1,-0.6377130158719637,-0.7723276580018374,0.18000000000000002,-0.07770928018967486
1777029886.9985979,tb3,-0.030328712838723314,-0.21133219262458977,0.18,-0.10150291053378283
1777029887.021505,tb2,0.5697401920744912,-0.7869562654323222,0.18,-0.09361413820117342
1777029887.025392,tb7,-0.02165281850512666,-1.7861776096337418,0.18,-1.250817199671913
1777029887.0268166,tb1,-0.6317811791689468,-0.7655118395286526,0.18,-0.07463236607093267
1777029887.048623,tb3,-0.021284536110678532,-0.21145487038592933,0.18,-0.10188501136018724
1777029887.0715218,tb2,0.5749668031130444,-0.7943345451473692,0.18,-0.09411891484492428
1777029887.0753388,tb7,-0.03113581159623887,-1.7848339071456734,0.18,-1.1584734565174613
1777029887.0768998,tb1,-0.6258241508549353,-0.7587202590277878,0.18,-0.07172033604268391
1777029887.098567,tb3,-0.012240523987412724,-0.21162324979864877,0.18,-0.10208716212648113
1777029887.1216502,tb2,0.5801589032519581,-0.8017374691325478,0.18,-0.08188143292581165
1777029887.1253772,tb7,-0.04046941152047291,-1.7829217103270314,0.18,-1.0849761897036672
1777029887.1267915,tb1,-0.6198430246257093,-0.7519518051317001,0.18,-0.06895186296670111
1777029887.1486917,tb3,-0.0031973301360002974,-0.2118376673446589,0.18,-0.102193060551865
1777029887.171679,tb2,0.5801589032519581,-0.8017374691325478,0.18,-0.08643382542522413
1777029887.1754227,tb7,-0.04046941152047291,-1.7829217103270314,0.18,-1.2379850300415964
1777029887.1768167,tb1,-0.6198430246257093,-0.7519518051317001,0.18,-0.0742210822963128
1777029887.1986318,tb3,0.005844733456433181,-0.21209823278732884,0.18,-0.10225042290799277
1777029887.2216783,tb2,0.5853153479678787,-0.8091591795671499,0.18,-0.08779345585200453
1777029887.2253962,tb7,-0.049643470190410426,-1.7804952576670843,0.18,-1.171325175878634
1777029887.2268949,tb1,-0.6138389226942117,-0.7452055731725922,0.18,-0.07150892366858283
1777029887.2485878,tb3,0.014885386749451428,-0.2124049970478667,0.18,-0.10227086126598078
1777029887.271624,tb2,0.5904413398597423,-0.8166040333149208,0.18,-0.0887924785940567
1777029887.2755156,tb7,-0.05871570555778284,-1.7775230024884716,0.18,-1.0429623491979816
1777029887.2769494,tb1,-0.6078093802636739,-0.738479388501774,0.18,-0.06824454144996238
1777029887.2986634,tb3,0.02392437072567318,-0.21275797896938206,0.18,-0.10222891012620357
1777029887.3215148,tb2,0.5955350920716993,-0.8240717574435266,0.18,-0.08960866616308787
1777029887.3254306,tb7,-0.06756132178352944,-1.7740301487577248,0.18,-0.9296206188567815
1777029887.3268461,tb1,-0.6017564759574846,-0.7317761104093511,0.18,-0.06515671487332429
1777029887.3487685,tb3,0.03296141716294409,-0.21315716805048462,0.18,-0.08867486300645158
1777029887.3715754,tb2,0.6005959408427523,-0.8315623793742022,0.18,-0.09025830905641857
1777029887.3753693,tb7,-0.0761527125548876,-1.7700955122408055,0.18,-0.8475621845113793
1777029887.3769684,tb1,-0.5956815916931806,-0.7250948835787756,0.18,-0.06237596909004456
1777029887.3986046,tb3,0.03296141716294409,-0.21315716805048462,0.18,-0.09832918867941286
1777029887.4215138,tb2,0.605623378540761,-0.8390759076611134,0.18,-0.09083887612274133
1777029887.425326,tb7,-0.08450392080147183,-1.7657853680960727,0.18,-0.7898055430971931
1777029887.42685,tb1,-0.589585922044248,-0.7184346619832,0.18,-0.05991584754668332
1777029887.4488094,tb3,0.041991050561791275,-0.21359936460780146,0.18,-0.09936981661521291
1777029887.471519,tb2,0.6106169878701531,-0.8466123266863365,0.18,-0.09137112249676858
1777029887.4754217,tb7,-0.09263623337685215,-1.7611430717343433,0.18,-0.7455117285084822
1777029887.4768755,tb1,-0.5834704331762022,-0.7117943818827325,0.18,-0.05781844305156798
1777029887.4987931,tb3,0.05102222252369727,-0.21408447690582294,0.18,-0.09959487101799497
1777029887.5214086,tb2,0.6155764039229253,-0.8541716126588993,0.18,-0.09190995208652514
1777029887.5252845,tb7,-0.10056012629852426,-1.7561995669622124,0.18,-0.7078979660143996
1777029887.5267587,tb1,-0.5773359487534867,-0.705173145913344,0.18,-0.056039396868675484
1777029887.5487678,tb3,0.06005129759540171,-0.21461433504521293,0.18,-0.09972336661749026
1777029887.571551,tb2,0.6155764039229253,-0.8541716126588993,0.18,-0.08348250987077943
1777029887.575259,tb7,-0.10828098802719671,-1.7509808613075983,0.18,-0.6759451811310652
1777029887.5767481,tb1,-0.5711831889155612,-0.6985701908760187,0.18,-0.05458678012773982
1777029887.5987632,tb3,0.06907771381922997,-0.21518913909021153,0.18,-0.0998294384714807
1777029887.621607,tb2,0.6205012917285876,-0.861753766925283,0.18,-0.08393901689458992
1777029887.6253839,tb7,-0.10828098802719671,-1.7509808613075983,0.18,-0.7988477919423969
1777029887.6269336,tb1,-0.5711831889155612,-0.6985701908760187,0.18,-0.058487719951043446
1777029887.6487484,tb3,0.07810120903988904,-0.2158089438646937,0.18,-0.09992236525962762
1777029887.6715395,tb2,0.6253909017705117,-0.8693543522399519,0.18,-0.08528038384070176
1777029887.6755,tb7,-0.11580388223853975,-1.7455063396421195,0.18,-0.7656185136294335
1777029887.676872,tb1,-0.5650126200358081,-0.6919848363979726,0.18,-0.05716219575985829
1777029887.6986077,tb3,0.08712154898464425,-0.2164737886925187,0.18,-0.10001668009342603
1777029887.7216463,tb2,0.6302487641452862,-0.8769755863716201,0.18,-0.08663116879893251
1777029887.725342,tb7,-0.12315859429315934,-1.7397265120404857,0.18,-0.6943175832495725
1777029887.7269604,tb1,-0.5588224060821112,-0.6854158268757705,0.18,-0.055590801865693935
1777029887.7487276,tb3,0.09613849927921156,-0.21718370488068584,0.18,-0.10006875184205755
1777029887.7716117,tb2,0.6350745286134399,-0.8846179411685298,0.18,-0.08792982723108997
1777029887.7754488,tb7,-0.13027003117829988,-1.7336788323873131,0.18,-0.6303122678017776
1777029887.7768557,tb1,-0.5526137500209115,-0.678865117547468,0.18,-0.0542174752298664
1777029887.7987134,tb3,0.09613849927921156,-0.21718370488068584,0.18,-0.09598550468100535
1777029887.8214703,tb2,0.6398675580060552,-0.8922816569701781,0.18,-0.08917565721277791
1777029887.8252952,tb7,-0.13713741346642105,-1.7274064831417089,0.18,-0.581112365280461
1777029887.8267787,tb1,-0.5463873252681858,-0.6723323413627498,0.18,-0.05311066850361597
1777029887.8486269,tb3,0.10515181706645416,-0.2179387141363351,0.18,-0.09600512522402994
1777029887.8715687,tb2,0.6446271754932296,-0.8999669199264294,0.18,-0.09033513564358427
1777029887.8754025,tb7,-0.14378129940970885,-1.7209390343061732,0.18,-0.5444074741629676
1777029887.8769205,tb1,-0.5401435906102733,-0.6658169558666008,0.18,-0.052280328715849034
1777029887.898688,tb3,0.114159542511309,-0.21873773063452798,0.18,-0.09640690348560359
1777029887.9217904,tb2,0.649352725877849,-0.907673843687028,0.18,-0.09146396067455516
1777029887.9256852,tb7,-0.15022003925758037,-1.7142961786473707,0.18,-0.5157450533746621
1777029887.9273317,tb1,-0.5338828989694482,-0.6593185281754371,0.18,-0.05172298208772178
1777029887.9491374,tb3,0.1231633326558995,-0.21957997618329025,0.18,-0.09678450337893481
1777029887.9715874,tb2,0.6540436182856562,-0.915402568884248,0.18,-0.09267487651882982
1777029887.9753807,tb7,-0.15646612047290462,-1.707493150485266,0.18,-0.49108441732610036
1777029887.9767797,tb1,-0.5276054858328417,-0.6528367130740186,0.18,-0.05134439457371439
1777029887.9987938,tb3,0.13216315751684599,-0.22046558169200792,0.18,-0.09719866769312731
1777029888.0213757,tb2,0.6586992597251182,-0.9231533026120257,0.18,-0.0773628932871909
1777029888.0253625,tb7,-0.16252839859038404,-1.7005436267450584,0.18,-0.4711264632045583
1777029888.0268486,tb1,-0.5213115148982248,-0.6463712852208897,0.18,-0.05122339437614676
1777029888.0487638,tb3,0.14115878573421767,-0.22139472151809447,0.18,-0.0975597677903243
1777029888.071583,tb2,0.6586992597251182,-0.9231533026120257,0.18,-0.08492336060158648
1777029888.0753994,tb7,-0.16252839859038404,-1.7005436267450584,0.18,-0.5648255515719652
1777029888.0767708,tb1,-0.5150010380395894,-0.6399220842949722,0.18,-0.051282981771407936
1777029888.0986495,tb3,0.150149985438269,-0.2223675754529086,0.18,-0.09789588279210659
1777029888.1216054,tb2,0.6633185602955929,-0.9309183923993616,0.18,-0.08755504684181725
1777029888.125528,tb7,-0.16841468088340922,-1.693457219834628,0.18,-0.5442160007702717
1777029888.1269183,tb1,-0.5150010380395894,-0.6399220842949722,0.18,-0.0539011855001839
1777029888.1487014,tb3,0.15913649685637313,-0.2233842981498641,0.18,-0.09819822348114751
1777029888.171503,tb2,0.6679076373760764,-0.9387049543725998,0.18,-0.08971917587413267
1777029888.1754081,tb7,-0.17413959827817516,-1.686190786390402,0.17999999999999997,-0.5013686933477242
1777029888.176866,tb1,-0.5086739722141912,-0.6334890005164318,0.18,-0.053981372927172894
1777029888.198727,tb3,0.16811808720895405,-0.22444503726443624,0.18,-0.09847135883288032
1777029888.221496,tb2,0.6724635585282399,-0.9465124747921818,0.17999999999999997,-0.09172849100654722
1777029888.2253249,tb7,-0.17965550569679645,-1.6787782044916617,0.17999999999999997,-0.4621986595944339
1777029888.226807,tb1,-0.5023291644093887,-0.6270718830353402,0.18,-0.05394048388967213
1777029888.2487097,tb3,0.17709449388130286,-0.2255499172612055,0.18,-0.09872429782985805
1777029888.271585,tb2,0.6769850547688171,-0.954341182677914,0.18,-0.09364749861600366
1777029888.275393,tb7,-0.18496820857669682,-1.671243814222994,0.18,-0.43138037875236723
1777029888.2768774,tb1,-0.4959670514963505,-0.6206718891028019,0.18,-0.05404119786050032
1777029888.298684,tb3,0.17709449388130286,-0.2255499172612055,0.18,-0.09432309609806684
1777029888.3215678,tb2,0.6814711081479271,-0.962191352659573,0.17999999999999997,-0.09554695765491003
1777029888.3253222,tb7,-0.1900933898322018,-1.6636019611154216,0.18,-0.4070891332946043
1777029888.3268223,tb1,-0.4895876912164932,-0.6142890794055262,0.18,-0.05428973738797198
1777029888.3486364,tb3,0.18606547107531748,-0.22669904369494862,0.18,-0.09452532233569573
1777029888.3716078,tb2,0.6859207768707087,-0.9700632851556696,0.18,-0.09741132260485966
1777029888.375359,tb7,-0.19504469747359035,-1.6558625340268243,0.17999999999999997,-0.3878644827884171
1777029888.3768675,tb1,-0.4831910433541243,-0.6079234774320849,0.18,-0.05468784214374254
1777029888.3987346,tb3,0.1950288652927095,-0.2278911521753912,0.18,-0.09515370849201665
1777029888.4215744,tb2,0.6903331160425928,-0.9779572824430396,0.18,-0.09927814354232212
1777029888.4253814,tb7,-0.19983248057059286,-1.648033270777065,0.18,-0.3721456522665684
1777029888.4269273,tb1,-0.4767770126358306,-0.6015751644543709,0.18,-0.05522435163753721
1777029888.448679,tb3,0.20398666529594361,-0.22912560064441004,0.18,-0.09578305106428046
1777029888.4715824,tb2,0.6947071831343734,-0.985873583173017,0.18000000000000002,-0.10114433755567008
1777029888.4753244,tb7,-0.204464531734026,-1.6401205411632425,0.18,-0.35889787524986083
1777029888.4768124,tb1,-0.4703454452486768,-0.5952442785772606,0.18,-0.05587667724234422
1777029888.4988296,tb3,0.21293880811719343,-0.23040262578435666,0.18,-0.09634434332289311
1777029888.521673,tb2,0.6947071831343734,-0.985873583173017,0.18,-0.09162654067142792
1777029888.525317,tb7,-0.20894689478460585,-1.632130041677811,0.18,-0.3477427746626687
1777029888.5268896,tb1,-0.4638961371757767,-0.5889310214455347,0.18,-0.056641756611361734
1777029888.5486162,tb3,0.22188503856656053,-0.23172251250135714,0.18,-0.0968912264675128
1777029888.571657,tb2,0.6990420500818748,-0.9938124853558392,0.18000000000000002,-0.09342745765864875
1777029888.5753217,tb7,-0.20894689478460585,-1.632130041677811,0.18,-0.4149610291034451
1777029888.5768008,tb1,-0.4638961371757767,-0.5889310214455347,0.18,-0.05826559034342702
1777029888.598677,tb3,0.23082508254029904,-0.2330855203346227,0.18,-0.09736622218610928
1777029888.6216726,tb2,0.7033367354810409,-1.0017685331455093,0.17999999999999997,-0.09633273493532298
1777029888.6254382,tb7,-0.21328475202599043,-1.6240658876803038,0.18,-0.4026503962282958
1777029888.626833,tb1,-0.4574288444518999,-0.5826356524710217,0.18,-0.05901026416692205
1777029888.648667,tb3,0.2397586573440407,-0.23449188013750022,0.18,-0.09780891871260566
1777029888.671666,tb2,0.7075949284087426,-1.0097453199640765,0.18000000000000002,-0.09926216835410721
1777029888.6754546,tb7,-0.21747964805818312,-1.6158944941526965,0.18,-0.37785028778633745
1777029888.6769297,tb1,-0.45094290901659506,-0.5763583478219251,0.18,-0.0597354419631384
1777029888.698577,tb3,0.24868550112213283,-0.23594179768603984,0.18,-0.0982163721760202
1777029888.7215478,tb2,0.71181559451205,-1.0177437103947184,0.18,-0.10210938528490109
1777029888.7253566,tb7,-0.22150443319735613,-1.6076467219801975,0.18,-0.3553966197658971
1777029888.7268476,tb1,-0.44443828452819917,-0.5700998649446443,0.17999999999999997,-0.06051138301640061
1777029888.748611,tb3,0.24868550112213283,-0.23594179768603984,0.18,-0.09352599810054435
1777029888.7715454,tb2,0.7159972649300139,-1.0257641967960465,0.18000000000000002,-0.10484528794221633
1777029888.7753897,tb7,-0.22536592325587565,-1.5993345003629629,0.18,-0.337278808144897
1777029888.776851,tb1,-0.4379147657077338,-0.5638605394006895,0.18,-0.06134998846229682
1777029888.7986903,tb3,0.25760534159550746,-0.23743545680320463,0.18,-0.09384427961934748
1777029888.821489,tb2,0.7201385073166777,-1.0338071518464473,0.18,-0.10753493667913488
1777029888.825324,tb7,-0.22907445971950732,-1.5909639587477342,0.18,-0.3224585946481061
1777029888.8268268,tb1,-0.431372130388489,-0.5576406982313914,0.17999999999999997,-0.06224853354254638
1777029888.8490238,tb3,0.26651591919411993,-0.23897150799560843,0.18,-0.09458835004218652
1777029888.8714848,tb2,0.7242379711512572,-1.0418730342073752,0.18,-0.11016294764657318
1777029888.8753433,tb7,-0.2326385285484211,-1.5825397678011095,0.18,-0.31039954554432414
1777029888.876766,tb1,-0.424810104196683,-0.5514406702358963,0.18,-0.06320174311528075
1777029888.8985646,tb3,0.2754193690589417,-0.2405493330482913,0.18,-0.09538421873371357
1777029888.9214733,tb2,0.7282942690771543,-1.049962196621431,0.18,-0.11276332999023603
1777029888.9253833,tb7,-0.23606494052594368,-1.5740656891444056,0.18,-0.3003899827070189
1777029888.9268856,tb1,-0.4182284096157967,-0.54526084006575,0.18000000000000002,-0.06420869548880115
1777029888.9487765,tb3,0.28431562529419685,-0.2421692404663448,0.18,-0.09605174349713397
1777029888.971607,tb2,0.7282942690771543,-1.049962196621431,0.18000000000000002,-0.1025401014969293
1777029888.9754426,tb7,-0.23606494052594368,-1.5740656891444056,0.18,-0.352182757643759
1777029888.9770486,tb1,-0.4116267607718241,-0.5391016122930262,0.17999999999999997,-0.044647457527356334
1777029888.9986126,tb3,0.29320443925099937,-0.24383157710237524,0.18,-0.09668659001861249
1777029889.021594,tb2,0.7323060006175841,-1.0580747574308105,0.18,-0.10507838740718885
1777029889.0255399,tb7,-0.2393589910113646,-1.5655448323116692,0.18,-0.3419826324457972
1777029889.0268488,tb1,-0.4116267607718241,-0.5391016122930262,0.18,-0.06602103359325368
1777029889.0485973,tb3,0.3020854926755318,-0.24553665382025572,0.18,-0.09724041860055492
1777029889.0715225,tb2,0.7362724418855803,-1.0662049920872754,0.18,-0.10880571577383848
1777029889.0753438,tb7,-0.2425209564782064,-1.5569513449534018,0.18,-0.32326314691864527
1777029889.076878,tb1,-0.40501394051331596,-0.5329657942523194,0.18,-0.06892337977919509
1777029889.0987215,tb3,0.31095847514666397,-0.24728473757503341,0.18,-0.09772937643776287
1777029889.121493,tb2,0.7401969959491478,-1.0743570352925595,0.18,-0.11251267834328894
1777029889.125341,tb7,-0.24553229025026893,-1.5483091392618165,0.18,-0.3062853010113365
1777029889.126798,tb1,-0.39837714578908856,-0.5268428662619931,0.18,-0.06992331016241317
1777029889.1486864,tb3,0.3198230874168361,-0.2490760487632794,0.18,-0.09818490970612322
1777029889.1716523,tb2,0.7440782461177193,-1.0825318167167233,0.18,-0.11606712351256136
1777029889.1754403,tb7,-0.24839846658620268,-1.539627038628148,0.18,-0.29223368015280354
1777029889.1769438,tb1,-0.39171868559926126,-0.520741688717547,0.18,-0.07077335245341324
1777029889.198801,tb3,0.3198230874168361,-0.2490760487632794,0.18,-0.09319714627955
1777029889.2215319,tb2,0.7479143631909301,-1.0907298953541273,0.18,-0.11958060919941355
1777029889.2253325,tb7,-0.2511275421798883,-1.5309094096015199,0.18,-0.2805655771156091
1777029889.226797,tb1,-0.3850386457945207,-0.5146634353726688,0.18,-0.07164265405530351
1777029889.2486475,tb3,0.3286790447890549,-0.25091077393361205,0.18,-0.09358403100693277
1777029889.2715707,tb2,0.751703517367952,-1.0989517398604371,0.18,-0.122981938377021
1777029889.275389,tb7,-0.2537268128641502,-1.5221589783409983,0.18,-0.2710252423490943
1777029889.27679,tb1,-0.37833682659425166,-0.5086085493932672,0.18,-0.07254414039917062
1777029889.2986462,tb3,0.3375239897314432,-0.2527873472886267,0.18,-0.09443456709526833
1777029889.3215854,tb2,0.7554439172730887,-1.1071977443668979,0.18,-0.12634109343450303
1777029889.3253274,tb7,-0.2562019940885353,-1.5133780021860643,0.18,-0.2629027951689156
1777029889.3268352,tb1,-0.3716130127546488,-0.5025774419703072,0.18,-0.07348232479234587
1777029889.348657,tb3,0.3463602818718089,-0.2547052729034512,0.18,-0.09524619791822064
1777029889.3714752,tb2,0.7591338628327595,-1.1154681716301489,0.18,-0.12972041427991576
1777029889.3752947,tb7,-0.2585574731911032,-1.5045683305617001,0.18000000000000002,-0.2559258731439506
1777029889.3767996,tb1,-0.36486701283000333,-0.4965705251581141,0.18,-0.0744586767241642
1777029889.3987815,tb3,0.35518782964255685,-0.2566648672555335,0.18,-0.09597032203057818
1777029889.4214385,tb2,0.7627717308803992,-1.1237633891380665,0.18,-0.13308179207456075
1777029889.425372,tb7,-0.2607967213266928,-1.4957319353798055,0.18,-0.2499408067224111
1777029889.4268224,tb1,-0.358098602154827,-0.4905881934859024,0.18,-0.07546524148207559
1777029889.4488943,tb3,0.36400633337792154,-0.25866646554824474,0.18,-0.09662316795103179
1777029889.471614,tb2,0.7663558615052873,-1.1320837079751438,0.18,-0.1308332102102535
1777029889.4753554,tb7,-0.2629227068450435,-1.486870669414389,0.18,-0.24462920390584394
1777029889.4768631,tb1,-0.351307531334478,-0.4846308653770742,0.18,-0.07649112668085671
1777029889.4985983,tb3,0.37281548215172333,-0.2607103725610988,0.18,-0.09725205555313966
1777029889.5215485,tb2,0.7663558615052873,-1.1320837079751438,0.18,-0.12509977264393668
1777029889.5253959,tb7,-0.2629227068450435,-1.486870669414389,0.18,-0.28100827561955516
1777029889.5268538,tb1,-0.351307531334478,-0.4846308653770742,0.18,-0.07641074764709911
1777029889.548936,tb3,0.3816149727111511,-0.2627968677186549,0.18,-0.09775111210050995
1777029889.5716558,tb2,0.7698846631948613,-1.1404266318087832,0.18,-0.12889129240951802
1777029889.5754328,tb7,-0.2649381064157287,-1.4779864567344487,0.18,-0.27525311203211317
1777029889.5768828,tb1,-0.3444935212515598,-0.478698993426929,0.18,-0.0773596733691973
1777029889.5986717,tb3,0.39040448843000497,-0.264926203879707,0.18,-0.0982538143627022
1777029889.6214814,tb2,0.7733594206571108,-1.148790044645688,0.18,-0.13358965802571968
1777029889.625362,tb7,-0.266839544763211,-1.4690612080763774,0.18,-0.26420646684952315
1777029889.6267724,tb1,-0.3376568237447175,-0.47279316224143153,0.18000000000000002,-0.0784081158057692
1777029889.6486878,tb3,0.3991837348215222,-0.2670985972339702,0.18,-0.09867060319213747
1777029889.671512,tb2,0.7767812724327365,-1.1571775028984421,0.18,-0.13818484670716213
1777029889.675321,tb7,-0.2686167043797211,-1.4601140516534779,0.18,-0.25409142352718567
1777029889.676893,tb1,-0.3307970403897501,-0.4669133980252493,0.18,-0.079449408343997
1777029889.698699,tb3,0.3991837348215222,-0.2670985972339702,0.18,-0.09335517003010349
1777029889.7216709,tb2,0.7801479782875198,-1.165589809487525,0.18,-0.14264602304512322
1777029889.7253807,tb7,-0.2702738618848471,-1.4511494463522048,0.18,-0.24552946527910535
1777029889.726816,tb1,-0.3239138964392869,-0.4610601726451834,0.18,-0.08047629449687832
1777029889.7485654,tb3,0.4079523431759188,-0.2693142023137585,0.18,-0.09371460414590496
1777029889.7714932,tb2,0.7834571022474506,-1.1740273707579871,0.18,-0.14712411344255386
1777029889.7753317,tb7,-0.27181618862023277,-1.4421691291375058,0.18,-0.2381358815574221
1777029889.7768,tb1,-0.3170071580352701,-0.4552340013319765,0.18,-0.08148817675433587
1777029889.7987778,tb3,0.4167080160959473,-0.27157120935588774,0.18,-0.09453139704984902
1777029889.8215547,tb2,0.7867063527772828,-1.1824904034444632,0.18,-0.1515457388805
1777029889.8254564,tb7,-0.2732479082412116,-1.433174305856675,0.18000000000000002,-0.23178406197173518
1777029889.8268392,tb1,-0.3100766432916558,-0.44943539296768326,0.18,-0.08249911990719509
1777029889.8490236,tb3,0.4254532383198305,-0.27386922327989477,0.18,-0.09530203049875202
1777029889.871561,tb2,0.7898934781677927,-1.1909794502363882,0.18,-0.1559629996024668
1777029889.8752868,tb7,-0.274572549583235,-1.424166493504528,0.18000000000000002,-0.22606757088412077
1777029889.8767595,tb1,-0.30312210525518557,-0.4436648089608495,0.18,-0.08349973579733265
1777029889.8985684,tb3,0.43418792101536513,-0.2762085659521422,0.18,-0.09606502645196155
1777029889.9222019,tb2,0.7898934781677927,-1.1909794502363882,0.18,-0.14343525590858816
1777029889.9257092,tb7,-0.2757931932980042,-1.4151469192714692,0.18000000000000002,-0.22134225503273994
1777029889.9272606,tb1,-0.29614334876418263,-0.43792275850429063,0.18,-0.08448271554169941
1777029889.9492009,tb3,0.4429117202767187,-0.27858956022869796,0.18,-0.09663452218948186
1777029889.9716005,tb2,0.7930161297087239,-1.1994947456295448,0.18,-0.1478636283516594
1777029889.9753768,tb7,-0.2757931932980042,-1.4151469192714692,0.18,-0.24880177040233942
1777029889.976806,tb1,-0.29614334876418263,-0.43792275850429063,0.18,-0.08374426238218993
1777029889.998618,tb3,0.45162431375526524,-0.28101250032850156,0.18,-0.09726336344082281
1777029890.021472,tb2,0.7960732318882737,-1.2080284104948054,0.18,-0.15383578672149822
1777029890.025413,tb7,-0.2769125199275572,-1.4061158902005038,0.18,-0.24329605842722693
1777029890.0267959,tb1,-0.289140205008289,-0.4322097419807906,0.18,-0.0846514016905943
1777029890.0486467,tb3,0.46032538079640334,-0.283477624799878,0.18,-0.09776026078532891
1777029890.0715804,tb2,0.7990684729647717,-1.2165862974725783,0.18,-0.15984801225092243
1777029890.0753741,tb7,-0.2779259262548372,-1.397061193231221,0.18,-0.23425862665813346
1777029890.0768328,tb1,-0.2821132819534377,-0.426526357177814,0.18,-0.08570351865256617
1777029890.0986624,tb3,0.4690145891766404,-0.2859851418536138,0.18,-0.09820247449207467
1777029890.1215627,tb2,0.801999336722289,-1.2251693932446677,0.18,-0.16587295745722605
1777029890.125349,tb7,-0.27882804171212683,-1.3879976788739221,0.18,-0.2258598204112749
1777029890.1267934,tb1,-0.27506211784346735,-0.4208723822970115,0.17999999999999997,-0.08674399473820535
1777029890.148708,tb3,0.4776916387348861,-0.2885352170115612,0.18,-0.09859140750903768
1777029890.1716483,tb2,0.8048629201089654,-1.2337783538379705,0.18,-0.17183233212822477
1777029890.1753626,tb7,-0.27962250603887,-1.3789284816541723,0.18,-0.21852190603420665
1777029890.1768377,tb1,-0.2679864633542637,-0.41524823895292307,0.18,-0.0877468250736525
1777029890.1987407,tb3,0.4776916387348861,-0.2885352170115612,0.18,-0.09291774783777422
1777029890.2215488,tb2,0.807656048610634,-1.2424135948678838,0.18,-0.17784298281018968
1777029890.225351,tb7,-0.28031364083695975,-1.3698548539412347,0.18,-0.21210154474182777
1777029890.2267904,tb1,-0.26088612317330123,-0.4096544593062025,0.18,-0.0887169687643295
1777029890.248703,tb3,0.4863562346491685,-0.2911279914458033,0.18,-0.09323055630054514
1777029890.27161,tb2,0.8103755772974552,-1.2510753353202866,0.18,-0.18387644976675982
1777029890.2753878,tb7,-0.28090525158094465,-1.3607775481906395,0.18,-0.2064331236992351
1777029890.2768497,tb1,-0.253760944894417,-0.40409157419145236,0.18,-0.0896544748252849
1777029890.2987828,tb3,0.49500592997627874,-0.29376143558621487,0.18,-0.09406763208222926
1777029890.321611,tb2,0.8130183615683306,-1.2597640175645761,0.18,-0.19000159790700918
1777029890.325374,tb7,-0.28140062338015376,-1.3516975521455294,0.18,-0.20138591243205353
1777029890.3268642,tb1,-0.2466107554354931,-0.39856007790719133,0.18,-0.09056471342742188
1777029890.348761,tb3,0.503643460815381,-0.2964351875542631,0.18,-0.0948761754234878
1777029890.37154,tb2,0.8155811744161401,-1.268479702692939,0.18,-0.19630287983148298
1777029890.3753767,tb7,-0.28180261635205683,-1.3426154896509694,0.18,-0.19683403468881303
1777029890.3768687,tb1,-0.23943544950655657,-0.3930604821724125,0.18,-0.09145616787101013
1777029890.3986385,tb3,0.5122687396962691,-0.2991495664763315,0.18,-0.09561201461829819
1777029890.4216266,tb2,0.8155811744161401,-1.268479702692939,0.18,-0.1821252522584933
1777029890.4253287,tb7,-0.2821137472752886,-1.3335322099646028,0.18,-0.1926851655466044
1777029890.426742,tb1,-0.23223487336987936,-0.38759325602262085,0.18,-0.09232482036374938
1777029890.4486525,tb3,0.5208814293642212,-0.301904896555663,0.18,-0.0962527260271242
1777029890.4715803,tb2,0.8180607555745932,-1.277222703726041,0.18,-0.18836367036281207
1777029890.475422,tb7,-0.2821137472752886,-1.3335322099646028,0.18,-0.21336889993814684
1777029890.4768353,tb1,-0.23223487336987936,-0.38759325602262085,0.18,-0.09091730295157674
1777029890.4987195,tb3,0.5294811832072742,-0.3047014633085145,0.18,-0.09680949784607738
1777029890.5214782,tb2,0.8204559921139755,-1.2859832552485775,0.18,-0.19686596135109388
1777029890.525322,tb7,-0.2823362243289466,-1.3244479970105263,0.18,-0.20882443327333355
1777029890.5268788,tb1,-0.22500894727091444,-0.3821588962143954,0.18,-0.0916925539420058
1777029890.548767,tb3,0.5380676537954778,-0.30753950141000336,0.18,-0.09730538363721863
1777029890.571567,tb2,0.8227703828924174,-1.294768769676459,0.18,-0.20565561949787484
1777029890.57536,tb7,-0.2824660577343864,-1.3153534758362033,0.18,-0.20176034995613867
1777029890.576829,tb1,-0.2177586536417136,-0.3767580017499012,0.18,-0.09266508694002755
1777029890.5987284,tb3,0.546640505345898,-0.3104191881437876,0.18,-0.09775862226846663
1777029890.6217027,tb2,0.8250001565684997,-1.3035805054044978,0.18,-0.2145958240485951
1777029890.6254802,tb7,-0.28250024986698485,-1.3062605817668986,0.18,-0.1951672957327676
1777029890.6268103,tb1,-0.21048342695264322,-0.3713900662917281,0.18,-0.09360954889905664
1777029890.648527,tb3,0.555199448173646,-0.31334068990376773,0.18,-0.09818127679262784
1777029890.6715379,tb2,0.8271407588449555,-1.3124188967242725,0.18,-0.22383574329689898
1777029890.6753771,tb7,-0.282442004952403,-1.2971712854136648,0.18,-0.1891956287835476
1777029890.6768215,tb1,-0.20318308002480895,-0.3660555231605884,0.18,-0.09450492526348478
1777029890.6990855,tb3,0.555199448173646,-0.31334068990376773,0.18,-0.09206343196447514
1777029890.7215278,tb2,0.8291874789021119,-1.3212839253269322,0.18,-0.2333720345765376
1777029890.7253382,tb7,-0.2822947449571783,-1.2880860178028508,0.18,-0.1838250272809671
1777029890.7268293,tb1,-0.19585752299424503,-0.36075490071627336,0.18,-0.0953607142836267
1777029890.7487817,tb3,0.5637441772523347,-0.31630413770091625,0.18,-0.092410344259591
1777029890.771481,tb2,0.8311355244650166,-1.3301760764183455,0.18,-0.2432645095503091
1777029890.7753174,tb7,-0.28206158091335637,-1.2790055047439228,0.18,-0.17901665620941806
1777029890.7767856,tb1,-0.18850664553376079,-0.355488678471909,0.18,-0.09617226364826616
1777029890.7987716,tb3,0.5722721760401647,-0.31930723528680705,0.18,-0.09330383089258067
1777029890.8215573,tb2,0.8329798094541655,-1.3390950637130463,0.18,-0.2536402730648612
1777029890.825446,tb7,-0.28174525545564466,-1.26992986279745,0.18,-0.17465114494405773
1777029890.826916,tb1,-0.18113040474337097,-0.3502573576106523,0.18,-0.09694724820313248
1777029890.8487475,tb3,0.5807864179160142,-0.32234972194949224,0.18,-0.09416150253630308
1777029890.871459,tb2,0.8347152025440078,-1.348040922128502,0.18,-0.26467868936765376
1777029890.875395,tb7,-0.2813481352426997,-1.2608595926293207,0.18,-0.1705711849622284
1777029890.876875,tb1,-0.1737287509383306,-0.34506138983751344,0.18,-0.09769953388380118
1777029890.8986883,tb3,0.5892868314174853,-0.3254319364728967,0.18,-0.09493553894946775
1777029890.9215553,tb2,0.8347152025440078,-1.348040922128502,0.18,-0.248049923309348
1777029890.9253795,tb7,-0.28087253496165,-1.2517952648830637,0.18,-0.1668381785154152
1777029890.926798,tb1,-0.16630161452847783,-0.3399012205955189,0.18,-0.09841941450529923
1777029890.9487777,tb3,0.5977730572494648,-0.32855422616827173,0.18,-0.09560863067874308
1777029890.9716742,tb2,0.836336011208294,-1.3570139080845018,0.18,-0.25936868659076856
1777029890.9754992,tb7,-0.28087253496165,-1.2517952648830637,0.18,-0.18242720186705375
1777029890.9768555,tb1,-0.16630161452847783,-0.3399012205955189,0.18,-0.09642535733086205
1777029890.9987745,tb3,0.6062447015864206,-0.3317168732673617,0.18,-0.09621786636759265
1777029891.0216706,tb2,0.8378406017232699,-1.3660005181935133,0.18,-0.2744521179309351
1777029891.0254362,tb7,-0.28032052410412356,-1.2427371391204292,0.18,-0.17848066434679982
1777029891.026796,tb1,-0.15884899405517727,-0.3347773056277691,0.18,-0.09705350905579578
1777029891.048695,tb3,0.614701422354968,-0.334920115740725,0.18,-0.09677503121317217
1777029891.071673,tb2,0.8392314070218732,-1.3750116174203775,0.18,-0.2905879939507043
1777029891.0754504,tb7,-0.2796888565967929,-1.2336775642633055,0.18,-0.17259191149474937
1777029891.07686,tb1,-0.15137217217312768,-0.32969021051448993,0.18,-0.09791040621975294
1777029891.0988064,tb3,0.6231428780224997,-0.3381641497066973,0.18,-0.09725504035532881
1777029891.1215777,tb2,0.8405010731064373,-1.384047951180284,0.18,-0.30779946395337904
1777029891.1253097,tb7,-0.27897598293899983,-1.2246261242232988,0.17999999999999997,-0.16697111771753714
1777029891.1267908,tb1,-0.14387055109744906,-0.3246392076057347,0.18,-0.0987485985112053
1777029891.1487558,tb3,0.6315687506330703,-0.3414491501459413,0.18,-0.09770986251347862
1777029891.171635,tb2,0.8416413946866487,-1.3931100287113738,0.18,-0.3260491116146375
1777029891.175366,tb7,-0.27818470434639186,-1.2155841791328355,0.18,-0.16194333512095235
1777029891.1767921,tb1,-0.136343989429596,-0.31962467314483267,0.18,-0.0995308156729467
1777029891.198787,tb3,0.6315687506330703,-0.3414491501459413,0.18,-0.091243168014713
1777029891.2215939,tb2,0.8426431542536867,-1.402197081524247,0.18,-0.34578267247674255
1777029891.2254753,tb7,-0.27731797195143854,-1.2065517714397662,0.18,-0.1573706132674573
1777029891.2268782,tb1,-0.12879245788731186,-0.3146471014311055,0.18,-0.10026216835199613
1777029891.2487974,tb3,0.6399787258358535,-0.3447752538313884,0.18,-0.09160314541251252
1777029891.2715003,tb2,0.8434964423266018,-1.4113092427884333,0.18,-0.3670935806424142
1777029891.2754068,tb7,-0.2763784300095109,-1.1975291116285356,0.18,-0.15315374496636214
1777029891.2768772,tb1,-0.12121591272076881,-0.30970695355691574,0.18,-0.1009448919893676
1777029891.298645,tb3,0.6483702642741197,-0.34813992840624064,0.18,-0.09260755990834191
1777029891.3214848,tb2,0.8441899154370418,-1.4204458234445698,0.18,-0.39023814853231764
1777029891.3253155,tb7,-0.2753685616795887,-1.1885163267259067,0.18,-0.14929111075044593
1777029891.326804,tb1,-0.11361437202846704,-0.3048047044574742,0.18,-0.10159399441950237
1777029891.3487082,tb3,0.656746569307334,-0.35154308230110615,0.18,-0.09354295928063636
1777029891.3715632,tb2,0.8441899154370418,-1.4204458234445698,0.18,-0.3713431560984566
1777029891.3755226,tb7,-0.27429052927678627,-1.1795134011445658,0.18,-0.12464485841258544
1777029891.3768022,tb1,-0.10598785713170983,-0.2999407844234364,0.18,-0.10220614711534452
1777029891.3987126,tb3,0.6651074948802747,-0.3549851155374952,0.18,-0.0944028245368369
1777029891.4216082,tb2,0.8447116654069519,-1.4296049249970353,0.18,-0.396817480533932
1777029891.4253986,tb7,-0.27429052927678627,-1.1795134011445658,0.18000000000000002,-0.1578288400169593
1777029891.426767,tb1,-0.10598785713170983,-0.2999407844234364,0.18,-0.09974364902140578
1777029891.4487572,tb3,0.673452643415015,-0.35846637860397557,0.18,-0.09517170321397653
1777029891.4715335,tb2,0.8450589556772589,-1.4387661971490446,0.18,-0.43018363982325714
1777029891.4754047,tb7,-0.2731518509576601,-1.1705280198129049,0.18,-0.1562399476566402
1777029891.4769616,tb1,-0.09833643079185958,-0.2951156165845306,0.18,-0.10026269191524363
1777029891.4987426,tb3,0.6817816272797158,-0.36198718314411055,0.18,-0.09588531579909591
1777029891.5214899,tb2,0.8452285250058029,-1.4479458121069753,0.18,-0.4675534451684791
1777029891.5254636,tb7,-0.27194681127961884,-1.1615377307013235,0.18,-0.15106983887882683
1777029891.5268857,tb1,-0.09066164442099572,-0.290329651948335,0.18,-0.10107077139604215
1777029891.548556,tb3,0.6900940658474604,-0.36554779136475873,0.18,-0.09656862264770284
1777029891.571513,tb2,0.8452039924093866,-1.45714397040897,0.18,-0.5090818077871735
1777029891.5753107,tb7,-0.27067157163305955,-1.152558310801255,0.18,-0.14594258166323312
1777029891.5767832,tb1,-0.08296275746251193,-0.28558200248611637,0.18,-0.1018494353540816
1777029891.59868,tb3,0.6983896090588688,-0.36914844262461005,0.18,-0.0971631755674925
1777029891.621558,tb2,0.8449660121226807,-1.4663579033403427,0.18000000000000002,-0.555689963762857
1777029891.6255271,tb7,-0.26932841534117613,-1.1435913239798021,0.18,-0.14132071877246122
1777029891.626893,tb1,-0.07523969074214673,-0.28087304443048267,0.18,-0.10256258368389555
1777029891.6486912,tb3,0.6983896090588688,-0.36914844262461005,0.18,-0.09030090281740023
1777029891.6715884,tb2,0.8444930405095533,-1.475583974502958,0.18000000000000002,-0.6084022143190394
1777029891.6754253,tb7,-0.26791992013929455,-1.134636789627192,0.18,-0.13703128229805916
1777029891.676817,tb1,-0.06749245201156526,-0.2762032398842971,0.18,-0.10323407407448293
1777029891.6986713,tb3,0.7066677801065482,-0.3727892697481117,0.18,-0.09085627451881023
1777029891.7215247,tb2,0.8437593362201283,-1.4848186145553095,0.18,-0.6677727132625082
1777029891.725413,tb7,-0.266448571828733,-1.125694758719392,0.18,-0.1331577857960562
1777029891.7268388,tb1,-0.059721066313916306,-0.27157303895961427,0.18,-0.10384925028829502
1777029891.7488487,tb3,0.7149262238396471,-0.3764675062315357,0.18,-0.09203808899680506
1777029891.7715719,tb2,0.842736533845233,-1.4940528310677912,0.18,-0.7356315949127997
1777029891.7754407,tb7,-0.26491651433537083,-1.1167648412908429,0.18,-0.12957382931908726
1777029891.7768662,tb1,-0.051925609908674675,-0.2669828802353448,0.18,-0.10442839139773312
1777029891.798744,tb3,0.7231682107159386,-0.38018328893137143,0.18,-0.093228365131047
1777029891.8218918,tb2,0.841390973991767,-1.5032793045604564,0.18,-0.8123651260424705
1777029891.8252792,tb7,-0.263325744286871,-1.107847106933534,0.18,-0.12623824011977278
1777029891.8269033,tb1,-0.044106134644772435,-0.26243315731606576,0.18,-0.10497173053627692
1777029891.8486774,tb3,0.7313936093606354,-0.3839371080659362,0.18,-0.09433051486967263
1777029891.8715594,tb2,0.841390973991767,-1.5032793045604564,0.18,-0.8042593171883726
1777029891.8757932,tb7,-0.2616781079307133,-1.0989414347574948,0.18,-0.10179479619052015
1777029891.8768988,tb1,-0.03626272582453227,-0.25792426344975544,0.18,-0.10548627940211555
1777029891.8986926,tb3,0.7396019492602938,-0.3877294173191799,0.18,-0.09535080195243122
1777029891.9217434,tb2,0.8396847527176449,-1.5124834542210563,0.18,-0.8969273166969224
1777029891.9258115,tb7,-0.2616781079307133,-1.0989414347574948,0.18,-0.13232070229935472
1777029891.9272819,tb1,-0.03626272582453227,-0.25792426344975544,0.18,-0.10251588272664343
1777029891.9491045,tb3,0.747792779820315,-0.3915606127628628,0.18,-0.09623039104942291
1777029891.9715476,tb2,0.8376074525952083,-1.5216136735493417,0.18,-1.0188625714393527
1777029891.9754918,tb7,-0.2599814660908871,-1.0900555869405588,0.18,-0.1312785697565614
1777029891.9769406,tb1,-0.028395489107003263,-0.25345656665067495,0.18,-0.10296340972537758
1777029891.999033,tb3,0.7559656574328383,-0.39543104318905486,0.18,-0.09713474767766792
1777029892.021542,tb2,0.8351259285366334,-1.5306909753448068,0.18,-1.1571936580386426
1777029892.0255408,tb7,-0.2582298023223573,-1.081167250844538,0.18000000000000002,-0.12696986768480964
1777029892.0269046,tb1,-0.020506235324553704,-0.24903046232624074,0.18,-0.10371099164869678
1777029892.048605,tb3,0.7641201742162321,-0.39934101285878465,0.18,-0.09805467279506574
1777029892.0715654,tb2,0.8321813716728943,-1.539692564205994,0.18,-1.3062278084173382
1777029892.075459,tb7,-0.2564198553281483,-1.072291373986332,0.18,-0.12264712558705797
1777029892.076809,tb1,-0.012594153570221235,-0.2446448678461895,0.18,-0.10444115611652605
1777029892.0986278,tb3,0.7722559528601879,-0.4032908399544151,0.18,-0.0988682627547287
1777029892.1215873,tb2,0.8287090381512644,-1.548575355035998,0.18,-1.4572223748505868
1777029892.1254537,tb7,-0.25455351391231684,-1.063429357598687,0.18,-0.1186567584365656
1777029892.12684,tb1,-0.004659169402852993,-0.24030009851190107,0.18,-0.10510276272175785
1777029892.148631,tb3,0.7803725689050326,-0.4072807971461703,0.18,-0.09964615847267834
1777029892.1716504,tb2,0.8246434663132592,-1.5572807228842451,0.16932184131230202,-1.5
1777029892.1754017,tb7,-0.25263291697244294,-1.054580955291126,0.18,-0.11490788082526933
1777029892.1768491,tb1,0.0032986509040695486,-0.2359966003173184,0.18,-0.10570384895023825
1777029892.1985977,tb3,0.7803725689050326,-0.4072807971461703,0.18,-0.0922543807164832
1777029892.2216055,tb2,0.8200674254639138,-1.5654969727735744,0.15878559200336165,-1.5
1777029892.225367,tb7,-0.2506600565509741,-1.0457460291851925,0.17999999999999997,-0.11104839285892906
1777029892.2268116,tb1,0.011279237434827057,-0.23173478659873786,0.18,-0.10616149278156072
1777029892.248616,tb3,0.7884696303773333,-0.41131112544133885,0.18,-0.09276551525628486
1777029892.2715192,tb2,0.8151996507673615,-1.5728784439843915,0.15257096090521352,-1.5
1777029892.275364,tb7,-0.24863682897774156,-1.0369243538429658,0.18,-0.10666358691546972
1777029892.27685,tb1,0.01928244910247114,-0.22751507314368033,0.18,-0.1063759427145767
1777029892.298699,tb3,0.79654437868169,-0.41537871939446097,0.18,-0.09361213562591308
1777029892.3214974,tb2,0.8100534002486559,-1.5795319341249794,0.14987624661121085,-1.5
1777029892.325389,tb7,-0.24656525674930693,-1.0281160019785192,0.18,-0.10201176833788843
1777029892.3269393,tb1,0.02730809009158863,-0.22333781087083143,0.18,-0.1064100300337316
1777029892.3486907,tb3,0.8046004667196731,-0.41948377093875966,0.18,-0.09413442615391274
1777029892.3715143,tb2,0.8045665466531801,-1.5856184311323833,0.150297047649962,-1.5
1777029892.3753402,tb7,-0.24444765224447518,-1.0193209547400075,0.18000000000000002,-0.09739976833689393
1777029892.3767934,tb1,0.03535587998890469,-0.21920326626030726,0.18,-0.10636578478440789
1777029892.398596,tb3,0.8126376386766182,-0.42362655840166663,0.18,-0.0944298410841987
1777029892.4214983,tb2,0.798647014890546,-1.591267707674078,0.15349828305923374,-1.5
1777029892.4253047,tb7,-0.24228632199875633,-1.0105388566405857,0.18,-0.09304933235532127
1777029892.4268773,tb1,0.043425541983798686,-0.21511159694895937,0.18,-0.10627544787630154
1777029892.4487188,tb3,0.820655434957516,-0.42780718386625294,0.18,-0.09459630282711302
1777029892.4716384,tb2,0.798647014890546,-1.591267707674078,0.13899822839702983,-1.5
1777029892.4753928,tb7,-0.24228632199875633,-1.0105388566405857,0.18,-0.09955213904716877
1777029892.4769578,tb1,0.043425541983798686,-0.21511159694895937,0.18,-0.1028462581703503
1777029892.498739,tb3,0.8286535196118192,-0.4320256588537034,0.18,-0.09475004094181283
1777029892.5215664,tb2,0.7922531421732859,-1.5965153961757412,0.14380467244247397,-1.5
1777029892.525524,tb7,-0.2400834698375916,-1.0017692809089298,0.18,-0.09536209121928826
1777029892.5269444,tb1,0.051516810408880814,-0.21106290698456423,0.18,-0.10271511440537812
1777029892.5486515,tb3,0.8366316320716738,-0.43628195580797835,0.18,-0.09450706057410736
1777029892.5715675,tb2,0.785990193697032,-1.6009089882253433,0.1541654077484802,-1.5
1777029892.57552,tb7,-0.23783773423139207,-0.9930080157850861,0.18,-0.08979007395269675
1777029892.5769174,tb1,0.059627774688901285,-0.20705724435428385,0.18,-0.10274319068934404
1777029892.5987136,tb3,0.8445894679351089,-0.44057595331912675,0.18,-0.09435120980855433
1777029892.621652,tb2,0.7791418819408239,-1.6049824185726436,0.16785352804098042,-1.5
1777029892.6254444,tb7,-0.23555015775375615,-0.9842599367397058,0.18,-0.08476996650002155
1777029892.6268585,tb1,0.06775913924382006,-0.20309335147290014,0.18,-0.10282240588926128
1777029892.6486185,tb3,0.8525268508822242,-0.4449074440290707,0.18,-0.0944780007739314
1777029892.6716628,tb2,0.7714599503108756,-1.6088034962438154,0.18,-1.4591436756391034
1777029892.6754818,tb7,-0.23322349989070595,-0.9755250267173764,0.18,-0.08062236239609816
1777029892.6769645,tb1,0.0759107790710939,-0.1991712722869383,0.18,-0.10296501954445762
1777029892.6986432,tb3,0.8525268508822242,-0.4449074440290707,0.18,-0.08660770651084206
1777029892.7216413,tb2,0.7628461833293273,-1.6123152096961573,0.18,-1.3131111877883128
1777029892.7254477,tb7,-0.23086023166731762,-0.9668023301772626,0.18,-0.07723928053325613
1777029892.7269547,tb1,0.08408252159868469,-0.19529113121368602,0.18,-0.10319095293353929
1777029892.7486417,tb3,0.8604435547679764,-0.44927626300511225,0.18,-0.08698022112372679
1777029892.771546,tb2,0.7537105202117526,-1.6153042335532215,0.18,-1.1937110732434884
1777029892.7753215,tb7,-0.22846234446908256,-0.9580910416490973,0.18,-0.07424372115709996
1777029892.7768252,tb1,0.0922742214510209,-0.19145308011849724,0.18,-0.1034015831539785
1777029892.798707,tb3,0.8683376638483932,-0.45367903684848676,0.18,-0.08811661762492047
1777029892.8214593,tb2,0.74446153375849,-1.6176830715943777,0.18,-1.1031452452391775
1777029892.8254292,tb7,-0.22603145380136516,-0.9493905154019001,0.18,-0.07142760750702282
1777029892.8268273,tb1,0.10048571382976848,-0.18765731412792072,0.18,-0.10352105337531689
1777029892.84863,tb3,0.8762128018450114,-0.45811620373561357,0.18,-0.089133545186033
1777029892.871909,tb2,0.735137798154765,-1.619509796600131,0.18,-1.0404842409814865
1777029892.875396,tb7,-0.22356897674924264,-0.9407003207772938,0.18,-0.06878483711107386
1777029892.8768225,tb1,0.1087167922367735,-0.18390403187900253,0.18,-0.10357934040263819
1777029892.8989959,tb3,0.8840688274866986,-0.46258819806228485,0.18,-0.08990985113202617
1777029892.9214935,tb2,0.735137798154765,-1.619509796600131,0.18,-1.185953450617704
1777029892.9253225,tb7,-0.22107631550998194,-0.9320201612954356,0.18,-0.06637605306581151
1777029892.926721,tb1,0.11696722446170006,-0.18019339764515066,0.18,-0.1036017718809752
1777029892.9486082,tb3,0.8919052669373423,-0.4670953371461696,0.18,-0.09067996308119716
1777029892.971561,tb2,0.7257620323496327,-1.620827940047259,0.18,-1.118901452943166
1777029892.9753103,tb7,-0.22107631550998194,-0.9320201612954356,0.18,-0.07111074952462111
1777029892.976767,tb1,0.11696722446170006,-0.18019339764515066,0.18,-0.09980808831947903
1777029892.9986231,tb3,0.8997216933798123,-0.47163785424312105,0.18,-0.09130471597290532
1777029893.021511,tb2,0.7162701480922911,-1.621627522485807,0.18,-0.9915510760401494
1777029893.025311,tb7,-0.21855459893617005,-0.9233495355983771,0.18,-0.0687473798468279
1777029893.0267913,tb1,0.12523677696570334,-0.1765255408531348,0.18,-0.09975251233207759
1777029893.0486288,tb3,0.9075177121227636,-0.4762159420055666,0.18,-0.09181699833949676
1777029893.0715523,tb2,0.7067797791245201,-1.6218826302903913,0.18,-0.8772187902666351
1777029893.0753553,tb7,-0.21600247017267407,-0.9146857985251791,0.18,-0.06581767345368571
1777029893.076824,tb1,0.1335233006945654,-0.17290043292295576,0.18,-0.10002759197237644
1777029893.0986333,tb3,0.9152929677128459,-0.4808297419766119,0.18,-0.09223834144244387
1777029893.1215434,tb2,0.69734912767848,-1.6216489819371434,0.18,-0.7942266984886959
1777029893.1253483,tb7,-0.21342053581117984,-0.9060321617968499,0.18,-0.06309936698522454
1777029893.1268342,tb1,0.14182780100925732,-0.1693167142540673,0.18,-0.10026704447562822
1777029893.1486077,tb3,0.923047120171906,-0.4854793363557848,0.18,-0.09261987402102802
1777029893.1716304,tb2,0.6879904867899279,-1.6209924204162394,0.18,-0.736449311174062
1777029893.1754892,tb7,-0.2108101836703763,-0.8973885115961177,0.18,-0.0607178593547973
1777029893.176896,tb1,0.1501502246509901,-0.1657744865104659,0.18,-0.1004490848750457
1777029893.1985333,tb3,0.930779879971045,-0.49016478832450916,0.18,-0.09300041945036613
1777029893.2215216,tb2,0.6787020472224687,-1.6199626820013502,0.18,-0.6934791173351249
1777029893.225486,tb7,-0.20817272219920047,-0.8887544403210024,0.18,-0.058675180263567724
1777029893.2269554,tb1,0.15849039341789334,-0.16227395997932087,0.18,-0.1005941272475222
1777029893.2486002,tb3,0.930779879971045,-0.49016478832450916,0.18,-0.08461488470599211
1777029893.2716014,tb2,0.6694828449296427,-1.6185937803220716,0.18,-0.6591898397467572
1777029893.2754235,tb7,-0.20550927904911978,-0.8801294859707033,0.18,-0.0569653618520064
1777029893.2768497,tb1,0.16684811051576334,-0.1588153237447336,0.18,-0.1007288631127364
1777029893.2986643,tb3,0.9384908583132494,-0.4948860867449663,0.18,-0.08496213348714038
1777029893.3214984,tb2,0.6603355362301123,-1.6169107351963192,0.18,-0.6298128980981101
1777029893.3253646,tb7,-0.20282083503708287,-0.8715132952850838,0.18,-0.05558292161919269
1777029893.326944,tb1,0.17522318423955222,-0.15539874145564875,0.18,-0.10082764678304978
1777029893.3487406,tb3,0.9461778693304473,-0.4996395054168819,0.18,-0.08614740372268866
1777029893.3714554,tb2,0.6512631278316495,-1.6149336057057782,0.18,-0.6039951159306575
1777029893.375323,tb7,-0.20010817244941365,-0.8629054785874317,0.18,-0.05449837102588951
1777029893.376826,tb1,0.18361541296991973,-0.15202436723168566,0.18,-0.1009349247821141
1777029893.3987646,tb3,0.9538448702197164,-0.5044256605000939,0.18,-0.08736911008850169
1777029893.4214861,tb2,0.6512631278316495,-1.6149336057057782,0.18,-0.7215230313641722
1777029893.4253197,tb7,-0.1973719072101781,-0.8543057522992115,0.18,-0.05368713621634575
1777029893.4268,tb1,0.19202459933098653,-0.14869233728577136,0.18,-0.10102975081245374
1777029893.448658,tb3,0.9614917439064093,-0.5092450574130182,0.18,-0.08858010086311197
1777029893.4716394,tb2,0.6422691200256618,-1.6126791530851803,0.18,-0.6945877730434482
1777029893.4753163,tb7,-0.1973719072101781,-0.8543057522992115,0.18,-0.05700456780918618
1777029893.4767842,tb1,0.19202459933098653,-0.14869233728577136,0.18,-0.09690753552323875
1777029893.4985468,tb3,0.9691180069490004,-0.5140981413944038,0.18,-0.0897754763155897
1777029893.5215037,tb2,0.6333094140379125,-1.6101147722590778,0.18,-0.6332840052130904
1777029893.5253394,tb7,-0.19461246332104884,-0.845713772151296,0.18,-0.05626195575821487
1777029893.5268261,tb1,0.20045047861098975,-0.14540281105417668,0.18,-0.09697107286190831
1777029893.5485575,tb3,0.9767231745521964,-0.518985354022536,0.18,-0.09089929853833131
1777029893.5715258,tb2,0.624458859663993,-1.6072420415087265,0.18,-0.5772143639392423
1777029893.5753963,tb7,-0.19182872222410505,-0.8371282727711736,0.18,-0.05530440567604319
1777029893.576832,tb1,0.20889084303041927,-0.1421555516851448,0.18,-0.09742002217065904
1777029893.5986624,tb3,0.9843067220393158,-0.5239070669092561,0.18,-0.09197934001986541
1777029893.6215444,tb2,0.6157334767220071,-1.6040946641030922,0.18,-0.5337859273443702
1777029893.6254044,tb7,-0.1890208770188914,-0.8285510472145651,0.18,-0.05454212917992718
1777029893.6269708,tb1,0.21734692406471756,-0.13894922526663997,0.18,-0.09783884546948482
1777029893.648607,tb3,0.9843067220393158,-0.5239070669092561,0.18,-0.08321649758592296
1777029893.6714613,tb2,0.6071278357943944,-1.6007034722201239,0.18,-0.5007198544658918
1777029893.6753333,tb7,-0.1861893937553839,-0.8199820656818418,0.18,-0.054008782795721126
1777029893.6767478,tb1,0.22581871638228865,-0.13578401489539235,0.18,-0.09824393997026137
1777029893.698649,tb3,0.9918681109512473,-0.5288635938796901,0.18,-0.08425880163064854
1777029893.7215166,tb2,0.5986335100400952,-1.5970916025947144,0.18,-0.47525357885062947
1777029893.7253702,tb7,-0.18333463586004264,-0.8114211574000535,0.18,-0.05370332014867967
1777029893.7267725,tb1,0.2343060829725252,-0.13266020619810695,0.18,-0.09858704989685967
1777029893.7486415,tb3,0.9994046755943308,-0.5338509820218473,0.18,-0.08625040235829132
1777029893.7716775,tb2,0.5902436960954002,-1.5932750143602032,0.18,-0.45421342608494786
1777029893.7753832,tb7,-0.18045682959367043,-0.8028681715987047,0.18,-0.0536015809049911
1777029893.776868,tb1,0.24280885679597083,-0.12957807114181907,0.18,-0.09889752105246889
1777029893.7986195,tb3,1.0069207218167895,-0.538870222711214,0.18,-0.08827643621961347
1777029893.8215275,tb2,0.5819559848649405,-1.5892668838552497,0.18000000000000002,-0.4358771394243825
1777029893.8253834,tb7,-0.1775560963601238,-0.7943230306564434,0.18,-0.0536868373449111
1777029893.8268445,tb1,0.25132687628648426,-0.12653784817567257,0.18,-0.09919701208405532
1777029893.84881,tb3,1.0144160776223712,-0.5439221708335794,0.17999999999999997,-0.09019989507488886
1777029893.8715854,tb2,0.5819559848649405,-1.5892668838552497,0.18,-0.524773440049606
1777029893.875438,tb7,-0.17463245187490362,-0.7857856837479058,0.18,-0.05394059337332377
1777029893.8767745,tb1,0.25985998644523545,-0.12353976656115127,0.18,-0.09948099780620319
1777029893.8986838,tb3,1.0218899706485043,-0.5490075941047234,0.18,-0.09213391733500947
1777029893.9217305,tb2,0.5737686947586822,-1.5850789882213485,0.18,-0.50649533766325
1777029893.925537,tb7,-0.17463245187490362,-0.7857856837479058,0.18,-0.056189032638371564
1777029893.9270587,tb1,0.25985998644523545,-0.12353976656115127,0.18,-0.09504620209432624
1777029893.9490116,tb3,1.0293416517614637,-0.554127189441013,0.18000000000000002,-0.09396335092930921
1777029893.971557,tb2,0.5656516742999084,-1.5806774981464702,0.18,-0.46755456501761744
1777029893.9754815,tb7,-0.17168580710624018,-0.7772561063915542,0.18,-0.05644769535929096
1777029893.976843,tb1,0.2684080158414739,-0.12058404980480689,0.18,-0.09528792971699872
1777029893.9987135,tb3,1.0367703807868491,-0.5592815996589832,0.18,-0.0958708336635236
1777029894.0216691,tb2,0.5576585693451496,-1.5760742386500237,0.18,-0.43227030068989214
1777029894.0253196,tb7,-0.1687153184532977,-0.7687337370286784,0.18,-0.05659657367782009
1777029894.0268033,tb1,0.2769684885678014,-0.1176705594572484,0.18,-0.09593996216298899
1777029894.0486257,tb3,1.0441755105559296,-0.5644715294960548,0.18,-0.09769829069895285
1777029894.0714989,tb2,0.5497938473966536,-1.5712908440059634,0.18,-0.40378889176811733
1777029894.0754063,tb7,-0.16572078957558112,-0.7602196587175294,0.18,-0.056866934007696095
1777029894.0767922,tb1,0.28554284086097864,-0.11479781339236676,0.18,-0.09657134298986948
1777029894.0985837,tb3,1.0515562801405418,-0.5696976236202169,0.18,-0.09950064380216339
1777029894.1216588,tb2,0.5420495889391993,-1.5663448592289062,0.17999999999999997,-0.3819153211714365
1777029894.1254244,tb7,-0.1627021622233664,-0.7517140006911965,0.18,-0.057264272856384454
1777029894.126944,tb1,0.29413115292011927,-0.11196605508984607,0.18,-0.09712835785631774
1777029894.1486497,tb3,1.0515562801405418,-0.5696976236202169,0.18,-0.09010979194826511
1777029894.1716185,tb2,0.5344181695219725,-1.561250219377707,0.18,-0.36449717609541515
1777029894.1754384,tb7,-0.15965931051921362,-0.743216797643691,0.18,-0.057779821181602076
1777029894.1768417,tb1,0.30273332913863943,-0.10917566260053757,0.17999999999999997,-0.0976512135577816
1777029894.1985927,tb3,1.0589117715734109,-0.5749603628124396,0.18,-0.09189239735139666
1777029894.2216399,tb2,0.526892783302168,-1.5560168434063146,0.18,-0.35032427428289586
1777029894.2253506,tb7,-0.15659204651478176,-0.7347281350999242,0.18,-0.058399106235266784
1777029894.226833,tb1,0.3113492108511214,-0.10642700408712998,0.18,-0.09811695475828636
1777029894.2486143,tb3,1.0662393561881518,-0.5802554322614825,0.18,-0.09468706460515279
1777029894.2715623,tb2,0.5194692763437491,-1.550652737397691,0.18,-0.338366776375941
1777029894.2754412,tb7,-0.15350013219558312,-0.7262481215956929,0.18,-0.05912414872021099
1777029894.276904,tb1,0.3199786440964313,-0.10372039962151719,0.18,-0.09853787380291798
1777029894.2987518,tb3,1.0735434746607813,-0.5855845018440223,0.18,-0.09746769483419242
1777029894.3216674,tb2,0.5194692763437491,-1.550652737397691,0.18,-0.40422143874361427
1777029894.3255713,tb7,-0.1503832572979694,-0.7177768728079683,0.17999999999999997,-0.059932931504502136
1777029894.3272755,tb1,0.32862147885215315,-0.10105614416783691,0.18,-0.09889689894358122
1777029894.3487751,tb3,1.0808235883749155,-0.5909487653947659,0.17999999999999997,-0.1001862466603642
1777029894.3716297,tb2,0.5121447396391924,-1.5451648694561397,0.18,-0.3918574933488532
1777029894.375365,tb7,-0.1503832572979694,-0.7177768728079683,0.18,-0.06123829800169722
1777029894.3769348,tb1,0.32862147885215315,-0.10105614416783691,0.18,-0.09423350061385433
1777029894.3986306,tb3,1.088078588801866,-0.5963492199090739,0.18,-0.10288763594188993
1777029894.4216228,tb2,0.5049018879724734,-1.5395247482058567,0.18,-0.3674785125573158
1777029894.4254684,tb7,-0.1472410398663738,-0.7093145085001183,0.18,-0.061991500349447934
1777029894.4268162,tb1,0.33727745591820923,-0.09843453468989796,0.18,-0.09459099077943584
1777029894.4485533,tb3,1.0953074862068677,-0.6017869102264306,0.18,-0.10549330344903882
1777029894.4716082,tb2,0.49777735738068274,-1.5337470393009311,0.18,-0.3454565325890443
1777029894.4754817,tb7,-0.14407292468746735,-0.7008611419892533,0.18,-0.06273039723771053
1777029894.4768395,tb1,0.34594406683372336,-0.09585519326180224,0.18,-0.09536879210332841
1777029894.4986107,tb3,1.1025091693032767,-0.6072627403937711,0.17999999999999997,-0.10802309178083398
1777029894.521668,tb2,0.49077026554136477,-1.5278448810170913,0.18,-0.32741076907805683
1777029894.5254982,tb7,-0.14087858361995176,-0.6924172624054488,0.18,-0.063524240170302
1777029894.5269537,tb1,0.3546229707142119,-0.09331676888558876,0.18,-0.09610024804698254
1777029894.5488865,tb3,1.1096825995189663,-0.6127775173280945,0.18,-0.10157076553255144
1777029894.5715966,tb2,0.4838746903972571,-1.5218281700129994,0.18,-0.3126538015096472
1777029894.5756278,tb7,-0.13765770197703814,-0.6839830787843448,0.18000000000000002,-0.06437807897568425
1777029894.5769897,tb1,0.3633142202441892,-0.09081957584425554,0.18,-0.09676692652296012
1777029894.5987442,tb3,1.1096825995189663,-0.6127775173280945,0.18,-0.10047666993731388
1777029894.6215272,tb2,0.47708482201549857,-1.5157047439047169,0.18,-0.30062031988203086
1777029894.625464,tb7,-0.13440991390725793,-0.6755587624288288,0.18,-0.06527065081020374
1777029894.626836,tb1,0.37201770571979226,-0.08836404035553969,0.18,-0.09738093728838763
1777029894.6486936,tb3,1.116824942321644,-0.6183282255795111,0.18,-0.10374655804076999
1777029894.671525,tb2,0.47039594231958015,-1.5094810049603233,0.18,-0.29080094066139567
1777029894.6754484,tb7,-0.1311348378899028,-0.6671445538591362,0.18,-0.06621137462264237
1777029894.6768212,tb1,0.38073328231750325,-0.08595056817677886,0.18,-0.09792108645485231
1777029894.6986508,tb3,1.12393896026441,-0.623914760995039,0.18,-0.10734595571339212
1777029894.721437,tb2,0.46380429032043535,-1.5031620868830196,0.18,-0.28252584241118395
1777029894.725327,tb7,-0.1278320590423675,-0.6587406731148181,0.17999999999999997,-0.06718758882815708
1777029894.7267962,tb1,0.3894607988277691,-0.08357952907178869,0.18,-0.09841032277794486
1777029894.748877,tb3,1.1310254466174998,-0.6295388976554648,0.18,-0.11080707371207775
1777029894.771565,tb2,0.46380429032043535,-1.5031620868830196,0.18,-0.3313911292844893
1777029894.7759042,tb7,-0.12450118027741654,-0.6503473952003016,0.18,-0.06192242377646779
1777029894.7768261,tb1,0.39820006673195435,-0.08125124851091531,0.18,-0.09885317413898057
1777029894.79873,tb3,1.138083119084567,-0.6352018969780642,0.18,-0.1142650654827424
1777029894.8216982,tb2,0.4573068080663795,-1.4967516222057822,0.18,-0.3226725458475642
1777029894.8254757,tb7,-0.12450118027741654,-0.6503473952003016,0.18,-0.06869595940853788
1777029894.8269153,tb1,0.39820006673195435,-0.08125124851091531,0.18,-0.0938585596743665
1777029894.8485994,tb3,1.1451107044470445,-0.6409050470332118,0.18,-0.11763595717240322
1777029894.8716106,tb2,0.4508947779753791,-1.4902270838367522,0.18,-0.3062220084725858
1777029894.875351,tb7,-0.1211438702118907,-0.6419666755330664,0.18,-0.07018663671893313
1777029894.8767927,tb1,0.4069508035106796,-0.07896605109859565,0.18,-0.09426516769378492
1777029894.8985713,tb3,1.1521067526273079,-0.6466494878956139,0.18,-0.12091431235443853
1777029894.921612,tb2,0.44459307522272057,-1.4836029887409574,0.18,-0.2913652205491597
1777029894.9253678,tb7,-0.117757832465321,-0.6335945292975382,0.18,-0.07115987480562358
1777029894.9268258,tb1,0.41571040478962135,-0.07672338405300894,0.18,-0.0951081555306186
1777029894.9486418,tb3,1.1590699071300385,-0.6524363097749579,0.18000000000000002,-0.12412141258737698
1777029894.971553,tb2,0.4383999715167843,-1.4768881078898608,0.18,-0.2789606298638771
1777029894.9753969,tb7,-0.11434235118277601,-0.6252336322318354,0.18,-0.07210214771340921
1777029894.97685,tb1,0.42448071970840157,-0.07452192279846549,0.18,-0.09590196356130362
1777029894.998561,tb3,1.1659988255501907,-0.6582665505003548,0.18,-0.10635821019583482
1777029895.021541,tb2,0.4323102267863304,-1.4700883222521353,0.18,-0.26863991499382983
1777029895.025495,tb7,-0.110897027763799,-0.6168844837942009,0.18,-0.07306046743386407
1777029895.0268273,tb1,0.4332617773091438,-0.0723620328314432,0.18,-0.09662063404997007
1777029895.0487792,tb3,1.1659988255501907,-0.6582665505003548,0.18,-0.11641092838390119
1777029895.0715835,tb2,0.42631958408926857,-1.4632086033455503,0.18,-0.26004125662823446
1777029895.0753982,tb7,-0.10742145239037812,-0.6085473571632554,0.18,-0.0740245156932914
1777029895.0768735,tb1,0.44205345641021043,-0.07024415764719709,0.18,-0.09724898813871828
1777029895.0986905,tb3,1.1728885353359275,-0.6641321499815647,0.18,-0.12139746603055732
1777029895.1215923,tb2,0.42042438229489726,-1.456252807237256,0.18,-0.2527150603657351
1777029895.12545,tb7,-0.10391522843431225,-0.6002225681089642,0.18,-0.07500584798183926
1777029895.1268566,tb1,0.4508555893498671,-0.0681687153325309,0.18,-0.09782021163088515
1777029895.1486251,tb3,1.1797483614234925,-0.6700391561251784,0.18,-0.1258127167454842
1777029895.17144,tb2,0.4146219105723661,-1.4492244901652596,0.18,-0.24634149831612306
1777029895.1753678,tb7,-0.10037795107033293,-0.5919104035567706,0.18,-0.07599776372814669
1777029895.1768134,tb1,0.45966800442479255,-0.06613607220070064,0.18,-0.0983376911792911
1777029895.1987436,tb3,1.1865744201649986,-0.6759887866276891,0.18,-0.1300331536344437
1777029895.2214756,tb2,0.40890987178896354,-1.4421266348985045,0.18,-0.24095749124552762
1777029895.2253702,tb7,-0.09680921003103601,-0.5836111677887235,0.18,-0.07699595557943825
1777029895.226891,tb1,0.46849052647729716,-0.06414655977618038,0.18,-0.09879207411686287
1777029895.2486296,tb3,1.1933647461194665,-0.6819824084430046,0.18,-0.13421816528719221
1777029895.2716446,tb2,0.40890987178896354,-1.4421266348985045,0.18,-0.2764595039882291
1777029895.2753937,tb7,-0.09680921003103601,-0.5836111677887235,0.18,-0.07676324712568802
1777029895.2770648,tb1,0.4773229614289498,-0.062200476046604614,0.18,-0.0862492632571733
1777029895.2986042,tb3,1.2001175444155623,-0.6880212793529825,0.18,-0.13834218342432386
1777029895.3216302,tb2,0.4032858776463149,-1.4349609243673496,0.18,-0.270242692674917
1777029895.3255296,tb7,-0.09320860496353947,-0.5753251798020076,0.18,-0.0776852367593404
1777029895.32695,tb1,0.4773229614289498,-0.062200476046604614,0.18,-0.09388150722702532
1777029895.3486502,tb3,1.2068312079887,-0.6941068456306196,0.18,-0.14238744580661628
1777029895.371568,tb2,0.3977473285374344,-1.4277110183959854,0.18,-0.2592643016555152
1777029895.3753095,tb7,-0.08957617346860566,-0.5670530932860437,0.17999999999999997,-0.07871260738925627
1777029895.3768313,tb1,0.4861594154231638,-0.06029645884006388,0.18,-0.09536278665821427
1777029895.398554,tb3,1.2135038810779313,-0.7002404062387618,0.18,-0.14642757181321192
1777029895.421503,tb2,0.39230993460178637,-1.4203895552019374,0.18,-0.24923508617082912
1777029895.4253232,tb7,-0.08591157287005612,-0.5587946907462051,0.18,-0.07973647441986564
1777029895.4267998,tb1,0.4950073627384635,-0.05843203958556418,0.18,-0.09619693774269093
1777029895.4485922,tb3,1.220133737852082,-0.7064230395897431,0.18,-0.15044874741920394
1777029895.471601,tb2,0.38697153717192445,-1.4130018439123864,0.18,-0.24066839666985043
1777029895.4754395,tb7,-0.08221439291808959,-0.5505502872748579,0.18,-0.08074681023541015
1777029895.4768934,tb1,0.5038646775190917,-0.056609519441542425,0.18,-0.09688506732737605
1777029895.498649,tb3,1.2267190750977994,-0.7126558541349339,0.18,-0.14076485424520524
1777029895.5216217,tb2,0.38172864890646263,-1.4055518190550333,0.18,-0.2332940000942154
1777029895.525435,tb7,-0.07848421885107436,-0.5423201974755498,0.18,-0.08173926407192507
1777029895.5269306,tb1,0.5127310282262332,-0.0548294748895061,0.18,-0.09749744655693224
1777029895.5487115,tb3,1.2267190750977994,-0.7126558541349339,0.18,-0.14238948093349846
1777029895.5716283,tb2,0.3765778984290675,-1.3980424630641806,0.18,-0.22686603484221346
1777029895.575481,tb7,-0.07472065495412444,-0.534104789030207,0.18,-0.08271354400953587
1777029895.5768676,tb1,0.5216062052625258,-0.05309231848730292,0.18,-0.09805092112249571
1777029895.5987775,tb3,1.2332560357463365,-0.7189337160455975,0.18,-0.14763843888124464
1777029895.6214688,tb2,0.3715166222616693,-1.3904768971794086,0.18,-0.22124611986374873
1777029895.6253333,tb7,-0.07092326733110214,-0.5259043776083983,0.18,-0.08366479000822497
1777029895.6268666,tb1,0.5304900614477298,-0.051398413228648514,0.18,-0.09853108234847549
1777029895.6487567,tb3,1.2397491375179213,-0.7252586883391772,0.18,-0.15315458115288375
1777029895.6719716,tb2,0.36654226956574715,-1.3828573710686272,0.18000000000000002,-0.19468036427214647
1777029895.6753738,tb7,-0.06709168211071714,-0.5177193672912688,0.18000000000000002,-0.08459882470378256
1777029895.6768064,tb1,0.5393823694046813,-0.04974809493426356,0.18,-0.09896742273699224
1777029895.6986907,tb3,1.2461975124721698,-0.731633002000188,0.18,-0.15864430746840494
1777029895.7215226,tb2,0.36654226956574715,-1.3828573710686272,0.18,-0.24331767026988096
1777029895.7253847,tb7,-0.06709168211071714,-0.5177193672912688,0.17999999999999997,-0.08372288996030253
1777029895.7269053,tb1,0.5393823694046813,-0.04974809493426356,0.18,-0.09335888903284983
1777029895.7485347,tb3,1.2525988808455581,-0.7380582838918863,0.18,-0.16413596720681578
1777029895.7715561,tb2,0.3616531123680974,-1.3751948011861068,0.18,-0.2404418343898958
1777029895.775372,tb7,-0.06322553736155402,-0.5095501126244996,0.18,-0.08457458755776748
1777029895.7769701,tb1,0.5482829295628686,-0.048141641441050674,0.18,-0.09369629388978294
1777029895.798708,tb3,1.2589509299199477,-0.7445361895291027,0.18,-0.16954994736923662
1777029895.821496,tb2,0.3568396658227554,-1.3674615626585926,0.18,-0.23163003259813095
1777029895.8253717,tb7,-0.0593251958517834,-0.5013974846520259,0.17999999999999997,-0.08558544846523015
1777029895.8267913,tb1,0.557188770239916,-0.04657846070109548,0.18,-0.09457688391175383
1777029895.848638,tb3,1.2652511748027804,-0.7510682203743099,0.18,-0.1750594527624452
1777029895.871631,tb2,0.3521208439867563,-1.3596725974021964,0.18,-0.22328012583769216
1777029895.8754845,tb7,-0.055390362761940586,-0.4932609769573915,0.18,-0.08657667940296851
1777029895.8767946,tb1,0.5661019239680535,-0.04505694234324145,0.18,-0.09541703255314968
1777029895.89862,tb3,1.2714971764045624,-0.7576558644558892,0.18,-0.18062035249434835
1777029895.9219882,tb2,0.34749547312201085,-1.3518329134553693,0.18,-0.21608330296386175
1777029895.9257278,tb7,-0.05142063845257541,-0.4851408628340088,0.18,-0.08752542305924899
1777029895.92718,tb1,0.575022592359719,-0.0435773967702197,0.18,-0.09611924652758702
1777029895.949135,tb3,1.2714971764045624,-0.7576558644558892,0.18,-0.1671256428186316
1777029895.9716756,tb2,0.34296007546077334,-1.343945299960011,0.18,-0.2094550616481401
1777029895.9753141,tb7,-0.047415638914425504,-0.4770375425258485,0.18,-0.08845508346255157
1777029895.9767966,tb1,0.5839505934123481,-0.04214029955435982,0.18,-0.09682831423732413
1777029895.9986115,tb3,1.277686430986889,-0.7643006619707635,0.18,-0.17271374649978122
1777029896.0214841,tb2,0.3385117019349774,-1.3360122490865014,0.18,-0.2036362775146695
1777029896.0253742,tb7,-0.043375013204808806,-0.4689514095217833,0.18,-0.08933937664223791
1777029896.0268312,tb1,0.5928857461217905,-0.04074605955353157,0.18,-0.09740938930400789
1777029896.0486367,tb3,1.283813979074351,-0.7709951441044737,0.18,-0.1801210620551498
1777029896.0716968,tb2,0.3341477074302178,-1.3280357275935148,0.18,-0.1985882028403935
1777029896.0753565,tb7,-0.039298453062581756,-0.4608828597954064,0.18,-0.09020308307321061
1777029896.0768435,tb1,0.6018278414400648,-0.03939505525891364,0.18,-0.09792990123570261
1777029896.0987592,tb3,1.2898859415538526,-0.7777435723568127,0.18,-0.18775517211814288
1777029896.1214983,tb2,0.3298659132952496,-1.3200178467500518,0.18,-0.19390390585958406
1777029896.1253285,tb7,-0.03518562992889054,-0.45283223367662073,0.18,-0.09103790616414122
1777029896.1268256,tb1,0.6107766912528438,-0.03808761192053429,0.18,-0.09839667380375504
1777029896.1486092,tb3,1.2959001190205295,-0.784548643241507,0.18,-0.19550353825604003
1777029896.1716342,tb2,0.3298659132952496,-1.3200178467500518,0.18,-0.21462144679544354
1777029896.1754189,tb7,-0.03518562992889054,-0.45283223367662073,0.18,-0.08958450831623588
1777029896.1768723,tb1,0.6107766912528438,-0.03808761192053429,0.18,-0.09246369887605924
1777029896.1986516,tb3,1.301853017887008,-0.7914124866800663,0.18,-0.20329056340336069
1777029896.2216117,tb2,0.32566402586917886,-1.311959963136126,0.18,-0.20973199029997983
1777029896.2253735,tb7,-0.03103621213032047,-0.444799906126886,0.18,-0.09032343813018408
1777029896.2268996,tb1,0.6197320980196223,-0.03682403816916158,0.18,-0.09282965622191164
1777029896.2487252,tb3,1.3077410987141846,-0.7983374084566354,0.18000000000000002,-0.21117676993050108
1777029896.271579,tb2,0.3215415553325714,-1.3038519982940409,0.18,-0.20236223383774288
1777029896.2753296,tb7,-0.026850836112529034,-0.43678688862600384,0.18,-0.09125274966123548
1777029896.276818,tb1,0.6286909535636801,-0.03560359828418612,0.18,-0.09374832645416817
1777029896.298587,tb3,1.3135604536435983,-0.8053254057115266,0.18,-0.2193239132077934
1777029896.3214557,tb2,0.31750601151926927,-1.2957035553416285,0.18,-0.19549783505539828
1777029896.3252976,tb7,-0.022629226265228845,-0.4287924660916751,0.18,-0.0921565685203439
1777029896.3267674,tb1,0.6376555006742011,-0.03442468643991833,0.18,-0.09463886641054711
1777029896.3485804,tb3,1.3193072382357214,-0.812378159473174,0.18,-0.2277613518615197
1777029896.3715835,tb2,0.3135550298485427,-1.2875175009431699,0.18,-0.1894094713826511
1777029896.375368,tb7,-0.018371067031027824,-0.420816963501157,0.18,-0.0930202879253049
1777029896.3768814,tb1,0.6466258843640459,-0.03328765267673572,0.18,-0.0954225895609425
1777029896.3987,tb3,1.324977705132964,-0.8194974140800384,0.18,-0.2365782052707333
1777029896.4215028,tb2,0.30968587844680806,-1.279295896821674,0.18,-0.1838572869013923
1777029896.4253836,tb7,-0.014076061368255285,-0.41286075287218793,0.18,-0.09384746626466069
1777029896.4267786,tb1,0.6556019503587931,-0.03219294930086773,0.18,-0.0961487954876123
1777029896.4487228,tb3,1.324977705132964,-0.8194974140800384,0.18,-0.2210814370108698
1777029896.4716816,tb2,0.30589602675455485,-1.2710404952625263,0.18,-0.17891256494797717
1777029896.4753532,tb7,-0.009743944548216145,-0.4049242365255217,0.18,-0.09464444090572928
1777029896.476787,tb1,0.6645834853257221,-0.03114099825591054,0.18,-0.09679103783542443
1777029896.4987237,tb3,1.3305679632096694,-0.8266851965094416,0.17999999999999997,-0.23013552981163302
1777029896.5215805,tb2,0.3021831971163355,-1.2627529951553191,0.18,-0.17431476543581415
1777029896.525377,tb7,-0.005374452605899825,-0.3970077773756298,0.18,-0.09540034536453225
1777029896.5268497,tb1,0.6735703093935667,-0.030132178187302846,0.18,-0.09735237873730287
1777029896.5486052,tb3,1.3360718396826676,-0.8339314941314568,0.18,-0.24227028134771117
1777029896.5715842,tb2,0.2985452814506843,-1.2544348843706061,0.18,-0.17015201027252844
1777029896.5754433,tb7,-0.0009673396228631897,-0.38911176246729756,0.18,-0.09612242990038458
1777029896.5768268,tb1,0.682562205689332,-0.02916684106902025,0.18,-0.09786646432918825
1777029896.5986674,tb3,1.3414960028557885,-0.8412433118085171,0.18,-0.2550832411113496
1777029896.6215873,tb2,0.2949803865488183,-1.2460874374856545,0.18,-0.16630751920174794
1777029896.625341,tb7,0.0034776034422906027,-0.38123658019699425,0.18,-0.09682530244209271
1777029896.6268508,tb1,0.6915589495357761,-0.028245289990567,0.18,-0.0983276964804897
1777029896.648678,tb3,1.3468360643228035,-0.8486242593331914,0.18,-0.2684759843406637
1777029896.6713982,tb2,0.2914867887730328,-1.2377121076040452,0.18,-0.16271706937949212
1777029896.675309,tb7,0.007960609952321191,-0.37338257903994687,0.18,-0.09749368534727344
1777029896.6767588,tb1,0.700560348042631,-0.027367807314148326,0.18,-0.09875912484238761
1777029896.698668,tb3,1.3520861476300037,-0.8560774666303587,0.18,-0.2825318818582063
1777029896.7216027,tb2,0.2914867887730328,-1.2377121076040452,0.18,-0.1778896037366014
1777029896.7255013,tb7,0.007960609952321191,-0.37338257903994687,0.18,-0.0953985555863978
1777029896.7270184,tb1,0.7095661612749931,-0.026534640326251573,0.18,-0.08487905445770089
1777029896.7486918,tb3,1.357239696252103,-0.8636054640385136,0.18,-0.29750761484891247
1777029896.7716131,tb2,0.2880628094654287,-1.229309603861343,0.18,-0.17408140146978196
1777029896.77538,tb7,0.012481842387247125,-0.3655501574341467,0.18,-0.09599079444113472
1777029896.776831,tb1,0.7095661612749931,-0.026534640326251573,0.18,-0.092712480552253
1777029896.7985744,tb3,1.3622903624876845,-0.8712117680379879,0.18,-0.3134843152383697
1777029896.8216052,tb2,0.2847085802348774,-1.22087238218782,0.18,-0.16843690869619402
1777029896.8253772,tb7,0.017040358411634954,-0.35774036909546314,0.18,-0.09681261980033626
1777029896.8268762,tb1,0.7185700037982896,-0.02574345634688682,0.18,-0.09428121677130558
1777029896.848685,tb3,1.3672305442339685,-0.8788997576184994,0.18,-0.3305159176720359
1777029896.8715785,tb2,0.28142911724896613,-1.2124080630298197,0.18,-0.16310707327305005
1777029896.8754325,tb7,0.021636366611650006,-0.3499522469122683,0.18,-0.09761606029626718
1777029896.8768375,tb1,0.7275804486415517,-0.02499228048378724,0.18,-0.09520012835851518
1777029896.8986588,tb3,1.3720520762481379,-0.8866717033943605,0.18,-0.34917427538316587
1777029896.9216385,tb2,0.2782224734000347,-1.2039186577534777,0.18,-0.15824345111643623
1777029896.9253824,tb7,0.02627012823328588,-0.34218607521846145,0.18,-0.09838020766752069
1777029896.9268067,tb1,0.7365949881796904,-0.02428330989033862,0.18,-0.0959884706787646
1777029896.9486322,tb3,1.3767468020298115,-0.8945311787689886,0.18,-0.3695587176288219
1777029896.971944,tb2,0.27508638935529506,-1.195405646719999,0.18,-0.1538743607756826
1777029896.9754972,tb7,0.030941875701249733,-0.3344422385595562,0.18,-0.09909086908109838
1777029896.9768655,tb1,0.7456132342865472,-0.023617119827951616,0.18,-0.09668654543132542
1777029896.9986975,tb3,1.3767468020298115,-0.8945311787689886,0.18,-0.35135978280701774
1777029897.0216448,tb2,0.27201860667554173,-1.1868703407003427,0.17999999999999997,-0.1497445133772982
1777029897.0253694,tb7,0.035651842557007374,-0.3267211290531058,0.18,-0.09976580461154905
1777029897.0268066,tb1,0.7546349675535687,-0.022994158846292852,0.18,-0.09733326469806558
1777029897.0485663,tb3,1.3813048080824764,-0.9024813992383182,0.18,-0.37379954107414254
1777029897.071623,tb2,0.26901701523398375,-1.1783137809466104,0.18,-0.1459921068210294
1777029897.0753162,tb7,0.040400209411991704,-0.3190231751476416,0.18,-0.10039504837435513
1777029897.076843,tb1,0.7636599322143085,-0.022414815698969113,0.18,-0.09790711283099719
1777029897.0986538,tb3,1.385717192026413,-0.9105081098249329,0.18,-0.4025909340509456
1777029897.1216261,tb2,0.26607976767215985,-1.1697368987736614,0.18000000000000002,-0.14251690820140384
1777029897.1253862,tb7,0.045187128131458996,-0.3113487666537467,0.18,-0.10098636513885437
1777029897.1269073,tb1,0.772687902869049,-0.021879421167495305,0.18,-0.09843442247391974
1777029897.1486495,tb3,1.3899863393388705,-0.9186244977367919,0.18,-0.4347446684804494
1777029897.1716096,tb2,0.26607976767215985,-1.1697368987736614,0.18,-0.15423030629001294
1777029897.175682,tb7,0.05001272869922913,-0.303698277159297,0.18,-0.10153876902383509
1777029897.1769085,tb1,0.7817186514623639,-0.0213882703736609,0.18,-0.09893813254522077
1777029897.1986542,tb3,1.394100252573968,-0.9268377465692346,0.17999999999999997,-0.4700741150284123
1777029897.2217104,tb2,0.2632052346211979,-1.1611406009139404,0.18,-0.150681924918234
1777029897.2253907,tb7,0.05001272869922913,-0.303698277159297,0.18,-0.0989514856886639
1777029897.226978,tb1,0.7817186514623639,-0.0213882703736609,0.18,-0.0921123645344718
1777029897.2486277,tb3,1.3980422713591685,-0.9351538555316983,0.18,-0.5091699095145177
1777029897.271645,tb2,0.26039309941857225,-1.1525187387019054,0.18,-0.14571251600160084
1777029897.2753391,tb7,0.0548771061876248,-0.29607212117911674,0.18,-0.0994543892910497
1777029897.2768207,tb1,0.7907518600200635,-0.02094165423145145,0.18,-0.09258107918177508
1777029897.2985737,tb3,1.4017933871022847,-0.9435783798386007,0.18,-0.5528108484273052
1777029897.3216977,tb2,0.25764704581521497,-1.1438774747313953,0.18,-0.14101574647579745
1777029897.3254433,tb7,0.059779005976543946,-0.2884712721400358,0.18,-0.10021401384740897
1777029897.3269522,tb1,0.7997841966750846,-0.020538136288890126,0.18,-0.0936569721335379
1777029897.3485658,tb3,1.4053325004880093,-0.9521161898144486,0.18,-0.6020393807887695
1777029897.3716018,tb2,0.2549652383080099,-1.135218493610573,0.18,-0.13667873819974027
1777029897.3755002,tb7,0.06471873531149153,-0.28089462446350894,0.18,-0.10094959046156206
1777029897.3768988,tb1,0.8088185830546224,-0.020176357021452238,0.18,-0.09473325615792923
1777029897.3986864,tb3,1.4053325004880093,-0.9521161898144486,0.18,-0.5859719413321062
1777029897.4216383,tb2,0.2523455029544,-1.1265431715002578,0.18000000000000002,-0.1328141337682656
1777029897.4253774,tb7,0.0696965404483765,-0.273342453808119,0.18,-0.10164030440542522
1777029897.4268978,tb1,0.8178551494490369,-0.019856768104687294,0.18,-0.0957163998121027
1777029897.448639,tb3,1.4086351376460784,-0.9607745881796517,0.18,-0.6430879483180083
1777029897.471619,tb2,0.2497855364608454,-1.117852118117657,0.18000000000000002,-0.12922090254742397
1777029897.4754055,tb7,0.07471260377592959,-0.2658152089839582,0.18,-0.10226795053520495
1777029897.476893,tb1,0.8268936369315726,-0.019579959936942667,0.18,-0.09661543724751158
1777029897.4986312,tb3,1.4116788677291459,-0.9695260690712982,0.18,-0.7175166079425963
1777029897.5219183,tb2,0.2472834929939652,-1.1091461721262412,0.18,-0.12598965285995264
1777029897.5253952,tb7,0.07976708702659553,-0.2583133000675133,0.18,-0.1028562910065811
1777029897.52695,tb1,0.8359338409281172,-0.019346458023543876,0.18,-0.09744509518894268
1777029897.5486634,tb3,1.414456480292879,-0.9783989574439663,0.18,-0.8024140488656093
1777029897.5716074,tb2,0.2472834929939652,-1.1091461721262412,0.18,-0.13523299948674725
1777029897.5753334,tb7,0.07976708702659553,-0.2583133000675133,0.18,-0.0999383155535614
1777029897.5768142,tb1,0.8359338409281172,-0.019346458023543876,0.18,-0.09033475037702307
1777029897.5986338,tb3,1.4169280657367491,-0.9874056643461274,0.18,-0.8969919879785415
1777029897.6216252,tb2,0.24483754814474215,-1.1004256554304297,0.18000000000000002,-0.13183843009814789
1777029897.6254866,tb7,0.08486008950235797,-0.2508371748423994,0.18,-0.10044392327459585
1777029897.6268632,tb1,0.8449755110087718,-0.01915675082167148,0.18,-0.09106928291952647
1777029897.6486526,tb3,1.419042265942633,-0.9965500564912434,0.17999999999999997,-1.001999142897598
1777029897.671721,tb2,0.2424481591467663,-1.0916860724014479,0.18,-0.12748004152794135
1777029897.675483,tb7,0.08999018910728636,-0.24338790540522426,0.18,-0.10125525101043446
1777029897.6768885,tb1,0.8540148748100341,-0.019009474952741263,0.18,-0.09252494699355723
1777029897.6985424,tb3,1.420741213009558,-1.0058323918692722,0.18,-1.1161199940927549
1777029897.721701,tb2,0.24011720841647718,-1.08293267879028,0.18,-0.12338876508155813
1777029897.7254689,tb7,0.0951577589016551,-0.23596420943741278,0.18,-0.1020299501101784
1777029897.7269485,tb1,0.8630552859307323,-0.01890326330268863,0.18,-0.09393588368248419
1777029897.7486491,tb3,1.420741213009558,-1.0058323918692722,0.18,-1.1338562163369785
1777029897.7716615,tb2,0.23784278389450728,-1.0741665920719043,0.17999999999999997,-0.11961593056920355
1777029897.7754643,tb7,0.1003630232154577,-0.2285664219754995,0.18,-0.10274445736389942
1777029897.7768536,tb1,0.8720967887387051,-0.018838756902921472,0.18,-0.09528086960030814
1777029897.7987194,tb3,1.421960513786935,-1.0152451303197993,0.18,-1.2694155065652755
1777029897.8215182,tb2,0.23562291095607338,-1.0653885665758827,0.18,-0.11607346450014436
1777029897.8254454,tb7,0.10560616174056058,-0.22119496823154391,0.18,-0.1033894029451932
1777029897.826827,tb1,0.8811391892148808,-0.018816669987920788,0.18,-0.09650629435285805
1777029897.8487508,tb3,1.4226507411540688,-1.0247405171803405,0.18,-1.4320476448537165
1777029897.8715825,tb2,0.2334557412654211,-1.056599258316481,0.18,-0.11281472010930656
1777029897.875376,tb7,0.11088732300964449,-0.21385028199977707,0.18,-0.10398139083759395
1777029897.8768632,tb1,0.890182246638888,-0.018837701485990312,0.18,-0.09764307638930254
1777029897.898608,tb3,1.4227626641706757,-1.0343385390865854,0.17001872748001293,-1.5
1777029897.9218543,tb2,0.23133956394297073,-1.047799256372536,0.18,-0.10955799434627742
1777029897.9254832,tb7,0.11620660760747462,-0.20653278718749513,0.18,-0.10445536213842292
1777029897.9269624,tb1,0.8992256724158575,-0.018902477894767546,0.18,-0.09858849283517367
1777029897.9489312,tb3,1.4222211263276818,-1.0438244492088664,0.15787490280772884,-1.5
1777029897.971805,tb2,0.2292728673091365,-1.0389890629120868,0.18,-0.10568102731783872
1777029897.9754524,tb7,0.12156405796586678,-0.19924289207795018,0.18,-0.10471310971759987
1777029897.976799,tb1,0.9082691377097302,-0.019011523607101587,0.18,-0.0991316407357179
1777029897.99864,tb3,1.421050248292312,-1.0527008309330452,0.15095583761128858,-1.5
1777029898.0216076,tb2,0.2292728673091365,-1.0389890629120868,0.18,-0.11272433165070331
1777029898.025275,tb7,0.1269596328429653,-0.1919809867600996,0.18,-0.08932115363328978
1777029898.026761,tb1,0.9173122701565326,-0.01916524167413911,0.18,-0.09924023561517616
1777029898.0487268,tb3,1.4193267071377342,-1.0609279022613924,0.14792238242277908,-1.5
1777029898.071561,tb2,0.2272540462594978,-1.0301695689674715,0.17999999999999997,-0.10817826848113188
1777029898.0753515,tb7,0.1269596328429653,-0.1919809867600996,0.18,-0.10141618485918757
1777029898.076782,tb1,0.9173122701565326,-0.01916524167413911,0.18,-0.09161886008819252
1777029898.0986388,tb3,1.4170639018115143,-1.068743959990563,0.14823047573923925,-1.5
1777029898.1216636,tb2,0.22528298721158807,-1.021336533970942,0.18,-0.1024680732675792
1777029898.1253772,tb7,0.1323865191080868,-0.18475048627050558,0.18,-0.10276542948948039
1777029898.1268222,tb1,0.926354468686468,-0.019363794776307165,0.18,-0.09148172058612256
1777029898.1487086,tb3,1.4142412441031469,-1.0763114967779193,0.15142020090627234,-1.5
1777029898.1719854,tb2,0.22336086081117318,-1.0124949879569687,0.18,-0.09700364323661737
1777029898.1753662,tb7,0.13785121572331296,-0.17754218718955497,0.18,-0.10295172643297008
1777029898.1768475,tb1,0.9353923375401543,-0.01960519683972105,0.18,-0.09198053472014193
1777029898.1986022,tb3,1.4108084467393611,-1.083755180055542,0.15738533904819166,-1.5
1777029898.2215269,tb2,0.22148531512655376,-1.0036464422314053,0.18,-0.09199511787116792
1777029898.2254448,tb7,0.14335304170587132,-0.17036150227570038,0.18,-0.10300818032531388
1777029898.227267,tb1,0.944429009369308,-0.019887969042498035,0.18,-0.09244036733763294
1777029898.248642,tb3,1.4108084467393611,-1.083755180055542,0.14174838307239412,-1.5
1777029898.2717187,tb2,0.21965345659317442,-0.9947915478455656,0.18,-0.08772187296251163
1777029898.2754815,tb7,0.14889178687196225,-0.16320916642401556,0.18,-0.10308525425977548
1777029898.2769277,tb1,0.95346453449609,-0.02021226693348641,0.18,-0.09307928766956694
1777029898.2987764,tb3,1.4066803545554436,-1.0911873245834354,0.1488058745132863,-1.5
1777029898.321588,tb2,0.21786267136868456,-0.9859306139092272,0.18,-0.08315574552197634
1777029898.3253427,tb7,0.15446731760657884,-0.15608542677667492,0.18,-0.10296640640197548
1777029898.3268232,tb1,0.9624987363908235,-0.020578341868153296,0.18,-0.09316967628504746
1777029898.348617,tb3,1.402406158531009,-1.0976804300722334,0.16232642130149258,-1.5
1777029898.3716264,tb2,0.21611073905697514,-0.9770642036083378,0.18,-0.07923391288547764
1777029898.3753161,tb7,0.16007946610569337,-0.14899052501376422,0.18,-0.10289517489558866
1777029898.3768072,tb1,0.9715313018994068,-0.020986443664703033,0.18,-0.09337518640442388
1777029898.3986084,tb3,1.3973868169140882,-1.1041834400816464,0.1788720781551935,-1.493382388622483
1777029898.4215534,tb2,0.21439548119291427,-0.9681926728822294,0.18,-0.056638221895153204
1777029898.425361,tb7,0.16572803448417156,-0.141924638121205,0.18,-0.10292805442539095
1777029898.4268155,tb1,0.9805619489568548,-0.021436647476973148,0.18,-0.09386756291658452
1777029898.4487362,tb3,1.3913886863373426,-1.1108553736322846,0.18,-1.3421490731849763
1777029898.4716227,tb2,0.21439548119291427,-0.9681926728822294,0.18,-0.08143156740807653
1777029898.4753296,tb7,0.16572803448417156,-0.141924638121205,0.18,-0.09927836660869128
1777029898.4769392,tb1,0.9805619489568548,-0.021436647476973148,0.18,-0.08586498543853402
1777029898.4986765,tb3,1.3844621067323444,-1.1175112578797706,0.18,-1.2025367587499203
1777029898.5216384,tb2,0.21271229910478157,-0.9593238329064623,0.18,-0.08027682418956522
1777029898.5253875,tb7,0.17141284635224294,-0.1348879535491619,0.18,-0.09934683971554478
1777029898.526924,tb1,0.9895905384036894,-0.021929100967051293,0.18,-0.08650898442306436
1777029898.5486555,tb3,1.3771395753536884,-1.1236637286413642,0.18,-1.1011578803341338
1777029898.5716069,tb2,0.21105947752436366,-0.9504398473407732,0.18,-0.07669774814034858
1777029898.575391,tb7,0.17713209037569544,-0.1278812479553681,0.18,-0.09970944600912604
1777029898.576941,tb1,0.9986133751832847,-0.02246176756514612,0.18,-0.08781066708153246
1777029898.5985918,tb3,1.3695111013252352,-1.1293371303382043,0.18,-1.025315902007177
1777029898.6215897,tb2,0.20944255745065693,-0.9415502005111057,0.18,-0.07318827598040793
1777029898.6254854,tb7,0.18288610597342395,-0.12090298351586132,0.18,-0.10000422506660718
1777029898.6269424,tb1,1.0076342056931806,-0.023033382598351495,0.18,-0.08897454340006694
1777029898.648649,tb3,1.3616212050390515,-1.1345680555498774,0.18,-0.9637042060054374
1777029898.6715958,tb2,0.20786026288469522,-0.9326560097108711,0.18,-0.06998476165469378
1777029898.6753442,tb7,0.188674912995258,-0.1139533439880637,0.18,-0.10024720943719291
1777029898.6769514,tb1,1.0166530517165773,-0.023644481375732194,0.18,-0.08997682161212099
1777029898.698696,tb3,1.3616212050390515,-1.1345680555498774,0.18,-1.1132021898658961
1777029898.721526,tb2,0.20631092815044424,-0.9237577701608247,0.18,-0.06713797327624807
1777029898.7253861,tb7,0.19449847125047892,-0.10703261458222381,0.18,-0.10041948351037072
1777029898.7269852,tb1,1.0256696528069136,-0.024295636885529777,0.18,-0.09084495558560597
1777029898.7486627,tb3,1.3535067104340472,-1.139381508334585,0.18,-1.05578644496974
1777029898.7714887,tb2,0.2047929088382651,-0.9148556408924752,0.18,-0.06462084751246124
1777029898.7753649,tb7,0.2003567096632738,-0.10014107867152623,0.18,-0.10055482885384893
1777029898.7768407,tb1,1.0346837148324302,-0.024987362561559503,0.18,-0.09166043693479763
1777029898.798637,tb3,1.3451033752540311,-1.143794070240785,0.18,-0.9420810358751524
1777029898.8216171,tb2,0.20330478322493936,-0.9059498077688233,0.18,-0.062355957290879734
1777029898.8254423,tb7,0.2062495091630369,-0.09327899932033228,0.18,-0.1006340234350959
1777029898.8268487,tb1,1.0436948465142744,-0.025720029349481508,0.18,-0.09236269103375101
1777029898.848594,tb3,1.3365001993287227,-1.1477385434383582,0.18,-0.8384933427505024
1777029898.8716426,tb2,0.20184530723642735,-0.8970403993232097,0.18,-0.06031802470336224
1777029898.8754215,tb7,0.21217677779683994,-0.08644658095400853,0.18,-0.1006758827339377
1777029898.8768342,tb1,1.0527030047921824,-0.026494039103762884,0.18,-0.09295338280365782
1777029898.8986514,tb3,1.327767240549432,-1.151239432437392,0.18,-0.7634409819574778
1777029898.921613,tb2,0.20184530723642735,-0.8970403993232097,0.18,-0.06429375271142654
1777029898.925386,tb7,0.21217677779683994,-0.08644658095400853,0.18,-0.09672102170026423
1777029898.927652,tb1,1.061707792510771,-0.02730976289072606,0.18,-0.07757761081043393
1777029898.9486384,tb3,1.3189372183189483,-1.1543485059555976,0.18,-0.7102811413372944
1777029898.9714887,tb2,0.20041338110826093,-0.8881274867631418,0.18,-0.062352479039518016
1777029898.975401,tb7,0.218138371125554,-0.0796440589407348,0.18,-0.0967009205012829
1777029898.976871,tb1,1.061707792510771,-0.02730976289072606,0.18,-0.08504166645699196
1777029898.9985602,tb3,1.3100265670533957,-1.1571079330478953,0.18,-0.6706247942683352
1777029899.0216453,tb2,0.19900908794701774,-0.8792086777853806,0.18,-0.06015048410510915
1777029899.0254333,tb7,0.22413230916117086,-0.07287233823881094,0.18,-0.09704893220821105
1777029899.0269675,tb1,1.0707027207279698,-0.02816341621933586,0.18,-0.0869194507459883
1777029899.0486782,tb3,1.3010450799155757,-1.1595458944288313,0.18,-0.6379501840369214
1777029899.0716789,tb2,0.1976329928449075,-0.8702864569187689,0.18,-0.05827225136452821
1777029899.075425,tb7,0.23015891805310396,-0.06612968993895711,0.18,-0.09740658632817338
1777029899.0769486,tb1,1.079697027008947,-0.029054267404065453,0.18,-0.08825381843871634
1777029899.0985918,tb3,1.2920054491135389,-1.1616814956070982,0.18,-0.6096995276254086
1777029899.1215272,tb2,0.19628407714039547,-0.8613611665705762,0.18,-0.05675232021275195
1777029899.1253183,tb7,0.2362182666019892,-0.059416210630721854,0.18,-0.0977395137109097
1777029899.1267846,tb1,1.0886882604854151,-0.02998406656954607,0.18,-0.08951447015295855
1777029899.1485775,tb3,1.2920054491135389,-1.1616814956070982,0.18,-0.7271487434691682
1777029899.171662,tb2,0.19496133947095926,-0.8524328285561632,0.18,-0.055586797084597676
1777029899.1753476,tb7,0.24231034313348263,-0.052732183652797054,0.18,-0.09803238765415825
1777029899.1768918,tb1,1.097675941713207,-0.030953519604431268,0.18,-0.09069144418710824
1777029899.198678,tb3,1.2829176900754635,-1.163530524735755,0.18,-0.698545402292236
1777029899.2216535,tb2,0.19366401072275444,-0.8435014002760323,0.18,-0.0546826050250892
1777029899.2253532,tb7,0.2484351126128535,-0.04607789480734779,0.18,-0.0983020149625942
1777029899.2269018,tb1,1.1066597861583547,-0.03196322635607593,0.18,-0.09187470300201438
1777029899.2486453,tb3,1.2737251730166648,-1.1650827684761507,0.18,-0.6352222204806126
1777029899.2715821,tb2,0.19239151346670086,-0.834566917156292,0.18,-0.053980653783981015
1777029899.2753267,tb7,0.2545925330090648,-0.03945361225272664,0.18,-0.09853834101027723
1777029899.2768435,tb1,1.1156395541293571,-0.03301377348299792,0.18,-0.09302328121481508
1777029899.2986388,tb3,1.2644987335606628,-1.166306550387406,0.18,-0.5774530242585931
1777029899.3216825,tb2,0.19114341195494436,-0.8256293560892899,0.18,-0.05347787829680598
1777029899.325403,tb7,0.26078253523097905,-0.03285960421940256,0.18,-0.09873924736862935
1777029899.326852,tb1,1.1246149381616466,-0.03410571862576415,0.18,-0.09413509874152495
1777029899.348589,tb3,1.255266582118265,-1.1672263946763572,0.18,-0.5322108435663016
1777029899.3716602,tb2,0.19114341195494436,-0.8256293560892899,0.18,-0.05629396850263917
1777029899.37565,tb7,0.2670050471109475,-0.02629611780156048,0.18,-0.0981049354043523
1777029899.376858,tb1,1.133585696198404,-0.03523962248370373,0.18,-0.0952365221893408
1777029899.3986712,tb3,1.2460389298519277,-1.1678728036614334,0.18,-0.4986561075593752
1777029899.4215424,tb2,0.18991938240080047,-0.8166887458621627,0.18,-0.05585189779322916
1777029899.4254365,tb7,0.2670050471109475,-0.02629611780156048,0.18,-0.09464281749772617
1777029899.4269176,tb1,1.133585696198404,-0.03523962248370373,0.18,-0.08631193154159258
1777029899.4487035,tb3,1.2368165324526097,-1.1682714205667681,0.18,-0.4722352448993133
1777029899.471592,tb2,0.18871975661364632,-0.8077435884199223,0.18,-0.055281270407844085
1777029899.4753373,tb7,0.2732595924028687,-0.01976354500587695,0.18,-0.09487716316213136
1777029899.4769182,tb1,1.1425515297151958,-0.0364160192856096,0.18,-0.08736557523975673
1777029899.4985912,tb3,1.2276014419420198,-1.1684401275203338,0.18,-0.4503506585010127
1777029899.5214689,tb2,0.18754522087318556,-0.7987953269705171,0.18,-0.05491131338346555
1777029899.5253253,tb7,0.2795444358409841,-0.013262242191908495,0.18,-0.09544747311018559
1777029899.526979,tb1,1.1515081133197937,-0.037632574007813946,0.18,-0.08938545793343428
1777029899.5486207,tb3,1.2183963672919327,-1.168392628724797,0.18000000000000002,-0.43219663513927115
1777029899.5715225,tb2,0.18639553645147136,-0.789844092266932,0.18,-0.054781006700796005
1777029899.5753272,tb7,0.28586011398621514,-0.006790707370170602,0.18,-0.09600475913182521
1777029899.5768101,tb1,1.16045977369523,-0.03888811119748061,0.18,-0.09151249977867654
1777029899.598619,tb3,1.2092036710679397,-1.168139775647597,0.18,-0.4163695989639488
1777029899.621544,tb2,0.18527049624010056,-0.7808898737534171,0.18,-0.05485955276349773
1777029899.6253526,tb7,0.2922067340784134,-0.0003491353577672393,0.18,-0.09651928070461997
1777029899.6268308,tb1,1.1694067580927685,-0.04018345455232796,0.18,-0.09356552735604856
1777029899.6485546,tb3,1.200026717867045,-1.1676909797556183,0.18,-0.40255884323950875
1777029899.671645,tb2,0.18417000758050678,-0.7719326329030812,0.18,-0.05512597505890867
1777029899.675401,tb7,0.298584355072218,0.006062137722014426,0.18000000000000002,-0.09698980426348706
1777029899.6768682,tb1,1.1783488071010777,-0.04151962227465034,0.18,-0.09556827494251703
1777029899.6988835,tb3,1.1908676276425438,-1.1670541803319163,0.18,-0.3725368017345093
1777029899.7215738,tb2,0.18309409110236613,-0.762972333074301,0.18,-0.055546234851774
1777029899.7253087,tb7,0.30499298993001767,0.012442745273578856,0.18,-0.09744021073323549
1777029899.7267733,tb1,1.1872854866035527,-0.04289760932244954,0.18,-0.09757562807043532
1777029899.7486444,tb3,1.1908676276425438,-1.1670541803319163,0.18000000000000002,-0.46983571995168183
1777029899.7714846,tb2,0.18204286918971185,-0.7540089326621089,0.18,-0.056106893611423736
1777029899.7752888,tb7,0.3114326442479039,0.01879236334487014,0.18,-0.0978547853797016
1777029899.776794,tb1,1.196216450612445,-0.04431835980236008,0.17999999999999997,-0.09954692105219276
1777029899.7986627,tb3,1.1817354388504056,-1.1662408118637038,0.18000000000000002,-0.4589786101360899
1777029899.821655,tb2,0.18101656338590238,-0.7450423807233562,0.18,-0.05677992598985433
1777029899.8253777,tb7,0.31790332874052546,0.02511067735495671,0.18,-0.09822768174679873
1777029899.8269148,tb1,1.2051413913486662,-0.04578287210209856,0.18,-0.10148983279418224
1777029899.8486927,tb3,1.1725815065207874,-1.1652287227836156,0.18,-0.42831955764920754
1777029899.871584,tb2,0.180015464954902,-0.7360726726495602,0.18,-0.05750929076173424
1777029899.8754532,tb7,0.32440500902580116,0.031397361077841066,0.18,-0.09856767547915588
1777029899.8768327,tb1,1.2140598398285987,-0.0472920957698364,0.18,-0.10345183923027917
1777029899.8986008,tb3,1.163461093323342,-1.1640069564119087,0.18000000000000002,-0.39972307119074285
1777029899.9221897,tb2,0.180015464954902,-0.7360726726495602,0.18,-0.05913100167851694
1777029899.9258168,tb7,0.3309376490379933,0.03765212064156869,0.18,-0.09885062405941282
1777029899.9273362,tb1,1.2229714681218034,-0.048847016150800275,0.18,-0.10527385794957253
1777029899.948825,tb3,1.1543843514979975,-1.162590368068526,0.18,-0.3771037289054833
1777029899.9716802,tb2,0.17903993339810925,-0.7270997723051016,0.18,-0.05979581809341702
1777029899.9755843,tb7,0.3309376490379933,0.03765212064156869,0.18,-0.09423194753298526
1777029899.9768996,tb1,1.2229714681218034,-0.048847016150800275,0.18,-0.095735212099921
1777029899.9986458,tb3,1.1453501510315682,-1.1609941929166534,0.18,-0.35828723437826177
1777029900.0214865,tb2,0.17809048032189775,-0.7181233166389792,0.18,-0.06044504070085702
1777029900.025322,tb7,0.3375011135603189,0.04387461187478964,0.18,-0.09453381921747975
1777029900.0267909,tb1,1.2318756536364392,-0.05044848405166256,0.18,-0.09763033355726533
1777029900.048648,tb3,1.1363576399101838,-1.1592305129133977,0.18,-0.34315904442088085
1777029900.0716114,tb2,0.17716772532008396,-0.7091437194124586,0.18,-0.06117009646283764
1777029900.0754282,tb7,0.3440930249541779,0.05006409644325535,0.18,-0.09523452764759724
1777029900.0767937,tb1,1.2407677506856192,-0.05209377513863269,0.18,-0.1005950028448751
1777029900.0985951,tb3,1.1274058977406842,-1.157309164946504,0.18,-0.3305921798450905
1777029900.1216955,tb2,0.176272014263991,-0.7001610324674287,0.18000000000000002,-0.06197366729912602
1777029900.1254058,tb7,0.3507142512975438,0.05622252057480531,0.18,-0.09591611831814054
1777029900.1269753,tb1,1.2496528533631277,-0.05378238761124409,0.18,-0.1035197463734851
1777029900.1486297,tb3,1.1274058977406842,-1.157309164946504,0.18,-0.39154472592783907
1777029900.171545,tb2,0.1754037279183346,-0.6911752701894375,0.18,-0.06284529167080354
1777029900.1753309,tb7,0.35736496082225316,0.062349616145756306,0.18,-0.09654113012414481
1777029900.1768248,tb1,1.258530898602009,-0.0555157486661834,0.18,-0.1064227231174616
1777029900.1986175,tb3,1.1184945693571444,-1.155238211306799,0.18,-0.3787983904009612
1777029900.2215164,tb2,0.1745632859626367,-0.6821864291509327,0.18,-0.06376787056327568
1777029900.225419,tb7,0.36404522267914546,0.06844496470907947,0.18,-0.09709187994500147
1777029900.226905,tb1,1.2674012657350662,-0.05729530735618127,0.18000000000000002,-0.10922894241835117
1777029900.2487257,tb3,1.109597061131671,-1.152999448720123,0.18,-0.3555514406768997
1777029900.2714424,tb2,0.173751137287661,-0.67319454760195,0.18,-0.06471793362058104
1777029900.2753384,tb7,0.3707550579941322,0.07450816294620688,0.18,-0.09760347300907325
1777029900.2768703,tb1,1.2762633896688502,-0.059122444475719384,0.18,-0.11199561446711341
1777029900.2986465,tb3,1.1007509007074,-1.1505926211089714,0.18,-0.3342967156310492
1777029900.3216264,tb2,0.17296775692421734,-0.6641996386904212,0.18,-0.06569440164366679
1777029900.325365,tb7,0.3774944765753743,0.08053884945574138,0.18,-0.09805482256137589
1777029900.3268838,tb1,1.2851166902523594,-0.06099849424567115,0.18,-0.11470563252650183
1777029900.3486254,tb3,1.0919604288074256,-1.1480294267450992,0.18,-0.3168762698034112
1777029900.3715367,tb2,0.17296775692421734,-0.6641996386904212,0.18,-0.06644190326716097
1777029900.3754156,tb7,0.38426346880974765,0.08653667529007822,0.18,-0.09387214439509148
1777029900.3767872,tb1,1.2939605959227038,-0.06292478468848955,0.18,-0.1174047171240438
1777029900.3985503,tb3,1.0832239597348268,-1.1453212042625067,0.18,-0.3026899321383284
1777029900.421608,tb2,0.17221362950229097,-0.6552017574590904,0.18,-0.06735003107970533
1777029900.4254682,tb7,0.38426346880974765,0.08653667529007822,0.18,-0.09352621177865186
1777029900.4269128,tb1,1.2939605959227038,-0.06292478468848955,0.17999999999999997,-0.10704308755230246
1777029900.4486084,tb3,1.0745391291356745,-1.1424771684485586,0.18,-0.2911845258119679
1777029900.4715838,tb2,0.17148920555985706,-0.6462010149712224,0.18,-0.06829762577000228
1777029900.4756012,tb7,0.391059844597152,0.09250075327905252,0.18,-0.09428086030493496
1777029900.476877,tb1,1.3027943093138494,-0.06490254636505688,0.18,-0.10965575115799989
1777029900.4986246,tb3,1.0659041245260024,-1.1395046401517859,0.18,-0.2815778829383987
1777029900.521548,tb2,0.17079491706540503,-0.6371974276865525,0.18,-0.06927669042066836
1777029900.5257556,tb7,0.39788396887435945,0.09843282711577851,0.18,-0.09507311302903358
1777029900.5269127,tb1,1.311612771039122,-0.06692865875026319,0.18,-0.11345428586175245
1777029900.548572,tb3,1.057317847220015,-1.1364097076558843,0.18,-0.2734908617500414
1777029900.5715225,tb2,0.1701312686156478,-0.628191021252938,0.18,-0.07028261270438178
1777029900.5753376,tb7,0.40473622594296815,0.10433298193426997,0.18,-0.09584964336832988
1777029900.5767972,tb1,1.3204215209049401,-0.06900316569559116,0.18,-0.11726492944333192
1777029900.598655,tb3,1.057317847220015,-1.1364097076558843,0.18,-0.3188927999917283
1777029900.6217234,tb2,0.16949877649672251,-0.619181900753641,0.18,-0.0713227099693805
1777029900.6255019,tb7,0.4116167101740351,0.11020077124210452,0.18,-0.09649831578554174
1777029900.6269455,tb1,1.3292201734282754,-0.07112780486655185,0.18000000000000002,-0.12094403972536066
1777029900.6486049,tb3,1.0487792835702183,-1.133197122610648,0.18,-0.3104633626630184
1777029900.6715045,tb2,0.1688979378778878,-0.610170116916371,0.18000000000000002,-0.07237617262148409
1777029900.6753342,tb7,0.4185255017260441,0.11603576310201481,0.18,-0.09711215481578722
1777029900.6768403,tb1,1.3380080667932488,-0.07330436796608493,0.18,-0.12460349418459862
1777029900.6986687,tb3,1.040271298091074,-1.1298513951497824,0.18,-0.2952128321759937
1777029900.7216406,tb2,0.1683292833395724,-0.6011557173705276,0.17999999999999997,-0.07342495347557523
1777029900.7254922,tb7,0.42546262107860117,0.12183753167872063,0.18,-0.09762911431508015
1777029900.7267933,tb1,1.3467843329045797,-0.0755345753384796,0.18,-0.1281881800280615
1777029900.7487688,tb3,1.0318206835969908,-1.1263743710835625,0.18,-0.2811465620785734
1777029900.771709,tb2,0.1677933473313067,-0.5921388038206177,0.17999999999999997,-0.07447078786116883
1777029900.7754376,tb7,0.4324280627350133,0.1276056850979523,0.18,-0.09811383635877179
1777029900.7769635,tb1,1.3555481916061418,-0.07782012448320016,0.18,-0.13167181329095198
1777029900.7987554,tb3,1.0234299445036545,-1.122774209872947,0.18,-0.26924944753255076
1777029900.8216546,tb2,0.1677933473313067,-0.5921388038206177,0.18,-0.07446745257938409
1777029900.8254495,tb7,0.4324280627350133,0.1276056850979523,0.18,-0.09292437982765517
1777029900.8269978,tb1,1.3555481916061418,-0.07782012448320016,0.18,-0.12055007647472743
1777029900.8486526,tb3,1.015097482824551,-1.1190587555572449,0.18,-0.2594314760441927
1777029900.8715181,tb2,0.16729068596839494,-0.5831194290809794,0.18,-0.0754205246135034
1777029900.8754168,tb7,0.43942159434353883,0.13333971348001547,0.18,-0.09337698947972323
1777029900.8768926,tb1,1.3642984524777628,-0.080162602069566,0.18,-0.12401845592324716
1777029900.8985975,tb3,1.0068206659451737,-1.1152343658635253,0.18,-0.2512776814312866
1777029900.9215128,tb2,0.16682162223859487,-0.5740980884620678,0.17999999999999997,-0.07645100394937647
1777029900.925374,tb7,0.4464407043458336,0.13903926565618863,0.18,-0.09425756090187061
1777029900.9267974,tb1,1.3730300093032124,-0.08255868592709029,0.18,-0.12873617411571456
1777029900.9485486,tb3,0.9985975569489162,-1.1113058250216707,0.18,-0.24433479030519617
1777029900.9717462,tb2,0.16638649462320876,-0.5650745541188045,0.18,-0.07748799402468672
1777029900.9754226,tb7,0.45348655689596346,0.14470619845194185,0.18,-0.09507192079159638
1777029900.9768713,tb1,1.3817484850314758,-0.0850090077923741,0.18,-0.1333909586125205
1777029900.998742,tb3,0.9985975569489162,-1.1113058250216707,0.18,-0.27970729134113415
1777029901.02161,tb2,0.16598582227133446,-0.5560489231610899,0.18,-0.07853062388133254
1777029901.0255823,tb7,0.46055933443774477,0.15034015547151508,0.18,-0.09579265282562525
1777029901.0269892,tb1,1.3904533180332177,-0.08751574504483857,0.18,-0.13793730295092094
1777029901.048675,tb3,0.9904269527880827,-1.107276893272669,0.18,-0.272536714619683
1777029901.071657,tb2,0.16562011814757452,-0.5470213129462231,0.18,-0.07956766113292156
1777029901.0754972,tb7,0.4676590987154672,0.15594066932199557,0.18,-0.09646489380157956
1777029901.0769062,tb1,1.3991434053766447,-0.0900810239879293,0.18,-0.14247555261418007
1777029901.0985677,tb3,0.9822966116620757,-1.1031345274020403,0.18,-0.26045579123544943
1777029901.1217253,tb2,0.16528991478890973,-0.5379918027705809,0.18,-0.08057961727234779
1777029901.1256797,tb7,0.4747858962070818,0.16150730837147806,0.18,-0.09703435443620997
1777029901.1270027,tb1,1.4078177364915379,-0.09270697062188439,0.18,-0.14690308109384415
1777029901.1487885,tb3,0.9742271450061423,-1.0988823934996748,0.18,-0.24947962352217012
1777029901.171498,tb2,0.16528991478890973,-0.5379918027705809,0.18,-0.08006333994701072
1777029901.1752734,tb7,0.4819397211473492,0.1670396503059439,0.18,-0.09760589855239103
1777029901.1768146,tb1,1.4164751348210163,-0.09539565435068428,0.18,-0.1513650709505067
1777029901.1985853,tb3,0.9662201224793073,-1.0945276152932355,0.18,-0.24006992050303616
1777029901.2216926,tb2,0.16499573968682715,-0.5289605575364937,0.17999999999999997,-0.08098182623294052
1777029901.2255745,tb7,0.4819397211473492,0.1670396503059439,0.18,-0.0921171167773167
1777029901.2269776,tb1,1.4164751348210163,-0.09539565435068428,0.18,-0.13923502217835707
1777029901.2486734,tb3,0.9582723575585556,-1.090075548589516,0.18,-0.2321315410323918
1777029901.271638,tb2,0.16473782147365146,-0.5199282893505008,0.18,-0.08202042062699223
1777029901.27554,tb7,0.48912054142217143,0.17253726883270876,0.18,-0.09256261277578441
1777029901.2767854,tb1,1.425114522946058,-0.09814933605014951,0.18,-0.14350766936497733
1777029901.2985797,tb3,0.950382256782538,-1.0855308501020688,0.18,-0.2252106213687892
1777029901.3216622,tb2,0.16451631252512167,-0.5108945733283761,0.17999999999999997,-0.08303949647136354
1777029901.3254318,tb7,0.4963254231379696,0.17799948230443327,0.18,-0.0935114206281002
1777029901.3270347,tb1,1.4337290448570683,-0.10096397797014375,0.18,-0.14926500032724793
1777029901.3485634,tb3,0.9425481550035704,-1.080897308926729,0.18000000000000002,-0.2192324171862536
1777029901.3716636,tb2,0.16433173758012645,-0.5018595083783062,0.17999999999999997,-0.08403962899898038
1777029901.3756132,tb7,0.5035557167211485,0.1834285056807618,0.18,-0.09436937667947233
1777029901.3769007,tb1,1.4423256223404075,-0.1038405594284706,0.18,-0.15512598516630838
1777029901.3987002,tb3,0.9425481550035704,-1.080897308926729,0.18,-0.2469649823649732
1777029901.4215763,tb2,0.16418462381749177,-0.4928232567527983,0.17999999999999997,-0.08502454447615138
1777029901.4255652,tb7,0.5108116393005802,0.1888239851208006,0.18,-0.09516083591825676
1777029901.4269562,tb1,1.4509032893259404,-0.10678170803666544,0.18,-0.160888437949172
1777029901.448628,tb3,0.934768884756266,-1.076178285449427,0.18,-0.24087306289408955
1777029901.4716065,tb2,0.16407550122073536,-0.48378594141769254,0.18,-0.08597645906083881
1777029901.4754894,tb7,0.5180932829092664,0.1941854259485875,0.18,-0.09586752927873031
1777029901.4769583,tb1,1.4594608214896452,-0.10979022681274687,0.18,-0.16659118649483484
1777029901.4987743,tb3,0.9270353228327769,-1.07136250221091,0.18,-0.23125017575410498
1777029901.5216832,tb2,0.16400488516943665,-0.47474776795068857,0.18,-0.08689811716649597
1777029901.5256968,tb7,0.5254006745886094,0.19951234033792173,0.18,-0.09646384009702494
1777029901.5269258,tb1,1.4679964627659634,-0.11286879067628416,0.18,-0.17228792259029044
1777029901.5487282,tb3,0.9193638604872303,-1.0664552514011025,0.18,-0.22239562392469248
1777029901.5715559,tb2,0.16400488516943665,-0.47474776795068857,0.18,-0.08584230567013967
1777029901.5754063,tb7,0.5327338419024088,0.20480429235656059,0.18,-0.0899593782411129
1777029901.576896,tb1,1.4765086733088604,-0.1160201068662495,0.18,-0.1779854071164444
1777029901.598641,tb3,0.911753906857624,-1.0614616835267459,0.18,-0.21467183736334267
1777029901.6215823,tb2,0.16397328355616445,-0.4657088916090734,0.18,-0.08666380629977209
1777029901.625461,tb7,0.5327338419024088,0.20480429235656059,0.18,-0.0913032250169258
1777029901.6269321,tb1,1.4765086733088604,-0.1160201068662495,0.18,-0.16463727950634732
1777029901.6486187,tb3,0.9042035244947746,-1.0563862132676316,0.18,-0.20801596809897058
1777029901.6716957,tb2,0.16398070187988217,-0.45667032705366145,0.18,-0.08764229401911162
1777029901.6755478,tb7,0.5400894170336807,0.21006038638547078,0.18,-0.0923823635309798
1777029901.6768928,tb1,1.4849953561980607,-0.11924658785436187,0.18,-0.17028376506989326
1777029901.698576,tb3,0.8967106612716569,-1.0512323497784588,0.18,-0.2021355566421104
1777029901.721522,tb2,0.1640271838013231,-0.4476314466512109,0.18,-0.08860760056729568
1777029901.7255335,tb7,0.5474692303373535,0.21528335231904316,0.18,-0.09335363050852108
1777029901.726992,tb1,1.4934496555845944,-0.12254348562459845,0.18,-0.1777525871499435
1777029901.7486334,tb3,0.8892739241228967,-1.0460034247253258,0.18,-0.1759557338471704
1777029901.7715821,tb2,0.1641132178681888,-0.4385923497369771,0.18,-0.08953151652681957
1777029901.7753985,tb7,0.5548734712396053,0.22047256032144896,0.18,-0.09422895141935352
1777029901.7769241,tb1,1.5018786608852612,-0.12591292100482743,0.18,-0.1853947807678373
1777029901.798671,tb3,0.8892739241228967,-1.0460034247253258,0.18,-0.21892987910725753
1777029901.8215616,tb2,0.16423931642070916,-0.42955324018411134,0.18,-0.09042819542597225
1777029901.8254187,tb7,0.5623022309644232,0.22562743843178043,0.18,-0.09499003544546235
1777029901.826865,tb1,1.5102811010057196,-0.12935842035208564,0.18,-0.1930311474782698
1777029901.8485842,tb3,0.8818953488625019,-1.0407100446697497,0.18,-0.21578151982223742
1777029901.8715472,tb2,0.1644059582849801,-0.4205143315869867,0.18,-0.0912942924362538
1777029901.8754842,tb7,0.5697555496859533,0.23074746174668784,0.18,-0.09566486651163063
1777029901.8768916,tb1,1.5186546550785238,-0.1328834365867088,0.18,-0.20074532174307283
1777029901.8985968,tb3,0.874556782714407,-1.0353325681896834,0.18,-0.2077448346286315
1777029901.921787,tb2,0.16461358632774756,-0.4114758478711027,0.18,-0.09211804643587862
1777029901.9258306,tb7,0.5772334198239056,0.23583216632222898,0.18,-0.09623405300714255
1777029901.9272695,tb1,1.5269969411811852,-0.1364912128509314,0.18000000000000002,-0.20852572563331573
1777029901.9490943,tb3,0.8672786179088535,-1.029877422615647,0.18,-0.20030715549670436
1777029901.9717455,tb2,0.1648626246240702,-0.40243799963350796,0.18,-0.07431244252252671
1777029901.9754598,tb7,0.5847358149699973,0.24088114130398378,0.18,-0.096827810040962
1777029901.976771,tb1,1.5353056245009868,-0.14018497733763008,0.17999999999999997,-0.216801703552778
1777029901.9986103,tb3,0.860060812592959,-1.0243488812435098,0.18,-0.19329735395743192
1777029902.0216103,tb2,0.1648626246240702,-0.40243799963350796,0.18,-0.09130989324305476
1777029902.0254157,tb7,0.5847358149699973,0.24088114130398378,0.18,-0.0908021072943838
1777029902.0268257,tb1,1.5353056245009868,-0.14018497733763008,0.18000000000000002,-0.20183717295589734
1777029902.0486007,tb3,0.8529016350354155,-1.01875042387374,0.18,-0.18724963134292713
1777029902.0715654,tb2,0.16514904654034088,-0.39340858713311594,0.18,-0.09378047132567736
1777029902.075379,tb7,0.5922627237444761,0.2458940234560108,0.18,-0.09124793087311396
1777029902.0767946,tb1,1.5435784453685928,-0.14396826189534315,0.18,-0.2099722566140622
1777029902.0986,tb3,0.8457992972206372,-1.0130851589605494,0.18,-0.18185138612840174
1777029902.1215703,tb2,0.1654737370146596,-0.3843732373329683,0.18,-0.09466592925595405
1777029902.1255007,tb7,0.5998108182014261,0.25087013018551746,0.18,-0.09224535631195722
1777029902.126997,tb1,1.5518059318282085,-0.14783544573982013,0.18,-0.22067580369026282
1777029902.1486425,tb3,0.8387521895583608,-1.0073557417266161,0.18,-0.17701207542477349
1777029902.1716826,tb2,0.16584051054104815,-0.3753384993191098,0.18,-0.09538124257613623
1777029902.1755745,tb7,0.6073817316210138,0.2558119434117822,0.18,-0.0931968133164884
1777029902.1769798,tb1,1.5599966325985604,-0.1517893986749964,0.18,-0.23195346715264348
1777029902.1986048,tb3,0.8317589723440136,-1.0015646646764365,0.18,-0.17262052287653848
1777029902.2215226,tb2,0.16624999634871762,-0.3663051753115571,0.18,-0.09606983954146366
1777029902.2253675,tb7,0.6149757262790511,0.26071914030141874,0.18,-0.09408280001042307
1777029902.2267816,tb1,1.5681486939361629,-0.15583493188279476,0.18,-0.24359437784347143
1777029902.2487497,tb3,0.8317589723440136,-1.0015646646764365,0.18,-0.18961209579610117
1777029902.2715013,tb2,0.16670256620395288,-0.3572735664285637,0.18,-0.09673276649557834
1777029902.2753985,tb7,0.6225928526927882,0.265591170551434,0.18,-0.09485311906457952
1777029902.276819,tb1,1.576258382301539,-0.15997668788609593,0.18,-0.2556444767800462
1777029902.298671,tb3,0.8248183841453866,-0.9957140249178568,0.18,-0.18510836652875678
1777029902.3216274,tb2,0.1671985578815562,-0.3482438988328569,0.18,-0.09736435876419808
1777029902.325342,tb7,0.6302331699080573,0.2704275446050724,0.18,-0.09555240425609988
1777029902.326827,tb1,1.5843223879814003,-0.16421970140628026,0.18,-0.26822225129440047
1777029902.3486207,tb3,0.8179256765658728,-0.9897959684672382,0.18,-0.17848528303341585
1777029902.3715668,tb2,0.16773829882357283,-0.3392164175334764,0.18,-0.09797512990387046
1777029902.3754396,tb7,0.6378966731635763,0.2752277826548975,0.18,-0.09616067483510893
1777029902.3768601,tb1,1.592336573707005,-0.168569102735598,0.18,-0.28144873593047964
1777029902.398641,tb3,0.8110902854834994,-0.9838155194383845,0.18,-0.17230156428729945
1777029902.421498,tb2,0.16832208403152868,-0.3301913840636339,0.18,-0.09856378984950692
1777029902.4253933,tb7,0.6455833142086708,0.2799914559667586,0.18,-0.09673026265559985
1777029902.4268498,tb1,1.600296498561129,-0.17302993715402515,0.18,-0.2955473603762423
1777029902.4486165,tb3,0.8043113218321505,-0.9777759089418991,0.18,-0.16670178963040969
1777029902.471522,tb2,0.16832208403152868,-0.3301913840636339,0.18,-0.09645087902366949
1777029902.4753673,tb7,0.6532930730574728,0.28471818857618,0.18,-0.09724365143740903
1777029902.47684,tb1,1.6081977348560879,-0.1776078454187602,0.18,-0.3106036660087155
1777029902.498667,tb3,0.7975870837690932,-0.97167987893307,0.18,-0.16168085753464015
1777029902.5216985,tb2,0.16895021211323946,-0.32116902468162345,0.18,-0.0969459517079705
1777029902.5254383,tb7,0.6532930730574728,0.28471818857618,0.18,-0.0907927369474322
1777029902.5269,tb1,1.6081977348560879,-0.1776078454187602,0.18,-0.2931051375693068
1777029902.5487344,tb3,0.7909158083013815,-0.9655297343943854,0.18,-0.15711360876875796
1777029902.5716162,tb2,0.1696222337800248,-0.3121507358361213,0.18,-0.09770048188702042
1777029902.5755415,tb7,0.6610257160623549,0.2894075331774226,0.18,-0.09123482813231429
1777029902.5768921,tb1,1.6160347437787514,-0.18230805043836995,0.18,-0.3092268018081275
1777029902.5985951,tb3,0.7842960891950613,-0.9593277476356992,0.18,-0.15289702165057367
1777029902.6216497,tb2,0.17033792266050304,-0.3031355030323446,0.18,-0.09841745405143727
1777029902.625476,tb7,0.6687779280676724,0.2940592981682696,0.18,-0.09227060854367321
1777029902.6269317,tb1,1.623795578278992,-0.18712303512862644,0.18,-0.3299998656897994
1777029902.6487622,tb3,0.7842960891950613,-0.9593277476356992,0.18,-0.16648150500601336
1777029902.6716807,tb2,0.17109764870757285,-0.2941234757552514,0.18,-0.09909005819369773
1777029902.6754563,tb7,0.6765516013011306,0.298675833446713,0.18,-0.09323862729373425
1777029902.677,tb1,1.6314897554825885,-0.1920619467016398,0.18,-0.3522769929505159
1777029902.6986883,tb3,0.7777260983232127,-0.9530756424206039,0.18,-0.1621641165904621
1777029902.7215035,tb2,0.17190179393190538,-0.28511493036421653,0.18,-0.09972988958994589
1777029902.7254157,tb7,0.6843469677348952,0.30325668556407137,0.18,-0.09411589317724375
1777029902.7268531,tb1,1.6391103756022338,-0.19713424248496733,0.18,-0.3762487022105266
1777029902.748713,tb3,0.7712032292521104,-0.9467674974237121,0.18,-0.1564458158829089
1777029902.7716346,tb2,0.1727506884233785,-0.27611016463132054,0.18,-0.10031802982795368
1777029902.775454,tb7,0.6921640509523092,0.3078012838970172,0.18,-0.09490415919014773
1777029902.7769103,tb1,1.6466485762471086,-0.202348924416216,0.18,-0.4022439743257866
1777029902.7987666,tb3,0.7647336238408154,-0.9404080965968253,0.18,-0.15112871111367754
1777029902.821592,tb2,0.1727506884233785,-0.27611016463132054,0.18,-0.09786091385732193
1777029902.8255303,tb7,0.6921640509523092,0.3078012838970172,0.18,-0.08821189859238981
1777029902.8269734,tb1,1.6466485762471086,-0.202348924416216,0.18,-0.38355917028634334
1777029902.848643,tb3,0.7583160852777022,-0.9340001656296929,0.18,-0.1462853368375442
1777029902.8715866,tb2,0.17364461206527645,-0.2671095283418992,0.18,-0.09838589222597127
1777029902.8754997,tb7,0.7000028560414601,0.31230912367098324,0.18,-0.08889229321932748
1777029902.876996,tb1,1.6540950870601712,-0.20771568479520836,0.18,-0.41212212224750044
1777029902.8986108,tb3,0.7519487869170988,-0.9275457540212527,0.18,-0.14186389139789574
1777029902.921489,tb2,0.1745829356021852,-0.2581143909342767,0.18,-0.09916158473265624
1777029902.9255707,tb7,0.7078596443723663,0.31677963889695093,0.18,-0.0901933414340319
1777029902.9269996,tb1,1.6614304870504497,-0.2132245792893491,0.18000000000000002,-0.4490688123523198
1777029902.9485059,tb3,0.7456302356641041,-0.9210469318288858,0.18,-0.13785139741284508
1777029902.9715137,tb2,0.17556548115601175,-0.2491236680320964,0.18,-0.09990095072497848
1777029902.9753232,tb7,0.7157365555916044,0.3212154689168964,0.18,-0.09147432608981487
1777029902.9768748,tb1,1.6686652990548456,-0.2188893888622368,0.17999999999999997,-0.4904096008370101
1777029902.9986515,tb3,0.7456302356641041,-0.9210469318288858,0.18,-0.14900388162833045
1777029903.0216026,tb2,0.17659260118114756,-0.24013754367128173,0.18,-0.10058989152670549
1777029903.0255015,tb7,0.7236339139390338,0.32561612820042113,0.18,-0.0925904251960283
1777029903.027154,tb1,1.675788047889112,-0.22472487993459445,0.17999999999999997,-0.536145308164231
1777029903.048674,tb3,0.7393589027253333,-0.9145054896697812,0.18,-0.1450741354696345
1777029903.071485,tb2,0.17766466114777513,-0.23115629039823374,0.18,-0.10124168154617882
1777029903.075304,tb7,0.7315518705896005,0.32998093259993,0.18,-0.09365942885196601
1777029903.076896,tb1,1.6827833079617933,-0.23074838872635484,0.18,-0.5869931499056562
1777029903.0986989,tb3,0.7331315801376987,-0.9079160289520141,0.18,-0.13986457639472202
1777029903.1214838,tb2,0.17878200121607346,-0.2221802101287335,0.18,-0.10184139359229975
1777029903.12535,tb7,0.7394904814836295,0.33430921822788523,0.18,-0.09461324335702202
1777029903.126774,tb1,1.6896300396307196,-0.2369769696063361,0.18,-0.6439578960935263
1777029903.148683,tb3,0.7269539634836318,-0.9012827245982538,0.18,-0.13497389048309363
1777029903.1714816,tb2,0.1799448952793,-0.21320963108260857,0.18,-0.10240777727424426
1777029903.1754198,tb7,0.7474497445774607,0.3386003943816785,0.18,-0.09550323161209585
1777029903.177314,tb1,1.6963048148480837,-0.2434268742735744,0.18,-0.7086009844517585
1777029903.1986058,tb3,0.7208248633605762,-0.8946079207092065,0.18,-0.13050615285529638
1777029903.2215483,tb2,0.1799448952793,-0.21320963108260857,0.18,-0.09956935054420624
1777029903.2256026,tb7,0.7554296639613327,0.3428539475572149,0.18,-0.0887981798240862
1777029903.2272775,tb1,1.7027821629077962,-0.25011650680445713,0.18,-0.7824675441356046
1777029903.248618,tb3,0.7147426505479574,-0.8878935013880608,0.18,-0.12645607944660844
1777029903.2716177,tb2,0.1811535946433561,-0.20424485509179605,0.18,-0.10005453688804014
1777029903.2754557,tb7,0.7554296639613327,0.3428539475572149,0.18,-0.08925079478305722
1777029903.2769108,tb1,1.7027821629077962,-0.25011650680445713,0.18,-0.7735878979486188
1777029903.2986012,tb3,0.7087057431714572,-0.8811410855314782,0.18,-0.12273927976654647
1777029903.3215342,tb2,0.18240732942920748,-0.1952874751111465,0.18,-0.10084502150460327
1777029903.3254085,tb7,0.7634266357088637,0.34706933014149494,0.18,-0.09070320751261299
1777029903.3270462,tb1,1.7090313045877739,-0.2570683059635045,0.18,-0.8619035939644373
1777029903.348679,tb3,0.7027127799245387,-0.8743523082975776,0.18,-0.11932948577141624
1777029903.371643,tb2,0.18370583665775725,-0.18633619373221347,0.18,-0.10158352751366441
1777029903.3755214,tb7,0.7714424715448457,0.35124913485148107,0.18,-0.09212521159839727
1777029903.377039,tb1,1.7150078615968372,-0.26426148292331175,0.17999999999999997,-0.9768613547290886
1777029903.3986566,tb3,0.6967623786152518,-0.8675283997569044,0.18,-0.11615989814679137
1777029903.4215488,tb2,0.18504944698073977,-0.17739119210884205,0.18,-0.1022822109808325
1777029903.425565,tb7,0.7794777321174943,0.3553930300197612,0.18,-0.09346165050305365
1777029903.4272609,tb1,1.7207061596497253,-0.27173404281969205,0.18,-1.1069758364818862
1777029903.4486382,tb3,0.690853440628654,-0.860670691550296,0.18,-0.10412375365990503
1777029903.4715233,tb2,0.1864384929198485,-0.16845277259069533,0.18,-0.10292807026450548
1777029903.4753551,tb7,0.7875325583222619,0.3595002769491153,0.18,-0.09475131471933851
1777029903.4767706,tb1,1.7260747838127908,-0.27951821122182374,0.18,-1.2470283171287717
1777029903.4986432,tb3,0.690853440628654,-0.860670691550296,0.18,-0.121545076331434
1777029903.5215824,tb2,0.1878732805130131,-0.15952125107275283,0.18,-0.10352241292806527
1777029903.5254457,tb7,0.7956070413341254,0.3635701613214268,0.18,-0.0959215792392433
1777029903.5269008,tb1,1.731043247020133,-0.2876379276211384,0.18,-1.3912595041376508
1777029903.5486217,tb3,0.6849857206509782,-0.853784303634573,0.18000000000000002,-0.11942706554707268
1777029903.5715427,tb2,0.18935408738118173,-0.15059693548411254,0.18,-0.10407438448465747
1777029903.5755026,tb7,0.8037012627627997,0.36760200690420763,0.18,-0.09702569167788916
1777029903.5769496,tb1,1.7355303268246387,-0.29611347349147116,0.1771281019576123,-1.5
1777029903.5986207,tb3,0.679152706155722,-0.8468591902368034,0.18,-0.1153782080870647
1777029903.621497,tb2,0.19088117840220406,-0.14168012455778836,0.18,-0.10453644317773367
1777029903.6254807,tb7,0.8118152954459239,0.37159516334674786,0.18,-0.09799490401259207
1777029903.6269312,tb1,1.7394006145484404,-0.30485336677295494,0.16585520328112024,-1.5
1777029903.6486278,tb3,0.6733621835347869,-0.8399003237872539,0.18,-0.11129744196481874
1777029903.671541,tb2,0.19088117840220406,-0.14168012455778836,0.18,-0.10130408474758161
1777029903.6754844,tb7,0.8199491327056841,0.3755489951802862,0.18,-0.09853109971844444
1777029903.6768558,tb1,1.7424388646072568,-0.3133821969254843,0.15894973668485318,-1.5
1777029903.6986358,tb3,0.6676133014416575,-0.8329095643077957,0.18,-0.10678460056520678
1777029903.7216039,tb2,0.19245477728919858,-0.13277115458607375,0.18,-0.10149666095444795
1777029903.7255332,tb7,0.8199491327056841,0.3755489951802862,0.18,-0.09099008461593219
1777029903.726899,tb1,1.7424388646072568,-0.3133821969254843,0.14787615681980062,-1.5
1777029903.7486684,tb3,0.6619047359573834,-0.8258885684065896,0.18,-0.10199755548257665
1777029903.7715304,tb2,0.1940739507604974,-0.12387176751262365,0.18,-0.10186544915691885
1777029903.7753367,tb7,0.8281022294332593,0.37946283013207094,0.18,-0.0912232911465926
1777029903.7768133,tb1,1.744710951241592,-0.3216856940810495,0.14333979276411257,-1.5
1777029903.7985775,tb3,0.656235019994462,-0.8188393929289308,0.18000000000000002,-0.09692358669245088
1777029903.821569,tb2,0.19573826040543196,-0.11498061989899057,0.18,-0.10202830970952392
1777029903.8254764,tb7,0.8362709003634321,0.38333705360316805,0.18,-0.09167155486080111
1777029903.8269799,tb1,1.7462394230730547,-0.3295583225092692,0.14319252275002062,-1.5
1777029903.848585,tb3,0.6506022857061078,-0.8117637850533699,0.17999999999999997,-0.0920341954858241
1777029903.8715348,tb2,0.19744782707712852,-0.10609791210368301,0.18,-0.10209411337675132
1777029903.8753624,tb7,0.8444572817240111,0.38717405653363446,0.18,-0.0919862278173586
1777029903.8769736,tb1,1.7471505486845398,-0.3373411776361364,0.14640493313487415,-1.5
1777029903.8986487,tb3,0.6506022857061078,-0.8117637850533699,0.18,-0.09857710880503956
1777029903.9217353,tb2,0.19920268742232164,-0.09722398287323342,0.18,-0.10211685632872089
1777029903.925988,tb7,0.8526613265877911,0.39097360560135086,0.18,-0.09213143672436029
1777029903.9276257,tb1,1.7474768082880028,-0.3452226571759902,0.1523164167321875,-1.5
1777029903.9489183,tb3,0.6450046635926169,-0.804663457397889,0.17999999999999997,-0.093927773146595
1777029903.9715004,tb2,0.20100282524648133,-0.08835910509826987,0.18,-0.10218590002575499
1777029903.9754782,tb7,0.8608828620026909,0.3947354435193835,0.18,-0.09250651273696502
1777029903.9768765,tb1,1.7472029785041303,-0.3533426560855843,0.16147654403913927,-1.5
1777029903.9987502,tb3,0.6394394114733367,-0.7975344943347047,0.18000000000000002,-0.08857532729570021
1777029904.0215933,tb2,0.20284821336020417,-0.07950351072264754,0.18,-0.10227167120342258
1777029904.0254471,tb7,0.8691217745671836,0.39845939847609974,0.18,-0.09293137579829341
1777029904.0269375,tb1,1.7462778241879,-0.3618165293682313,0.1733396415520813,-1.5
1777029904.0486748,tb3,0.6339097370844391,-0.7903808777155965,0.17999999999999997,-0.0838647756532346
1777029904.0719886,tb2,0.20473884311700918,-0.07065742241824494,0.18,-0.08785721297117613
1777029904.075409,tb7,0.8773780384333707,0.4021452459870038,0.18,-0.09355813323908818
1777029904.0768974,tb1,1.7446105692455964,-0.37079406942354687,0.18,-1.4326878888179058
1777029904.0985997,tb3,0.6284139004807878,-0.7832046622101208,0.18,-0.07998901217557257
1777029904.121562,tb2,0.20473884311700918,-0.07065742241824494,0.18,-0.09885955572395336
1777029904.125376,tb7,0.8773780384333707,0.4021452459870038,0.18,-0.08566417006384956
1777029904.1267545,tb1,1.7421753487773077,-0.38007082763830974,0.18,-1.3163289651525683
1777029904.1486325,tb3,0.6229496290039906,-0.77600707477927,0.18,-0.07669677303220641
1777029904.1715539,tb2,0.2066703425115771,-0.061826311181771176,0.18,-0.10034926228586982
1777029904.1754465,tb7,0.8856516639258848,0.40579269999933976,0.18,-0.08631139447134
1777029904.1769736,tb1,1.7421753487773077,-0.38007082763830974,0.17493592417195114,-1.4468331924769853
1777029904.198682,tb3,0.6175151930966071,-0.7687890265484659,0.18,-0.0735919919990559
1777029904.2216048,tb2,0.2086443339863581,-0.052999929898450364,0.18,-0.10077561757738031
1777029904.2254608,tb7,0.8939384034769752,0.40940168087961176,0.18,-0.08764050054752662
1777029904.227065,tb1,1.7391069759988278,-0.3891592739921954,0.17907738023309572,-1.3778312668490122
1777029904.2485476,tb3,0.6121093177990806,-0.7615516647615825,0.18,-0.07055479934165225
1777029904.2715423,tb2,0.2106624975305525,-0.04418288160403926,0.18,-0.10098550333330467
1777029904.2758064,tb7,0.9022409163115996,0.4129750970231236,0.18,-0.08869346488314657
1777029904.2769341,tb1,1.735479778785537,-0.3978590765581821,0.18,-1.214546748953499
1777029904.2986085,tb3,0.6067306775460571,-0.7542959501704661,0.18,-0.06776091926046952
1777029904.321531,tb2,0.2127250647206923,-0.035375940572077415,0.18,-0.10112094463556823
1777029904.325505,tb7,0.9105595111796624,0.4165124584325262,0.18,-0.08971226056635824
1777029904.326971,tb1,1.7311963457996413,-0.4064095396505757,0.18,-1.0666722303990968
1777029904.3486354,tb3,0.6067306775460571,-0.7542959501704661,0.18,-0.07269485379818187
1777029904.3715167,tb2,0.2148320857334721,-0.026579437757481655,0.18,-0.10118621281872178
1777029904.3753026,tb7,0.918894171945581,0.42001314668475914,0.18,-0.09053680351720512
1777029904.3768969,tb1,1.7264119682961545,-0.41463989446794874,0.18,-0.9629171520723613
1777029904.3987074,tb3,0.6013780595514302,-0.7470227533966978,0.18,-0.06990645006508181
1777029904.42166,tb2,0.21698356469932942,-0.017793653495613824,0.18,-0.10119024122519552
1777029904.4254222,tb7,0.9272448694710402,0.4234765953741837,0.18,-0.09116937625938253
1777029904.4272268,tb1,1.72122525864119,-0.42254633267515573,0.18,-0.8929518138221921
1777029904.4487195,tb3,0.5960498616460517,-0.7397291555529287,0.18,-0.06654484534364803
1777029904.4714742,tb2,0.21917946694251583,-0.009018853485712136,0.18,-0.10119037350613329
1777029904.4753187,tb7,0.9356114956724868,0.4269023146106363,0.18,-0.09175452151256121
1777029904.4768906,tb1,1.7156900767799041,-0.43015907947034776,0.18,-0.8391329566134111
1777029904.4986405,tb3,0.5907484353941098,-0.7324179058822569,0.18,-0.06349748504204564
1777029904.5216155,tb2,0.22141973665181003,-0.00025527518762956196,0.18,-0.08882478697649088
1777029904.5254185,tb7,0.9439939677313985,0.4302899083945736,0.18,-0.09225503116662138
1777029904.5268815,tb1,1.7098443070843297,-0.43749669132457525,0.18,-0.7964606437603902
1777029904.5487564,tb3,0.5854726199243557,-0.7250902431956199,0.18,-0.06088494629540136
1777029904.5716066,tb2,0.22141973665181003,-0.00025527518762956196,0.18,-0.09726731012512017
1777029904.5755227,tb7,0.9439939677313985,0.4302899083945736,0.18,-0.08393191968213697
1777029904.5769308,tb1,1.7098443070843297,-0.43749669132457525,0.18,-0.9358529846092811
1777029904.598741,tb3,0.5802209956209258,-0.7177469571294984,0.18,-0.058646098764866324
1777029904.6215773,tb2,0.2237004910778008,0.00849274384134147,0.18,-0.0982842913452254
1777029904.625405,tb7,0.9523920229762535,0.433638969770664,0.18,-0.08442231598764241
1777029904.626936,tb1,1.7037162863088997,-0.444570534727972,0.18,-0.8931258899518094
1777029904.6487658,tb3,0.5749924159228332,-0.7103888302862257,0.18,-0.05677594287719973
1777029904.6716237,tb2,0.22602321565542915,0.01723315056757788,0.18,-0.0985583694722816
1777029904.6753683,tb7,0.9608013988005879,0.43694992384285763,0.18,-0.08571733469452597
1777029904.6768966,tb1,1.6972476137837544,-0.45141177673039734,0.18,-0.8032826989875855
1777029904.6988215,tb3,0.5697858100662606,-0.7030163739936752,0.18,-0.036318652515528335
1777029904.7215338,tb2,0.22838886846698392,0.02596241813028674,0.18,-0.0987431271473671
1777029904.7255445,tb7,0.9692249982052271,0.44022550819971984,0.18,-0.08692325948748095
1777029904.7269182,tb1,1.6904963035048663,-0.45793609401355295,0.18,-0.723598896694042
1777029904.7487557,tb3,0.5697858100662606,-0.7030163739936752,0.18,-0.058913151644680056
1777029904.7715616,tb2,0.2307975359979742,0.0346800410773917,0.18,-0.09888030922760228
1777029904.7754424,tb7,0.977663161433481,0.4434652475226187,0.18,-0.08806886308247758
1777029904.7767851,tb1,1.6835193906282595,-0.4641496143283216,0.18,-0.6660915018901518
1777029904.7986467,tb3,0.5646009695271609,-0.6956378108387327,0.18,-0.05897792065287684
1777029904.8214755,tb2,0.23324924646428152,0.0433857402804078,0.18,-0.09901071043629975
1777029904.8253875,tb7,0.986115928191086,0.4466684412422967,0.18,-0.0891430767450132
1777029904.8269134,tb1,1.6763496571901957,-0.4700856978946182,0.18,-0.6244904826888592
1777029904.8486702,tb3,0.5594301647410201,-0.6882392070357977,0.18,-0.057194624093551395
1777029904.8714993,tb2,0.2357440034272813,0.05207926821381941,0.18,-0.0991209731380137
1777029904.8753195,tb7,0.9945832590582736,0.44983445094904356,0.18,-0.0901919444803412
1777029904.8771796,tb1,1.6690072546976693,-0.47576848756921064,0.18,-0.5916618524551491
1777029904.8986967,tb3,0.554281297100782,-0.6808256434161643,0.18,-0.05559123293253697
1777029904.921625,tb2,0.2357440034272813,0.05207926821381941,0.18,-0.09501162523730206
1777029904.9253936,tb7,0.9945832590582736,0.44983445094904356,0.18,-0.08154348998337499
1777029904.9272337,tb1,1.6615082770894738,-0.4812133104075183,0.18,-0.5426433099322521
1777029904.9486368,tb3,0.5491541878563637,-0.6733980394737754,0.18,-0.054314505816837416
1777029904.971592,tb2,0.23828178168569425,0.0607603190821928,0.18,-0.09510067609229916
1777029904.9755702,tb7,1.0030651886706383,0.45296269735511735,0.18,-0.0824765193627791
1777029904.976898,tb1,1.6615082770894738,-0.4812133104075183,0.18,-0.6748786311265191
1777029904.9986153,tb3,0.5440481466644875,-0.6659568245502461,0.18,-0.05336034986830911
1777029905.0215294,tb2,0.2408610537797667,0.06942729518808673,0.18,-0.09558522142242969
1777029905.0253146,tb7,1.0115569817842767,0.45605323178720536,0.18,-0.08439706843687671
1777029905.026831,tb1,1.6538744994670653,-0.48643100294918873,0.18,-0.6495816815750244
1777029905.0485797,tb3,0.5389625718207487,-0.6585022576381592,0.18,-0.05267619170912474
1777029905.0715816,tb2,0.24348153230007544,0.07808199937210136,0.18,-0.09605190981317499
1777029905.0753498,tb7,1.0200618424680064,0.45910901370790197,0.18,-0.08630589502163111
1777029905.0770168,tb1,1.6460377290961814,-0.49143910457793205,0.18,-0.5911175565356591
1777029905.0987244,tb3,0.5338970362136068,-0.6510344858426909,0.18,-0.05219392518682193
1777029905.1215937,tb2,0.24614336984158366,0.0867243066293011,0.18,-0.09647323081634
1777029905.1255305,tb7,1.0285802877392376,0.4621293978604725,0.18,-0.0881012853970844
1777029905.126973,tb1,1.6380534513083296,-0.4961800922207676,0.18,-0.5371079945669996
1777029905.1486368,tb3,0.5288512674242006,-0.6435536624244759,0.18,-0.04238538887821886
1777029905.1715677,tb2,0.24884672754753057,0.09535395655879961,0.18,-0.09685092655523056
1777029905.1753933,tb7,1.037112534722737,0.4651134700688874,0.18,-0.08986090332095069
1777029905.1769261,tb1,1.6299550894758605,-0.5006635922666679,0.18,-0.49581140214021785
1777029905.1986907,tb3,0.5288512674242006,-0.6435536624244759,0.18,-0.05452101728850042
1777029905.2216136,tb2,0.2515917368779031,0.10397064754246527,0.18,-0.09719008535571709
1777029905.2253842,tb7,1.0456586419553244,0.4680602592458033,0.18,-0.09154430963542902
1777029905.2269893,tb1,1.6217593049912964,-0.5049144262175804,0.18,-0.46454433798718897
1777029905.2486632,tb3,0.5238254706136942,-0.6360641314622506,0.18,-0.05516260203245693
1777029905.271536,tb2,0.25437851588821175,0.11257411452711892,0.18,-0.09751551736245333
1777029905.27541,tb7,1.0542187833016843,0.470968856549582,0.18,-0.09317814006027768
1777029905.2768688,tb1,1.6134778446182185,-0.5089525968912773,0.18,-0.44037652356875406
1777029905.2986498,tb3,0.5188154145478362,-0.6285580298874933,0.18,-0.05480455050767271
1777029905.3218813,tb2,0.2572071689134344,0.12116408551914751,0.18,-0.09778185298226384
1777029905.3254151,tb7,1.062793009569732,0.47383832561342965,0.18,-0.09479777107149129
1777029905.3268898,tb1,1.6051184262779612,-0.5127939675273822,0.18,-0.42130262122882073
1777029905.3486001,tb3,0.5138259225232173,-0.6210380568607952,0.18,-0.0545796025224266
1777029905.3715265,tb2,0.2572071689134344,0.12116408551914751,0.18,-0.0934305540267758
1777029905.3754253,tb7,1.062793009569732,0.47383832561342965,0.18,-0.08565476118502252
1777029905.3768148,tb1,1.59668642583382,-0.5164493218635476,0.18,-0.38407614562618114
1777029905.3986785,tb3,0.5088571539046268,-0.6135045536974251,0.18,-0.05457071859356226
1777029905.4216425,tb2,0.2600777370756622,0.12974020156536323,0.18,-0.09368504415304664
1777029905.4254649,tb7,1.071381342393927,0.47666780634639366,0.18,-0.08720402308662335
1777029905.4269474,tb1,1.59668642583382,-0.5164493218635476,0.17999999999999997,-0.4885658088887187
1777029905.4486132,tb3,0.5039090046403252,-0.6059575593669657,0.18,-0.05474808647260036
1777029905.4716198,tb2,0.2629885676148102,0.13830079070772275,0.18,-0.09436779394117907
1777029905.4753702,tb7,1.0799787335696,0.47945733745543184,0.18,-0.08978458481418708
1777029905.4770515,tb1,1.5881927906148072,-0.5199287434326968,0.18000000000000002,-0.4728299969871644
1777029905.4991455,tb3,0.49898145513312564,-0.598397024978706,0.18,-0.03537550110458733
1777029905.5215492,tb2,0.265939529389525,0.14684785281609616,0.18,-0.09502567740854397
1777029905.525402,tb7,1.0885890095914013,0.48220977898525347,0.18,-0.09235331990420383
1777029905.5268428,tb1,1.579587275867783,-0.5232292195498024,0.18,-0.43799978192017264
1777029905.5486596,tb3,0.49898145513312564,-0.598397024978706,0.18,-0.05695593691815325
1777029905.5716255,tb2,0.2689309002954132,0.15538122596026543,0.18,-0.09560337262658916
1777029905.5753822,tb7,1.0972128095208453,0.48492401739221397,0.18,-0.09481871356909354
1777029905.576907,tb1,1.5709178579211578,-0.5263216448896832,0.18,-0.40801056413909076
1777029905.5986066,tb3,0.49407519839547187,-0.5908312181061212,0.18,-0.059002882939526505
1777029905.6215022,tb2,0.2719629359563107,0.16390057643971634,0.18,-0.09614578468154138
1777029905.625468,tb7,1.1058503357168687,0.4875986708506236,0.18,-0.09717583035078349
1777029905.6269176,tb1,1.562198966941509,-0.5292191583192796,0.18,-0.38433349156145985
1777029905.648711,tb3,0.48918282434461213,-0.5832464148528778,0.18,-0.05926831742669969
1777029905.6715899,tb2,0.2719629359563107,0.16390057643971634,0.18,-0.09158052550164254
1777029905.6753893,tb7,1.1058503357168687,0.4875986708506236,0.18000000000000002,-0.08768120485933369
1777029905.6781604,tb1,1.5534363494131014,-0.5319369850902642,0.18,-0.35062948861474186
1777029905.6986222,tb3,0.4843122413679043,-0.575646706008731,0.18,-0.05951343703375427
1777029905.7216895,tb2,0.2750358116139252,0.1724054941027986,0.18,-0.09203573436315642
1777029905.725434,tb7,1.114501727650001,0.49023239928817325,0.17999999999999997,-0.08990152304211871
1777029905.7269797,tb1,1.5534363494131014,-0.5319369850902642,0.18,-0.4343307978703668
1777029905.7486646,tb3,0.47946413557088796,-0.5680324893285951,0.18,-0.05989712851859321
1777029905.7714894,tb2,0.27814779490133806,0.18089414334198284,0.18,-0.09294432982991405
1777029905.775333,tb7,1.1231615623368343,0.49282495413061883,0.18,-0.09318974195198759
1777029905.7768116,tb1,1.5446392396435766,-0.5344883865072718,0.18,-0.4181147846199175
1777029905.798614,tb3,0.47463864815889834,-0.5604037225292923,0.18,-0.06039928087174825
1777029905.8215704,tb2,0.28129884656863213,0.18936866378862993,0.18,-0.09378109612413905
1777029905.8255436,tb7,1.1318338268035306,0.49537920060982066,0.18,-0.09644004821928401
1777029905.826884,tb1,1.5357602045761591,-0.5368730157737577,0.18,-0.38752618017928026
1777029905.8485646,tb3,0.469835960197301,-0.5527603252354751,0.18,-0.06098978901689092
1777029905.8716013,tb2,0.28448930916112347,0.19782887706124194,0.18,-0.09453754672682567
1777029905.8754213,tb7,1.1405192787240557,0.497893851197351,0.18000000000000002,-0.09963410121216883
1777029905.87696,tb1,1.526841723708356,-0.5390671537492252,0.18,-0.3601338908204218
1777029905.898591,tb3,0.465056304423125,-0.5451021612270717,0.18,-0.06165803018393551
1777029905.9219236,tb2,0.2877195064710669,0.20627444019551802,0.18,-0.09518502231361843
1777029905.925726,tb7,1.149218267021134,0.5003673162151406,0.18000000000000002,-0.10261051767862928
1777029905.9273221,tb1,1.5178964494998834,-0.5410816997484726,0.18,-0.3386219483370943
1777029905.948789,tb3,0.465056304423125,-0.5451021612270717,0.18,-0.06275180131106152
1777029905.9716585,tb2,0.2909897054299196,0.21470496077251994,0.18,-0.09582427858059846
1777029905.9753928,tb7,1.1579308598306128,0.5027979220611115,0.17999999999999997,-0.1056322769740968
1777029905.976861,tb1,1.5089277130379493,-0.5429310182953894,0.18,-0.3203887669261282
1777029905.9985893,tb3,0.4602999751857966,-0.5374291056094023,0.18,-0.06339338894027773
1777029906.0214548,tb2,0.2943001271312409,0.2231201030026731,0.18,-0.09640207223143667
1777029906.0253272,tb7,1.1666572406693214,0.5051841660900445,0.18,-0.10853083450797793
1777029906.026901,tb1,1.4999385589969265,-0.5446260827919389,0.18,-0.3061597315875796
1777029906.048586,tb3,0.4555672618318436,-0.529740823873155,0.18,-0.06406767019682398
1777029906.071539,tb2,0.29765098270386553,0.23151954539776298,0.18,-0.09690043705674545
1777029906.0753226,tb7,1.175397519565811,0.5075245232844073,0.18,-0.11136858833562636
1777029906.0768464,tb1,1.4909311021482736,-0.5461759813623895,0.18,-0.2944246074172408
1777029906.0986218,tb3,0.45085870258128585,-0.5220373717235766,0.18,-0.06482839154771594
1777029906.1215293,tb2,0.30104244232608174,0.23990295207673867,0.18,-0.097365076715737
1777029906.125361,tb7,1.1841518022295885,0.509817513798688,0.17999999999999997,-0.11416310522891639
1777029906.1269298,tb1,1.4819072739718806,-0.5475877614617055,0.18,-0.28484744624662506
1777029906.1487122,tb3,0.4461745968921094,-0.5143186242309499,0.18,-0.06566625181804903
1777029906.171595,tb2,0.3044746467752975,0.24827001127018372,0.18,-0.08510606350985385
1777029906.1754344,tb7,1.1929201587165832,0.5120616720580597,0.18,-0.11693104065699879
1777029906.1768064,tb1,1.4728687789414983,-0.5488670943563188,0.18,-0.276607001845139
1777029906.1987815,tb3,0.4415152895256992,-0.5065844287772656,0.18,-0.06656883629995207
1777029906.2216432,tb2,0.3044746467752975,0.24827001127018372,0.18,-0.09286262590554092
1777029906.225349,tb7,1.1929201587165832,0.5120616720580597,0.18,-0.10654510957268452
1777029906.2268207,tb1,1.4728687789414983,-0.5488670943563188,0.18,-0.32572868707801916
1777029906.2486944,tb3,0.43688116712291647,-0.4988346095815559,0.18,-0.06751992233333408
1777029906.2715812,tb2,0.30794321827429827,0.25661674411834245,0.18,-0.09433229762992416
1777029906.2753525,tb7,1.2017025199695395,0.5142555481185545,0.18000000000000002,-0.10923933969406682
1777029906.2768276,tb1,1.463817238679629,-0.5500184924089396,0.18,-0.3171721892695117
1777029906.2986338,tb3,0.4322726633434463,-0.49106897582132397,0.18,-0.06850980425364532
1777029906.321616,tb2,0.3114504633188411,0.26495061571626455,0.18,-0.0951428770217818
1777029906.32546,tb7,1.2104928324657582,0.5163994861974996,0.18,-0.11315029103615157
1777029906.3269567,tb1,1.454728502682631,-0.5510353749123844,0.18,-0.30098606819635276
1777029906.348671,tb3,0.4276902484728355,-0.48328735922448307,0.17999999999999997,-0.06952017498284256
1777029906.3715255,tb2,0.31499706768945135,0.2732684991151878,0.18,-0.09583597698219037
1777029906.375447,tb7,1.2192960767994596,0.518496048974436,0.18,-0.11706917722231458
1777029906.3769994,tb1,1.445629625490109,-0.5519064035511719,0.18,-0.28624095157711
1777029906.3986502,tb3,0.4276902484728355,-0.48328735922448307,0.18,-0.06982500009287587
1777029906.4215274,tb2,0.31858332671552997,0.28156980112170105,0.18,-0.0964394575155822
1777029906.4253175,tb7,1.2281129608615875,0.5205435103781297,0.18,-0.1208818239848733
1777029906.426775,tb1,1.436526685412825,-0.5526383303289697,0.18,-0.27387297178490816
1777029906.4487715,tb3,0.42313440490343884,-0.47548954077742783,0.18000000000000002,-0.0707573585864988
1777029906.4716177,tb2,0.32220947588393317,0.2898541149288948,0.18,-0.09697016893686226
1777029906.4754913,tb7,1.2369436102102278,0.5225397483284753,0.18,-0.12452245595546316
1777029906.4768946,tb1,1.4274211290838013,-0.5532392002042592,0.18,-0.26397673137369443
1777029906.4986217,tb3,0.41860564442629683,-0.46767567412845235,0.17999999999999997,-0.07176372590471422
1777029906.5215058,tb2,0.32587570558548157,0.29812108412495153,0.18,-0.09746738668588267
1777029906.5252974,tb7,1.245788148629447,0.5244826781948899,0.18000000000000002,-0.12815401040248459
1777029906.526781,tb1,1.4183139700651113,-0.553715716346357,0.18,-0.25563518865544194
1777029906.548586,tb3,0.4141042173021994,-0.4598454463507487,0.18,-0.07278693021753745
1777029906.571566,tb2,0.32587570558548157,0.29812108412495153,0.18,-0.09232381543595031
1777029906.5759983,tb7,1.2546465209070523,0.5263703047598429,0.18,-0.10992591040703267
1777029906.5770311,tb1,1.409205666222904,-0.5540730087748268,0.18,-0.22395790537276164
1777029906.5986896,tb3,0.40963064065356575,-0.4519987192563086,0.18,-0.07383043350403592
1777029906.6216233,tb2,0.3295821507447469,0.3063703331878243,0.18,-0.09272771384740716
1777029906.625391,tb7,1.2546465209070523,0.5263703047598429,0.18,-0.1204653581646788
1777029906.6269433,tb1,1.409205666222904,-0.5540730087748268,0.18,-0.28678573396088886
1777029906.6487424,tb3,0.4051853975958976,-0.44413528861868184,0.18,-0.07487644262186809
1777029906.6715646,tb2,0.33332669219977806,0.3145999216711006,0.18,-0.09362280188349431
1777029906.675487,tb7,1.2635089148487881,0.5282035422209085,0.18,-0.1258110187951934
1777029906.6767843,tb1,1.4001068715042462,-0.5543203017723286,0.18,-0.28246084430974194
1777029906.6985958,tb3,0.4007690323320444,-0.43625499041745147,0.18,-0.0759290024189217
1777029906.7216566,tb2,0.3371094204891814,0.322812318902528,0.18,-0.09445647032983318
1777029906.7254715,tb7,1.2723862349122395,0.5299860801620069,0.18,-0.13060617598462035
1777029906.727045,tb1,1.3909795418897473,-0.5544497120651174,0.18,-0.2699552532588081
1777029906.7485924,tb3,0.39638207565049005,-0.4283577219674915,0.18,-0.0769792942311672
1777029906.7715905,tb2,0.3409306647662115,0.3310073329566926,0.18,-0.09521865833819423
1777029906.7754078,tb7,1.2812769901140835,0.5317138379085181,0.18,-0.1352421565858691
1777029906.7769794,tb1,1.3818544531139696,-0.5544498393778111,0.18,-0.25803749113126595
1777029906.7985976,tb3,0.39638207565049005,-0.4283577219674915,0.18,-0.07666576651294715
1777029906.8215559,tb2,0.3447907281688751,0.33918459511085064,0.18,-0.09589080808606773
1777029906.82536,tb7,1.2901811661808331,0.53338421681586,0.18,-0.1397488570776535
1777029906.8268623,tb1,1.3727364840911143,-0.554326020552166,0.18,-0.2478934641685204
1777029906.8486264,tb3,0.39202504741090355,-0.42044327055451763,0.18,-0.0776195467745046
1777029906.8715453,tb2,0.3486898418841209,0.3473436850316936,0.18,-0.0964907071334679
1777029906.8753278,tb7,1.2990986128962312,0.5349947451682483,0.18,-0.14418934100870368
1777029906.8767827,tb1,1.3636262472997676,-0.5540844947688536,0.18,-0.23928307104773552
1777029906.8985767,tb3,0.3876984812998913,-0.4125122015549102,0.18,-0.07869940812768665
1777029906.921526,tb2,0.352628208442431,0.3554842502015605,0.18,-0.09702795712354309
1777029906.9253361,tb7,1.3080293452849525,0.5365430852250285,0.18,-0.14857094255654404
1777029906.9268718,tb1,1.3545242810002163,-0.5537304742917842,0.18,-0.23202674855357908
1777029906.9487693,tb3,0.3834023661644659,-0.40456405981361815,0.18,-0.07977816077317296
1777029906.9714158,tb2,0.3566059709511303,0.3636059263132605,0.18,-0.09752365974304922
1777029906.975464,tb7,1.3169730945670939,0.5380269669138681,0.18,-0.15293734950646404
1777029906.9768705,tb1,1.3454308003542617,-0.5532682070909454,0.18,-0.22564501472489054
1777029906.998617,tb3,0.37913719115328665,-0.3965986678074716,0.18,-0.0808465540144362
1777029907.021603,tb2,0.3566059709511303,0.3636059263132605,0.18,-0.09206031232115028
1777029907.0254035,tb7,1.3259298350410074,0.5394441652325372,0.18,-0.15131170972194025
1777029907.0268464,tb1,1.3363465897990194,-0.5527013790275526,0.18,-0.22008257976309673
1777029907.0486243,tb3,0.3749035042507468,-0.3886158945375384,0.18,-0.08189744006408275
1777029907.0716465,tb2,0.3606232723066734,0.371708401169248,0.18,-0.09244878138484873
1777029907.0754895,tb7,1.3259298350410074,0.5394441652325372,0.18,-0.14495348817320725
1777029907.0768847,tb1,1.3363465897990194,-0.5527013790275526,0.18,-0.24894216905867655
1777029907.0985446,tb3,0.3707018543041997,-0.38061558947995944,0.18,-0.08292331877003255
1777029907.1215253,tb2,0.3646778083408669,0.37978962514073217,0.18,-0.09337244797812685
1777029907.1254299,tb7,1.3348967140059702,0.5407931689133834,0.18,-0.14981235236564766
1777029907.1269891,tb1,1.327272040351286,-0.5520333876810107,0.18,-0.2432271328098027
1777029907.1487107,tb3,0.36653281241492075,-0.37259767778353,0.18,-0.08392614797281096
1777029907.1716192,tb2,0.36876971933401526,0.3878522624139813,0.18,-0.09422147075929256
1777029907.1753936,tb7,1.3438708806167832,0.5420755126110849,0.18,-0.15576816695193105
1777029907.1768632,tb1,1.3181938103571846,-0.5512575007818337,0.18,-0.23355068718475624
1777029907.1986964,tb3,0.36239691238239713,-0.36456202902389134,0.17999999999999997,-0.08490070549553091
1777029907.2215605,tb2,0.37289936117438116,0.3958961653314727,0.18,-0.09498791040321528
1777029907.2255015,tb7,1.3528569668153563,0.5432915850273818,0.18,-0.16166929732042967
1777029907.226869,tb1,1.3091292128438023,-0.5503708548407659,0.18,-0.2247749632474604
1777029907.2488353,tb3,0.36239691238239713,-0.36456202902389134,0.18,-0.08395558726382044
1777029907.271577,tb2,0.377067014787659,0.40392089168701134,0.18,-0.0956611227413232
1777029907.2753832,tb7,1.3618551075528984,0.5444383841111317,0.18,-0.16758586155545335
1777029907.2769434,tb1,1.300080259393419,-0.5493781734325135,0.18,-0.2171896555947327
1777029907.2985868,tb3,0.3582947040649771,-0.35650857591822993,0.18,-0.0848391840638199
1777029907.3214893,tb2,0.3812729274897408,0.41192605227980483,0.18,-0.09626794181442076
1777029907.3253653,tb7,1.3708653329827238,0.5455127426825872,0.18,-0.1734238337519628
1777029907.3268201,tb1,1.2910473611453555,-0.5482842475792391,0.18,-0.21057200926698816
1777029907.348642,tb3,0.35422666846662065,-0.3484381619351801,0.18,-0.0858773639842783
1777029907.371603,tb2,0.3855172750392429,0.4199112461823983,0.18,-0.09678912313662626
1777029907.3753934,tb7,1.3798870571447281,0.5465115074918397,0.18,-0.1793117425655786
1777029907.3768892,tb1,1.282030139989172,-0.547093045620786,0.18,-0.20481301103333857
1777029907.3987544,tb3,0.35019260231670535,-0.34035022812358023,0.18,-0.08690182797699197
1777029907.4214656,tb2,0.3898001955801749,0.42787611655221364,0.18,-0.08387611983698415
1777029907.425408,tb7,1.3889199899063163,0.5474317147408357,0.18,-0.18529681882487037
1777029907.4268563,tb1,1.2730287961543771,-0.5458078698754962,0.18,-0.19964199937748925
1777029907.4486809,tb3,0.34619297653475456,-0.3322446079304549,0.18,-0.08789283722048778
1777029907.4715228,tb2,0.3898001955801749,0.42787611655221364,0.18,-0.0915144818106642
1777029907.4753718,tb7,1.3889199899063163,0.5474317147408357,0.18,-0.1715624663682476
1777029907.47681,tb1,1.2730287961543771,-0.5458078698754962,0.18,-0.22240725939749273
1777029907.4986925,tb3,0.34222836589620864,-0.3241212493367083,0.18,-0.0888455725010963
1777029907.5215876,tb2,0.3941166136820466,0.4358168433111594,0.18,-0.09308574670675795
1777029907.5255647,tb7,1.397964048632608,0.5482701329244767,0.18,-0.17734858733888564
1777029907.5269165,tb1,1.2640437381064853,-0.5444318519444039,0.18,-0.2172368471566253
1777029907.5486062,tb3,0.33829930699258676,-0.31598008498606484,0.18,-0.08976841074293698
1777029907.5715344,tb2,0.398469566830657,0.443741171481048,0.18,-0.09400241686625231
1777029907.57542,tb7,1.4070097131500032,0.5490274745557882,0.18,-0.1853219393246156
1777029907.5768483,tb1,1.2550643798562338,-0.5429595856860128,0.18,-0.2091218131102955
1777029907.5986416,tb3,0.3344063392684316,-0.3078210632242418,0.18,-0.09064798952504018
1777029907.6215565,tb2,0.40285953174351613,0.45164586060712486,0.18,-0.09476040055272843
1777029907.6253536,tb7,1.416064829306843,0.5497055875230342,0.18,-0.1934729362441548
1777029907.6268718,tb1,1.2461043354117656,-0.5413896138546803,0.18,-0.20158840026630456
1777029907.6485262,tb3,0.3305499807241556,-0.2996441987147539,0.18,-0.09150256767584232
1777029907.6715562,tb2,0.40728676510572004,0.4595302197618734,0.18,-0.09543226424330971
1777029907.6753943,tb7,1.4251297489426638,0.5503006896620484,0.18,-0.2016768724865897
1777029907.6768844,tb1,1.2371651863705435,-0.5397259886365217,0.18,-0.1949216671241907
1777029907.6986463,tb3,0.3305499807241556,-0.2996441987147539,0.18,-0.08999297537862393
1777029907.7214558,tb2,0.41175147749613894,0.4673938222503593,0.18,-0.09604268493701808
1777029907.7253113,tb7,1.4342040098272821,0.5508085755358402,0.18,-0.210060171865958
1777029907.7268524,tb1,1.2282468094064594,-0.5379726625582567,0.18,-0.1889985628959536
