timestamp,robot_id,x,y,v_cmd,w_cmd
1777379647.6150296,tb3,1.9999965922754905,-0.9999999999731072,-0.18,0.5676342074615713
1777379647.6258285,tb2,-1.5000034077245095,-1.9999999999731086,0.18,0.977929337932936
1777379647.6649132,tb3,1.9969546632709005,-1.0000073710521,-0.18,0.5819037951759274
1777379647.6758153,tb2,-1.5000144495843668,-1.9999999275159133,0.18,0.971984979531514
1777379647.7148576,tb3,1.9876877854470045,-1.0001995055320294,-0.18,0.6415432209190071
1777379647.7258914,tb2,-1.498748810653998,-1.9999557722862733,0.18000000000000002,0.8665190053459539
1777379647.7647367,tb3,1.978404540809863,-1.0006655436673058,-0.18,0.7072381045935149
1777379647.7757814,tb2,-1.4949301513596578,-1.9996639493619337,0.18,0.7667621797502047
1777379647.8148644,tb3,1.969102927767737,-1.0014361857078313,-0.18,0.7823920061986898
1777379647.825876,tb2,-1.4886012367790424,-1.9989103155354928,0.18,0.6838873452562189
1777379647.8650775,tb3,1.9597930831410195,-1.0025479705754703,-0.18,0.8689452011789043
1777379647.8757534,tb2,-1.4804381433531528,-1.9975807015415148,0.18,0.6142899922090065
1777379647.9148574,tb3,1.9597930831410195,-1.0025479705754703,-0.18,0.8689452011789043
1777379647.9257398,tb2,-1.4729833658812164,-1.9960122354600065,0.18,0.5489634785763006
1777379647.9649014,tb3,1.9507346273772905,-1.0038796895223059,-0.18,0.9693618394074534
1777379647.9757037,tb2,-1.465608319138763,-1.9944592982005112,0.18,0.4848302779666592
1777379648.0149062,tb3,1.9423452340849312,-1.0049085479664475,-0.18,1.075294644517997
1777379648.0257363,tb2,-1.4583120047437725,-1.9929263161916322,0.18,0.4211090815898661
1777379648.0649908,tb3,1.9338584968008117,-1.005958928100906,-0.18,1.1871721325097866
1777379648.0758379,tb2,-1.4583120047437725,-1.9929263161916322,0.18,0.42178511064454194
1777379648.1149426,tb3,1.925276115506772,-1.0070371473491537,-0.18,1.306077854812657
1777379648.1258466,tb2,-1.450207281534083,-1.9907342979727785,0.18,0.3602540085944257
1777379648.1648738,tb3,1.9166445387089466,-1.009944252065026,-0.18,1.4350129447671252
1777379648.1758065,tb2,-1.441927175786377,-1.9879253714272886,0.18,0.3001958104571388
1777379648.2147996,tb3,1.906922765212324,-1.013814387729634,-0.17126469770225067,1.5
1777379648.2257426,tb2,-1.4339764828785488,-1.9849492786781198,0.18,0.2414327882561097
1777379648.2647364,tb3,1.8992835592190247,-1.017260780808421,-0.155895218014413,1.4999999999999998
1777379648.275782,tb2,-1.4259183973467962,-1.981638563973787,0.18,0.18402628803823082
1777379648.314787,tb3,1.8918682015460215,-1.0209779058371293,-0.14169897766391867,1.5
1777379648.3258045,tb2,-1.4178264073955917,-1.978003634431045,0.18,0.12829479143650818
1777379648.3648925,tb3,1.8845118873531788,-1.0251113299751735,-0.1284434960575676,1.5
1777379648.3758955,tb2,-1.4095567298476297,-1.9739659576649171,0.18,0.0747063840541999
1777379648.4148557,tb3,1.8783784693971075,-1.0289605931739194,-0.1160675943268808,1.5
1777379648.4258084,tb2,-1.4015913057759593,-1.9697733474053907,0.18,0.02384119324903234
1777379648.464755,tb3,1.8783784693971075,-1.0289605931739194,-0.1160675943268808,1.5
1777379648.4757886,tb2,-1.3936089292073077,-1.9653779890606045,0.18,0.017628964519505883
1777379648.5149348,tb3,1.8727464780884429,-1.0328936678124445,-0.10434184186544046,1.5
1777379648.52576,tb2,-1.385750623660461,-1.9610356301542446,0.18,0.018804339514844663
1777379648.5651612,tb3,1.8676298637229827,-1.0368626425066656,-0.09301572276697263,1.5
1777379648.575799,tb2,-1.385750623660461,-1.9610356301542446,0.18,0.018804339514844663
1777379648.614925,tb3,1.8632821071777335,-1.0406913585757136,-0.07798478153976518,1.5
1777379648.6259196,tb2,-1.3779021634141038,-1.9566893051961012,0.18,0.01994320214689721
1777379648.6648273,tb3,1.8596404759606808,-1.0444044030026471,-0.06393706546581625,1.5
1777379648.6757624,tb2,-1.370063779615129,-1.9523388445507364,0.18,0.021026689779289075
1777379648.714936,tb3,1.8568302586768455,-1.0477209378568153,-0.05078824178430206,1.5
1777379648.7258594,tb2,-1.3622360655593666,-1.9479841774981899,0.18,0.021946475951976574
1777379648.7648885,tb3,1.853320896070931,-1.050628079087181,-0.03828727053811782,1.5
1777379648.7759075,tb2,-1.3544174014431478,-1.9438854312558276,0.18,0.022900697365711264
1777379648.8148978,tb3,1.84962924277743,-1.0536790801477969,-0.02623636446925914,1.5
1777379648.8258014,tb2,-1.3466319155204332,-1.940163327116298,0.18,0.023933927610286194
1777379648.8648262,tb3,1.8458447157867954,-1.0568989912590174,-0.014476794765923354,1.5
1777379648.8758426,tb2,-1.3388919216142339,-1.9364666740764784,0.18,0.024995560684423507
1777379648.9148383,tb3,1.8445552926588324,-1.0586872185707077,-0.0030203524423354305,1.5
1777379648.9259136,tb2,-1.3311828210145342,-1.9327348561265627,0.18,0.025872881705794385
1777379648.965619,tb3,1.8442694871553182,-1.059456865465795,0.008371334695076293,1.5
1777379648.9764082,tb2,-1.3233218100676183,-1.928306124458011,0.17999999999999997,0.02659952499717705
1777379649.0150034,tb3,1.8442694871553182,-1.059456865465795,0.008371334695076293,1.5
1777379649.0257223,tb2,-1.3154668693402782,-1.9238696056879863,0.18,0.027308437884447007
1777379649.0648248,tb3,1.8441755583797668,-1.0597848067463926,0.01986150713436336,1.5
1777379649.0648172,tb1,0.9989759401145767,4.2052424724727156e-11,-0.18,0.5929991182270088
1777379649.0689583,tb7,-0.0010240598854234723,-0.49999999995794725,0.03447745807911439,1.5
1777379649.0757928,tb2,-1.3076293707416322,-1.9194313221916108,0.18,0.02792260054383591
1777379649.1147876,tb3,1.844130698636934,-1.0599672220430798,0.03159555806886903,1.5
1777379649.1146998,tb1,0.9982816843058934,-6.491131168198454e-08,-0.18,0.5954393759729164
1777379649.1189349,tb7,-0.0010011062986064342,-0.4999999961501079,0.034870911654047966,1.5
1777379649.1266072,tb2,-1.2998017076898885,-1.9149851558266744,0.18,0.02807719605982815
1777379649.1648033,tb3,1.8441625561560926,-1.059533169969438,0.04365407055248589,1.5
1777379649.1647565,tb1,0.9891541196063678,-0.00012712716296503588,-0.18,0.6580770232300244
1777379649.1689727,tb7,-0.0005364103110842487,-0.49998008643831615,0.0433354460020162,1.5
1777379649.1759348,tb2,-1.2998017076898885,-1.9149851558266744,0.18,0.028808943463411712
1777379649.2148337,tb1,0.9799048574058639,-0.0005308670315154586,-0.18,0.727030508978067
1777379649.2148917,tb3,1.8441801282565744,-1.0585268689792757,0.05625994679978986,1.5
1777379649.218912,tb7,0.0005737218431065411,-0.49987588575071323,0.05567416026681112,1.5
1777379649.2258003,tb2,-1.2919861654209028,-1.9105314515715832,0.18,0.029650079095605197
1777379649.264767,tb1,0.9706344932889612,-0.0012357441610192177,-0.18,0.8059217466043642
1777379649.2648587,tb3,1.8440842857515967,-1.0568408937778617,0.06962729595129234,1.5
1777379649.2689216,tb7,0.0021488259074727563,-0.4996083171726303,0.06873571539637854,1.5
1777379649.2759273,tb2,-1.2841831090945413,-1.9060701557089024,0.18,0.030405340991322985
1777379649.3146842,tb1,0.9613552372202103,-0.0022779128025703643,-0.18,0.896267085361723
1777379649.3148148,tb3,1.8437793459361504,-1.0545215707477897,0.08397495790760248,1.5
1777379649.3190162,tb7,0.004343179010478424,-0.49906401843019166,0.08267468123278746,1.5
1777379649.3258622,tb2,-1.276392766932363,-1.9016009304678858,0.18,0.031063405153353738
1777379649.364861,tb1,0.9520777575734185,-0.003698180404574448,-0.18,1.0015883205508815
1777379649.3649044,tb3,1.843154251555148,-1.0515184610963717,0.09960215170084176,1.5
1777379649.3691318,tb7,0.0071607171235465545,-0.4981352848674548,0.09774028615727758,1.5
1777379649.3758385,tb2,-1.2686153196588261,-1.8971234364056717,0.18,0.031638122297733474
1777379649.4147913,tb1,0.9428187944118879,-0.005546513200914771,-0.18,1.1268203105259196
1777379649.414986,tb3,1.842011956339029,-1.048084509083262,0.11691273400858276,1.5
1777379649.4189897,tb7,0.010642584162337024,-0.4966882117429076,0.11422061585194933,1.5
1777379649.4258037,tb2,-1.2608509280827551,-1.8926373605109459,0.18,0.032148218589168956
1777379649.464777,tb1,0.9336028005824425,-0.00788227236820481,-0.18,1.2788073916146254
1777379649.4648407,tb3,1.8404740779806805,-1.0454224425799161,0.13647698151140025,1.5
1777379649.4690402,tb7,0.014761408710732091,-0.49459965032320297,0.13255073247540886,1.5000000000000002
1777379649.475824,tb2,-1.2530997168222433,-1.8881424233575794,0.18,0.032594669242586694
1777379649.5147855,tb1,0.9244659989548779,-0.010773531880119256,-0.18,1.4670937879862536
1777379649.515193,tb3,1.8390072997936842,-1.042937227343639,0.15886431925442668,1.5
1777379649.5189555,tb7,0.019514937177644135,-0.4917198619163575,0.15333961365930268,1.5
1777379649.5257993,tb2,-1.245361818861788,-1.8836383986605347,0.18,0.03293770924446125
1777379649.5647442,tb1,0.9244659989548779,-0.010773531880119256,-0.18,1.4681614634753872
1777379649.5648227,tb3,1.8390072997936842,-1.042937227343639,0.1589925060247104,1.5
1777379649.5688283,tb7,0.024203311726694505,-0.48798016874455463,0.17767664093461785,1.5
1777379649.5757542,tb2,-1.23764883710141,-1.8791795196206442,0.18,0.03341869848061983
1777379649.6148024,tb1,0.9154539155652285,-0.014307227070065168,-0.15749390073810243,1.5
1777379649.6149023,tb3,1.8357756131199214,-1.0371331947820928,0.18,1.4580427400380014
1777379649.6190374,tb7,0.024203311726694505,-0.48798016874455463,0.17767664093461785,1.5
1777379649.6257806,tb2,-1.229983847981383,-1.874788568364196,0.18,0.0340011131536259
1777379649.6649044,tb3,1.831788598334,-1.0309317560283207,0.17999999999999997,1.2455382723177586
1777379649.6649294,tb1,0.9067203867359028,-0.018486607459827813,-0.1346934220305598,1.5
1777379649.6690457,tb7,0.02844551574671472,-0.48414911918682363,0.18,1.3018929040432083
1777379649.675864,tb2,-1.229983847981383,-1.874788568364196,0.18,0.0340011131536259
1777379649.7148862,tb3,1.8266718691458814,-1.0241872096076086,0.18,1.0532616436292437
1777379649.7149212,tb1,0.899043504996298,-0.02189316147803055,-0.11465369749757208,1.5000000000000002
1777379649.7191079,tb7,0.032543820241120444,-0.4804459285896061,0.17999999999999997,1.1035393870656391
1777379649.7258172,tb2,-1.22236365322087,-1.870423933220593,0.18,0.034621420774971524
1777379649.7647932,tb1,0.8912843022719896,-0.025259451936542637,-0.09682681248039907,1.5
1777379649.7650142,tb3,1.8199948184883892,-1.0165583075352433,0.18,0.8773384806794342
1777379649.769658,tb7,0.037102509631124894,-0.47590720741919484,0.18,0.9248394864990791
1777379649.7758534,tb2,-1.2147270166820423,-1.8660063496166355,0.18,0.03535619881370607
1777379649.8146887,tb1,0.8833701681800188,-0.02874027835636552,-0.08059653474835707,1.5
1777379649.8148618,tb3,1.8151716082021803,-1.0117797393446544,0.18,0.7146519695751604
1777379649.8190167,tb7,0.041711451730424086,-0.4699514841376201,0.17999999999999997,0.7580647322482416
1777379649.8259125,tb2,-1.2069720427675918,-1.8614057881949715,0.18,0.03584253168182458
1777379649.8647501,tb1,0.8769937269560135,-0.032226507246262345,-0.06580532617922491,1.5
1777379649.8649619,tb3,1.808088276375851,-1.0058450171809752,0.18,0.5615820136441666
1777379649.8690836,tb7,0.046864203690258045,-0.4620063325754036,0.17999999999999997,0.6037041012283809
1777379649.8758824,tb2,-1.1992311531646318,-1.8567952992962105,0.17999999999999997,0.03629280126982859
1777379649.9147255,tb1,0.874065480096716,-0.03535478643527755,-0.052323584825482806,1.5
1777379649.9148238,tb3,1.7993021795722524,-0.9991908538371296,0.18,0.4155219383050388
1777379649.919074,tb7,0.05060857575608476,-0.4554043700444072,0.18,0.4495896531790396
1777379649.925873,tb2,-1.1915044373277306,-1.852174616312686,0.18,0.0366980221824948
1777379649.9647975,tb3,1.7910556235023132,-0.9929752295428548,0.18000000000000002,0.2744611357258487
1777379649.9649115,tb1,0.8719808736907051,-0.03791459384385642,-0.03955131782372667,1.5
1777379649.9690392,tb7,0.05466180698798991,-0.4465424995126947,0.18,0.3020444132706391
1777379649.9758132,tb2,-1.1837920067559808,-1.8475435378207867,0.18,0.036920475915281546
1777379650.0148246,tb1,0.8704006625751252,-0.04021679082489972,-0.027316117211027953,1.5
1777379650.0148563,tb3,1.786354158212559,-0.9900166744722966,0.18000000000000002,0.13870912819924155
1777379650.019161,tb7,0.057242633807811485,-0.43998232674427223,0.17999999999999997,0.15173725456738466
1777379650.025848,tb2,-1.176093931195801,-1.8429018841533418,0.18,0.03691188069628359
1777379650.0647545,tb1,0.8704006625751252,-0.04021679082489972,-0.027256460555234056,1.5
1777379650.064958,tb3,1.786354158212559,-0.9900166744722966,0.18,0.1381729992617016
1777379650.0691526,tb7,0.057242633807811485,-0.43998232674427223,0.17999999999999997,0.15173725456738466
1777379650.075798,tb2,-1.1684101873371617,-1.838249529122517,0.18,0.037423513956648106
1777379650.1148636,tb1,0.8693634541604655,-0.04197458983440331,-0.015392792706667956,1.5
1777379650.1149764,tb3,1.7748822808773939,-0.9849935217608271,0.18,0.0037408718038378086
1777379650.119046,tb7,0.060625421135059906,-0.428682215696022,0.18,0.011891762307396792
1777379650.1257744,tb2,-1.1607409861087876,-1.8335864944139155,0.18,0.037634833718319466
1777379650.1649218,tb3,1.7685399676025808,-0.9826232211795514,0.18,-0.12722819727633655
1777379650.1648626,tb1,0.8684846372649149,-0.04378748516650016,-0.0036187671971682697,1.5
1777379650.1690028,tb7,0.06202521068146905,-0.42244279614917196,0.18,-0.1351580648317545
1777379650.175814,tb2,-1.1607409861087876,-1.8335864944139155,0.18,0.037634833718319466
1777379650.2147236,tb1,0.8680053722916021,-0.04496411667334856,0.008065034112580983,1.5
1777379650.2148337,tb3,1.758837273589692,-0.9799723907031294,0.18,-0.25841360229883087
1777379650.2189379,tb7,0.06370143199591063,-0.41251693912417553,0.18,-0.2790412031285711
1777379650.225837,tb2,-1.153086400406932,-1.8289125951873855,0.18,0.03810100726628486
1777379650.264688,tb1,0.8678023607945492,-0.04559985982522789,0.019854131852793597,1.5
1777379650.2648976,tb3,1.750481073138098,-0.9780926637613795,0.18,-0.3894457997999049
1777379650.2690942,tb7,0.06465129210552392,-0.4015409251809191,0.18,-0.4272340268118949
1777379650.2759078,tb2,-1.1454464110344444,-1.82422774208618,0.18,0.038512702087826575
1777379650.314653,tb1,0.8677836143580064,-0.04559294575265019,0.03185435203312732,1.5
1777379650.3148234,tb3,1.7409955630386997,-0.9768451202065636,0.18,-0.5218414574543451
1777379650.3189275,tb7,0.06481363945605012,-0.3933695709119551,0.18,-0.5766730460119959
1777379650.3258705,tb2,-1.1378212930434153,-1.8195319373446657,0.18,0.03908970240329683
1777379650.3647947,tb1,0.86785866422322,-0.045009209749721286,0.04427615842487217,1.5
1777379650.3649616,tb3,1.7326446329506815,-0.9760431782786031,0.18,-0.6558035279528838
1777379650.369094,tb7,0.06502015977979679,-0.3798454772173474,0.17999999999999997,-0.7347785691050249
1777379650.3759227,tb2,-1.1302112012918692,-1.8148250095477523,0.18,0.03952234764747302
1777379650.4147787,tb1,0.8679321504818271,-0.0436933986346369,0.05740816093255649,1.5
1777379650.4149218,tb3,1.730940233100927,-0.9753032508704869,0.18,-0.7907516689552423
1777379650.4192512,tb7,0.06529672770360617,-0.3668070954611173,0.17999999999999997,-0.9083329915734741
1777379650.4258523,tb2,-1.122641158525405,-1.810168597279672,0.17999999999999997,0.03926961834992153
1777379650.4646816,tb1,0.8668697056276287,-0.04333788178122645,0.07148667046869196,1.4999999999999998
1777379650.4648056,tb3,1.7249850698212716,-0.9751877729460606,0.18,-0.9337840834483492
1777379650.4690073,tb7,0.06556140548201268,-0.3546213157651822,0.18,-1.0901746087587956
1777379650.4758902,tb2,-1.1151154930357552,-1.8055404854437545,0.18,0.03958296694224222
1777379650.5146425,tb1,0.8657833136130461,-0.04320027038371611,0.08671984783347395,1.5
1777379650.5147483,tb3,1.717728804292506,-0.9759822157673036,0.18,-1.075725549315905
1777379650.5189972,tb7,0.06561220610866096,-0.3549750155422341,0.18,-1.2748438689699564
1777379650.525877,tb2,-1.1076339546684442,-1.800940015760521,0.17999999999999997,0.04008017186041394
1777379650.5646915,tb1,0.8657833136130461,-0.04320027038371611,0.08671984783347395,1.5
1777379650.564888,tb3,1.717728804292506,-0.9759822157673036,0.18,-1.075725549315905
1777379650.5689814,tb7,0.060841858704102386,-0.3378958572000268,0.17810183537013866,-1.5
1777379650.575843,tb2,-1.1000353367768105,-1.7961755841227363,0.18,0.041435802130173185
1777379650.614719,tb1,0.8647795600821174,-0.042651690261653816,0.10326496349382315,1.5
1777379650.6149323,tb3,1.7079071278376015,-0.9775490371819038,0.18,-1.2127516563326237
1777379650.6189861,tb7,0.060841858704102386,-0.3378958572000268,0.17810183537013866,-1.5
1777379650.6257505,tb2,-1.092419726058503,-1.7913609863800213,0.18,0.04295319819455848
1777379650.6647577,tb1,0.8638944261419444,-0.038899665757031396,0.12148016494982244,1.5
1777379650.6648405,tb3,1.6956671090395623,-0.9799282948781614,0.18,-1.205902623841265
1777379650.669091,tb7,0.05614177555320457,-0.32370327513347197,0.15140287290852414,-1.5
1777379650.6758451,tb2,-1.092419726058503,-1.7913609863800213,0.18,0.04295319819455848
1777379650.714785,tb3,1.6862389545651393,-0.9813298198982124,0.18,-1.0591301206154975
1777379650.7147892,tb1,0.8624089226285365,-0.034087274100550936,0.14242273418306103,1.5
1777379650.7191072,tb7,0.05688700134617938,-0.3255749154535588,0.13391493160969134,-1.5
1777379650.7259054,tb2,-1.0848204439592286,-1.7865344978591295,0.18,0.04346482107537626
1777379650.7648575,tb3,1.6774396924216708,-0.98132391861387,0.18,-0.9212418547621216
1777379650.764837,tb1,0.8604117821874537,-0.02898780289866703,0.16667760007178264,1.5
1777379650.7689934,tb7,0.05233327509251218,-0.31609944063058154,0.11516073114224389,-1.5
1777379650.7759056,tb2,-1.0772372214632886,-1.78169544561917,0.18,0.0446549245524232
1777379650.8147662,tb1,0.8574384292995643,-0.02285241525910856,0.18,1.3800873292362172
1777379650.8148234,tb3,1.6682403948158466,-0.9812637301966909,0.18,-0.791334940877786
1777379650.8190072,tb7,0.0453256456389701,-0.30273625858834863,0.09746961200525757,-1.4999999999999998
1777379650.8258789,tb2,-1.0696703630820035,-1.7768438477911501,0.18,0.046302000276592106
1777379650.864721,tb1,0.8534219022896403,-0.015881143842711932,0.18,1.1635652589668333
1777379650.8649528,tb3,1.6590359708036166,-0.9809657163711172,0.18,-0.678922504461728
1777379650.8691425,tb7,0.04786638257888524,-0.3070132299009318,0.08748171078574601,-1.4999999999999998
1777379650.875767,tb2,-1.0621204439279992,-1.7719794895154903,0.18000000000000002,0.04675209862457044
1777379650.9147797,tb1,0.8492091098035376,-0.009694763918534768,0.18,0.9700041954240948
1777379650.9148505,tb3,1.6497368933622238,-0.9802527094142938,0.18,-0.6081480936816298
1777379650.9190803,tb7,0.0429192767018592,-0.29974716934837475,0.07475266100823778,-1.5
1777379650.9257698,tb2,-1.0545878487199527,-1.767101764301944,0.18,0.04813894620268415
1777379650.9648438,tb1,0.8428453222666608,-0.0017135515809650142,0.18,0.7922173612834821
1777379650.9649947,tb3,1.6405185964569986,-0.9792340183957517,0.18,-0.5482941780264997
1777379650.9695642,tb7,0.035374609067139545,-0.28884761203575376,0.062009029927704,-1.5
1777379650.9760308,tb2,-1.047072733847287,-1.762210261457431,0.18,0.05008709260329475
1777379651.014651,tb1,0.8362307336325829,0.005512728605435166,0.18,0.6252318549301806
1777379651.0147417,tb3,1.6314682777355407,-0.978295097172564,0.18,-0.4961682320146501
1777379651.0190215,tb7,0.028775845507378252,-0.27835485162565043,0.05042217373244548,-1.5
1777379651.0258594,tb2,-1.0395757841239042,-1.7573046411177466,0.18,0.05183504255466186
1777379651.064787,tb1,0.8324337853177433,0.009164200818825735,0.18,0.4636561161514035
1777379651.0648284,tb3,1.6224233898728524,-0.9769752071085702,0.17999999999999997,-0.44630693178856823
1777379651.0689926,tb7,0.03303195164823876,-0.28304959916691524,0.04415713081618609,-1.5
1777379651.0757675,tb2,-1.0320976154461554,-1.7523842318315836,0.17999999999999997,0.05163194266071649
1777379651.1148386,tb1,0.8324337853177433,0.009164200818825735,0.18,0.46613714362271524
1777379651.114877,tb3,1.6224233898728524,-0.9769752071085702,0.18,-0.44733658687640476
1777379651.1191158,tb7,0.03303195164823876,-0.28304959916691524,0.04415713081618609,-1.5
1777379651.125822,tb2,-1.0246380455028803,-1.747448176612389,0.18,0.05132746152107404
1777379651.1648004,tb1,0.8290583601819329,0.011933489019107171,0.18,0.31345601405427437
1777379651.1649005,tb3,1.613387287753368,-0.9752193081707587,0.18,-0.40863431428996283
1777379651.1690817,tb7,0.03758327865005677,-0.28766436707634185,0.03816526226743711,-1.5
1777379651.1759348,tb2,-1.0246380455028803,-1.747448176612389,0.18,0.05132746152107404
1777379651.2147443,tb1,0.8231852332963997,0.01588368922332416,0.18,0.1666534717678508
1777379651.2148418,tb3,1.6044027788660908,-0.9732645723691609,0.18,-0.36955882193804984
1777379651.219003,tb7,0.03005313610357144,-0.2805750828076049,0.028392392761203582,-1.5
1777379651.225854,tb2,-1.017208577301761,-1.7425367776725191,0.18,0.05309765180394374
1777379651.2647936,tb1,0.8118570520454532,0.022543401920770378,0.18,0.0180390956828007
1777379651.2649322,tb3,1.5954857224916705,-0.9711683835036898,0.18,-0.33402003484461124
1777379651.2690456,tb7,0.02161323836295147,-0.2731957830194088,0.0190042125434176,-1.5
1777379651.2759805,tb2,-1.0098237285545588,-1.7376638236444808,0.18,0.05575313362662584
1777379651.3147554,tb1,0.8090569153539363,0.02392311946063453,0.18,-0.12401852529379746
1777379651.3148909,tb3,1.5866326199248673,-0.9691316575608322,0.18,-0.30381006861176524
1777379651.3191087,tb7,0.02796409535400662,-0.2782844683697732,0.014780390258703634,-1.5
1777379651.3258212,tb2,-1.0024822658293933,-1.7328200064493362,0.18,0.05525855247619139
1777379651.3647337,tb1,0.7969428270869976,0.028838135000223444,0.18,-0.2769983104541857
1777379651.3648229,tb3,1.5778183795027834,-0.966673291594544,0.18,-0.2763382958748192
1777379651.369021,tb7,0.034733010100627695,-0.28333247249786553,0.011319855387206834,-1.5
1777379651.3758337,tb2,-0.9950758524199059,-1.7278501920433254,0.18,0.055864776107492964
1777379651.4147532,tb1,0.790831660962752,0.03096885956834149,0.18,-0.4184713908098424
1777379651.4148715,tb3,1.5690639198838416,-0.9640879096237617,0.18,-0.25219951968268584
1777379651.41917,tb7,0.026566205570062538,-0.27779638616189095,0.00286350084437962,-1.5
1777379651.4258566,tb2,-0.987632434495396,-1.72278469810491,0.18,0.05768812538003783
1777379651.4646041,tb1,0.7805515018478819,0.03349868802152434,0.18,-0.568388755559555
1777379651.4647813,tb3,1.560362944254724,-0.961394949252517,0.18,-0.23020157390207568
1777379651.4689906,tb7,0.018590300234949706,-0.272407465744137,-0.005183943284078182,-1.5
1777379651.4757886,tb2,-0.9802091189383929,-1.7177026479891175,0.18,0.0599976288058748
1777379651.5146277,tb1,0.7661329611684123,0.03657739096212559,0.18,-0.7321758161720648
1777379651.5147684,tb3,1.5516919549172952,-0.9587550550110768,0.17999999999999997,-0.20846595213203467
1777379651.519018,tb7,0.010684274231088645,-0.26724665215823407,-0.012919411264141398,-1.5
1777379651.5258286,tb2,-0.9728067981834128,-1.7126036465220789,0.18,0.06274307764888994
1777379651.5647607,tb1,0.7661329611684123,0.03657739096212559,0.18,-0.7321758161720648
1777379651.5648525,tb3,1.5516919549172952,-0.9587550550110768,0.17999999999999997,-0.20846595213203467
1777379651.5689275,tb7,0.006910255445715698,-0.2651664155120157,-0.01950820926109119,-1.5
1777379651.575895,tb2,-0.9654264037077854,-1.7074869392629999,0.18,0.0640070389130071
1777379651.6148353,tb3,1.543066436877504,-0.9558469587185348,0.18,-0.191377993225452
1777379651.6148202,tb1,0.7567846338101955,0.038566591815480514,0.18,-0.8978142997695365
1777379651.6190586,tb7,0.006910255445715698,-0.2651664155120157,-0.01950820926109119,-1.5
1777379651.6258087,tb2,-0.958068348722037,-1.7023513823890128,0.18,0.062261743762667264
1777379651.6648173,tb3,1.5344820406513897,-0.9528527289032234,0.18,-0.17684065990165793
1777379651.6648607,tb1,0.7535100388495716,0.03864092188458583,0.18,-1.0666585552227967
1777379651.669052,tb7,0.01595631882386833,-0.2695471903195717,-0.02204410901385388,-1.5
1777379651.6758773,tb2,-0.958068348722037,-1.7023513823890128,0.18,0.062261743762667264
1777379651.7146797,tb1,0.7354222278233609,0.03849795623835555,0.17999999999999997,-1.2846435712528341
1777379651.7148473,tb3,1.5259365267113199,-0.9498036196360886,0.18,-0.1613919052601851
1777379651.7189136,tb7,0.019755006240181196,-0.27133080203714366,-0.025232291271360088,-1.5
1777379651.7257376,tb2,-0.9507316081625695,-1.6971960709477047,0.18,0.06353269812486242
1777379651.7647822,tb1,0.7208518449444581,0.03800409775525376,0.1786538889847682,-1.5
1777379651.7648468,tb3,1.5174191530281205,-0.9467225782709988,0.18,-0.14631596580203132
1777379651.769011,tb7,0.012529166745373183,-0.2684330952664931,-0.032012351179446376,-1.5
1777379651.7758508,tb2,-0.9434164072317958,-1.692021714724791,0.18,0.06625696158982983
1777379651.814689,tb1,0.7225753767060085,0.038214265362159806,0.1585987543446655,-1.5
1777379651.8148916,tb3,1.5089384984071745,-0.9434981261638411,0.18,-0.13637382863488115
1777379651.819097,tb7,0.012788711085703374,-0.2684378463590255,-0.037249358652108634,-1.5
1777379651.8258228,tb2,-0.9361236896066614,-1.6868285869768345,0.17999999999999997,0.06537641145077074
1777379651.864738,tb1,0.7104702143704721,0.035740171634240724,0.13594279899324624,-1.5
1777379651.864846,tb3,1.500494441991729,-0.9402158219674067,0.18,-0.12695902825564775
1777379651.8691368,tb7,0.022670294299323972,-0.27171188150187564,-0.03819473126073738,-1.5
1777379651.8757677,tb2,-0.9288542448548149,-1.6816159364291132,0.18,0.06465310776816689
1777379651.9147258,tb1,0.692762147166904,0.0316391782122138,0.11523098887961686,-1.5
1777379651.914794,tb3,1.4920751566446953,-0.9369365968197115,0.18,-0.11618448883704983
1777379651.919092,tb7,0.021499368328292717,-0.2714478701939621,-0.04222443103195757,-1.5
1777379651.925851,tb2,-0.9216071608561114,-1.676383006927159,0.18,0.06678495596395322
1777379651.9646974,tb1,0.6784577310171742,0.02847006102919801,0.09829945278433436,-1.5
1777379651.964833,tb3,1.4836771454878275,-0.933556248175004,0.18,-0.10678488556157495
1777379651.9690237,tb7,0.015213714049651666,-0.2695026811899566,-0.048197985712954014,-1.5
1777379651.975799,tb2,-0.9143905746270417,-1.6711910107146628,0.18,0.06949106685431336
1777379652.014658,tb1,0.6837703338071827,0.03043631801831159,0.08923457333436853,-1.5
1777379652.014755,tb3,1.475307252341271,-0.9301177293173546,0.18,-0.10111238845130419
1777379652.0192623,tb7,0.009023969416477023,-0.2674063558071477,-0.05561634865016276,-1.5
1777379652.02583,tb2,-0.9072163505632127,-1.6660351213805635,0.18,0.06939272876609259
1777379652.0648534,tb3,1.4669631384492288,-0.9266468805994096,0.18,-0.09535987708308269
1777379652.0649476,tb1,0.6715790439366192,0.025061266788356663,0.07556590130994198,-1.5
1777379652.0690024,tb7,0.0029056514830551254,-0.26532525635606535,-0.061952540004650544,-1.5
1777379652.075853,tb2,-0.9000843626554004,-1.6609103267128897,0.18,0.07197955329551706
1777379652.114664,tb1,0.6715790439366192,0.025061266788356663,0.07605260582691645,-1.5
1777379652.1147733,tb3,1.4669631384492288,-0.9266468805994096,0.18,-0.09373919313159296
1777379652.118921,tb7,0.0029056514830551254,-0.26532525635606535,-0.061952540004650544,-1.5
1777379652.1257117,tb2,-0.8928680857096378,-1.6555713066881903,0.18,0.07088622479699787
1777379652.1647136,tb1,0.6659440406342909,0.02239577575413794,0.06492581586455932,-1.5
1777379652.1648316,tb3,1.4586370346319024,-0.9231667407479952,0.17999999999999997,-0.08903474982468196
1777379652.1690874,tb7,0.010815463965923765,-0.2666981451605748,-0.06335558442775442,-1.5
1777379652.1758587,tb2,-0.8856641470095991,-1.650187248443616,0.18,0.07003998584504129
1777379652.2148478,tb1,0.6716955563059823,0.025607632047455683,0.05854375514100723,-1.5
1777379652.214936,tb3,1.450323948135314,-0.9196045461806202,0.18,-0.0851381862245655
1777379652.2190833,tb7,0.006211987946014883,-0.26600389952641995,-0.06983685352951254,-1.5
1777379652.2259479,tb2,-0.8856641470095991,-1.650187248443616,0.18,0.07003998584504129
1777379652.2647305,tb1,0.6609666644607708,0.01886003954309402,0.047555626828151835,-1.5
1777379652.264808,tb3,1.442035366089556,-0.9160082394578867,0.18,-0.08080126845448021
1777379652.2690837,tb7,0.014677859949121462,-0.2670588226348778,-0.07002434904318154,-1.5
1777379652.2758331,tb2,-0.8784841455352697,-1.6447817524392367,0.18,0.06937824646653869
1777379652.3147514,tb1,0.6581218363143485,0.01702760310289416,0.03984990128591002,-1.5
1777379652.3149137,tb3,1.433769584396247,-0.9124111766908148,0.18,-0.07692150813452034
1777379652.3194082,tb7,0.013240174113524012,-0.2669351692023441,-0.07414711645103651,-1.5
1777379652.3258429,tb2,-0.8713283142129462,-1.639355285724786,0.18,0.06945951603753267
1777379652.3647377,tb3,1.425507980035578,-0.9087438350293287,0.18,-0.07577680490677989
1777379652.3646758,tb1,0.663665356596403,0.021435439490407292,0.03440136341300383,-1.5
1777379652.3688931,tb7,0.020681334380679203,-0.2675453107253217,-0.0752281240107873,-1.5
1777379652.3758068,tb2,-0.8641965041173565,-1.6339079209508598,0.18,0.0665607768315027
1777379652.414692,tb1,0.6560209647369453,0.015105371871792332,0.026260053842036755,-1.5
1777379652.414826,tb3,1.4172678540608776,-0.9050478675736717,0.18,-0.07196232705867966
1777379652.4190493,tb7,0.018800378107699318,-0.26743124906972565,-0.07846770992030833,-1.5
1777379652.4257772,tb2,-0.8570885512876991,-1.6284397257426124,0.18,0.06773507703875441
1777379652.4647546,tb1,0.6477352809474889,0.007592861777453057,0.01758553287130759,-1.5
1777379652.4648533,tb3,1.4090508296969537,-0.9013476089864875,0.18,-0.06921760850810352
1777379652.4690049,tb7,0.026482659721415593,-0.26784193136447304,-0.07744345588882212,-1.5
1777379652.4758334,tb2,-0.8500039015577453,-1.6229513657870236,0.18,0.06728079358798028
1777379652.5146646,tb1,0.6401146072952525,9.445546626659295e-05,0.00953361787627137,-1.5
1777379652.514754,tb3,1.4008348501570151,-0.8975889602338368,0.18,-0.06634317458528105
1777379652.5189466,tb7,0.0272742725925243,-0.26785373479898494,-0.07878738707466934,-1.5
1777379652.525849,tb2,-0.8429432881746972,-1.617443270772066,0.18,0.0681396343750386
1777379652.5650306,tb1,0.6417354802340547,0.0019714667395231544,0.0043745110882534785,-1.5
1777379652.5653868,tb3,1.3926390984657426,-0.8938057309373038,0.18,-0.0641365353884226
1777379652.5690043,tb7,0.02980479230982073,-0.2679453998194755,-0.07978083336712048,-1.5
1777379652.5758247,tb2,-0.835906806209748,-1.6119154962767348,0.18,0.06712579096182454
1777379652.6146655,tb1,0.6417354802340547,0.0019714667395231544,0.004335481312839813,-1.5
1777379652.6148593,tb3,1.3926390984657426,-0.8938057309373038,0.18,-0.06542327913607007
1777379652.6189177,tb7,0.02980479230982073,-0.2679453998194755,-0.07978083336712048,-1.5
1777379652.6256838,tb2,-0.8288942964351057,-1.6063677738172137,0.18,0.06544814679401734
1777379652.6647599,tb1,0.6448296944282174,0.005420049217621453,-0.00033684981007572163,-1.5
1777379652.664908,tb3,1.3844636396203707,-0.8900180142191582,0.18,-0.0653237859858639
1777379652.6690218,tb7,0.03467559674207007,-0.2680464506928579,-0.07945733161839827,-1.5
1777379652.675917,tb2,-0.8219032691908932,-1.6008346702758236,0.18,0.06421437876934429
1777379652.7147887,tb1,0.6391582261219428,-0.0016856002721680318,-0.0073001903497319255,-1.5
1777379652.7147946,tb3,1.3762882473550848,-0.8861794200305665,0.18,-0.06367698023399629
1777379652.7190123,tb7,0.038694462881340444,-0.26809826431077616,-0.07821391429611313,-1.5
1777379652.72577,tb2,-0.8219032691908932,-1.6008346702758236,0.18,0.06562861336963151
1777379652.7646885,tb1,0.6421717680424672,0.0024856048253791576,-0.011033424087858427,-1.5
1777379652.764814,tb3,1.3681318951933352,-0.8823186392369985,0.18,-0.06279273735130471
1777379652.7690144,tb7,0.03628929709531343,-0.26779410740106463,-0.0800597195613191,-1.5
1777379652.7757554,tb2,-0.8149470010514376,-1.5953556581577508,0.18,0.06577727152702702
1777379652.8147848,tb1,0.6421899486092686,0.0023524184702063394,-0.015477068769884927,-1.5
1777379652.8148713,tb3,1.359990693832407,-0.8784422888771005,0.18,-0.06159883025882281
1777379652.819118,tb7,0.03377836141112815,-0.2673043520687764,-0.08171040540043868,-1.5
1777379652.8258965,tb2,-0.808031520552457,-1.5899094731912382,0.18,0.06653055486028986
1777379652.8647716,tb3,1.3518565719852957,-0.8745272081679354,0.18,-0.05999298696511426
1777379652.864705,tb1,0.6388633148674852,-0.0027946503062204514,-0.020835815289130522,-1.5
1777379652.8689115,tb7,0.03131965399753412,-0.26681492466975915,-0.08306067223976824,-1.5
1777379652.8758414,tb2,-0.8010873371228368,-1.5843307347911895,0.18,0.06792037598377128
1777379652.9147208,tb1,0.64380558005688,0.005479089817397958,-0.023753692272534502,-1.5
1777379652.914908,tb3,1.3437426524948184,-0.8706004750450911,0.18,-0.06120238414809875
1777379652.918927,tb7,0.03842368774580679,-0.2667202155430405,-0.08087648017539754,-1.5
1777379652.92577,tb2,-0.7941244978351013,-1.578633370109063,0.18,0.0656496013781525
1777379652.9651344,tb1,0.6406461214172545,-0.00023164799740753436,-0.02890593508174112,-1.5
1777379652.9654176,tb3,1.3356316538486923,-0.8666351427551805,0.18,-0.06068809664183921
1777379652.969439,tb7,0.042125233224511636,-0.2667526070589592,-0.07916723942032536,-1.5
1777379652.9763768,tb2,-0.7871860118337628,-1.572916994999675,0.18,0.06560833154766754
1777379653.0147305,tb1,0.6370924874690078,-0.006189862830788717,-0.0339071860975929,-1.5
1777379653.0148747,tb3,1.327541878607573,-0.8626571755227438,0.18,-0.059404018760824386
1777379653.0190008,tb7,0.04013834658373532,-0.2667492780880524,-0.0796888788777715,-1.5
1777379653.0259109,tb2,-0.7802710387544869,-1.5671816966753933,0.18,0.06714179593612192
1777379653.064764,tb3,1.3194549136373421,-0.8586426158375418,0.18,-0.05919694123339263
1777379653.0647497,tb1,0.6348478960343734,-0.009514420655211202,-0.038708470417307586,-1.5
1777379653.068912,tb7,0.043282765071373235,-0.2667319816469375,-0.07803080357397926,-1.5
1777379653.0758543,tb2,-0.7733803748184549,-1.5614282537545523,0.18,0.06722965151245877
1777379653.114813,tb1,0.6390668215803637,-0.00019596174618745926,-0.0413151315600409,-1.5
1777379653.1148531,tb3,1.3113886082953312,-0.8546148446035866,0.18,-0.061266121686068174
1777379653.1189437,tb7,0.05302540635328576,-0.26676808871802743,-0.0740083754823332,-1.5
1777379653.125868,tb2,-0.7665143950181771,-1.555656297022165,0.18,0.06451405203491554
1777379653.164796,tb1,0.6390668215803637,-0.00019596174618745926,-0.0413151315600409,-1.5
1777379653.164886,tb3,1.3113886082953312,-0.8546148446035866,0.18,-0.061266121686068174
1777379653.16956,tb7,0.05684353743666202,-0.26681064002641997,-0.07200010062030339,-1.5
1777379653.1758332,tb2,-0.7596721295907544,-1.549865285160369,0.18,0.06419016431923656
1777379653.2148628,tb1,0.6390679851090043,-0.0003583475689169632,-0.045084685173966355,-1.5
1777379653.2149248,tb3,1.3033257512636827,-0.8505520135072878,0.18,-0.06166353301541607
1777379653.2190473,tb7,0.05684353743666202,-0.26681064002641997,-0.07200010062030339,-1.5
1777379653.2257938,tb2,-0.7528533860971294,-1.544056219062604,0.18,0.06586017062949033
1777379653.2648244,tb1,0.6368503815250329,-0.006046631379833541,-0.0493768034990894,-1.5
1777379653.2648764,tb3,1.2952813264295426,-0.846472228063513,0.18,-0.06085958066522275
1777379653.2689564,tb7,0.05475235555987219,-0.26679081758448925,-0.07216806938083728,-1.5
1777379653.2757857,tb2,-0.7528533860971294,-1.544056219062604,0.18,0.06586017062949033
1777379653.314738,tb1,0.6354877168952368,-0.009695590267423119,-0.053687069240065034,-1.5
1777379653.3149314,tb3,1.2872450417996484,-0.8423607428244352,0.18,-0.06110073134268088
1777379653.3190024,tb7,0.058477888210319906,-0.2668184240289985,-0.06981647389664031,-1.5
1777379653.3258383,tb2,-0.7460592361941663,-1.5382297444509536,0.18,0.0658669302327067
1777379653.3648617,tb3,1.2792241246533143,-0.8382307207174177,0.18,-0.06331025104360735
1777379653.364836,tb1,0.6388439908323902,0.0002951707457797384,-0.055963025586402884,-1.5
1777379653.3690321,tb7,0.06766507682908039,-0.2669763335181747,-0.06547689505178193,-1.5
1777379653.375956,tb2,-0.7392895492738576,-1.532385195023875,0.18,0.06362316665370485
1777379653.4148412,tb3,1.271216715102231,-0.8340753701449415,0.18,-0.06518639771433789
1777379653.41482,tb1,0.6411901543112701,0.007643300758942567,-0.058558349656845206,-1.5
1777379653.4189909,tb7,0.07553050810664527,-0.26703067051919005,-0.06163686150949279,-1.5
1777379653.4258509,tb2,-0.7325413320917895,-1.5265486316287455,0.18,0.061917979750187285
1777379653.4647725,tb1,0.6398362791306741,0.00287584171794674,-0.062363057269788885,-1.5
1777379653.4648678,tb3,1.2632172752919688,-0.8298886556285042,0.18,-0.06521115118271403
1777379653.4691122,tb7,0.07710462228630309,-0.26701608458959963,-0.05996014775955682,-1.5
1777379653.4758766,tb2,-0.7258236436306938,-1.5207697948603625,0.18,0.06256008184206269
1777379653.5147426,tb1,0.6385297484141361,-0.001768676814697806,-0.06601100134262326,-1.5
1777379653.514871,tb3,1.2552331336252316,-0.8256792538077232,0.18,-0.06474229465087533
1777379653.5190403,tb7,0.07540244684672388,-0.2669284809330749,-0.059566028507945644,-1.5
1777379653.5257819,tb2,-0.7191453136087874,-1.5150255005906599,0.18,0.06409633686463335
1777379653.5647335,tb1,0.6378764320931042,-0.0036948926954836927,-0.06931575075931644,-1.5
1777379653.5648284,tb3,1.247262386144344,-0.8214431658433081,0.18,-0.06462957475643988
1777379653.5690727,tb7,0.0742446496186209,-0.2668393230690594,-0.059009443876299576,-1.5
1777379653.575823,tb2,-0.7124491526245609,-1.5091616665786003,0.18,0.06554763284925688
1777379653.6146715,tb1,0.6402909507219061,0.007069457520561788,-0.07106182508546043,-1.5
1777379653.614805,tb3,1.2393053962862153,-0.8171814488273138,0.18,-0.06662557199815353
1777379653.619052,tb7,0.0807125699797764,-0.2671283870874879,-0.055333251386615157,-1.5
1777379653.6257896,tb2,-0.7057362135129908,-1.5031712305858407,0.18,0.06444144264186148
1777379653.6645858,tb1,0.6408006162547355,0.00925752122429034,-0.0733794348256911,-1.5
1777379653.664689,tb3,1.2313605539843422,-0.8128910219300841,0.18,-0.06698710621987561
1777379653.668941,tb7,0.07980284152188141,-0.26708138755765093,-0.05432750852294236,-1.5
1777379653.6757154,tb2,-0.6990477417621709,-1.4971636001507491,0.18,0.06571802332245054
1777379653.7145529,tb1,0.6400975321650507,0.005491608296716202,-0.0766303780154768,-1.5
1777379653.714717,tb3,1.223429512515223,-0.8085736218219925,0.18,-0.06775171848436835
1777379653.718965,tb7,0.08310761059891711,-0.26727970507198584,-0.05118155583301048,-1.5
1777379653.725827,tb2,-0.6923837775265973,-1.491139027133636,0.18,0.06613446759650365
1777379653.7647202,tb1,0.6400975321650507,0.005491608296716202,-0.0766303780154768,-1.5
1777379653.7648497,tb3,1.223429512515223,-0.8085736218219925,0.18,-0.06775171848436835
1777379653.7690942,tb7,0.08310761059891711,-0.26727970507198584,-0.05118155583301048,-1.5
1777379653.7757204,tb2,-0.6857448191618971,-1.4850973776701748,0.18,0.0661922646608923
1777379653.814775,tb1,0.6408235787565661,0.01004995471346484,-0.07869799507105465,-1.5
1777379653.8148773,tb3,1.215512746513077,-0.8042293760809763,0.18,-0.06898935312441816
1777379653.8189738,tb7,0.08651067839258686,-0.26754409540477564,-0.047881091407530586,-1.5
1777379653.8256683,tb2,-0.6791308595933851,-1.479038397303111,0.18,0.06544599002204302
1777379653.8647575,tb1,0.6425380409389144,0.021078660861076653,-0.07968052117449903,-1.5
1777379653.8648791,tb3,1.207610659722,-0.7998582829105533,0.18,-0.07017914600534546
1777379653.8690522,tb7,0.08713530452231288,-0.2676116402437412,-0.04550019335874208,-1.5
1777379653.8758423,tb2,-0.6791308595933851,-1.479038397303111,0.18,0.06684165004738254
1777379653.914687,tb1,0.6427640830619861,0.022357145533773735,-0.08170218321267897,-1.5
1777379653.9147787,tb3,1.1997230665030187,-0.7954598028068014,0.18,-0.07104376905569383
1777379653.9190736,tb7,0.08824225811208862,-0.2677224310993948,-0.042491237347396356,-1.5
1777379653.9257915,tb2,-0.6725416396483715,-1.4729620109217734,0.18,0.06779026358127221
1777379653.9646938,tb1,0.6422253939104364,0.019143163827328988,-0.08428721569445063,-1.5
1777379653.9647813,tb3,1.1918504435499446,-0.7910334990071581,0.18,-0.07187924493444041
1777379653.9689436,tb7,0.09031167506863391,-0.2679672035961798,-0.03867375307354842,-1.5
1777379653.9758096,tb2,-0.6659780333681325,-1.4668687553676807,0.18,0.06855068567115181
1777379654.0147948,tb3,1.1839932211389,-0.7865790774797492,0.18,-0.07264561515714048
1777379654.014766,tb1,0.6416867200040567,0.015980171388109737,-0.08685647229533827,-1.5
1777379654.0190418,tb7,0.09167649565441807,-0.26815506164361286,-0.034718047760080716,-1.5
1777379654.025808,tb2,-0.6594403496033998,-1.4607581512605021,0.18,0.06947999475810271
1777379654.0646732,tb1,0.641381937754682,0.013100069950678871,-0.08933416337620552,-1.5
1777379654.0647793,tb3,1.1761517274967275,-0.7820962572089636,0.18,-0.07343720271888403
1777379654.0689762,tb7,0.09240239387197494,-0.2682645104060804,-0.029709933856438282,-1.5
1777379654.0758302,tb2,-0.6529289059455091,-1.454629942778758,0.18,0.07052672826765265
1777379654.1147404,tb1,0.6419505955689347,0.020131947754563197,-0.09048805803045512,-1.5
1777379654.1148098,tb3,1.168326249388724,-0.777584752085485,0.18,-0.07462828856395838
1777379654.1189845,tb7,0.09328062876162686,-0.2684431619118834,-0.017742094239632175,-1.5
1777379654.125828,tb2,-0.6464391359067511,-1.4485249073820734,0.18,0.07135060598120442
1777379654.1646707,tb1,0.6428354488350726,0.031570156723614004,-0.09103964033196055,-1.5
1777379654.1647823,tb3,1.1605170105421412,-0.7730441758224121,0.18,-0.0759378843007153
1777379654.168878,tb7,0.09380722154692932,-0.2683985122978814,-0.005800049884110098,-1.5
1777379654.1758974,tb2,-0.6399817801025489,-1.4424724164103755,0.18,0.07228692564077369
1777379654.2146685,tb1,0.6427464462231319,0.029925785758577527,-0.09271147394626095,-1.5
1777379654.2147517,tb3,1.1527243314361475,-0.7684740360910244,0.18,-0.07693593700213347
1777379654.2190304,tb7,0.09425202956875278,-0.26789105770673655,0.006325049984517633,-1.5
1777379654.22586,tb2,-0.6335621867335415,-1.4364561442880286,0.18,0.073545553525871
1777379654.2654676,tb1,0.6427186015941604,0.02985837759611144,-0.09438856655241672,-1.5
1777379654.265562,tb3,1.1449487050158644,-0.7638739503685503,0.18,-0.07685349493738726
1777379654.2688951,tb7,0.09487439647851838,-0.2674586833209566,0.018835594443917344,-1.5
1777379654.2758121,tb2,-0.6271110771031769,-1.430244762254025,0.18,0.07454031896015009
1777379654.3147452,tb1,0.6427186015941604,0.02985837759611144,-0.094174811455214,-1.5
1777379654.314861,tb3,1.1449487050158644,-0.7638739503685503,0.18,-0.0780734413204867
1777379654.3189712,tb7,0.09487439647851838,-0.2674586833209566,0.018835594443917344,-1.5
1777379654.3257718,tb2,-0.6206737145579364,-1.4239686617077663,0.18,0.07545177023043032
1777379654.364797,tb3,1.137190744216866,-0.7592439567419693,0.18,-0.07950674132067606
1777379654.3647933,tb1,0.6432606317378952,0.041230632210008555,-0.09412422335402912,-1.5
1777379654.3690915,tb7,0.0949830174733391,-0.26696225653038574,0.03156565001578784,-1.5
1777379654.3758311,tb2,-0.6206737145579364,-1.4239686617077663,0.18,0.07545177023043032
1777379654.4147146,tb1,0.6434796875082015,0.04584257723118663,-0.09454728055687064,-1.5
1777379654.4147933,tb3,1.1294502937106345,-0.754583572038396,0.18,-0.08059535557236386
1777379654.4189918,tb7,0.09368450317071735,-0.26607185673989003,0.044348934576962734,-1.5
1777379654.4257765,tb2,-0.614264896296664,-1.4176736365733429,0.18,0.07688220061231198
1777379654.4647627,tb1,0.6434139958369909,0.04406807709446946,-0.09545858543472577,-1.5
1777379654.4648743,tb3,1.1217277678376651,-0.7498922661132642,0.18,-0.08151681019332613
1777379654.4690177,tb7,0.09190511724951439,-0.2646469132357479,0.05779617658586124,-1.5
1777379654.4759297,tb2,-0.6078846048612646,-1.4113593309716344,0.18,0.07862308129331816
1777379654.5147014,tb1,0.6436523814519308,0.052839725993814445,-0.09501874872686988,-1.5
1777379654.5148096,tb3,1.1140237359225051,-0.7451696935091453,0.18,-0.08257484642939425
1777379654.5190458,tb7,0.08971005579474886,-0.26262149676146446,0.0720710315606989,-1.5
1777379654.5258126,tb2,-0.6015336480658342,-1.4050260210611918,0.18,0.08038140315377731
1777379654.5647492,tb1,0.6438219770160263,0.06264079601326632,-0.09442420661651979,-1.5
1777379654.564829,tb3,1.1063385818846212,-0.7404155084218901,0.18,-0.083636834509497
1777379654.5689733,tb7,0.08719848377790433,-0.2599342192551973,0.08756756058502067,-1.5000000000000002
1777379654.5758946,tb2,-0.5952128277701105,-1.3986733681303531,0.18,0.08218112517019624
1777379654.6147177,tb1,0.6439777965274123,0.0723137031011722,-0.0938255586032164,-1.5
1777379654.6147566,tb3,1.0986727033533372,-0.7356293349238554,0.18,-0.08473477121306501
1777379654.618941,tb7,0.08439059352576099,-0.25643151640963563,0.10465011300932353,-1.5
1777379654.6257446,tb2,-0.5889228391564076,-1.3923007866561186,0.18,0.08402451941852222
1777379654.6645772,tb1,0.6440169331804093,0.0748573254141828,-0.09374222283278755,-1.5
1777379654.6647508,tb3,1.0910265083601751,-0.7308108117751718,0.18,-0.08584518230081996
1777379654.668875,tb7,0.08138668806505571,-0.25206724039147127,0.12393634966703072,-1.5
1777379654.6757798,tb2,-0.5826644152332443,-1.3859077891751816,0.18,0.08590548070765008
1777379654.714712,tb1,0.644141983133033,0.08385181705321713,-0.09267173345061429,-1.5
1777379654.7148306,tb3,1.0834004123479501,-0.7259595801135083,0.18,-0.08709187310287905
1777379654.7190115,tb7,0.07824307597518879,-0.2466701390280241,0.1461399936347813,-1.5
1777379654.7258863,tb2,-0.5764383127147796,-1.3794938907525973,0.18,0.08775324231100372
1777379654.7646177,tb1,0.6441364048824858,0.08327507220090953,-0.0922380842209586,-1.5
1777379654.7646859,tb3,1.0757947986496936,-0.7210752185991245,0.17999999999999997,-0.08837563245846568
1777379654.769145,tb7,0.07504336054045373,-0.2400834461787998,0.1724222314732465,-1.5
1777379654.7759259,tb2,-0.5702444626382632,-1.373061666387809,0.18,0.08959565774074567
1777379654.814707,tb1,0.6442567911467896,0.0916012929166979,-0.09119966525912152,-1.5
1777379654.8148377,tb3,1.068210113727099,-0.716157264131738,0.17999999999999997,-0.08867805920352287
1777379654.8190026,tb7,0.07223026617321089,-0.23287208709004603,0.18,-1.316616994951835
1777379654.8258843,tb2,-0.5640723009905296,-1.3666877929444439,0.18,0.09134775370308468
1777379654.8648028,tb1,0.6442567911467896,0.0916012929166979,-0.09068581998867928,-1.5
1777379654.8649585,tb3,1.068210113727099,-0.716157264131738,0.18,-0.08995139235162095
1777379654.8698497,tb7,0.06983695548304657,-0.22617259188159053,0.18000000000000002,-1.0891635305390224
1777379654.8758533,tb2,-0.5579364926672615,-1.360352084653212,0.18,0.09311007825712081
1777379654.914697,tb1,0.6442582841844833,0.09172904261343422,-0.08962918534861623,-1.5
1777379654.9148319,tb3,1.0606470739052911,-0.7112056660701432,0.18,-0.09179025737579509
1777379654.9189193,tb7,0.06983695548304657,-0.22617259188159053,0.18,-1.0901326782794714
1777379654.9256966,tb2,-0.551817662491179,-1.3539522006312226,0.18,0.0949905315151623
1777379654.9651103,tb1,0.6443748913763208,0.09741447906160572,-0.08771034163357283,-1.5
1777379654.9652784,tb3,1.0531056987650593,-0.7062199461048456,0.18,-0.09386441763665437
1777379654.969727,tb7,0.06744302579158772,-0.21677876678348879,0.18,-0.88695503441246
1777379654.9763901,tb2,-0.551817662491179,-1.3539522006312226,0.18,0.0949905315151623
1777379655.0147874,tb1,0.644522219639756,0.10262109751352705,-0.08557979987787603,-1.5
1777379655.0148578,tb3,1.0455863960685892,-0.7011994238634636,0.18,-0.09625513201865658
1777379655.0190306,tb7,0.06564143372002886,-0.20694821097011548,0.17999999999999997,-0.695801797971009
1777379655.0259118,tb2,-0.5457044504570018,-1.3473713578071036,0.18,0.09618301123482179
1777379655.0648227,tb3,1.0380896658730252,-0.6961432466384372,0.17999999999999997,-0.0990605804638074
1777379655.064802,tb1,0.6446022521131859,0.10477330175088906,-0.08343966424993388,-1.5
1777379655.069021,tb7,0.06516722507360853,-0.20111029204335734,0.18,-0.5067074316296882
1777379655.075839,tb2,-0.5396262916698513,-1.340765947598825,0.18,0.0967418974780913
1777379655.11482,tb3,1.0306162549794786,-0.691050431578225,0.17999999999999997,-0.10221640185186336
1777379655.1148033,tb1,0.6448244102234674,0.1142318679685522,-0.08048138119011675,-1.5
1777379655.118982,tb7,0.0651556032284699,-0.19048732450877512,0.18,-0.3261213735118154
1777379655.1258364,tb2,-0.5335845550116717,-1.3341369986479605,0.18,0.0970256480639294
1777379655.1647594,tb1,0.6450846518550022,0.1236921769365402,-0.07758482145000327,-1.5
1777379655.1647594,tb3,1.0231669744683984,-0.6859198510494859,0.17999999999999997,-0.10572842265031411
1777379655.1688848,tb7,0.06587885174322736,-0.17842002823769415,0.17999999999999997,-0.14763819912252513
1777379655.175811,tb2,-0.5275794748186159,-1.3274841809025864,0.18,0.09698785551845793
1777379655.2147665,tb3,1.0157427237355843,-0.6807501694729494,0.18,-0.10925863342975932
1777379655.2147322,tb1,0.645299604612493,0.1268817474721879,-0.07497606748033264,-1.5
1777379655.218993,tb7,0.06642104760536435,-0.1744549026596377,0.18,0.02799891917416575
1777379655.2257652,tb2,-0.5216112177594527,-1.3208074070960258,0.18,0.09709978032043641
1777379655.2646527,tb1,0.6454805313331936,0.12915423737584633,-0.07200962364895629,-1.5
1777379655.264754,tb3,1.0083446905777458,-0.675540073822701,0.18,-0.11342570347967222
1777379655.2689314,tb7,0.06879282989362882,-0.1637403496788899,0.18,0.21317280626864518
1777379655.275804,tb2,-0.5156799076611018,-1.3141067609241912,0.18,0.09641296862956236
1777379655.3146265,tb1,0.6458611250696025,0.13305595666741307,-0.06600403852612342,-1.5
1777379655.314758,tb3,1.000973958644728,-0.6702880307709254,0.18,-0.1183348738873487
1777379655.3188848,tb7,0.07252921389778114,-0.14901303687937403,0.18,0.41091584632941464
1777379655.32591,tb2,-0.509785572762305,-1.3073822786313234,0.18,0.09507671810893346
1777379655.3649397,tb3,0.99363179229646,-0.6649923266010074,0.18000000000000002,-0.12335769335766182
1777379655.3652132,tb1,0.6462657116732408,0.13572128256193702,-0.053936571351710816,-1.5
1777379655.369098,tb7,0.07601442430184434,-0.13467660642199916,0.18,0.618331688389548
1777379655.3758695,tb2,-0.5039278654713232,-1.300634066349341,0.18,0.09398981914511445
1777379655.414885,tb1,0.6462657116732408,0.13572128256193702,-0.053936571351710816,-1.5
1777379655.4149776,tb3,0.99363179229646,-0.6649923266010074,0.18000000000000002,-0.12335769335766182
1777379655.418946,tb7,0.07660932915116796,-0.13273608294833378,0.18,0.8143262073984328
1777379655.4258132,tb2,-0.4981064361487659,-1.293862622449056,0.17999999999999997,0.094477479427351
1777379655.4646533,tb1,0.6467402081978116,0.1378201347363704,-0.04233446416866011,-1.5
1777379655.464825,tb3,0.9863197109544409,-0.6596510477372499,0.18,-0.1276920551937537
1777379655.4689074,tb7,0.07660932915116796,-0.13273608294833378,0.18,0.8143262073984328
1777379655.4757237,tb2,-0.4922956760797626,-1.2871520106874084,0.18,0.0930090658036433
1777379655.51484,tb3,0.9790405653515709,-0.6542646664140198,0.18,-0.13378329702725753
1777379655.5147727,tb1,0.6468956826703761,0.14055696118880665,-0.031349908220089207,-1.5
1777379655.5189643,tb7,0.08157344137458453,-0.12368977592119099,0.18,1.0624115365423454
1777379655.5258837,tb2,-0.48651733373836575,-1.2804848356754954,0.18,0.08929636056688617
1777379655.564676,tb1,0.6470082772979298,0.14345135073186463,-0.020838727310959693,-1.4999999999999998
1777379655.5647764,tb3,0.9717937828741766,-0.6488321378761379,0.18,-0.14185143469633624
1777379655.5690024,tb7,0.0910519065635833,-0.10825864682827739,0.18,1.390922600328927
1777379655.5759244,tb2,-0.48651733373836575,-1.2804848356754954,0.18,0.08929636056688617
1777379655.6147482,tb1,0.6473583728808536,0.14421170217106075,-0.010186688793707946,-1.5
1777379655.6148417,tb3,0.9645798632168164,-0.643349781984951,0.18,-0.14715288690807588
1777379655.6189394,tb7,0.09152089230835234,-0.10749713613940934,0.16327659826446045,1.5
1777379655.6258605,tb2,-0.48076671956825595,-1.2737692900176858,0.18,0.09025246978355889
1777379655.6647484,tb1,0.6474639940792382,0.1444335223491231,0.00027935934613392406,-1.5
1777379655.6648393,tb3,0.9574015505426648,-0.6378149758070571,0.18,-0.15266443534249596
1777379655.669008,tb7,0.09332994875079595,-0.1054864977716094,0.1367798335911094,1.5
1777379655.6758654,tb2,-0.47503663162474324,-1.2668476480253075,0.18,0.09093848511358574
1777379655.7146416,tb1,0.6472502294161483,0.14416532735491633,0.010188050536260481,-1.4999999999999998
1777379655.7147768,tb3,0.9502618112771917,-0.6322260348206471,0.18,-0.16210085798938423
1777379655.7190404,tb7,0.10582135563855237,-0.09142785997038139,0.10520665013039536,1.5
1777379655.7258677,tb2,-0.4693421003598436,-1.2599059922822982,0.18000000000000002,0.08603646872899812
1777379655.76471,tb1,0.6466635708908276,0.1434810815447085,0.020157562836035998,-1.5
1777379655.764879,tb3,0.9431622644920163,-0.6265802301871699,0.18,-0.1707800785734083
1777379655.769067,tb7,0.1169857188979207,-0.07828190487659241,0.07986672472624899,1.4999999999999998
1777379655.7758567,tb2,-0.46368280853439836,-1.252943549911917,0.18,0.0820637440382666
1777379655.8146467,tb1,0.6457632352099495,0.14270288094034075,0.030250891331179343,-1.5
1777379655.8147445,tb3,0.936105514195093,-0.6208738414081235,0.18,-0.17899901708601082
1777379655.8188763,tb7,0.1280429425453621,-0.06523244431671897,0.05785953917036374,1.5
1777379655.8257325,tb2,-0.45805641738107067,-1.245960141658279,0.18,0.07876012137586817
1777379655.8646054,tb1,0.6449906407492358,0.1423493673592538,0.04149796126260475,-1.5
1777379655.8647323,tb3,0.9290951393731857,-0.6151039675146075,0.18,-0.18235086336332706
1777379655.8690903,tb7,0.1270159060788357,-0.066053804655965,0.04671082167817247,1.5
1777379655.875898,tb2,-0.45246177275572913,-1.2389575692544323,0.18,0.08212647571992827
1777379655.9147599,tb1,0.6449906407492358,0.1423493673592538,0.04149796126260475,-1.5
1777379655.9148698,tb3,0.9290951393731857,-0.6151039675146075,0.18,-0.18235086336332706
1777379655.9188685,tb7,0.12725117246635725,-0.06574438960137115,0.03588500368228711,1.5
1777379655.925866,tb2,-0.4468996468515756,-1.2319382849981968,0.18,0.08527067519244437
1777379655.9647882,tb1,0.6429399307796273,0.1407907657471588,0.05276594211549959,-1.5
1777379655.9649272,tb3,0.9221353980464322,-0.6092697966178924,0.18,-0.1838883998713299
1777379655.969103,tb7,0.12725117246635725,-0.06574438960137115,0.03588500368228711,1.5
1777379655.9758105,tb2,-0.441371933875096,-1.2249024025176907,0.18,0.0871363811163295
1777379656.0147612,tb1,0.6406216272837834,0.1392683636174693,0.06448488270789857,-1.5
1777379656.0148723,tb3,0.9152289472207891,-0.6033722532555329,0.18,-0.1863103186660474
1777379656.0191917,tb7,0.12952918853134515,-0.06430815090345723,0.025036632205340102,1.4999999999999998
1777379656.0259142,tb2,-0.441371933875096,-1.2249024025176907,0.18,0.0871363811163295
1777379656.0647388,tb1,0.6376605570625294,0.13762480618452838,0.07687065244758978,-1.5
1777379656.0648823,tb3,0.9083761829816511,-0.5974110369893891,0.18,-0.18719575487167514
1777379656.0689132,tb7,0.13101128284958788,-0.06353279458758482,0.015671837755961253,1.4999999999999998
1777379656.0757933,tb2,-0.43587943694310033,-1.217848792043337,0.18,0.08951046555145707
1777379656.1147385,tb1,0.6340153345849119,0.13594264807713183,0.09023388476609413,-1.5
1777379656.1148942,tb3,0.9015783774278435,-0.5913858214181051,0.18,-0.18550730333096557
1777379656.1189988,tb7,0.13035228177204983,-0.06387035641598837,0.008473498223070974,1.5
1777379656.125909,tb2,-0.4304221567690125,-1.2107766196293652,0.18,0.09339728443623001
1777379656.1646557,tb1,0.6302394977274195,0.13448130868827812,0.10475185354313796,-1.5
1777379656.1647637,tb3,0.8948371964494621,-0.5852974128162208,0.18,-0.18432817008611158
1777379656.1689556,tb7,0.13088816161415137,-0.06363787856487713,0.0017693951152965878,1.5
1777379656.1758492,tb2,-0.4249682543532637,-1.2037729571196674,0.18,0.0966573110608789
1777379656.2147415,tb1,0.6258808261686659,0.13309108095962005,0.12040608604545053,-1.4999999999999998
1777379656.2148228,tb3,0.8881533137320203,-0.5791471887966297,0.18,-0.1828126158271851
1777379656.218977,tb7,0.13307541257568,-0.06274536325345799,-0.0004477786782735277,1.5000000000000002
1777379656.2258976,tb2,-0.419545643071903,-1.1968122776238919,0.18,0.09929595570926139
1777379656.2646942,tb1,0.6197030829816522,0.13178048003943238,0.13740432040516934,-1.5
1777379656.2648373,tb3,0.8815268387465002,-0.5729361809134974,0.18,-0.17517727053627818
1777379656.269083,tb7,0.1326684517324812,-0.06293824800241568,0.010926067070615273,1.5000000000000002
1777379656.2758322,tb2,-0.4141541946792827,-1.1897840497925565,0.18,0.10391072655985803
1777379656.3145463,tb1,0.6125510744584132,0.13081129467503608,0.15622216309979828,-1.4999999999999998
1777379656.314688,tb3,0.8749587657579534,-0.5666676460860406,0.18,-0.16545675195671222
1777379656.3188236,tb7,0.13234667639413028,-0.06310512381588007,0.022926946288531362,1.5
1777379656.3256915,tb2,-0.40880015026062944,-1.1825761529748515,0.18,0.10806549495083913
1777379656.364597,tb1,0.6043728902922643,0.13031951779680673,0.177111760923505,-1.5
1777379656.3648677,tb3,0.8684479416008346,-0.5603462552366311,0.18,-0.15418676133738815
1777379656.3689163,tb7,0.13255815794114792,-0.06294862509537244,0.03502343851163743,1.5
1777379656.3758569,tb2,-0.4034888283181147,-1.1753475444782466,0.18000000000000002,0.11199814999989359
1777379656.4146638,tb1,0.6043728902922643,0.13031951779680673,0.177111760923505,-1.5
1777379656.4147646,tb3,0.8684479416008346,-0.5603462552366311,0.18,-0.15418676133738815
1777379656.4194117,tb7,0.13325437518528288,-0.062386942390820786,0.048375112722530554,1.5000000000000002
1777379656.4258087,tb2,-0.39822189916565753,-1.1680972120571818,0.18,0.1151458744806868
1777379656.464646,tb1,0.5966943198411372,0.13005992755440748,0.18,-1.3369532049947115
1777379656.4647384,tb3,0.8619917460408992,-0.5539765868457416,0.18,-0.1457065017712285
1777379656.4689577,tb7,0.13325437518528288,-0.062386942390820786,0.04764932301030552,1.5
1777379656.4757345,tb2,-0.39300084399389934,-1.1608240883983356,0.18,0.11837179615799522
1777379656.5148487,tb3,0.8555853598551945,-0.5475578978628208,0.18,-0.13313819907954327
1777379656.5148246,tb1,0.5873129804295248,0.1308574921850546,0.18,-1.1777480341015816
1777379656.5190554,tb7,0.13452088419498895,-0.060601441380445785,0.06042656730887129,1.5
1777379656.526015,tb2,-0.39300084399389934,-1.1608240883983356,0.18,0.11837179615799522
1777379656.5647626,tb1,0.5778446444124635,0.1323695479487901,0.18,-1.0526483051746478
1777379656.564854,tb3,0.8492299527320353,-0.5410950007202376,0.18,-0.12157701268896162
1777379656.5689182,tb7,0.13593152767816957,-0.057275649371873315,0.07406969880189496,1.5
1777379656.5757778,tb2,-0.387827034383041,-1.1535274089851373,0.18,0.12133673797255566
1777379656.6147466,tb1,0.5685698294170027,0.13443839203488947,0.18,-0.9551824326376669
1777379656.614985,tb3,0.8429231139755465,-0.5345935783545595,0.18,-0.11205302774280182
1777379656.6189408,tb7,0.13721359345885434,-0.05409302470915785,0.0892690069013482,1.5
1777379656.625857,tb2,-0.3827005995274905,-1.1462059186369724,0.18,0.12439457859851662
1777379656.6646585,tb1,0.5596487106667523,0.1364391522032856,0.18,-0.8706440591082775
1777379656.664754,tb3,0.8366599869592668,-0.5280575872465506,0.18,-0.10473526966718344
1777379656.6689963,tb7,0.1384000331045289,-0.051060014681699295,0.1065190883747947,1.5
1777379656.6758223,tb2,-0.3776231734436749,-1.1388603630483136,0.18,0.12717440540657585
1777379656.7147906,tb3,0.8304362796876497,-0.5214896122348633,0.18,-0.09903126356601465
1777379656.7147877,tb1,0.5507415555116566,0.13943247875978113,0.18,-0.8049495364936722
1777379656.718997,tb7,0.14049207484860646,-0.04751764404856854,0.12524534025884979,1.5
1777379656.725865,tb2,-0.3725961796363172,-1.1314900610991399,0.18000000000000002,0.12911165740185643
1777379656.7647202,tb1,0.5419987179128699,0.14279824885091763,0.18,-0.7552676214780552
1777379656.7648137,tb3,0.8242489058807272,-0.5148916017014895,0.18,-0.09468115158517172
1777379656.7689884,tb7,0.14279085171936812,-0.04285527018785432,0.14672136587180726,1.5
1777379656.7758472,tb2,-0.3676131230930064,-1.124108674491451,0.18,0.1306957020463215
1777379656.8146412,tb1,0.5334002412701094,0.14624318696281616,0.18,-0.715330624945633
1777379656.814721,tb3,0.8180955392208632,-0.5082651278110165,0.18,-0.09138202014507048
1777379656.8189826,tb7,0.14511847529429261,-0.03712406055213809,0.1721449659149892,1.5
1777379656.825832,tb2,-0.3626440569688384,-1.1167902496695226,0.18000000000000002,0.13232914739370916
1777379656.8647516,tb1,0.5334002412701094,0.14624318696281616,0.18,-0.715330624945633
1777379656.864873,tb3,0.8180955392208632,-0.5082651278110165,0.18,-0.09138202014507048
1777379656.8689597,tb7,0.1474025562934323,-0.03002185518194552,0.18,1.3286148975878354
1777379656.8758125,tb2,-0.35770420806168496,-1.1095161545747552,0.18,0.1341156052856003
1777379656.9147868,tb1,0.5249818206838213,0.1502487984519879,0.18,-0.682422866642231
1777379656.9148817,tb3,0.8119743663490496,-0.5016113364613498,0.18,-0.08902009328279317
1777379656.9191258,tb7,0.1474025562934323,-0.03002185518194552,0.18,1.3286148975878354
1777379656.925835,tb2,-0.35283024349312386,-1.102064027542838,0.18,0.1361019310484006
1777379656.9651153,tb1,0.516700193862811,0.1544598563837582,0.18,-0.6509356710597317
1777379656.9652016,tb3,0.8058837810802568,-0.4949297814027368,0.18,-0.08687958490464427
1777379656.9691782,tb7,0.14932625786146186,-0.02202438149439548,0.18,1.1097906870445793
1777379656.9763634,tb2,-0.35283024349312386,-1.102064027542838,0.18,0.1361019310484006
1777379657.0147839,tb1,0.5086017749233147,0.15903965603164863,0.18,-0.6233105686945268
1777379657.014925,tb3,0.7998240885915442,-0.488221744984066,0.18,-0.0851401772681454
1777379657.018974,tb7,0.15067643941366207,-0.013886339779570904,0.18,0.904098397284805
1777379657.0258574,tb2,-0.3480232872972109,-1.0945017670828059,0.18,0.13786222429793757
1777379657.0648308,tb1,0.5006549336069589,0.16381695791734333,0.18,-0.5994842647687514
1777379657.064872,tb3,0.79379448436051,-0.48148800510326234,0.18,-0.083684841320936
1777379657.0690768,tb7,0.1514638522699309,-0.00538471835079801,0.18,0.7095269881962081
1777379657.0758386,tb2,-0.3432712919532206,-1.0869129477869195,0.18,0.14009836287705382
1777379657.1146824,tb1,0.4928827897081435,0.16886408564879943,0.18,-0.5778843137882359
1777379657.114896,tb3,0.7877942604381841,-0.47472917578620305,0.18,-0.08244924971146794
1777379657.1189315,tb7,0.15161653166608519,0.003105395162521549,0.18,0.5225026171759964
1777379657.1257794,tb2,-0.3385752858280598,-1.0792983191294048,0.18,0.14270422350629958
1777379657.1647718,tb1,0.4852799792836117,0.17415250028953055,0.18,-0.5574662011205623
1777379657.1648455,tb3,0.7818228419879487,-0.46794574740481165,0.18,-0.08134229015650693
1777379657.1690147,tb7,0.15111929690578785,0.011940958277669105,0.18,0.3414265437634146
1777379657.175856,tb2,-0.3339364636098899,-1.0716578552428802,0.18,0.1456816902523985
1777379657.2146463,tb1,0.4778362549375622,0.17963692809924983,0.18,-0.5376868943297566
1777379657.2148159,tb3,0.7758798207691587,-0.4611381940003123,0.18,-0.08029059181767158
1777379657.2188714,tb7,0.1499608540931029,0.021038561659280707,0.18,0.16556105524220424
1777379657.225734,tb2,-0.32935621285703987,-1.0639915114607337,0.18,0.14902267531384925
1777379657.2646036,tb1,0.4705586194211742,0.18532827707112878,0.18,-0.5222828888560308
1777379657.2647102,tb3,0.7699648433084704,-0.45430698605458003,0.18,-0.07998307419434784
1777379657.2688954,tb7,0.14910687696601363,0.026651392930258942,0.18,0.027174638423784238
1777379657.2758572,tb2,-0.32483616943069904,-1.0562991514093867,0.18,0.15183106578911046
1777379657.3146782,tb1,0.46344503245564933,0.1912138700283629,0.18,-0.5101926397358901
1777379657.3147442,tb3,0.7640774881031428,-0.44745229164394756,0.18,-0.08029353132772928
1777379657.3189483,tb7,0.14847117498458987,0.031234971123917474,0.18,-0.10351019449624886
1777379657.3260217,tb2,-0.3203778521278309,-1.0485802538705464,0.18,0.1541945282143476
1777379657.3646266,tb1,0.45649707288799246,0.19728926101310457,0.18,-0.5002414323271748
1777379657.364861,tb3,0.7582175830295517,-0.4405740131856741,0.18,-0.08096166936572455
1777379657.3694146,tb7,0.14779721810334978,0.03586103610350552,0.18,-0.23651902877133824
1777379657.3759563,tb2,-0.31598264168185713,-1.0408344431309238,0.18,0.1563639034604566
1777379657.41482,tb3,0.7582175830295517,-0.4405740131856741,0.18,-0.08096166936572455
1777379657.4147694,tb1,0.45649707288799246,0.19728926101310457,0.18,-0.5002414323271748
1777379657.4193404,tb7,0.14539402480272318,0.04258668056575941,0.18,-0.40656543734418676
1777379657.425806,tb2,-0.3115977947223545,-1.0331364877951124,0.18,0.16037501502411947
1777379657.464742,tb1,0.44970899403090514,0.20353543568138016,0.18,-0.4826276424423326
1777379657.464845,tb3,0.7523852459446236,-0.43367194958924354,0.18,-0.08063928122929177
1777379657.4689481,tb7,0.14539402480272318,0.04258668056575941,0.18,-0.3854057217253212
1777379657.4757972,tb2,-0.3115977947223545,-1.0331364877951124,0.18,0.16037501502411947
1777379657.5147028,tb1,0.44308050329508325,0.20994793373093812,0.18,-0.45445949910900973
1777379657.514857,tb3,0.746580896782363,-0.4267463390532472,0.18,-0.07925505706751367
1777379657.5189612,tb7,0.14116108992986245,0.05266940792266172,0.18,-0.5550938657061447
1777379657.5257995,tb2,-0.3072305713244361,-1.0254951395908003,0.18,0.1665726637621977
1777379657.5646954,tb1,0.4366169063557317,0.21651280441739076,0.18,-0.4282870654415735
1777379657.5648303,tb3,0.7408047156876659,-0.4197975944269715,0.18,-0.07834581621691906
1777379657.5690184,tb7,0.13703315127260435,0.06115251759457067,0.18,-0.7293993291422473
1777379657.5758557,tb2,-0.30292793017831293,-1.0177918506396304,0.18,0.1727798280578719
1777379657.6146784,tb1,0.43031492870277394,0.22321472941848813,0.18,-0.40545826808566543
1777379657.6148078,tb3,0.7350565886511722,-0.41282639486442274,0.18,-0.07798777473520169
1777379657.618941,tb7,0.1330563611691165,0.06847222806864141,0.18,-0.9061369094711688
1777379657.6257794,tb2,-0.2987570494944979,-1.0098750141211943,0.17999999999999997,0.1775614228713824
1777379657.6647193,tb1,0.4241669491153455,0.2300415089977778,0.18,-0.380547370590804
1777379657.6648707,tb3,0.7293360732189855,-0.4058329564858053,0.18,-0.07740264995807808
1777379657.6689968,tb7,0.1283201176219758,0.07639548911419836,0.17999999999999997,-1.096743176652504
1777379657.6758726,tb2,-0.294658016093959,-1.0019314897522396,0.18,0.1827752237948782
1777379657.7146788,tb1,0.4181658024368014,0.23698184533551345,0.18,-0.36031551527421757
1777379657.7148442,tb3,0.7236429992260747,-0.39881747130093265,0.18,-0.07749715486377608
1777379657.718913,tb7,0.12399714639055548,0.08310077422036662,0.18,-1.258103487814351
1777379657.7258134,tb2,-0.29063324709649874,-0.9939604229621127,0.18,0.18720745366357566
1777379657.7647693,tb3,0.7179771894512312,-0.3917800444339714,0.18,-0.07776521654003861
1777379657.7647207,tb1,0.41230350389413245,0.2440255624749383,0.18,-0.34127303960787136
1777379657.7689648,tb7,0.11953133743958598,0.09012452037435652,0.17999999999999997,-1.1238695919505304
1777379657.7758262,tb2,-0.28668529043108504,-0.9859612327149873,0.18,0.19150060293955312
1777379657.8148046,tb1,0.41230350389413245,0.2440255624749383,0.18,-0.34127303960787136
1777379657.8148775,tb3,0.7179771894512312,-0.3917800444339714,0.18,-0.07776521654003861
1777379657.818902,tb7,0.11489338380160935,0.09841243259803302,0.18,-0.9560562954595544
1777379657.8258932,tb2,-0.2828164426166233,-0.9779333993669872,0.18,0.19576004061210325
1777379657.8647985,tb1,0.4065728517704618,0.2511643544267027,0.18,-0.3228653896924799
1777379657.8648684,tb3,0.7123386548482683,-0.3847206008217836,0.18,-0.07811791998455919
1777379657.869053,tb7,0.11489338380160935,0.09841243259803302,0.18,-0.9560562954595544
1777379657.8757806,tb2,-0.27902902159028203,-0.9698766556590988,0.18,0.19831924931044428
1777379657.9146926,tb1,0.40096612068496196,0.25839831507255745,0.18,-0.31053647527399025
1777379657.9148068,tb3,0.7067275917759583,-0.3776392616518487,0.18,-0.07964629410311232
1777379657.919025,tb7,0.11135598966568558,0.10675392270639734,0.18,-0.8133019303881229
1777379657.9258678,tb2,-0.27902902159028203,-0.9698766556590988,0.18,0.19831924931044428
1777379657.9647822,tb1,0.39548472085734676,0.2657168413486952,0.18,-0.3042947277215292
1777379657.9648736,tb3,0.7011440186708492,-0.37053586729643045,0.18,-0.08197246841012629
1777379657.9689689,tb7,0.10849851553235478,0.11496741987858368,0.18,-0.6693286183754041
1777379657.9758751,tb2,-0.2753247324941952,-0.9617903154863381,0.18,0.19976565891046108
1777379658.0148542,tb3,0.6955881187689877,-0.3634096888183876,0.18,-0.084358159848589
1777379658.0148246,tb1,0.3901219829802636,0.27311619614763083,0.18,-0.29884753915340073
1777379658.018991,tb7,0.1056386169084408,0.12316026191239977,0.18,-0.5357295752752054
1777379658.025905,tb2,-0.2717040427350042,-0.9536737466956451,0.18,0.20127935309407954
1777379658.0647178,tb1,0.38487445842795476,0.28059394537148163,0.18,-0.29283475109518775
1777379658.064804,tb3,0.6900606519709458,-0.35625988744473086,0.18,-0.08665538177277984
1777379658.069043,tb7,0.10267996677304284,0.13197822448067661,0.18,-0.45464227377782984
1777379658.0759156,tb2,-0.26811457066694994,-0.94558270259097,0.18,0.2031280826997244
1777379658.1148012,tb3,0.6845627297854802,-0.3490858625587925,0.18,-0.08921882024259556
1777379658.1147652,tb1,0.37974069227379326,0.28814675781449756,0.17999999999999997,-0.288750200483809
1777379658.1190152,tb7,0.09998160852635558,0.14081260964800252,0.18,-0.39121361250388104
1777379658.1258316,tb2,-0.2645260881845356,-0.9375602945271178,0.18,0.20506731904289652
1777379658.164617,tb1,0.37471912099885435,0.2957718429675272,0.17999999999999997,-0.2860407127631331
1777379658.164689,tb3,0.679095388195867,-0.3418870055877321,0.18,-0.09196992725664233
1777379658.1689413,tb7,0.09749376492430227,0.14966639971505952,0.18,-0.33738555478043003
1777379658.175822,tb2,-0.26099798274291697,-0.929523398728336,0.18,0.20688539574799109
1777379658.2145774,tb1,0.3698087191616279,0.30346716984558253,0.17999999999999997,-0.2839044874774817
1777379658.2147048,tb3,0.6736596925994681,-0.33466255872230705,0.18,-0.09474685958429564
1777379658.2188756,tb7,0.09518443320480602,0.15853222561279096,0.18,-0.2907795671740291
1777379658.2260535,tb2,-0.2576893460082349,-0.9212272404411744,0.18,0.2071375433244469
1777379658.2646954,tb3,0.6682568481206995,-0.32741180568471023,0.18,-0.09760414849045
1777379658.2651072,tb1,0.3650091440090027,0.3112307976453877,0.18,-0.2748499423839098
1777379658.2689564,tb7,0.09302666268082926,0.16740414673616832,0.18,-0.2506545134508362
1777379658.2758195,tb2,-0.2544689474712146,-0.9129045836893449,0.18,0.20701701521607732
1777379658.3146677,tb1,0.3650091440090027,0.3112307976453877,0.18,-0.28228532168846876
1777379658.3148088,tb3,0.6682568481206995,-0.32741180568471023,0.18,-0.09760414849045
1777379658.3189151,tb7,0.090997631605357,0.17627900235683755,0.18,-0.21587716784663374
1777379658.3258832,tb2,-0.2513369376507222,-0.9045554282418399,0.18,0.20664295918298736
1777379658.3646357,tb1,0.3603206158837217,0.3190573138695466,0.18,-0.28214572740924054
1777379658.3647711,tb3,0.6628880900647275,-0.32013406299696845,0.18,-0.10052295421932826
1777379658.3692005,tb7,0.08907843721008175,0.18515419916632936,0.18,-0.20672043015792052
1777379658.375768,tb2,-0.24829354488900512,-0.8961805446104275,0.18,0.20605428554678965
1777379658.41486,tb3,0.6575548535824904,-0.3128301212697929,0.18,-0.10381225062909301
1777379658.4148314,tb1,0.35574002326467175,0.32695114703036154,0.18,-0.2805673656616994
1777379658.4190779,tb7,0.08907843721008175,0.18515419916632936,0.17999999999999997,-0.18556054979575856
1777379658.4259515,tb2,-0.24829354488900512,-0.8961805446104275,0.18,0.20605428554678965
1777379658.4647822,tb1,0.35127134244103714,0.33490867004692126,0.18,-0.27859936863104756
1777379658.4648795,tb3,0.652257069699025,-0.3054985822071786,0.18,-0.1071232700143841
1777379658.4690328,tb7,0.08725614960465572,0.19403718688795876,0.18,-0.15577652962536795
1777379658.4758677,tb2,-0.24533888070539106,-0.8877807767485587,0.18,0.20527047493755693
1777379658.5147192,tb1,0.3469153107308322,0.34292743522952746,0.18,-0.2719533746215397
1777379658.5148172,tb3,0.6469960903217211,-0.2981385173497335,0.18,-0.10989515533636772
1777379658.5190732,tb7,0.08504510370328411,0.20266367155555212,0.18,-0.13541141793374184
1777379658.5258386,tb2,-0.24247320311558176,-0.8793572582297966,0.18,0.2051215935761713
1777379658.5647857,tb1,0.3426721839341725,0.3510044693353969,0.18,-0.2643606313464387
1777379658.5648699,tb3,0.6417735304277555,-0.2907492592711073,0.18,-0.11256891626601422
1777379658.5690193,tb7,0.08284423458864237,0.21123691496060085,0.18,-0.11515424607129511
1777379658.5759368,tb2,-0.23969655921057711,-0.8709106792111612,0.18,0.20495206852946443
1777379658.614665,tb1,0.3385408803729879,0.3591351256460769,0.18,-0.2610479346557779
1777379658.6148374,tb3,0.6365908353382492,-0.28333025729333405,0.18000000000000002,-0.11567913952784883
1777379658.6189504,tb7,0.08111485879231933,0.22009283981343156,0.18,-0.08746750792264854
1777379658.6257908,tb2,-0.23700915883358342,-0.8624422421838968,0.18,0.203756356770943
1777379658.6648118,tb1,0.33451846634395377,0.36731747143058907,0.18,-0.25985600185935986
1777379658.664817,tb3,0.6314493391032806,-0.2758809188384799,0.18,-0.1190609749787504
1777379658.6690397,tb7,0.07962868325592788,0.22899727731502456,0.18,-0.06409318828747121
1777379658.6758742,tb2,-0.2343168487421104,-0.8540253939405186,0.18,0.20238366110594583
1777379658.7146354,tb1,0.3306035319217264,0.3755507649205117,0.18,-0.25817457875602934
1777379658.714765,tb3,0.6263503984141621,-0.26840045824717723,0.18,-0.12244907758285786
1777379658.718987,tb7,0.07818213761484819,0.23792467743640117,0.18,-0.05208030627893353
1777379658.7258186,tb2,-0.2316168111452818,-0.8456768735256343,0.18,0.20124616031320053
1777379658.7649524,tb1,0.3267959849493147,0.3838334066019173,0.18,-0.2553694886385914
1777379658.764992,tb3,0.6212955592392162,-0.26088807591396673,0.18,-0.1257039233956258
1777379658.7689764,tb7,0.07676555704169472,0.24684223307257044,0.18,-0.042671978928296786
1777379658.7758706,tb2,-0.22903343643023247,-0.837257596293514,0.18,0.19978360069916973
1777379658.8147328,tb1,0.3267959849493147,0.3838334066019173,0.18,-0.2553694886385914
1777379658.814807,tb3,0.6212955592392162,-0.26088807591396673,0.18,-0.1257039233956258
1777379658.8188245,tb7,0.07537259461105549,0.2557516305054145,0.18,-0.05749429192370348
1777379658.8258708,tb2,-0.22668166407115567,-0.8286407547635611,0.18,0.1977257494584813
1777379658.8647678,tb1,0.3230956798728544,0.39216311413251403,0.18,-0.2510948720572465
1777379658.864861,tb3,0.616286463085362,-0.2533432122772161,0.17999999999999997,-0.12874664658600687
1777379658.8689923,tb7,0.07537259461105549,0.2557516305054145,0.18,-0.03432504168481067
1777379658.8758047,tb2,-0.22441685079638493,-0.8200066436464092,0.18,0.19559555497300485
1777379658.9147778,tb1,0.3195021251966052,0.40053915271864843,0.18,-0.24517882478584832
1777379658.9149172,tb3,0.6113247667541477,-0.24576682298378325,0.18,-0.1320533281335577
1777379658.9189897,tb7,0.07400195064877019,0.2646635570052855,0.18,-0.023445268775756593
1777379658.9259386,tb2,-0.22441685079638493,-0.8200066436464092,0.18,0.19559555497300485
1777379658.9652736,tb1,0.3160155537174883,0.40895780372370494,0.18,-0.23843746627273943
1777379658.9653585,tb3,0.6064106666784018,-0.23815762867037377,0.18,-0.1352724134535711
1777379658.9695413,tb7,0.07265426435224061,0.2735612759038477,0.18,-0.016814078336296254
1777379658.9762294,tb2,-0.22223826465491844,-0.8113562342502249,0.18,0.19340456769175438
1777379659.0147588,tb1,0.31263418218307354,0.4174159963818125,0.18,-0.23105567264512766
1777379659.014842,tb3,0.6015457256607298,-0.2305149913453262,0.18,-0.13836121535583917
1777379659.0190446,tb7,0.07132040935380271,0.28244932601641,0.17999999999999997,-0.012288396574709396
1777379659.025856,tb2,-0.2201457904063094,-0.8026912744992531,0.18,0.19094020521357646
1777379659.0647368,tb3,0.5967315772581471,-0.22283841125684828,0.18000000000000002,-0.14110517257671631
1777379659.064697,tb1,0.3093555040063414,0.42591076708546594,0.18,-0.22122310131199044
1777379659.068925,tb7,0.06983994796910918,0.2912595648829687,0.18,-0.012045714572659225
1777379659.076113,tb2,-0.21813884881728918,-0.7940118758592345,0.18,0.18880228115499656
1777379659.114818,tb3,0.5919698353689419,-0.2151275142343715,0.17999999999999997,-0.14368879873660323
1777379659.1147728,tb1,0.3061765435974442,0.4344389563137361,0.18,-0.21085839392560685
1777379659.1189277,tb7,0.0683498461572328,0.3000126823489086,0.18,-0.012577113009222743
1777379659.1258419,tb2,-0.21621654139934163,-0.785319030733717,0.18,0.18668599952415016
1777379659.1646814,tb1,0.30309340361681403,0.4429968489952042,0.18,-0.20233139724328897
1777379659.1647482,tb3,0.5872620054766368,-0.20738202339031184,0.18,-0.1463119537792228
1777379659.1690385,tb7,0.06699018920054728,0.30888942910516465,0.18,-0.010934474867131143
1777379659.1758394,tb2,-0.21437800698397885,-0.7766138081614454,0.18,0.18422184328077854
1777379659.2146404,tb1,0.30010139988555645,0.4515821636967324,0.18,-0.1945755734499453
1777379659.2147856,tb3,0.5826095021427941,-0.19960164649772388,0.18,-0.1488629461640656
1777379659.2189956,tb7,0.06568115215508087,0.31781598238424896,0.18,-0.009722134333450927
1777379659.2258835,tb2,-0.21261042410203201,-0.7679037226621973,0.18,0.18166144264127237
1777379659.264707,tb1,0.29719644925793365,0.4601930452109822,0.18,-0.23010884705706844
1777379659.2647095,tb3,0.5780137512467036,-0.19178609001723163,0.18,-0.1627310370463784
1777379659.269055,tb7,0.06437790897209895,0.32673589863944913,0.18,-0.010171183772426522
1777379659.275767,tb2,-0.21077842088484153,-0.7592768943862108,0.18,0.17974798931010927
1777379659.3147564,tb1,0.29719644925793365,0.4601930452109822,0.18,-0.18735884647878073
1777379659.3148723,tb3,0.5780137512467036,-0.19178609001723163,0.18,-0.15138433850256022
1777379659.3190906,tb7,0.06437790897209895,0.32673589863944913,0.18,-0.010171183772426522
1777379659.325771,tb2,-0.2089564206625462,-0.7507033854283665,0.18,0.17792262217998098
1777379659.3648055,tb3,0.5734761204010315,-0.18393029922428877,0.18,-0.1525917016209977
1777379659.3647609,tb1,0.29437872951539357,0.4688460885659675,0.18,-0.17131366465464617
1777379659.3689344,tb7,0.06308004326704773,0.33564990430093516,0.18000000000000002,-0.011522038074184603
1777379659.3757918,tb2,-0.2089564206625462,-0.7507033854283665,0.18,0.17792262217998098
1777379659.4148219,tb3,0.5690017714250658,-0.17604300560479388,0.18,-0.1549793974821976
1777379659.414834,tb1,0.2916541877442521,0.4775101031630318,0.18,-0.16160073934285699
1777379659.4189572,tb7,0.06178766459005404,0.344558047627567,0.18,-0.012074252664383278
1777379659.4258516,tb2,-0.20738064055016472,-0.7419436719544676,0.18,0.1751277034699523
1777379659.4647975,tb1,0.2890076186967621,0.4861910802996126,0.18,-0.15323371417818898
1777379659.464891,tb3,0.564587287181602,-0.1681211874118942,0.18,-0.15723690728585396
1777379659.4690654,tb7,0.06050110033694507,0.353460829202356,0.18,-0.012270770385991616
1777379659.475931,tb2,-0.20593665114583756,-0.7331225748004685,0.18,0.17198285049015619
1777379659.5146465,tb1,0.2864330909027065,0.4948887285634781,0.18,-0.14548249487041706
1777379659.5148227,tb3,0.5602336453268348,-0.16016438552339454,0.18,-0.1592451130750975
1777379659.5190415,tb7,0.05922078217797778,0.3623579585198007,0.18,-0.012614579693025174
1777379659.5258932,tb2,-0.2045708455667702,-0.7242943086892558,0.18,0.16884383716203943
1777379659.5647688,tb1,0.2839261961642274,0.503601911245478,0.18,-0.13798199984835322
1777379659.5648258,tb3,0.5559422308821551,-0.152172639407551,0.18,-0.1609981628415079
1777379659.5690467,tb7,0.05794078647968463,0.3712423124885773,0.18,-0.013280882074313913
1777379659.5759254,tb2,-0.2032818096933919,-0.7154596910097638,0.18,0.16574764227756839
1777379659.6146705,tb1,0.28148305740475565,0.5123290873241009,0.18,-0.13059235786256446
1777379659.614805,tb3,0.5517142949476882,-0.14414604764832,0.18,-0.162468980126917
1777379659.6189132,tb7,0.056648575168709844,0.38007009417770476,0.18,-0.014633154548734794
1777379659.625871,tb2,-0.2020680833956114,-0.7066195453937701,0.18,0.16274198595007394
1777379659.6646411,tb1,0.28148305740475565,0.5123290873241009,0.18,-0.13059235786256446
1777379659.6648452,tb3,0.5517142949476882,-0.14414604764832,0.18,-0.162468980126917
1777379659.6689548,tb7,0.055366088820646614,0.38887601085613654,0.18,-0.016060509357930366
1777379659.6758485,tb2,-0.20092827591498277,-0.6977748427388626,0.18,0.15972231752259222
1777379659.714734,tb1,0.2790999738785385,0.5210690627426937,0.18,-0.12361262908736774
1777379659.714907,tb3,0.5475509753321123,-0.1360848999626284,0.18,-0.16371456874418128
1777379659.7190378,tb7,0.055366088820646614,0.38887601085613654,0.18,-0.016060509357930366
1777379659.7259672,tb2,-0.19986095972812606,-0.6889262771702838,0.18,0.15326206769679399
1777379659.7646499,tb1,0.27677422525371825,0.5298235360767698,0.18,-0.11560873135083649
1777379659.7648304,tb3,0.5434532059942886,-0.12799005518474993,0.18,-0.16490030250351914
1777379659.769023,tb7,0.05410362616995948,0.3978144241490649,0.18,-0.016583274239517116
1777379659.7757998,tb2,-0.19986095972812606,-0.6889262771702838,0.18,0.15668145224581226
1777379659.8147502,tb1,0.2745044765344281,0.5385890248103271,0.18,-0.10801662047579563
1777379659.8149118,tb3,0.539421393053644,-0.11986147896391813,0.18,-0.16585096455498205
1777379659.8189623,tb7,0.05284925207753123,0.40674728456731835,0.18,-0.01719308561337096
1777379659.8258753,tb2,-0.19886382708022138,-0.6800732982559365,0.18,0.15404496197001125
1777379659.864722,tb1,0.272287127548493,0.5473639074620394,0.18,-0.10176038512374751
1777379659.8648143,tb3,0.5354563787191148,-0.11169948876650672,0.18,-0.16666287071749777
1777379659.869013,tb7,0.051603093196547274,0.41567479626188886,0.18,-0.01877317102853715
1777379659.8759153,tb2,-0.19783448577601695,-0.6712722511088925,0.18,0.15129782435505523
1777379659.9146876,tb1,0.2701184258933868,0.5561473533391198,0.18,-0.09673695156961329
1777379659.9148118,tb3,0.531558950503903,-0.10350452147532124,0.18,-0.16732081404482024
1777379659.9189358,tb7,0.05036544579616881,0.4245971958289587,0.18,-0.021123878787788163
1777379659.9258533,tb2,-0.1967861353626087,-0.6625342806215758,0.18,0.1487392196388047
1777379659.9646695,tb1,0.267995149206607,0.5649390224849417,0.18,-0.0917470251433469
1777379659.9647615,tb3,0.5277297881274673,-0.09527703445417343,0.18,-0.16761551944738934
1777379659.9689949,tb7,0.04913695519545459,0.43351502233779565,0.18,-0.022282391789851818
1777379659.97613,tb2,-0.19588031628762514,-0.6537186461265291,0.18,0.14561966271433058
1777379660.0147295,tb1,0.26591472257116144,0.5737383932849858,0.18,-0.08644525837993383
1777379660.0148659,tb3,0.5239695001193028,-0.08701759985102347,0.17999999999999997,-0.1675038689375912
1777379660.0189617,tb7,0.04791863276644038,0.4424283406817116,0.18,-0.0216992722470772
1777379660.0260901,tb2,-0.19515356119254607,-0.6447948629687381,0.18,0.14207813533753416
1777379660.064576,tb1,0.2638746873991801,0.5825445339981055,0.18,-0.081713887300767
1777379660.0647554,tb3,0.5202785393765653,-0.07872694197230572,0.18,-0.1671548690017804
1777379660.0690396,tb7,0.04671105711481251,0.45133640058103786,0.18,-0.02092334062794063
1777379660.0758338,tb2,-0.19449185004366662,-0.6358710724117197,0.18,0.1385591791513699
1777379660.1147149,tb1,0.2638746873991801,0.5825445339981055,0.18,-0.081713887300767
1777379660.1157525,tb3,0.5166571470442084,-0.07040582083497346,0.18,-0.1790246406213636
1777379660.1189513,tb7,0.045508810964186734,0.4602044941491896,0.18,-0.020188801463576007
1777379660.1257555,tb2,-0.1938935203738067,-0.6269477873236042,0.18,0.13510303882636437
1777379660.1646967,tb1,0.2618725113795976,0.591356902673661,0.18,-0.07743154078000046
1777379660.1648798,tb3,0.5166571470442084,-0.07040582083497346,0.18,-0.16657428203187097
1777379660.169093,tb7,0.045508810964186734,0.4602044941491896,0.18,-0.020188801463576007
1777379660.1758351,tb2,-0.19335691281253142,-0.6180255798414476,0.18,0.13170223770159895
1777379660.21472,tb1,0.2599064557080367,0.6001769776377908,0.18,-0.0722491337564851
1777379660.214787,tb3,0.5131058832256048,-0.062049481741262236,0.18,-0.16418673300761547
1777379660.2189844,tb7,0.04431287499995823,0.46901858614526415,0.18,-0.019411742519317
1777379660.226168,tb2,-0.19288038956616485,-0.6091049926847291,0.18,0.12833079784315246
1777379660.264871,tb3,0.5096284727287584,-0.05366763741099789,0.18,-0.16305528067678265
1777379660.264857,tb1,0.2579757858243285,0.6090026846095603,0.18,-0.06759955604391493
1777379660.2689707,tb7,0.0431280201693896,0.47794061193857656,0.18,-0.01869573914131327
1777379660.2757866,tb2,-0.19288038956616485,-0.6091049926847291,0.18,0.12833079784315246
1777379660.3148685,tb3,0.506220717361942,-0.04525835785085385,0.18,-0.1619112904407315
1777379660.314808,tb1,0.2560782711614144,0.6178330225181431,0.18,-0.06385830057804018
1777379660.3189878,tb7,0.04195355136893748,0.48688765370149567,0.18,-0.018022322725701066
1777379660.3258238,tb2,-0.1924623579310904,-0.6001865506630947,0.18,0.12498480617416179
1777379660.3647962,tb1,0.2542115008277671,0.6266676391272467,0.18,-0.060966021381929955
1777379660.3648984,tb3,0.5028819390789651,-0.036822078695943714,0.18,-0.16058019233071844
1777379660.3690438,tb7,0.04078843443043109,0.4958287951114329,0.18,-0.017309405394744216
1777379660.3758614,tb2,-0.19210204427086106,-0.5912719167896554,0.18,0.12131083872808551
1777379660.414752,tb1,0.2523734068272593,0.6355065146814016,0.18,-0.059267317453852664
1777379660.4148378,tb3,0.4996117973936341,-0.028359631116070743,0.18,-0.15915835546328888
1777379660.4192145,tb7,0.03963231248454817,0.5047639785116371,0.18,-0.01759453455293282
1777379660.4258318,tb2,-0.19172262630042808,-0.5823939217208309,0.18,0.1181047891536883
1777379660.4646852,tb1,0.25056246518265946,0.6443498752684023,0.18,-0.05849372223717343
1777379660.464802,tb3,0.49640988231271643,-0.019871862475182134,0.18,-0.15765688270665856
1777379660.4691231,tb7,0.03848485933656123,0.5136934116149173,0.18,-0.018918671984897106
1777379660.4758368,tb2,-0.19131512437086381,-0.5735777957832073,0.18,0.11510567420117906
1777379660.5146248,tb1,0.24877779527417299,0.653198017760586,0.18,-0.05717022832196549
1777379660.5148025,tb3,0.4932757283524428,-0.011359614418409244,0.18,-0.15588129916164362
1777379660.5194662,tb7,0.037346186912632404,0.5226176598474036,0.18,-0.0189951804171934
1777379660.5259962,tb2,-0.19101310367740382,-0.5647126596213086,0.18,0.11183787918656
1777379660.565024,tb1,0.2470189186557152,0.6620507233219766,0.18,-0.05481315629609085
1777379660.5651822,tb3,0.490208803068686,-0.002823824691337814,0.18,-0.16485554483433426
1777379660.5688686,tb7,0.03621677185667553,0.5315365503469821,0.18,-0.01696784313925303
1777379660.575943,tb2,-0.1908710579471684,-0.5557449687863468,0.18,0.10833835745749319
1777379660.614757,tb1,0.2470189186557152,0.6620507233219766,0.18,-0.05481315629609085
1777379660.6149268,tb3,0.490208803068686,-0.002823824691337814,0.18,-0.15377549631734044
1777379660.618942,tb7,0.03621677185667553,0.5315365503469821,0.18,-0.01696784313925303
1777379660.625781,tb2,-0.1907786287626424,-0.5467816486360674,0.18,0.10493242555567063
1777379660.664704,tb1,0.24528508769114787,0.6709072587673154,0.18,-0.05262555478559751
1777379660.6648958,tb3,0.4872091798266643,0.005739299610266205,0.18,-0.15005360733704823
1777379660.668967,tb7,0.03508968199147807,0.5404264111005322,0.18,-0.015378760422618222
1777379660.6762705,tb2,-0.19073410682888772,-0.5378229499140817,0.18000000000000002,0.09630747100655612
1777379660.7147121,tb1,0.2435755628908855,0.6797682934670037,0.18,-0.04989941970105151
1777379660.7148848,tb3,0.48427886278787885,0.014321531114188936,0.18,-0.147337992945916
1777379660.718997,tb7,0.033965961453369886,0.5492605326323515,0.18,-0.01376708373774084
1777379660.7259622,tb2,-0.19073410682888772,-0.5378229499140817,0.18,0.10163014168081312
1777379660.7647119,tb1,0.2418898506026632,0.6886327263580401,0.18,-0.04773607875426201
1777379660.7647982,tb3,0.48141405167732687,0.022924039239907792,0.18,-0.1447070686191982
1777379660.7689624,tb7,0.03285290120542649,0.558165659870593,0.18,-0.012078931887565711
1777379660.775729,tb2,-0.19073483789532228,-0.528867171094036,0.18,0.0989930006797303
1777379660.8147893,tb1,0.24022673001467884,0.697500129613063,0.18,-0.04636430476349552
1777379660.8148692,tb3,0.47861332033792164,0.031546204015535415,0.18,-0.1420281913515336
1777379660.8189907,tb7,0.031749069495736706,0.5671196378737879,0.18,-0.010690453986055674
1777379660.8258567,tb2,-0.19078004425361086,-0.5199200376126606,0.18,0.09542441649975011
1777379660.8646646,tb1,0.2385850452145377,0.7063706391066139,0.18,-0.04540415263330937
1777379660.8648462,tb3,0.4758755082639922,0.04018723195089061,0.18,-0.13925524864655037
1777379660.8690364,tb7,0.030651679321514608,0.5760668754604449,0.18,-0.009521168037465177
1777379660.8758595,tb2,-0.19086996141254745,-0.5109785411037986,0.18,0.09186857556535315
1777379660.9147727,tb1,0.23696404334517643,0.7152443384783981,0.18,-0.044627708975939345
1777379660.9148562,tb3,0.4731994846719958,0.04884610943591874,0.18,-0.13643911860357688
1777379660.9189343,tb7,0.029560004267805567,0.5850073903952424,0.18000000000000002,-0.00853537628388194
1777379660.9259155,tb2,-0.19100293378418615,-0.5020424374927412,0.17999999999999997,0.08846731477017082
1777379660.9649472,tb1,0.23536319813771348,0.724121259346663,0.18,-0.04470968990984211
1777379660.965217,tb3,0.47058396184506346,0.05752195814668555,0.18,-0.13369812036386855
1777379660.969429,tb7,0.028473420580713636,0.5939412206095366,0.18,-0.009035266898468237
1777379660.9762554,tb2,-0.19110886930161627,-0.4931425328583492,0.18,0.08551523915142449
1777379661.0145853,tb1,0.23378220046967035,0.7330016781320586,0.18,-0.09089199839031772
1777379661.0146651,tb3,0.4680276358065297,0.0662139634495739,0.18,-0.13378445406353448
1777379661.0188677,tb7,0.027391556749032153,0.6028688994814694,0.18,-0.010603067155199446
1777379661.0258152,tb2,-0.19119298134964594,-0.4843005889152323,0.18000000000000002,0.08271113925380137
1777379661.064783,tb3,0.4680276358065297,0.0662139634495739,0.18,-0.13102127092150068
1777379661.0647914,tb1,0.23378220046967035,0.7330016781320586,0.18000000000000002,-0.04523859708766133
1777379661.069047,tb7,0.026314734735258895,0.6117910926228608,0.18,-0.06127535462009431
1777379661.0757499,tb2,-0.19138231411553147,-0.4753934469495465,0.18000000000000002,0.07919260530421947
1777379661.114717,tb1,0.23222762099858596,0.7419061198454324,0.17999999999999997,-0.018499107383109052
1777379661.1148605,tb3,0.46552953860194596,0.07492271602891654,0.18,-0.12779328972834875
1777379661.1190069,tb7,0.026314734735258895,0.6117910926228608,0.18,-0.010240238559577773
1777379661.1257007,tb2,-0.19167792138343923,-0.46641638331381396,0.18,0.07607756786661149
1777379661.1648288,tb1,0.2307054485008352,0.7507953534619649,0.18,-0.015297885706589031
1777379661.164856,tb3,0.4630894341711856,0.08364645119031758,0.18,-0.12451516158959014
1777379661.16901,tb7,0.025256437232238006,0.6207102126933501,0.18,0.010994048397462795
1777379661.175859,tb2,-0.19167792138343923,-0.46641638331381396,0.18,0.07607756786661149
1777379661.214744,tb1,0.22919741547799616,0.7596762099272423,0.18000000000000002,-0.027949814697860943
1777379661.214834,tb3,0.4607059887614997,0.09238421073066484,0.18,-0.12123450374276172
1777379661.219003,tb7,0.024211686540003868,0.6295749411174125,0.18,0.0350130860818509
1777379661.2258527,tb2,-0.1920081520005565,-0.4574457021345551,0.18,0.0730468093258501
1777379661.264655,tb1,0.22769681659832483,0.7685591450813138,0.18,-0.04265514893345663
1777379661.2647414,tb3,0.4583777317195653,0.1011351332304215,0.18,-0.11795732338704566
1777379661.2689164,tb7,0.02318690159829682,0.6384797613968766,0.18,0.04135597355211521
1777379661.2757185,tb2,-0.19237215745372982,-0.44848271249546795,0.18,0.06972694936045265
1777379661.3147376,tb1,0.22620708533435854,0.7774506507732565,0.18,-0.04839563508854598
1777379661.3148694,tb3,0.45610311052170627,0.1098984790513935,0.18,-0.11465290948095434
1777379661.3189557,tb7,0.022161010506530167,0.6474202345728014,0.18,0.02848465030210495
1777379661.325832,tb2,-0.1927690790084656,-0.43952633387542794,0.18,0.06654978192542857
1777379661.3647382,tb1,0.22473492592921782,0.7863501855996881,0.18,-0.04419228032162341
1777379661.3648405,tb3,0.45388060202737224,0.11867354225778519,0.18,-0.11133304694231012
1777379661.368958,tb7,0.02111853681375541,0.6563527560634324,0.18,0.014324724111832422
1777379661.3759294,tb2,-0.19319736893255118,-0.43057652669513846,0.18,0.06360669021554603
1777379661.414694,tb1,0.22328364139418608,0.7952532174960876,0.18,-0.03703974131942569
1777379661.414859,tb3,0.45170868006829706,0.12745957927729568,0.18,-0.10806339918323986
1777379661.4189873,tb7,0.020063474887091377,0.6652837525994232,0.18,0.004757306027278477
1777379661.4260802,tb2,-0.1936554691789128,-0.4216333885320426,0.18,0.06086941706382703
1777379661.4646053,tb1,0.2218516819787899,0.804156182723156,0.18,-0.03383168234909907
1777379661.4647925,tb3,0.4495857658203176,0.13625588799422395,0.18,-0.10489047412657755
1777379661.4689822,tb7,0.019002504889003787,0.6742131742694853,0.18,-0.00035572160537485255
1777379661.4759738,tb2,-0.19413301483974138,-0.41270023750938933,0.17999999999999997,0.058380717797696144
1777379661.5146947,tb1,0.2218516819787899,0.804156182723156,0.18,-0.03383168234909907
1777379661.514886,tb3,0.4495857658203176,0.13625588799422395,0.18,-0.10489047412657755
1777379661.5192175,tb7,0.017940433308666737,0.6831390317128825,0.18,-0.06118160047481669
1777379661.5258014,tb2,-0.19456619939127479,-0.40381979855724476,0.18000000000000002,0.05641230554539084
1777379661.5648336,tb1,0.22043598543026877,0.8130596275107184,0.17796966091852448,-0.03532831232194767
1777379661.564919,tb3,0.44751022136778246,0.14506175742600924,0.18,-0.10195763656139394
1777379661.5690744,tb7,0.017940433308666737,0.6831390317128825,0.18,-0.004655923740604809
1777379661.5761244,tb2,-0.195006480003907,-0.394977333901845,0.18,0.05432165355368459
1777379661.6147099,tb1,0.21903725063182303,0.8219533861822127,0.15988785707102016,-0.03423537869697783
1777379661.6148224,tb3,0.4454809390028752,0.15387812389349673,0.18,-0.09867555103208425
1777379661.619063,tb7,0.016888647424611075,0.6920844930318399,0.18,0.018141986138612773
1777379661.6259174,tb2,-0.195006480003907,-0.394977333901845,0.18,0.05432165355368459
1777379661.6646316,tb1,0.21770361123103427,0.8305294536148485,0.14265242360031843,-0.0204857324861003
1777379661.664732,tb3,0.44349738573174374,0.16270331257595005,0.18,-0.09565856344422194
1777379661.6688871,tb7,0.01583828652809269,0.700982347271949,0.18,0.018726462054767006
1777379661.6757262,tb2,-0.19557604060996758,-0.38599960620906204,0.17999999999999997,0.05181772573467946
1777379661.7146668,tb1,0.21653621978286347,0.8381201468242514,0.1277464525544331,0.013856027097363735
1777379661.7148383,tb3,0.44155800959796077,0.1715366728438767,0.18,-0.09400393604994002
1777379661.7190435,tb7,0.014783931320887553,0.7098248690008032,0.18,0.01421891825717286
1777379661.72583,tb2,-0.19616942960323727,-0.3770298888305063,0.18,0.04889446895114541
1777379661.764759,tb1,0.21550806207688813,0.8448491583768328,0.11460425745196957,0.04565060801381693
1777379661.7648473,tb3,0.4396613114592825,0.18037810309047764,0.18,-0.09343646952488976
1777379661.769022,tb7,0.013741694624209273,0.7187289128619009,0.18,-0.0013371758266174742
1777379661.7757866,tb2,-0.19678594175728598,-0.36806721756975613,0.18,0.04582216599494199
1777379661.8147955,tb1,0.2145987127073597,0.8507714651147062,0.10290716993750058,0.058765271930127164
1777379661.8148644,tb3,0.4378063679088762,0.18922781217042217,0.18,-0.09356580922656474
1777379661.8190193,tb7,0.012699385726412953,0.7276809949604237,0.18,-0.02034986402736256
1777379661.8258111,tb2,-0.1974242379579886,-0.3591112725525296,0.17999999999999997,0.042781741244137264
1777379661.8647163,tb1,0.21378436759344038,0.8559927429253837,0.09256547971114547,0.06404112914996962
1777379661.8647974,tb3,0.435992838388335,0.19808603424124682,0.18,-0.09402876354812999
1777379661.8689625,tb7,0.01165850938256982,0.7366353527040778,0.18,-0.03243188763377428
1777379661.8758361,tb2,-0.19808275848155674,-0.350161950436301,0.18,0.03982993401903058
1777379661.9146955,tb3,0.4342208075375911,0.20695284553313728,0.18,-0.09462295899345781
1777379661.9147027,tb1,0.21304863278603003,0.8606172335924905,0.08350254762002648,0.07259172992791188
1777379661.9190228,tb7,0.010627782716670973,0.7455913662749895,0.18,-0.03740528280176709
1777379661.9259224,tb2,-0.19875996671047125,-0.34121927166689114,0.17999999999999997,0.03693827792904389
1777379661.9645703,tb1,0.2123749932458967,0.8647602200063711,0.0754330308983309,0.08091377078539083
1777379661.9648168,tb3,0.43249054133458675,0.21582817953802677,0.18000000000000002,-0.09518892747590992
1777379661.968974,tb7,0.009612618935905386,0.7545455555284106,0.18,-0.03904871059690153
1777379661.9757926,tb2,-0.19945443230884224,-0.33228325857266283,0.18000000000000002,0.034091258026680685
1777379662.0146673,tb1,0.2123749932458967,0.8647602200063711,0.0754330308983309,0.08091377078539083
1777379662.0147867,tb3,0.43249054133458675,0.21582817953802677,0.18000000000000002,-0.09518892747590992
1777379662.01898,tb7,0.008615122752422476,0.7634960363066096,0.17999999999999997,-0.04187449682272281
1777379662.0258212,tb2,-0.2001198639659661,-0.32338760103085484,0.18,0.031418303424617954
1777379662.064835,tb3,0.4308023553855887,0.22471188894537097,0.18,-0.09578574165518286
1777379662.064831,tb1,0.2117584963132817,0.8684608535579444,0.06823361354022395,0.08618747445395478
1777379662.069014,tb7,0.008615122752422476,0.7634960363066096,0.17999999999999997,-0.04187449682272281
1777379662.075765,tb2,-0.20077616224620956,-0.31454579136432026,0.18,0.028711550503073294
1777379662.1147444,tb1,0.2111358774608034,0.8721071918541884,0.06105154252379808,0.08601503001029852
1777379662.1150005,tb3,0.42915646596689,0.23360356938486218,0.18,-0.09586036598165112
1777379662.1190777,tb7,0.0076363483164483496,0.772443145343715,0.18,-0.041732395770579134
1777379662.1258595,tb2,-0.20077616224620956,-0.31454579136432026,0.18,0.028711550503073294
1777379662.1646996,tb1,0.210568933710705,0.8753447688845623,0.05476688839577415,0.08926197489280642
1777379662.1648607,tb3,0.4275530353234061,0.24250325672592668,0.17999999999999997,-0.09570547843411925
1777379662.169033,tb7,0.006678830210844161,0.7813580457176137,0.18,-0.037965079403143295
1777379662.1758466,tb2,-0.20151272604616505,-0.30558863943019177,0.18,0.02574840704045643
1777379662.2147295,tb1,0.21005398805933542,0.8782118532188226,0.049345909377969066,0.0985803533167619
1777379662.2148678,tb3,0.4259922658533965,0.25141052869248914,0.18,-0.09545972437784724
1777379662.2190504,tb7,0.005729052266158592,0.7902180189501381,0.18,-0.03516200536784583
1777379662.225825,tb2,-0.20227219809645622,-0.2966193315459086,0.18,0.022819310527050825
1777379662.2646585,tb1,0.20958588126275254,0.8807517745004616,0.044589063716315346,0.10667004760475962
1777379662.2647443,tb3,0.42447415866290156,0.2603250760480244,0.18,-0.09518179178870653
1777379662.2689824,tb7,0.00480030311621052,0.7991810404702181,0.18,-0.034919809273047754
1777379662.2757473,tb2,-0.20304322074551223,-0.28765627925548565,0.18,0.019988594170667714
1777379662.3146608,tb1,0.20915813464307248,0.883009099742835,0.040333411319213607,0.10920749561721774
1777379662.3147557,tb3,0.4229986384108196,0.2692466406980422,0.18,-0.0948144383045807
1777379662.3188992,tb7,0.003890364589226407,0.8081643233482496,0.18,-0.03766687167530286
1777379662.3259132,tb2,-0.20382434469645325,-0.27869939826685675,0.18,0.01728056162691217
1777379662.364795,tb1,0.20876249991313012,0.8850369388195427,0.03650988072562283,0.10914051118765619
1777379662.3648489,tb3,0.4215656048734409,0.27817497761419013,0.18,-0.0942696239222204
1777379662.3690763,tb7,0.0029968470938020516,0.8171430172443092,0.16712518211043573,-0.03674062760151567
1777379662.3757813,tb2,-0.20461417900966056,-0.2697487088726877,0.18,0.014691519611334903
1777379662.4148045,tb3,0.42017490803629776,0.2871097620175301,0.18,-0.09374200830328411
1777379662.4147725,tb1,0.20840058419744897,0.8868386379972574,0.033119771584952724,0.10759746487018017
1777379662.4189763,tb7,0.0021579768765112146,0.8257328871428644,0.14989700212856072,-0.027286052507672753
1777379662.4257834,tb2,-0.2054114101858368,-0.26080404671251317,0.18,0.012060973216121668
1777379662.4646626,tb1,0.2080677213162587,0.8884494543178669,0.03003707692892749,0.10237860088080658
1777379662.4647493,tb3,0.4188263156485135,0.29605073268580234,0.18,-0.09336336493146064
1777379662.4689946,tb7,0.0014185736255739561,0.8334411143260205,0.13452137707343473,-0.010825447171447858
1777379662.4758713,tb2,-0.2062147023940822,-0.2518653716862812,0.18000000000000002,0.009162601561460587
1777379662.5147605,tb1,0.2080677213162587,0.8884494543178669,0.03003707692892749,0.10237860088080658
1777379662.5148804,tb3,0.4188263156485135,0.29605073268580234,0.18,-0.09336336493146064
1777379662.518868,tb7,0.0007698648920043162,0.8402845240732874,0.12085802718855766,0.00040101147940849527
1777379662.5257716,tb2,-0.20699307481784548,-0.2429666986857494,0.18,0.006092754932409577
1777379662.5646455,tb1,0.20776166689507222,0.8898914651245579,0.027265749881033155,0.09652558695476934
1777379662.5647461,tb3,0.41751961103095603,0.3049977174609223,0.18,-0.0931332951582559
1777379662.5689023,tb7,0.0007698648920043162,0.8402845240732874,0.12085802718855766,0.00040101147940849527
1777379662.5757406,tb2,-0.20776388432274537,-0.2341214730704871,0.18,0.0026268523704463596
1777379662.6147172,tb1,0.20745439019647638,0.8913034585628831,0.02437833361833853,0.08300244516975683
1777379662.6147885,tb3,0.4162546917119452,0.3139506764465092,0.18,-0.09256257917538396
1777379662.618933,tb7,0.00019925267250700562,0.8463233216650601,0.1088120458700502,0.009484441357143682
1777379662.6260831,tb2,-0.20858346470927172,-0.22514727404903181,0.18,4.461675743308413e-05
1777379662.6647475,tb3,0.41503153371677026,0.3229093044780798,0.18,-0.09131407487081988
1777379662.6647227,tb1,0.2071715164513817,0.8925729380404731,0.022074064687040918,0.08402257059662288
1777379662.6690142,tb7,-0.00042421587992315835,0.8525955846912582,0.09621184477441735,0.009453764755882887
1777379662.6758893,tb2,-0.20858346470927172,-0.22514727404903181,0.18,4.461675743308413e-05
1777379662.7147229,tb1,0.20691560583959423,0.8936981160105659,0.02029312741234572,0.09640488733335975
1777379662.7147908,tb3,0.4138499683207929,0.3318731554775099,0.18,-0.08992466920590483
1777379662.7189524,tb7,-0.001022244351276088,0.8586318782468018,0.08409369122279714,0.010086810864597534
1777379662.7258756,tb2,-0.20940531623558697,-0.21617193261527878,0.18,-0.0023772750365740575
1777379662.7648256,tb3,0.41270954006736327,0.3408417155059251,0.18000000000000002,-0.088981215607429
1777379662.7648191,tb1,0.20668105006586995,0.8947088809561559,0.01841792927850546,0.09361799288324588
1777379662.7690697,tb7,-0.0014652228162824398,0.8633018603163032,0.07488894513140427,0.02732903540051443
1777379662.7757921,tb2,-0.21022658298964217,-0.2072031180455164,0.18,-0.005658208890304816
1777379662.8148396,tb3,0.4116096230875427,0.34981470684980526,0.18,-0.08810114124620316
1777379662.814808,tb1,0.20646623567829478,0.8956144472154772,0.016528969635159083,0.08031776119741103
1777379662.8190668,tb7,-0.0018492896901814856,0.8673268864866676,0.0670020646846666,0.04573403013274435
1777379662.8259096,tb2,-0.21104670133804257,-0.19823960660427736,0.18,-0.008941919669967543
1777379662.8648565,tb3,0.41054969109750233,0.3587920559520536,0.17999999999999997,-0.08713455818235909
1777379662.8648248,tb1,0.20627023667076116,0.8964239373743484,0.01493814561779077,0.07267697055176975
1777379662.8690495,tb7,-0.0021906299124245217,0.8708545438667763,0.06000776856633303,0.049788454722897175
1777379662.8758194,tb2,-0.21186415958279878,-0.18928090392172284,0.18,-0.012017510961679218
1777379662.9147716,tb3,0.40952930091057943,0.36777350598431535,0.18,-0.08607126219353017
1777379662.9147484,tb1,0.20609354778623112,0.8971411475237938,0.013725843639003501,0.07430124804789773
1777379662.919,tb7,-0.0024971239788976972,0.8739497730816493,0.053819602891369056,0.045713566831180184
1777379662.9258707,tb2,-0.2126772568540678,-0.18032690283444408,0.18,-0.014843244636994367
1777379662.9652941,tb1,0.2059328306146273,0.8977828707605461,0.012641894185415836,0.0748861923911377
1777379662.965316,tb3,0.40854794437308223,0.37675875265394076,0.18,-0.08489728343635236
1777379662.9691145,tb7,-0.0027728233298259125,0.8766661976102617,0.048431912489888644,0.04600851301264727
1777379662.976108,tb2,-0.2134817531662405,-0.1713809253897082,0.18,-0.01738926311913653
1777379663.014785,tb1,0.2059328306146273,0.8977828707605461,0.012641894185415836,0.0748861923911377
1777379663.0149372,tb3,0.40854794437308223,0.37675875265394076,0.18,-0.08489728343635236
1777379663.01909,tb7,-0.0027728233298259125,0.8766661976102617,0.048431912489888644,0.04600851301264727
1777379663.0258825,tb2,-0.21426680015975652,-0.162484733263215,0.18,-0.019845202162198705
1777379663.064759,tb3,0.4076050844185877,0.38574755563530105,0.18,-0.08357479803099072
1777379663.064777,tb1,0.20578435198754508,0.8983660276093824,0.011600408870410804,0.07224793610053862
1777379663.0689204,tb7,-0.0030232885801597885,0.8790776174108047,0.04367550020668587,0.0482098569212617
1777379663.0757318,tb2,-0.21505147312116346,-0.15359625585650147,0.18,-0.02212930421547248
1777379663.1146696,tb1,0.20563628574871207,0.8989385610870496,0.010570302299815003,0.06928040580316046
1777379663.11484,tb3,0.4067003939613984,0.39474016520572397,0.18,-0.08146031862897225
1777379663.1189704,tb7,-0.0032904662523629666,0.881554394209902,0.038747555782328615,0.04666678116720551
1777379663.1257493,tb2,-0.21505147312116346,-0.15359625585650147,0.18,-0.02212930421547248
1777379663.164705,tb1,0.2054997358206291,0.8994584983636228,0.009802662796115712,0.07255313052970014
1777379663.1647847,tb3,0.40583354282334555,0.4037357981881171,0.18,-0.07883067862117195
1777379663.1690803,tb7,-0.003600661382756939,0.884309109942973,0.03316583839466113,0.03666053511349643
1777379663.1758265,tb2,-0.21584019521115638,-0.14460361538509792,0.18,-0.02349447417539922
1777379663.2147474,tb1,0.2053740821666071,0.8999299057939109,0.009071009763640454,0.0734600219634668
1777379663.2148373,tb3,0.405003682556704,0.41273387281026236,0.18,-0.07628611787763437
1777379663.2189994,tb7,-0.0038681443341779635,0.8866891549711011,0.02840328226606263,0.03323399146862817
1777379663.2258775,tb2,-0.21661842075775814,-0.13561670977083273,0.18,-0.02506505799285089
1777379663.264776,tb1,0.20525780837867633,0.9003594506577893,0.008154882551520313,0.06393296174991284
1777379663.2649148,tb3,0.40420965654972246,0.4217338908733699,0.18,-0.07417465249787245
1777379663.2689817,tb7,-0.004047385620504949,0.8882767958747777,0.025456031631321933,0.05053720177703104
1777379663.2759035,tb2,-0.21738585662895943,-0.12663492112571795,0.18,-0.026882461050401558
1777379663.3147542,tb1,0.20515124071238394,0.9007473959039207,0.007332048175232423,0.05528988427760556
1777379663.314837,tb3,0.40345019662180226,0.4307357174339381,0.18,-0.072175312901935
1777379663.319005,tb7,-0.004202409171551414,0.889628163700721,0.022976737881498982,0.06615838158389868
1777379663.3259068,tb2,-0.2181417684224162,-0.11765808351444344,0.18,-0.028564462323872466
1777379663.3647916,tb1,0.20505589243647027,0.9010903426772167,0.006798460407114441,0.055094546524833705
1777379663.3648643,tb3,0.402724168054852,0.4397392120827428,0.18,-0.07025937185373358
1777379663.3690886,tb7,-0.004340383750889748,0.8908037076033236,0.020680900297401165,0.06406950362283352
1777379663.37577,tb2,-0.21888528436807625,-0.10868601846942189,0.18,-0.030025031101010412
1777379663.4148726,tb1,0.20496870709686454,0.9014004366828855,0.006362946706777684,0.0563244449887832
1777379663.4149935,tb3,0.40203051926908634,0.44874427954282675,0.18,-0.0683250629642634
1777379663.4189131,tb7,-0.00446523242883476,0.8918377878415522,0.01861340650613787,0.056622495658368126
1777379663.4258862,tb2,-0.21961550124769816,-0.0997187849412328,0.18,-0.031261773090429
1777379663.4648015,tb1,0.20496870709686454,0.9014004366828855,0.006362946706777684,0.0563244449887832
1777379663.464913,tb3,0.40203051926908634,0.44874427954282675,0.18,-0.0683250629642634
1777379663.4688897,tb7,-0.004577928250444653,0.8927470430486593,0.016860292899536597,0.05539677011710857
1777379663.475827,tb2,-0.2203329189596066,-0.09077382335739445,0.18,-0.03231652761247943
1777379663.5147865,tb1,0.20488784094444476,0.9016847141952982,0.005902279401562441,0.05459815199668011
1777379663.514966,tb3,0.401368253062429,0.45775071972055825,0.18,-0.06635759429052791
1777379663.5189614,tb7,-0.004577928250444653,0.8927470430486593,0.016860292899536597,0.05539677011710857
1777379663.525739,tb2,-0.22104494092459726,-0.0818841228181917,0.18,-0.033415712100397475
1777379663.5648317,tb1,0.20480727154095238,0.9019649005659551,0.005371950245149288,0.05013777614770833
1777379663.5649495,tb3,0.4007367719111894,0.46675921325415204,0.18,-0.0637670289559966
1777379663.5689912,tb7,-0.004680098857944406,0.8935517415382075,0.015352251649887867,0.057203126842102874
1777379663.575808,tb2,-0.22104494092459726,-0.0818841228181917,0.18,-0.033415712100397475
1777379663.6146715,tb1,0.20473282865045253,0.9022209947811491,0.004937628474118974,0.04758209970815204
1777379663.6148028,tb3,0.4001356061946042,0.47576876289229136,0.18,-0.06103449385900534
1777379663.619064,tb7,-0.004791671979806537,0.8944139606809974,0.013682222293370261,0.05537806475986348
1777379663.6259067,tb2,-0.22174043329428164,-0.07292456820147959,0.18,-0.03416189749318113
1777379663.6648548,tb3,0.3995635883475334,0.4847788881049059,0.18,-0.058355387142627495
1777379663.664816,tb1,0.20466513480068874,0.9024516071642243,0.004664365329316685,0.049238458270140506
1777379663.669041,tb7,-0.004915142863724754,0.895368544428504,0.011768020979942555,0.049257246438422136
1777379663.675884,tb2,-0.22241637421074703,-0.0639205943167732,0.18,-0.03461048561116338
1777379663.7147186,tb1,0.2046026827498072,0.9026623173083964,0.00438245242955863,0.04926517014949862
1777379663.7148283,tb3,0.3990193455285488,0.49378936793243294,0.18,-0.05593000295035729
1777379663.7189882,tb7,-0.005018216238928953,0.896152222012239,0.010234558474106106,0.046238038528706824
1777379663.7258189,tb2,-0.22307663410383424,-0.054921835878798286,0.18,-0.03497925735977446
1777379663.7648616,tb3,0.3985015009736266,0.5028000926628741,0.18,-0.05379642509171947
1777379663.7648032,tb1,0.2045443121951231,0.9028572752138553,0.0040053015656092775,0.04484071416686545
1777379663.769044,tb7,-0.0050933068582340165,0.8966955678138807,0.009281406716604875,0.05084810238226038
1777379663.7759202,tb2,-0.22372092183701206,-0.04592843141494557,0.18,-0.03534741331545782
1777379663.8147526,tb1,0.20449035259527745,0.9030358589725065,0.0036739283855608262,0.04114986047754267
1777379663.814937,tb3,0.3980088245137322,0.5118111330063191,0.18,-0.051766397589579405
1777379663.819004,tb7,-0.005159235698312205,0.897164275374137,0.008464331241001042,0.054102202405083254
1777379663.825758,tb2,-0.2243490355300452,-0.03694042241349162,0.18,-0.03561553276270083
1777379663.864625,tb1,0.2044413429579745,0.9031967773498588,0.0034491143200749575,0.04030281924091299
1777379663.8647435,tb3,0.39754019839313304,0.5208223624033946,0.18,-0.049868982016712214
1777379663.869032,tb7,-0.005218065453834555,0.8975743747651643,0.007706779803005618,0.05255597357157424
1777379663.8757982,tb2,-0.22496078907372716,-0.027957845187033533,0.18,-0.03577456359121565
1777379663.9149816,tb1,0.20439559549151445,0.9033458075898902,0.003103010495994995,0.034799423433548825
1777379663.9150515,tb3,0.39709462583565014,0.529833845860926,0.18,-0.04798164748875358
1777379663.9189603,tb7,-0.005271174243123186,0.8979372703290254,0.007034895861623702,0.05037481239358048
1777379663.925779,tb2,-0.22555651710683255,-0.0189815429408823,0.18,-0.03583768805115037
1777379663.9647603,tb1,0.20439559549151445,0.9033458075898902,0.0032369315131257326,0.03920431120011347
1777379663.9649265,tb3,0.39709462583565014,0.529833845860926,0.18,-0.04798164748875358
1777379663.9690137,tb7,-0.005271174243123186,0.8979372703290254,0.007034895861623702,0.05037481239358048
1777379663.975837,tb2,-0.22615378739823583,-0.010053095176852043,0.18,-0.03632219212207378
1777379664.0147018,tb1,0.2043540647224487,0.9034802353777615,0.003150215916899693,0.041729547080908716
1777379664.0148177,tb3,0.396671164969344,0.5388454624512292,0.18,-0.04608252883168822
1777379664.018948,tb7,-0.0053188816372575255,0.8982569214211165,0.00647964907937278,0.05044000985411853
1777379664.0258572,tb2,-0.22615378739823583,-0.010053095176852043,0.18,-0.03604700225306041
1777379664.0647533,tb1,0.20431153317564502,0.9036168206990415,0.002897659735624653,0.03851498695438475
1777379664.0648475,tb3,0.39626931019320993,0.5478578468569834,0.18000000000000002,-0.04363602453099277
1777379664.069089,tb7,-0.005365313457177412,0.8985620907418738,0.005943537178521775,0.04980305017735305
1777379664.0758984,tb2,-0.2267410907796429,-0.0011438852485516912,0.18,-0.03624030903885526
1777379664.1146479,tb1,0.20427123132968847,0.9037451801043654,0.0025826610808224555,0.032678815465351424
1777379664.1148384,tb3,0.3958884255199919,0.5568700593986105,0.18,-0.041372885516141766
1777379664.1189358,tb7,-0.005409832021913523,0.8988655978078163,0.0053666901910232895,0.04625866183453161
1777379664.1258337,tb2,-0.22729031704932917,0.00787237205109279,0.18,-0.035998075889997996
1777379664.1647472,tb1,0.20423460393361653,0.903861092691062,0.0023735513644703504,0.029953161854479087
1777379664.1649325,tb3,0.395527330193907,0.5658819381163077,0.18,-0.039336063109653256
1777379664.1689644,tb7,-0.005449924596121425,0.8991546033935395,0.004802079340366365,0.04168021427448651
1777379664.1758866,tb2,-0.22782288963384864,0.016882950816950338,0.18,-0.035648915521970234
1777379664.214652,tb1,0.2042013997331237,0.9039656155410016,0.002272397484630977,0.030404637137523824
1777379664.2147398,tb3,0.3951849197665082,0.5748935219564189,0.18,-0.03746962515383329
1777379664.2189958,tb7,-0.0054873776299421756,0.8994032119477426,0.004351803464627557,0.03975511808200574
1777379664.225849,tb2,-0.22833885252970215,0.025887645732304718,0.18,-0.03523828689174104
1777379664.26475,tb1,0.20417036049396062,0.904062754427652,0.002177274312008145,0.030648745405506647
1777379664.2648041,tb3,0.39486019227676344,0.5839048019430387,0.18,-0.035730246036425266
1777379664.2690146,tb7,-0.005523387767745687,0.8996252938627791,0.003997580035010804,0.041067034347058926
1777379664.2757537,tb2,-0.22883836244764463,0.034886361786739,0.18,-0.034774081651231116
1777379664.3146994,tb1,0.20414079978496316,0.9041546915540664,0.002038228528301428,0.029114864116101705
1777379664.3148272,tb3,0.3945522277174211,0.5929158054699817,0.18,-0.03409036201595767
1777379664.3190458,tb7,-0.005555313544820458,0.8998196696002151,0.003686343025880732,0.041510733258942646
1777379664.325814,tb2,-0.2293216210140306,0.043879034922167895,0.18,-0.034277708152032536
1777379664.3646924,tb1,0.20411315526608428,0.904240184106665,0.0019035210742000624,0.02742498585341987
1777379664.3647733,tb3,0.39426014604970616,0.6019264852677482,0.18,-0.03258200492944351
1777379664.368973,tb7,-0.005583474467505739,0.8999886896850123,0.0034006264513005797,0.04024387891310108
1777379664.375749,tb2,-0.22978885915781214,0.052865592303223234,0.18,-0.03375878956322077
1777379664.414877,tb3,0.39426014604970616,0.6019264852677482,0.18,-0.03258200492944351
1777379664.414876,tb1,0.20411315526608428,0.904240184106665,0.0019035210742000624,0.02742498585341987
1777379664.4189916,tb7,-0.00560832733685331,0.9001356741575773,0.0031746987489577293,0.03998204545093449
1777379664.4257097,tb2,-0.23025732184742587,0.0618175768053949,0.18,-0.03338781799408086
1777379664.4648218,tb1,0.20408743050937495,0.9043193389798992,0.0018054574597875994,0.026661381917890487
1777379664.4649749,tb3,0.3939831400695544,0.6109368869544726,0.17999999999999997,-0.03107557654431805
1777379664.4689043,tb7,-0.00560832733685331,0.9001356741575773,0.0031746987489577293,0.03998204545093449
1777379664.4757073,tb2,-0.23072540208979073,0.07071784185950626,0.18,-0.033115448347864444
1777379664.5147612,tb1,0.20406182071328208,0.9043977704816476,0.0016783225559318985,0.024962291820951818
1777379664.5148711,tb3,0.3937208132391767,0.6199476332661156,0.17999999999999997,-0.029037311731365544
1777379664.5191014,tb7,-0.005630370870801798,0.9002639578637942,0.002993690757791504,0.04014638193218269
1777379664.5257506,tb2,-0.23072540208979073,0.07071784185950626,0.18,-0.033115448347864444
1777379664.5648296,tb1,0.20403764753162146,0.9044714332739877,0.0015291743186533818,0.022377197732298258
1777379664.564862,tb3,0.3934727702893293,0.6289580340940086,0.18,-0.027202768484795508
1777379664.5690653,tb7,-0.005651338709299706,0.9003839698136701,0.002774232879976881,0.03704607142501666
1777379664.575823,tb2,-0.23114822881536107,0.07974025131865298,0.18,-0.03248382302264394
1777379664.6147852,tb1,0.2040153586800852,0.9045390599231949,0.0013997298024715425,0.02023804757508015
1777379664.6149154,tb3,0.39323812985098877,0.6379678095882503,0.18,-0.02571447438256139
1777379664.6189744,tb7,-0.005664151634310216,0.9004835822842439,0.002592619832612124,0.033756046330057764
1777379664.6258023,tb2,-0.23155584949055347,0.08875662216705696,0.18,-0.03177691336447092
1777379664.6646333,tb1,0.20399512456396265,0.9046002348431136,0.0013081750893724875,0.019137636052657985
1777379664.6647289,tb3,0.3930159422620583,0.6469770345913944,0.18000000000000002,-0.024560476602625895
1777379664.6690001,tb7,-0.005667527592186649,0.9005341302887839,0.0025117691492693873,0.03056637620818509
1777379664.675829,tb2,-0.23194840945027864,0.09776662303539264,0.18,-0.03110938441873432
1777379664.7146142,tb1,0.2039765313233639,0.9046562578325907,0.001306296266478565,0.02064311876795607
1777379664.7147524,tb3,0.3928054219041869,0.6559858740752386,0.18,-0.023349032094670753
1777379664.7189968,tb7,-0.005689949866692702,0.9006601357722672,0.002298346660212105,0.029375861710813665
1777379664.7258356,tb2,-0.2323262545289511,0.10677018724066537,0.18,-0.030309166756507175
1777379664.7646408,tb1,0.20395870041255917,0.9047097564042715,0.001271998357364535,0.020958211218505062
1777379664.7647088,tb3,0.3926059614648444,0.6649943920197253,0.18,-0.022184958762243374
1777379664.7689147,tb7,-0.005711233528465328,0.9007777689295717,0.0021208070308760736,0.02954237824609579
1777379664.7757769,tb2,-0.23268973458310527,0.1157672840988904,0.18,-0.029500866904892772
1777379664.8147738,tb1,0.20394127975002374,0.9047617825205493,0.0011803037704028693,0.019339576789708265
1777379664.8148656,tb3,0.3924169683086555,0.6740025512761051,0.18,-0.021110420837050503
1777379664.8189096,tb7,-0.005729619564086296,0.9008784569264277,0.0019722956625789993,0.029446363545308687
1777379664.8258197,tb2,-0.23303922768368807,0.12475782987374041,0.18,-0.028713679138087235
1777379664.8646858,tb1,0.20392485073091973,0.904810668803345,0.00110348124193234,0.01807823099235677
1777379664.8648322,tb3,0.39223788888174693,0.6830103971150026,0.18,-0.01999935796054051
1777379664.8690114,tb7,-0.0057454627914891926,0.9009642877927158,0.001858736141789434,0.02959165960142903
1777379664.875815,tb2,-0.23339105518991435,0.13371613137676605,0.18,-0.028116892723992686
1777379664.9146483,tb1,0.20390958616157862,0.9048559487564602,0.0010584882690984464,0.017705723057231164
1777379664.9147997,tb3,0.39206818871071175,0.6920178813788685,0.18,-0.018907715908571297
1777379664.9189095,tb7,-0.005758992016029956,0.9010366366409825,0.0017745797619116072,0.02981565311632337
1777379664.9256592,tb2,-0.2337439143124611,0.14262256121727324,0.18,-0.027624980793163115
1777379664.965274,tb3,0.39190733264583755,0.7010250067779228,0.18,-0.02044784653325145
1777379664.9654539,tb1,0.20389506698633117,0.9048988736178915,0.0009831970079141822,0.01633137502488754
1777379664.9695275,tb7,-0.005770533666261798,0.901097362334164,0.001661791509057554,0.027164467019297138
1777379664.976146,tb2,-0.2340550250771672,0.15164654715900683,0.18,-0.02686304787470825
1777379665.0148811,tb1,0.20389506698633117,0.9048988736178915,0.0009831970079141822,0.01633137502488754
1777379665.0148761,tb3,0.39190733264583755,0.7010250067779228,0.18,-0.01813734100681147
1777379665.0190098,tb7,-0.005770533666261798,0.901097362334164,0.001661791509057554,0.027164467019297138
1777379665.025722,tb2,-0.23435356359153792,0.16066390112263806,0.18,-0.026132275982453428
1777379665.0646899,tb1,0.2038815694481258,0.9049386684214279,0.0009163058472285694,0.015153757322654511
1777379665.0647607,tb3,0.39175529925808045,0.710032732211363,0.18,-0.01655899864557099
1777379665.0689464,tb7,-0.005776983080024014,0.9011423243590133,0.0016084066625381593,0.026246455158958074
1777379665.0761077,tb2,-0.23463991484465277,0.16967456028323122,0.18,-0.02578276934046402
1777379665.1147723,tb1,0.20386826386822013,0.9049777936135014,0.0007971161389777265,0.012402503437169794
1777379665.1148803,tb3,0.39161181937045353,0.7190395996978938,0.18,-0.015675951663279654
1777379665.1189642,tb7,-0.005770539776905079,0.9011416237994178,0.0016728865903974214,0.026684882474598947
1777379665.1257956,tb2,-0.23463991484465277,0.16967456028323122,0.18,-0.025501838132804114
1777379665.1646497,tb1,0.20385604318891978,0.9050136506143677,0.000734440956012993,0.011308756755781439
1777379665.1648679,tb3,0.3914760199996734,0.728045910339733,0.18,-0.015032834931698762
1777379665.168987,tb7,-0.005772168031192125,0.9011659185059882,0.0016481903874817612,0.025113573455615004
1777379665.1758153,tb2,-0.2349143580920181,0.1786786926015149,0.18,-0.024758195464807488
1777379665.2147958,tb1,0.20384526006774628,0.9050452543315864,0.0007765859527093886,0.01332294554801541
1777379665.2149978,tb3,0.3913473750621047,0.7370519267536171,0.18,-0.014291395180150815
1777379665.2189617,tb7,-0.005788587322973108,0.9012507211730836,0.0014429989176863792,0.020592349826033453
1777379665.2258265,tb2,-0.2351770502357638,0.187676298621806,0.17999999999999997,-0.02384275337017836
1777379665.2648556,tb1,0.20383485111495028,0.9050756769404984,0.000792462316001367,0.01445974988555065
1777379665.264921,tb3,0.3912255332798822,0.746057714260975,0.18,-0.013558688181107177
1777379665.268947,tb7,-0.005803194110629087,0.9013257914904702,0.0012837868090310256,0.0177677680115508
1777379665.2758427,tb2,-0.23542826194025968,0.1966671429531027,0.18000000000000002,-0.022948492831562077
1777379665.3146293,tb1,0.20382413061801974,0.9051068806948152,0.000740962475064786,0.013462615436498149
1777379665.3147361,tb3,0.391110142517119,0.7550632227640734,0.18,-0.012702318717049589
1777379665.3189137,tb7,-0.005815005231197868,0.9013861775891043,0.0012297094096558644,0.019305767237364165
1777379665.3258078,tb2,-0.23568644483367515,0.20561624276635027,0.18,-0.022356072100291592
1777379665.3647368,tb1,0.20381376556909067,0.9051369616352212,0.0006702744276054267,0.011834646753362823
1777379665.364796,tb3,0.39100082030620015,0.7640684043988468,0.18000000000000002,-0.011962778820391444
1777379665.3689346,tb7,-0.005824513177205237,0.9014343587852961,0.0012065748548040144,0.02121917758754626
1777379665.375898,tb2,-0.2359367712247989,0.21454832521633665,0.18000000000000002,-0.021768024122582816
1777379665.414849,tb3,0.3908971691502826,0.7730732880551543,0.18,-0.011614500576020889
1777379665.4148498,tb1,0.20380425268937272,0.9051645235546405,0.0006104761038685708,0.010523921827632746
1777379665.4189546,tb7,-0.005832308117172658,0.9014732579438657,0.0011395255293696884,0.01968643610795924
1777379665.4258537,tb2,-0.23615697614055117,0.22357064050993833,0.18,-0.020988994028792944
1777379665.4645793,tb1,0.2037956211414433,0.9051895008433205,0.0005796249592384734,0.01006359741316835
1777379665.4646926,tb3,0.39079887811979896,0.7820780032939456,0.18,-0.011317602852800732
1777379665.4688723,tb7,-0.005837978912065353,0.9015021809032673,0.0010866484856442568,0.01787078201720799
1777379665.475829,tb2,-0.23636723624211536,0.23258614232740418,0.18,-0.02023633095921898
1777379665.5147326,tb1,0.2037875305747264,0.9052128735729382,0.0005218837343461732,0.008784514751284526
1777379665.5147867,tb3,0.3907057772792377,0.7910826265159657,0.18,-0.011154216292205968
1777379665.519041,tb7,-0.005831306980048305,0.9014879155920515,0.0011527690414529436,0.01768803547680833
1777379665.5258598,tb2,-0.2365679123767326,0.24159480174206865,0.18,-0.019595948419934624
1777379665.5649107,tb3,0.3908246852419234,0.7988452897820663,0.18,0.009537240971400653
1777379665.5655272,tb1,0.20377910373459157,0.9053280115289125,-0.0001441212992188032,-0.004655302497885863
1777379665.5689747,tb7,-0.005823458544519907,0.9014621684447675,0.0011414052376302565,0.012450743283234974
1777379665.5757127,tb2,-0.23675936113246743,0.25059661395822685,0.18,-0.019448673086078914
1777379665.6148124,tb3,0.3908246852419234,0.7988452897820663,0.18,0.009537240971400653
1777379665.6148229,tb1,0.20377910373459157,0.9053280115289125,-0.0001441212992188032,-0.004655302497885863
1777379665.6190248,tb7,-0.005836718468686203,0.9015282443711258,0.0009576717576988922,0.008627840608730971
1777379665.6257474,tb2,-0.23694184372203142,0.25959175870138856,0.18,-0.019067205175961183
1777379665.6648672,tb1,0.20377294277542068,0.9053464605975076,-0.0001405725102780099,-0.0030047879912562274
1777379665.6649764,tb3,0.3909350907842113,0.7998967831716425,0.18,-0.1600147603928445
1777379665.669052,tb7,-0.005836718468686203,0.9015282443711258,0.0009576717576988922,0.008627840608730971
1777379665.6757932,tb2,-0.23711855428648007,0.268575272872812,0.18,-0.01801760864347052
1777379665.7152276,tb1,0.20375782304895576,0.9053911948710167,0.0003189427708455073,0.013744043031735497
1777379665.715346,tb3,0.3907631156780645,0.8023491268381087,0.18,-0.6599125789940318
1777379665.7190468,tb7,-0.005847345702552173,0.901581215565984,0.001008140830136886,0.015677025729434024
1777379665.726414,tb2,-0.23730107055416516,0.2775082465535858,0.18000000000000002,-0.01764484874231723
1777379665.7647536,tb1,0.20373465526308324,0.905459495709157,0.0006897685577623566,0.02892972963012755
1777379665.7648447,tb3,0.3905268661234139,0.8057918308132653,0.17607837012621208,-1.4962706029330475
1777379665.769003,tb7,-0.005856556251973365,0.901626967527869,0.0011216760096799247,0.025088802092300536
1777379665.7758443,tb2,-0.23730107055416516,0.2775082465535858,0.18000000000000002,-0.016937238321175465
1777379665.8147528,tb1,0.20370593520949262,0.9055443425889957,0.00023426457347345815,0.018948221039729617
1777379665.8148634,tb3,0.3904025489399273,0.8069994251468268,0.10042176347466593,-1.5
1777379665.8189914,tb7,-0.005864519575536965,0.9016658534948372,0.0010578880250827188,0.02397215018132067
1777379665.8258557,tb2,-0.2374681110692963,0.28647590124273103,0.18,-0.016009821162389325
1777379665.8653266,tb3,0.39084727271380626,0.8043258362038629,0.06772634763757583,-1.5
1777379665.8653526,tb1,0.20367902268272714,0.905624323760327,-0.001566092289597759,-0.03128577549351231
1777379665.869027,tb7,-0.005871338701596167,0.9016983485412499,0.0006051919445556965,0.002187970631777622
1777379665.875767,tb2,-0.2376174331667369,0.29549487930244633,0.17999999999999997,-0.016436275719379417
1777379665.914838,tb3,0.392033018946522,0.7986235017209724,0.05047598509149419,-1.5
1777379665.9149125,tb1,0.20366820954124065,0.9056552997415095,-0.0037586381314079443,-0.09290361542903551
1777379665.9190357,tb7,-0.00587529296359343,0.9017169948951238,-4.181794431843116e-05,-0.029346475828299037
1777379665.9258425,tb2,-0.2377592963361751,0.3045069910421597,0.18,-0.018795795890529925
1777379665.9648423,tb1,0.20368420034080537,0.905601666874765,-0.004965330996680548,-0.1261617814116218
1777379665.965094,tb3,0.39378643570269056,0.7917152222726048,0.03906684749087894,-1.5
1777379665.9689622,tb7,-0.005862560561618521,0.9016927350556528,-0.0006714868641726547,-0.06308627724664106
1777379665.9758334,tb2,-0.23789361712395862,0.313513064950788,0.18,-0.02254415000876098
1777379666.014701,tb1,0.20372083950660214,0.9054788734203931,-0.005484381942211796,-0.14038687460343205
1777379666.0148191,tb3,0.3960504028804833,0.7841999312886858,0.030755933108672313,-1.5
1777379666.0189743,tb7,-0.005843173708054934,0.9016329717259282,-0.0013244787565032691,-0.10076408871522541
1777379666.0258262,tb2,-0.23801933522433372,0.32251406152249057,0.18,-0.027071015495291482
1777379666.0649335,tb3,0.3960504028804833,0.7841999312886858,0.030755933108672313,-1.5
1777379666.0649714,tb1,0.20372083950660214,0.9054788734203931,-0.005484381942211796,-0.14038687460343205
1777379666.0689342,tb7,-0.005841673718486311,0.9016315856402438,-0.0010731252929920116,-0.08117542015973586
1777379666.0757303,tb2,-0.23813454224992264,0.331510633974778,0.18,-0.03182920788802037
1777379666.1146379,tb1,0.2037668969567287,0.9053197534734567,-0.006071315470065021,-0.15819134845868002
1777379666.1147325,tb3,0.398815201771374,0.7763043155020933,0.024564379666077017,-1.5
1777379666.1190639,tb7,-0.005841673718486311,0.9016315856402438,-0.0010731252929920116,-0.08117542015973586
1777379666.1258001,tb2,-0.23824163127737905,0.3404837765296629,0.18,-0.024549048395619617
1777379666.1649404,tb1,0.2038142487759636,0.9051502909067013,0.0011290343832663918,0.06857580396212018
1777379666.164975,tb3,0.397305338979511,0.7795860438574268,0.004142754232157624,-1.5
1777379666.1689653,tb7,-0.005839200277601249,0.9016238844931815,0.0009538841350485223,0.029632720457904504
1777379666.1760697,tb2,-0.23824163127737905,0.3404837765296629,0.18,-0.024549048395619617
1777379666.2149625,tb3,0.3927528999951023,0.7894603566998137,-0.019313601829669482,-1.5
1777379666.214936,tb1,0.20386336971451996,0.9049711295049201,0.013380686830854862,0.4675151637873762
1777379666.2190177,tb7,-0.005836300831950632,0.9016128467296959,0.004123750682348726,0.20376453766419442
1777379666.2259333,tb2,-0.2383483777404559,0.3494024801379407,0.18,-0.008844879398945316
1777379666.2647204,tb1,0.20383999432170768,0.9050742599178809,0.017555885547910616,0.5772541445056427
1777379666.2649097,tb3,0.38840802266468544,0.7980078618955334,-0.037379810898891364,-1.5
1777379666.2690945,tb7,-0.005845409443155852,0.901656726350227,0.005232950967715924,0.25568060316858204
1777379666.2759178,tb2,-0.23842423199596835,0.35842812540542746,0.18,0.006040868313416143
1777379666.3147893,tb1,0.20369858082134815,0.9055908173899252,-0.005579857823133402,-0.15585638241099178
1777379666.3149128,tb3,0.39228462729694713,0.791341904242011,-0.04049880880384738,-1.5
1777379666.3189933,tb7,-0.0058702515421815695,0.9017686512086869,0.00013824117595730785,-0.018574574468667615
1777379666.3257897,tb2,-0.23849354724626684,0.367439445293622,0.18,-0.0038943371040762263
1777379666.364627,tb1,0.20357885191862982,0.9059778875134333,-0.02851194140574956,-0.7867537061983632
1777379666.3648148,tb3,0.39833879322296845,0.7815876109546604,-0.03970110045540017,-1.5
1777379666.3691661,tb7,-0.005888810372445584,0.9018488104571494,-0.005152936803652216,-0.27422530028206915
1777379666.3759036,tb2,-0.23856325837620512,0.37644035617434524,0.18,-0.021969843473261003
1777379666.4148834,tb3,0.40477498587973243,0.7720314197851261,-0.03774968039857568,-1.5
1777379666.415157,tb1,0.2037536013430824,0.9053864658527304,-0.02210969055318032,-0.6469787696625391
1777379666.419027,tb7,-0.0058691231569037595,0.9018067991766939,-0.007932262359422996,-0.4096141877692493
1777379666.4258199,tb2,-0.23863115049683753,0.38544140119828224,0.18,-0.04009007205938168
1777379666.464822,tb3,0.4004875973110446,0.7778151279056018,-0.055061652446248034,-1.5
1777379666.4649918,tb1,0.20398546585567984,0.9045235439668725,0.006615575674252102,0.2489952914369757
1777379666.4689794,tb7,-0.005838312264795014,0.9017029386077547,-0.004033743674912672,-0.23044156171944324
1777379666.4758368,tb2,-0.23868873808822372,0.39444473480313486,0.18,-0.0243058570650155
1777379666.5146956,tb3,0.39630991740478133,0.7830900911054967,-0.07040448818755651,-1.5
1777379666.5151148,tb1,0.20408166259694388,0.9041846809108972,0.008596429450237898,0.2972738282504416
1777379666.5189612,tb7,-0.00581232156041588,0.9015904760791303,0.002358144274653047,0.10326525196434941
1777379666.5258431,tb2,-0.23873412732672541,0.4034342086315615,0.18,-0.008059389087171069
1777379666.5649173,tb1,0.20408166259694388,0.9041846809108972,0.015748888523044385,0.5394191825524898
1777379666.5649977,tb3,0.39630991740478133,0.7830900911054967,-0.07040785681962874,-1.5
1777379666.5693696,tb7,-0.005819363173585808,0.9016251173104722,0.002003983085933807,0.08391345047196996
1777379666.575685,tb2,-0.2387841688111863,0.4123705758046403,0.18,-0.0027043852950779158
1777379666.6146495,tb1,0.2040179375091471,0.9044515201296066,0.00875155729348247,0.27600565244143294
1777379666.614811,tb3,0.39591171325872576,0.7837224651067042,-0.07990429814079543,-1.5
1777379666.6189094,tb7,-0.005819363173585808,0.9016251173104722,0.0020652682744068986,0.08708747206122004
1777379666.62568,tb2,-0.2388147513639617,0.4213512719476743,0.18,-0.02689286564691053
1777379666.6648123,tb1,0.20388847662262016,0.9049385785724361,-0.023140745926551857,-0.7043473216501451
1777379666.6650414,tb3,0.4045584942416393,0.7743914180433892,-0.07629098093791095,-1.5
1777379666.6690474,tb7,-0.005832656236654774,0.9016883845595504,-0.003141679703582167,-0.18040476381296658
1777379666.6763022,tb2,-0.23883100609522723,0.4303727527738458,0.18,-0.05054132827060466
1777379666.714887,tb3,0.41379586957377334,0.765054500503367,-0.06941836590012339,-1.5
1777379666.7148569,tb1,0.2038063716550417,0.9052129338482269,-0.04879103650455365,-1.4083720519294363
1777379666.719018,tb7,-0.005845122451327767,0.9017464519426198,-0.008665963849854129,-0.4527290146799786
1777379666.7258584,tb2,-0.23883100609522723,0.4303727527738458,0.18,-0.05054132827060466
1777379666.7647812,tb3,0.4137784688221499,0.7649415609245523,-0.07848930980522557,-1.5
1777379666.7647429,tb1,0.2039921451251819,0.9045516366085111,-0.023689372580951117,-0.7566256312604334
1777379666.7689972,tb7,-0.005823565926163626,0.9016501035470909,-0.005043507021820163,-0.2771113532410926
1777379666.7757454,tb2,-0.23883036268170346,0.4393990233372058,0.18,-0.042077684043506924
1777379666.814739,tb1,0.20450445023744684,0.9024971127399348,0.017697317516734472,0.6834052799493633
1777379666.8148646,tb3,0.4098245617805439,0.7684207051966917,-0.09464475513081672,-1.5
1777379666.819022,tb7,-0.00574520284654991,0.9014123055854875,0.002479870844060845,0.1487761232327755
1777379666.825746,tb2,-0.2388069985085265,0.44841858758492364,0.18,-0.02250130244610368
1777379666.8649144,tb1,0.2046924086149635,0.9015942696584902,0.02987228637240478,1.284073290209102
1777379666.8649347,tb3,0.40765012382947075,0.770282424769042,-0.10733417520286398,-1.5
1777379666.869003,tb7,-0.005560957734882615,0.9011576110313125,0.007366245074566821,0.4822447122690908
1777379666.8758647,tb2,-0.23876373103085533,0.4574258998593424,0.18,-0.009883542850560638
1777379666.914892,tb3,0.41864774706688057,0.761821338207499,-0.09667034647018692,-1.5
1777379666.9148521,tb1,0.2046160959680489,0.9020086792199258,-0.0025497337939152844,-0.20617219430659267
1777379666.9189363,tb7,-0.0054684660425124805,0.9009740655860698,0.0041638016747140814,0.24955079666352714
1777379666.925775,tb2,-0.23870934758526607,0.4664171065129442,0.18,-0.04204951036387938
1777379666.9652991,tb3,0.4298186891503201,0.7536858706890975,-0.08060066477025804,-1.5
1777379666.9652457,tb1,0.20441758199125748,0.9027439610097249,-0.04107434978625239,-1.439201161945908
1777379666.9695134,tb7,-0.005494579789746126,0.9011073983095952,-0.004379575352273962,-0.29444842663377885
1777379666.9760942,tb2,-0.23867024052565378,0.4753608254880235,0.18,-0.07582988250538863
1777379667.0147226,tb1,0.2045582867051324,0.9022012085029028,-0.02896340837423163,-1.1794960032304354
1777379667.0148063,tb3,0.4402769732024738,0.7457308574529349,-0.06074066971149047,-1.5
1777379667.0189753,tb7,-0.005496981487157621,0.9011245876152959,-0.007516466308914024,-0.478879087630144
1777379667.0258138,tb2,-0.238614444381183,0.4843334786547025,0.18,-0.10274659829340323
1777379667.065487,tb3,0.44790265991526784,0.739810136321654,-0.04440088273852026,-1.5
1777379667.066035,tb1,0.2048090590147145,0.9010956291957744,0.00019483165410596808,-0.0782544148263986
1777379667.0690103,tb7,-0.005470504646715531,0.9009862578965423,-0.004134056466700041,-0.2918755167340902
1777379667.0758092,tb2,-0.2385121006104047,0.4933864701510968,0.18,-0.10875061687009083
1777379667.1148498,tb1,0.2048090590147145,0.9010956291957744,-0.007002065839152363,-0.436152914747622
1777379667.1149158,tb3,0.44790265991526784,0.739810136321654,-0.044929266126410856,-1.5
1777379667.1189616,tb7,-0.005470504646715531,0.9009862578965423,-0.004134056466700041,-0.2918755167340902
1777379667.1257577,tb2,-0.23836316438272365,0.5024382545570061,0.18,-0.06563742940224991
1777379667.1646998,tb1,0.20490844485665766,0.9005694276659146,0.004855515700073363,0.1533674374109561
1777379667.1648118,tb3,0.4427640825692083,0.7428099862570251,-0.07018798858872034,-1.5
1777379667.1689634,tb7,-0.0054536532826728115,0.9008906724094491,0.0008371059972937587,0.07494109297930376
1777379667.1762168,tb2,-0.23817304723751184,0.5114665851860473,0.18,-0.03358794502557471
1777379667.2148519,tb1,0.20500145481973803,0.9003859631979876,0.013036213077115996,0.7129294398059938
1777379667.2149367,tb3,0.4392080882082632,0.7446727143168804,-0.08901692986916443,-1.5
1777379667.2190697,tb7,-0.005439137495502928,0.900801697053251,0.0040939837522402005,0.3829877466483986
1777379667.2259023,tb2,-0.23817304723751184,0.5114665851860473,0.18,-0.03358794502557471
1777379667.2648706,tb3,0.43567969177647675,0.7465058686264349,-0.10757247668068544,-1.5
1777379667.2649727,tb1,0.20526235218565841,0.9002832478581239,0.01939319527364824,1.3274191065587253
1777379667.269115,tb7,-0.005542479725436408,0.900727975370672,0.004136431988074482,0.3565574350985723
1777379667.2757332,tb2,-0.23796027045294477,0.5204714783464627,0.18,-0.007591522894832687
1777379667.3148353,tb1,0.2055348051833821,0.9001171126019872,0.017966496108814557,1.5
1777379667.3153114,tb3,0.4322681354893329,0.7481917470776701,-0.12577311698159924,-1.5
1777379667.3189993,tb7,-0.005674014665967398,0.9005958468565474,0.004040403307930521,0.3062441812800271
1777379667.325842,tb2,-0.23773401904459507,0.5294663850446292,0.18,0.018813826626970252
1777379667.3648067,tb1,0.20581622244947562,0.899888192205232,0.014500634259147518,1.5
1777379667.3649223,tb3,0.4312253842239286,0.7487959619697787,-0.13806910943128248,-1.5
1777379667.3690739,tb7,-0.0056869014541457655,0.9006587344632436,0.0006840572157812491,0.005113766559193385
1777379667.3758223,tb2,-0.23752452805893337,0.5384060142589666,0.18,0.02921644127815678
1777379667.4147146,tb1,0.20610407555171892,0.8995967178857381,0.011457918509032201,1.5
1777379667.414826,tb3,0.444882253751389,0.7430872207327287,-0.10638970977776024,-1.5
1777379667.41899,tb7,-0.005698468193835832,0.9007215347379683,-0.006572682739413474,-0.4904288984872248
1777379667.4259021,tb2,-0.23730062430187618,0.5473639133497727,0.18,-0.02215267790708381
1777379667.464721,tb1,0.20639587407598414,0.8992425370388335,0.008653968031968417,1.5
1777379667.4648075,tb3,0.4585396506366961,0.7377473341039564,-0.06575437944332749,-1.5000000000000002
1777379667.4689116,tb7,-0.005694185899337312,0.9007076998627691,-0.008186824030981902,-0.6252814279765229
1777379667.4758089,tb2,-0.23707252166595866,0.556367313764355,0.18,-0.07511791671799412
1777379667.5146976,tb1,0.2066891423348842,0.8988250971330674,0.005579664765096835,1.5
1777379667.5148125,tb3,0.45885950021153343,0.7375596211350242,-0.07183106246788645,-1.5000000000000002
1777379667.5190063,tb7,-0.005672119486157631,0.9005838170657052,-0.0018690271958075836,-0.1726067094919725
1777379667.5258262,tb2,-0.23683473031781058,0.5653893137066689,0.18,-0.06121968986483404
1777379667.5647378,tb1,0.2069813926330508,0.8983434396219403,0.002430062037682581,1.5000000000000002
1777379667.5648222,tb3,0.45451318588098094,0.7390159762047338,-0.09570165543444459,-1.5
1777379667.569043,tb7,-0.005660605414362844,0.9005094319598382,0.001348832217920981,0.1608066296983325
1777379667.575791,tb2,-0.23656718117506265,0.5744120515538977,0.18,-0.02126421104429956
1777379667.6149163,tb3,0.45451318588098094,0.7390159762047338,-0.09570165543444459,-1.5
1777379667.6151743,tb1,0.2069813926330508,0.8983434396219403,0.002430062037682581,1.5000000000000002
1777379667.6192133,tb7,-0.00568205615036761,0.9004698052315699,0.0005728164457124982,0.05751760533629775
1777379667.6257684,tb2,-0.23627693500589217,0.5834125867601285,0.18,-0.02068951332718709
1777379667.6647234,tb1,0.20709301184584195,0.9043053262628122,-0.006566185630170067,1.5
1777379667.6648324,tb3,0.4582621910327965,0.7379444081246754,-0.0879057142739727,-1.5
1777379667.6690876,tb7,-0.00568205615036761,0.9004698052315699,-0.00020198864902639936,-0.02170001958922573
1777379667.6757007,tb2,-0.23597895485597786,0.5923936966469779,0.18,-0.05854346706890234
1777379667.7148943,tb1,0.20696026433511536,0.9012904377772242,-0.0066115099555252065,1.5000000000000002
1777379667.7149837,tb3,0.4704800819125655,0.7344870375591919,-0.04219590752708174,-1.5
1777379667.7189906,tb7,-0.0057322283517482215,0.900375762771084,-0.00420702297626924,-0.43145261660530393
1777379667.7262692,tb2,-0.2356834662977734,0.6013234829441939,0.18,-0.04506819069875679
1777379667.7649848,tb3,0.47886462881603514,0.7322504278151356,-0.008522242394649923,-1.5
1777379667.764897,tb1,0.20661096707228324,0.893387778292284,-0.00043416331765940057,1.5
1777379667.7690766,tb7,-0.005739973363533327,0.9003609341130872,-0.0059960368187555665,-0.6025786881196262
1777379667.7758348,tb2,-0.2356834662977734,0.6013234829441939,0.18,-0.08028368926567918
1777379667.8148868,tb1,0.20659083402638698,0.892168483068776,-0.0030425245432169914,1.5
1777379667.814883,tb3,0.47397272377256255,0.73340390099019,-0.03574943857905396,-1.5
1777379667.8189266,tb7,-0.005733896025849276,0.9003549064217481,-0.0011315362530796968,-0.13345578976255956
1777379667.8259504,tb2,-0.23536203636774347,0.6103350206572407,0.18,-0.036861894125511975
1777379667.8647969,tb1,0.20718098328779644,0.8996059849360226,-0.012645776240874545,1.5
1777379667.8649516,tb3,0.4681010781789306,0.7347145526640932,-0.0679366734482446,-1.5
1777379667.8690486,tb7,-0.0057261886241083,0.9003305168417928,0.001833661921101248,0.3810137986755672
1777379667.8759134,tb2,-0.2350081617014583,0.6193697865258176,0.18,0.020070890901470868
1777379667.9147758,tb1,0.20719305701718663,0.9003818153811429,-0.015529000302008688,1.5
1777379667.9149284,tb3,0.47794339956888365,0.7327813830921669,-0.027944010674599454,-1.5
1777379667.9190755,tb7,-0.005725441670740547,0.9003141791954196,0.000535063708314811,0.1447089269982268
1777379667.9258761,tb2,-0.234632399620345,0.6283741641342555,0.18,-0.007918739398368742
1777379667.9648643,tb1,0.2062975595943788,0.8924665541605932,-0.010033890470293171,1.5
1777379667.9649253,tb3,0.48813368757679204,0.7309204379979904,0.017773288623206394,-1.5
1777379667.9690802,tb7,-0.005724082770319939,0.9002418494979724,-0.0018449465377470074,-0.2620475725165589
1777379667.9759452,tb2,-0.23425855471787002,0.6373565083981022,0.18,-0.042430212073327325
1777379668.0146852,tb1,0.20599790611321217,0.8897885861742482,-0.01070967997441303,1.5
1777379668.0148377,tb3,0.481839568876538,0.7319299686980502,-0.014382646372372089,-1.5
1777379668.0189924,tb7,-0.005664891971794469,0.9002128918018059,-0.00044793354968774917,-0.0708434952252264
1777379668.0258503,tb2,-0.23388145984076744,0.6463471637210424,0.18,0.012355968270170057
1777379668.064666,tb1,0.20690783071509952,0.8963526394426455,-0.018574312913368494,1.5
1777379668.0648012,tb3,0.4750620737502144,0.7329479185323816,-0.05115502662392033,-1.5000000000000002
1777379668.0689898,tb7,-0.00547160474360167,0.9001727299900673,0.0013024198380024938,0.24692213736916493
1777379668.0758245,tb2,-0.2334938778443957,0.6553160392343328,0.18,0.06739756263423978
1777379668.1145768,tb1,0.2068005025554275,0.8960112205073826,-0.01981719304193452,1.5
1777379668.1148398,tb3,0.4834987778121399,0.7318500433613709,-0.015199066727491429,-1.5
1777379668.1189559,tb7,-0.0054163934757221885,0.8999683196959495,0.0006872237416350332,0.05780024423609197
1777379668.1257815,tb2,-0.23310001754923007,0.6642535539652158,0.18,0.04053491295524076
1777379668.164735,tb1,0.2068005025554275,0.8960112205073826,-0.01981719304193452,1.5
1777379668.1648147,tb3,0.4834987778121399,0.7318500433613709,-0.015199066727491429,-1.5
1777379668.1689167,tb7,-0.0054179631072403265,0.8999755977340049,-0.0003860924921787021,-0.13250325618066794
1777379668.1756835,tb2,-0.232705473098668,0.6732346931118703,0.18,0.004607920086582732
1777379668.2148802,tb1,0.2055015601551498,0.8881610554701423,-0.014270050549988712,1.5
1777379668.2148964,tb3,0.4919829223314445,0.7308612420285632,0.023983648956814266,-1.5
1777379668.2190745,tb7,-0.0054179631072403265,0.8999755977340049,-0.0003860924921787021,-0.13250325618066794
1777379668.2257288,tb2,-0.2323236603366977,0.6822257009642808,0.18,-0.02314410682926111
1777379668.2649786,tb1,0.2053942265808828,0.8873706612715292,-0.014397689704590813,1.5
1777379668.264999,tb3,0.4988535311796922,0.7302793758419647,0.05230771714080469,-1.5
1777379668.2689228,tb7,-0.005418867162068921,0.9000149745256465,-0.0007339403127390463,-0.1844133862143409
1777379668.2757316,tb2,-0.2319390855614845,0.6912238128669067,0.18,-0.016232913892132907
1777379668.314735,tb3,0.49982059931131206,0.7301960675626139,0.051029655139442416,-1.5
1777379668.3147342,tb1,0.20649291647954543,0.8933709723753942,-0.02149421294120402,1.5
1777379668.318955,tb7,-0.005419130990651963,0.9000515312523217,-0.0007238625371173624,-0.17878064960994644
1777379668.3258407,tb2,-0.2319390855614845,0.6912238128669067,0.18,-0.016232913892132907
1777379668.3647518,tb1,0.2057163037859941,0.8895788028427003,-0.020398098191551514,1.5
1777379668.3649278,tb3,0.49151955969295585,0.7308757839796929,0.01340663651477165,-1.5000000000000002
1777379668.369038,tb7,-0.005418332882965336,0.9000867116178056,0.0006180899493789912,0.17067359963547576
1777379668.375798,tb2,-0.2315459514920328,0.7002136706380337,0.18,0.07199074319571021
1777379668.4146762,tb1,0.2041873909550575,0.8820131335319522,-0.016574906809344737,1.5
1777379668.4148426,tb3,0.48388101588010624,0.731487621893155,-0.019289614571390994,-1.5
1777379668.4191017,tb7,-0.005422918464177555,0.9001022745901117,0.0014900678906124736,0.5554148929709397
1777379668.4257922,tb2,-0.23115109258043193,0.7091899122884839,0.18,0.17316411665359346
1777379668.464726,tb1,0.20505813655194188,0.886098875425701,-0.021713480221925183,1.4999999999999998
1777379668.4648056,tb3,0.47621422379995415,0.731956509980673,-0.058541686101702795,-1.5
1777379668.469148,tb7,-0.0054354949419619025,0.9000610066200728,0.001497725590835938,0.7877137471432404
1777379668.4758146,tb2,-0.230765744160599,0.7181165216990683,0.18,0.25697314971504653
1777379668.5148141,tb1,0.20561969315309986,0.8888299383994396,-0.02508851871892169,1.5
1777379668.5149527,tb3,0.46887653993612943,0.7324050848133304,-0.09697802091795882,-1.5
1777379668.5190232,tb7,-0.005438235734768768,0.8999080255396755,0.0024165344868500678,0.47429012705128176
1777379668.5258508,tb2,-0.2303930236851784,0.7270335805072188,0.18,0.2677283007121686
1777379668.5647104,tb1,0.20397401269190424,0.8814279436092144,-0.020562583563993375,1.5
1777379668.5647724,tb3,0.47287026660209985,0.7323200948271521,-0.07546400621055152,-1.5000000000000002
1777379668.568935,tb7,-0.00543452886426076,0.8997024627349279,0.0003975512314658594,-0.10231655155615532
1777379668.5757852,tb2,-0.230123323003426,0.7359195267366566,0.18,0.16898446806625372
1777379668.6147041,tb1,0.20371873759618284,0.8801978882669488,-0.01867053682107503,1.5
1777379668.614776,tb3,0.4840709339436334,0.7320505660191174,-0.024821103445756686,-1.5
1777379668.6190648,tb7,-0.005434231494636799,0.8996670574390702,-0.0030333157135180614,-0.5117486725546759
1777379668.6258605,tb2,-0.22996738420826165,0.7448157470986624,0.18,-0.01180071400717896
1777379668.6647446,tb1,0.2048756635074064,0.8852979135713144,-0.021831631377987867,1.5
1777379668.6648414,tb3,0.49404857281944886,0.731875802985449,0.014587319620639964,-1.4999999999999998
1777379668.6690254,tb7,-0.005435629954287646,0.8997342527289542,-0.0024661140150982947,-0.49640577255057877
1777379668.675851,tb2,-0.22988370773088193,0.7537688948883969,0.18000000000000002,-0.1555092234102986
1777379668.714585,tb1,0.20336489878082337,0.8788088359746558,-0.0175839341928103,1.5
1777379668.7147186,tb3,0.4881421985200782,0.7318825552946585,-0.0087459218143305,-1.4999999999999998
1777379668.7189484,tb7,-0.0054337324967556055,0.8998154171805752,0.0012609982575658945,0.15173835957652854
1777379668.7257626,tb2,-0.2297929055979546,0.7627966449492987,0.18,-0.03014015092228114
1777379668.76495,tb3,0.4881421985200782,0.7318825552946585,-0.0087459218143305,-1.4999999999999998
1777379668.7648065,tb1,0.20336489878082337,0.8788088359746558,-0.0175839341928103,1.5
1777379668.7689319,tb7,-0.005354545112312868,0.8998672443634645,0.0020146430933068436,0.6985612256066219
1777379668.7758195,tb2,-0.22958024585084436,0.7718025885449453,0.18,0.14427839802569128
1777379668.8147528,tb1,0.20270121778417705,0.8758762543207302,-0.016462476925642726,1.5000000000000002
1777379668.814983,tb3,0.48174149919466475,0.7318768298544043,-0.03687972715853198,-1.5
1777379668.819091,tb7,-0.005354545112312868,0.8998672443634645,0.0020146430933068436,0.6985612256066219
1777379668.8256884,tb2,-0.22937227796273632,0.7807599857670736,0.18,0.13690196384496253
1777379668.8648372,tb3,0.48266832776386476,0.7319305074325022,-0.036653586036495725,-1.5000000000000002
1777379668.8648624,tb1,0.2038332996319207,0.880773444757497,-0.0200913899712247,1.5
1777379668.8690808,tb7,-0.005276543158347226,0.8990955542661265,0.0026280217102001096,0.8696363979342138
1777379668.8757656,tb2,-0.22937227796273632,0.7807599857670736,0.18,0.13690196384496253
1777379668.9147546,tb1,0.20246976098517402,0.8749120284616513,-0.013144290294992799,1.5
1777379668.914841,tb3,0.491046926401115,0.7320754030443597,0.002308190376855273,-1.5
1777379668.9190059,tb7,-0.005278986812059005,0.8987711718377375,0.0034123326836530982,0.17621540973886796
1777379668.9259145,tb2,-0.22921789654610095,0.7897061905946846,0.18,0.0005413943314566911
1777379668.9649885,tb1,0.20202007923630882,0.8729012359823615,-0.008991130809009835,1.5
1777379668.9653533,tb3,0.4970630239561926,0.7321796824475981,0.02730582231360764,-1.5000000000000002
1777379668.9694886,tb7,-0.005272562272016958,0.8985184978035554,-0.0017212433773480611,-0.6405249267535134
1777379668.9764066,tb2,-0.2291246291343212,0.7986482492887382,0.18,-0.1476873749341275
1777379669.0146985,tb1,0.20298071103303333,0.8774959199658116,-0.01427341148238519,1.5
1777379669.0148528,tb3,0.49075676327551876,0.7319876386782552,-0.0015596295472597942,-1.5
1777379669.019056,tb7,-0.0052799222507070335,0.8985894320060205,-0.0021972771165761885,-0.6561194270636515
1777379669.025803,tb2,-0.22905739482051865,0.8076513972321223,0.18,-0.07132598832070157
1777379669.0647602,tb1,0.2037230849227633,0.8816728308480969,-0.018370801201289377,1.5
1777379669.0648875,tb3,0.48368539020341894,0.7317794726961192,-0.034740780068421406,-1.5
1777379669.0690737,tb7,-0.005285227955706094,0.8987726131834715,0.002756636947646038,-0.003297274885759236
1777379669.0759141,tb2,-0.22894793767983965,0.8166986099052047,0.166461614414194,0.12206026885497101
1777379669.114722,tb1,0.20445371016091046,0.8857989101529253,-0.02026864457977619,1.5
1777379669.1147764,tb3,0.48880142474322164,0.7319893080461888,-0.014321146140239977,-1.5
1777379669.1188977,tb7,-0.005304411820940906,0.8989301463732307,0.0030972572172644507,0.2709663903751379
1777379669.1259112,tb2,-0.22882261129749876,0.8256982428492838,0.14848810349649277,0.09468051221052999
1777379669.164849,tb3,0.496339815559402,0.7322673067102604,0.01555489247953481,-1.5
1777379669.1648257,tb1,0.20517320205773956,0.8898747754252069,-0.02211584237238209,1.5
1777379669.169051,tb7,-0.005373188416419791,0.8990235466325315,0.002508834148114598,0.2529159054140029
1777379669.1759014,tb2,-0.2286980317935726,0.8342976302937354,0.1314550591909179,0.008747489351496482
1777379669.2146933,tb1,0.205882081690079,0.8939006181528095,-0.025013061072966518,1.5
1777379669.2147555,tb3,0.4947984790719484,0.7321752489425193,0.0073770933158147905,-1.5
1777379669.2190914,tb7,-0.0053832711801818185,0.8991969791016458,0.0021221322067641792,0.2870807237258371
1777379669.225793,tb2,-0.2285695854355758,0.8412381966688373,0.11758162088170925,-0.00400530306488948
1777379669.2647672,tb3,0.48834246756817384,0.7319399030800725,-0.02033851043981495,-1.4999999999999998
1777379669.2653873,tb1,0.2065807754764471,0.8978761798569574,-0.027638042019977,1.5
1777379669.2690809,tb7,-0.005386518968597412,0.8991874577566895,0.002084139798529907,0.11671724100793714
1777379669.275806,tb2,-0.2284609899713198,0.8473306840080884,0.10523056273854968,0.08768941494520024
1777379669.3147988,tb1,0.2065807754764471,0.8978761798569574,-0.02785241353467953,1.5
1777379669.314892,tb3,0.48834246756817384,0.7319399030800725,-0.022044945387970284,-1.5
1777379669.3190777,tb7,-0.005386518968597412,0.8991874577566895,0.002084139798529907,0.11671724100793714
1777379669.32586,tb2,-0.22837268270860211,0.8526877469134476,0.09445115038323196,0.14103051991687873
1777379669.3647,tb1,0.2068208071784844,0.8994820823769661,-0.02856960442955633,1.5
1777379669.3648467,tb3,0.4818664550442559,0.7318660318649116,-0.052140975709795125,-1.5
1777379669.3689868,tb7,-0.005389629718367185,0.8992292495999158,0.0020926281461154115,0.10786635022440075
1777379669.3757532,tb2,-0.22837268270860211,0.8526877469134476,0.09445115038323196,0.14103051991687873
1777379669.4147208,tb1,0.20548358506179937,0.8927164369176618,-0.023398682899079336,1.4999999999999998
1777379669.4149473,tb3,0.47544245366514415,0.7317944065254233,-0.07939598838081588,-1.5
1777379669.4190676,tb7,-0.005392936488769141,0.8992754223177861,0.0025954270492602443,0.21952117835917329
1777379669.4258478,tb2,-0.22832183430667494,0.8573746627289859,0.08512265573334381,0.17933206740604696
1777379669.4647846,tb1,0.20422437007159486,0.8859887212379951,-0.018405969641737907,1.5
1777379669.4648085,tb3,0.46907033945895904,0.7317249990847152,-0.10793458261497325,-1.5
1777379669.469199,tb7,-0.005404928495389627,0.8993106196370798,0.0031667171493305057,0.30120377963477146
1777379669.4757545,tb2,-0.2283049194774651,0.8619144625346128,0.0761685050442841,0.20513595893804104
1777379669.5148203,tb3,0.46854775994453,0.731845389286624,-0.11075811679719118,-1.5000000000000002
1777379669.5147839,tb1,0.20431840886415475,0.8861846053166472,-0.017634967098785394,1.5
1777379669.5190797,tb7,-0.005617324874941654,0.8992910912636539,0.002292174910531168,0.07948471973700535
1777379669.5258005,tb2,-0.22839345304214453,0.866485266610881,0.06712026755133985,0.09099578176461705
1777379669.5648024,tb3,0.4798431832758215,0.7323200476207088,-0.057150909901399295,-1.5000000000000002
1777379669.5647895,tb1,0.20517101030704094,0.8906675903348817,-0.01875091486651684,1.5
1777379669.5690227,tb7,-0.005685214467201292,0.8993263973768116,-0.0005969831738406933,-0.3494682801454888
1777379669.5757473,tb2,-0.2284847070832049,0.8707053335750817,0.058283735256749465,-0.20729321404930443
1777379669.6146193,tb1,0.20595474630410768,0.8951265241563876,-0.020890658597276037,1.5
1777379669.614715,tb3,0.484436825231587,0.7324759497862694,-0.037611908930504416,-1.5
1777379669.6189137,tb7,-0.005690509066475894,0.8994400099218712,-0.00047090640022990986,-0.3248104994720239
1777379669.6258543,tb2,-0.2285376563964096,0.8738903531385444,0.05189427257748043,-0.25932456614404753
1777379669.6646373,tb1,0.20665717135218375,0.8994867815579539,-0.023415688047348882,1.5
1777379669.6646981,tb3,0.48115768667621495,0.7323367807002592,-0.05407173618585429,-1.5
1777379669.6689954,tb7,-0.005692931574689997,0.8995641610989216,0.0010116404740777238,-0.011710745800640892
1777379669.6757822,tb2,-0.22855733900616249,0.876714564555422,0.04656162097508457,-0.06863799311886104
1777379669.7148924,tb1,0.20665717135218375,0.8994867815579539,-0.023415688047348882,1.5
1777379669.7157707,tb3,0.4780563914973145,0.7322480074415649,-0.06832797613184909,-1.5
1777379669.7190213,tb7,-0.0056947012364483894,0.8996337060654922,0.0013451163901875693,0.11623191470721259
1777379669.7258177,tb2,-0.22854858335828898,0.879204150375601,0.041559958559313534,0.0654276946186037
1777379669.764877,tb1,0.20681210132942954,0.9007823400642689,-0.023415802560789678,1.5
1777379669.7649446,tb3,0.4780563914973145,0.7322480074415649,-0.0687506390941004,-1.5
1777379669.7691636,tb7,-0.0056947012364483894,0.8996337060654922,0.0013451163901875693,0.11623191470721259
1777379669.7757685,tb2,-0.22853798342694154,0.8813239117227456,0.03735785544684493,-0.010872712543204259
1777379669.8147664,tb1,0.20578512842713212,0.8944147203403928,-0.016935872701036,1.5
1777379669.814944,tb3,0.4833478338757157,0.7324474162960344,-0.0407130083985866,-1.5
1777379669.819009,tb7,-0.005695946985001864,0.8996417772296827,0.0008417812785825034,-0.016321723786493842
1777379669.825789,tb2,-0.22853798342694154,0.8813239117227456,0.03735785544684493,-0.010872712543204259
1777379669.8647294,tb1,0.20484747846924564,0.888066576022024,-0.008197027822764916,1.5
1777379669.8648403,tb3,0.49230479563525276,0.7326956584523105,0.0016263201488844888,-1.5
1777379669.8689876,tb7,-0.005672912431789244,0.8996080036175835,-0.00014311362988558493,-0.23495351130397107
1777379669.8757782,tb2,-0.22853133186635574,0.883206481472583,0.0336348016107083,-0.12220071050920245
1777379669.9147584,tb1,0.2040440043084347,0.8820627099794134,0.0032884650736757434,1.5
1777379669.9149747,tb3,0.49999991457438053,0.7328403252864037,0.03595691099405838,-1.5
1777379669.9190392,tb7,-0.005667714772632248,0.8996346805511246,-0.0006447371945314175,-0.3270171163540944
1777379669.9258418,tb2,-0.22847102341458533,0.8852709521475267,0.029547607240457335,-0.20268073655270968
1777379669.9648006,tb3,0.49487106810833276,0.7327251560142523,0.016940013337202596,-1.5000000000000002
1777379669.9648352,tb1,0.20348556058694514,0.8773452401406611,0.010034372561467992,1.5
1777379669.9692283,tb7,-0.0056691125452920715,0.8997452129510062,0.0007867274171693251,0.039929319767852245
1777379669.9758508,tb2,-0.22840274865939114,0.8873025646967643,0.025449175336700294,-0.07932981387431579
1777379670.0147007,tb1,0.20419434124770905,0.8827689458968128,0.002650377641105737,1.5
1777379670.014775,tb3,0.4882059636451256,0.7326553629551015,-0.012311944511744714,-1.5
1777379670.019041,tb7,-0.005669346917560941,0.899833498855771,0.0011972492123628522,0.300532833543067
1777379670.0258918,tb2,-0.22838423584833015,0.8888089906806798,0.022240076053423003,0.1137340776185066
1777379670.0647533,tb1,0.20481473141319198,0.8881619502330609,-0.002327899415126892,1.5
1777379670.064884,tb3,0.4859888446475666,0.7326711859565084,-0.022688469579430236,-1.5000000000000002
1777379670.069192,tb7,-0.005670607006383419,0.8998058348918045,0.0010474979818027763,0.15401317736629105
1777379670.0757818,tb2,-0.22836460286800697,0.8900397036353519,0.01973625137130672,0.13974755899608593
1777379670.1147335,tb3,0.4923248038374624,0.7326761338297335,0.005046502639440226,-1.5
1777379670.1146848,tb1,0.205316604952378,0.8932459181699024,-0.005503032500018833,1.5
1777379670.118884,tb7,-0.005673882855208495,0.8997492542067218,-0.00017391879524666074,-0.19394401779259743
1777379670.1258562,tb2,-0.22835401398017535,0.8910329389272418,0.017983482388239404,-0.04793216275469737
1777379670.1647336,tb1,0.20568271945114902,0.897733362362766,-0.009357510517064547,1.5
1777379670.1647706,tb3,0.49810840961078545,0.7326078375671513,0.03013007176978192,-1.5
1777379670.1694558,tb7,-0.005687187955113222,0.8996730372295504,-0.0015612075474838501,-0.4693240943059018
1777379670.175917,tb2,-0.22834841341892873,0.8919495307908862,0.01621754284008701,-0.1643772848649684
1777379670.2148952,tb1,0.20568271945114902,0.897733362362766,-0.009357510517064547,1.5
1777379670.2149575,tb3,0.49810840961078545,0.7326078375671513,0.03013007176978192,-1.5
1777379670.2190018,tb7,-0.005686423519839591,0.8997401823803941,0.0003896810585182009,-0.07218023816302864
1777379670.2258012,tb2,-0.22833858650348665,0.892833849175908,0.014379119912954234,-0.021421673151792376
1777379670.2648776,tb1,0.20517137101444663,0.8922069938319804,0.0008980272430782443,1.5
1777379670.2651272,tb3,0.49494895018531426,0.7326554076818341,0.019163256903042433,-1.5
1777379670.2690992,tb7,-0.005686423519839591,0.8997401823803941,0.0003896810585182009,-0.07218023816302864
1777379670.275771,tb2,-0.22831911978211925,0.8936667940860775,0.012492377337912492,0.12601127818983465
1777379670.3148782,tb3,0.48829048920686596,0.7327959336074295,-0.007579688165490298,-1.5
1777379670.3148715,tb1,0.20474884469694654,0.8866549674226523,0.01041397240691826,1.5
1777379670.3190174,tb7,-0.005687128643810564,0.8998157011931979,0.001053732982256683,0.2041692142220142
1777379670.3258486,tb2,-0.22831911978211925,0.8936667940860775,0.012492377337912492,0.12601127818983465
1777379670.3647048,tb1,0.2044538089803835,0.8817329990863733,0.01868416317050427,1.5
1777379670.364898,tb3,0.48237089957449353,0.7329836002895699,-0.03212567976079567,-1.5000000000000002
1777379670.3689468,tb7,-0.005687832656752746,0.8998622008162883,0.0013827885482340567,0.3831254198848545
1777379670.3758667,tb2,-0.228296865275066,0.8944676556828736,0.010702131438891099,0.23420187352692814
1777379670.4147556,tb1,0.20423354239971328,0.8777597701207218,0.02607820043490372,1.5
1777379670.4149215,tb3,0.4778816643852567,0.7331731513112809,-0.050802145503613075,-1.5
1777379670.4190457,tb7,-0.0056890483696351276,0.8998021818760764,0.001613903761666244,0.27069119601419495
1777379670.425812,tb2,-0.22829095041401964,0.8950346689992278,0.009729651005037657,0.21624023591621552
1777379670.4647315,tb1,0.20401033484746617,0.8737314296755044,0.03461173267757455,1.5
1777379670.4648018,tb3,0.47460852926486874,0.7333509669622474,-0.06398450834610717,-1.5
1777379670.4691129,tb7,-0.005741551845109534,0.899674618312668,0.0010129138079904582,0.0032849612504508054
1777379670.475809,tb2,-0.2282919393940319,0.8954619867901784,0.009097738959613008,0.12449150624826455
1777379670.5146472,tb1,0.20378506560632148,0.8696483408810955,0.04467831507958115,1.5
1777379670.514781,tb3,0.47221633539851804,0.7335159495170174,-0.07306744615671691,-1.5
1777379670.5188835,tb7,-0.00581463532656192,0.8995319773551566,-9.832405785289034e-05,-0.21428939752211437
1777379670.5257266,tb2,-0.228296663554631,0.8958562283093512,0.008356288080986986,0.05281402176098804
1777379670.5646687,tb1,0.20355859775929608,0.865510394181601,0.0568623316447043,1.5
1777379670.5648377,tb3,0.4703825826738383,0.7336742717966284,-0.07955521289485026,-1.5
1777379670.5690777,tb7,-0.0058188134742183165,0.8996121517091841,0.0008516862560557425,-0.056664337318910636
1777379670.5757973,tb2,-0.22830296644494838,0.8962474095526599,0.0075703583961483955,0.026838818681308472
1777379670.6146936,tb3,0.4780758682103383,0.7331262704726002,-0.04234135141483597,-1.5
1777379670.614711,tb1,0.20354591502619787,0.8698607405992691,0.05985845564339884,1.2092567423506986
1777379670.6190295,tb7,-0.005822446990405576,0.8996914429601417,0.00030252665101602474,-0.11286803559263292
1777379670.625766,tb2,-0.2283094637340356,0.896614268618048,0.006605785833118252,-0.11405485579562306
1777379670.6648247,tb1,0.20351108038273957,0.876777946258352,0.04730618977149659,1.0008411819047582
1777379670.6650379,tb3,0.4861667138980893,0.7324453424720422,-0.003985990148724129,-1.5
1777379670.669353,tb7,-0.005824829004227307,0.8997531613172111,-0.0002412737880443989,-0.1861728822060529
1777379670.675745,tb2,-0.22828737163660728,0.8969904008496065,0.005777143150339389,-0.18841595578429213
1777379670.7148728,tb1,0.20351108038273957,0.876777946258352,0.04701611398137091,0.6605412079650118
1777379670.7149148,tb3,0.4861667138980893,0.7324453424720422,-0.003910311782534097,-1.5
1777379670.7190702,tb7,-0.005824829004227307,0.8997531613172111,-0.0002412737880443989,-0.1861728822060529
1777379670.7257493,tb2,-0.2282492377126184,0.897344677485474,0.005202805745973746,-0.14405855635936965
1777379670.7648597,tb3,0.48883048936366785,0.7321765408489925,0.010167892272894385,-1.5
1777379670.764828,tb1,0.20338365224113636,0.8821350760391073,0.03645991866131961,0.3344179831925147
1777379670.7694504,tb7,-0.005810656369101044,0.8998116938686618,0.0002487189322705607,-0.07471768632822769
1777379670.7757576,tb2,-0.22824869072395707,0.8976903078527448,0.0046199817600290636,0.013793018988120067
1777379670.8147857,tb1,0.2032668948006975,0.8841683040113418,0.03275505343249687,0.3009116343580262
1777379670.8148534,tb3,0.4839232473835252,0.7326701911921022,-0.010018166326833604,-1.4999999999999998
1777379670.8190324,tb7,-0.00556145421581948,0.8998240195277932,0.001433274421362941,0.24047782244198704
1777379670.82585,tb2,-0.22824869072395707,0.8976903078527448,0.0046199817600290636,0.013793018988120067
1777379670.8647652,tb1,0.20317043329619813,0.8857131571211785,0.03014691807413064,0.30560565663403405
1777379670.8648348,tb3,0.4786042059470517,0.7332947582027877,-0.03202047152326772,-1.5
1777379670.8689735,tb7,-0.0055370841261167675,0.8998728941708386,0.0018748891009516908,0.43854661993999816
1777379670.8758662,tb2,-0.22824872749003672,0.8979336591672228,0.004136918422321277,0.09380127439740092
1777379670.9146953,tb1,0.203096009077498,0.8871619862112737,0.02565477941983341,-0.06702601783126387
1777379670.9148583,tb3,0.48254439654619774,0.7328209698384391,-0.011655784422396237,-1.5
1777379670.9191492,tb7,-0.005538875788136359,0.8998277058194318,0.0011091737872950477,0.10873405241930248
1777379670.9259136,tb2,-0.22824918637496297,0.8981519279869733,0.003699906363435284,0.020878697599865003
1777379670.9652781,tb3,0.48880186997737257,0.7319607478957968,0.019752746292923718,-1.5
1777379670.9653604,tb1,0.20301164033840288,0.8890310892567649,0.01888623418068919,-0.524561954054704
1777379670.9698174,tb7,-0.005538779994775271,0.8997489514448622,-0.001114271000526685,-0.3120774418662095
1777379670.9763587,tb2,-0.22825074098408335,0.8983128817236321,0.0033098729091312006,-0.12102189551175455
1777379671.0148413,tb3,0.4894585496280799,0.7318475756980896,0.025608869714771557,-1.5000000000000002
1777379671.0148509,tb1,0.20298095791797885,0.8903583912150197,0.014099942453391082,-0.7404608553928635
1777379671.0190403,tb7,-0.005539448495928181,0.8997707827584915,-0.0008912007842358039,-0.2773185439702381
1777379671.0259216,tb2,-0.2282514098599797,0.8984891290099114,0.002973924277342191,-0.11428062272689889
1777379671.0647645,tb1,0.20326117570207078,0.8875595824880087,0.01994492388202584,-0.6496566824874264
1777379671.064926,tb3,0.4835648998074304,0.7327949244033843,0.00023839497754830333,-1.4999999999999998
1777379671.0696642,tb7,-0.005460729605956554,0.8998119160082073,0.0011347025892213102,0.11277647131026829
1777379671.0758364,tb2,-0.22824475036261554,0.898685891339474,0.0026215400710569484,0.04104225882719644
1777379671.1145687,tb1,0.20352821267927385,0.8848253708207645,0.02525220966650484,-0.6219763522380878
1777379671.1146905,tb3,0.47936415278735933,0.7335507065527257,-0.017021989094574308,-1.4999999999999998
1777379671.118932,tb7,-0.005444543403016953,0.8998438091832525,0.0015083464030368368,0.2180435150845195
1777379671.1258163,tb2,-0.22823743002459607,0.8988356172540546,0.00223321537011925,0.15742083597715298
1777379671.165017,tb3,0.48478556687565333,0.7325419929986712,0.01145492023200664,-1.5
1777379671.1653323,tb1,0.2037366015211491,0.8825871639645114,0.02766006755227598,-0.773115175811556
1777379671.1690478,tb7,-0.005446495527177063,0.8998315866874673,0.00019566561752595255,-0.08087926374314594
1777379671.1757934,tb2,-0.2282386019606146,0.8989153957798193,0.002169430381879874,-0.00503610916429018
1777379671.2147758,tb1,0.2037366015211491,0.8825871639645114,0.025267797703122832,-0.9876472485869031
1777379671.2149482,tb3,0.48478556687565333,0.7325419929986712,0.010928756183626792,-1.4999999999999998
1777379671.2191195,tb7,-0.005446495527177063,0.8998315866874673,0.00019566561752595255,-0.08087926374314594
1777379671.2257383,tb2,-0.22823916768575037,0.8990130949690334,0.0019606149384494547,-0.10067803517511505
1777379671.2648175,tb3,0.4893441612117304,0.7315986001654675,0.03579108834762394,-1.5
1777379671.264777,tb1,0.20396845941056282,0.8798987442829233,0.025959102625215988,-1.3103439999291666
1777379671.2691035,tb7,-0.005447650911982371,0.8998594395803476,-0.00029807514630028,-0.16145641089315516
1777379671.2764156,tb2,-0.22823802674072916,0.8991519706364156,0.0017105766380569802,-0.042465026250681784
1777379671.3147626,tb1,0.20322421770471272,0.8851876628261373,0.012572591090586893,-1.4417993099587578
1777379671.3148532,tb3,0.4857042507806544,0.7323859691470529,0.023842958752087834,-1.4999999999999998
1777379671.319009,tb7,-0.0054483882723902685,0.8998970896809529,0.0006348072493595274,0.03738548858259158
1777379671.3258917,tb2,-0.22823802674072916,0.8991519706364156,0.0016877985372488582,0.02919087043468148
1777379671.3647232,tb1,0.20221400989077967,0.892402321234127,-0.00412174102726131,-1.5
1777379671.3648853,tb3,0.47995890802991487,0.7337560522777313,0.0027622343953693103,-1.5
1777379671.3690493,tb7,-0.005504286034296014,0.8999062665163605,0.0018183000479871292,0.3533770124613203
1777379671.3759074,tb2,-0.2282371125479551,0.8992503581364375,0.0014135704573515345,0.1689069840862029
1777379671.4147604,tb1,0.20131247038550748,0.8986570476534973,-0.01794170076881725,-1.5
1777379671.414842,tb3,0.4743715613356597,0.7351170587472624,-0.017208386623906884,-1.5
1777379671.4190452,tb7,-0.0055103300018035485,0.8999088293623755,0.0024325792117504057,0.44397159760871796
1777379671.4259195,tb2,-0.22823755245860083,0.8992986049938375,0.00133563779419895,0.2428614173813614
1777379671.4648826,tb3,0.46884006126481387,0.7364639356631354,-0.03609921652084449,-1.5
1777379671.4648068,tb1,0.20045775658746612,0.9045602939096139,-0.030144749532892184,-1.5
1777379671.4691505,tb7,-0.005511628621512056,0.8998403251766545,0.0025457865805182827,0.2753825970181208
1777379671.4759119,tb2,-0.2283606062058325,0.8992670971174511,0.0015940435286443777,0.22185266953355337
1777379671.5147164,tb1,0.1996117333665541,0.9104107986214294,-0.041547797628278434,-1.5
1777379671.5148375,tb3,0.46336401334283067,0.7377949971070326,-0.05372389749022264,-1.5000000000000002
1777379671.5191362,tb7,-0.0055129968418903995,0.8997913906409816,0.0021011509708596886,0.11650045993730386
1777379671.5259273,tb2,-0.22843399867116074,0.8992225713107693,0.0018710132456117847,0.18987754428272174
1777379671.5647628,tb1,0.19877536569216528,0.916208357731772,-0.05105823804577405,-1.5
1777379671.564851,tb3,0.46007984697401644,0.7385144710808276,-0.061274160545451886,-1.5
1777379671.5690632,tb7,-0.005546182387763998,0.8998031211490698,0.0018358988621411908,0.06016511646230879
1777379671.5758355,tb2,-0.22843677489714026,0.8992251527483318,0.0019458831099889676,0.1274318876010732
1777379671.614607,tb1,0.1979862619963786,0.9206476860713485,-0.05426010206668556,-1.5
1777379671.6147583,tb3,0.4628054605516774,0.737654347611591,-0.04351680335265104,-1.5
1777379671.618928,tb7,-0.005655446052991303,0.8998106695879022,0.0007470119110406376,-0.061953067061569
1777379671.6257896,tb2,-0.22843955373469257,0.8992538959520123,0.001642090685503383,0.01065261735410758
1777379671.6653476,tb1,0.19775283648674208,0.9221748321479065,-0.05578568398759947,-1.5
1777379671.665749,tb3,0.4620191687361058,0.7379223607374135,-0.04138770816656802,-1.5
1777379671.6694102,tb7,-0.005662173930058761,0.8998826236232041,0.0011485946111836455,-0.003872385598905561
1777379671.6758373,tb2,-0.2284423439683497,0.8993135563883742,0.0014820546142302318,-0.006605078903645152
1777379671.714732,tb1,0.19775283648674208,0.9221748321479065,-0.055791730374403346,-1.5
1777379671.7147963,tb3,0.4620191687361058,0.7379223607374135,-0.04138770816656802,-1.5
1777379671.7197115,tb7,-0.005667878273521896,0.8999427479664588,-8.35688880933775e-05,-0.11728965659939533
1777379671.7256994,tb2,-0.22844477305906405,0.8993810981159553,0.000946475518920245,-0.11682368734189659
1777379671.7646503,tb1,0.19966020339806828,0.9129485655475725,-0.044939186309739095,-1.5
1777379671.7647831,tb3,0.46645049699392405,0.7363262202783284,-0.021394746514915432,-1.5
1777379671.7690532,tb7,-0.005667878273521896,0.8999427479664588,-0.0009769657551854446,-0.2093421862384709
1777379671.7756898,tb2,-0.22840447759037216,0.8994502252452676,0.0010120110660573841,-0.05943988600770507
1777379671.8147666,tb1,0.20160545772768004,0.9037289784704047,-0.034338522286522094,-1.5
1777379671.8149395,tb3,0.46411535457619507,0.7372259381072044,-0.030457486279812016,-1.5
1777379671.8190324,tb7,-0.005670502854509936,0.8999860169424126,-0.0008794999028624378,-0.1904929802171726
1777379671.8258047,tb2,-0.228288710522124,0.8994678712043691,0.00120587519574317,0.029791679903435418
1777379671.8647656,tb3,0.4683938259265089,0.7354687430388066,-0.009854842851409515,-1.5
1777379671.8647566,tb1,0.20347518711879775,0.8950335138574879,-0.02280333389938634,-1.4999999999999998
1777379671.8689327,tb7,-0.005581552998363359,0.9000107002565558,-0.0010188484173353917,-0.20396284625394126
1777379671.8757875,tb2,-0.228288710522124,0.8994678712043691,0.0009157465392445295,-0.08382576858494056
1777379671.9148757,tb3,0.4657198610549481,0.7366305059801194,-0.016763362466976236,-1.5
1777379671.9148607,tb1,0.20415300484270957,0.8917409814990633,-0.01827911272452951,-1.5
1777379671.9191573,tb7,-0.005538393108564887,0.9000426463564837,0.00036456639705449446,-0.007654035239772092
1777379671.9258375,tb2,-0.22828339375774723,0.8995211504410467,0.0008415147567386997,-0.07060389839949739
1777379671.9647994,tb1,0.20288424382193682,0.8970439945181914,-0.028348235129960004,-1.5
1777379671.9649298,tb3,0.4686145217953132,0.7352821043713227,0.007515602202592616,-1.5
1777379671.9692008,tb7,-0.005538950360033417,0.9000831963187124,0.0012016641110730768,0.15390156882952177
1777379671.97586,tb2,-0.22828452891373843,0.8996103554130129,0.0007566988043105295,-0.032446979170923054
1777379672.0147426,tb1,0.20163148074133036,0.9022931153826473,-0.03573672535412576,-1.5
1777379672.014896,tb3,0.466214620252319,0.7364538801283866,0.00762235428761994,-1.5
1777379672.019093,tb7,-0.0055401423107574255,0.9000923085601323,0.0018313357800417889,0.2428686159574479
1777379672.025842,tb2,-0.22828520593093668,0.8996792518565383,0.0008165334459523036,0.07246806547712054
1777379672.0647492,tb1,0.20049999184689096,0.9070576026763996,-0.0416066194276267,-1.5000000000000002
1777379672.0648685,tb3,0.46655936113848234,0.7362862853316021,0.0219150429193988,-1.4999999999999998
1777379672.0697105,tb7,-0.005594316377147538,0.9000628857091743,0.0013643267065029264,0.12259310226385238
1777379672.0758152,tb2,-0.22828585004148322,0.8997109605429875,0.0007975761444653065,0.09435882062772982
1777379672.1146424,tb1,0.20157648640332926,0.9030125425557208,-0.03797954477989698,-1.5
1777379672.114847,tb3,0.4657613707437383,0.7367026073292924,0.0254006625619866,-1.5
1777379672.1190667,tb7,-0.005716658965889185,0.9000182309956143,-0.0006390455361861324,-0.15605909935829676
1777379672.125846,tb2,-0.22828674887993744,0.8997009592556259,0.0007359096353781943,0.035248881638881915
1777379672.164742,tb3,0.4629867175740294,0.7383595774153976,0.01648518888118536,-1.5
1777379672.1647685,tb1,0.20366061111358727,0.89494806188637,-0.028258712285028992,-1.5
1777379672.1690512,tb7,-0.00571872844404825,0.9000520601100774,-0.0008051105328931747,-0.16726124942117887
1777379672.175796,tb2,-0.2283682929804993,0.899652401974109,0.000657292801281845,-0.041715316333694456
1777379672.2147768,tb1,0.20366061111358727,0.89494806188637,-0.028258712285028992,-1.5
1777379672.21491,tb3,0.4629867175740294,0.7383595774153976,0.01648518888118536,-1.5
1777379672.2192986,tb7,-0.005719161967681748,0.9000854689727904,-0.0006902213672541695,-0.14409165375990632
1777379672.2258198,tb2,-0.228400819192643,0.8996702910970774,0.0004926654547225651,-0.08648645439928113
1777379672.26489,tb1,0.2056348771878623,0.8873064890586143,-0.016444419838273917,-1.5
1777379672.264979,tb3,0.46186596037186084,0.7390987880765056,0.01729822607209258,-1.4999999999999998
1777379672.2690985,tb7,-0.005719161967681748,0.9000854689727904,-0.0004974313501389701,-0.1184905212006316
1777379672.2759776,tb2,-0.22840170331743212,0.8997402998763663,0.000426499306471817,-0.062176592156091004
1777379672.3148181,tb3,0.4610000647415243,0.7397055609384875,0.021262061036923924,-1.5
1777379672.314789,tb1,0.20727668213527375,0.8809138678867556,-0.0041797306543545736,-1.5
1777379672.3189294,tb7,-0.005684554279326664,0.9001058130678208,-0.00021217993926168379,-0.06795102322803682
1777379672.3257875,tb2,-0.22840170331743212,0.8997402998763663,0.000426499306471817,-0.062176592156091004
1777379672.3648007,tb3,0.45976114109401683,0.7406278404333867,0.03339893091755831,-1.5
1777379672.364738,tb1,0.20584119555484756,0.886109635698582,-0.015610174871194763,-1.5
1777379672.3689425,tb7,-0.005583951020473388,0.9001122609792157,0.001270587393942339,0.18250431419269791
1777379672.3758736,tb2,-0.22840213941526247,0.899792197374754,0.0005177130970509648,0.024727701932174845
1777379672.414762,tb1,0.20431454437471672,0.8917187826621746,-0.02572110079233373,-1.5
1777379672.4148386,tb3,0.45913918288003114,0.7411255638821068,0.052397038502021445,-1.5
1777379672.4189436,tb7,-0.005584730756360293,0.9001329835527606,0.0020085699897999516,0.3217175621851158
1777379672.4258816,tb2,-0.228402285010479,0.899835546759069,0.0005683374849583887,0.10768144427437262
1777379672.4647655,tb1,0.20298051315447146,0.8969525324989147,-0.03328391736047805,-1.5
1777379672.4648335,tb3,0.4569000320489449,0.7430443960883024,0.0709891701328594,-1.5
1777379672.4691398,tb7,-0.005585927950012387,0.9001067945560193,0.0021394641799301456,0.2641964684586421
1777379672.4757688,tb2,-0.22840272416308935,0.8998356706494979,0.0006833489175705189,0.15224752870357516
1777379672.514858,tb3,0.45445194080917856,0.7454632373129015,0.11370419918481088,-1.4999999999999998
1777379672.5148177,tb1,0.20172512616702948,0.9021739216408703,-0.039996032236014153,-1.5000000000000002
1777379672.5191221,tb7,-0.005663559320593341,0.9000434398683461,0.0014930691217645252,0.09621492743954477
1777379672.5258203,tb2,-0.22841707940233763,0.8997693514539913,0.0009245786152076133,0.15282962199048264
1777379672.5647068,tb1,0.20048360247266697,0.9073456125987338,-0.046094403340844,-1.5
1777379672.564813,tb3,0.4518351121680725,0.7485696024456829,0.18,-1.4921630472727374
1777379672.5690744,tb7,-0.0057382213065693575,0.8999651851272804,0.0010045779702860993,-0.004513693982307825
1777379672.5758302,tb2,-0.22842365465961215,0.8997200483333493,0.0011211797034528528,0.13893054800038554
1777379672.6146438,tb1,0.19925597485971042,0.9124675727295339,-0.05164549536181121,-1.5
1777379672.6147237,tb3,0.4493553673464642,0.751538851890273,0.18,-0.8278544005607362
1777379672.618888,tb7,-0.005743160083783125,0.9000073397046153,0.0018451979684467462,0.08184425152638947
1777379672.6257133,tb2,-0.2284252416167101,0.8997111214811102,0.0011859595176091813,0.11151799706762416
1777379672.6647384,tb1,0.2003827062381168,0.9088258820631421,-0.04849512213296311,-1.5
1777379672.6648264,tb3,0.4469874681894989,0.7543516050967543,0.18,-0.37058259618048434
1777379672.6690664,tb7,-0.005748705914148446,0.9000559674474652,0.0012026188605552643,0.02351793191338996
1777379672.6759367,tb2,-0.22842686936655998,0.8997119631876457,0.0009805668980437591,0.040375844309430343
1777379672.7146814,tb1,0.20270324804392287,0.9006467180665125,-0.03841510415815333,-1.5
1777379672.7148256,tb3,0.44471613389459375,0.7569978575496482,0.18,0.017736205565700647
1777379672.71905,tb7,-0.005687867239889375,0.9000811165469299,-0.0003677047265947662,-0.12607995800848645
1777379672.7258744,tb2,-0.22842851502911596,0.8997258401873502,0.0006479591411385773,-0.03064035117978878
1777379672.7647161,tb3,0.44130904831215184,0.7632608776611556,0.18,0.35431790692353393
1777379672.764708,tb1,0.20488452008982455,0.892851965991873,-0.023579888112298875,-1.5
1777379672.7689202,tb7,-0.00569158558178837,0.9001271932908024,-0.0003526742437542986,-0.11221745867945311
1777379672.77576,tb2,-0.22842491283465183,0.8997522521664227,0.0006232705199587474,-0.0246898404376153
1777379672.8148487,tb1,0.20488452008982455,0.892851965991873,-0.023579888112298875,-1.5
1777379672.8154604,tb3,0.43715850337638223,0.7742951513923643,0.18,0.7667692078516353
1777379672.8189528,tb7,-0.005693119391371507,0.9001583620643225,0.0015632071610659133,0.09631471330484895
1777379672.8257935,tb2,-0.2283628540033204,0.8997360957518207,0.0011256441261348837,0.07441442274882468
1777379672.8647716,tb1,0.2045593538282074,0.8937642966941817,-0.02371811559123989,-1.5
1777379672.8648522,tb3,0.43715850337638223,0.7742951513923643,0.18,0.7770844125474837
1777379672.8690794,tb7,-0.005693119391371507,0.9001583620643225,0.0015632071610659133,0.09631471330484895
1777379672.8758464,tb2,-0.22835364750700948,0.899757545008929,0.0011210893040373726,0.07330436228676442
1777379672.9147243,tb1,0.20321846803406768,0.898340952004623,-0.03354536975718143,-1.5
1777379672.9149632,tb3,0.43723908471230083,0.7740078643156676,0.18,1.435967355296831
1777379672.9189942,tb7,-0.005693565096015733,0.9001725890236787,0.0018310014381489517,0.11569540469113293
1777379672.9259803,tb2,-0.22835610826780645,0.8997864636229925,0.0010253797139021322,0.05435564145364141
1777379672.9652636,tb1,0.20193670204823758,0.9028496054683911,-0.041240595092435904,-1.5
1777379672.9654698,tb3,0.43735445718643334,0.7735710220446714,0.12592572260322576,1.5
1777379672.9695914,tb7,-0.005698008651335571,0.9002061705186006,0.0018096031089521207,0.10511458319037825
1777379672.976123,tb2,-0.22835610826780645,0.8997864636229925,0.0010267903905106699,0.05461314487735999
1777379673.014665,tb1,0.2008323158712232,0.9068725436743604,-0.04717813639119617,-1.5
1777379673.0147967,tb3,0.4347301090640472,0.7928453620964467,0.08381518382720302,1.5000000000000002
1777379673.0189316,tb7,-0.005703775048819571,0.9002447020477855,0.002183834784567451,0.12906714872232075
1777379673.0258062,tb2,-0.22835824159515158,0.8998122760604907,0.0012030209401662551,0.0861972205556401
1777379673.064832,tb1,0.20144830740985795,0.9049182210707694,-0.04425851702008101,-1.5
1777379673.0648685,tb3,0.433506359959057,0.809866715436275,0.05337833203412711,1.5
1777379673.0689678,tb7,-0.005709954520509371,0.9002697586304094,0.001083505748687728,0.022952392770439586
1777379673.075824,tb2,-0.22836008833075522,0.8998309562560113,0.0010339835428436373,0.05463324899066589
1777379673.1147225,tb1,0.2036819781368356,0.8971139840409164,-0.028418613081253513,-1.5
1777379673.114855,tb3,0.433487851871935,0.8017863143177248,0.04117875367379034,1.5
1777379673.1190195,tb7,-0.0057172034226102425,0.9003140464159063,-0.0015606648909196042,-0.19745323491494213
1777379673.1258063,tb2,-0.22837978018123017,0.8998295759697027,0.00041799024703480535,-0.05290376197392033
1777379673.1647375,tb1,0.20577282223510027,0.8896267182054087,-0.0016437571973621813,-1.1069510617259384
1777379673.164882,tb3,0.4329236128685636,0.7926937990591842,0.03078260375210163,1.5
1777379673.1690316,tb7,-0.005720174102759068,0.9003455336456035,-0.0023097346653104776,-0.254284508549393
1777379673.1758325,tb2,-0.228417410484704,0.8997931502530953,-6.444969696497267e-05,-0.13837428018473635
1777379673.2147105,tb1,0.20733916402200767,0.8838454002160011,0.01600080793532352,-0.9058638535566359
1777379673.2147932,tb3,0.43455284008920014,0.805151841649694,0.012150573415834665,1.5
1777379673.2189865,tb7,-0.0056431704642617925,0.9003485331135687,-0.001657659323381217,-0.19633120005547092
1777379673.2258735,tb2,-0.2284202729106255,0.8998527628180474,-0.000268901113957374,-0.15207490851681135
1777379673.2646983,tb1,0.20829970798730074,0.8802869123231631,0.025904468560011575,-0.81557741081312
1777379673.264791,tb3,0.43646465187829386,0.8155133725284055,-0.003826083348028226,1.5
1777379673.269051,tb7,-0.005629614837166504,0.9003537590740942,-0.0007956892087046013,-0.10613308982203887
1777379673.2758026,tb2,-0.22842209830750235,0.8999131204829062,-0.00014810054191025774,-0.11346915323932227
1777379673.3146904,tb1,0.20731054344017583,0.8837641677675189,0.01924667396128065,-0.7972814473869971
1777379673.3148189,tb3,0.433682732346305,0.8047557038448537,-0.010225972960615967,1.5
1777379673.3190696,tb7,-0.005628137875905473,0.9003583761831676,0.001331752262086477,0.13521197467212742
1777379673.3258283,tb2,-0.2284228739176669,0.899958364015931,0.0005077633861547572,0.03454662385175088
1777379673.3647504,tb3,0.4320050145202195,0.799059618643603,-0.018403301479748946,1.5000000000000002
1777379673.3647346,tb1,0.2062701965697458,0.8875789027825296,0.008197535907400844,-0.916741413030232
1777379673.3690073,tb7,-0.005640757768283031,0.9003456474733772,0.0025576332400487744,0.2808929889644662
1777379673.3758507,tb2,-0.22842327189172779,0.8999720308642549,0.00078219570641076,0.09907917562392635
1777379673.4147737,tb1,0.2062701965697458,0.8875789027825296,0.01036449462623041,-0.8359795459506837
1777379673.4148734,tb3,0.4320050145202195,0.799059618643603,-0.018569059248136177,1.5
1777379673.4191291,tb7,-0.005640757768283031,0.9003456474733772,0.0025576332400487744,0.2808929889644662
1777379673.425766,tb2,-0.22840770208033684,0.8999443236252533,0.0005754470852422459,0.04064278536790884
1777379673.4647315,tb1,0.20546989246150157,0.8906681140400644,-0.0026659457843578524,-1.08892502540273
1777379673.4648402,tb3,0.43566482654017014,0.808506045152486,-0.0326296884061668,1.5
1777379673.469008,tb7,-0.0056447292576516485,0.9003489660644244,0.00047850015356942343,0.015470520705646529
1777379673.475623,tb2,-0.22840028697072887,0.8999317635398361,0.0005936775915637852,0.0340911632263549
1777379673.5146646,tb1,0.20474299674448174,0.8935037086010191,-0.009816000444576076,-1.1438574865093503
1777379673.51488,tb3,0.43548902593972855,0.8085105662976155,-0.04234717365970278,1.5
1777379673.5189853,tb7,-0.005715331655184025,0.9003324763019928,-0.0016271801091065725,-0.19804202866059345
1777379673.5258348,tb2,-0.22840028697072887,0.8999317635398361,0.0006296721941899281,0.04092294710372091
1777379673.5648468,tb1,0.2040292448830064,0.8962893820671206,-0.010121134151019126,-0.9406575921172706
1777379673.564908,tb3,0.42980532314422404,0.7975511999266368,-0.04726804574761076,1.5
1777379673.5691473,tb7,-0.0057339901735203565,0.9002986779522039,-0.0002864500116069356,-0.09200779449486193
1777379673.5758414,tb2,-0.22840184193354307,0.8999524732915379,0.0010720014604497317,0.12512977612009332
1777379673.6147382,tb1,0.20332837339112417,0.8990245998552819,-0.010361425643809269,-0.7347468846737093
1777379673.6148894,tb3,0.424192080424967,0.787917846867811,-0.05256833826978172,1.5
1777379673.6192186,tb7,-0.005702557760107413,0.9003079727246583,0.0031904640058186672,0.23580104848361744
1777379673.6258457,tb2,-0.2284031086576617,0.899963495681843,0.0015072543189264195,0.19452176237720512
1777379673.6646907,tb1,0.20269023627352142,0.9016329432257338,-0.017945631212642688,-0.8242201645524321
1777379673.6648748,tb3,0.42480561049589405,0.7882910444946948,-0.06274636677478172,1.5
1777379673.6690698,tb7,-0.0056671668132363025,0.9003398984430195,0.0033767545535050196,0.2556196678199732
1777379673.675861,tb2,-0.22840427368478344,0.8999515495020397,0.0011927348854330957,0.10632097756829245
1777379673.7146945,tb1,0.2034674989853172,0.8986688060901616,-0.011652331232890962,-0.821888253867461
1777379673.7148454,tb3,0.42867069379881045,0.7934837733655853,-0.0752411122223864,1.5000000000000002
1777379673.7190847,tb7,-0.005701455544673248,0.9003848085089864,-0.0005069845049176869,-0.10106962347524531
1777379673.7258966,tb2,-0.22843579640797515,0.8999154975286419,3.659982050241515e-06,-0.09632321589425208
1777379673.7647014,tb1,0.2043447487134043,0.89512060342065,-0.004309685719298637,-0.8254661332634852
1777379673.7648818,tb3,0.43305229125540784,0.7989098392020693,-0.08825791189698624,1.5
1777379673.7690296,tb7,-0.005740662614723387,0.9004156896241813,-0.0033593561032681514,-0.32483638192355035
1777379673.775753,tb2,-0.22848456631881922,0.8998566213576066,-0.0012250692599296027,-0.2683548017519918
1777379673.8146489,tb1,0.2046749017576675,0.8936366396116131,-0.00343550422181434,-0.9205212621443066
1777379673.8147938,tb3,0.43739333415744575,0.8036684324899538,-0.10166388737654887,1.5
1777379673.8190675,tb7,-0.005657656921286905,0.9004175195725708,-0.0020209793861480484,-0.2173013934020213
1777379673.8258092,tb2,-0.22848674170675798,0.8999155584425061,-0.0010159181431797365,-0.23715945569721078
1777379673.8645883,tb1,0.20394122270269394,0.896617866835732,-0.008770765716798945,-0.8951734032208736
1777379673.8647583,tb3,0.43589283117268735,0.8023900611811352,-0.11225472609353751,1.5
1777379673.8689482,tb7,-0.005638185735228822,0.9004095800149372,0.0011133463382310953,0.08628472550196124
1777379673.8757718,tb2,-0.2284873907076936,0.8999743514523724,0.00015410700893017467,-0.04150798812021018
1777379673.9145925,tb1,0.2033063725457532,0.899381653405465,-0.0013023244339412923,-0.3406589002474522
1777379673.9147706,tb3,0.42404625815115893,0.791855316466061,-0.11648266017059042,1.5
1777379673.9190614,tb7,-0.00568110356364793,0.9003992779684058,0.004303436172297773,0.4005977294688918
1777379673.9258804,tb2,-0.2284877757930363,0.9000076129175202,0.0015090341988590905,0.2330195170876927
1777379673.9648304,tb1,0.2033063725457532,0.899381653405465,-0.0013023244339412923,-0.3406589002474522
1777379673.9649453,tb3,0.42404625815115893,0.791855316466061,-0.11648266017059042,1.5
1777379673.9691331,tb7,-0.005725803197852743,0.9004199668196157,0.0016308899024650267,0.08993529603461081
1777379673.975834,tb2,-0.22849359190145302,0.8999849675023663,0.0019212174790333727,0.25257759266303
1777379674.014836,tb1,0.20341917178247626,0.8990249077644576,0.01002572880484298,0.12355537034794196
1777379674.0148854,tb3,0.4170310684683193,0.7860316281243773,-0.12329475477532843,1.5
1777379674.0189943,tb7,-0.005725803197852743,0.9004199668196157,0.003460613775991395,0.2438767077299358
1777379674.025941,tb2,-0.228515536537254,0.899903898924905,0.0010402438531910533,0.04535540540368191
1777379674.0647345,tb1,0.20359477758646305,0.8982473130875569,0.009715499026007591,0.05011328904596839
1777379674.0648415,tb3,0.4204689428207848,0.788540100544329,-0.13769372846036546,1.4999999999999998
1777379674.0689974,tb7,-0.00575047228158866,0.9004507266761015,0.0009981985811371688,0.025803437995978763
1777379674.0757797,tb2,-0.228515536537254,0.899903898924905,0.0010402438531910533,0.04535540540368191
1777379674.1147802,tb1,0.20335926297430665,0.899154688994117,0.01584187513948846,0.4208669829076272
1777379674.1148837,tb3,0.41416147241422735,0.7845198472074671,-0.14556316598698346,1.4999999999999998
1777379674.1189966,tb7,-0.005749225483785005,0.9005087861057136,0.00069183539887706,-0.011378248069846485
1777379674.125913,tb2,-0.22851896235874225,0.8999379273934499,0.0015176469226580416,0.10937274557812765
1777379674.1647508,tb1,0.20343713187072401,0.8987250220599631,0.03634582331021909,1.3407778391803828
1777379674.1648986,tb3,0.39973820233507956,0.7758462604040125,-0.1457332027621777,1.5
1777379674.1690698,tb7,-0.005732311472096224,0.9005477427658289,0.005097019675672953,0.31162171136997585
1777379674.1757615,tb2,-0.22852219642872007,0.8999712584469218,0.003039236083065413,0.3038968360206058
1777379674.214671,tb1,0.20398226740323114,0.8962735978083327,0.04291533449858994,1.5
1777379674.21487,tb3,0.3971042763407234,0.7743023370342171,-0.15533271029517212,1.5
1777379674.2190497,tb7,-0.0057410393180141826,0.9006027518860691,0.004632596308080991,0.2699685048099723
1777379674.2259016,tb2,-0.22852577126831594,0.8999917169469327,0.002815392683321094,0.24229329283934337
1777379674.264727,tb1,0.20272298989415274,0.9023321817681209,0.028842342681142687,1.380024573674399
1777379674.2648478,tb3,0.39877442551392056,0.7751460442229178,-0.17045060282858598,1.5
1777379674.2691004,tb7,-0.005761960364694621,0.9007140283786704,0.0016177042892221464,0.03857219038025417
1777379674.2758343,tb2,-0.22853172536556388,0.899994823322151,0.0016655585382185894,0.06617174305931123
1777379674.3148005,tb1,0.20115749074426237,0.9097243150023402,0.020789576938199977,1.5
1777379674.3148756,tb3,0.38280937849503605,0.7680991733008694,-0.16558698601621888,1.5
1777379674.319006,tb7,-0.005778626093824836,0.9008025897883529,0.007308748721258296,0.37613247899412
1777379674.3258164,tb2,-0.22854038570049057,0.8999809763445902,0.0036590825947205603,0.21186527241160025
1777379674.3647256,tb1,0.20110137344681542,0.9098425431166911,0.02346425656222298,1.5
1777379674.364789,tb3,0.37156043848802817,0.7635340064924054,-0.16229565148276623,1.5
1777379674.369032,tb7,-0.005802459819398884,0.9009244419134873,0.009451623577465132,0.4673439298012977
1777379674.3758433,tb2,-0.22855107996757842,0.90005882721838,0.0050432243303827505,0.3171287563625252
1777379674.4146569,tb1,0.20210425541633723,0.9050301349995171,0.028432897802530974,1.5
1777379674.4147499,tb3,0.3725591716530496,0.7638853104118145,-0.17533987334613846,1.5
1777379674.4190917,tb7,-0.005852913349024343,0.9011594045731259,0.001229279103939126,-0.01648925009483122
1777379674.425836,tb2,-0.2285670186554981,0.9001579548942278,0.002914537865599207,0.1127554325883815
1777379674.4647362,tb1,0.20210425541633723,0.9050301349995171,0.028432897802530974,1.5
1777379674.4648273,tb3,0.3725591716530496,0.7638853104118145,-0.17533987334613846,1.5
1777379674.4689884,tb7,-0.005882403487939852,0.9012960147797364,0.004769447692318651,0.15890330652788132
1777379674.4758224,tb2,-0.22858241772587337,0.9002521650422896,0.0041239141938778125,0.18671469739821034
1777379674.5147674,tb1,0.20231812418374606,0.9041377613610077,0.029813255082835045,1.5
1777379674.514871,tb3,0.3611236295028676,0.7603764581320923,-0.16728288953411619,1.5
1777379674.5191534,tb7,-0.005882403487939852,0.9012960147797364,0.004769447692318651,0.15890330652788132
1777379674.5257287,tb2,-0.22858452140197694,0.9003373152041088,0.0070098016959395226,0.362618532642111
1777379674.5647726,tb1,0.2008377331160417,0.9112392646645538,0.026084854286596428,1.5000000000000002
1777379674.5647817,tb3,0.34651879698578847,0.7562769367237229,-0.1486405638147346,1.5
1777379674.568956,tb7,-0.00591564070525394,0.901445664679827,0.01215440153026108,0.5018458266533721
1777379674.5758677,tb2,-0.22858452140197694,0.9003373152041088,0.0070098016959395226,0.362618532642111
1777379674.6147819,tb1,0.1993176401982554,0.9182700334954675,0.021289548985596207,1.5
1777379674.614935,tb3,0.34698920986740717,0.7565373939494148,-0.16093254184173225,1.5
1777379674.619134,tb7,-0.005953344526925631,0.9016081900323996,0.010690518574058748,0.41307782128200804
1777379674.6258526,tb2,-0.22859473305586256,0.9004523039674123,0.00542552746469047,0.22301263076951006
1777379674.6647017,tb1,0.19783925441793976,0.9248540842669589,0.015934211972042586,1.5
1777379674.6648283,tb3,0.347486249343196,0.7570912744716746,-0.17414240115386226,1.5
1777379674.6690693,tb7,-0.006044522877513516,0.9019673531484658,0.0028391107252472665,0.036166152917863036
1777379674.6758173,tb2,-0.22863207901705465,0.9006402651885463,0.0026617111909975322,0.0365187783806944
1777379674.7148533,tb3,0.34790691338521224,0.7576295578342352,-0.18000000000000002,1.4435144208444164
1777379674.7148287,tb1,0.19725329320761176,0.9273341271266572,0.013642871233923229,1.5
1777379674.7189589,tb7,-0.006126579734059118,0.9022688177241481,-0.004301944998140539,-0.24486347000919034
1777379674.72582,tb2,-0.22866465266182454,0.9007998611181102,0.0006360715789305328,-0.07295886227424392
1777379674.7647758,tb1,0.19829968354727315,0.9224550919269597,0.018201112349953828,1.5
1777379674.7648685,tb3,0.3482505753175447,0.7581563112743557,-0.18,1.3587624720895035
1777379674.7690668,tb7,-0.006142355579592493,0.9023311037590638,-0.005114476338197492,-0.2683836803755833
1777379674.7758508,tb2,-0.22867607039207918,0.9008964116179856,-0.00024017097495262563,-0.10912026519687218
1777379674.814766,tb1,0.19909486983246907,0.9187677692308485,0.02160418062195644,1.5
1777379674.8148193,tb3,0.3483257188946637,0.7585577192900037,-0.18,1.2832441087847613
1777379674.8189008,tb7,-0.006109596179755182,0.902217180564908,-0.0007321937806698219,-0.08930253203118663
1777379674.8258176,tb2,-0.22857219146483596,0.9009381423895721,0.0002796878673342507,-0.07163262324274267
1777379674.8646872,tb1,0.19989238712565,0.9212530570692136,0.02242458161995038,1.5
1777379674.8648589,tb3,0.3415772041646968,0.75806563930151,-0.18,1.3534524579688356
1777379674.869121,tb7,-0.006091403084988337,0.9021532050227292,0.006136793733361989,0.207352109553267
1777379674.8758407,tb2,-0.22857975910307354,0.9009857993017988,0.002800841623193425,0.07802807288376182
1777379674.9147696,tb3,0.3395214210530721,0.7578299269096358,-0.18,1.363052519917602
1777379674.9147809,tb1,0.20025460226481012,0.9198021295946552,0.025929841001043896,1.5
1777379674.9191136,tb7,-0.006119468937440534,0.9022648848212784,0.005137916406308804,0.163408797771944
1777379674.9258437,tb2,-0.22859373566287633,0.9010613380346019,0.003065427993494751,0.09957165760626521
1777379674.965193,tb1,0.19996291473717837,0.9211173371822883,0.030407838649808346,1.5
1777379674.9658926,tb3,0.3354060932359925,0.7574616046837609,-0.18000000000000002,1.4847670662258925
1777379674.9693263,tb7,-0.006167616466034035,0.9024489425704221,0.004528373507663019,0.13123856348674584
1777379674.9761071,tb2,-0.22861357486809744,0.9011606169649798,0.003493057864028354,0.12106530833289941
1777379675.0147786,tb1,0.19996291473717837,0.9211173371822883,0.03180218387400935,1.5
1777379675.0148468,tb3,0.3354060932359925,0.7574616046837609,-0.18,1.4846969092966698
1777379675.0188704,tb7,-0.006211504716592326,0.9026126383334477,0.005397071430417716,0.16068966516795757
1777379675.0258124,tb2,-0.22868441370840817,0.9012295456599514,0.0038305377593039784,0.13033564014292162
1777379675.0647423,tb3,0.33150437249950554,0.7570832661229246,-0.16646340385570724,1.4999999999999998
1777379675.0647302,tb1,0.19916280540711565,0.9238675557517468,0.03493729085070081,1.5
1777379675.0689268,tb7,-0.006211504716592326,0.9026126383334477,0.005397071430417716,0.16068966516795757
1777379675.0756977,tb2,-0.22872350157951676,0.9013483810807961,0.004128455628421339,0.14008923563521783
1777379675.1148195,tb1,0.1981848151926161,0.9266698649741858,0.03153117704959234,1.5
1777379675.1148732,tb3,0.3276563312777242,0.7567021020732557,-0.15176169912854703,1.4999999999999998
1777379675.1190293,tb7,-0.00626383233315929,0.9028021134337164,0.0059115345083267795,0.1735956884234172
1777379675.1258368,tb2,-0.22872350157951676,0.9013483810807961,0.004128455628421339,0.14008923563521783
1777379675.1648595,tb3,0.3245306123688914,0.7563784276874942,-0.14003235609690806,1.5
1777379675.1649456,tb1,0.19702006404931535,0.9295097146574255,-0.006770515390278804,0.7411704641940703
1777379675.1690571,tb7,-0.006318667776237984,0.9029946216823721,0.006104713303931007,0.17345808774650837
1777379675.175878,tb2,-0.22875444187425992,0.9014894779720503,0.004154992099948424,0.13647734294463598
1777379675.2147403,tb1,0.19651981891357692,0.9307833026229885,-0.05803600166519603,-0.2975863353547325
1777379675.2148438,tb3,0.3222028406369147,0.7561378556973396,-0.13017796625324243,1.5000000000000002
1777379675.2189324,tb7,-0.006380660375293644,0.9032057459470312,0.0043018556323715365,0.10291676200921653
1777379675.2257981,tb2,-0.22878525804067212,0.9016250082380655,0.003595778461384386,0.10505655170712527
1777379675.2647812,tb3,0.3204860362328947,0.7559801773465196,-0.1176228549290579,1.5000000000000002
1777379675.2648003,tb1,0.19908254142039586,0.9267771432234364,-0.06830065575464533,-0.6572455549168685
1777379675.2690275,tb7,-0.0064412609829941755,0.9034067025190521,-0.002435912652334303,-0.12967559630450665
1777379675.2759645,tb2,-0.2288218888581424,0.9017357645687494,0.001335961265578948,-0.002616274091385301
1777379675.314647,tb1,0.19988060161492185,0.9255629853268802,-0.07799082080495996,-0.8539413321689606
1777379675.3147898,tb3,0.32004370173389607,0.7552442687366807,-0.11136191935838438,1.5
1777379675.3189647,tb7,-0.006465123695185289,0.9034868362848731,-0.0037697794688149903,-0.16998575449533385
1777379675.3257792,tb2,-0.22885025945253654,0.9018410301535942,-1.5556984839823528e-05,-0.06024466142890336
1777379675.3647985,tb3,0.318636863263038,0.7550294882648343,-0.09967205343894044,1.5
1777379675.364751,tb1,0.20118416190298036,0.9232292993808322,-0.013802468827728327,0.08893433305494748
1777379675.3689456,tb7,-0.006437684487015242,0.9034002139472169,-0.0006842174528453343,-0.05798768503609521
1777379675.3757446,tb2,-0.2288614618470379,0.9018918722054006,4.492471992761644e-05,-0.05055755006380325
1777379675.4147685,tb3,0.31750146517032574,0.7548418276568091,-0.08717293962277363,1.5
1777379675.4147491,tb1,0.20321783931557497,0.9195385147321496,0.05464424934969533,1.17294696489426
1777379675.4190044,tb7,-0.006423826046261574,0.9033565376417645,-0.00046762027022115987,-0.044906439428865075
1777379675.4258723,tb2,-0.2288652630010901,0.9019121643368748,4.341159608651471e-05,-0.04385094669333239
1777379675.464565,tb1,0.20536726732339097,0.9154584676012898,0.07979293080518028,1.5
1777379675.4646714,tb3,0.3161004312506768,0.7544281076750305,-0.07075041987563382,1.5
1777379675.468862,tb7,-0.006422029465077593,0.9033526515386351,-0.0014915818751667755,-0.07753343634477326
1777379675.4757957,tb2,-0.22881229696464064,0.9019285246676163,0.00016224438940839483,-0.03281551893820704
1777379675.5148776,tb3,0.3161004312506768,0.7544281076750305,-0.07075041987563382,1.5
1777379675.5148687,tb1,0.20536726732339097,0.9154584676012898,0.07979293080518028,1.5
1777379675.518973,tb7,-0.006411770358703405,0.9033195097621701,0.0006405014559323855,0.0037712900543686364
1777379675.5258355,tb2,-0.22880208583509964,0.901951768377847,0.0010773096002440472,0.0143733228806534
1777379675.5647945,tb1,0.205068814599326,0.9150953030521902,0.07764937342899186,1.5
1777379675.5649364,tb3,0.3150042900256231,0.7540731752555562,-0.05835513519946513,1.5
1777379675.5689745,tb7,-0.006411770358703405,0.9033195097621701,0.0015293735914805625,0.03609940238529684
1777379675.575715,tb2,-0.22881150828425462,0.9019944510795481,0.0014771797322306922,0.036042433884711574
1777379675.6148238,tb3,0.3140826456398869,0.7537550504529619,-0.04652247120446206,1.5000000000000002
1777379675.6148372,tb1,0.2046451328681694,0.9150366884723597,0.07525496942554355,1.5
1777379675.6190283,tb7,-0.006417859680148384,0.9033418634415094,0.0029062912497056963,0.08826450676598119
1777379675.6258395,tb2,-0.22881150828425462,0.9019944510795481,0.0014771797322306922,0.036042433884711574
1777379675.6647918,tb1,0.2034706646660544,0.9164242635548385,0.0707155278628361,1.4999999999999998
1777379675.6648543,tb3,0.31372489911914386,0.7536114784641947,-0.03778380508664398,1.5
1777379675.668947,tb7,-0.006435232799698223,0.9034026923598455,0.0038614129176796816,0.12261044306736371
1777379675.6758168,tb2,-0.22882292163625662,0.9020440999016665,0.0017148845787960582,0.047741714113918
1777379675.7146583,tb1,0.20224133904987893,0.9178732711658264,0.06573378355085922,1.5
1777379675.7147565,tb3,0.3139684597157865,0.7537045277749403,-0.03103808619668351,1.5
1777379675.7188957,tb7,-0.006466551233817577,0.9035097531670684,0.0031181203456043596,0.0925429541115062
1777379675.7258022,tb2,-0.2288495849128703,0.9020613822890998,0.0017625359233978078,0.047460111600307504
1777379675.7647464,tb1,0.2013717671915095,0.9185651188743775,0.061713412526005276,1.5000000000000002
1777379675.7648203,tb3,0.3146062484745196,0.7540055033292503,-0.024733606049073955,1.5
1777379675.7690158,tb7,-0.006504299520891264,0.9036361487909927,0.0009231321963970487,0.012128892665397208
1777379675.7757587,tb2,-0.22886621996028542,0.90212747767926,0.0013001717794736442,0.027748969643606847
1777379675.8148425,tb1,0.2008828658401703,0.9185751564115632,0.05895147280190727,1.5
1777379675.8148692,tb3,0.31552879533636113,0.75449990578084,-0.018412150677678738,1.5
1777379675.8190613,tb7,-0.0065305167968113765,0.9037231195703941,-0.000904225596274387,-0.05100142926384537
1777379675.8258517,tb2,-0.22888088542082877,0.9021894534859976,0.0005754865501912047,-0.003033153062235774
1777379675.864638,tb1,0.20042231207933903,0.9186644313571084,0.05627703676780543,1.5
1777379675.8648212,tb3,0.31671506072497985,0.7551991065205442,-0.01264996690751077,1.5
1777379675.8690107,tb7,-0.006534241524094083,0.9037366478306111,-0.0008705486737846464,-0.04748105426983178
1777379675.8758178,tb2,-0.22888912372205505,0.9022270066779251,4.367445972511296e-05,-0.024670367105275905
1777379675.9147089,tb1,0.20000331273728017,0.9188241142131596,0.05375112361228751,1.5
1777379675.9148147,tb3,0.3181333485379749,0.7561036874054868,-0.007328031962084671,1.5000000000000002
1777379675.9189513,tb7,-0.006527366304462558,0.9037154471938351,-0.00022349721913398577,-0.022049542868296412
1777379675.92578,tb2,-0.22887821581227577,0.9022298240569325,-0.00020102611884249225,-0.03434568007806757
1777379675.9646547,tb1,0.19942857825052307,0.9195107295141302,0.05136287245991787,1.5
1777379675.9647763,tb3,0.31815101786417327,0.7562312840284537,0.004140916815207587,1.5
1777379675.9688866,tb7,-0.006524252054628909,0.9037062939652513,0.0014195903652645862,0.03772960500901336
1777379675.9758122,tb2,-0.22888088615035398,0.9022433528629568,0.0003656412566735828,-0.0054493648786781415
1777379676.0146034,tb1,0.198351772913711,0.9213575393945492,0.048096411727895846,1.5
1777379676.0147154,tb3,0.3161733214880864,0.7550801248203327,0.025586578451422353,1.5
1777379676.018988,tb7,-0.0065342158592907405,0.9037400723274019,0.004211650916653849,0.13530678100730095
1777379676.0258992,tb2,-0.22888319845731894,0.9022546960191303,0.0018529968242651097,0.0631668350177162
